compass_id,horizon,source_path,source_file_sha256,payload_hash_pass,issued_at_utc,bound_main_sha,method_version,source_class,source_form,temporal_admission,original_publication_time,eligible_knowledge_time,predicted,action,outcome_path,outcome_status,scoring_contract,start_reference_at_utc,target_at_utc,target_observation_at_utc,matured_at_utc,btc_result,eth_result,btc_return_pct,eth_return_pct,action_proxy,hold_protective_mislabel,effective_window_hours,independent_event_family,economic_edge_status,endpoint_time_semantics,endpoint_return_replay,reference_due_at_utc,missing_outcome_class
CMP-20260916-bf5b03ce2d63,12h,04_MARKET_LEARNING/handlekompas/official/daily/2026/09/16/CMP-20260916-bf5b03ce2d63.json,6a9704356c5459cbffdf560cadd021635aade2cb4b1c0992767e3739d7741679,True,2026-09-16T20:37:24Z,5b691f66fe5608cd5f5bd8102d5e134003e5171d,,UNTESTABLE,FROZEN_OFFICIAL_ARTIFACT,PENDING_KNOWLEDGE_TIME,UNKNOWN,UNKNOWN,MIXED,HOLD,04_MARKET_LEARNING/handlekompas/official/outcomes/2026/09/16/CMP-20260916-bf5b03ce2d63_12h.json,MATURED_ARTIFACT,OFFICIAL_DAILY_COMPASS_SCORING_v1,,2026-09-17T08:37:24Z,2026-09-17T09:00:00Z,2026-09-17T15:09:22Z,ABSTAINED,ABSTAINED,0.9239255458867168,2.015250316843531,OPPORTUNITY_COST_OR_NEUTRAL,False,,NOT_ASSIGNED,NOT_ESTABLISHED,LEGACY_OPEN_TIMESTAMP_NOT_CLOSE,PASS,,
CMP-20260916-bf5b03ce2d63,72h,04_MARKET_LEARNING/handlekompas/official/daily/2026/09/16/CMP-20260916-bf5b03ce2d63.json,6a9704356c5459cbffdf560cadd021635aade2cb4b1c0992767e3739d7741679,True,2026-09-16T20:37:24Z,5b691f66fe5608cd5f5bd8102d5e134003e5171d,,UNTESTABLE,FROZEN_OFFICIAL_ARTIFACT,PENDING_KNOWLEDGE_TIME,UNKNOWN,UNKNOWN,MIXED,WAIT,04_MARKET_LEARNING/handlekompas/official/outcomes/2026/09/16/CMP-20260916-bf5b03ce2d63_72h.json,MATURED_ARTIFACT,OFFICIAL_DAILY_COMPASS_SCORING_v1,,2026-09-19T20:37:24Z,2026-09-19T19:00:00Z,2026-09-19T20:53:47Z,ABSTAINED,ABSTAINED,7.372504570200533,10.210517950283805,OPPORTUNITY_COST_OR_NEUTRAL,False,,NOT_ASSIGNED,NOT_ESTABLISHED,LEGACY_OPEN_TIMESTAMP_NOT_CLOSE,PASS,,
CMP-20260916-bf5b03ce2d63,168h,04_MARKET_LEARNING/handlekompas/official/daily/2026/09/16/CMP-20260916-bf5b03ce2d63.json,6a9704356c5459cbffdf560cadd021635aade2cb4b1c0992767e3739d7741679,True,2026-09-16T20:37:24Z,5b691f66fe5608cd5f5bd8102d5e134003e5171d,,UNTESTABLE,FROZEN_OFFICIAL_ARTIFACT,PENDING_KNOWLEDGE_TIME,UNKNOWN,UNKNOWN,SIDEWAYS,WAIT,04_MARKET_LEARNING/handlekompas/official/outcomes/2026/09/16/CMP-20260916-bf5b03ce2d63_168h.json,MATURED_ARTIFACT,OFFICIAL_DAILY_COMPASS_SCORING_v1,,2026-09-23T20:37:24Z,2026-09-23T21:00:00Z,2026-09-23T23:50:13Z,INCORRECT,INCORRECT,11.418367725376456,11.989861007123226,OPPORTUNITY_COST_OR_NEUTRAL,False,,NOT_ASSIGNED,NOT_ESTABLISHED,LEGACY_OPEN_TIMESTAMP_NOT_CLOSE,PASS,,
CMP-20260917-dc9481d7feca,12h,04_MARKET_LEARNING/handlekompas/official/daily/2026/09/17/CMP-20260917-dc9481d7feca.json,e701308ff987d6ca42d36982a708bb877e911ae12669ff729123b56be5913eb6,True,2026-09-17T21:27:44Z,b44de04dd46f8592f16304c681c0da741cc3ab68,,UNTESTABLE,FROZEN_OFFICIAL_ARTIFACT,PENDING_KNOWLEDGE_TIME,UNKNOWN,UNKNOWN,UNAVAILABLE,NO_EDGE,04_MARKET_LEARNING/handlekompas/official/outcomes/2026/09/17/CMP-20260917-dc9481d7feca_12h.json,MATURED_ARTIFACT,OFFICIAL_DAILY_COMPASS_SCORING_v1,,2026-09-18T09:27:44Z,2026-09-18T08:00:00Z,2026-09-18T11:36:04Z,ABSTAINED,ABSTAINED,2.190954619036134,2.3050695195900417,ABSTAINED,False,,NOT_ASSIGNED,NOT_ESTABLISHED,LEGACY_OPEN_TIMESTAMP_NOT_CLOSE,PASS,,
CMP-20260917-dc9481d7feca,72h,04_MARKET_LEARNING/handlekompas/official/daily/2026/09/17/CMP-20260917-dc9481d7feca.json,e701308ff987d6ca42d36982a708bb877e911ae12669ff729123b56be5913eb6,True,2026-09-17T21:27:44Z,b44de04dd46f8592f16304c681c0da741cc3ab68,,UNTESTABLE,FROZEN_OFFICIAL_ARTIFACT,PENDING_KNOWLEDGE_TIME,UNKNOWN,UNKNOWN,UNAVAILABLE,NO_EDGE,04_MARKET_LEARNING/handlekompas/official/outcomes/2026/09/17/CMP-20260917-dc9481d7feca_72h.json,MATURED_ARTIFACT,OFFICIAL_DAILY_COMPASS_SCORING_v1,,2026-09-20T21:27:44Z,2026-09-20T20:00:00Z,2026-09-20T22:35:35Z,ABSTAINED,ABSTAINED,5.872312991577289,7.57671655199168,ABSTAINED,False,,NOT_ASSIGNED,NOT_ESTABLISHED,LEGACY_OPEN_TIMESTAMP_NOT_CLOSE,PASS,,
CMP-20260917-dc9481d7feca,168h,04_MARKET_LEARNING/handlekompas/official/daily/2026/09/17/CMP-20260917-dc9481d7feca.json,e701308ff987d6ca42d36982a708bb877e911ae12669ff729123b56be5913eb6,True,2026-09-17T21:27:44Z,b44de04dd46f8592f16304c681c0da741cc3ab68,,UNTESTABLE,FROZEN_OFFICIAL_ARTIFACT,PENDING_KNOWLEDGE_TIME,UNKNOWN,UNKNOWN,UNAVAILABLE,NO_EDGE,04_MARKET_LEARNING/handlekompas/official/outcomes/2026/09/17/CMP-20260917-dc9481d7feca_168h.json,MATURED_ARTIFACT,OFFICIAL_DAILY_COMPASS_SCORING_v1,,2026-09-24T21:27:44Z,2026-09-24T21:00:00Z,2026-09-24T22:37:42Z,ABSTAINED,ABSTAINED,10.126105161487175,9.709058984462725,ABSTAINED,False,,NOT_ASSIGNED,NOT_ESTABLISHED,LEGACY_OPEN_TIMESTAMP_NOT_CLOSE,PASS,,
CMP-20260918-2fe6b1861868,12h,04_MARKET_LEARNING/handlekompas/official/daily/2026/09/18/CMP-20260918-2fe6b1861868.json,cb1961d9778d288b4de66d9515385e20890651dde0d944f019930eb8a2371831,True,2026-09-18T05:27:16Z,f2dda5bf456f53dcfa6fc27bb11cab27aaec0d86,,UNTESTABLE,FROZEN_OFFICIAL_ARTIFACT,PENDING_KNOWLEDGE_TIME,UNKNOWN,UNKNOWN,UNAVAILABLE,NO_EDGE,04_MARKET_LEARNING/handlekompas/official/outcomes/2026/09/18/CMP-20260918-2fe6b1861868_12h.json,MATURED_ARTIFACT,OFFICIAL_DAILY_COMPASS_SCORING_v1,,2026-09-18T17:27:16Z,2026-09-18T17:00:00Z,2026-09-18T19:50:58Z,ABSTAINED,ABSTAINED,4.698070531083709,5.162456038460306,ABSTAINED,False,,NOT_ASSIGNED,NOT_ESTABLISHED,LEGACY_OPEN_TIMESTAMP_NOT_CLOSE,PASS,,
CMP-20260918-2fe6b1861868,72h,04_MARKET_LEARNING/handlekompas/official/daily/2026/09/18/CMP-20260918-2fe6b1861868.json,cb1961d9778d288b4de66d9515385e20890651dde0d944f019930eb8a2371831,True,2026-09-18T05:27:16Z,f2dda5bf456f53dcfa6fc27bb11cab27aaec0d86,,UNTESTABLE,FROZEN_OFFICIAL_ARTIFACT,PENDING_KNOWLEDGE_TIME,UNKNOWN,UNKNOWN,UNAVAILABLE,NO_EDGE,04_MARKET_LEARNING/handlekompas/official/outcomes/2026/09/18/CMP-20260918-2fe6b1861868_72h.json,MATURED_ARTIFACT,OFFICIAL_DAILY_COMPASS_SCORING_v1,,2026-09-21T05:27:16Z,2026-09-21T05:00:00Z,2026-09-21T06:44:37Z,ABSTAINED,ABSTAINED,5.3842635901439895,7.500483980253603,ABSTAINED,False,,NOT_ASSIGNED,NOT_ESTABLISHED,LEGACY_OPEN_TIMESTAMP_NOT_CLOSE,PASS,,
CMP-20260918-2fe6b1861868,168h,04_MARKET_LEARNING/handlekompas/official/daily/2026/09/18/CMP-20260918-2fe6b1861868.json,cb1961d9778d288b4de66d9515385e20890651dde0d944f019930eb8a2371831,True,2026-09-18T05:27:16Z,f2dda5bf456f53dcfa6fc27bb11cab27aaec0d86,,UNTESTABLE,FROZEN_OFFICIAL_ARTIFACT,PENDING_KNOWLEDGE_TIME,UNKNOWN,UNKNOWN,UNAVAILABLE,NO_EDGE,04_MARKET_LEARNING/handlekompas/official/outcomes/2026/09/18/CMP-20260918-2fe6b1861868_168h.json,MATURED_ARTIFACT,OFFICIAL_DAILY_COMPASS_SCORING_v1,,2026-09-25T05:27:16Z,2026-09-25T05:00:00Z,2026-09-25T07:18:16Z,ABSTAINED,ABSTAINED,8.801026885974483,8.08650340399446,ABSTAINED,False,,NOT_ASSIGNED,NOT_ESTABLISHED,LEGACY_OPEN_TIMESTAMP_NOT_CLOSE,PASS,,
CMP-20260918-a84555b2c188,12h,04_MARKET_LEARNING/handlekompas/official/daily/2026/09/18/CMP-20260918-a84555b2c188.json,8bdff089b8fa25cbafb14f25104604196e80e7f66cb7b079c2277ab0316e8f22,True,2026-09-18T17:58:37Z,daa44f4418e2fb77fc03157b5e4147b384846e9c,,UNTESTABLE,FROZEN_OFFICIAL_ARTIFACT,PENDING_KNOWLEDGE_TIME,UNKNOWN,UNKNOWN,UNAVAILABLE,NO_EDGE,04_MARKET_LEARNING/handlekompas/official/outcomes/2026/09/18/CMP-20260918-a84555b2c188_12h.json,MATURED_ARTIFACT,OFFICIAL_DAILY_COMPASS_SCORING_v1,,2026-09-19T05:58:37Z,2026-09-19T04:00:00Z,2026-09-19T06:15:32Z,ABSTAINED,ABSTAINED,1.1875525223267847,2.545574114450999,ABSTAINED,False,,NOT_ASSIGNED,NOT_ESTABLISHED,LEGACY_OPEN_TIMESTAMP_NOT_CLOSE,PASS,,
CMP-20260918-a84555b2c188,72h,04_MARKET_LEARNING/handlekompas/official/daily/2026/09/18/CMP-20260918-a84555b2c188.json,8bdff089b8fa25cbafb14f25104604196e80e7f66cb7b079c2277ab0316e8f22,True,2026-09-18T17:58:37Z,daa44f4418e2fb77fc03157b5e4147b384846e9c,,UNTESTABLE,FROZEN_OFFICIAL_ARTIFACT,PENDING_KNOWLEDGE_TIME,UNKNOWN,UNKNOWN,UNAVAILABLE,NO_EDGE,04_MARKET_LEARNING/handlekompas/official/outcomes/2026/09/18/CMP-20260918-a84555b2c188_72h.json,MATURED_ARTIFACT,OFFICIAL_DAILY_COMPASS_SCORING_v1,,2026-09-21T17:58:37Z,2026-09-21T18:00:00Z,2026-09-21T19:40:02Z,ABSTAINED,ABSTAINED,7.466503415816739,7.968668652603306,ABSTAINED,False,,NOT_ASSIGNED,NOT_ESTABLISHED,LEGACY_OPEN_TIMESTAMP_NOT_CLOSE,PASS,,
CMP-20260918-a84555b2c188,168h,04_MARKET_LEARNING/handlekompas/official/daily/2026/09/18/CMP-20260918-a84555b2c188.json,8bdff089b8fa25cbafb14f25104604196e80e7f66cb7b079c2277ab0316e8f22,True,2026-09-18T17:58:37Z,daa44f4418e2fb77fc03157b5e4147b384846e9c,,UNTESTABLE,FROZEN_OFFICIAL_ARTIFACT,PENDING_KNOWLEDGE_TIME,UNKNOWN,UNKNOWN,UNAVAILABLE,NO_EDGE,04_MARKET_LEARNING/handlekompas/official/outcomes/2026/09/18/CMP-20260918-a84555b2c188_168h.json,MATURED_ARTIFACT,OFFICIAL_DAILY_COMPASS_SCORING_v1,,2026-09-25T17:58:37Z,2026-09-25T17:00:00Z,2026-09-25T18:47:37Z,ABSTAINED,ABSTAINED,4.635789626702302,5.13890465546869,ABSTAINED,False,,NOT_ASSIGNED,NOT_ESTABLISHED,LEGACY_OPEN_TIMESTAMP_NOT_CLOSE,PASS,,
CMP-20260918-c68d3d831578,12h,04_MARKET_LEARNING/handlekompas/official/daily/2026/09/18/CMP-20260918-c68d3d831578.json,35e18b2f987a06c12c091347768509a781899e3ae96d27dbaec3b6e0a73d6d2b,True,2026-09-18T18:04:53Z,a3f85d6ed54131e33663ad9133f4b77dc8eb0cba,,UNTESTABLE,FROZEN_OFFICIAL_ARTIFACT,PENDING_KNOWLEDGE_TIME,UNKNOWN,UNKNOWN,UP,PREPARE,04_MARKET_LEARNING/handlekompas/official/outcomes/2026/09/18/CMP-20260918-c68d3d831578_12h.json,MATURED_ARTIFACT,OFFICIAL_DAILY_COMPASS_SCORING_v1,,2026-09-19T06:04:53Z,2026-09-19T07:00:00Z,2026-09-19T11:19:00Z,CORRECT,CORRECT,0.10017403325146557,0.7482434878654853,FAVORED,False,,NOT_ASSIGNED,NOT_ESTABLISHED,LEGACY_OPEN_TIMESTAMP_NOT_CLOSE,PASS,,
CMP-20260918-c68d3d831578,72h,04_MARKET_LEARNING/handlekompas/official/daily/2026/09/18/CMP-20260918-c68d3d831578.json,35e18b2f987a06c12c091347768509a781899e3ae96d27dbaec3b6e0a73d6d2b,True,2026-09-18T18:04:53Z,a3f85d6ed54131e33663ad9133f4b77dc8eb0cba,,UNTESTABLE,FROZEN_OFFICIAL_ARTIFACT,PENDING_KNOWLEDGE_TIME,UNKNOWN,UNKNOWN,UP,PREPARE,04_MARKET_LEARNING/handlekompas/official/outcomes/2026/09/18/CMP-20260918-c68d3d831578_72h.json,MATURED_ARTIFACT,OFFICIAL_DAILY_COMPASS_SCORING_v1,,2026-09-21T18:04:53Z,2026-09-21T18:00:00Z,2026-09-21T19:40:02Z,CORRECT,CORRECT,6.211814512645186,5.781916362409101,FAVORED,False,,NOT_ASSIGNED,NOT_ESTABLISHED,LEGACY_OPEN_TIMESTAMP_NOT_CLOSE,PASS,,
CMP-20260918-c68d3d831578,168h,04_MARKET_LEARNING/handlekompas/official/daily/2026/09/18/CMP-20260918-c68d3d831578.json,35e18b2f987a06c12c091347768509a781899e3ae96d27dbaec3b6e0a73d6d2b,True,2026-09-18T18:04:53Z,a3f85d6ed54131e33663ad9133f4b77dc8eb0cba,,UNTESTABLE,FROZEN_OFFICIAL_ARTIFACT,PENDING_KNOWLEDGE_TIME,UNKNOWN,UNKNOWN,SIDEWAYS,PREPARE,04_MARKET_LEARNING/handlekompas/official/outcomes/2026/09/18/CMP-20260918-c68d3d831578_168h.json,MATURED_ARTIFACT,OFFICIAL_DAILY_COMPASS_SCORING_v1,,2026-09-25T18:04:53Z,2026-09-25T17:00:00Z,2026-09-25T18:47:37Z,CORRECT,CORRECT,3.414149767338537,3.009465222593799,FAVORED,False,,NOT_ASSIGNED,NOT_ESTABLISHED,LEGACY_OPEN_TIMESTAMP_NOT_CLOSE,PASS,,
CMP-20260918-c8910696085a,12h,04_MARKET_LEARNING/handlekompas/official/daily/2026/09/18/CMP-20260918-c8910696085a.json,cc8ebcc17374c52837ceb16440ea779427bd74b9929d1d23e964dc2ce6bd1fa4,True,2026-09-18T17:55:03Z,123701f733e9d2f071a90cf4538cf2fd0edca1db,,UNTESTABLE,FROZEN_OFFICIAL_ARTIFACT,PENDING_KNOWLEDGE_TIME,UNKNOWN,UNKNOWN,UNAVAILABLE,NO_EDGE,04_MARKET_LEARNING/handlekompas/official/outcomes/2026/09/18/CMP-20260918-c8910696085a_12h.json,MATURED_ARTIFACT,OFFICIAL_DAILY_COMPASS_SCORING_v1,,2026-09-19T05:55:03Z,2026-09-19T04:00:00Z,2026-09-19T06:15:32Z,ABSTAINED,ABSTAINED,1.1875525223267847,2.545574114450999,ABSTAINED,False,,NOT_ASSIGNED,NOT_ESTABLISHED,LEGACY_OPEN_TIMESTAMP_NOT_CLOSE,PASS,,
CMP-20260918-c8910696085a,72h,04_MARKET_LEARNING/handlekompas/official/daily/2026/09/18/CMP-20260918-c8910696085a.json,cc8ebcc17374c52837ceb16440ea779427bd74b9929d1d23e964dc2ce6bd1fa4,True,2026-09-18T17:55:03Z,123701f733e9d2f071a90cf4538cf2fd0edca1db,,UNTESTABLE,FROZEN_OFFICIAL_ARTIFACT,PENDING_KNOWLEDGE_TIME,UNKNOWN,UNKNOWN,UNAVAILABLE,NO_EDGE,04_MARKET_LEARNING/handlekompas/official/outcomes/2026/09/18/CMP-20260918-c8910696085a_72h.json,MATURED_ARTIFACT,OFFICIAL_DAILY_COMPASS_SCORING_v1,,2026-09-21T17:55:03Z,2026-09-21T18:00:00Z,2026-09-21T19:40:02Z,ABSTAINED,ABSTAINED,7.466503415816739,7.968668652603306,ABSTAINED,False,,NOT_ASSIGNED,NOT_ESTABLISHED,LEGACY_OPEN_TIMESTAMP_NOT_CLOSE,PASS,,
CMP-20260918-c8910696085a,168h,04_MARKET_LEARNING/handlekompas/official/daily/2026/09/18/CMP-20260918-c8910696085a.json,cc8ebcc17374c52837ceb16440ea779427bd74b9929d1d23e964dc2ce6bd1fa4,True,2026-09-18T17:55:03Z,123701f733e9d2f071a90cf4538cf2fd0edca1db,,UNTESTABLE,FROZEN_OFFICIAL_ARTIFACT,PENDING_KNOWLEDGE_TIME,UNKNOWN,UNKNOWN,UNAVAILABLE,NO_EDGE,04_MARKET_LEARNING/handlekompas/official/outcomes/2026/09/18/CMP-20260918-c8910696085a_168h.json,MATURED_ARTIFACT,OFFICIAL_DAILY_COMPASS_SCORING_v1,,2026-09-25T17:55:03Z,2026-09-25T17:00:00Z,2026-09-25T18:47:37Z,ABSTAINED,ABSTAINED,4.635789626702302,5.13890465546869,ABSTAINED,False,,NOT_ASSIGNED,NOT_ESTABLISHED,LEGACY_OPEN_TIMESTAMP_NOT_CLOSE,PASS,,
CMP-20260918-d10bd76c6149,12h,04_MARKET_LEARNING/handlekompas/official/daily/2026/09/18/CMP-20260918-d10bd76c6149.json,31fe913ecea20a3d8265de56eef07e6ca35a140049fa9a8d9f5cc89b14902ac9,True,2026-09-18T07:56:57Z,c6cfdc97632723988c600f9eca2db7335eab1935,,UNTESTABLE,FROZEN_OFFICIAL_ARTIFACT,PENDING_KNOWLEDGE_TIME,UNKNOWN,UNKNOWN,UNAVAILABLE,NO_EDGE,04_MARKET_LEARNING/handlekompas/official/outcomes/2026/09/18/CMP-20260918-d10bd76c6149_12h.json,MATURED_ARTIFACT,OFFICIAL_DAILY_COMPASS_SCORING_v1,,2026-09-18T19:56:57Z,2026-09-18T20:00:00Z,2026-09-18T22:43:42Z,ABSTAINED,ABSTAINED,4.8156796277034175,6.15098570644983,ABSTAINED,False,,NOT_ASSIGNED,NOT_ESTABLISHED,LEGACY_OPEN_TIMESTAMP_NOT_CLOSE,PASS,,
CMP-20260918-d10bd76c6149,72h,04_MARKET_LEARNING/handlekompas/official/daily/2026/09/18/CMP-20260918-d10bd76c6149.json,31fe913ecea20a3d8265de56eef07e6ca35a140049fa9a8d9f5cc89b14902ac9,True,2026-09-18T07:56:57Z,c6cfdc97632723988c600f9eca2db7335eab1935,,UNTESTABLE,FROZEN_OFFICIAL_ARTIFACT,PENDING_KNOWLEDGE_TIME,UNKNOWN,UNKNOWN,UNAVAILABLE,NO_EDGE,04_MARKET_LEARNING/handlekompas/official/outcomes/2026/09/18/CMP-20260918-d10bd76c6149_72h.json,MATURED_ARTIFACT,OFFICIAL_DAILY_COMPASS_SCORING_v1,,2026-09-21T07:56:57Z,2026-09-21T08:00:00Z,2026-09-21T14:25:36Z,ABSTAINED,ABSTAINED,8.240170672108649,8.745523182654157,ABSTAINED,False,,NOT_ASSIGNED,NOT_ESTABLISHED,LEGACY_OPEN_TIMESTAMP_NOT_CLOSE,PASS,,
CMP-20260918-d10bd76c6149,168h,04_MARKET_LEARNING/handlekompas/official/daily/2026/09/18/CMP-20260918-d10bd76c6149.json,31fe913ecea20a3d8265de56eef07e6ca35a140049fa9a8d9f5cc89b14902ac9,True,2026-09-18T07:56:57Z,c6cfdc97632723988c600f9eca2db7335eab1935,,UNTESTABLE,FROZEN_OFFICIAL_ARTIFACT,PENDING_KNOWLEDGE_TIME,UNKNOWN,UNKNOWN,UNAVAILABLE,NO_EDGE,04_MARKET_LEARNING/handlekompas/official/outcomes/2026/09/18/CMP-20260918-d10bd76c6149_168h.json,MATURED_ARTIFACT,OFFICIAL_DAILY_COMPASS_SCORING_v1,,2026-09-25T07:56:57Z,2026-09-25T06:00:00Z,2026-09-25T08:03:36Z,ABSTAINED,ABSTAINED,8.596835990942253,7.867905656115903,ABSTAINED,False,,NOT_ASSIGNED,NOT_ESTABLISHED,LEGACY_OPEN_TIMESTAMP_NOT_CLOSE,PASS,,
CMP-20260918-deeaf5fd87c6,12h,04_MARKET_LEARNING/handlekompas/official/daily/2026/09/18/CMP-20260918-deeaf5fd87c6.json,418d140c6a40a8f07dc75af36849225bef3f76caaf1266b78a1b5becb54f7c83,True,2026-09-18T08:03:40Z,c44ecba602e8fc32da1d12c14f766f9ede48f28c,,UNTESTABLE,FROZEN_OFFICIAL_ARTIFACT,PENDING_KNOWLEDGE_TIME,UNKNOWN,UNKNOWN,UP,PREPARE,04_MARKET_LEARNING/handlekompas/official/outcomes/2026/09/18/CMP-20260918-deeaf5fd87c6_12h.json,MATURED_ARTIFACT,OFFICIAL_DAILY_COMPASS_SCORING_v1,,2026-09-18T20:03:40Z,2026-09-18T20:00:00Z,2026-09-18T22:43:42Z,CORRECT,CORRECT,4.517821246327491,5.80575912652308,FAVORED,False,,NOT_ASSIGNED,NOT_ESTABLISHED,LEGACY_OPEN_TIMESTAMP_NOT_CLOSE,PASS,,
CMP-20260918-deeaf5fd87c6,72h,04_MARKET_LEARNING/handlekompas/official/daily/2026/09/18/CMP-20260918-deeaf5fd87c6.json,418d140c6a40a8f07dc75af36849225bef3f76caaf1266b78a1b5becb54f7c83,True,2026-09-18T08:03:40Z,c44ecba602e8fc32da1d12c14f766f9ede48f28c,,UNTESTABLE,FROZEN_OFFICIAL_ARTIFACT,PENDING_KNOWLEDGE_TIME,UNKNOWN,UNKNOWN,UP,PREPARE,04_MARKET_LEARNING/handlekompas/official/outcomes/2026/09/18/CMP-20260918-deeaf5fd87c6_72h.json,MATURED_ARTIFACT,OFFICIAL_DAILY_COMPASS_SCORING_v1,,2026-09-21T08:03:40Z,2026-09-21T09:00:00Z,2026-09-21T14:25:36Z,CORRECT,CORRECT,9.084209576825941,9.376369330219125,FAVORED,False,,NOT_ASSIGNED,NOT_ESTABLISHED,LEGACY_OPEN_TIMESTAMP_NOT_CLOSE,PASS,,
CMP-20260918-deeaf5fd87c6,168h,04_MARKET_LEARNING/handlekompas/official/daily/2026/09/18/CMP-20260918-deeaf5fd87c6.json,418d140c6a40a8f07dc75af36849225bef3f76caaf1266b78a1b5becb54f7c83,True,2026-09-18T08:03:40Z,c44ecba602e8fc32da1d12c14f766f9ede48f28c,,UNTESTABLE,FROZEN_OFFICIAL_ARTIFACT,PENDING_KNOWLEDGE_TIME,UNKNOWN,UNKNOWN,SIDEWAYS,PREPARE,04_MARKET_LEARNING/handlekompas/official/outcomes/2026/09/18/CMP-20260918-deeaf5fd87c6_168h.json,MATURED_ARTIFACT,OFFICIAL_DAILY_COMPASS_SCORING_v1,,2026-09-25T08:03:40Z,2026-09-25T09:00:00Z,2026-09-25T14:02:44Z,INCORRECT,INCORRECT,8.976354311633417,8.731150981093672,FAVORED,False,,NOT_ASSIGNED,NOT_ESTABLISHED,LEGACY_OPEN_TIMESTAMP_NOT_CLOSE,PASS,,
CMP-20260918-f2aa857511ff,12h,04_MARKET_LEARNING/handlekompas/official/daily/2026/09/18/CMP-20260918-f2aa857511ff.json,b96f9d66e02a966a05142c0de60a79ea7c20614a457c7fb2e39e76aac347b863,True,2026-09-18T20:57:39Z,af91e37a1379796abf958715927278ea1db958e5,,UNTESTABLE,FROZEN_OFFICIAL_ARTIFACT,PENDING_KNOWLEDGE_TIME,UNKNOWN,UNKNOWN,UP,PREPARE,04_MARKET_LEARNING/handlekompas/official/outcomes/2026/09/18/CMP-20260918-f2aa857511ff_12h.json,MATURED_ARTIFACT,OFFICIAL_DAILY_COMPASS_SCORING_v1,,2026-09-19T08:57:39Z,2026-09-19T09:00:00Z,2026-09-19T11:19:00Z,CORRECT,CORRECT,0.378639578370521,1.2824839689503875,FAVORED,False,,NOT_ASSIGNED,NOT_ESTABLISHED,LEGACY_OPEN_TIMESTAMP_NOT_CLOSE,PASS,,
CMP-20260918-f2aa857511ff,72h,04_MARKET_LEARNING/handlekompas/official/daily/2026/09/18/CMP-20260918-f2aa857511ff.json,b96f9d66e02a966a05142c0de60a79ea7c20614a457c7fb2e39e76aac347b863,True,2026-09-18T20:57:39Z,af91e37a1379796abf958715927278ea1db958e5,,UNTESTABLE,FROZEN_OFFICIAL_ARTIFACT,PENDING_KNOWLEDGE_TIME,UNKNOWN,UNKNOWN,UP,PREPARE,04_MARKET_LEARNING/handlekompas/official/outcomes/2026/09/18/CMP-20260918-f2aa857511ff_72h.json,MATURED_ARTIFACT,OFFICIAL_DAILY_COMPASS_SCORING_v1,,2026-09-21T20:57:39Z,2026-09-21T21:00:00Z,2026-09-21T23:27:40Z,CORRECT,CORRECT,6.874054234191962,6.184993710305897,FAVORED,False,,NOT_ASSIGNED,NOT_ESTABLISHED,LEGACY_OPEN_TIMESTAMP_NOT_CLOSE,PASS,,
CMP-20260918-f2aa857511ff,168h,04_MARKET_LEARNING/handlekompas/official/daily/2026/09/18/CMP-20260918-f2aa857511ff.json,b96f9d66e02a966a05142c0de60a79ea7c20614a457c7fb2e39e76aac347b863,True,2026-09-18T20:57:39Z,af91e37a1379796abf958715927278ea1db958e5,,UNTESTABLE,FROZEN_OFFICIAL_ARTIFACT,PENDING_KNOWLEDGE_TIME,UNKNOWN,UNKNOWN,SIDEWAYS,PREPARE,04_MARKET_LEARNING/handlekompas/official/outcomes/2026/09/18/CMP-20260918-f2aa857511ff_168h.json,MATURED_ARTIFACT,OFFICIAL_DAILY_COMPASS_SCORING_v1,,2026-09-25T20:57:39Z,2026-09-25T21:00:00Z,2026-09-25T22:37:22Z,CORRECT,CORRECT,3.422653945370846,2.8395667781425438,FAVORED,False,,NOT_ASSIGNED,NOT_ESTABLISHED,LEGACY_OPEN_TIMESTAMP_NOT_CLOSE,PASS,,
CMP-20260919-058942212c37,12h,04_MARKET_LEARNING/handlekompas/official/daily/2026/09/19/CMP-20260919-058942212c37.json,6aaa24cb8fa647a56d57989e528d327c4d5104fbef2a3d631f713e31a41a4489,True,2026-09-19T05:12:24Z,edd3f330d34a871ba062de1924bbdac8308743f3,,UNTESTABLE,FROZEN_OFFICIAL_ARTIFACT,PENDING_KNOWLEDGE_TIME,UNKNOWN,UNKNOWN,UNAVAILABLE,NO_EDGE,04_MARKET_LEARNING/handlekompas/official/outcomes/2026/09/19/CMP-20260919-058942212c37_12h.json,MATURED_ARTIFACT,OFFICIAL_DAILY_COMPASS_SCORING_v1,,2026-09-19T17:12:24Z,2026-09-19T18:00:00Z,2026-09-19T20:53:47Z,ABSTAINED,ABSTAINED,0.6728164713187157,1.0244473879654326,ABSTAINED,False,,NOT_ASSIGNED,NOT_ESTABLISHED,LEGACY_OPEN_TIMESTAMP_NOT_CLOSE,PASS,,
CMP-20260919-058942212c37,72h,04_MARKET_LEARNING/handlekompas/official/daily/2026/09/19/CMP-20260919-058942212c37.json,6aaa24cb8fa647a56d57989e528d327c4d5104fbef2a3d631f713e31a41a4489,True,2026-09-19T05:12:24Z,edd3f330d34a871ba062de1924bbdac8308743f3,,UNTESTABLE,FROZEN_OFFICIAL_ARTIFACT,PENDING_KNOWLEDGE_TIME,UNKNOWN,UNKNOWN,UNAVAILABLE,NO_EDGE,04_MARKET_LEARNING/handlekompas/official/outcomes/2026/09/19/CMP-20260919-058942212c37_72h.json,MATURED_ARTIFACT,OFFICIAL_DAILY_COMPASS_SCORING_v1,,2026-09-22T05:12:24Z,2026-09-22T06:00:00Z,2026-09-22T10:10:32Z,ABSTAINED,ABSTAINED,5.563705099669436,4.53995574509789,ABSTAINED,False,,NOT_ASSIGNED,NOT_ESTABLISHED,LEGACY_OPEN_TIMESTAMP_NOT_CLOSE,PASS,,
CMP-20260919-058942212c37,168h,04_MARKET_LEARNING/handlekompas/official/daily/2026/09/19/CMP-20260919-058942212c37.json,6aaa24cb8fa647a56d57989e528d327c4d5104fbef2a3d631f713e31a41a4489,True,2026-09-19T05:12:24Z,edd3f330d34a871ba062de1924bbdac8308743f3,,UNTESTABLE,FROZEN_OFFICIAL_ARTIFACT,PENDING_KNOWLEDGE_TIME,UNKNOWN,UNKNOWN,UNAVAILABLE,NO_EDGE,04_MARKET_LEARNING/handlekompas/official/outcomes/2026/09/19/CMP-20260919-058942212c37_168h.json,MATURED_ARTIFACT,OFFICIAL_DAILY_COMPASS_SCORING_v1,,2026-09-26T05:12:24Z,2026-09-26T06:00:00Z,2026-09-26T07:55:05Z,ABSTAINED,ABSTAINED,3.7181084436241907,2.815699005413186,ABSTAINED,False,,NOT_ASSIGNED,NOT_ESTABLISHED,LEGACY_OPEN_TIMESTAMP_NOT_CLOSE,PASS,,
CMP-20260919-1dfd203a6129,12h,04_MARKET_LEARNING/handlekompas/official/daily/2026/09/19/CMP-20260919-1dfd203a6129.json,8d2ea19cddd8f490c7dfa87cc51fe5eb0d633daf1d41c80c837b096cbd2f1116,True,2026-09-19T20:46:14Z,b64a690a5cdd59d9d3aaa8068fdb4160bcbaad5e,,UNTESTABLE,FROZEN_OFFICIAL_ARTIFACT,PENDING_KNOWLEDGE_TIME,UNKNOWN,UNKNOWN,MIXED,PREPARE,04_MARKET_LEARNING/handlekompas/official/outcomes/2026/09/19/CMP-20260919-1dfd203a6129_12h.json,MATURED_ARTIFACT,OFFICIAL_DAILY_COMPASS_SCORING_v1,,2026-09-20T08:46:14Z,2026-09-20T09:00:00Z,2026-09-20T12:32:50Z,ABSTAINED,ABSTAINED,-1.0866090067348844,-2.0915563517124203,NOT_FAVORED,False,,NOT_ASSIGNED,NOT_ESTABLISHED,LEGACY_OPEN_TIMESTAMP_NOT_CLOSE,PASS,,
CMP-20260919-1dfd203a6129,72h,04_MARKET_LEARNING/handlekompas/official/daily/2026/09/19/CMP-20260919-1dfd203a6129.json,8d2ea19cddd8f490c7dfa87cc51fe5eb0d633daf1d41c80c837b096cbd2f1116,True,2026-09-19T20:46:14Z,b64a690a5cdd59d9d3aaa8068fdb4160bcbaad5e,,UNTESTABLE,FROZEN_OFFICIAL_ARTIFACT,PENDING_KNOWLEDGE_TIME,UNKNOWN,UNKNOWN,UP,PREPARE,04_MARKET_LEARNING/handlekompas/official/outcomes/2026/09/19/CMP-20260919-1dfd203a6129_72h.json,MATURED_ARTIFACT,OFFICIAL_DAILY_COMPASS_SCORING_v1,,2026-09-22T20:46:14Z,2026-09-22T20:00:00Z,2026-09-22T22:21:39Z,CORRECT,CORRECT,6.035350931072725,4.427146587320863,FAVORED,False,,NOT_ASSIGNED,NOT_ESTABLISHED,LEGACY_OPEN_TIMESTAMP_NOT_CLOSE,PASS,,
CMP-20260919-1dfd203a6129,168h,04_MARKET_LEARNING/handlekompas/official/daily/2026/09/19/CMP-20260919-1dfd203a6129.json,8d2ea19cddd8f490c7dfa87cc51fe5eb0d633daf1d41c80c837b096cbd2f1116,True,2026-09-19T20:46:14Z,b64a690a5cdd59d9d3aaa8068fdb4160bcbaad5e,,UNTESTABLE,FROZEN_OFFICIAL_ARTIFACT,PENDING_KNOWLEDGE_TIME,UNKNOWN,UNKNOWN,SIDEWAYS,PREPARE,04_MARKET_LEARNING/handlekompas/official/outcomes/2026/09/19/CMP-20260919-1dfd203a6129_168h.json,MATURED_ARTIFACT,OFFICIAL_DAILY_COMPASS_SCORING_v1,,2026-09-26T20:46:14Z,2026-09-26T21:00:00Z,2026-09-26T23:03:39Z,CORRECT,CORRECT,3.4475743727936825,1.9518915472431342,FAVORED,False,,NOT_ASSIGNED,NOT_ESTABLISHED,LEGACY_OPEN_TIMESTAMP_NOT_CLOSE,PASS,,
CMP-20260919-3c5d639e43d4,12h,04_MARKET_LEARNING/handlekompas/official/daily/2026/09/19/CMP-20260919-3c5d639e43d4.json,a659235e202d6047d54bd9955fb0c3faa5c1309b4bc02a8d3fbe8ab045306dbf,True,2026-09-19T16:51:03Z,89435269deb502cd235adebbf44e0ebe47c6e654,,UNTESTABLE,FROZEN_OFFICIAL_ARTIFACT,PENDING_KNOWLEDGE_TIME,UNKNOWN,UNKNOWN,UP,PREPARE,04_MARKET_LEARNING/handlekompas/official/outcomes/2026/09/19/CMP-20260919-3c5d639e43d4_12h.json,MATURED_ARTIFACT,OFFICIAL_DAILY_COMPASS_SCORING_v1,,2026-09-20T04:51:03Z,2026-09-20T05:00:00Z,2026-09-20T06:37:51Z,INCORRECT,INCORRECT,-1.0689001193525227,-2.2801093057719046,NOT_FAVORED,False,,NOT_ASSIGNED,NOT_ESTABLISHED,LEGACY_OPEN_TIMESTAMP_NOT_CLOSE,PASS,,
CMP-20260919-3c5d639e43d4,72h,04_MARKET_LEARNING/handlekompas/official/daily/2026/09/19/CMP-20260919-3c5d639e43d4.json,a659235e202d6047d54bd9955fb0c3faa5c1309b4bc02a8d3fbe8ab045306dbf,True,2026-09-19T16:51:03Z,89435269deb502cd235adebbf44e0ebe47c6e654,,UNTESTABLE,FROZEN_OFFICIAL_ARTIFACT,PENDING_KNOWLEDGE_TIME,UNKNOWN,UNKNOWN,UP,PREPARE,04_MARKET_LEARNING/handlekompas/official/outcomes/2026/09/19/CMP-20260919-3c5d639e43d4_72h.json,MATURED_ARTIFACT,OFFICIAL_DAILY_COMPASS_SCORING_v1,,2026-09-22T16:51:03Z,2026-09-22T17:00:00Z,2026-09-22T22:21:39Z,CORRECT,CORRECT,6.398689051830186,4.374883928943674,FAVORED,False,,NOT_ASSIGNED,NOT_ESTABLISHED,LEGACY_OPEN_TIMESTAMP_NOT_CLOSE,PASS,,
CMP-20260919-3c5d639e43d4,168h,04_MARKET_LEARNING/handlekompas/official/daily/2026/09/19/CMP-20260919-3c5d639e43d4.json,a659235e202d6047d54bd9955fb0c3faa5c1309b4bc02a8d3fbe8ab045306dbf,True,2026-09-19T16:51:03Z,89435269deb502cd235adebbf44e0ebe47c6e654,,UNTESTABLE,FROZEN_OFFICIAL_ARTIFACT,PENDING_KNOWLEDGE_TIME,UNKNOWN,UNKNOWN,SIDEWAYS,PREPARE,04_MARKET_LEARNING/handlekompas/official/outcomes/2026/09/19/CMP-20260919-3c5d639e43d4_168h.json,MATURED_ARTIFACT,OFFICIAL_DAILY_COMPASS_SCORING_v1,,2026-09-26T16:51:03Z,2026-09-26T16:00:00Z,2026-09-26T17:19:47Z,CORRECT,CORRECT,3.387234724542232,2.012908996501772,FAVORED,False,,NOT_ASSIGNED,NOT_ESTABLISHED,LEGACY_OPEN_TIMESTAMP_NOT_CLOSE,PASS,,
CMP-20260919-4af96d90dd6a,12h,04_MARKET_LEARNING/handlekompas/official/daily/2026/09/19/CMP-20260919-4af96d90dd6a.json,3be3db73eca18205d79b41e9cac0980407fa10255075e9bc4bbd1c341e0be10d,True,2026-09-19T09:46:36Z,e58c17eb65bef742d6442d2723d9e3b4b41a13d3,,UNTESTABLE,FROZEN_OFFICIAL_ARTIFACT,PENDING_KNOWLEDGE_TIME,UNKNOWN,UNKNOWN,UNAVAILABLE,NO_EDGE,04_MARKET_LEARNING/handlekompas/official/outcomes/2026/09/19/CMP-20260919-4af96d90dd6a_12h.json,MATURED_ARTIFACT,OFFICIAL_DAILY_COMPASS_SCORING_v1,,2026-09-19T21:46:36Z,2026-09-19T21:00:00Z,2026-09-19T23:18:16Z,ABSTAINED,ABSTAINED,-0.2602321600462143,-0.6521172071993764,ABSTAINED,False,,NOT_ASSIGNED,NOT_ESTABLISHED,LEGACY_OPEN_TIMESTAMP_NOT_CLOSE,PASS,,
CMP-20260919-4af96d90dd6a,72h,04_MARKET_LEARNING/handlekompas/official/daily/2026/09/19/CMP-20260919-4af96d90dd6a.json,3be3db73eca18205d79b41e9cac0980407fa10255075e9bc4bbd1c341e0be10d,True,2026-09-19T09:46:36Z,e58c17eb65bef742d6442d2723d9e3b4b41a13d3,,UNTESTABLE,FROZEN_OFFICIAL_ARTIFACT,PENDING_KNOWLEDGE_TIME,UNKNOWN,UNKNOWN,UNAVAILABLE,NO_EDGE,04_MARKET_LEARNING/handlekompas/official/outcomes/2026/09/19/CMP-20260919-4af96d90dd6a_72h.json,MATURED_ARTIFACT,OFFICIAL_DAILY_COMPASS_SCORING_v1,,2026-09-22T09:46:36Z,2026-09-22T08:00:00Z,2026-09-22T10:10:32Z,ABSTAINED,ABSTAINED,6.040632865919826,3.9236663730564114,ABSTAINED,False,,NOT_ASSIGNED,NOT_ESTABLISHED,LEGACY_OPEN_TIMESTAMP_NOT_CLOSE,PASS,,
CMP-20260919-4af96d90dd6a,168h,04_MARKET_LEARNING/handlekompas/official/daily/2026/09/19/CMP-20260919-4af96d90dd6a.json,3be3db73eca18205d79b41e9cac0980407fa10255075e9bc4bbd1c341e0be10d,True,2026-09-19T09:46:36Z,e58c17eb65bef742d6442d2723d9e3b4b41a13d3,,UNTESTABLE,FROZEN_OFFICIAL_ARTIFACT,PENDING_KNOWLEDGE_TIME,UNKNOWN,UNKNOWN,UNAVAILABLE,NO_EDGE,04_MARKET_LEARNING/handlekompas/official/outcomes/2026/09/19/CMP-20260919-4af96d90dd6a_168h.json,MATURED_ARTIFACT,OFFICIAL_DAILY_COMPASS_SCORING_v1,,2026-09-26T09:46:36Z,2026-09-26T10:00:00Z,2026-09-26T13:17:33Z,ABSTAINED,ABSTAINED,3.527043544981856,1.5923001024485517,ABSTAINED,False,,NOT_ASSIGNED,NOT_ESTABLISHED,LEGACY_OPEN_TIMESTAMP_NOT_CLOSE,PASS,,
CMP-20260919-56e6912f4981,12h,04_MARKET_LEARNING/handlekompas/official/daily/2026/09/19/CMP-20260919-56e6912f4981.json,91fdb00b3ff1e05cdf256d9d36d336e1557a9e33666af102e548939cc7d3a113,True,2026-09-19T09:21:56Z,b743dc5c41701286ed4821c34ebc8ffdf47b923a,,UNTESTABLE,FROZEN_OFFICIAL_ARTIFACT,PENDING_KNOWLEDGE_TIME,UNKNOWN,UNKNOWN,UP,PREPARE,04_MARKET_LEARNING/handlekompas/official/outcomes/2026/09/19/CMP-20260919-56e6912f4981_12h.json,MATURED_ARTIFACT,OFFICIAL_DAILY_COMPASS_SCORING_v1,,2026-09-19T21:21:56Z,2026-09-19T21:00:00Z,2026-09-19T23:18:16Z,INCORRECT,INCORRECT,-0.2602321600462143,-0.6521172071993764,NOT_FAVORED,False,,NOT_ASSIGNED,NOT_ESTABLISHED,LEGACY_OPEN_TIMESTAMP_NOT_CLOSE,PASS,,
CMP-20260919-56e6912f4981,72h,04_MARKET_LEARNING/handlekompas/official/daily/2026/09/19/CMP-20260919-56e6912f4981.json,91fdb00b3ff1e05cdf256d9d36d336e1557a9e33666af102e548939cc7d3a113,True,2026-09-19T09:21:56Z,b743dc5c41701286ed4821c34ebc8ffdf47b923a,,UNTESTABLE,FROZEN_OFFICIAL_ARTIFACT,PENDING_KNOWLEDGE_TIME,UNKNOWN,UNKNOWN,UP,PREPARE,04_MARKET_LEARNING/handlekompas/official/outcomes/2026/09/19/CMP-20260919-56e6912f4981_72h.json,MATURED_ARTIFACT,OFFICIAL_DAILY_COMPASS_SCORING_v1,,2026-09-22T09:21:56Z,2026-09-22T08:00:00Z,2026-09-22T10:10:32Z,CORRECT,CORRECT,6.040632865919826,3.9236663730564114,FAVORED,False,,NOT_ASSIGNED,NOT_ESTABLISHED,LEGACY_OPEN_TIMESTAMP_NOT_CLOSE,PASS,,
CMP-20260919-56e6912f4981,168h,04_MARKET_LEARNING/handlekompas/official/daily/2026/09/19/CMP-20260919-56e6912f4981.json,91fdb00b3ff1e05cdf256d9d36d336e1557a9e33666af102e548939cc7d3a113,True,2026-09-19T09:21:56Z,b743dc5c41701286ed4821c34ebc8ffdf47b923a,,UNTESTABLE,FROZEN_OFFICIAL_ARTIFACT,PENDING_KNOWLEDGE_TIME,UNKNOWN,UNKNOWN,SIDEWAYS,PREPARE,04_MARKET_LEARNING/handlekompas/official/outcomes/2026/09/19/CMP-20260919-56e6912f4981_168h.json,MATURED_ARTIFACT,OFFICIAL_DAILY_COMPASS_SCORING_v1,,2026-09-26T09:21:56Z,2026-09-26T10:00:00Z,2026-09-26T13:17:33Z,CORRECT,CORRECT,3.527043544981856,1.5923001024485517,FAVORED,False,,NOT_ASSIGNED,NOT_ESTABLISHED,LEGACY_OPEN_TIMESTAMP_NOT_CLOSE,PASS,,
CMP-20260919-5c2191bacf08,12h,04_MARKET_LEARNING/handlekompas/official/daily/2026/09/19/CMP-20260919-5c2191bacf08.json,b76076df54acae292ad8cc2f1e4a67cc0766276511d48adf95bf3973cac9f5a9,True,2026-09-19T11:01:30Z,9eb485c5a75c090d2f0561ef238eb1234be0bfce,,UNTESTABLE,FROZEN_OFFICIAL_ARTIFACT,PENDING_KNOWLEDGE_TIME,UNKNOWN,UNKNOWN,UNAVAILABLE,NO_EDGE,04_MARKET_LEARNING/handlekompas/official/outcomes/2026/09/19/CMP-20260919-5c2191bacf08_12h.json,MATURED_ARTIFACT,OFFICIAL_DAILY_COMPASS_SCORING_v1,,2026-09-19T23:01:30Z,2026-09-19T23:00:00Z,2026-09-20T01:21:44Z,ABSTAINED,ABSTAINED,-0.0931807961978115,-0.31012389809457197,ABSTAINED,False,,NOT_ASSIGNED,NOT_ESTABLISHED,LEGACY_OPEN_TIMESTAMP_NOT_CLOSE,PASS,,
CMP-20260919-5c2191bacf08,72h,04_MARKET_LEARNING/handlekompas/official/daily/2026/09/19/CMP-20260919-5c2191bacf08.json,b76076df54acae292ad8cc2f1e4a67cc0766276511d48adf95bf3973cac9f5a9,True,2026-09-19T11:01:30Z,9eb485c5a75c090d2f0561ef238eb1234be0bfce,,UNTESTABLE,FROZEN_OFFICIAL_ARTIFACT,PENDING_KNOWLEDGE_TIME,UNKNOWN,UNKNOWN,UNAVAILABLE,NO_EDGE,04_MARKET_LEARNING/handlekompas/official/outcomes/2026/09/19/CMP-20260919-5c2191bacf08_72h.json,MATURED_ARTIFACT,OFFICIAL_DAILY_COMPASS_SCORING_v1,,2026-09-22T11:01:30Z,2026-09-22T12:00:00Z,2026-09-22T15:06:27Z,ABSTAINED,ABSTAINED,5.777061809559236,4.382251370755208,ABSTAINED,False,,NOT_ASSIGNED,NOT_ESTABLISHED,LEGACY_OPEN_TIMESTAMP_NOT_CLOSE,PASS,,
CMP-20260919-5c2191bacf08,168h,04_MARKET_LEARNING/handlekompas/official/daily/2026/09/19/CMP-20260919-5c2191bacf08.json,b76076df54acae292ad8cc2f1e4a67cc0766276511d48adf95bf3973cac9f5a9,True,2026-09-19T11:01:30Z,9eb485c5a75c090d2f0561ef238eb1234be0bfce,,UNTESTABLE,FROZEN_OFFICIAL_ARTIFACT,PENDING_KNOWLEDGE_TIME,UNKNOWN,UNKNOWN,UNAVAILABLE,NO_EDGE,04_MARKET_LEARNING/handlekompas/official/outcomes/2026/09/19/CMP-20260919-5c2191bacf08_168h.json,MATURED_ARTIFACT,OFFICIAL_DAILY_COMPASS_SCORING_v1,,2026-09-26T11:01:30Z,2026-09-26T11:00:00Z,2026-09-26T13:17:33Z,ABSTAINED,ABSTAINED,3.5047070565701333,1.8406743206809795,ABSTAINED,False,,NOT_ASSIGNED,NOT_ESTABLISHED,LEGACY_OPEN_TIMESTAMP_NOT_CLOSE,PASS,,
CMP-20260919-6a977706b48e,12h,04_MARKET_LEARNING/handlekompas/official/daily/2026/09/19/CMP-20260919-6a977706b48e.json,6da0e1a6b50076589fd434539dab9319aaca6aa0cdf9795c862d2a71522eb088,True,2026-09-19T00:13:15Z,0a6d1b7b85a5f62a1099154ce7deec74bd2d3f2a,,UNTESTABLE,FROZEN_OFFICIAL_ARTIFACT,PENDING_KNOWLEDGE_TIME,UNKNOWN,UNKNOWN,MIXED,PREPARE,04_MARKET_LEARNING/handlekompas/official/outcomes/2026/09/19/CMP-20260919-6a977706b48e_12h.json,MATURED_ARTIFACT,OFFICIAL_DAILY_COMPASS_SCORING_v1,,2026-09-19T12:13:15Z,2026-09-19T13:00:00Z,2026-09-19T14:36:53Z,ABSTAINED,ABSTAINED,0.5936165022766504,1.0079857894293553,FAVORED,False,,NOT_ASSIGNED,NOT_ESTABLISHED,LEGACY_OPEN_TIMESTAMP_NOT_CLOSE,PASS,,
CMP-20260919-6a977706b48e,72h,04_MARKET_LEARNING/handlekompas/official/daily/2026/09/19/CMP-20260919-6a977706b48e.json,6da0e1a6b50076589fd434539dab9319aaca6aa0cdf9795c862d2a71522eb088,True,2026-09-19T00:13:15Z,0a6d1b7b85a5f62a1099154ce7deec74bd2d3f2a,,UNTESTABLE,FROZEN_OFFICIAL_ARTIFACT,PENDING_KNOWLEDGE_TIME,UNKNOWN,UNKNOWN,UP,PREPARE,04_MARKET_LEARNING/handlekompas/official/outcomes/2026/09/19/CMP-20260919-6a977706b48e_72h.json,MATURED_ARTIFACT,OFFICIAL_DAILY_COMPASS_SCORING_v1,,2026-09-22T00:13:15Z,2026-09-22T01:00:00Z,2026-09-22T05:13:57Z,CORRECT,CORRECT,5.850808078297942,5.234405506596129,FAVORED,False,,NOT_ASSIGNED,NOT_ESTABLISHED,LEGACY_OPEN_TIMESTAMP_NOT_CLOSE,PASS,,
CMP-20260919-6a977706b48e,168h,04_MARKET_LEARNING/handlekompas/official/daily/2026/09/19/CMP-20260919-6a977706b48e.json,6da0e1a6b50076589fd434539dab9319aaca6aa0cdf9795c862d2a71522eb088,True,2026-09-19T00:13:15Z,0a6d1b7b85a5f62a1099154ce7deec74bd2d3f2a,,UNTESTABLE,FROZEN_OFFICIAL_ARTIFACT,PENDING_KNOWLEDGE_TIME,UNKNOWN,UNKNOWN,SIDEWAYS,PREPARE,04_MARKET_LEARNING/handlekompas/official/outcomes/2026/09/19/CMP-20260919-6a977706b48e_168h.json,MATURED_ARTIFACT,OFFICIAL_DAILY_COMPASS_SCORING_v1,,2026-09-26T00:13:15Z,2026-09-26T00:00:00Z,2026-09-26T01:47:12Z,CORRECT,CORRECT,3.741339280625411,2.8777171208281382,FAVORED,False,,NOT_ASSIGNED,NOT_ESTABLISHED,LEGACY_OPEN_TIMESTAMP_NOT_CLOSE,PASS,,
CMP-20260919-76eb256be046,12h,04_MARKET_LEARNING/handlekompas/official/daily/2026/09/19/CMP-20260919-76eb256be046.json,70f0ef7f9d751423436dc8efc3bea0633dee93bc88bedafbfa0b4c46b540f9a1,True,2026-09-19T20:34:11Z,8697843c41c72ac75d3f781dc24c3acd3aab8d4c,,UNTESTABLE,FROZEN_OFFICIAL_ARTIFACT,PENDING_KNOWLEDGE_TIME,UNKNOWN,UNKNOWN,MIXED,PREPARE,04_MARKET_LEARNING/handlekompas/official/outcomes/2026/09/19/CMP-20260919-76eb256be046_12h.json,MATURED_ARTIFACT,OFFICIAL_DAILY_COMPASS_SCORING_v1,,2026-09-20T08:34:11Z,2026-09-20T09:00:00Z,2026-09-20T12:32:50Z,ABSTAINED,ABSTAINED,-1.0866090067348844,-2.0915563517124203,NOT_FAVORED,False,,NOT_ASSIGNED,NOT_ESTABLISHED,LEGACY_OPEN_TIMESTAMP_NOT_CLOSE,PASS,,
CMP-20260919-76eb256be046,72h,04_MARKET_LEARNING/handlekompas/official/daily/2026/09/19/CMP-20260919-76eb256be046.json,70f0ef7f9d751423436dc8efc3bea0633dee93bc88bedafbfa0b4c46b540f9a1,True,2026-09-19T20:34:11Z,8697843c41c72ac75d3f781dc24c3acd3aab8d4c,,UNTESTABLE,FROZEN_OFFICIAL_ARTIFACT,PENDING_KNOWLEDGE_TIME,UNKNOWN,UNKNOWN,UP,PREPARE,04_MARKET_LEARNING/handlekompas/official/outcomes/2026/09/19/CMP-20260919-76eb256be046_72h.json,MATURED_ARTIFACT,OFFICIAL_DAILY_COMPASS_SCORING_v1,,2026-09-22T20:34:11Z,2026-09-22T20:00:00Z,2026-09-22T22:21:39Z,CORRECT,CORRECT,6.035350931072725,4.427146587320863,FAVORED,False,,NOT_ASSIGNED,NOT_ESTABLISHED,LEGACY_OPEN_TIMESTAMP_NOT_CLOSE,PASS,,
CMP-20260919-76eb256be046,168h,04_MARKET_LEARNING/handlekompas/official/daily/2026/09/19/CMP-20260919-76eb256be046.json,70f0ef7f9d751423436dc8efc3bea0633dee93bc88bedafbfa0b4c46b540f9a1,True,2026-09-19T20:34:11Z,8697843c41c72ac75d3f781dc24c3acd3aab8d4c,,UNTESTABLE,FROZEN_OFFICIAL_ARTIFACT,PENDING_KNOWLEDGE_TIME,UNKNOWN,UNKNOWN,SIDEWAYS,PREPARE,04_MARKET_LEARNING/handlekompas/official/outcomes/2026/09/19/CMP-20260919-76eb256be046_168h.json,MATURED_ARTIFACT,OFFICIAL_DAILY_COMPASS_SCORING_v1,,2026-09-26T20:34:11Z,2026-09-26T21:00:00Z,2026-09-26T23:03:39Z,CORRECT,CORRECT,3.4475743727936825,1.9518915472431342,FAVORED,False,,NOT_ASSIGNED,NOT_ESTABLISHED,LEGACY_OPEN_TIMESTAMP_NOT_CLOSE,PASS,,
CMP-20260919-8cef210793b0,12h,04_MARKET_LEARNING/handlekompas/official/daily/2026/09/19/CMP-20260919-8cef210793b0.json,710e785bb04cbc561b9d04a6697567229c167de3a52ecb3c27745235d10a7414,True,2026-09-19T05:46:15Z,c55873bb096fc911d8722008e77606cfaf686c84,,UNTESTABLE,FROZEN_OFFICIAL_ARTIFACT,PENDING_KNOWLEDGE_TIME,UNKNOWN,UNKNOWN,UP,PREPARE,04_MARKET_LEARNING/handlekompas/official/outcomes/2026/09/19/CMP-20260919-8cef210793b0_12h.json,MATURED_ARTIFACT,OFFICIAL_DAILY_COMPASS_SCORING_v1,,2026-09-19T17:46:15Z,2026-09-19T18:00:00Z,2026-09-19T20:53:47Z,CORRECT,CORRECT,0.4987040876777371,0.734446454883475,FAVORED,False,,NOT_ASSIGNED,NOT_ESTABLISHED,LEGACY_OPEN_TIMESTAMP_NOT_CLOSE,PASS,,
CMP-20260919-8cef210793b0,72h,04_MARKET_LEARNING/handlekompas/official/daily/2026/09/19/CMP-20260919-8cef210793b0.json,710e785bb04cbc561b9d04a6697567229c167de3a52ecb3c27745235d10a7414,True,2026-09-19T05:46:15Z,c55873bb096fc911d8722008e77606cfaf686c84,,UNTESTABLE,FROZEN_OFFICIAL_ARTIFACT,PENDING_KNOWLEDGE_TIME,UNKNOWN,UNKNOWN,UP,PREPARE,04_MARKET_LEARNING/handlekompas/official/outcomes/2026/09/19/CMP-20260919-8cef210793b0_72h.json,MATURED_ARTIFACT,OFFICIAL_DAILY_COMPASS_SCORING_v1,,2026-09-22T05:46:15Z,2026-09-22T06:00:00Z,2026-09-22T10:10:32Z,CORRECT,CORRECT,5.3811339849920925,4.239863188352699,FAVORED,False,,NOT_ASSIGNED,NOT_ESTABLISHED,LEGACY_OPEN_TIMESTAMP_NOT_CLOSE,PASS,,
CMP-20260919-8cef210793b0,168h,04_MARKET_LEARNING/handlekompas/official/daily/2026/09/19/CMP-20260919-8cef210793b0.json,710e785bb04cbc561b9d04a6697567229c167de3a52ecb3c27745235d10a7414,True,2026-09-19T05:46:15Z,c55873bb096fc911d8722008e77606cfaf686c84,,UNTESTABLE,FROZEN_OFFICIAL_ARTIFACT,PENDING_KNOWLEDGE_TIME,UNKNOWN,UNKNOWN,SIDEWAYS,PREPARE,04_MARKET_LEARNING/handlekompas/official/outcomes/2026/09/19/CMP-20260919-8cef210793b0_168h.json,MATURED_ARTIFACT,OFFICIAL_DAILY_COMPASS_SCORING_v1,,2026-09-26T05:46:15Z,2026-09-26T06:00:00Z,2026-09-26T07:55:05Z,CORRECT,CORRECT,3.53872926540284,2.5205561027003665,FAVORED,False,,NOT_ASSIGNED,NOT_ESTABLISHED,LEGACY_OPEN_TIMESTAMP_NOT_CLOSE,PASS,,
CMP-20260919-e4f31f8cfdfc,12h,04_MARKET_LEARNING/handlekompas/official/daily/2026/09/19/CMP-20260919-e4f31f8cfdfc.json,fcfbb8ce2e8bda7523baa9511ff75cdfdc8a68e4487ebdab0765eb22ba02e2b9,True,2026-09-19T09:17:13Z,60839d67e429cb224a4a2a440896ce1ae419f5e0,,UNTESTABLE,FROZEN_OFFICIAL_ARTIFACT,PENDING_KNOWLEDGE_TIME,UNKNOWN,UNKNOWN,UNAVAILABLE,NO_EDGE,04_MARKET_LEARNING/handlekompas/official/outcomes/2026/09/19/CMP-20260919-e4f31f8cfdfc_12h.json,MATURED_ARTIFACT,OFFICIAL_DAILY_COMPASS_SCORING_v1,,2026-09-19T21:17:13Z,2026-09-19T21:00:00Z,2026-09-19T23:18:16Z,ABSTAINED,ABSTAINED,0.09430539099526403,0.31759846697663185,ABSTAINED,False,,NOT_ASSIGNED,NOT_ESTABLISHED,LEGACY_OPEN_TIMESTAMP_NOT_CLOSE,PASS,,
CMP-20260919-e4f31f8cfdfc,72h,04_MARKET_LEARNING/handlekompas/official/daily/2026/09/19/CMP-20260919-e4f31f8cfdfc.json,fcfbb8ce2e8bda7523baa9511ff75cdfdc8a68e4487ebdab0765eb22ba02e2b9,True,2026-09-19T09:17:13Z,60839d67e429cb224a4a2a440896ce1ae419f5e0,,UNTESTABLE,FROZEN_OFFICIAL_ARTIFACT,PENDING_KNOWLEDGE_TIME,UNKNOWN,UNKNOWN,UNAVAILABLE,NO_EDGE,04_MARKET_LEARNING/handlekompas/official/outcomes/2026/09/19/CMP-20260919-e4f31f8cfdfc_72h.json,MATURED_ARTIFACT,OFFICIAL_DAILY_COMPASS_SCORING_v1,,2026-09-22T09:17:13Z,2026-09-22T08:00:00Z,2026-09-22T10:10:32Z,ABSTAINED,ABSTAINED,6.417567634281207,4.938045395203972,ABSTAINED,False,,NOT_ASSIGNED,NOT_ESTABLISHED,LEGACY_OPEN_TIMESTAMP_NOT_CLOSE,PASS,,
CMP-20260919-e4f31f8cfdfc,168h,04_MARKET_LEARNING/handlekompas/official/daily/2026/09/19/CMP-20260919-e4f31f8cfdfc.json,fcfbb8ce2e8bda7523baa9511ff75cdfdc8a68e4487ebdab0765eb22ba02e2b9,True,2026-09-19T09:17:13Z,60839d67e429cb224a4a2a440896ce1ae419f5e0,,UNTESTABLE,FROZEN_OFFICIAL_ARTIFACT,PENDING_KNOWLEDGE_TIME,UNKNOWN,UNKNOWN,UNAVAILABLE,NO_EDGE,04_MARKET_LEARNING/handlekompas/official/outcomes/2026/09/19/CMP-20260919-e4f31f8cfdfc_168h.json,MATURED_ARTIFACT,OFFICIAL_DAILY_COMPASS_SCORING_v1,,2026-09-26T09:17:13Z,2026-09-26T10:00:00Z,2026-09-26T13:17:33Z,ABSTAINED,ABSTAINED,3.895043443917845,2.583923104525021,ABSTAINED,False,,NOT_ASSIGNED,NOT_ESTABLISHED,LEGACY_OPEN_TIMESTAMP_NOT_CLOSE,PASS,,
CMP-20260919-ee426e5e4064,12h,04_MARKET_LEARNING/handlekompas/official/daily/2026/09/19/CMP-20260919-ee426e5e4064.json,9a0ccc76121a018d452ecd0997b59eb372aaecfc40af7cd1216eabf587504f5c,True,2026-09-19T22:56:59Z,6dd47e88fdf078d2fd6b5bfa789852da2f8b1e4a,,UNTESTABLE,FROZEN_OFFICIAL_ARTIFACT,PENDING_KNOWLEDGE_TIME,UNKNOWN,UNKNOWN,DOWN,HOLD,04_MARKET_LEARNING/handlekompas/official/outcomes/2026/09/19/CMP-20260919-ee426e5e4064_12h.json,MATURED_ARTIFACT,OFFICIAL_DAILY_COMPASS_SCORING_v1,,2026-09-20T10:56:59Z,2026-09-20T10:00:00Z,2026-09-20T12:32:50Z,CORRECT,CORRECT,-0.962794146170165,-2.1602143090891146,PROTECTIVE,True,,NOT_ASSIGNED,NOT_ESTABLISHED,LEGACY_OPEN_TIMESTAMP_NOT_CLOSE,PASS,,
CMP-20260919-ee426e5e4064,72h,04_MARKET_LEARNING/handlekompas/official/daily/2026/09/19/CMP-20260919-ee426e5e4064.json,9a0ccc76121a018d452ecd0997b59eb372aaecfc40af7cd1216eabf587504f5c,True,2026-09-19T22:56:59Z,6dd47e88fdf078d2fd6b5bfa789852da2f8b1e4a,,UNTESTABLE,FROZEN_OFFICIAL_ARTIFACT,PENDING_KNOWLEDGE_TIME,UNKNOWN,UNKNOWN,MIXED,WAIT,04_MARKET_LEARNING/handlekompas/official/outcomes/2026/09/19/CMP-20260919-ee426e5e4064_72h.json,MATURED_ARTIFACT,OFFICIAL_DAILY_COMPASS_SCORING_v1,,2026-09-22T22:56:59Z,2026-09-22T23:00:00Z,2026-09-23T00:48:51Z,ABSTAINED,ABSTAINED,6.298550155295146,4.781238822213263,OPPORTUNITY_COST_OR_NEUTRAL,False,,NOT_ASSIGNED,NOT_ESTABLISHED,LEGACY_OPEN_TIMESTAMP_NOT_CLOSE,PASS,,
CMP-20260919-ee426e5e4064,168h,04_MARKET_LEARNING/handlekompas/official/daily/2026/09/19/CMP-20260919-ee426e5e4064.json,9a0ccc76121a018d452ecd0997b59eb372aaecfc40af7cd1216eabf587504f5c,True,2026-09-19T22:56:59Z,6dd47e88fdf078d2fd6b5bfa789852da2f8b1e4a,,UNTESTABLE,FROZEN_OFFICIAL_ARTIFACT,PENDING_KNOWLEDGE_TIME,UNKNOWN,UNKNOWN,SIDEWAYS,WAIT,04_MARKET_LEARNING/handlekompas/official/outcomes/2026/09/19/CMP-20260919-ee426e5e4064_168h.json,MATURED_ARTIFACT,OFFICIAL_DAILY_COMPASS_SCORING_v1,,2026-09-26T22:56:59Z,2026-09-26T21:00:00Z,2026-09-26T23:03:39Z,CORRECT,CORRECT,3.771053685178649,2.219575491442094,OPPORTUNITY_COST_OR_NEUTRAL,False,,NOT_ASSIGNED,NOT_ESTABLISHED,LEGACY_OPEN_TIMESTAMP_NOT_CLOSE,PASS,,
CMP-20260919-f5647e575fd2,12h,04_MARKET_LEARNING/handlekompas/official/daily/2026/09/19/CMP-20260919-f5647e575fd2.json,76a0d3bd91f4c2d61719354327fb8ad578655067822d0b748bccf59b0c1809e8,True,2026-09-19T12:58:28Z,22ae66bd9c97bd4dfa894b415b0ee53837263cc3,,UNTESTABLE,FROZEN_OFFICIAL_ARTIFACT,PENDING_KNOWLEDGE_TIME,UNKNOWN,UNKNOWN,MIXED,PREPARE,04_MARKET_LEARNING/handlekompas/official/outcomes/2026/09/19/CMP-20260919-f5647e575fd2_12h.json,MATURED_ARTIFACT,OFFICIAL_DAILY_COMPASS_SCORING_v1,,2026-09-20T00:58:28Z,2026-09-19T23:00:00Z,2026-09-20T01:21:44Z,ABSTAINED,ABSTAINED,-0.06474575299716401,-0.26442699276804094,NOT_FAVORED,False,,NOT_ASSIGNED,NOT_ESTABLISHED,LEGACY_OPEN_TIMESTAMP_NOT_CLOSE,PASS,,
CMP-20260919-f5647e575fd2,72h,04_MARKET_LEARNING/handlekompas/official/daily/2026/09/19/CMP-20260919-f5647e575fd2.json,76a0d3bd91f4c2d61719354327fb8ad578655067822d0b748bccf59b0c1809e8,True,2026-09-19T12:58:28Z,22ae66bd9c97bd4dfa894b415b0ee53837263cc3,,UNTESTABLE,FROZEN_OFFICIAL_ARTIFACT,PENDING_KNOWLEDGE_TIME,UNKNOWN,UNKNOWN,UP,PREPARE,04_MARKET_LEARNING/handlekompas/official/outcomes/2026/09/19/CMP-20260919-f5647e575fd2_72h.json,MATURED_ARTIFACT,OFFICIAL_DAILY_COMPASS_SCORING_v1,,2026-09-22T12:58:28Z,2026-09-22T13:00:00Z,2026-09-22T15:06:27Z,CORRECT,CORRECT,6.203218764263818,4.527838707111109,FAVORED,False,,NOT_ASSIGNED,NOT_ESTABLISHED,LEGACY_OPEN_TIMESTAMP_NOT_CLOSE,PASS,,
CMP-20260919-f5647e575fd2,168h,04_MARKET_LEARNING/handlekompas/official/daily/2026/09/19/CMP-20260919-f5647e575fd2.json,76a0d3bd91f4c2d61719354327fb8ad578655067822d0b748bccf59b0c1809e8,True,2026-09-19T12:58:28Z,22ae66bd9c97bd4dfa894b415b0ee53837263cc3,,UNTESTABLE,FROZEN_OFFICIAL_ARTIFACT,PENDING_KNOWLEDGE_TIME,UNKNOWN,UNKNOWN,SIDEWAYS,PREPARE,04_MARKET_LEARNING/handlekompas/official/outcomes/2026/09/19/CMP-20260919-f5647e575fd2_168h.json,MATURED_ARTIFACT,OFFICIAL_DAILY_COMPASS_SCORING_v1,,2026-09-26T12:58:28Z,2026-09-26T11:00:00Z,2026-09-26T13:17:33Z,CORRECT,CORRECT,3.5341661149215,1.887357131762668,FAVORED,False,,NOT_ASSIGNED,NOT_ESTABLISHED,LEGACY_OPEN_TIMESTAMP_NOT_CLOSE,PASS,,
CMP-20260920-02425db96215,12h,04_MARKET_LEARNING/handlekompas/official/daily/2026/09/20/CMP-20260920-02425db96215.json,2344c8640e9eeb44eb6aeabfbf79a96c74f4115399cc9e9caf005d016d1768fa,True,2026-09-20T16:00:54Z,080373615838bfb18c02949df64b841532f552a3,,UNTESTABLE,FROZEN_OFFICIAL_ARTIFACT,PENDING_KNOWLEDGE_TIME,UNKNOWN,UNKNOWN,MIXED,HOLD,04_MARKET_LEARNING/handlekompas/official/outcomes/2026/09/20/CMP-20260920-02425db96215_12h.json,MATURED_ARTIFACT,OFFICIAL_DAILY_COMPASS_SCORING_v1,,2026-09-21T04:00:54Z,2026-09-21T05:00:00Z,2026-09-21T06:44:37Z,ABSTAINED,ABSTAINED,1.0758160338345535,3.086312320883655,OPPORTUNITY_COST_OR_NEUTRAL,False,,NOT_ASSIGNED,NOT_ESTABLISHED,LEGACY_OPEN_TIMESTAMP_NOT_CLOSE,PASS,,
CMP-20260920-02425db96215,72h,04_MARKET_LEARNING/handlekompas/official/daily/2026/09/20/CMP-20260920-02425db96215.json,2344c8640e9eeb44eb6aeabfbf79a96c74f4115399cc9e9caf005d016d1768fa,True,2026-09-20T16:00:54Z,080373615838bfb18c02949df64b841532f552a3,,UNTESTABLE,FROZEN_OFFICIAL_ARTIFACT,PENDING_KNOWLEDGE_TIME,UNKNOWN,UNKNOWN,MIXED,WAIT,04_MARKET_LEARNING/handlekompas/official/outcomes/2026/09/20/CMP-20260920-02425db96215_72h.json,MATURED_ARTIFACT,OFFICIAL_DAILY_COMPASS_SCORING_v1,,2026-09-23T16:00:54Z,2026-09-23T15:00:00Z,2026-09-23T17:21:00Z,ABSTAINED,ABSTAINED,4.1074831923498145,2.7304968653431905,OPPORTUNITY_COST_OR_NEUTRAL,False,,NOT_ASSIGNED,NOT_ESTABLISHED,LEGACY_OPEN_TIMESTAMP_NOT_CLOSE,PASS,,
CMP-20260920-02425db96215,168h,04_MARKET_LEARNING/handlekompas/official/daily/2026/09/20/CMP-20260920-02425db96215.json,2344c8640e9eeb44eb6aeabfbf79a96c74f4115399cc9e9caf005d016d1768fa,True,2026-09-20T16:00:54Z,080373615838bfb18c02949df64b841532f552a3,,UNTESTABLE,FROZEN_OFFICIAL_ARTIFACT,PENDING_KNOWLEDGE_TIME,UNKNOWN,UNKNOWN,SIDEWAYS,WAIT,04_MARKET_LEARNING/handlekompas/official/outcomes/2026/09/20/CMP-20260920-02425db96215_168h.json,MATURED_ARTIFACT,OFFICIAL_DAILY_COMPASS_SCORING_v1,,2026-09-27T16:00:54Z,2026-09-27T17:00:00Z,2026-09-27T18:34:43Z,CORRECT,CORRECT,4.823863461011957,4.089943959065745,OPPORTUNITY_COST_OR_NEUTRAL,False,,NOT_ASSIGNED,NOT_ESTABLISHED,LEGACY_OPEN_TIMESTAMP_NOT_CLOSE,PASS,,
CMP-20260920-18d650dfab47,12h,04_MARKET_LEARNING/handlekompas/official/daily/2026/09/20/CMP-20260920-18d650dfab47.json,c994cfc0ac4711df6cd35cd05340b29bf939673bdeae9c190605732594cd1bbc,True,2026-09-20T11:18:56Z,00bfd60f6a08b6ac78a857a59738742fa81d9ec5,,UNTESTABLE,FROZEN_OFFICIAL_ARTIFACT,PENDING_KNOWLEDGE_TIME,UNKNOWN,UNKNOWN,UNAVAILABLE,NO_EDGE,04_MARKET_LEARNING/handlekompas/official/outcomes/2026/09/20/CMP-20260920-18d650dfab47_12h.json,MATURED_ARTIFACT,OFFICIAL_DAILY_COMPASS_SCORING_v1,,2026-09-20T23:18:56Z,2026-09-20T23:00:00Z,2026-09-21T01:20:26Z,ABSTAINED,ABSTAINED,1.0687555886123912,2.8780224096826013,ABSTAINED,False,,NOT_ASSIGNED,NOT_ESTABLISHED,LEGACY_OPEN_TIMESTAMP_NOT_CLOSE,PASS,,
CMP-20260920-18d650dfab47,72h,04_MARKET_LEARNING/handlekompas/official/daily/2026/09/20/CMP-20260920-18d650dfab47.json,c994cfc0ac4711df6cd35cd05340b29bf939673bdeae9c190605732594cd1bbc,True,2026-09-20T11:18:56Z,00bfd60f6a08b6ac78a857a59738742fa81d9ec5,,UNTESTABLE,FROZEN_OFFICIAL_ARTIFACT,PENDING_KNOWLEDGE_TIME,UNKNOWN,UNKNOWN,UNAVAILABLE,NO_EDGE,04_MARKET_LEARNING/handlekompas/official/outcomes/2026/09/20/CMP-20260920-18d650dfab47_72h.json,MATURED_ARTIFACT,OFFICIAL_DAILY_COMPASS_SCORING_v1,,2026-09-23T11:18:56Z,2026-09-23T10:00:00Z,2026-09-23T11:55:45Z,ABSTAINED,ABSTAINED,6.976493153973173,6.4996635825156135,ABSTAINED,False,,NOT_ASSIGNED,NOT_ESTABLISHED,LEGACY_OPEN_TIMESTAMP_NOT_CLOSE,PASS,,
CMP-20260920-18d650dfab47,168h,04_MARKET_LEARNING/handlekompas/official/daily/2026/09/20/CMP-20260920-18d650dfab47.json,c994cfc0ac4711df6cd35cd05340b29bf939673bdeae9c190605732594cd1bbc,True,2026-09-20T11:18:56Z,00bfd60f6a08b6ac78a857a59738742fa81d9ec5,,UNTESTABLE,FROZEN_OFFICIAL_ARTIFACT,PENDING_KNOWLEDGE_TIME,UNKNOWN,UNKNOWN,UNAVAILABLE,NO_EDGE,04_MARKET_LEARNING/handlekompas/official/outcomes/2026/09/20/CMP-20260920-18d650dfab47_168h.json,MATURED_ARTIFACT,OFFICIAL_DAILY_COMPASS_SCORING_v1,,2026-09-27T11:18:56Z,2026-09-27T12:00:00Z,2026-09-27T14:14:07Z,ABSTAINED,ABSTAINED,5.580743823610623,5.295172311868734,ABSTAINED,False,,NOT_ASSIGNED,NOT_ESTABLISHED,LEGACY_OPEN_TIMESTAMP_NOT_CLOSE,PASS,,
CMP-20260920-228a8d21e943,12h,04_MARKET_LEARNING/handlekompas/official/daily/2026/09/20/CMP-20260920-228a8d21e943.json,98d63426260c32c15492c8e62f871071a9601c2548acf239adea52e2645f0327,True,2026-09-20T20:53:15Z,8cab185c0d5c03d6992a9b20b6cf26f19a32d14e,,UNTESTABLE,FROZEN_OFFICIAL_ARTIFACT,PENDING_KNOWLEDGE_TIME,UNKNOWN,UNKNOWN,SIDEWAYS,HOLD,04_MARKET_LEARNING/handlekompas/official/outcomes/2026/09/20/CMP-20260920-228a8d21e943_12h.json,MATURED_ARTIFACT,OFFICIAL_DAILY_COMPASS_SCORING_v1,,2026-09-21T08:53:15Z,2026-09-21T09:00:00Z,2026-09-21T14:25:36Z,INCORRECT,INCORRECT,4.32022057491539,3.5927368537280957,OPPORTUNITY_COST_OR_NEUTRAL,False,,NOT_ASSIGNED,NOT_ESTABLISHED,LEGACY_OPEN_TIMESTAMP_NOT_CLOSE,PASS,,
CMP-20260920-228a8d21e943,72h,04_MARKET_LEARNING/handlekompas/official/daily/2026/09/20/CMP-20260920-228a8d21e943.json,98d63426260c32c15492c8e62f871071a9601c2548acf239adea52e2645f0327,True,2026-09-20T20:53:15Z,8cab185c0d5c03d6992a9b20b6cf26f19a32d14e,,UNTESTABLE,FROZEN_OFFICIAL_ARTIFACT,PENDING_KNOWLEDGE_TIME,UNKNOWN,UNKNOWN,SIDEWAYS,WAIT,04_MARKET_LEARNING/handlekompas/official/outcomes/2026/09/20/CMP-20260920-228a8d21e943_72h.json,MATURED_ARTIFACT,OFFICIAL_DAILY_COMPASS_SCORING_v1,,2026-09-23T20:53:15Z,2026-09-23T21:00:00Z,2026-09-23T23:50:13Z,INCORRECT,CORRECT,4.031574923528547,1.9421948591423321,OPPORTUNITY_COST_OR_NEUTRAL,False,,NOT_ASSIGNED,NOT_ESTABLISHED,LEGACY_OPEN_TIMESTAMP_NOT_CLOSE,PASS,,
CMP-20260920-228a8d21e943,168h,04_MARKET_LEARNING/handlekompas/official/daily/2026/09/20/CMP-20260920-228a8d21e943.json,98d63426260c32c15492c8e62f871071a9601c2548acf239adea52e2645f0327,True,2026-09-20T20:53:15Z,8cab185c0d5c03d6992a9b20b6cf26f19a32d14e,,UNTESTABLE,FROZEN_OFFICIAL_ARTIFACT,PENDING_KNOWLEDGE_TIME,UNKNOWN,UNKNOWN,SIDEWAYS,WAIT,04_MARKET_LEARNING/handlekompas/official/outcomes/2026/09/20/CMP-20260920-228a8d21e943_168h.json,MATURED_ARTIFACT,OFFICIAL_DAILY_COMPASS_SCORING_v1,,2026-09-27T20:53:15Z,2026-09-27T21:00:00Z,2026-09-27T22:26:15Z,CORRECT,CORRECT,4.362562992973085,2.209479860341701,OPPORTUNITY_COST_OR_NEUTRAL,False,,NOT_ASSIGNED,NOT_ESTABLISHED,LEGACY_OPEN_TIMESTAMP_NOT_CLOSE,PASS,,
CMP-20260920-98c1ca177259,12h,04_MARKET_LEARNING/handlekompas/official/daily/2026/09/20/CMP-20260920-98c1ca177259.json,23644c3cdb27af9a3f95959175669196ef5d417f5ea543d14686d372fbe7f6bd,True,2026-09-20T11:27:12Z,7e3c351b8bec149e5a4cc0bc51e898cda7655f48,,UNTESTABLE,FROZEN_OFFICIAL_ARTIFACT,PENDING_KNOWLEDGE_TIME,UNKNOWN,UNKNOWN,UNAVAILABLE,NO_EDGE,04_MARKET_LEARNING/handlekompas/official/outcomes/2026/09/20/CMP-20260920-98c1ca177259_12h.json,MATURED_ARTIFACT,OFFICIAL_DAILY_COMPASS_SCORING_v1,,2026-09-20T23:27:12Z,2026-09-20T23:00:00Z,2026-09-21T01:20:26Z,ABSTAINED,ABSTAINED,1.0687555886123912,2.8780224096826013,ABSTAINED,False,,NOT_ASSIGNED,NOT_ESTABLISHED,LEGACY_OPEN_TIMESTAMP_NOT_CLOSE,PASS,,
CMP-20260920-98c1ca177259,72h,04_MARKET_LEARNING/handlekompas/official/daily/2026/09/20/CMP-20260920-98c1ca177259.json,23644c3cdb27af9a3f95959175669196ef5d417f5ea543d14686d372fbe7f6bd,True,2026-09-20T11:27:12Z,7e3c351b8bec149e5a4cc0bc51e898cda7655f48,,UNTESTABLE,FROZEN_OFFICIAL_ARTIFACT,PENDING_KNOWLEDGE_TIME,UNKNOWN,UNKNOWN,UNAVAILABLE,NO_EDGE,04_MARKET_LEARNING/handlekompas/official/outcomes/2026/09/20/CMP-20260920-98c1ca177259_72h.json,MATURED_ARTIFACT,OFFICIAL_DAILY_COMPASS_SCORING_v1,,2026-09-23T11:27:12Z,2026-09-23T10:00:00Z,2026-09-23T11:55:45Z,ABSTAINED,ABSTAINED,6.976493153973173,6.4996635825156135,ABSTAINED,False,,NOT_ASSIGNED,NOT_ESTABLISHED,LEGACY_OPEN_TIMESTAMP_NOT_CLOSE,PASS,,
CMP-20260920-98c1ca177259,168h,04_MARKET_LEARNING/handlekompas/official/daily/2026/09/20/CMP-20260920-98c1ca177259.json,23644c3cdb27af9a3f95959175669196ef5d417f5ea543d14686d372fbe7f6bd,True,2026-09-20T11:27:12Z,7e3c351b8bec149e5a4cc0bc51e898cda7655f48,,UNTESTABLE,FROZEN_OFFICIAL_ARTIFACT,PENDING_KNOWLEDGE_TIME,UNKNOWN,UNKNOWN,UNAVAILABLE,NO_EDGE,04_MARKET_LEARNING/handlekompas/official/outcomes/2026/09/20/CMP-20260920-98c1ca177259_168h.json,MATURED_ARTIFACT,OFFICIAL_DAILY_COMPASS_SCORING_v1,,2026-09-27T11:27:12Z,2026-09-27T12:00:00Z,2026-09-27T14:14:07Z,ABSTAINED,ABSTAINED,5.580743823610623,5.295172311868734,ABSTAINED,False,,NOT_ASSIGNED,NOT_ESTABLISHED,LEGACY_OPEN_TIMESTAMP_NOT_CLOSE,PASS,,
CMP-20260921-010cdd740986,12h,04_MARKET_LEARNING/handlekompas/official/daily/2026/09/21/CMP-20260921-010cdd740986.json,a851e8cadc94ae87e0921556f5188a1b94b1f077069de257afa9f9c0304df2fc,True,2026-09-21T22:01:22Z,5d0c87817a35f78a6f3293b7199fc7dc54e64a01,,UNTESTABLE,FROZEN_OFFICIAL_ARTIFACT,PENDING_KNOWLEDGE_TIME,UNKNOWN,UNKNOWN,UNAVAILABLE,NO_EDGE,04_MARKET_LEARNING/handlekompas/official/outcomes/2026/09/21/CMP-20260921-010cdd740986_12h.json,MATURED_ARTIFACT,OFFICIAL_DAILY_COMPASS_SCORING_v1,,2026-09-22T10:01:22Z,2026-09-22T11:00:00Z,2026-09-22T15:06:27Z,ABSTAINED,ABSTAINED,-0.07568701391895694,-0.565586251903416,ABSTAINED,False,,NOT_ASSIGNED,NOT_ESTABLISHED,LEGACY_OPEN_TIMESTAMP_NOT_CLOSE,PASS,,
CMP-20260921-010cdd740986,72h,04_MARKET_LEARNING/handlekompas/official/daily/2026/09/21/CMP-20260921-010cdd740986.json,a851e8cadc94ae87e0921556f5188a1b94b1f077069de257afa9f9c0304df2fc,True,2026-09-21T22:01:22Z,5d0c87817a35f78a6f3293b7199fc7dc54e64a01,,UNTESTABLE,FROZEN_OFFICIAL_ARTIFACT,PENDING_KNOWLEDGE_TIME,UNKNOWN,UNKNOWN,UNAVAILABLE,NO_EDGE,04_MARKET_LEARNING/handlekompas/official/outcomes/2026/09/21/CMP-20260921-010cdd740986_72h.json,MATURED_ARTIFACT,OFFICIAL_DAILY_COMPASS_SCORING_v1,,2026-09-24T22:01:22Z,2026-09-24T21:00:00Z,2026-09-24T22:37:42Z,ABSTAINED,ABSTAINED,-1.977589067043961,-2.591545210644619,ABSTAINED,False,,NOT_ASSIGNED,NOT_ESTABLISHED,LEGACY_OPEN_TIMESTAMP_NOT_CLOSE,PASS,,
CMP-20260921-010cdd740986,168h,04_MARKET_LEARNING/handlekompas/official/daily/2026/09/21/CMP-20260921-010cdd740986.json,a851e8cadc94ae87e0921556f5188a1b94b1f077069de257afa9f9c0304df2fc,True,2026-09-21T22:01:22Z,5d0c87817a35f78a6f3293b7199fc7dc54e64a01,,UNTESTABLE,FROZEN_OFFICIAL_ARTIFACT,PENDING_KNOWLEDGE_TIME,UNKNOWN,UNKNOWN,UNAVAILABLE,NO_EDGE,04_MARKET_LEARNING/handlekompas/official/outcomes/2026/09/21/CMP-20260921-010cdd740986_168h.json,MATURED_ARTIFACT,OFFICIAL_DAILY_COMPASS_SCORING_v1,,2026-09-28T22:01:22Z,2026-09-28T23:00:00Z,2026-09-29T20:56:56Z,ABSTAINED,ABSTAINED,-2.9653551496628516,-2.5193967079979673,ABSTAINED,False,,NOT_ASSIGNED,NOT_ESTABLISHED,LEGACY_OPEN_TIMESTAMP_NOT_CLOSE,PASS,,
CMP-20260921-4dc6212040ec,12h,04_MARKET_LEARNING/handlekompas/official/daily/2026/09/21/CMP-20260921-4dc6212040ec.json,3eb410e5c9484432ef6129e2c1dec34f960ddc138a9c11169e6b955ac33217ed,True,2026-09-21T19:21:09Z,ada2477b433cd50c3de8cfc1160079c14824f715,,UNTESTABLE,FROZEN_OFFICIAL_ARTIFACT,PENDING_KNOWLEDGE_TIME,UNKNOWN,UNKNOWN,UP,PREPARE,04_MARKET_LEARNING/handlekompas/official/outcomes/2026/09/21/CMP-20260921-4dc6212040ec_12h.json,MATURED_ARTIFACT,OFFICIAL_DAILY_COMPASS_SCORING_v1,,2026-09-22T07:21:09Z,2026-09-22T08:00:00Z,2026-09-22T10:10:32Z,CORRECT,INCORRECT,0.19990296536678276,-0.3328257559277681,FAVORED,False,,NOT_ASSIGNED,NOT_ESTABLISHED,LEGACY_OPEN_TIMESTAMP_NOT_CLOSE,PASS,,
CMP-20260921-4dc6212040ec,72h,04_MARKET_LEARNING/handlekompas/official/daily/2026/09/21/CMP-20260921-4dc6212040ec.json,3eb410e5c9484432ef6129e2c1dec34f960ddc138a9c11169e6b955ac33217ed,True,2026-09-21T19:21:09Z,ada2477b433cd50c3de8cfc1160079c14824f715,,UNTESTABLE,FROZEN_OFFICIAL_ARTIFACT,PENDING_KNOWLEDGE_TIME,UNKNOWN,UNKNOWN,UP,PREPARE,04_MARKET_LEARNING/handlekompas/official/outcomes/2026/09/21/CMP-20260921-4dc6212040ec_72h.json,MATURED_ARTIFACT,OFFICIAL_DAILY_COMPASS_SCORING_v1,,2026-09-24T19:21:09Z,2026-09-24T18:00:00Z,2026-09-24T19:24:00Z,INCORRECT,INCORRECT,-1.8311539277237276,-2.4682764121528478,NOT_FAVORED,False,,NOT_ASSIGNED,NOT_ESTABLISHED,LEGACY_OPEN_TIMESTAMP_NOT_CLOSE,PASS,,
CMP-20260921-4dc6212040ec,168h,04_MARKET_LEARNING/handlekompas/official/daily/2026/09/21/CMP-20260921-4dc6212040ec.json,3eb410e5c9484432ef6129e2c1dec34f960ddc138a9c11169e6b955ac33217ed,True,2026-09-21T19:21:09Z,ada2477b433cd50c3de8cfc1160079c14824f715,,UNTESTABLE,FROZEN_OFFICIAL_ARTIFACT,PENDING_KNOWLEDGE_TIME,UNKNOWN,UNKNOWN,SIDEWAYS,PREPARE,04_MARKET_LEARNING/handlekompas/official/outcomes/2026/09/21/CMP-20260921-4dc6212040ec_168h.json,MATURED_ARTIFACT,OFFICIAL_DAILY_COMPASS_SCORING_v1,,2026-09-28T19:21:09Z,2026-09-28T20:00:00Z,2026-09-28T22:12:55Z,CORRECT,CORRECT,-2.9095863826127832,-2.7300413313030125,NOT_FAVORED,False,,NOT_ASSIGNED,NOT_ESTABLISHED,LEGACY_OPEN_TIMESTAMP_NOT_CLOSE,PASS,,
CMP-20260921-740167638eac,12h,04_MARKET_LEARNING/handlekompas/official/daily/2026/09/21/CMP-20260921-740167638eac.json,3094c9852f2a2348a531a108ac0180fb7cae4806c7c40d4a4d761d1af3a770bb,True,2026-09-21T12:51:06Z,a396836134bfb46c01ceee713448d793c9c8166f,,UNTESTABLE,FROZEN_OFFICIAL_ARTIFACT,PENDING_KNOWLEDGE_TIME,UNKNOWN,UNKNOWN,UNAVAILABLE,NO_EDGE,04_MARKET_LEARNING/handlekompas/official/outcomes/2026/09/21/CMP-20260921-740167638eac_12h.json,MATURED_ARTIFACT,OFFICIAL_DAILY_COMPASS_SCORING_v1,,2026-09-22T00:51:06Z,2026-09-22T01:00:00Z,2026-09-22T05:13:57Z,ABSTAINED,ABSTAINED,4.9861802575107195,3.1312255900593167,ABSTAINED,False,,NOT_ASSIGNED,NOT_ESTABLISHED,LEGACY_OPEN_TIMESTAMP_NOT_CLOSE,PASS,,
CMP-20260921-740167638eac,72h,04_MARKET_LEARNING/handlekompas/official/daily/2026/09/21/CMP-20260921-740167638eac.json,3094c9852f2a2348a531a108ac0180fb7cae4806c7c40d4a4d761d1af3a770bb,True,2026-09-21T12:51:06Z,a396836134bfb46c01ceee713448d793c9c8166f,,UNTESTABLE,FROZEN_OFFICIAL_ARTIFACT,PENDING_KNOWLEDGE_TIME,UNKNOWN,UNKNOWN,UNAVAILABLE,NO_EDGE,04_MARKET_LEARNING/handlekompas/official/outcomes/2026/09/21/CMP-20260921-740167638eac_72h.json,MATURED_ARTIFACT,OFFICIAL_DAILY_COMPASS_SCORING_v1,,2026-09-24T12:51:06Z,2026-09-24T13:00:00Z,2026-09-24T15:21:59Z,ABSTAINED,ABSTAINED,3.321189454322493,0.17633309697195898,ABSTAINED,False,,NOT_ASSIGNED,NOT_ESTABLISHED,LEGACY_OPEN_TIMESTAMP_NOT_CLOSE,PASS,,
CMP-20260921-740167638eac,168h,04_MARKET_LEARNING/handlekompas/official/daily/2026/09/21/CMP-20260921-740167638eac.json,3094c9852f2a2348a531a108ac0180fb7cae4806c7c40d4a4d761d1af3a770bb,True,2026-09-21T12:51:06Z,a396836134bfb46c01ceee713448d793c9c8166f,,UNTESTABLE,FROZEN_OFFICIAL_ARTIFACT,PENDING_KNOWLEDGE_TIME,UNKNOWN,UNKNOWN,UNAVAILABLE,NO_EDGE,04_MARKET_LEARNING/handlekompas/official/outcomes/2026/09/21/CMP-20260921-740167638eac_168h.json,MATURED_ARTIFACT,OFFICIAL_DAILY_COMPASS_SCORING_v1,,2026-09-28T12:51:06Z,2026-09-28T13:00:00Z,2026-09-28T15:45:16Z,ABSTAINED,ABSTAINED,2.565285101164938,0.9469462484195779,ABSTAINED,False,,NOT_ASSIGNED,NOT_ESTABLISHED,LEGACY_OPEN_TIMESTAMP_NOT_CLOSE,PASS,,
CMP-20260921-796287a04206,12h,04_MARKET_LEARNING/handlekompas/official/daily/2026/09/21/CMP-20260921-796287a04206.json,8b25bfc4e47b80503584d2232c7af366c309aa1fb062b56fbd004feec4c93133,True,2026-09-21T00:11:36Z,0ad335b63df59aab98fe451ef8933eadd13f0ff5,,UNTESTABLE,FROZEN_OFFICIAL_ARTIFACT,PENDING_KNOWLEDGE_TIME,UNKNOWN,UNKNOWN,UP,PREPARE,04_MARKET_LEARNING/handlekompas/official/outcomes/2026/09/21/CMP-20260921-796287a04206_12h.json,MATURED_ARTIFACT,OFFICIAL_DAILY_COMPASS_SCORING_v1,,2026-09-21T12:11:36Z,2026-09-21T12:00:00Z,2026-09-21T14:25:36Z,CORRECT,CORRECT,5.1060632190987665,3.4001081199602323,FAVORED,False,,NOT_ASSIGNED,NOT_ESTABLISHED,LEGACY_OPEN_TIMESTAMP_NOT_CLOSE,PASS,,
CMP-20260921-796287a04206,72h,04_MARKET_LEARNING/handlekompas/official/daily/2026/09/21/CMP-20260921-796287a04206.json,8b25bfc4e47b80503584d2232c7af366c309aa1fb062b56fbd004feec4c93133,True,2026-09-21T00:11:36Z,0ad335b63df59aab98fe451ef8933eadd13f0ff5,,UNTESTABLE,FROZEN_OFFICIAL_ARTIFACT,PENDING_KNOWLEDGE_TIME,UNKNOWN,UNKNOWN,UP,PREPARE,04_MARKET_LEARNING/handlekompas/official/outcomes/2026/09/21/CMP-20260921-796287a04206_72h.json,MATURED_ARTIFACT,OFFICIAL_DAILY_COMPASS_SCORING_v1,,2026-09-24T00:11:36Z,2026-09-24T01:00:00Z,2026-09-24T05:09:10Z,CORRECT,CORRECT,3.6048559954667603,1.1269426623973233,FAVORED,False,,NOT_ASSIGNED,NOT_ESTABLISHED,LEGACY_OPEN_TIMESTAMP_NOT_CLOSE,PASS,,
CMP-20260921-796287a04206,168h,04_MARKET_LEARNING/handlekompas/official/daily/2026/09/21/CMP-20260921-796287a04206.json,8b25bfc4e47b80503584d2232c7af366c309aa1fb062b56fbd004feec4c93133,True,2026-09-21T00:11:36Z,0ad335b63df59aab98fe451ef8933eadd13f0ff5,,UNTESTABLE,FROZEN_OFFICIAL_ARTIFACT,PENDING_KNOWLEDGE_TIME,UNKNOWN,UNKNOWN,SIDEWAYS,PREPARE,04_MARKET_LEARNING/handlekompas/official/outcomes/2026/09/21/CMP-20260921-796287a04206_168h.json,MATURED_ARTIFACT,OFFICIAL_DAILY_COMPASS_SCORING_v1,,2026-09-28T00:11:36Z,2026-09-27T23:00:00Z,2026-09-28T01:05:10Z,CORRECT,CORRECT,4.05774963660106,1.6422136616752514,FAVORED,False,,NOT_ASSIGNED,NOT_ESTABLISHED,LEGACY_OPEN_TIMESTAMP_NOT_CLOSE,PASS,,
CMP-20260921-b752921c9586,12h,04_MARKET_LEARNING/handlekompas/official/daily/2026/09/21/CMP-20260921-b752921c9586.json,61da21343c3adab015ab50d612642d57d88e52bf54aa9bd4c694d225fe81d2cf,True,2026-09-21T23:14:42Z,1a7a02efa639247d564cfc09784e7a906a8d1294,,UNTESTABLE,FROZEN_OFFICIAL_ARTIFACT,PENDING_KNOWLEDGE_TIME,UNKNOWN,UNKNOWN,UP,PREPARE,04_MARKET_LEARNING/handlekompas/official/outcomes/2026/09/21/CMP-20260921-b752921c9586_12h.json,MATURED_ARTIFACT,OFFICIAL_DAILY_COMPASS_SCORING_v1,,2026-09-22T11:14:42Z,2026-09-22T12:00:00Z,2026-09-22T15:06:27Z,INCORRECT,INCORRECT,-0.4970635162805159,-0.8131807240186917,NOT_FAVORED,False,,NOT_ASSIGNED,NOT_ESTABLISHED,LEGACY_OPEN_TIMESTAMP_NOT_CLOSE,PASS,,
CMP-20260921-b752921c9586,72h,04_MARKET_LEARNING/handlekompas/official/daily/2026/09/21/CMP-20260921-b752921c9586.json,61da21343c3adab015ab50d612642d57d88e52bf54aa9bd4c694d225fe81d2cf,True,2026-09-21T23:14:42Z,1a7a02efa639247d564cfc09784e7a906a8d1294,,UNTESTABLE,FROZEN_OFFICIAL_ARTIFACT,PENDING_KNOWLEDGE_TIME,UNKNOWN,UNKNOWN,UP,PREPARE,04_MARKET_LEARNING/handlekompas/official/outcomes/2026/09/21/CMP-20260921-b752921c9586_72h.json,MATURED_ARTIFACT,OFFICIAL_DAILY_COMPASS_SCORING_v1,,2026-09-24T23:14:42Z,2026-09-25T00:00:00Z,2026-09-25T01:42:25Z,INCORRECT,INCORRECT,-2.1557540483500337,-3.181839443582879,NOT_FAVORED,False,,NOT_ASSIGNED,NOT_ESTABLISHED,LEGACY_OPEN_TIMESTAMP_NOT_CLOSE,PASS,,
CMP-20260921-b752921c9586,168h,04_MARKET_LEARNING/handlekompas/official/daily/2026/09/21/CMP-20260921-b752921c9586.json,61da21343c3adab015ab50d612642d57d88e52bf54aa9bd4c694d225fe81d2cf,True,2026-09-21T23:14:42Z,1a7a02efa639247d564cfc09784e7a906a8d1294,,UNTESTABLE,FROZEN_OFFICIAL_ARTIFACT,PENDING_KNOWLEDGE_TIME,UNKNOWN,UNKNOWN,SIDEWAYS,PREPARE,04_MARKET_LEARNING/handlekompas/official/outcomes/2026/09/21/CMP-20260921-b752921c9586_168h.json,MATURED_ARTIFACT,OFFICIAL_DAILY_COMPASS_SCORING_v1,,2026-09-28T23:14:42Z,2026-09-29T00:00:00Z,2026-09-29T20:56:56Z,CORRECT,CORRECT,-3.780114081819941,-3.669388063514456,NOT_FAVORED,False,,NOT_ASSIGNED,NOT_ESTABLISHED,LEGACY_OPEN_TIMESTAMP_NOT_CLOSE,PASS,,
CMP-20260922-17e2cad026fc,12h,04_MARKET_LEARNING/handlekompas/official/daily/2026/09/22/CMP-20260922-17e2cad026fc.json,5bfaeb0f872aa34c4ce68e17bca8e8559b27c075dde59bc04dbe6e52bb05ece7,True,2026-09-22T18:48:47Z,840059ebc7ec59df41f90c1fef1e2d6025d04f1f,,UNTESTABLE,FROZEN_OFFICIAL_ARTIFACT,PENDING_KNOWLEDGE_TIME,UNKNOWN,UNKNOWN,SIDEWAYS,HOLD,04_MARKET_LEARNING/handlekompas/official/outcomes/2026/09/22/CMP-20260922-17e2cad026fc_12h.json,MATURED_ARTIFACT,OFFICIAL_DAILY_COMPASS_SCORING_v1,,2026-09-23T06:48:47Z,2026-09-23T07:00:00Z,2026-09-23T11:55:45Z,CORRECT,CORRECT,-0.5145763717416041,-0.3987072878463227,PROTECTIVE,True,,NOT_ASSIGNED,NOT_ESTABLISHED,LEGACY_OPEN_TIMESTAMP_NOT_CLOSE,PASS,,
CMP-20260922-17e2cad026fc,72h,04_MARKET_LEARNING/handlekompas/official/daily/2026/09/22/CMP-20260922-17e2cad026fc.json,5bfaeb0f872aa34c4ce68e17bca8e8559b27c075dde59bc04dbe6e52bb05ece7,True,2026-09-22T18:48:47Z,840059ebc7ec59df41f90c1fef1e2d6025d04f1f,,UNTESTABLE,FROZEN_OFFICIAL_ARTIFACT,PENDING_KNOWLEDGE_TIME,UNKNOWN,UNKNOWN,SIDEWAYS,WAIT,04_MARKET_LEARNING/handlekompas/official/outcomes/2026/09/22/CMP-20260922-17e2cad026fc_72h.json,MATURED_ARTIFACT,OFFICIAL_DAILY_COMPASS_SCORING_v1,,2026-09-25T18:48:47Z,2026-09-25T17:00:00Z,2026-09-25T21:32:40Z,INCORRECT,CORRECT,-3.217191034702005,-2.4688623406805,PROTECTIVE,False,,NOT_ASSIGNED,NOT_ESTABLISHED,LEGACY_OPEN_TIMESTAMP_NOT_CLOSE,PASS,,
CMP-20260922-17e2cad026fc,168h,04_MARKET_LEARNING/handlekompas/official/daily/2026/09/22/CMP-20260922-17e2cad026fc.json,5bfaeb0f872aa34c4ce68e17bca8e8559b27c075dde59bc04dbe6e52bb05ece7,True,2026-09-22T18:48:47Z,840059ebc7ec59df41f90c1fef1e2d6025d04f1f,,UNTESTABLE,FROZEN_OFFICIAL_ARTIFACT,PENDING_KNOWLEDGE_TIME,UNKNOWN,UNKNOWN,SIDEWAYS,WAIT,04_MARKET_LEARNING/handlekompas/official/outcomes/2026/09/22/CMP-20260922-17e2cad026fc_168h.json,MATURED_ARTIFACT,OFFICIAL_DAILY_COMPASS_SCORING_v1,,2026-09-29T18:48:47Z,2026-09-29T19:00:00Z,2026-09-29T20:56:56Z,CORRECT,CORRECT,-3.437936639658168,-2.319982570173207,PROTECTIVE,False,,NOT_ASSIGNED,NOT_ESTABLISHED,LEGACY_OPEN_TIMESTAMP_NOT_CLOSE,PASS,,
CMP-20260922-648b9ac76d94,12h,04_MARKET_LEARNING/handlekompas/official/daily/2026/09/22/CMP-20260922-648b9ac76d94.json,06d4d2144a1606ca9d9b9789226b4ba710a978e3e376d673aefafdd46b881e27,True,2026-09-22T11:41:04Z,d9cfe61fa7c0e9f3c5b2f9aa271be469dd436794,,UNTESTABLE,FROZEN_OFFICIAL_ARTIFACT,PENDING_KNOWLEDGE_TIME,UNKNOWN,UNKNOWN,UNAVAILABLE,NO_EDGE,04_MARKET_LEARNING/handlekompas/official/outcomes/2026/09/22/CMP-20260922-648b9ac76d94_12h.json,MATURED_ARTIFACT,OFFICIAL_DAILY_COMPASS_SCORING_v1,,2026-09-22T23:41:04Z,2026-09-22T23:00:00Z,2026-09-23T00:48:51Z,ABSTAINED,ABSTAINED,-0.017640147258701777,0.16769612443707782,ABSTAINED,False,,NOT_ASSIGNED,NOT_ESTABLISHED,LEGACY_OPEN_TIMESTAMP_NOT_CLOSE,PASS,,
CMP-20260922-648b9ac76d94,72h,04_MARKET_LEARNING/handlekompas/official/daily/2026/09/22/CMP-20260922-648b9ac76d94.json,06d4d2144a1606ca9d9b9789226b4ba710a978e3e376d673aefafdd46b881e27,True,2026-09-22T11:41:04Z,d9cfe61fa7c0e9f3c5b2f9aa271be469dd436794,,UNTESTABLE,FROZEN_OFFICIAL_ARTIFACT,PENDING_KNOWLEDGE_TIME,UNKNOWN,UNKNOWN,UNAVAILABLE,NO_EDGE,04_MARKET_LEARNING/handlekompas/official/outcomes/2026/09/22/CMP-20260922-648b9ac76d94_72h.json,MATURED_ARTIFACT,OFFICIAL_DAILY_COMPASS_SCORING_v1,,2026-09-25T11:41:04Z,2026-09-25T12:00:00Z,2026-09-25T14:02:44Z,ABSTAINED,ABSTAINED,-2.0318874945969068,-1.1385875693883718,ABSTAINED,False,,NOT_ASSIGNED,NOT_ESTABLISHED,LEGACY_OPEN_TIMESTAMP_NOT_CLOSE,PASS,,
CMP-20260922-648b9ac76d94,168h,04_MARKET_LEARNING/handlekompas/official/daily/2026/09/22/CMP-20260922-648b9ac76d94.json,06d4d2144a1606ca9d9b9789226b4ba710a978e3e376d673aefafdd46b881e27,True,2026-09-22T11:41:04Z,d9cfe61fa7c0e9f3c5b2f9aa271be469dd436794,,UNTESTABLE,FROZEN_OFFICIAL_ARTIFACT,PENDING_KNOWLEDGE_TIME,UNKNOWN,UNKNOWN,UNAVAILABLE,NO_EDGE,04_MARKET_LEARNING/handlekompas/official/outcomes/2026/09/22/CMP-20260922-648b9ac76d94_168h.json,MATURED_ARTIFACT,OFFICIAL_DAILY_COMPASS_SCORING_v1,,2026-09-29T11:41:04Z,2026-09-29T12:00:00Z,2026-09-29T20:56:56Z,ABSTAINED,ABSTAINED,-2.193037952295518,-0.4434307498672241,ABSTAINED,False,,NOT_ASSIGNED,NOT_ESTABLISHED,LEGACY_OPEN_TIMESTAMP_NOT_CLOSE,PASS,,
CMP-20260922-821190eadd5a,12h,04_MARKET_LEARNING/handlekompas/official/daily/2026/09/22/CMP-20260922-821190eadd5a.json,e7a7af6f8abe30f6b4767bfcf2dfe306b3a9bed800a4fa9d7fdf57f88e918e2b,True,2026-09-22T04:44:37Z,2558eb39867d4395325ae4ce0766dbbd618d25fb,,UNTESTABLE,FROZEN_OFFICIAL_ARTIFACT,PENDING_KNOWLEDGE_TIME,UNKNOWN,UNKNOWN,MIXED,PREPARE,04_MARKET_LEARNING/handlekompas/official/outcomes/2026/09/22/CMP-20260922-821190eadd5a_12h.json,MATURED_ARTIFACT,OFFICIAL_DAILY_COMPASS_SCORING_v1,,2026-09-22T16:44:37Z,2026-09-22T17:00:00Z,2026-09-22T22:21:39Z,ABSTAINED,ABSTAINED,1.0239012995603147,0.5201394338692822,FAVORED,False,,NOT_ASSIGNED,NOT_ESTABLISHED,LEGACY_OPEN_TIMESTAMP_NOT_CLOSE,PASS,,
CMP-20260922-821190eadd5a,72h,04_MARKET_LEARNING/handlekompas/official/daily/2026/09/22/CMP-20260922-821190eadd5a.json,e7a7af6f8abe30f6b4767bfcf2dfe306b3a9bed800a4fa9d7fdf57f88e918e2b,True,2026-09-22T04:44:37Z,2558eb39867d4395325ae4ce0766dbbd618d25fb,,UNTESTABLE,FROZEN_OFFICIAL_ARTIFACT,PENDING_KNOWLEDGE_TIME,UNKNOWN,UNKNOWN,UP,PREPARE,04_MARKET_LEARNING/handlekompas/official/outcomes/2026/09/22/CMP-20260922-821190eadd5a_72h.json,MATURED_ARTIFACT,OFFICIAL_DAILY_COMPASS_SCORING_v1,,2026-09-25T04:44:37Z,2026-09-25T05:00:00Z,2026-09-25T07:18:16Z,INCORRECT,INCORRECT,-1.7490611524908273,-2.1794754804445815,NOT_FAVORED,False,,NOT_ASSIGNED,NOT_ESTABLISHED,LEGACY_OPEN_TIMESTAMP_NOT_CLOSE,PASS,,
CMP-20260922-821190eadd5a,168h,04_MARKET_LEARNING/handlekompas/official/daily/2026/09/22/CMP-20260922-821190eadd5a.json,e7a7af6f8abe30f6b4767bfcf2dfe306b3a9bed800a4fa9d7fdf57f88e918e2b,True,2026-09-22T04:44:37Z,2558eb39867d4395325ae4ce0766dbbd618d25fb,,UNTESTABLE,FROZEN_OFFICIAL_ARTIFACT,PENDING_KNOWLEDGE_TIME,UNKNOWN,UNKNOWN,SIDEWAYS,PREPARE,04_MARKET_LEARNING/handlekompas/official/outcomes/2026/09/22/CMP-20260922-821190eadd5a_168h.json,MATURED_ARTIFACT,OFFICIAL_DAILY_COMPASS_SCORING_v1,,2026-09-29T04:44:37Z,2026-09-29T05:00:00Z,2026-09-29T20:56:56Z,CORRECT,CORRECT,-2.6394390289129155,-2.3035789243151528,NOT_FAVORED,False,,NOT_ASSIGNED,NOT_ESTABLISHED,LEGACY_OPEN_TIMESTAMP_NOT_CLOSE,PASS,,
CMP-20260922-8f79ee1bcfac,12h,04_MARKET_LEARNING/handlekompas/official/daily/2026/09/22/CMP-20260922-8f79ee1bcfac.json,cb1caace6e6db822da9efe7d32dfcba4702a3ac58a210451ce8d9ec295bf14c6,True,2026-09-22T14:45:26Z,534a896e641c4520adb9b309a1b9f62507faa23e,,UNTESTABLE,FROZEN_OFFICIAL_ARTIFACT,PENDING_KNOWLEDGE_TIME,UNKNOWN,UNKNOWN,UP,PREPARE,04_MARKET_LEARNING/handlekompas/official/outcomes/2026/09/22/CMP-20260922-8f79ee1bcfac_12h.json,MATURED_ARTIFACT,OFFICIAL_DAILY_COMPASS_SCORING_v1,,2026-09-23T02:45:26Z,2026-09-23T03:00:00Z,2026-09-23T06:21:13Z,CORRECT,CORRECT,0.4149120497866754,0.5371141530666756,FAVORED,False,,NOT_ASSIGNED,NOT_ESTABLISHED,LEGACY_OPEN_TIMESTAMP_NOT_CLOSE,PASS,,
CMP-20260922-8f79ee1bcfac,72h,04_MARKET_LEARNING/handlekompas/official/daily/2026/09/22/CMP-20260922-8f79ee1bcfac.json,cb1caace6e6db822da9efe7d32dfcba4702a3ac58a210451ce8d9ec295bf14c6,True,2026-09-22T14:45:26Z,534a896e641c4520adb9b309a1b9f62507faa23e,,UNTESTABLE,FROZEN_OFFICIAL_ARTIFACT,PENDING_KNOWLEDGE_TIME,UNKNOWN,UNKNOWN,UP,PREPARE,04_MARKET_LEARNING/handlekompas/official/outcomes/2026/09/22/CMP-20260922-8f79ee1bcfac_72h.json,MATURED_ARTIFACT,OFFICIAL_DAILY_COMPASS_SCORING_v1,,2026-09-25T14:45:26Z,2026-09-25T15:00:00Z,2026-09-25T18:47:37Z,INCORRECT,INCORRECT,-2.9532343185284415,-2.6199718033190877,NOT_FAVORED,False,,NOT_ASSIGNED,NOT_ESTABLISHED,LEGACY_OPEN_TIMESTAMP_NOT_CLOSE,PASS,,
CMP-20260922-8f79ee1bcfac,168h,04_MARKET_LEARNING/handlekompas/official/daily/2026/09/22/CMP-20260922-8f79ee1bcfac.json,cb1caace6e6db822da9efe7d32dfcba4702a3ac58a210451ce8d9ec295bf14c6,True,2026-09-22T14:45:26Z,534a896e641c4520adb9b309a1b9f62507faa23e,,UNTESTABLE,FROZEN_OFFICIAL_ARTIFACT,PENDING_KNOWLEDGE_TIME,UNKNOWN,UNKNOWN,SIDEWAYS,PREPARE,04_MARKET_LEARNING/handlekompas/official/outcomes/2026/09/22/CMP-20260922-8f79ee1bcfac_168h.json,MATURED_ARTIFACT,OFFICIAL_DAILY_COMPASS_SCORING_v1,,2026-09-29T14:45:26Z,2026-09-29T15:00:00Z,2026-09-29T20:56:56Z,CORRECT,CORRECT,-3.7963653445017287,-3.081339088645585,NOT_FAVORED,False,,NOT_ASSIGNED,NOT_ESTABLISHED,LEGACY_OPEN_TIMESTAMP_NOT_CLOSE,PASS,,
CMP-20260922-9e2f256ecd43,12h,04_MARKET_LEARNING/handlekompas/official/daily/2026/09/22/CMP-20260922-9e2f256ecd43.json,4b21e66d6d5d71ff94b9395e8e2335b1a4ddc46c6325270778b73bfd27937bb2,True,2026-09-22T10:23:57Z,415a923e36ec9a45542de43ae1b116613a29dcb3,,UNTESTABLE,FROZEN_OFFICIAL_ARTIFACT,PENDING_KNOWLEDGE_TIME,UNKNOWN,UNKNOWN,UNAVAILABLE,NO_EDGE,04_MARKET_LEARNING/handlekompas/official/outcomes/2026/09/22/CMP-20260922-9e2f256ecd43_12h.json,MATURED_ARTIFACT,OFFICIAL_DAILY_COMPASS_SCORING_v1,,2026-09-22T22:23:57Z,2026-09-22T23:00:00Z,2026-09-23T00:48:51Z,ABSTAINED,ABSTAINED,-0.017640147258701777,0.16769612443707782,ABSTAINED,False,,NOT_ASSIGNED,NOT_ESTABLISHED,LEGACY_OPEN_TIMESTAMP_NOT_CLOSE,PASS,,
CMP-20260922-9e2f256ecd43,72h,04_MARKET_LEARNING/handlekompas/official/daily/2026/09/22/CMP-20260922-9e2f256ecd43.json,4b21e66d6d5d71ff94b9395e8e2335b1a4ddc46c6325270778b73bfd27937bb2,True,2026-09-22T10:23:57Z,415a923e36ec9a45542de43ae1b116613a29dcb3,,UNTESTABLE,FROZEN_OFFICIAL_ARTIFACT,PENDING_KNOWLEDGE_TIME,UNKNOWN,UNKNOWN,UNAVAILABLE,NO_EDGE,04_MARKET_LEARNING/handlekompas/official/outcomes/2026/09/22/CMP-20260922-9e2f256ecd43_72h.json,MATURED_ARTIFACT,OFFICIAL_DAILY_COMPASS_SCORING_v1,,2026-09-25T10:23:57Z,2026-09-25T11:00:00Z,2026-09-25T14:02:44Z,ABSTAINED,ABSTAINED,-1.9033382557965273,-1.1454991233239453,ABSTAINED,False,,NOT_ASSIGNED,NOT_ESTABLISHED,LEGACY_OPEN_TIMESTAMP_NOT_CLOSE,PASS,,
CMP-20260922-9e2f256ecd43,168h,04_MARKET_LEARNING/handlekompas/official/daily/2026/09/22/CMP-20260922-9e2f256ecd43.json,4b21e66d6d5d71ff94b9395e8e2335b1a4ddc46c6325270778b73bfd27937bb2,True,2026-09-22T10:23:57Z,415a923e36ec9a45542de43ae1b116613a29dcb3,,UNTESTABLE,FROZEN_OFFICIAL_ARTIFACT,PENDING_KNOWLEDGE_TIME,UNKNOWN,UNKNOWN,UNAVAILABLE,NO_EDGE,04_MARKET_LEARNING/handlekompas/official/outcomes/2026/09/22/CMP-20260922-9e2f256ecd43_168h.json,MATURED_ARTIFACT,OFFICIAL_DAILY_COMPASS_SCORING_v1,,2026-09-29T10:23:57Z,2026-09-29T11:00:00Z,2026-09-29T20:56:56Z,ABSTAINED,ABSTAINED,-2.1638580637334814,-0.6020327243890566,ABSTAINED,False,,NOT_ASSIGNED,NOT_ESTABLISHED,LEGACY_OPEN_TIMESTAMP_NOT_CLOSE,PASS,,
CMP-20260922-b6285ac6cd24,12h,04_MARKET_LEARNING/handlekompas/official/daily/2026/09/22/CMP-20260922-b6285ac6cd24.json,5af3e2f47eada8b3269198aca0b8038fea904318149e822234900c64c1db3dc1,True,2026-09-22T21:23:54Z,4b06b4b10384660f30a20e64db50b5191a9b0715,,UNTESTABLE,FROZEN_OFFICIAL_ARTIFACT,PENDING_KNOWLEDGE_TIME,UNKNOWN,UNKNOWN,UNAVAILABLE,NO_EDGE,04_MARKET_LEARNING/handlekompas/official/outcomes/2026/09/22/CMP-20260922-b6285ac6cd24_12h.json,MATURED_ARTIFACT,OFFICIAL_DAILY_COMPASS_SCORING_v1,,2026-09-23T09:23:54Z,2026-09-23T10:00:00Z,2026-09-23T11:55:45Z,ABSTAINED,ABSTAINED,-0.7475663692280365,-0.5653800065361869,ABSTAINED,False,,NOT_ASSIGNED,NOT_ESTABLISHED,LEGACY_OPEN_TIMESTAMP_NOT_CLOSE,PASS,,
CMP-20260922-b6285ac6cd24,72h,04_MARKET_LEARNING/handlekompas/official/daily/2026/09/22/CMP-20260922-b6285ac6cd24.json,5af3e2f47eada8b3269198aca0b8038fea904318149e822234900c64c1db3dc1,True,2026-09-22T21:23:54Z,4b06b4b10384660f30a20e64db50b5191a9b0715,,UNTESTABLE,FROZEN_OFFICIAL_ARTIFACT,PENDING_KNOWLEDGE_TIME,UNKNOWN,UNKNOWN,UNAVAILABLE,NO_EDGE,04_MARKET_LEARNING/handlekompas/official/outcomes/2026/09/22/CMP-20260922-b6285ac6cd24_72h.json,MATURED_ARTIFACT,OFFICIAL_DAILY_COMPASS_SCORING_v1,,2026-09-25T21:23:54Z,2026-09-25T21:00:00Z,2026-09-25T22:37:22Z,ABSTAINED,ABSTAINED,-3.2092321795573198,-2.6297251171066516,ABSTAINED,False,,NOT_ASSIGNED,NOT_ESTABLISHED,LEGACY_OPEN_TIMESTAMP_NOT_CLOSE,PASS,,
CMP-20260922-b6285ac6cd24,168h,04_MARKET_LEARNING/handlekompas/official/daily/2026/09/22/CMP-20260922-b6285ac6cd24.json,5af3e2f47eada8b3269198aca0b8038fea904318149e822234900c64c1db3dc1,True,2026-09-22T21:23:54Z,4b06b4b10384660f30a20e64db50b5191a9b0715,,UNTESTABLE,FROZEN_OFFICIAL_ARTIFACT,PENDING_KNOWLEDGE_TIME,UNKNOWN,UNKNOWN,UNAVAILABLE,NO_EDGE,04_MARKET_LEARNING/handlekompas/official/outcomes/2026/09/22/CMP-20260922-b6285ac6cd24_168h.json,MATURED_ARTIFACT,OFFICIAL_DAILY_COMPASS_SCORING_v1,,2026-09-29T21:23:54Z,2026-09-29T22:00:00Z,2026-09-30T00:39:12Z,ABSTAINED,ABSTAINED,-3.4171442749841185,-2.617015868404815,ABSTAINED,False,,NOT_ASSIGNED,NOT_ESTABLISHED,LEGACY_OPEN_TIMESTAMP_NOT_CLOSE,PASS,,
CMP-20260923-131455eff4fe,12h,04_MARKET_LEARNING/handlekompas/official/daily/2026/09/23/CMP-20260923-131455eff4fe.json,ad6ecc93bf8245691f7db6e4ca27d6db5d35721e16ad202afdf84ddd51e83e5b,True,2026-09-23T20:15:14Z,3355f99d40e75d13fc852bd330cee128fcc7ac66,,UNTESTABLE,FROZEN_OFFICIAL_ARTIFACT,PENDING_KNOWLEDGE_TIME,UNKNOWN,UNKNOWN,MIXED,HOLD,04_MARKET_LEARNING/handlekompas/official/outcomes/2026/09/23/CMP-20260923-131455eff4fe_12h.json,MATURED_ARTIFACT,OFFICIAL_DAILY_COMPASS_SCORING_v1,,2026-09-24T08:15:14Z,2026-09-24T08:00:00Z,2026-09-24T10:19:43Z,ABSTAINED,ABSTAINED,-1.0151683665018063,-0.36095962254149017,PROTECTIVE,True,,NOT_ASSIGNED,NOT_ESTABLISHED,LEGACY_OPEN_TIMESTAMP_NOT_CLOSE,PASS,,
CMP-20260923-131455eff4fe,72h,04_MARKET_LEARNING/handlekompas/official/daily/2026/09/23/CMP-20260923-131455eff4fe.json,ad6ecc93bf8245691f7db6e4ca27d6db5d35721e16ad202afdf84ddd51e83e5b,True,2026-09-23T20:15:14Z,3355f99d40e75d13fc852bd330cee128fcc7ac66,,UNTESTABLE,FROZEN_OFFICIAL_ARTIFACT,PENDING_KNOWLEDGE_TIME,UNKNOWN,UNKNOWN,MIXED,WAIT,04_MARKET_LEARNING/handlekompas/official/outcomes/2026/09/23/CMP-20260923-131455eff4fe_72h.json,MATURED_ARTIFACT,OFFICIAL_DAILY_COMPASS_SCORING_v1,,2026-09-26T20:15:14Z,2026-09-26T21:00:00Z,2026-09-26T23:03:39Z,ABSTAINED,ABSTAINED,-0.4250573842258465,0.27398589756510994,PROTECTIVE,False,,NOT_ASSIGNED,NOT_ESTABLISHED,LEGACY_OPEN_TIMESTAMP_NOT_CLOSE,PASS,,
CMP-20260923-131455eff4fe,168h,04_MARKET_LEARNING/handlekompas/official/daily/2026/09/23/CMP-20260923-131455eff4fe.json,ad6ecc93bf8245691f7db6e4ca27d6db5d35721e16ad202afdf84ddd51e83e5b,True,2026-09-23T20:15:14Z,3355f99d40e75d13fc852bd330cee128fcc7ac66,,UNTESTABLE,FROZEN_OFFICIAL_ARTIFACT,PENDING_KNOWLEDGE_TIME,UNKNOWN,UNKNOWN,SIDEWAYS,WAIT,04_MARKET_LEARNING/handlekompas/official/outcomes/2026/09/23/CMP-20260923-131455eff4fe_168h.json,MATURED_ARTIFACT,OFFICIAL_DAILY_COMPASS_SCORING_v2,2026-09-23T20:00:00Z,2026-09-30T20:00:00Z,2026-09-30T19:00:00Z,2026-09-30T21:55:39Z,CORRECT,CORRECT,-0.19943680636077543,0.6293463532626387,PROTECTIVE,False,167.0,NOT_ASSIGNED,NOT_ESTABLISHED,V2_EXPLICIT_CLOSE,PASS,,
CMP-20260923-1ff91daff520,12h,04_MARKET_LEARNING/handlekompas/official/daily/2026/09/23/CMP-20260923-1ff91daff520.json,d3c97d528f7d70d6d1927aefa1d5a1afda5431afcb2fcce6f56e66e2205f81c2,True,2026-09-23T12:21:05Z,4cd59400a4a627b0cf718c40678ea40de003b9e4,,UNTESTABLE,FROZEN_OFFICIAL_ARTIFACT,PENDING_KNOWLEDGE_TIME,UNKNOWN,UNKNOWN,UNAVAILABLE,NO_EDGE,04_MARKET_LEARNING/handlekompas/official/outcomes/2026/09/23/CMP-20260923-1ff91daff520_12h.json,MATURED_ARTIFACT,OFFICIAL_DAILY_COMPASS_SCORING_v1,,2026-09-24T00:21:05Z,2026-09-24T01:00:00Z,2026-09-24T05:09:10Z,ABSTAINED,ABSTAINED,-2.116684145480374,-2.3119930760719054,ABSTAINED,False,,NOT_ASSIGNED,NOT_ESTABLISHED,LEGACY_OPEN_TIMESTAMP_NOT_CLOSE,PASS,,
CMP-20260923-1ff91daff520,72h,04_MARKET_LEARNING/handlekompas/official/daily/2026/09/23/CMP-20260923-1ff91daff520.json,d3c97d528f7d70d6d1927aefa1d5a1afda5431afcb2fcce6f56e66e2205f81c2,True,2026-09-23T12:21:05Z,4cd59400a4a627b0cf718c40678ea40de003b9e4,,UNTESTABLE,FROZEN_OFFICIAL_ARTIFACT,PENDING_KNOWLEDGE_TIME,UNKNOWN,UNKNOWN,UNAVAILABLE,NO_EDGE,04_MARKET_LEARNING/handlekompas/official/outcomes/2026/09/23/CMP-20260923-1ff91daff520_72h.json,MATURED_ARTIFACT,OFFICIAL_DAILY_COMPASS_SCORING_v1,,2026-09-26T12:21:05Z,2026-09-26T11:00:00Z,2026-09-26T13:17:33Z,ABSTAINED,ABSTAINED,-2.033295598027407,-1.7835688174909547,ABSTAINED,False,,NOT_ASSIGNED,NOT_ESTABLISHED,LEGACY_OPEN_TIMESTAMP_NOT_CLOSE,PASS,,
CMP-20260923-1ff91daff520,168h,04_MARKET_LEARNING/handlekompas/official/daily/2026/09/23/CMP-20260923-1ff91daff520.json,d3c97d528f7d70d6d1927aefa1d5a1afda5431afcb2fcce6f56e66e2205f81c2,True,2026-09-23T12:21:05Z,4cd59400a4a627b0cf718c40678ea40de003b9e4,,UNTESTABLE,FROZEN_OFFICIAL_ARTIFACT,PENDING_KNOWLEDGE_TIME,UNKNOWN,UNKNOWN,UNAVAILABLE,NO_EDGE,04_MARKET_LEARNING/handlekompas/official/outcomes/2026/09/23/CMP-20260923-1ff91daff520_168h.json,MATURED_ARTIFACT,OFFICIAL_DAILY_COMPASS_SCORING_v1,,2026-09-30T12:21:05Z,2026-09-30T12:00:00Z,2026-09-30T14:04:08Z,ABSTAINED,ABSTAINED,-0.7364145624685015,-0.267316210975288,ABSTAINED,False,,NOT_ASSIGNED,NOT_ESTABLISHED,LEGACY_OPEN_TIMESTAMP_NOT_CLOSE,PASS,,
CMP-20260923-46254b6cf1d1,12h,04_MARKET_LEARNING/handlekompas/official/daily/2026/09/23/CMP-20260923-46254b6cf1d1.json,7a2f0a9f5632c3a38ac291e27b6fab05c1144019d48aa1f0dc217e7df1d6e0b8,True,2026-09-23T16:51:47Z,a99367b2e9ee8d883c73a59eed6877e93c63eb23,,UNTESTABLE,FROZEN_OFFICIAL_ARTIFACT,PENDING_KNOWLEDGE_TIME,UNKNOWN,UNKNOWN,DOWN,HOLD,04_MARKET_LEARNING/handlekompas/official/outcomes/2026/09/23/CMP-20260923-46254b6cf1d1_12h.json,MATURED_ARTIFACT,OFFICIAL_DAILY_COMPASS_SCORING_v1,,2026-09-24T04:51:47Z,2026-09-24T03:00:00Z,2026-09-24T05:09:10Z,CORRECT,INCORRECT,-0.07381302992844896,0.7736587092135094,PROTECTIVE,True,,NOT_ASSIGNED,NOT_ESTABLISHED,LEGACY_OPEN_TIMESTAMP_NOT_CLOSE,PASS,,
CMP-20260923-46254b6cf1d1,72h,04_MARKET_LEARNING/handlekompas/official/daily/2026/09/23/CMP-20260923-46254b6cf1d1.json,7a2f0a9f5632c3a38ac291e27b6fab05c1144019d48aa1f0dc217e7df1d6e0b8,True,2026-09-23T16:51:47Z,a99367b2e9ee8d883c73a59eed6877e93c63eb23,,UNTESTABLE,FROZEN_OFFICIAL_ARTIFACT,PENDING_KNOWLEDGE_TIME,UNKNOWN,UNKNOWN,MIXED,WAIT,04_MARKET_LEARNING/handlekompas/official/outcomes/2026/09/23/CMP-20260923-46254b6cf1d1_72h.json,MATURED_ARTIFACT,OFFICIAL_DAILY_COMPASS_SCORING_v1,,2026-09-26T16:51:47Z,2026-09-26T16:00:00Z,2026-09-26T17:19:47Z,ABSTAINED,ABSTAINED,0.14761415452948512,1.3315965228652749,OPPORTUNITY_COST_OR_NEUTRAL,False,,NOT_ASSIGNED,NOT_ESTABLISHED,LEGACY_OPEN_TIMESTAMP_NOT_CLOSE,PASS,,
CMP-20260923-46254b6cf1d1,168h,04_MARKET_LEARNING/handlekompas/official/daily/2026/09/23/CMP-20260923-46254b6cf1d1.json,7a2f0a9f5632c3a38ac291e27b6fab05c1144019d48aa1f0dc217e7df1d6e0b8,True,2026-09-23T16:51:47Z,a99367b2e9ee8d883c73a59eed6877e93c63eb23,,UNTESTABLE,FROZEN_OFFICIAL_ARTIFACT,PENDING_KNOWLEDGE_TIME,UNKNOWN,UNKNOWN,SIDEWAYS,WAIT,04_MARKET_LEARNING/handlekompas/official/outcomes/2026/09/23/CMP-20260923-46254b6cf1d1_168h.json,MATURED_ARTIFACT,OFFICIAL_DAILY_COMPASS_SCORING_v1,,2026-09-30T16:51:47Z,2026-09-30T17:00:00Z,2026-09-30T19:33:07Z,CORRECT,CORRECT,0.042204385660715715,0.9980385586982887,OPPORTUNITY_COST_OR_NEUTRAL,False,,NOT_ASSIGNED,NOT_ESTABLISHED,LEGACY_OPEN_TIMESTAMP_NOT_CLOSE,PASS,,
CMP-20260923-516478b4bbd8,12h,04_MARKET_LEARNING/handlekompas/official/daily/2026/09/23/CMP-20260923-516478b4bbd8.json,20c94d254bc347d00fca02c8d3706eee2e1b2a3c08f6b8060d849f8dca2300ca,True,2026-09-23T00:23:09Z,3c96fad969a879c67022a7369be1bd91987169b8,,UNTESTABLE,FROZEN_OFFICIAL_ARTIFACT,PENDING_KNOWLEDGE_TIME,UNKNOWN,UNKNOWN,MIXED,PREPARE,04_MARKET_LEARNING/handlekompas/official/outcomes/2026/09/23/CMP-20260923-516478b4bbd8_12h.json,MATURED_ARTIFACT,OFFICIAL_DAILY_COMPASS_SCORING_v1,,2026-09-23T12:23:09Z,2026-09-23T13:00:00Z,2026-09-23T17:21:00Z,ABSTAINED,ABSTAINED,-0.4831886763912996,-1.3629282074933857,NOT_FAVORED,False,,NOT_ASSIGNED,NOT_ESTABLISHED,LEGACY_OPEN_TIMESTAMP_NOT_CLOSE,PASS,,
CMP-20260923-516478b4bbd8,72h,04_MARKET_LEARNING/handlekompas/official/daily/2026/09/23/CMP-20260923-516478b4bbd8.json,20c94d254bc347d00fca02c8d3706eee2e1b2a3c08f6b8060d849f8dca2300ca,True,2026-09-23T00:23:09Z,3c96fad969a879c67022a7369be1bd91987169b8,,UNTESTABLE,FROZEN_OFFICIAL_ARTIFACT,PENDING_KNOWLEDGE_TIME,UNKNOWN,UNKNOWN,UP,PREPARE,04_MARKET_LEARNING/handlekompas/official/outcomes/2026/09/23/CMP-20260923-516478b4bbd8_72h.json,MATURED_ARTIFACT,OFFICIAL_DAILY_COMPASS_SCORING_v1,,2026-09-26T00:23:09Z,2026-09-26T00:00:00Z,2026-09-26T01:47:12Z,INCORRECT,INCORRECT,-2.6662665517206197,-2.408457200132197,NOT_FAVORED,False,,NOT_ASSIGNED,NOT_ESTABLISHED,LEGACY_OPEN_TIMESTAMP_NOT_CLOSE,PASS,,
CMP-20260923-516478b4bbd8,168h,04_MARKET_LEARNING/handlekompas/official/daily/2026/09/23/CMP-20260923-516478b4bbd8.json,20c94d254bc347d00fca02c8d3706eee2e1b2a3c08f6b8060d849f8dca2300ca,True,2026-09-23T00:23:09Z,3c96fad969a879c67022a7369be1bd91987169b8,,UNTESTABLE,FROZEN_OFFICIAL_ARTIFACT,PENDING_KNOWLEDGE_TIME,UNKNOWN,UNKNOWN,SIDEWAYS,PREPARE,04_MARKET_LEARNING/handlekompas/official/outcomes/2026/09/23/CMP-20260923-516478b4bbd8_168h.json,MATURED_ARTIFACT,OFFICIAL_DAILY_COMPASS_SCORING_v1,,2026-09-30T00:23:09Z,2026-09-29T23:00:00Z,2026-09-30T00:39:12Z,CORRECT,CORRECT,-2.952027037686278,-2.747282677774432,NOT_FAVORED,False,,NOT_ASSIGNED,NOT_ESTABLISHED,LEGACY_OPEN_TIMESTAMP_NOT_CLOSE,PASS,,
CMP-20260923-8bd2520c1c5d,12h,04_MARKET_LEARNING/handlekompas/official/daily/2026/09/23/CMP-20260923-8bd2520c1c5d.json,5385c9dfc7ea4f8e80c597af7f1bb8ca19abce1903522ea7ed93afc66e905e34,True,2026-09-23T06:47:33Z,f026794e043c734cc4e68d9c40fca2f1fa370bab,,UNTESTABLE,FROZEN_OFFICIAL_ARTIFACT,PENDING_KNOWLEDGE_TIME,UNKNOWN,UNKNOWN,UP,PREPARE,04_MARKET_LEARNING/handlekompas/official/outcomes/2026/09/23/CMP-20260923-8bd2520c1c5d_12h.json,MATURED_ARTIFACT,OFFICIAL_DAILY_COMPASS_SCORING_v1,,2026-09-23T18:47:33Z,2026-09-23T19:00:00Z,2026-09-23T20:35:23Z,INCORRECT,INCORRECT,-3.0389384967582256,-3.622038745885281,NOT_FAVORED,False,,NOT_ASSIGNED,NOT_ESTABLISHED,LEGACY_OPEN_TIMESTAMP_NOT_CLOSE,PASS,,
CMP-20260923-8bd2520c1c5d,72h,04_MARKET_LEARNING/handlekompas/official/daily/2026/09/23/CMP-20260923-8bd2520c1c5d.json,5385c9dfc7ea4f8e80c597af7f1bb8ca19abce1903522ea7ed93afc66e905e34,True,2026-09-23T06:47:33Z,f026794e043c734cc4e68d9c40fca2f1fa370bab,,UNTESTABLE,FROZEN_OFFICIAL_ARTIFACT,PENDING_KNOWLEDGE_TIME,UNKNOWN,UNKNOWN,UP,PREPARE,04_MARKET_LEARNING/handlekompas/official/outcomes/2026/09/23/CMP-20260923-8bd2520c1c5d_72h.json,MATURED_ARTIFACT,OFFICIAL_DAILY_COMPASS_SCORING_v1,,2026-09-26T06:47:33Z,2026-09-26T06:00:00Z,2026-09-26T07:55:05Z,INCORRECT,INCORRECT,-3.757995432902028,-3.3802816901408517,NOT_FAVORED,False,,NOT_ASSIGNED,NOT_ESTABLISHED,LEGACY_OPEN_TIMESTAMP_NOT_CLOSE,PASS,,
CMP-20260923-8bd2520c1c5d,168h,04_MARKET_LEARNING/handlekompas/official/daily/2026/09/23/CMP-20260923-8bd2520c1c5d.json,5385c9dfc7ea4f8e80c597af7f1bb8ca19abce1903522ea7ed93afc66e905e34,True,2026-09-23T06:47:33Z,f026794e043c734cc4e68d9c40fca2f1fa370bab,,UNTESTABLE,FROZEN_OFFICIAL_ARTIFACT,PENDING_KNOWLEDGE_TIME,UNKNOWN,UNKNOWN,SIDEWAYS,PREPARE,04_MARKET_LEARNING/handlekompas/official/outcomes/2026/09/23/CMP-20260923-8bd2520c1c5d_168h.json,MATURED_ARTIFACT,OFFICIAL_DAILY_COMPASS_SCORING_v1,,2026-09-30T06:47:33Z,2026-09-30T05:00:00Z,2026-09-30T06:57:58Z,CORRECT,CORRECT,-4.33989029098758,-3.7616246649758045,NOT_FAVORED,False,,NOT_ASSIGNED,NOT_ESTABLISHED,LEGACY_OPEN_TIMESTAMP_NOT_CLOSE,PASS,,
CMP-20260923-d54caf621763,12h,04_MARKET_LEARNING/handlekompas/official/daily/2026/09/23/CMP-20260923-d54caf621763.json,0f96a1e2a1a30c55ad00906a779aefc041de06c9d807abf6b4fa46753701470d,True,2026-09-23T21:35:05Z,18e2e96ae111d26f0d63eb8972cb562b120fc5b3,,UNTESTABLE,FROZEN_OFFICIAL_ARTIFACT,PENDING_KNOWLEDGE_TIME,UNKNOWN,UNKNOWN,MIXED,HOLD,04_MARKET_LEARNING/handlekompas/official/outcomes/2026/09/23/CMP-20260923-d54caf621763_12h.json,MATURED_ARTIFACT,OFFICIAL_DAILY_COMPASS_SCORING_v1,,2026-09-24T09:35:05Z,2026-09-24T08:00:00Z,2026-09-24T10:19:43Z,ABSTAINED,ABSTAINED,-1.0151683665018063,-0.36095962254149017,PROTECTIVE,True,,NOT_ASSIGNED,NOT_ESTABLISHED,LEGACY_OPEN_TIMESTAMP_NOT_CLOSE,PASS,,
CMP-20260923-d54caf621763,72h,04_MARKET_LEARNING/handlekompas/official/daily/2026/09/23/CMP-20260923-d54caf621763.json,0f96a1e2a1a30c55ad00906a779aefc041de06c9d807abf6b4fa46753701470d,True,2026-09-23T21:35:05Z,18e2e96ae111d26f0d63eb8972cb562b120fc5b3,,UNTESTABLE,FROZEN_OFFICIAL_ARTIFACT,PENDING_KNOWLEDGE_TIME,UNKNOWN,UNKNOWN,MIXED,WAIT,04_MARKET_LEARNING/handlekompas/official/outcomes/2026/09/23/CMP-20260923-d54caf621763_72h.json,MATURED_ARTIFACT,OFFICIAL_DAILY_COMPASS_SCORING_v1,,2026-09-26T21:35:05Z,2026-09-26T21:00:00Z,2026-09-26T23:03:39Z,ABSTAINED,ABSTAINED,-0.4250573842258465,0.27398589756510994,PROTECTIVE,False,,NOT_ASSIGNED,NOT_ESTABLISHED,LEGACY_OPEN_TIMESTAMP_NOT_CLOSE,PASS,,
CMP-20260923-d54caf621763,168h,04_MARKET_LEARNING/handlekompas/official/daily/2026/09/23/CMP-20260923-d54caf621763.json,0f96a1e2a1a30c55ad00906a779aefc041de06c9d807abf6b4fa46753701470d,True,2026-09-23T21:35:05Z,18e2e96ae111d26f0d63eb8972cb562b120fc5b3,,UNTESTABLE,FROZEN_OFFICIAL_ARTIFACT,PENDING_KNOWLEDGE_TIME,UNKNOWN,UNKNOWN,SIDEWAYS,WAIT,04_MARKET_LEARNING/handlekompas/official/outcomes/2026/09/23/CMP-20260923-d54caf621763_168h.json,MATURED_ARTIFACT,OFFICIAL_DAILY_COMPASS_SCORING_v2,2026-09-23T20:00:00Z,2026-09-30T20:00:00Z,2026-09-30T19:00:00Z,2026-09-30T21:55:39Z,CORRECT,CORRECT,-0.19943680636077543,0.6293463532626387,PROTECTIVE,False,167.0,NOT_ASSIGNED,NOT_ESTABLISHED,V2_EXPLICIT_CLOSE,PASS,,
CMP-20260924-0d0d5a99aba4,12h,04_MARKET_LEARNING/handlekompas/official/daily/2026/09/24/CMP-20260924-0d0d5a99aba4.json,f069ad4f57c53d736559701110256f8a7cefe51a569524f46cce8a61a3f08273,True,2026-09-24T14:58:58Z,5f659a458be8e21a1d71da0410a2074d3b599b06,,UNTESTABLE,FROZEN_OFFICIAL_ARTIFACT,PENDING_KNOWLEDGE_TIME,UNKNOWN,UNKNOWN,MIXED,HOLD,04_MARKET_LEARNING/handlekompas/official/outcomes/2026/09/24/CMP-20260924-0d0d5a99aba4_12h.json,MATURED_ARTIFACT,OFFICIAL_DAILY_COMPASS_SCORING_v1,,2026-09-25T02:58:58Z,2026-09-25T03:00:00Z,2026-09-25T07:18:16Z,ABSTAINED,ABSTAINED,-0.03232910938405498,0.3363157323106547,PROTECTIVE,True,,NOT_ASSIGNED,NOT_ESTABLISHED,LEGACY_OPEN_TIMESTAMP_NOT_CLOSE,PASS,,
CMP-20260924-0d0d5a99aba4,72h,04_MARKET_LEARNING/handlekompas/official/daily/2026/09/24/CMP-20260924-0d0d5a99aba4.json,f069ad4f57c53d736559701110256f8a7cefe51a569524f46cce8a61a3f08273,True,2026-09-24T14:58:58Z,5f659a458be8e21a1d71da0410a2074d3b599b06,,UNTESTABLE,FROZEN_OFFICIAL_ARTIFACT,PENDING_KNOWLEDGE_TIME,UNKNOWN,UNKNOWN,MIXED,WAIT,04_MARKET_LEARNING/handlekompas/official/outcomes/2026/09/24/CMP-20260924-0d0d5a99aba4_72h.json,MATURED_ARTIFACT,OFFICIAL_DAILY_COMPASS_SCORING_v1,,2026-09-27T14:58:58Z,2026-09-27T15:00:00Z,2026-09-27T18:34:43Z,ABSTAINED,ABSTAINED,0.24322788829556075,0.7359247371831135,OPPORTUNITY_COST_OR_NEUTRAL,False,,NOT_ASSIGNED,NOT_ESTABLISHED,LEGACY_OPEN_TIMESTAMP_NOT_CLOSE,PASS,,
CMP-20260924-0d0d5a99aba4,168h,04_MARKET_LEARNING/handlekompas/official/daily/2026/09/24/CMP-20260924-0d0d5a99aba4.json,f069ad4f57c53d736559701110256f8a7cefe51a569524f46cce8a61a3f08273,True,2026-09-24T14:58:58Z,5f659a458be8e21a1d71da0410a2074d3b599b06,,UNTESTABLE,FROZEN_OFFICIAL_ARTIFACT,PENDING_KNOWLEDGE_TIME,UNKNOWN,UNKNOWN,SIDEWAYS,WAIT,04_MARKET_LEARNING/handlekompas/official/outcomes/2026/09/24/CMP-20260924-0d0d5a99aba4_168h.json,MATURED_ARTIFACT,OFFICIAL_DAILY_COMPASS_SCORING_v2,2026-09-24T14:00:00Z,2026-10-01T14:00:00Z,2026-10-01T13:00:00Z,2026-10-01T19:40:15Z,CORRECT,CORRECT,-0.5654271032583869,0.7891060667912342,PROTECTIVE,False,167.0,NOT_ASSIGNED,NOT_ESTABLISHED,V2_EXPLICIT_CLOSE,PASS,,
CMP-20260924-3a608da05d43,12h,04_MARKET_LEARNING/handlekompas/official/daily/2026/09/24/CMP-20260924-3a608da05d43.json,2a9fccb0d46ac86ae702c274685e380ff75bf5899be81790c3e41d50d8c7599a,True,2026-09-24T21:36:27Z,c8162b35563943b680d1e625425e05d2d1eb2edf,,UNTESTABLE,FROZEN_OFFICIAL_ARTIFACT,PENDING_KNOWLEDGE_TIME,UNKNOWN,UNKNOWN,UP,PREPARE,04_MARKET_LEARNING/handlekompas/official/outcomes/2026/09/24/CMP-20260924-3a608da05d43_12h.json,MATURED_ARTIFACT,OFFICIAL_DAILY_COMPASS_SCORING_v1,,2026-09-25T09:36:27Z,2026-09-25T10:00:00Z,2026-09-25T14:02:44Z,CORRECT,CORRECT,0.28132247249841313,0.8869492810729573,FAVORED,False,,NOT_ASSIGNED,NOT_ESTABLISHED,LEGACY_OPEN_TIMESTAMP_NOT_CLOSE,PASS,,
CMP-20260924-3a608da05d43,72h,04_MARKET_LEARNING/handlekompas/official/daily/2026/09/24/CMP-20260924-3a608da05d43.json,2a9fccb0d46ac86ae702c274685e380ff75bf5899be81790c3e41d50d8c7599a,True,2026-09-24T21:36:27Z,c8162b35563943b680d1e625425e05d2d1eb2edf,,UNTESTABLE,FROZEN_OFFICIAL_ARTIFACT,PENDING_KNOWLEDGE_TIME,UNKNOWN,UNKNOWN,UP,PREPARE,04_MARKET_LEARNING/handlekompas/official/outcomes/2026/09/24/CMP-20260924-3a608da05d43_72h.json,MATURED_ARTIFACT,OFFICIAL_DAILY_COMPASS_SCORING_v1,,2026-09-27T21:36:27Z,2026-09-27T21:00:00Z,2026-09-27T22:26:15Z,CORRECT,INCORRECT,0.2510298485925322,-0.21114299733839825,FAVORED,False,,NOT_ASSIGNED,NOT_ESTABLISHED,LEGACY_OPEN_TIMESTAMP_NOT_CLOSE,PASS,,
CMP-20260924-3a608da05d43,168h,04_MARKET_LEARNING/handlekompas/official/daily/2026/09/24/CMP-20260924-3a608da05d43.json,2a9fccb0d46ac86ae702c274685e380ff75bf5899be81790c3e41d50d8c7599a,True,2026-09-24T21:36:27Z,c8162b35563943b680d1e625425e05d2d1eb2edf,,UNTESTABLE,FROZEN_OFFICIAL_ARTIFACT,PENDING_KNOWLEDGE_TIME,UNKNOWN,UNKNOWN,SIDEWAYS,PREPARE,04_MARKET_LEARNING/handlekompas/official/outcomes/2026/09/24/CMP-20260924-3a608da05d43_168h.json,MATURED_ARTIFACT,OFFICIAL_DAILY_COMPASS_SCORING_v2,2026-09-24T19:00:00Z,2026-10-01T19:00:00Z,2026-10-01T18:00:00Z,2026-10-01T19:40:15Z,CORRECT,CORRECT,-0.32435244041474354,-0.3661546696801632,NOT_FAVORED,False,167.0,NOT_ASSIGNED,NOT_ESTABLISHED,V2_EXPLICIT_CLOSE,PASS,,
CMP-20260924-41c15c39a175,12h,04_MARKET_LEARNING/handlekompas/official/daily/2026/09/24/CMP-20260924-41c15c39a175.json,59685a7c55b2dd9adf2a6c0aeb7c8449b3c656c997afd6b1edd2ded98ec38358,True,2026-09-24T23:37:55Z,7c4a1124afd4b65cd9370d328ddffaadca1036ad,,UNTESTABLE,FROZEN_OFFICIAL_ARTIFACT,PENDING_KNOWLEDGE_TIME,UNKNOWN,UNKNOWN,UNAVAILABLE,NO_EDGE,04_MARKET_LEARNING/handlekompas/official/outcomes/2026/09/24/CMP-20260924-41c15c39a175_12h.json,MATURED_ARTIFACT,OFFICIAL_DAILY_COMPASS_SCORING_v1,,2026-09-25T11:37:55Z,2026-09-25T12:00:00Z,2026-09-25T14:02:44Z,ABSTAINED,ABSTAINED,0.14439834024897458,1.1538232491662637,ABSTAINED,False,,NOT_ASSIGNED,NOT_ESTABLISHED,LEGACY_OPEN_TIMESTAMP_NOT_CLOSE,PASS,,
CMP-20260924-41c15c39a175,72h,04_MARKET_LEARNING/handlekompas/official/daily/2026/09/24/CMP-20260924-41c15c39a175.json,59685a7c55b2dd9adf2a6c0aeb7c8449b3c656c997afd6b1edd2ded98ec38358,True,2026-09-24T23:37:55Z,7c4a1124afd4b65cd9370d328ddffaadca1036ad,,UNTESTABLE,FROZEN_OFFICIAL_ARTIFACT,PENDING_KNOWLEDGE_TIME,UNKNOWN,UNKNOWN,UNAVAILABLE,NO_EDGE,04_MARKET_LEARNING/handlekompas/official/outcomes/2026/09/24/CMP-20260924-41c15c39a175_72h.json,MATURED_ARTIFACT,OFFICIAL_DAILY_COMPASS_SCORING_v1,,2026-09-27T23:37:55Z,2026-09-27T23:00:00Z,2026-09-28T01:05:10Z,ABSTAINED,ABSTAINED,0.14463544754002022,0.07183480228680761,ABSTAINED,False,,NOT_ASSIGNED,NOT_ESTABLISHED,LEGACY_OPEN_TIMESTAMP_NOT_CLOSE,PASS,,
CMP-20260924-41c15c39a175,168h,04_MARKET_LEARNING/handlekompas/official/daily/2026/09/24/CMP-20260924-41c15c39a175.json,59685a7c55b2dd9adf2a6c0aeb7c8449b3c656c997afd6b1edd2ded98ec38358,True,2026-09-24T23:37:55Z,7c4a1124afd4b65cd9370d328ddffaadca1036ad,,UNTESTABLE,FROZEN_OFFICIAL_ARTIFACT,PENDING_KNOWLEDGE_TIME,UNKNOWN,UNKNOWN,UNAVAILABLE,NO_EDGE,04_MARKET_LEARNING/handlekompas/official/outcomes/2026/09/24/CMP-20260924-41c15c39a175_168h.json,MATURED_ARTIFACT,OFFICIAL_DAILY_COMPASS_SCORING_v2,2026-09-24T22:00:00Z,2026-10-01T22:00:00Z,2026-10-01T21:00:00Z,2026-10-02T00:01:12Z,ABSTAINED,ABSTAINED,0.5358861885003119,0.5084266317294084,ABSTAINED,False,167.0,NOT_ASSIGNED,NOT_ESTABLISHED,V2_EXPLICIT_CLOSE,PASS,,
CMP-20260924-4e8f75fc79c7,12h,04_MARKET_LEARNING/handlekompas/official/daily/2026/09/24/CMP-20260924-4e8f75fc79c7.json,d10d7bd9c207f003c83ad87e5bf7afcb5d5a10481d02207f1598ee34975b0504,True,2026-09-24T11:48:33Z,bc94910be2ddb3bd3b3c64d437298cdd3da93939,,UNTESTABLE,FROZEN_OFFICIAL_ARTIFACT,PENDING_KNOWLEDGE_TIME,UNKNOWN,UNKNOWN,DOWN,HOLD,04_MARKET_LEARNING/handlekompas/official/outcomes/2026/09/24/CMP-20260924-4e8f75fc79c7_12h.json,MATURED_ARTIFACT,OFFICIAL_DAILY_COMPASS_SCORING_v1,,2026-09-24T23:48:33Z,2026-09-25T00:00:00Z,2026-09-25T01:42:25Z,INCORRECT,INCORRECT,1.1116543150848646,0.8047053534634641,OPPORTUNITY_COST_OR_NEUTRAL,False,,NOT_ASSIGNED,NOT_ESTABLISHED,LEGACY_OPEN_TIMESTAMP_NOT_CLOSE,PASS,,
CMP-20260924-4e8f75fc79c7,72h,04_MARKET_LEARNING/handlekompas/official/daily/2026/09/24/CMP-20260924-4e8f75fc79c7.json,d10d7bd9c207f003c83ad87e5bf7afcb5d5a10481d02207f1598ee34975b0504,True,2026-09-24T11:48:33Z,bc94910be2ddb3bd3b3c64d437298cdd3da93939,,UNTESTABLE,FROZEN_OFFICIAL_ARTIFACT,PENDING_KNOWLEDGE_TIME,UNKNOWN,UNKNOWN,MIXED,WAIT,04_MARKET_LEARNING/handlekompas/official/outcomes/2026/09/24/CMP-20260924-4e8f75fc79c7_72h.json,MATURED_ARTIFACT,OFFICIAL_DAILY_COMPASS_SCORING_v1,,2026-09-27T11:48:33Z,2026-09-27T12:00:00Z,2026-09-27T14:14:07Z,ABSTAINED,ABSTAINED,1.365060961032749,1.4258419810437184,OPPORTUNITY_COST_OR_NEUTRAL,False,,NOT_ASSIGNED,NOT_ESTABLISHED,LEGACY_OPEN_TIMESTAMP_NOT_CLOSE,PASS,,
CMP-20260924-4e8f75fc79c7,168h,04_MARKET_LEARNING/handlekompas/official/daily/2026/09/24/CMP-20260924-4e8f75fc79c7.json,d10d7bd9c207f003c83ad87e5bf7afcb5d5a10481d02207f1598ee34975b0504,True,2026-09-24T11:48:33Z,bc94910be2ddb3bd3b3c64d437298cdd3da93939,,UNTESTABLE,FROZEN_OFFICIAL_ARTIFACT,PENDING_KNOWLEDGE_TIME,UNKNOWN,UNKNOWN,SIDEWAYS,WAIT,04_MARKET_LEARNING/handlekompas/official/outcomes/2026/09/24/CMP-20260924-4e8f75fc79c7_168h.json,MATURED_ARTIFACT,OFFICIAL_DAILY_COMPASS_SCORING_v2,2026-09-24T09:00:00Z,2026-10-01T09:00:00Z,2026-10-01T09:00:00Z,2026-10-01T13:42:08Z,CORRECT,CORRECT,0.7548171169017293,1.8229498370359254,OPPORTUNITY_COST_OR_NEUTRAL,False,168.0,NOT_ASSIGNED,NOT_ESTABLISHED,V2_EXPLICIT_CLOSE,PASS,,
CMP-20260924-8b0edd78cf64,12h,04_MARKET_LEARNING/handlekompas/official/daily/2026/09/24/CMP-20260924-8b0edd78cf64.json,b3c2ccdabe055918112697cbdf6323588ac54ce711f106c8efa3442cec135238,True,2026-09-24T04:38:28Z,d53de4fb46c054b1701843e1f47f330bc70d3e3c,,UNTESTABLE,FROZEN_OFFICIAL_ARTIFACT,PENDING_KNOWLEDGE_TIME,UNKNOWN,UNKNOWN,DOWN,HOLD,04_MARKET_LEARNING/handlekompas/official/outcomes/2026/09/24/CMP-20260924-8b0edd78cf64_12h.json,MATURED_ARTIFACT,OFFICIAL_DAILY_COMPASS_SCORING_v1,,2026-09-24T16:38:28Z,2026-09-24T17:00:00Z,2026-09-24T19:24:00Z,INCORRECT,CORRECT,0.20967662572062284,-0.2630045278620541,OPPORTUNITY_COST_OR_NEUTRAL,False,,NOT_ASSIGNED,NOT_ESTABLISHED,LEGACY_OPEN_TIMESTAMP_NOT_CLOSE,PASS,,
CMP-20260924-8b0edd78cf64,72h,04_MARKET_LEARNING/handlekompas/official/daily/2026/09/24/CMP-20260924-8b0edd78cf64.json,b3c2ccdabe055918112697cbdf6323588ac54ce711f106c8efa3442cec135238,True,2026-09-24T04:38:28Z,d53de4fb46c054b1701843e1f47f330bc70d3e3c,,UNTESTABLE,FROZEN_OFFICIAL_ARTIFACT,PENDING_KNOWLEDGE_TIME,UNKNOWN,UNKNOWN,MIXED,WAIT,04_MARKET_LEARNING/handlekompas/official/outcomes/2026/09/24/CMP-20260924-8b0edd78cf64_72h.json,MATURED_ARTIFACT,OFFICIAL_DAILY_COMPASS_SCORING_v1,,2026-09-27T04:38:28Z,2026-09-27T05:00:00Z,2026-09-27T08:26:35Z,ABSTAINED,ABSTAINED,0.6481877846655992,1.0561275571960183,OPPORTUNITY_COST_OR_NEUTRAL,False,,NOT_ASSIGNED,NOT_ESTABLISHED,LEGACY_OPEN_TIMESTAMP_NOT_CLOSE,PASS,,
CMP-20260924-8b0edd78cf64,168h,04_MARKET_LEARNING/handlekompas/official/daily/2026/09/24/CMP-20260924-8b0edd78cf64.json,b3c2ccdabe055918112697cbdf6323588ac54ce711f106c8efa3442cec135238,True,2026-09-24T04:38:28Z,d53de4fb46c054b1701843e1f47f330bc70d3e3c,,UNTESTABLE,FROZEN_OFFICIAL_ARTIFACT,PENDING_KNOWLEDGE_TIME,UNKNOWN,UNKNOWN,SIDEWAYS,WAIT,04_MARKET_LEARNING/handlekompas/official/outcomes/2026/09/24/CMP-20260924-8b0edd78cf64_168h.json,MATURED_ARTIFACT,OFFICIAL_DAILY_COMPASS_SCORING_v2,2026-09-24T04:00:00Z,2026-10-01T04:00:00Z,2026-10-01T05:00:00Z,2026-10-01T06:19:03Z,CORRECT,CORRECT,-0.5280696108764471,0.3832992124807477,PROTECTIVE,False,169.0,NOT_ASSIGNED,NOT_ESTABLISHED,V2_EXPLICIT_CLOSE,PASS,,
CMP-20260925-2d76e7da530f,12h,04_MARKET_LEARNING/handlekompas/official/daily/2026/09/25/CMP-20260925-2d76e7da530f.json,63928b859da1aa706158e134643d6f30e8d8d4d88e139cfc51b5142866b820d6,True,2026-09-25T21:34:23Z,b1e127609f75dfbeb30f166ecc2baa64d754fbc3,2026-09-25_DECISION_INTEGRITY_V3_2,UNTESTABLE,FROZEN_OFFICIAL_ARTIFACT,PENDING_KNOWLEDGE_TIME,UNKNOWN,UNKNOWN,UNAVAILABLE,NO_EDGE,04_MARKET_LEARNING/handlekompas/official/outcomes/2026/09/25/CMP-20260925-2d76e7da530f_12h.json,MATURED_ARTIFACT,OFFICIAL_DAILY_COMPASS_SCORING_v1,,2026-09-26T09:34:23Z,2026-09-26T10:00:00Z,2026-09-26T13:17:33Z,ABSTAINED,ABSTAINED,0.471217379794564,0.05361311436347105,ABSTAINED,False,,NOT_ASSIGNED,NOT_ESTABLISHED,LEGACY_OPEN_TIMESTAMP_NOT_CLOSE,PASS,,
CMP-20260925-2d76e7da530f,72h,04_MARKET_LEARNING/handlekompas/official/daily/2026/09/25/CMP-20260925-2d76e7da530f.json,63928b859da1aa706158e134643d6f30e8d8d4d88e139cfc51b5142866b820d6,True,2026-09-25T21:34:23Z,b1e127609f75dfbeb30f166ecc2baa64d754fbc3,2026-09-25_DECISION_INTEGRITY_V3_2,UNTESTABLE,FROZEN_OFFICIAL_ARTIFACT,PENDING_KNOWLEDGE_TIME,UNKNOWN,UNKNOWN,UNAVAILABLE,NO_EDGE,04_MARKET_LEARNING/handlekompas/official/outcomes/2026/09/25/CMP-20260925-2d76e7da530f_72h.json,MATURED_ARTIFACT,OFFICIAL_DAILY_COMPASS_SCORING_v1,,2026-09-28T21:34:23Z,2026-09-28T20:00:00Z,2026-09-28T22:12:55Z,ABSTAINED,ABSTAINED,-0.28299777848355134,-0.11206630155141672,ABSTAINED,False,,NOT_ASSIGNED,NOT_ESTABLISHED,LEGACY_OPEN_TIMESTAMP_NOT_CLOSE,PASS,,
CMP-20260925-2d76e7da530f,168h,04_MARKET_LEARNING/handlekompas/official/daily/2026/09/25/CMP-20260925-2d76e7da530f.json,63928b859da1aa706158e134643d6f30e8d8d4d88e139cfc51b5142866b820d6,True,2026-09-25T21:34:23Z,b1e127609f75dfbeb30f166ecc2baa64d754fbc3,2026-09-25_DECISION_INTEGRITY_V3_2,UNTESTABLE,FROZEN_OFFICIAL_ARTIFACT,PENDING_KNOWLEDGE_TIME,UNKNOWN,UNKNOWN,UNAVAILABLE,NO_EDGE,04_MARKET_LEARNING/handlekompas/official/outcomes/2026/09/25/CMP-20260925-2d76e7da530f_168h.json,MATURED_ARTIFACT,OFFICIAL_DAILY_COMPASS_SCORING_v2,2026-09-25T18:00:00Z,2026-10-02T18:00:00Z,2026-10-02T19:00:00Z,2026-10-02T23:08:00Z,ABSTAINED,ABSTAINED,1.640983702235399,0.15525464367756037,ABSTAINED,False,169.0,NOT_ASSIGNED,NOT_ESTABLISHED,V2_EXPLICIT_CLOSE,PASS,,
CMP-20260925-54c92c039fe1,12h,04_MARKET_LEARNING/handlekompas/official/daily/2026/09/25/CMP-20260925-54c92c039fe1.json,025c0faff114115e34b4361ffa6e05521097bf4d24c4ad1cad90811ae4649a46,True,2026-09-25T08:45:09Z,0642a1c2bac7942a818e0341a7cbaeb55b25457f,2026-09-25_DECISION_INTEGRITY_V3_1,UNTESTABLE,FROZEN_OFFICIAL_ARTIFACT,PENDING_KNOWLEDGE_TIME,UNKNOWN,UNKNOWN,UNAVAILABLE,NO_EDGE,04_MARKET_LEARNING/handlekompas/official/outcomes/2026/09/25/CMP-20260925-54c92c039fe1_12h.json,MATURED_ARTIFACT,OFFICIAL_DAILY_COMPASS_SCORING_v1,,2026-09-25T20:45:09Z,2026-09-25T21:00:00Z,2026-09-25T22:37:22Z,ABSTAINED,ABSTAINED,-0.2903517540101874,0.26023361201261697,ABSTAINED,False,,NOT_ASSIGNED,NOT_ESTABLISHED,LEGACY_OPEN_TIMESTAMP_NOT_CLOSE,PASS,,
CMP-20260925-54c92c039fe1,72h,04_MARKET_LEARNING/handlekompas/official/daily/2026/09/25/CMP-20260925-54c92c039fe1.json,025c0faff114115e34b4361ffa6e05521097bf4d24c4ad1cad90811ae4649a46,True,2026-09-25T08:45:09Z,0642a1c2bac7942a818e0341a7cbaeb55b25457f,2026-09-25_DECISION_INTEGRITY_V3_1,UNTESTABLE,FROZEN_OFFICIAL_ARTIFACT,PENDING_KNOWLEDGE_TIME,UNKNOWN,UNKNOWN,UNAVAILABLE,NO_EDGE,04_MARKET_LEARNING/handlekompas/official/outcomes/2026/09/25/CMP-20260925-54c92c039fe1_72h.json,MATURED_ARTIFACT,OFFICIAL_DAILY_COMPASS_SCORING_v1,,2026-09-28T08:45:09Z,2026-09-28T09:00:00Z,2026-09-28T15:45:16Z,ABSTAINED,ABSTAINED,-1.630241801132859,-1.2327445672494441,ABSTAINED,False,,NOT_ASSIGNED,NOT_ESTABLISHED,LEGACY_OPEN_TIMESTAMP_NOT_CLOSE,PASS,,
CMP-20260925-54c92c039fe1,168h,04_MARKET_LEARNING/handlekompas/official/daily/2026/09/25/CMP-20260925-54c92c039fe1.json,025c0faff114115e34b4361ffa6e05521097bf4d24c4ad1cad90811ae4649a46,True,2026-09-25T08:45:09Z,0642a1c2bac7942a818e0341a7cbaeb55b25457f,2026-09-25_DECISION_INTEGRITY_V3_1,UNTESTABLE,FROZEN_OFFICIAL_ARTIFACT,PENDING_KNOWLEDGE_TIME,UNKNOWN,UNKNOWN,UNAVAILABLE,NO_EDGE,04_MARKET_LEARNING/handlekompas/official/outcomes/2026/09/25/CMP-20260925-54c92c039fe1_168h.json,MATURED_ARTIFACT,OFFICIAL_DAILY_COMPASS_SCORING_v2,2026-09-25T07:00:00Z,2026-10-02T07:00:00Z,2026-10-02T06:00:00Z,2026-10-02T07:00:55Z,ABSTAINED,ABSTAINED,1.3708410681136707,1.739377533164821,ABSTAINED,False,167.0,NOT_ASSIGNED,NOT_ESTABLISHED,V2_EXPLICIT_CLOSE,PASS,,
CMP-20260925-7007af50f060,12h,04_MARKET_LEARNING/handlekompas/official/daily/2026/09/25/CMP-20260925-7007af50f060.json,e8a497635259dcfd6e9858077ef9b6d1c080ae848b2e317ed7624af1e772ddc2,True,2026-09-25T22:16:57Z,dbf90db7133ae41dd2aa86a9eaffd5f264539b11,2026-09-25_DECISION_INTEGRITY_V3_2,UNTESTABLE,FROZEN_OFFICIAL_ARTIFACT,PENDING_KNOWLEDGE_TIME,UNKNOWN,UNKNOWN,SIDEWAYS,HOLD,04_MARKET_LEARNING/handlekompas/official/outcomes/2026/09/25/CMP-20260925-7007af50f060_12h.json,MATURED_ARTIFACT,OFFICIAL_DAILY_COMPASS_SCORING_v1,,2026-09-26T10:16:57Z,2026-09-26T11:00:00Z,2026-09-26T13:17:33Z,CORRECT,CORRECT,0.4582776398701638,0.29871563464951567,OPPORTUNITY_COST_OR_NEUTRAL,False,,NOT_ASSIGNED,NOT_ESTABLISHED,LEGACY_OPEN_TIMESTAMP_NOT_CLOSE,PASS,,
CMP-20260925-7007af50f060,72h,04_MARKET_LEARNING/handlekompas/official/daily/2026/09/25/CMP-20260925-7007af50f060.json,e8a497635259dcfd6e9858077ef9b6d1c080ae848b2e317ed7624af1e772ddc2,True,2026-09-25T22:16:57Z,dbf90db7133ae41dd2aa86a9eaffd5f264539b11,2026-09-25_DECISION_INTEGRITY_V3_2,UNTESTABLE,FROZEN_OFFICIAL_ARTIFACT,PENDING_KNOWLEDGE_TIME,UNKNOWN,UNKNOWN,NO_EDGE,WAIT,04_MARKET_LEARNING/handlekompas/official/outcomes/2026/09/25/CMP-20260925-7007af50f060_72h.json,MATURED_ARTIFACT,OFFICIAL_DAILY_COMPASS_SCORING_v1,,2026-09-28T22:16:57Z,2026-09-28T23:00:00Z,2026-09-29T20:56:56Z,ABSTAINED,ABSTAINED,-0.34847002100439894,0.2696272207885153,PROTECTIVE,False,,NOT_ASSIGNED,NOT_ESTABLISHED,LEGACY_OPEN_TIMESTAMP_NOT_CLOSE,PASS,,
CMP-20260925-7007af50f060,168h,04_MARKET_LEARNING/handlekompas/official/daily/2026/09/25/CMP-20260925-7007af50f060.json,e8a497635259dcfd6e9858077ef9b6d1c080ae848b2e317ed7624af1e772ddc2,True,2026-09-25T22:16:57Z,dbf90db7133ae41dd2aa86a9eaffd5f264539b11,2026-09-25_DECISION_INTEGRITY_V3_2,UNTESTABLE,FROZEN_OFFICIAL_ARTIFACT,PENDING_KNOWLEDGE_TIME,UNKNOWN,UNKNOWN,NO_EDGE,WAIT,04_MARKET_LEARNING/handlekompas/official/outcomes/2026/09/25/CMP-20260925-7007af50f060_168h.json,MATURED_ARTIFACT,OFFICIAL_DAILY_COMPASS_SCORING_v2,2026-09-25T22:00:00Z,2026-10-02T22:00:00Z,2026-10-02T21:00:00Z,2026-10-02T23:08:00Z,ABSTAINED,ABSTAINED,0.6244987588313933,-0.5012157465280387,OPPORTUNITY_COST_OR_NEUTRAL,False,167.0,NOT_ASSIGNED,NOT_ESTABLISHED,V2_EXPLICIT_CLOSE,PASS,,
CMP-20260925-7db2125d683b,12h,04_MARKET_LEARNING/handlekompas/official/daily/2026/09/25/CMP-20260925-7db2125d683b.json,f8c7b3cfcb919fba8ca062c892726f6a365d2cb9efddb0363d8fa81e230e4989,True,2026-09-25T21:32:16Z,fbd9e92122528210f2e020d1be2028e6724fe1f7,2026-09-25_DECISION_INTEGRITY_V3_1,UNTESTABLE,FROZEN_OFFICIAL_ARTIFACT,PENDING_KNOWLEDGE_TIME,UNKNOWN,UNKNOWN,UNAVAILABLE,NO_EDGE,04_MARKET_LEARNING/handlekompas/official/outcomes/2026/09/25/CMP-20260925-7db2125d683b_12h.json,MATURED_ARTIFACT,OFFICIAL_DAILY_COMPASS_SCORING_v1,,2026-09-26T09:32:16Z,2026-09-26T10:00:00Z,2026-09-26T13:17:33Z,ABSTAINED,ABSTAINED,0.471217379794564,0.05361311436347105,ABSTAINED,False,,NOT_ASSIGNED,NOT_ESTABLISHED,LEGACY_OPEN_TIMESTAMP_NOT_CLOSE,PASS,,
CMP-20260925-7db2125d683b,72h,04_MARKET_LEARNING/handlekompas/official/daily/2026/09/25/CMP-20260925-7db2125d683b.json,f8c7b3cfcb919fba8ca062c892726f6a365d2cb9efddb0363d8fa81e230e4989,True,2026-09-25T21:32:16Z,fbd9e92122528210f2e020d1be2028e6724fe1f7,2026-09-25_DECISION_INTEGRITY_V3_1,UNTESTABLE,FROZEN_OFFICIAL_ARTIFACT,PENDING_KNOWLEDGE_TIME,UNKNOWN,UNKNOWN,UNAVAILABLE,NO_EDGE,04_MARKET_LEARNING/handlekompas/official/outcomes/2026/09/25/CMP-20260925-7db2125d683b_72h.json,MATURED_ARTIFACT,OFFICIAL_DAILY_COMPASS_SCORING_v1,,2026-09-28T21:32:16Z,2026-09-28T20:00:00Z,2026-09-28T22:12:55Z,ABSTAINED,ABSTAINED,-0.28299777848355134,-0.11206630155141672,ABSTAINED,False,,NOT_ASSIGNED,NOT_ESTABLISHED,LEGACY_OPEN_TIMESTAMP_NOT_CLOSE,PASS,,
CMP-20260925-7db2125d683b,168h,04_MARKET_LEARNING/handlekompas/official/daily/2026/09/25/CMP-20260925-7db2125d683b.json,f8c7b3cfcb919fba8ca062c892726f6a365d2cb9efddb0363d8fa81e230e4989,True,2026-09-25T21:32:16Z,fbd9e92122528210f2e020d1be2028e6724fe1f7,2026-09-25_DECISION_INTEGRITY_V3_1,UNTESTABLE,FROZEN_OFFICIAL_ARTIFACT,PENDING_KNOWLEDGE_TIME,UNKNOWN,UNKNOWN,UNAVAILABLE,NO_EDGE,04_MARKET_LEARNING/handlekompas/official/outcomes/2026/09/25/CMP-20260925-7db2125d683b_168h.json,MATURED_ARTIFACT,OFFICIAL_DAILY_COMPASS_SCORING_v2,2026-09-25T18:00:00Z,2026-10-02T18:00:00Z,2026-10-02T19:00:00Z,2026-10-02T23:08:00Z,ABSTAINED,ABSTAINED,1.640983702235399,0.15525464367756037,ABSTAINED,False,169.0,NOT_ASSIGNED,NOT_ESTABLISHED,V2_EXPLICIT_CLOSE,PASS,,
CMP-20260925-803a0ed6419e,12h,04_MARKET_LEARNING/handlekompas/official/daily/2026/09/25/CMP-20260925-803a0ed6419e.json,72678daa0096a80aaadbec2bd49d9474f752622201ef95ee35f63d86020f045c,True,2026-09-25T07:37:43Z,4895ed6b735eeedc5da5d7640a78e2d5cbafe481,2026-09-25_DECISION_INTEGRITY_V2,UNTESTABLE,FROZEN_OFFICIAL_ARTIFACT,PENDING_KNOWLEDGE_TIME,UNKNOWN,UNKNOWN,UNAVAILABLE,NO_EDGE,04_MARKET_LEARNING/handlekompas/official/outcomes/2026/09/25/CMP-20260925-803a0ed6419e_12h.json,MATURED_ARTIFACT,OFFICIAL_DAILY_COMPASS_SCORING_v1,,2026-09-25T19:37:43Z,2026-09-25T20:00:00Z,2026-09-25T22:37:22Z,ABSTAINED,ABSTAINED,-0.8322613982431171,-0.2244702279636579,ABSTAINED,False,,NOT_ASSIGNED,NOT_ESTABLISHED,LEGACY_OPEN_TIMESTAMP_NOT_CLOSE,PASS,,
CMP-20260925-803a0ed6419e,72h,04_MARKET_LEARNING/handlekompas/official/daily/2026/09/25/CMP-20260925-803a0ed6419e.json,72678daa0096a80aaadbec2bd49d9474f752622201ef95ee35f63d86020f045c,True,2026-09-25T07:37:43Z,4895ed6b735eeedc5da5d7640a78e2d5cbafe481,2026-09-25_DECISION_INTEGRITY_V2,UNTESTABLE,FROZEN_OFFICIAL_ARTIFACT,PENDING_KNOWLEDGE_TIME,UNKNOWN,UNKNOWN,UNAVAILABLE,NO_EDGE,04_MARKET_LEARNING/handlekompas/official/outcomes/2026/09/25/CMP-20260925-803a0ed6419e_72h.json,MATURED_ARTIFACT,OFFICIAL_DAILY_COMPASS_SCORING_v1,,2026-09-28T07:37:43Z,2026-09-28T08:00:00Z,2026-09-28T15:45:16Z,ABSTAINED,ABSTAINED,-1.9245889674206151,-1.4642594340674497,ABSTAINED,False,,NOT_ASSIGNED,NOT_ESTABLISHED,LEGACY_OPEN_TIMESTAMP_NOT_CLOSE,PASS,,
CMP-20260925-803a0ed6419e,168h,04_MARKET_LEARNING/handlekompas/official/daily/2026/09/25/CMP-20260925-803a0ed6419e.json,72678daa0096a80aaadbec2bd49d9474f752622201ef95ee35f63d86020f045c,True,2026-09-25T07:37:43Z,4895ed6b735eeedc5da5d7640a78e2d5cbafe481,2026-09-25_DECISION_INTEGRITY_V2,UNTESTABLE,FROZEN_OFFICIAL_ARTIFACT,PENDING_KNOWLEDGE_TIME,UNKNOWN,UNKNOWN,UNAVAILABLE,NO_EDGE,04_MARKET_LEARNING/handlekompas/official/outcomes/2026/09/25/CMP-20260925-803a0ed6419e_168h.json,MATURED_ARTIFACT,OFFICIAL_DAILY_COMPASS_SCORING_v2,2026-09-25T01:00:00Z,2026-10-02T01:00:00Z,2026-10-02T02:00:00Z,2026-10-02T05:58:43Z,ABSTAINED,ABSTAINED,0.3428773681431352,0.5812441002237323,ABSTAINED,False,169.0,NOT_ASSIGNED,NOT_ESTABLISHED,V2_EXPLICIT_CLOSE,PASS,,
CMP-20260925-bc03320a771f,12h,04_MARKET_LEARNING/handlekompas/official/daily/2026/09/25/CMP-20260925-bc03320a771f.json,0132b0519808459ed7c7fa8c1de81a4faf3fe4c1a2f505e363201ed00de69579,True,2026-09-25T18:33:36Z,c5fa11c88b5bdda2689c64158375b2cb4054d96d,2026-09-25_DECISION_INTEGRITY_V3_1,UNTESTABLE,FROZEN_OFFICIAL_ARTIFACT,PENDING_KNOWLEDGE_TIME,UNKNOWN,UNKNOWN,SIDEWAYS,HOLD,04_MARKET_LEARNING/handlekompas/official/outcomes/2026/09/25/CMP-20260925-bc03320a771f_12h.json,MATURED_ARTIFACT,OFFICIAL_DAILY_COMPASS_SCORING_v1,,2026-09-26T06:33:36Z,2026-09-26T06:00:00Z,2026-09-26T07:55:05Z,CORRECT,CORRECT,0.12664541468048185,-0.008190892472192957,OPPORTUNITY_COST_OR_NEUTRAL,False,,NOT_ASSIGNED,NOT_ESTABLISHED,LEGACY_OPEN_TIMESTAMP_NOT_CLOSE,PASS,,
CMP-20260925-bc03320a771f,72h,04_MARKET_LEARNING/handlekompas/official/daily/2026/09/25/CMP-20260925-bc03320a771f.json,0132b0519808459ed7c7fa8c1de81a4faf3fe4c1a2f505e363201ed00de69579,True,2026-09-25T18:33:36Z,c5fa11c88b5bdda2689c64158375b2cb4054d96d,2026-09-25_DECISION_INTEGRITY_V3_1,UNTESTABLE,FROZEN_OFFICIAL_ARTIFACT,PENDING_KNOWLEDGE_TIME,UNKNOWN,UNKNOWN,NO_EDGE,WAIT,04_MARKET_LEARNING/handlekompas/official/outcomes/2026/09/25/CMP-20260925-bc03320a771f_72h.json,MATURED_ARTIFACT,OFFICIAL_DAILY_COMPASS_SCORING_v1,,2026-09-28T18:33:36Z,2026-09-28T19:00:00Z,2026-09-28T22:12:55Z,ABSTAINED,ABSTAINED,-0.4721244622105325,-0.46204079809076815,PROTECTIVE,False,,NOT_ASSIGNED,NOT_ESTABLISHED,LEGACY_OPEN_TIMESTAMP_NOT_CLOSE,PASS,,
CMP-20260925-bc03320a771f,168h,04_MARKET_LEARNING/handlekompas/official/daily/2026/09/25/CMP-20260925-bc03320a771f.json,0132b0519808459ed7c7fa8c1de81a4faf3fe4c1a2f505e363201ed00de69579,True,2026-09-25T18:33:36Z,c5fa11c88b5bdda2689c64158375b2cb4054d96d,2026-09-25_DECISION_INTEGRITY_V3_1,UNTESTABLE,FROZEN_OFFICIAL_ARTIFACT,PENDING_KNOWLEDGE_TIME,UNKNOWN,UNKNOWN,NO_EDGE,WAIT,04_MARKET_LEARNING/handlekompas/official/outcomes/2026/09/25/CMP-20260925-bc03320a771f_168h.json,MATURED_ARTIFACT,OFFICIAL_DAILY_COMPASS_SCORING_v2,2026-09-25T18:00:00Z,2026-10-02T18:00:00Z,2026-10-02T19:00:00Z,2026-10-02T23:08:00Z,ABSTAINED,ABSTAINED,1.640983702235399,0.15525464367756037,OPPORTUNITY_COST_OR_NEUTRAL,False,169.0,NOT_ASSIGNED,NOT_ESTABLISHED,V2_EXPLICIT_CLOSE,PASS,,
CMP-20260925-be40dd9e5291,12h,04_MARKET_LEARNING/handlekompas/official/daily/2026/09/25/CMP-20260925-be40dd9e5291.json,99857814f1f5ef66632b03e0e03e541c4c652a76652e6eee8a498757b9d3bcde,True,2026-09-25T11:53:10Z,97f4f56294a7bcac23fb3cbb9c03336385f4ab06,2026-09-25_DECISION_INTEGRITY_V3_1,UNTESTABLE,FROZEN_OFFICIAL_ARTIFACT,PENDING_KNOWLEDGE_TIME,UNKNOWN,UNKNOWN,UNAVAILABLE,NO_EDGE,04_MARKET_LEARNING/handlekompas/official/outcomes/2026/09/25/CMP-20260925-be40dd9e5291_12h.json,MATURED_ARTIFACT,OFFICIAL_DAILY_COMPASS_SCORING_v1,,2026-09-25T23:53:10Z,2026-09-26T00:00:00Z,2026-09-26T01:47:12Z,ABSTAINED,ABSTAINED,-0.14992384216289123,0.47821665195997287,ABSTAINED,False,,NOT_ASSIGNED,NOT_ESTABLISHED,LEGACY_OPEN_TIMESTAMP_NOT_CLOSE,PASS,,
CMP-20260925-be40dd9e5291,72h,04_MARKET_LEARNING/handlekompas/official/daily/2026/09/25/CMP-20260925-be40dd9e5291.json,99857814f1f5ef66632b03e0e03e541c4c652a76652e6eee8a498757b9d3bcde,True,2026-09-25T11:53:10Z,97f4f56294a7bcac23fb3cbb9c03336385f4ab06,2026-09-25_DECISION_INTEGRITY_V3_1,UNTESTABLE,FROZEN_OFFICIAL_ARTIFACT,PENDING_KNOWLEDGE_TIME,UNKNOWN,UNKNOWN,UNAVAILABLE,NO_EDGE,04_MARKET_LEARNING/handlekompas/official/outcomes/2026/09/25/CMP-20260925-be40dd9e5291_72h.json,MATURED_ARTIFACT,OFFICIAL_DAILY_COMPASS_SCORING_v1,,2026-09-28T11:53:10Z,2026-09-28T12:00:00Z,2026-09-28T15:45:16Z,ABSTAINED,ABSTAINED,-0.5429220810128976,0.6128202443802966,ABSTAINED,False,,NOT_ASSIGNED,NOT_ESTABLISHED,LEGACY_OPEN_TIMESTAMP_NOT_CLOSE,PASS,,
CMP-20260925-be40dd9e5291,168h,04_MARKET_LEARNING/handlekompas/official/daily/2026/09/25/CMP-20260925-be40dd9e5291.json,99857814f1f5ef66632b03e0e03e541c4c652a76652e6eee8a498757b9d3bcde,True,2026-09-25T11:53:10Z,97f4f56294a7bcac23fb3cbb9c03336385f4ab06,2026-09-25_DECISION_INTEGRITY_V3_1,UNTESTABLE,FROZEN_OFFICIAL_ARTIFACT,PENDING_KNOWLEDGE_TIME,UNKNOWN,UNKNOWN,UNAVAILABLE,NO_EDGE,04_MARKET_LEARNING/handlekompas/official/outcomes/2026/09/25/CMP-20260925-be40dd9e5291_168h.json,MATURED_ARTIFACT,OFFICIAL_DAILY_COMPASS_SCORING_v2,2026-09-25T07:00:00Z,2026-10-02T07:00:00Z,2026-10-02T06:00:00Z,2026-10-02T07:00:55Z,ABSTAINED,ABSTAINED,1.3708410681136707,1.739377533164821,ABSTAINED,False,167.0,NOT_ASSIGNED,NOT_ESTABLISHED,V2_EXPLICIT_CLOSE,PASS,,
CMP-20260925-cb97ddf9a73a,12h,04_MARKET_LEARNING/handlekompas/official/daily/2026/09/25/CMP-20260925-cb97ddf9a73a.json,b8a30e0a1561f1f6dd05bef452b288744544af888fe97bcbcc6634df802445be,True,2026-09-25T08:26:22Z,00158f07f1d128d0db72bf7e2f38b4bfe537df99,2026-09-25_DECISION_INTEGRITY_V3,UNTESTABLE,FROZEN_OFFICIAL_ARTIFACT,PENDING_KNOWLEDGE_TIME,UNKNOWN,UNKNOWN,UNAVAILABLE,NO_EDGE,04_MARKET_LEARNING/handlekompas/official/outcomes/2026/09/25/CMP-20260925-cb97ddf9a73a_12h.json,MATURED_ARTIFACT,OFFICIAL_DAILY_COMPASS_SCORING_v1,,2026-09-25T20:26:22Z,2026-09-25T21:00:00Z,2026-09-25T22:37:22Z,ABSTAINED,ABSTAINED,-0.2903517540101874,0.26023361201261697,ABSTAINED,False,,NOT_ASSIGNED,NOT_ESTABLISHED,LEGACY_OPEN_TIMESTAMP_NOT_CLOSE,PASS,,
CMP-20260925-cb97ddf9a73a,72h,04_MARKET_LEARNING/handlekompas/official/daily/2026/09/25/CMP-20260925-cb97ddf9a73a.json,b8a30e0a1561f1f6dd05bef452b288744544af888fe97bcbcc6634df802445be,True,2026-09-25T08:26:22Z,00158f07f1d128d0db72bf7e2f38b4bfe537df99,2026-09-25_DECISION_INTEGRITY_V3,UNTESTABLE,FROZEN_OFFICIAL_ARTIFACT,PENDING_KNOWLEDGE_TIME,UNKNOWN,UNKNOWN,UNAVAILABLE,NO_EDGE,04_MARKET_LEARNING/handlekompas/official/outcomes/2026/09/25/CMP-20260925-cb97ddf9a73a_72h.json,MATURED_ARTIFACT,OFFICIAL_DAILY_COMPASS_SCORING_v1,,2026-09-28T08:26:22Z,2026-09-28T09:00:00Z,2026-09-28T15:45:16Z,ABSTAINED,ABSTAINED,-1.630241801132859,-1.2327445672494441,ABSTAINED,False,,NOT_ASSIGNED,NOT_ESTABLISHED,LEGACY_OPEN_TIMESTAMP_NOT_CLOSE,PASS,,
CMP-20260925-cb97ddf9a73a,168h,04_MARKET_LEARNING/handlekompas/official/daily/2026/09/25/CMP-20260925-cb97ddf9a73a.json,b8a30e0a1561f1f6dd05bef452b288744544af888fe97bcbcc6634df802445be,True,2026-09-25T08:26:22Z,00158f07f1d128d0db72bf7e2f38b4bfe537df99,2026-09-25_DECISION_INTEGRITY_V3,UNTESTABLE,FROZEN_OFFICIAL_ARTIFACT,PENDING_KNOWLEDGE_TIME,UNKNOWN,UNKNOWN,UNAVAILABLE,NO_EDGE,04_MARKET_LEARNING/handlekompas/official/outcomes/2026/09/25/CMP-20260925-cb97ddf9a73a_168h.json,MATURED_ARTIFACT,OFFICIAL_DAILY_COMPASS_SCORING_v2,2026-09-25T07:00:00Z,2026-10-02T07:00:00Z,2026-10-02T06:00:00Z,2026-10-02T07:00:55Z,ABSTAINED,ABSTAINED,1.3708410681136707,1.739377533164821,ABSTAINED,False,167.0,NOT_ASSIGNED,NOT_ESTABLISHED,V2_EXPLICIT_CLOSE,PASS,,
CMP-20260925-f0a9ed9d8ade,12h,04_MARKET_LEARNING/handlekompas/official/daily/2026/09/25/CMP-20260925-f0a9ed9d8ade.json,955b2fa62717cfbbb3040183f72cec7c87b02810ecfcc1a290c03622c923aee5,True,2026-09-25T07:17:51Z,534bb8d4a7f21f32316742680fec53243be8eee1,,UNTESTABLE,FROZEN_OFFICIAL_ARTIFACT,PENDING_KNOWLEDGE_TIME,UNKNOWN,UNKNOWN,UNAVAILABLE,NO_EDGE,04_MARKET_LEARNING/handlekompas/official/outcomes/2026/09/25/CMP-20260925-f0a9ed9d8ade_12h.json,MATURED_ARTIFACT,OFFICIAL_DAILY_COMPASS_SCORING_v1,,2026-09-25T19:17:51Z,2026-09-25T20:00:00Z,2026-09-25T22:37:22Z,ABSTAINED,ABSTAINED,-0.8322613982431171,-0.2244702279636579,ABSTAINED,False,,NOT_ASSIGNED,NOT_ESTABLISHED,LEGACY_OPEN_TIMESTAMP_NOT_CLOSE,PASS,,
CMP-20260925-f0a9ed9d8ade,72h,04_MARKET_LEARNING/handlekompas/official/daily/2026/09/25/CMP-20260925-f0a9ed9d8ade.json,955b2fa62717cfbbb3040183f72cec7c87b02810ecfcc1a290c03622c923aee5,True,2026-09-25T07:17:51Z,534bb8d4a7f21f32316742680fec53243be8eee1,,UNTESTABLE,FROZEN_OFFICIAL_ARTIFACT,PENDING_KNOWLEDGE_TIME,UNKNOWN,UNKNOWN,UNAVAILABLE,NO_EDGE,04_MARKET_LEARNING/handlekompas/official/outcomes/2026/09/25/CMP-20260925-f0a9ed9d8ade_72h.json,MATURED_ARTIFACT,OFFICIAL_DAILY_COMPASS_SCORING_v1,,2026-09-28T07:17:51Z,2026-09-28T08:00:00Z,2026-09-28T15:45:16Z,ABSTAINED,ABSTAINED,-1.9245889674206151,-1.4642594340674497,ABSTAINED,False,,NOT_ASSIGNED,NOT_ESTABLISHED,LEGACY_OPEN_TIMESTAMP_NOT_CLOSE,PASS,,
CMP-20260925-f0a9ed9d8ade,168h,04_MARKET_LEARNING/handlekompas/official/daily/2026/09/25/CMP-20260925-f0a9ed9d8ade.json,955b2fa62717cfbbb3040183f72cec7c87b02810ecfcc1a290c03622c923aee5,True,2026-09-25T07:17:51Z,534bb8d4a7f21f32316742680fec53243be8eee1,,UNTESTABLE,FROZEN_OFFICIAL_ARTIFACT,PENDING_KNOWLEDGE_TIME,UNKNOWN,UNKNOWN,UNAVAILABLE,NO_EDGE,04_MARKET_LEARNING/handlekompas/official/outcomes/2026/09/25/CMP-20260925-f0a9ed9d8ade_168h.json,MATURED_ARTIFACT,OFFICIAL_DAILY_COMPASS_SCORING_v2,2026-09-25T01:00:00Z,2026-10-02T01:00:00Z,2026-10-02T02:00:00Z,2026-10-02T05:58:43Z,ABSTAINED,ABSTAINED,0.3428773681431352,0.5812441002237323,ABSTAINED,False,169.0,NOT_ASSIGNED,NOT_ESTABLISHED,V2_EXPLICIT_CLOSE,PASS,,
CMP-20260925-f4cbbed16df7,12h,04_MARKET_LEARNING/handlekompas/official/daily/2026/09/25/CMP-20260925-f4cbbed16df7.json,470833644d58800bc17954970dc1b97c3c05a6c7828b8106e161fe4781ed43a5,True,2026-09-25T21:40:15Z,1655feb25316775764b0dd2eb6ccb52dfe6b875e,2026-09-25_DECISION_INTEGRITY_V3_2,UNTESTABLE,FROZEN_OFFICIAL_ARTIFACT,PENDING_KNOWLEDGE_TIME,UNKNOWN,UNKNOWN,UNAVAILABLE,NO_EDGE,04_MARKET_LEARNING/handlekompas/official/outcomes/2026/09/25/CMP-20260925-f4cbbed16df7_12h.json,MATURED_ARTIFACT,OFFICIAL_DAILY_COMPASS_SCORING_v1,,2026-09-26T09:40:15Z,2026-09-26T10:00:00Z,2026-09-26T13:17:33Z,ABSTAINED,ABSTAINED,0.471217379794564,0.05361311436347105,ABSTAINED,False,,NOT_ASSIGNED,NOT_ESTABLISHED,LEGACY_OPEN_TIMESTAMP_NOT_CLOSE,PASS,,
CMP-20260925-f4cbbed16df7,72h,04_MARKET_LEARNING/handlekompas/official/daily/2026/09/25/CMP-20260925-f4cbbed16df7.json,470833644d58800bc17954970dc1b97c3c05a6c7828b8106e161fe4781ed43a5,True,2026-09-25T21:40:15Z,1655feb25316775764b0dd2eb6ccb52dfe6b875e,2026-09-25_DECISION_INTEGRITY_V3_2,UNTESTABLE,FROZEN_OFFICIAL_ARTIFACT,PENDING_KNOWLEDGE_TIME,UNKNOWN,UNKNOWN,UNAVAILABLE,NO_EDGE,04_MARKET_LEARNING/handlekompas/official/outcomes/2026/09/25/CMP-20260925-f4cbbed16df7_72h.json,MATURED_ARTIFACT,OFFICIAL_DAILY_COMPASS_SCORING_v1,,2026-09-28T21:40:15Z,2026-09-28T20:00:00Z,2026-09-28T22:12:55Z,ABSTAINED,ABSTAINED,-0.28299777848355134,-0.11206630155141672,ABSTAINED,False,,NOT_ASSIGNED,NOT_ESTABLISHED,LEGACY_OPEN_TIMESTAMP_NOT_CLOSE,PASS,,
CMP-20260925-f4cbbed16df7,168h,04_MARKET_LEARNING/handlekompas/official/daily/2026/09/25/CMP-20260925-f4cbbed16df7.json,470833644d58800bc17954970dc1b97c3c05a6c7828b8106e161fe4781ed43a5,True,2026-09-25T21:40:15Z,1655feb25316775764b0dd2eb6ccb52dfe6b875e,2026-09-25_DECISION_INTEGRITY_V3_2,UNTESTABLE,FROZEN_OFFICIAL_ARTIFACT,PENDING_KNOWLEDGE_TIME,UNKNOWN,UNKNOWN,UNAVAILABLE,NO_EDGE,04_MARKET_LEARNING/handlekompas/official/outcomes/2026/09/25/CMP-20260925-f4cbbed16df7_168h.json,MATURED_ARTIFACT,OFFICIAL_DAILY_COMPASS_SCORING_v2,2026-09-25T18:00:00Z,2026-10-02T18:00:00Z,2026-10-02T19:00:00Z,2026-10-02T23:08:00Z,ABSTAINED,ABSTAINED,1.640983702235399,0.15525464367756037,ABSTAINED,False,169.0,NOT_ASSIGNED,NOT_ESTABLISHED,V2_EXPLICIT_CLOSE,PASS,,
CMP-20260926-11252018906d,12h,04_MARKET_LEARNING/handlekompas/official/daily/2026/09/26/CMP-20260926-11252018906d.json,eeef3940ec7d9f394fa41192d035ffefdf6c37053cc052a8d837e98c155a5539,True,2026-09-26T21:16:47Z,910ea2d625cd4178f19a494c88910b72c2da261e,2026-09-25_DECISION_INTEGRITY_V3_2,UNTESTABLE,FROZEN_OFFICIAL_ARTIFACT,PENDING_KNOWLEDGE_TIME,UNKNOWN,UNKNOWN,SIDEWAYS,HOLD,04_MARKET_LEARNING/handlekompas/official/outcomes/2026/09/26/CMP-20260926-11252018906d_12h.json,MATURED_ARTIFACT,OFFICIAL_DAILY_COMPASS_SCORING_v1,,2026-09-27T09:16:47Z,2026-09-27T10:00:00Z,2026-09-27T14:14:07Z,CORRECT,CORRECT,1.0527784484232416,0.9411510571655235,OPPORTUNITY_COST_OR_NEUTRAL,False,,NOT_ASSIGNED,NOT_ESTABLISHED,LEGACY_OPEN_TIMESTAMP_NOT_CLOSE,PASS,,
CMP-20260926-11252018906d,72h,04_MARKET_LEARNING/handlekompas/official/daily/2026/09/26/CMP-20260926-11252018906d.json,eeef3940ec7d9f394fa41192d035ffefdf6c37053cc052a8d837e98c155a5539,True,2026-09-26T21:16:47Z,910ea2d625cd4178f19a494c88910b72c2da261e,2026-09-25_DECISION_INTEGRITY_V3_2,UNTESTABLE,FROZEN_OFFICIAL_ARTIFACT,PENDING_KNOWLEDGE_TIME,UNKNOWN,UNKNOWN,NO_EDGE,WAIT,04_MARKET_LEARNING/handlekompas/official/outcomes/2026/09/26/CMP-20260926-11252018906d_72h.json,MATURED_ARTIFACT,OFFICIAL_DAILY_COMPASS_SCORING_v1,,2026-09-29T21:16:47Z,2026-09-29T22:00:00Z,2026-09-30T00:39:12Z,ABSTAINED,ABSTAINED,-0.460328662307552,-0.11843531309009281,PROTECTIVE,False,,NOT_ASSIGNED,NOT_ESTABLISHED,LEGACY_OPEN_TIMESTAMP_NOT_CLOSE,PASS,,
CMP-20260926-11252018906d,168h,04_MARKET_LEARNING/handlekompas/official/daily/2026/09/26/CMP-20260926-11252018906d.json,eeef3940ec7d9f394fa41192d035ffefdf6c37053cc052a8d837e98c155a5539,True,2026-09-26T21:16:47Z,910ea2d625cd4178f19a494c88910b72c2da261e,2026-09-25_DECISION_INTEGRITY_V3_2,UNTESTABLE,FROZEN_OFFICIAL_ARTIFACT,PENDING_KNOWLEDGE_TIME,UNKNOWN,UNKNOWN,NO_EDGE,WAIT,,NO_OUTCOME_AT_SNAPSHOT,,,,,,,,,,,False,,NOT_ASSIGNED,NOT_ESTABLISHED,,,2026-10-03T19:00:00+00:00,PAST_REFERENCE_HORIZON_NOT_CAUSALLY_DIAGNOSED
CMP-20260926-6b5edc0ea3d2,12h,04_MARKET_LEARNING/handlekompas/official/daily/2026/09/26/CMP-20260926-6b5edc0ea3d2.json,b914e455e3bb4a2c376fa2f0dfa794db70e71f0ade441b55ad0973f0a9b1e3f3,True,2026-09-26T01:30:49Z,6670a21e9127a1f186d0a97f25a0ad6e999222f9,2026-09-25_DECISION_INTEGRITY_V3_2,UNTESTABLE,FROZEN_OFFICIAL_ARTIFACT,PENDING_KNOWLEDGE_TIME,UNKNOWN,UNKNOWN,SIDEWAYS,HOLD,04_MARKET_LEARNING/handlekompas/official/outcomes/2026/09/26/CMP-20260926-6b5edc0ea3d2_12h.json,MATURED_ARTIFACT,OFFICIAL_DAILY_COMPASS_SCORING_v1,,2026-09-26T13:30:49Z,2026-09-26T14:00:00Z,2026-09-26T17:19:47Z,CORRECT,CORRECT,0.13108090441176223,0.0506082290469001,OPPORTUNITY_COST_OR_NEUTRAL,False,,NOT_ASSIGNED,NOT_ESTABLISHED,LEGACY_OPEN_TIMESTAMP_NOT_CLOSE,PASS,,
CMP-20260926-6b5edc0ea3d2,72h,04_MARKET_LEARNING/handlekompas/official/daily/2026/09/26/CMP-20260926-6b5edc0ea3d2.json,b914e455e3bb4a2c376fa2f0dfa794db70e71f0ade441b55ad0973f0a9b1e3f3,True,2026-09-26T01:30:49Z,6670a21e9127a1f186d0a97f25a0ad6e999222f9,2026-09-25_DECISION_INTEGRITY_V3_2,UNTESTABLE,FROZEN_OFFICIAL_ARTIFACT,PENDING_KNOWLEDGE_TIME,UNKNOWN,UNKNOWN,NO_EDGE,WAIT,04_MARKET_LEARNING/handlekompas/official/outcomes/2026/09/26/CMP-20260926-6b5edc0ea3d2_72h.json,MATURED_ARTIFACT,OFFICIAL_DAILY_COMPASS_SCORING_v1,,2026-09-29T01:30:49Z,2026-09-29T02:00:00Z,2026-09-29T20:56:56Z,ABSTAINED,ABSTAINED,-1.1233582262712205,-1.104450175082139,PROTECTIVE,False,,NOT_ASSIGNED,NOT_ESTABLISHED,LEGACY_OPEN_TIMESTAMP_NOT_CLOSE,PASS,,
CMP-20260926-6b5edc0ea3d2,168h,04_MARKET_LEARNING/handlekompas/official/daily/2026/09/26/CMP-20260926-6b5edc0ea3d2.json,b914e455e3bb4a2c376fa2f0dfa794db70e71f0ade441b55ad0973f0a9b1e3f3,True,2026-09-26T01:30:49Z,6670a21e9127a1f186d0a97f25a0ad6e999222f9,2026-09-25_DECISION_INTEGRITY_V3_2,UNTESTABLE,FROZEN_OFFICIAL_ARTIFACT,PENDING_KNOWLEDGE_TIME,UNKNOWN,UNKNOWN,NO_EDGE,WAIT,04_MARKET_LEARNING/handlekompas/official/outcomes/2026/09/26/CMP-20260926-6b5edc0ea3d2_168h.json,MATURED_ARTIFACT,OFFICIAL_DAILY_COMPASS_SCORING_v2,2026-09-26T01:00:00Z,2026-10-03T01:00:00Z,2026-10-03T01:00:00Z,2026-10-03T02:11:30Z,ABSTAINED,ABSTAINED,0.7408889594936463,-0.8134528580625244,OPPORTUNITY_COST_OR_NEUTRAL,False,168.0,NOT_ASSIGNED,NOT_ESTABLISHED,V2_EXPLICIT_CLOSE,PASS,,
CMP-20260926-8ba7d0f03ff2,12h,04_MARKET_LEARNING/handlekompas/official/daily/2026/09/26/CMP-20260926-8ba7d0f03ff2.json,8aa8fa3efe35fd501d435eef5631bb29b0a43fc33187685e4341bfce67756278,True,2026-09-26T13:25:31Z,63c9b4c58db7ba2faf7d9dcbb43c12bc2a334299,2026-09-25_DECISION_INTEGRITY_V3_2,UNTESTABLE,FROZEN_OFFICIAL_ARTIFACT,PENDING_KNOWLEDGE_TIME,UNKNOWN,UNKNOWN,SIDEWAYS,HOLD,04_MARKET_LEARNING/handlekompas/official/outcomes/2026/09/26/CMP-20260926-8ba7d0f03ff2_12h.json,MATURED_ARTIFACT,OFFICIAL_DAILY_COMPASS_SCORING_v1,,2026-09-27T01:25:31Z,2026-09-27T00:00:00Z,2026-09-27T01:38:00Z,CORRECT,CORRECT,0.1544501995818237,0.1490988997914222,OPPORTUNITY_COST_OR_NEUTRAL,False,,NOT_ASSIGNED,NOT_ESTABLISHED,LEGACY_OPEN_TIMESTAMP_NOT_CLOSE,PASS,,
CMP-20260926-8ba7d0f03ff2,72h,04_MARKET_LEARNING/handlekompas/official/daily/2026/09/26/CMP-20260926-8ba7d0f03ff2.json,8aa8fa3efe35fd501d435eef5631bb29b0a43fc33187685e4341bfce67756278,True,2026-09-26T13:25:31Z,63c9b4c58db7ba2faf7d9dcbb43c12bc2a334299,2026-09-25_DECISION_INTEGRITY_V3_2,UNTESTABLE,FROZEN_OFFICIAL_ARTIFACT,PENDING_KNOWLEDGE_TIME,UNKNOWN,UNKNOWN,NO_EDGE,WAIT,04_MARKET_LEARNING/handlekompas/official/outcomes/2026/09/26/CMP-20260926-8ba7d0f03ff2_72h.json,MATURED_ARTIFACT,OFFICIAL_DAILY_COMPASS_SCORING_v1,,2026-09-29T13:25:31Z,2026-09-29T14:00:00Z,2026-09-29T20:56:56Z,ABSTAINED,ABSTAINED,-0.5036946398023212,0.799408066213303,PROTECTIVE,False,,NOT_ASSIGNED,NOT_ESTABLISHED,LEGACY_OPEN_TIMESTAMP_NOT_CLOSE,PASS,,
CMP-20260926-8ba7d0f03ff2,168h,04_MARKET_LEARNING/handlekompas/official/daily/2026/09/26/CMP-20260926-8ba7d0f03ff2.json,8aa8fa3efe35fd501d435eef5631bb29b0a43fc33187685e4341bfce67756278,True,2026-09-26T13:25:31Z,63c9b4c58db7ba2faf7d9dcbb43c12bc2a334299,2026-09-25_DECISION_INTEGRITY_V3_2,UNTESTABLE,FROZEN_OFFICIAL_ARTIFACT,PENDING_KNOWLEDGE_TIME,UNKNOWN,UNKNOWN,NO_EDGE,WAIT,04_MARKET_LEARNING/handlekompas/official/outcomes/2026/09/26/CMP-20260926-8ba7d0f03ff2_168h.json,MATURED_ARTIFACT,OFFICIAL_DAILY_COMPASS_SCORING_v2,2026-09-26T12:00:00Z,2026-10-03T12:00:00Z,2026-10-03T12:00:00Z,2026-10-03T13:37:26Z,ABSTAINED,ABSTAINED,0.48707470062725466,-0.3495086429025407,OPPORTUNITY_COST_OR_NEUTRAL,False,168.0,NOT_ASSIGNED,NOT_ESTABLISHED,V2_EXPLICIT_CLOSE,PASS,,
CMP-20260926-a8d4773efa80,12h,04_MARKET_LEARNING/handlekompas/official/daily/2026/09/26/CMP-20260926-a8d4773efa80.json,5f6cb2d43bedd91b65a4a8ca03bb151605d29814c6058d48a5bc14576b1da77c,True,2026-09-26T11:27:20Z,c2eaa82d5b751a28061ba44b8597a8be4807585a,2026-09-25_DECISION_INTEGRITY_V3_2,UNTESTABLE,FROZEN_OFFICIAL_ARTIFACT,PENDING_KNOWLEDGE_TIME,UNKNOWN,UNKNOWN,UNAVAILABLE,NO_EDGE,04_MARKET_LEARNING/handlekompas/official/outcomes/2026/09/26/CMP-20260926-a8d4773efa80_12h.json,MATURED_ARTIFACT,OFFICIAL_DAILY_COMPASS_SCORING_v1,,2026-09-26T23:27:20Z,2026-09-27T00:00:00Z,2026-09-27T01:38:00Z,ABSTAINED,ABSTAINED,0.49443791614902644,0.2908005019194304,ABSTAINED,False,,NOT_ASSIGNED,NOT_ESTABLISHED,LEGACY_OPEN_TIMESTAMP_NOT_CLOSE,PASS,,
CMP-20260926-a8d4773efa80,72h,04_MARKET_LEARNING/handlekompas/official/daily/2026/09/26/CMP-20260926-a8d4773efa80.json,5f6cb2d43bedd91b65a4a8ca03bb151605d29814c6058d48a5bc14576b1da77c,True,2026-09-26T11:27:20Z,c2eaa82d5b751a28061ba44b8597a8be4807585a,2026-09-25_DECISION_INTEGRITY_V3_2,UNTESTABLE,FROZEN_OFFICIAL_ARTIFACT,PENDING_KNOWLEDGE_TIME,UNKNOWN,UNKNOWN,UNAVAILABLE,NO_EDGE,04_MARKET_LEARNING/handlekompas/official/outcomes/2026/09/26/CMP-20260926-a8d4773efa80_72h.json,MATURED_ARTIFACT,OFFICIAL_DAILY_COMPASS_SCORING_v1,,2026-09-29T11:27:20Z,2026-09-29T12:00:00Z,2026-09-29T20:56:56Z,ABSTAINED,ABSTAINED,0.5264317290891718,1.9041661546939537,ABSTAINED,False,,NOT_ASSIGNED,NOT_ESTABLISHED,LEGACY_OPEN_TIMESTAMP_NOT_CLOSE,PASS,,
CMP-20260926-a8d4773efa80,168h,04_MARKET_LEARNING/handlekompas/official/daily/2026/09/26/CMP-20260926-a8d4773efa80.json,5f6cb2d43bedd91b65a4a8ca03bb151605d29814c6058d48a5bc14576b1da77c,True,2026-09-26T11:27:20Z,c2eaa82d5b751a28061ba44b8597a8be4807585a,2026-09-25_DECISION_INTEGRITY_V3_2,UNTESTABLE,FROZEN_OFFICIAL_ARTIFACT,PENDING_KNOWLEDGE_TIME,UNKNOWN,UNKNOWN,UNAVAILABLE,NO_EDGE,04_MARKET_LEARNING/handlekompas/official/outcomes/2026/09/26/CMP-20260926-a8d4773efa80_168h.json,MATURED_ARTIFACT,OFFICIAL_DAILY_COMPASS_SCORING_v2,2026-09-26T07:00:00Z,2026-10-03T07:00:00Z,2026-10-03T06:00:00Z,2026-10-03T08:25:14Z,ABSTAINED,ABSTAINED,0.8925606279179155,-0.22079986893498438,ABSTAINED,False,167.0,NOT_ASSIGNED,NOT_ESTABLISHED,V2_EXPLICIT_CLOSE,PASS,,
CMP-20260926-eafb1c4e176e,12h,04_MARKET_LEARNING/handlekompas/official/daily/2026/09/26/CMP-20260926-eafb1c4e176e.json,f16dd2e655a14e821e0deab10d468e1440ee8cf598516bb6aec0ee2d51f79938,True,2026-09-26T17:07:14Z,08346ec11ae6496f7b2213e43eee80ae78adffa9,2026-09-25_DECISION_INTEGRITY_V3_2,UNTESTABLE,FROZEN_OFFICIAL_ARTIFACT,PENDING_KNOWLEDGE_TIME,UNKNOWN,UNKNOWN,SIDEWAYS,HOLD,04_MARKET_LEARNING/handlekompas/official/outcomes/2026/09/26/CMP-20260926-eafb1c4e176e_12h.json,MATURED_ARTIFACT,OFFICIAL_DAILY_COMPASS_SCORING_v1,,2026-09-27T05:07:14Z,2026-09-27T06:00:00Z,2026-09-27T08:26:35Z,CORRECT,CORRECT,0.4656324298621062,0.5821859279679709,OPPORTUNITY_COST_OR_NEUTRAL,False,,NOT_ASSIGNED,NOT_ESTABLISHED,LEGACY_OPEN_TIMESTAMP_NOT_CLOSE,PASS,,
CMP-20260926-eafb1c4e176e,72h,04_MARKET_LEARNING/handlekompas/official/daily/2026/09/26/CMP-20260926-eafb1c4e176e.json,f16dd2e655a14e821e0deab10d468e1440ee8cf598516bb6aec0ee2d51f79938,True,2026-09-26T17:07:14Z,08346ec11ae6496f7b2213e43eee80ae78adffa9,2026-09-25_DECISION_INTEGRITY_V3_2,UNTESTABLE,FROZEN_OFFICIAL_ARTIFACT,PENDING_KNOWLEDGE_TIME,UNKNOWN,UNKNOWN,NO_EDGE,WAIT,04_MARKET_LEARNING/handlekompas/official/outcomes/2026/09/26/CMP-20260926-eafb1c4e176e_72h.json,MATURED_ARTIFACT,OFFICIAL_DAILY_COMPASS_SCORING_v1,,2026-09-29T17:07:14Z,2026-09-29T18:00:00Z,2026-09-29T20:56:56Z,ABSTAINED,ABSTAINED,-0.5706134094151216,0.15901440789425347,PROTECTIVE,False,,NOT_ASSIGNED,NOT_ESTABLISHED,LEGACY_OPEN_TIMESTAMP_NOT_CLOSE,PASS,,
CMP-20260926-eafb1c4e176e,168h,04_MARKET_LEARNING/handlekompas/official/daily/2026/09/26/CMP-20260926-eafb1c4e176e.json,f16dd2e655a14e821e0deab10d468e1440ee8cf598516bb6aec0ee2d51f79938,True,2026-09-26T17:07:14Z,08346ec11ae6496f7b2213e43eee80ae78adffa9,2026-09-25_DECISION_INTEGRITY_V3_2,UNTESTABLE,FROZEN_OFFICIAL_ARTIFACT,PENDING_KNOWLEDGE_TIME,UNKNOWN,UNKNOWN,NO_EDGE,WAIT,04_MARKET_LEARNING/handlekompas/official/outcomes/2026/09/26/CMP-20260926-eafb1c4e176e_168h.json,MATURED_ARTIFACT,OFFICIAL_DAILY_COMPASS_SCORING_v2,2026-09-26T17:00:00Z,2026-10-03T17:00:00Z,2026-10-03T17:00:00Z,2026-10-03T18:06:14Z,ABSTAINED,ABSTAINED,0.8892415596766456,-0.3678137005030502,OPPORTUNITY_COST_OR_NEUTRAL,False,168.0,NOT_ASSIGNED,NOT_ESTABLISHED,V2_EXPLICIT_CLOSE,PASS,,
CMP-20260926-fd4974da0702,12h,04_MARKET_LEARNING/handlekompas/official/daily/2026/09/26/CMP-20260926-fd4974da0702.json,3c5aa7e1701c96125ca7dffcc9cdde5d067da4f4fd6f1d579c60f45bfb5ea167,True,2026-09-26T20:12:44Z,17f0710fc734e790e113a293f3df4d99526d28a8,2026-09-25_DECISION_INTEGRITY_V3_2,UNTESTABLE,FROZEN_OFFICIAL_ARTIFACT,PENDING_KNOWLEDGE_TIME,UNKNOWN,UNKNOWN,SIDEWAYS,HOLD,04_MARKET_LEARNING/handlekompas/official/outcomes/2026/09/26/CMP-20260926-fd4974da0702_12h.json,MATURED_ARTIFACT,OFFICIAL_DAILY_COMPASS_SCORING_v1,,2026-09-27T08:12:44Z,2026-09-27T07:00:00Z,2026-09-27T08:26:35Z,CORRECT,CORRECT,0.9432529177839655,1.2387290922566407,OPPORTUNITY_COST_OR_NEUTRAL,False,,NOT_ASSIGNED,NOT_ESTABLISHED,LEGACY_OPEN_TIMESTAMP_NOT_CLOSE,PASS,,
CMP-20260926-fd4974da0702,72h,04_MARKET_LEARNING/handlekompas/official/daily/2026/09/26/CMP-20260926-fd4974da0702.json,3c5aa7e1701c96125ca7dffcc9cdde5d067da4f4fd6f1d579c60f45bfb5ea167,True,2026-09-26T20:12:44Z,17f0710fc734e790e113a293f3df4d99526d28a8,2026-09-25_DECISION_INTEGRITY_V3_2,UNTESTABLE,FROZEN_OFFICIAL_ARTIFACT,PENDING_KNOWLEDGE_TIME,UNKNOWN,UNKNOWN,NO_EDGE,WAIT,04_MARKET_LEARNING/handlekompas/official/outcomes/2026/09/26/CMP-20260926-fd4974da0702_72h.json,MATURED_ARTIFACT,OFFICIAL_DAILY_COMPASS_SCORING_v1,,2026-09-29T20:12:44Z,2026-09-29T19:00:00Z,2026-09-29T20:56:56Z,ABSTAINED,ABSTAINED,-0.48175757047610457,0.18621904573912218,PROTECTIVE,False,,NOT_ASSIGNED,NOT_ESTABLISHED,LEGACY_OPEN_TIMESTAMP_NOT_CLOSE,PASS,,
CMP-20260926-fd4974da0702,168h,04_MARKET_LEARNING/handlekompas/official/daily/2026/09/26/CMP-20260926-fd4974da0702.json,3c5aa7e1701c96125ca7dffcc9cdde5d067da4f4fd6f1d579c60f45bfb5ea167,True,2026-09-26T20:12:44Z,17f0710fc734e790e113a293f3df4d99526d28a8,2026-09-25_DECISION_INTEGRITY_V3_2,UNTESTABLE,FROZEN_OFFICIAL_ARTIFACT,PENDING_KNOWLEDGE_TIME,UNKNOWN,UNKNOWN,NO_EDGE,WAIT,,NO_OUTCOME_AT_SNAPSHOT,,,,,,,,,,,False,,NOT_ASSIGNED,NOT_ESTABLISHED,,,2026-10-03T19:00:00+00:00,PAST_REFERENCE_HORIZON_NOT_CAUSALLY_DIAGNOSED
CMP-20260927-2ebf6734d39b,12h,04_MARKET_LEARNING/handlekompas/official/daily/2026/09/27/CMP-20260927-2ebf6734d39b.json,a4c58e22c6b18e44be3d39aa51555b82a955cb0e2c487ff29c212e0eff9a84fc,True,2026-09-27T12:05:13Z,34e97fdba59a143853a076ca1848b3e7db2a4a08,2026-09-25_DECISION_INTEGRITY_V3_2,UNTESTABLE,FROZEN_OFFICIAL_ARTIFACT,PENDING_KNOWLEDGE_TIME,UNKNOWN,UNKNOWN,UNAVAILABLE,NO_EDGE,04_MARKET_LEARNING/handlekompas/official/outcomes/2026/09/27/CMP-20260927-2ebf6734d39b_12h.json,MATURED_ARTIFACT,OFFICIAL_DAILY_COMPASS_SCORING_v1,,2026-09-28T00:05:13Z,2026-09-27T23:00:00Z,2026-09-28T01:05:10Z,ABSTAINED,ABSTAINED,-0.376219174204806,-1.0896636463633036,ABSTAINED,False,,NOT_ASSIGNED,NOT_ESTABLISHED,LEGACY_OPEN_TIMESTAMP_NOT_CLOSE,PASS,,
CMP-20260927-2ebf6734d39b,72h,04_MARKET_LEARNING/handlekompas/official/daily/2026/09/27/CMP-20260927-2ebf6734d39b.json,a4c58e22c6b18e44be3d39aa51555b82a955cb0e2c487ff29c212e0eff9a84fc,True,2026-09-27T12:05:13Z,34e97fdba59a143853a076ca1848b3e7db2a4a08,2026-09-25_DECISION_INTEGRITY_V3_2,UNTESTABLE,FROZEN_OFFICIAL_ARTIFACT,PENDING_KNOWLEDGE_TIME,UNKNOWN,UNKNOWN,UNAVAILABLE,NO_EDGE,04_MARKET_LEARNING/handlekompas/official/outcomes/2026/09/27/CMP-20260927-2ebf6734d39b_72h.json,MATURED_ARTIFACT,OFFICIAL_DAILY_COMPASS_SCORING_v1,,2026-09-30T12:05:13Z,2026-09-30T12:00:00Z,2026-09-30T14:04:08Z,ABSTAINED,ABSTAINED,0.5888832541189659,0.4686804474905104,ABSTAINED,False,,NOT_ASSIGNED,NOT_ESTABLISHED,LEGACY_OPEN_TIMESTAMP_NOT_CLOSE,PASS,,
CMP-20260927-2ebf6734d39b,168h,04_MARKET_LEARNING/handlekompas/official/daily/2026/09/27/CMP-20260927-2ebf6734d39b.json,a4c58e22c6b18e44be3d39aa51555b82a955cb0e2c487ff29c212e0eff9a84fc,True,2026-09-27T12:05:13Z,34e97fdba59a143853a076ca1848b3e7db2a4a08,2026-09-25_DECISION_INTEGRITY_V3_2,UNTESTABLE,FROZEN_OFFICIAL_ARTIFACT,PENDING_KNOWLEDGE_TIME,UNKNOWN,UNKNOWN,UNAVAILABLE,NO_EDGE,,NO_OUTCOME_AT_SNAPSHOT,,,,,,,,,,,False,,NOT_ASSIGNED,NOT_ESTABLISHED,,,2026-10-04T08:00:00+00:00,PAST_REFERENCE_HORIZON_NOT_CAUSALLY_DIAGNOSED
CMP-20260927-55f403eee1e4,12h,04_MARKET_LEARNING/handlekompas/official/daily/2026/09/27/CMP-20260927-55f403eee1e4.json,c0e301ffde8db429614ccb57cd51f9ba16cd45a780ce06b078e59c9e0c369487,True,2026-09-27T22:05:17Z,707c6c06472c606412b522e6eebb8254ca3ddc4a,2026-09-25_DECISION_INTEGRITY_V3_2,UNTESTABLE,FROZEN_OFFICIAL_ARTIFACT,PENDING_KNOWLEDGE_TIME,UNKNOWN,UNKNOWN,SIDEWAYS,HOLD,04_MARKET_LEARNING/handlekompas/official/outcomes/2026/09/27/CMP-20260927-55f403eee1e4_12h.json,MATURED_ARTIFACT,OFFICIAL_DAILY_COMPASS_SCORING_v1,,2026-09-28T10:05:17Z,2026-09-28T11:00:00Z,2026-09-28T15:45:16Z,INCORRECT,CORRECT,-1.8958160222567466,-0.5751665151763508,PROTECTIVE,True,,NOT_ASSIGNED,NOT_ESTABLISHED,LEGACY_OPEN_TIMESTAMP_NOT_CLOSE,PASS,,
CMP-20260927-55f403eee1e4,72h,04_MARKET_LEARNING/handlekompas/official/daily/2026/09/27/CMP-20260927-55f403eee1e4.json,c0e301ffde8db429614ccb57cd51f9ba16cd45a780ce06b078e59c9e0c369487,True,2026-09-27T22:05:17Z,707c6c06472c606412b522e6eebb8254ca3ddc4a,2026-09-25_DECISION_INTEGRITY_V3_2,UNTESTABLE,FROZEN_OFFICIAL_ARTIFACT,PENDING_KNOWLEDGE_TIME,UNKNOWN,UNKNOWN,NO_EDGE,WAIT,04_MARKET_LEARNING/handlekompas/official/outcomes/2026/09/27/CMP-20260927-55f403eee1e4_72h.json,MATURED_ARTIFACT,OFFICIAL_DAILY_COMPASS_SCORING_v2,2026-09-27T22:00:00Z,2026-09-30T22:00:00Z,2026-09-30T23:00:00Z,2026-10-01T00:02:08Z,ABSTAINED,ABSTAINED,-1.2810659163681515,-0.5524429676208031,PROTECTIVE,False,73.0,NOT_ASSIGNED,NOT_ESTABLISHED,V2_EXPLICIT_CLOSE,PASS,,
CMP-20260927-55f403eee1e4,168h,04_MARKET_LEARNING/handlekompas/official/daily/2026/09/27/CMP-20260927-55f403eee1e4.json,c0e301ffde8db429614ccb57cd51f9ba16cd45a780ce06b078e59c9e0c369487,True,2026-09-27T22:05:17Z,707c6c06472c606412b522e6eebb8254ca3ddc4a,2026-09-25_DECISION_INTEGRITY_V3_2,UNTESTABLE,FROZEN_OFFICIAL_ARTIFACT,PENDING_KNOWLEDGE_TIME,UNKNOWN,UNKNOWN,NO_EDGE,WAIT,04_MARKET_LEARNING/handlekompas/official/outcomes/2026/09/27/CMP-20260927-55f403eee1e4_168h.json,MATURED_ARTIFACT,OFFICIAL_DAILY_COMPASS_SCORING_v2,2026-09-27T22:00:00Z,2026-10-04T22:00:00Z,2026-10-04T23:00:00Z,2026-10-05T01:08:58Z,ABSTAINED,ABSTAINED,1.3418300830329466,0.793461578578758,OPPORTUNITY_COST_OR_NEUTRAL,False,169.0,NOT_ASSIGNED,NOT_ESTABLISHED,V2_EXPLICIT_CLOSE,PASS,,
CMP-20260927-9c2e3a79a25e,12h,04_MARKET_LEARNING/handlekompas/official/daily/2026/09/27/CMP-20260927-9c2e3a79a25e.json,2b637c7572bb4a7c7fdb265486a0a8d492253d2da668261b383e09a51cd84448,True,2026-09-27T21:26:08Z,9cd77d9f1700a270381bdc4ff03b092fe6a1744f,2026-09-25_DECISION_INTEGRITY_V3_2,UNTESTABLE,FROZEN_OFFICIAL_ARTIFACT,PENDING_KNOWLEDGE_TIME,UNKNOWN,UNKNOWN,UNAVAILABLE,NO_EDGE,04_MARKET_LEARNING/handlekompas/official/outcomes/2026/09/27/CMP-20260927-9c2e3a79a25e_12h.json,MATURED_ARTIFACT,OFFICIAL_DAILY_COMPASS_SCORING_v1,,2026-09-28T09:26:08Z,2026-09-28T10:00:00Z,2026-09-28T15:45:16Z,ABSTAINED,ABSTAINED,-1.9083879206375443,-1.2915403364841649,ABSTAINED,False,,NOT_ASSIGNED,NOT_ESTABLISHED,LEGACY_OPEN_TIMESTAMP_NOT_CLOSE,PASS,,
CMP-20260927-9c2e3a79a25e,72h,04_MARKET_LEARNING/handlekompas/official/daily/2026/09/27/CMP-20260927-9c2e3a79a25e.json,2b637c7572bb4a7c7fdb265486a0a8d492253d2da668261b383e09a51cd84448,True,2026-09-27T21:26:08Z,9cd77d9f1700a270381bdc4ff03b092fe6a1744f,2026-09-25_DECISION_INTEGRITY_V3_2,UNTESTABLE,FROZEN_OFFICIAL_ARTIFACT,PENDING_KNOWLEDGE_TIME,UNKNOWN,UNKNOWN,UNAVAILABLE,NO_EDGE,04_MARKET_LEARNING/handlekompas/official/outcomes/2026/09/27/CMP-20260927-9c2e3a79a25e_72h.json,MATURED_ARTIFACT,OFFICIAL_DAILY_COMPASS_SCORING_v2,2026-09-27T18:00:00Z,2026-09-30T18:00:00Z,2026-09-30T19:00:00Z,2026-09-30T21:55:39Z,ABSTAINED,ABSTAINED,-0.2655189538155911,0.16608703406455483,ABSTAINED,False,73.0,NOT_ASSIGNED,NOT_ESTABLISHED,V2_EXPLICIT_CLOSE,PASS,,
CMP-20260927-9c2e3a79a25e,168h,04_MARKET_LEARNING/handlekompas/official/daily/2026/09/27/CMP-20260927-9c2e3a79a25e.json,2b637c7572bb4a7c7fdb265486a0a8d492253d2da668261b383e09a51cd84448,True,2026-09-27T21:26:08Z,9cd77d9f1700a270381bdc4ff03b092fe6a1744f,2026-09-25_DECISION_INTEGRITY_V3_2,UNTESTABLE,FROZEN_OFFICIAL_ARTIFACT,PENDING_KNOWLEDGE_TIME,UNKNOWN,UNKNOWN,UNAVAILABLE,NO_EDGE,04_MARKET_LEARNING/handlekompas/official/outcomes/2026/09/27/CMP-20260927-9c2e3a79a25e_168h.json,MATURED_ARTIFACT,OFFICIAL_DAILY_COMPASS_SCORING_v2,2026-09-27T18:00:00Z,2026-10-04T18:00:00Z,2026-10-04T18:00:00Z,2026-10-04T18:45:05Z,ABSTAINED,ABSTAINED,0.8064062241350811,0.28349979192674457,ABSTAINED,False,168.0,NOT_ASSIGNED,NOT_ESTABLISHED,V2_EXPLICIT_CLOSE,PASS,,
CMP-20260927-ea41ee881cb7,12h,04_MARKET_LEARNING/handlekompas/official/daily/2026/09/27/CMP-20260927-ea41ee881cb7.json,278a30d886dddea0ffe89b4d15675c91530e9bba7deb15f34c51d5bb8052887f,True,2026-09-27T14:20:21Z,e47b94dfc615ee384c648c8d3ed0935787fc02ca,2026-09-25_DECISION_INTEGRITY_V3_2,UNTESTABLE,FROZEN_OFFICIAL_ARTIFACT,PENDING_KNOWLEDGE_TIME,UNKNOWN,UNKNOWN,SIDEWAYS,HOLD,04_MARKET_LEARNING/handlekompas/official/outcomes/2026/09/27/CMP-20260927-ea41ee881cb7_12h.json,MATURED_ARTIFACT,OFFICIAL_DAILY_COMPASS_SCORING_v1,,2026-09-28T02:20:21Z,2026-09-28T03:00:00Z,2026-09-28T07:16:18Z,INCORRECT,INCORRECT,-1.7256784361596944,-2.041841498729402,PROTECTIVE,True,,NOT_ASSIGNED,NOT_ESTABLISHED,LEGACY_OPEN_TIMESTAMP_NOT_CLOSE,PASS,,
CMP-20260927-ea41ee881cb7,72h,04_MARKET_LEARNING/handlekompas/official/daily/2026/09/27/CMP-20260927-ea41ee881cb7.json,278a30d886dddea0ffe89b4d15675c91530e9bba7deb15f34c51d5bb8052887f,True,2026-09-27T14:20:21Z,e47b94dfc615ee384c648c8d3ed0935787fc02ca,2026-09-25_DECISION_INTEGRITY_V3_2,UNTESTABLE,FROZEN_OFFICIAL_ARTIFACT,PENDING_KNOWLEDGE_TIME,UNKNOWN,UNKNOWN,NO_EDGE,WAIT,04_MARKET_LEARNING/handlekompas/official/outcomes/2026/09/27/CMP-20260927-ea41ee881cb7_72h.json,MATURED_ARTIFACT,OFFICIAL_DAILY_COMPASS_SCORING_v1,,2026-09-30T14:20:21Z,2026-09-30T15:00:00Z,2026-09-30T19:33:07Z,ABSTAINED,ABSTAINED,-0.7872219066505592,-0.8731753442468015,PROTECTIVE,False,,NOT_ASSIGNED,NOT_ESTABLISHED,LEGACY_OPEN_TIMESTAMP_NOT_CLOSE,PASS,,
CMP-20260927-ea41ee881cb7,168h,04_MARKET_LEARNING/handlekompas/official/daily/2026/09/27/CMP-20260927-ea41ee881cb7.json,278a30d886dddea0ffe89b4d15675c91530e9bba7deb15f34c51d5bb8052887f,True,2026-09-27T14:20:21Z,e47b94dfc615ee384c648c8d3ed0935787fc02ca,2026-09-25_DECISION_INTEGRITY_V3_2,UNTESTABLE,FROZEN_OFFICIAL_ARTIFACT,PENDING_KNOWLEDGE_TIME,UNKNOWN,UNKNOWN,NO_EDGE,WAIT,04_MARKET_LEARNING/handlekompas/official/outcomes/2026/09/27/CMP-20260927-ea41ee881cb7_168h.json,MATURED_ARTIFACT,OFFICIAL_DAILY_COMPASS_SCORING_v2,2026-09-27T13:00:00Z,2026-10-04T13:00:00Z,2026-10-04T13:00:00Z,2026-10-04T13:42:18Z,ABSTAINED,ABSTAINED,0.3843423050939654,-0.4480379410200408,OPPORTUNITY_COST_OR_NEUTRAL,False,168.0,NOT_ASSIGNED,NOT_ESTABLISHED,V2_EXPLICIT_CLOSE,PASS,,
CMP-20260928-820165ae1759,12h,04_MARKET_LEARNING/handlekompas/official/daily/2026/09/28/CMP-20260928-820165ae1759.json,dd0533132d7c020368097318cb77642af3c6c2459a1b84a219c28fb2024b2c69,True,2026-09-28T13:58:39Z,8f641b567e5c581b5380831500ec41a60891d2e0,2026-09-25_DECISION_INTEGRITY_V3_2,UNTESTABLE,FROZEN_OFFICIAL_ARTIFACT,PENDING_KNOWLEDGE_TIME,UNKNOWN,UNKNOWN,UNAVAILABLE,NO_EDGE,04_MARKET_LEARNING/handlekompas/official/outcomes/2026/09/28/CMP-20260928-820165ae1759_12h.json,MATURED_ARTIFACT,OFFICIAL_DAILY_COMPASS_SCORING_v1,,2026-09-29T01:58:39Z,2026-09-29T02:00:00Z,2026-09-29T20:56:56Z,ABSTAINED,ABSTAINED,-0.2603986030488281,0.22627591330615093,ABSTAINED,False,,NOT_ASSIGNED,NOT_ESTABLISHED,LEGACY_OPEN_TIMESTAMP_NOT_CLOSE,PASS,,
CMP-20260928-820165ae1759,72h,04_MARKET_LEARNING/handlekompas/official/daily/2026/09/28/CMP-20260928-820165ae1759.json,dd0533132d7c020368097318cb77642af3c6c2459a1b84a219c28fb2024b2c69,True,2026-09-28T13:58:39Z,8f641b567e5c581b5380831500ec41a60891d2e0,2026-09-25_DECISION_INTEGRITY_V3_2,UNTESTABLE,FROZEN_OFFICIAL_ARTIFACT,PENDING_KNOWLEDGE_TIME,UNKNOWN,UNKNOWN,UNAVAILABLE,NO_EDGE,04_MARKET_LEARNING/handlekompas/official/outcomes/2026/09/28/CMP-20260928-820165ae1759_72h.json,MATURED_ARTIFACT,OFFICIAL_DAILY_COMPASS_SCORING_v2,2026-09-28T06:00:00Z,2026-10-01T06:00:00Z,2026-10-01T05:00:00Z,2026-10-01T06:19:03Z,ABSTAINED,ABSTAINED,0.36878481813993336,1.3346507619841352,ABSTAINED,False,71.0,NOT_ASSIGNED,NOT_ESTABLISHED,V2_EXPLICIT_CLOSE,PASS,,
CMP-20260928-820165ae1759,168h,04_MARKET_LEARNING/handlekompas/official/daily/2026/09/28/CMP-20260928-820165ae1759.json,dd0533132d7c020368097318cb77642af3c6c2459a1b84a219c28fb2024b2c69,True,2026-09-28T13:58:39Z,8f641b567e5c581b5380831500ec41a60891d2e0,2026-09-25_DECISION_INTEGRITY_V3_2,UNTESTABLE,FROZEN_OFFICIAL_ARTIFACT,PENDING_KNOWLEDGE_TIME,UNKNOWN,UNKNOWN,UNAVAILABLE,NO_EDGE,04_MARKET_LEARNING/handlekompas/official/outcomes/2026/09/28/CMP-20260928-820165ae1759_168h.json,MATURED_ARTIFACT,OFFICIAL_DAILY_COMPASS_SCORING_v2,2026-09-28T06:00:00Z,2026-10-05T06:00:00Z,2026-10-05T05:00:00Z,2026-10-05T07:04:58Z,ABSTAINED,ABSTAINED,4.012778417390561,2.9977787247843724,ABSTAINED,False,167.0,NOT_ASSIGNED,NOT_ESTABLISHED,V2_EXPLICIT_CLOSE,PASS,,
CMP-20260928-99aab44157fc,12h,04_MARKET_LEARNING/handlekompas/official/daily/2026/09/28/CMP-20260928-99aab44157fc.json,aebde02defb167088b4992fca23386faad292170d47701de89820ae373b49123,True,2026-09-28T23:22:15Z,fb12ea9a32e4a9580e845a79f4c6827d33c6d8a4,2026-09-25_DECISION_INTEGRITY_V3_2,UNTESTABLE,FROZEN_OFFICIAL_ARTIFACT,PENDING_KNOWLEDGE_TIME,UNKNOWN,UNKNOWN,SIDEWAYS,HOLD,04_MARKET_LEARNING/handlekompas/official/outcomes/2026/09/28/CMP-20260928-99aab44157fc_12h.json,MATURED_ARTIFACT,OFFICIAL_DAILY_COMPASS_SCORING_v1,,2026-09-29T11:22:15Z,2026-09-29T12:00:00Z,2026-09-29T20:56:56Z,CORRECT,INCORRECT,0.9394001053286694,2.0101382832010017,OPPORTUNITY_COST_OR_NEUTRAL,False,,NOT_ASSIGNED,NOT_ESTABLISHED,LEGACY_OPEN_TIMESTAMP_NOT_CLOSE,PASS,,
CMP-20260928-99aab44157fc,72h,04_MARKET_LEARNING/handlekompas/official/daily/2026/09/28/CMP-20260928-99aab44157fc.json,aebde02defb167088b4992fca23386faad292170d47701de89820ae373b49123,True,2026-09-28T23:22:15Z,fb12ea9a32e4a9580e845a79f4c6827d33c6d8a4,2026-09-25_DECISION_INTEGRITY_V3_2,UNTESTABLE,FROZEN_OFFICIAL_ARTIFACT,PENDING_KNOWLEDGE_TIME,UNKNOWN,UNKNOWN,MIXED,WAIT,04_MARKET_LEARNING/handlekompas/official/outcomes/2026/09/28/CMP-20260928-99aab44157fc_72h.json,MATURED_ARTIFACT,OFFICIAL_DAILY_COMPASS_SCORING_v2,2026-09-28T21:00:00Z,2026-10-01T21:00:00Z,2026-10-01T21:00:00Z,2026-10-02T00:01:12Z,ABSTAINED,ABSTAINED,1.5009575333939873,0.6515337880651506,OPPORTUNITY_COST_OR_NEUTRAL,False,72.0,NOT_ASSIGNED,NOT_ESTABLISHED,V2_EXPLICIT_CLOSE,PASS,,
CMP-20260928-99aab44157fc,168h,04_MARKET_LEARNING/handlekompas/official/daily/2026/09/28/CMP-20260928-99aab44157fc.json,aebde02defb167088b4992fca23386faad292170d47701de89820ae373b49123,True,2026-09-28T23:22:15Z,fb12ea9a32e4a9580e845a79f4c6827d33c6d8a4,2026-09-25_DECISION_INTEGRITY_V3_2,UNTESTABLE,FROZEN_OFFICIAL_ARTIFACT,PENDING_KNOWLEDGE_TIME,UNKNOWN,UNKNOWN,MIXED,WAIT,04_MARKET_LEARNING/handlekompas/official/outcomes/2026/09/28/CMP-20260928-99aab44157fc_168h.json,MATURED_ARTIFACT,OFFICIAL_DAILY_COMPASS_SCORING_v2,2026-09-28T21:00:00Z,2026-10-05T21:00:00Z,2026-10-05T22:00:00Z,2026-10-05T22:50:00Z,ABSTAINED,ABSTAINED,2.5148896442763524,1.0309739461030976,OPPORTUNITY_COST_OR_NEUTRAL,False,169.0,NOT_ASSIGNED,NOT_ESTABLISHED,V2_EXPLICIT_CLOSE,PASS,,
CMP-20260928-e78407db05ac,12h,04_MARKET_LEARNING/handlekompas/official/daily/2026/09/28/CMP-20260928-e78407db05ac.json,8f0cf671f9bbcb71abb0570504920f31d86b871c0d97b9d75a1c2cee9d636dec,True,2026-09-28T21:54:34Z,d4fa11121c38e3c612319fe2665efe00e38526b6,2026-09-25_DECISION_INTEGRITY_V3_2,UNTESTABLE,FROZEN_OFFICIAL_ARTIFACT,PENDING_KNOWLEDGE_TIME,UNKNOWN,UNKNOWN,SIDEWAYS,HOLD,04_MARKET_LEARNING/handlekompas/official/outcomes/2026/09/28/CMP-20260928-e78407db05ac_12h.json,MATURED_ARTIFACT,OFFICIAL_DAILY_COMPASS_SCORING_v1,,2026-09-29T09:54:34Z,2026-09-29T10:00:00Z,2026-09-29T20:56:56Z,CORRECT,CORRECT,0.5775003590750227,1.1890118901189073,OPPORTUNITY_COST_OR_NEUTRAL,False,,NOT_ASSIGNED,NOT_ESTABLISHED,LEGACY_OPEN_TIMESTAMP_NOT_CLOSE,PASS,,
CMP-20260928-e78407db05ac,72h,04_MARKET_LEARNING/handlekompas/official/daily/2026/09/28/CMP-20260928-e78407db05ac.json,8f0cf671f9bbcb71abb0570504920f31d86b871c0d97b9d75a1c2cee9d636dec,True,2026-09-28T21:54:34Z,d4fa11121c38e3c612319fe2665efe00e38526b6,2026-09-25_DECISION_INTEGRITY_V3_2,UNTESTABLE,FROZEN_OFFICIAL_ARTIFACT,PENDING_KNOWLEDGE_TIME,UNKNOWN,UNKNOWN,MIXED,WAIT,04_MARKET_LEARNING/handlekompas/official/outcomes/2026/09/28/CMP-20260928-e78407db05ac_72h.json,MATURED_ARTIFACT,OFFICIAL_DAILY_COMPASS_SCORING_v2,2026-09-28T21:00:00Z,2026-10-01T21:00:00Z,2026-10-01T21:00:00Z,2026-10-02T00:01:12Z,ABSTAINED,ABSTAINED,1.5009575333939873,0.6515337880651506,OPPORTUNITY_COST_OR_NEUTRAL,False,72.0,NOT_ASSIGNED,NOT_ESTABLISHED,V2_EXPLICIT_CLOSE,PASS,,
CMP-20260928-e78407db05ac,168h,04_MARKET_LEARNING/handlekompas/official/daily/2026/09/28/CMP-20260928-e78407db05ac.json,8f0cf671f9bbcb71abb0570504920f31d86b871c0d97b9d75a1c2cee9d636dec,True,2026-09-28T21:54:34Z,d4fa11121c38e3c612319fe2665efe00e38526b6,2026-09-25_DECISION_INTEGRITY_V3_2,UNTESTABLE,FROZEN_OFFICIAL_ARTIFACT,PENDING_KNOWLEDGE_TIME,UNKNOWN,UNKNOWN,MIXED,WAIT,04_MARKET_LEARNING/handlekompas/official/outcomes/2026/09/28/CMP-20260928-e78407db05ac_168h.json,MATURED_ARTIFACT,OFFICIAL_DAILY_COMPASS_SCORING_v2,2026-09-28T21:00:00Z,2026-10-05T21:00:00Z,2026-10-05T22:00:00Z,2026-10-05T22:50:00Z,ABSTAINED,ABSTAINED,2.5148896442763524,1.0309739461030976,OPPORTUNITY_COST_OR_NEUTRAL,False,169.0,NOT_ASSIGNED,NOT_ESTABLISHED,V2_EXPLICIT_CLOSE,PASS,,
CMP-20260929-3791758f6931,12h,04_MARKET_LEARNING/handlekompas/official/daily/2026/09/29/CMP-20260929-3791758f6931.json,4d3944f1cab0d36a6e058436426d11261fe1915737a538dfc4b40c140dba0a54,True,2026-09-29T22:22:47Z,165a04f89cee98246f31a102ce15993f08b31e8b,2026-09-29_BULL_BEAR_DISPLAY_V3_3,UNTESTABLE,FROZEN_OFFICIAL_ARTIFACT,PENDING_KNOWLEDGE_TIME,UNKNOWN,UNKNOWN,UNAVAILABLE,NO_EDGE,04_MARKET_LEARNING/handlekompas/official/outcomes/2026/09/29/CMP-20260929-3791758f6931_12h.json,MATURED_ARTIFACT,OFFICIAL_DAILY_COMPASS_SCORING_v1,,2026-09-30T10:22:47Z,2026-09-30T11:00:00Z,2026-09-30T14:04:08Z,ABSTAINED,ABSTAINED,0.38417824435028614,0.2895900015241537,ABSTAINED,False,,NOT_ASSIGNED,NOT_ESTABLISHED,LEGACY_OPEN_TIMESTAMP_NOT_CLOSE,PASS,,
CMP-20260929-3791758f6931,72h,04_MARKET_LEARNING/handlekompas/official/daily/2026/09/29/CMP-20260929-3791758f6931.json,4d3944f1cab0d36a6e058436426d11261fe1915737a538dfc4b40c140dba0a54,True,2026-09-29T22:22:47Z,165a04f89cee98246f31a102ce15993f08b31e8b,2026-09-29_BULL_BEAR_DISPLAY_V3_3,UNTESTABLE,FROZEN_OFFICIAL_ARTIFACT,PENDING_KNOWLEDGE_TIME,UNKNOWN,UNKNOWN,UNAVAILABLE,NO_EDGE,04_MARKET_LEARNING/handlekompas/official/outcomes/2026/09/29/CMP-20260929-3791758f6931_72h.json,MATURED_ARTIFACT,OFFICIAL_DAILY_COMPASS_SCORING_v2,2026-09-29T20:00:00Z,2026-10-02T20:00:00Z,2026-10-02T19:00:00Z,2026-10-02T23:08:00Z,ABSTAINED,ABSTAINED,1.8733399677799856,0.0026022208095666244,ABSTAINED,False,71.0,NOT_ASSIGNED,NOT_ESTABLISHED,V2_EXPLICIT_CLOSE,PASS,,
CMP-20260929-3791758f6931,168h,04_MARKET_LEARNING/handlekompas/official/daily/2026/09/29/CMP-20260929-3791758f6931.json,4d3944f1cab0d36a6e058436426d11261fe1915737a538dfc4b40c140dba0a54,True,2026-09-29T22:22:47Z,165a04f89cee98246f31a102ce15993f08b31e8b,2026-09-29_BULL_BEAR_DISPLAY_V3_3,UNTESTABLE,FROZEN_OFFICIAL_ARTIFACT,PENDING_KNOWLEDGE_TIME,UNKNOWN,UNKNOWN,UNAVAILABLE,NO_EDGE,04_MARKET_LEARNING/handlekompas/official/outcomes/2026/09/29/CMP-20260929-3791758f6931_168h.json,MATURED_ARTIFACT,OFFICIAL_DAILY_COMPASS_SCORING_v2,2026-09-29T20:00:00Z,2026-10-06T20:00:00Z,2026-10-06T21:00:00Z,2026-10-06T21:47:19Z,ABSTAINED,ABSTAINED,2.542538634048075,0.34460838435543817,ABSTAINED,False,169.0,NOT_ASSIGNED,NOT_ESTABLISHED,V2_EXPLICIT_CLOSE,PASS,,
CMP-20260929-89092f118bfb,12h,04_MARKET_LEARNING/handlekompas/official/daily/2026/09/29/CMP-20260929-89092f118bfb.json,bb7978ec76f7dd10b4aa698b6eefa6a458793582551e1d217fb450f06c99debe,True,2026-09-29T19:41:43Z,6795035d373db4f5e0f5e4d305dab03c78dc91b2,2026-09-29_BULL_BEAR_DISPLAY_V3_3,UNTESTABLE,FROZEN_OFFICIAL_ARTIFACT,PENDING_KNOWLEDGE_TIME,UNKNOWN,UNKNOWN,UNAVAILABLE,NO_EDGE,04_MARKET_LEARNING/handlekompas/official/outcomes/2026/09/29/CMP-20260929-89092f118bfb_12h.json,MATURED_ARTIFACT,OFFICIAL_DAILY_COMPASS_SCORING_v1,,2026-09-30T07:41:43Z,2026-09-30T08:00:00Z,2026-09-30T14:04:08Z,ABSTAINED,ABSTAINED,-0.018777532105052064,-0.09911136377236396,ABSTAINED,False,,NOT_ASSIGNED,NOT_ESTABLISHED,LEGACY_OPEN_TIMESTAMP_NOT_CLOSE,PASS,,
CMP-20260929-89092f118bfb,72h,04_MARKET_LEARNING/handlekompas/official/daily/2026/09/29/CMP-20260929-89092f118bfb.json,bb7978ec76f7dd10b4aa698b6eefa6a458793582551e1d217fb450f06c99debe,True,2026-09-29T19:41:43Z,6795035d373db4f5e0f5e4d305dab03c78dc91b2,2026-09-29_BULL_BEAR_DISPLAY_V3_3,UNTESTABLE,FROZEN_OFFICIAL_ARTIFACT,PENDING_KNOWLEDGE_TIME,UNKNOWN,UNKNOWN,UNAVAILABLE,NO_EDGE,04_MARKET_LEARNING/handlekompas/official/outcomes/2026/09/29/CMP-20260929-89092f118bfb_72h.json,MATURED_ARTIFACT,OFFICIAL_DAILY_COMPASS_SCORING_v2,2026-09-29T18:00:00Z,2026-10-02T18:00:00Z,2026-10-02T19:00:00Z,2026-10-02T23:08:00Z,ABSTAINED,ABSTAINED,2.506078323253047,0.6103763987792332,ABSTAINED,False,73.0,NOT_ASSIGNED,NOT_ESTABLISHED,V2_EXPLICIT_CLOSE,PASS,,
CMP-20260929-89092f118bfb,168h,04_MARKET_LEARNING/handlekompas/official/daily/2026/09/29/CMP-20260929-89092f118bfb.json,bb7978ec76f7dd10b4aa698b6eefa6a458793582551e1d217fb450f06c99debe,True,2026-09-29T19:41:43Z,6795035d373db4f5e0f5e4d305dab03c78dc91b2,2026-09-29_BULL_BEAR_DISPLAY_V3_3,UNTESTABLE,FROZEN_OFFICIAL_ARTIFACT,PENDING_KNOWLEDGE_TIME,UNKNOWN,UNKNOWN,UNAVAILABLE,NO_EDGE,04_MARKET_LEARNING/handlekompas/official/outcomes/2026/09/29/CMP-20260929-89092f118bfb_168h.json,MATURED_ARTIFACT,OFFICIAL_DAILY_COMPASS_SCORING_v2,2026-09-29T18:00:00Z,2026-10-06T18:00:00Z,2026-10-06T17:00:00Z,2026-10-06T21:47:19Z,ABSTAINED,ABSTAINED,3.020305854702121,0.8160792292501773,ABSTAINED,False,167.0,NOT_ASSIGNED,NOT_ESTABLISHED,V2_EXPLICIT_CLOSE,PASS,,
CMP-20260930-0829ff71fae0,12h,04_MARKET_LEARNING/handlekompas/official/daily/2026/09/30/CMP-20260930-0829ff71fae0.json,43ec366b9bb08ede984e7f03dfbb5b5b198a2e22eafc51b034f2fb118d6d07b9,True,2026-09-30T20:39:49Z,c376f3153bbd9010ae93ac32e22a07e867379144,2026-09-30_DIRECTION_ACTION_SEPARATION_V4_0,UNTESTABLE,FROZEN_OFFICIAL_ARTIFACT,PENDING_KNOWLEDGE_TIME,UNKNOWN,UNKNOWN,DOWN,HOLD,,NO_OUTCOME_AT_SNAPSHOT,,,,,,,,,,,False,,NOT_ASSIGNED,NOT_ESTABLISHED,,,2026-10-01T07:00:00+00:00,PAST_REFERENCE_HORIZON_NOT_CAUSALLY_DIAGNOSED
CMP-20260930-0829ff71fae0,72h,04_MARKET_LEARNING/handlekompas/official/daily/2026/09/30/CMP-20260930-0829ff71fae0.json,43ec366b9bb08ede984e7f03dfbb5b5b198a2e22eafc51b034f2fb118d6d07b9,True,2026-09-30T20:39:49Z,c376f3153bbd9010ae93ac32e22a07e867379144,2026-09-30_DIRECTION_ACTION_SEPARATION_V4_0,UNTESTABLE,FROZEN_OFFICIAL_ARTIFACT,PENDING_KNOWLEDGE_TIME,UNKNOWN,UNKNOWN,MIXED,WAIT,,NO_OUTCOME_AT_SNAPSHOT,,,,,,,,,,,False,,NOT_ASSIGNED,NOT_ESTABLISHED,,,2026-10-03T19:00:00+00:00,PAST_REFERENCE_HORIZON_NOT_CAUSALLY_DIAGNOSED
CMP-20260930-0829ff71fae0,168h,04_MARKET_LEARNING/handlekompas/official/daily/2026/09/30/CMP-20260930-0829ff71fae0.json,43ec366b9bb08ede984e7f03dfbb5b5b198a2e22eafc51b034f2fb118d6d07b9,True,2026-09-30T20:39:49Z,c376f3153bbd9010ae93ac32e22a07e867379144,2026-09-30_DIRECTION_ACTION_SEPARATION_V4_0,UNTESTABLE,FROZEN_OFFICIAL_ARTIFACT,PENDING_KNOWLEDGE_TIME,UNKNOWN,UNKNOWN,MIXED,WAIT,04_MARKET_LEARNING/handlekompas/official/outcomes/2026/09/30/CMP-20260930-0829ff71fae0_168h.json,MATURED_ARTIFACT,OFFICIAL_DAILY_COMPASS_SCORING_v2,2026-09-30T19:00:00Z,2026-10-07T19:00:00Z,2026-10-07T20:00:00Z,2026-10-07T22:10:19Z,ABSTAINED,ABSTAINED,-0.671721262656344,-4.129294739003042,PROTECTIVE,False,169.0,NOT_ASSIGNED,NOT_ESTABLISHED,V2_EXPLICIT_CLOSE,PASS,,
CMP-20260930-79fa8a382d50,12h,04_MARKET_LEARNING/handlekompas/official/daily/2026/09/30/CMP-20260930-79fa8a382d50.json,b23c82d94fb0e28adab008c9f50581dbc2fbd5c083ebe716c22977f513cb8a36,True,2026-09-30T21:55:12Z,28872d37a28c7546eecee0118ea4ecc4a385e7ec,2026-09-30_DIRECTION_ACTION_SEPARATION_V4_0,UNTESTABLE,FROZEN_OFFICIAL_ARTIFACT,PENDING_KNOWLEDGE_TIME,UNKNOWN,UNKNOWN,SIDEWAYS,HOLD,,NO_OUTCOME_AT_SNAPSHOT,,,,,,,,,,,False,,NOT_ASSIGNED,NOT_ESTABLISHED,,,2026-10-01T07:00:00+00:00,PAST_REFERENCE_HORIZON_NOT_CAUSALLY_DIAGNOSED
CMP-20260930-79fa8a382d50,72h,04_MARKET_LEARNING/handlekompas/official/daily/2026/09/30/CMP-20260930-79fa8a382d50.json,b23c82d94fb0e28adab008c9f50581dbc2fbd5c083ebe716c22977f513cb8a36,True,2026-09-30T21:55:12Z,28872d37a28c7546eecee0118ea4ecc4a385e7ec,2026-09-30_DIRECTION_ACTION_SEPARATION_V4_0,UNTESTABLE,FROZEN_OFFICIAL_ARTIFACT,PENDING_KNOWLEDGE_TIME,UNKNOWN,UNKNOWN,MIXED,WAIT,,NO_OUTCOME_AT_SNAPSHOT,,,,,,,,,,,False,,NOT_ASSIGNED,NOT_ESTABLISHED,,,2026-10-03T19:00:00+00:00,PAST_REFERENCE_HORIZON_NOT_CAUSALLY_DIAGNOSED
CMP-20260930-79fa8a382d50,168h,04_MARKET_LEARNING/handlekompas/official/daily/2026/09/30/CMP-20260930-79fa8a382d50.json,b23c82d94fb0e28adab008c9f50581dbc2fbd5c083ebe716c22977f513cb8a36,True,2026-09-30T21:55:12Z,28872d37a28c7546eecee0118ea4ecc4a385e7ec,2026-09-30_DIRECTION_ACTION_SEPARATION_V4_0,UNTESTABLE,FROZEN_OFFICIAL_ARTIFACT,PENDING_KNOWLEDGE_TIME,UNKNOWN,UNKNOWN,MIXED,WAIT,04_MARKET_LEARNING/handlekompas/official/outcomes/2026/09/30/CMP-20260930-79fa8a382d50_168h.json,MATURED_ARTIFACT,OFFICIAL_DAILY_COMPASS_SCORING_v2,2026-09-30T19:00:00Z,2026-10-07T19:00:00Z,2026-10-07T20:00:00Z,2026-10-07T22:10:19Z,ABSTAINED,ABSTAINED,-0.671721262656344,-4.129294739003042,PROTECTIVE,False,169.0,NOT_ASSIGNED,NOT_ESTABLISHED,V2_EXPLICIT_CLOSE,PASS,,
CMP-20260930-83028767395b,12h,04_MARKET_LEARNING/handlekompas/official/daily/2026/09/30/CMP-20260930-83028767395b.json,37a21330a974ae9edc2d8bc18464defc47c2b55df3eda2946d8a63139512d383,True,2026-09-30T22:22:18Z,20f7408b200fb461d223434d742678bd5530e49b,2026-09-30_DIRECTION_ACTION_SEPARATION_V4_0,UNTESTABLE,FROZEN_OFFICIAL_ARTIFACT,PENDING_KNOWLEDGE_TIME,UNKNOWN,UNKNOWN,UNAVAILABLE,NO_EDGE,,NO_OUTCOME_AT_SNAPSHOT,,,,,,,,,,,False,,NOT_ASSIGNED,NOT_ESTABLISHED,,,2026-10-01T07:00:00+00:00,PAST_REFERENCE_HORIZON_NOT_CAUSALLY_DIAGNOSED
CMP-20260930-83028767395b,72h,04_MARKET_LEARNING/handlekompas/official/daily/2026/09/30/CMP-20260930-83028767395b.json,37a21330a974ae9edc2d8bc18464defc47c2b55df3eda2946d8a63139512d383,True,2026-09-30T22:22:18Z,20f7408b200fb461d223434d742678bd5530e49b,2026-09-30_DIRECTION_ACTION_SEPARATION_V4_0,UNTESTABLE,FROZEN_OFFICIAL_ARTIFACT,PENDING_KNOWLEDGE_TIME,UNKNOWN,UNKNOWN,UNAVAILABLE,NO_EDGE,,NO_OUTCOME_AT_SNAPSHOT,,,,,,,,,,,False,,NOT_ASSIGNED,NOT_ESTABLISHED,,,2026-10-03T19:00:00+00:00,PAST_REFERENCE_HORIZON_NOT_CAUSALLY_DIAGNOSED
CMP-20260930-83028767395b,168h,04_MARKET_LEARNING/handlekompas/official/daily/2026/09/30/CMP-20260930-83028767395b.json,37a21330a974ae9edc2d8bc18464defc47c2b55df3eda2946d8a63139512d383,True,2026-09-30T22:22:18Z,20f7408b200fb461d223434d742678bd5530e49b,2026-09-30_DIRECTION_ACTION_SEPARATION_V4_0,UNTESTABLE,FROZEN_OFFICIAL_ARTIFACT,PENDING_KNOWLEDGE_TIME,UNKNOWN,UNKNOWN,UNAVAILABLE,NO_EDGE,04_MARKET_LEARNING/handlekompas/official/outcomes/2026/09/30/CMP-20260930-83028767395b_168h.json,MATURED_ARTIFACT,OFFICIAL_DAILY_COMPASS_SCORING_v2,2026-09-30T19:00:00Z,2026-10-07T19:00:00Z,2026-10-07T20:00:00Z,2026-10-07T22:10:19Z,ABSTAINED,ABSTAINED,-0.671721262656344,-4.129294739003042,ABSTAINED,False,169.0,NOT_ASSIGNED,NOT_ESTABLISHED,V2_EXPLICIT_CLOSE,PASS,,
CMP-20260930-8cab3de1c86c,12h,04_MARKET_LEARNING/handlekompas/official/daily/2026/09/30/CMP-20260930-8cab3de1c86c.json,da2528b7cf7f1b2b3edcd7e35b2ad60ed3576fd16029da5c9c7920d9bcb40e61,True,2026-09-30T06:57:29Z,82e2e741a6e4acabdaac38341671612a5ea589c8,2026-09-29_BULL_BEAR_DISPLAY_V3_3,UNTESTABLE,FROZEN_OFFICIAL_ARTIFACT,PENDING_KNOWLEDGE_TIME,UNKNOWN,UNKNOWN,UNAVAILABLE,NO_EDGE,04_MARKET_LEARNING/handlekompas/official/outcomes/2026/09/30/CMP-20260930-8cab3de1c86c_12h.json,MATURED_ARTIFACT,OFFICIAL_DAILY_COMPASS_SCORING_v1,,2026-09-30T18:57:29Z,2026-09-30T18:00:00Z,2026-09-30T19:33:07Z,ABSTAINED,ABSTAINED,0.6787872973232245,0.15177059463420406,ABSTAINED,False,,NOT_ASSIGNED,NOT_ESTABLISHED,LEGACY_OPEN_TIMESTAMP_NOT_CLOSE,PASS,,
CMP-20260930-8cab3de1c86c,72h,04_MARKET_LEARNING/handlekompas/official/daily/2026/09/30/CMP-20260930-8cab3de1c86c.json,da2528b7cf7f1b2b3edcd7e35b2ad60ed3576fd16029da5c9c7920d9bcb40e61,True,2026-09-30T06:57:29Z,82e2e741a6e4acabdaac38341671612a5ea589c8,2026-09-29_BULL_BEAR_DISPLAY_V3_3,UNTESTABLE,FROZEN_OFFICIAL_ARTIFACT,PENDING_KNOWLEDGE_TIME,UNKNOWN,UNKNOWN,UNAVAILABLE,NO_EDGE,04_MARKET_LEARNING/handlekompas/official/outcomes/2026/09/30/CMP-20260930-8cab3de1c86c_72h.json,MATURED_ARTIFACT,OFFICIAL_DAILY_COMPASS_SCORING_v2,2026-09-30T06:00:00Z,2026-10-03T06:00:00Z,2026-10-03T06:00:00Z,2026-10-03T08:25:14Z,ABSTAINED,ABSTAINED,1.5062841792190307,0.17457356574919203,ABSTAINED,False,72.0,NOT_ASSIGNED,NOT_ESTABLISHED,V2_EXPLICIT_CLOSE,PASS,,
CMP-20260930-8cab3de1c86c,168h,04_MARKET_LEARNING/handlekompas/official/daily/2026/09/30/CMP-20260930-8cab3de1c86c.json,da2528b7cf7f1b2b3edcd7e35b2ad60ed3576fd16029da5c9c7920d9bcb40e61,True,2026-09-30T06:57:29Z,82e2e741a6e4acabdaac38341671612a5ea589c8,2026-09-29_BULL_BEAR_DISPLAY_V3_3,UNTESTABLE,FROZEN_OFFICIAL_ARTIFACT,PENDING_KNOWLEDGE_TIME,UNKNOWN,UNKNOWN,UNAVAILABLE,NO_EDGE,04_MARKET_LEARNING/handlekompas/official/outcomes/2026/09/30/CMP-20260930-8cab3de1c86c_168h.json,MATURED_ARTIFACT,OFFICIAL_DAILY_COMPASS_SCORING_v2,2026-09-30T06:00:00Z,2026-10-07T06:00:00Z,2026-10-07T07:00:00Z,2026-10-07T09:01:59Z,ABSTAINED,ABSTAINED,1.2083373309027978,-0.6545574167598156,ABSTAINED,False,169.0,NOT_ASSIGNED,NOT_ESTABLISHED,V2_EXPLICIT_CLOSE,PASS,,
CMP-20260930-a1e00f07aae2,12h,04_MARKET_LEARNING/handlekompas/official/daily/2026/09/30/CMP-20260930-a1e00f07aae2.json,8a870bac82d27f54efa46dfb935271fa47e8094ddf8e387debde75a62e5dedcd,True,2026-09-30T12:37:30Z,628dd16a845943913eeeb1b1204d2ca786952d9d,2026-09-29_BULL_BEAR_DISPLAY_V3_3,UNTESTABLE,FROZEN_OFFICIAL_ARTIFACT,PENDING_KNOWLEDGE_TIME,UNKNOWN,UNKNOWN,UNAVAILABLE,NO_EDGE,,NO_OUTCOME_AT_SNAPSHOT,,,,,,,,,,,False,,NOT_ASSIGNED,NOT_ESTABLISHED,,,2026-09-30T21:00:00+00:00,PAST_REFERENCE_HORIZON_NOT_CAUSALLY_DIAGNOSED
CMP-20260930-a1e00f07aae2,72h,04_MARKET_LEARNING/handlekompas/official/daily/2026/09/30/CMP-20260930-a1e00f07aae2.json,8a870bac82d27f54efa46dfb935271fa47e8094ddf8e387debde75a62e5dedcd,True,2026-09-30T12:37:30Z,628dd16a845943913eeeb1b1204d2ca786952d9d,2026-09-29_BULL_BEAR_DISPLAY_V3_3,UNTESTABLE,FROZEN_OFFICIAL_ARTIFACT,PENDING_KNOWLEDGE_TIME,UNKNOWN,UNKNOWN,UNAVAILABLE,NO_EDGE,,NO_OUTCOME_AT_SNAPSHOT,,,,,,,,,,,False,,NOT_ASSIGNED,NOT_ESTABLISHED,,,2026-10-03T09:00:00+00:00,PAST_REFERENCE_HORIZON_NOT_CAUSALLY_DIAGNOSED
CMP-20260930-a1e00f07aae2,168h,04_MARKET_LEARNING/handlekompas/official/daily/2026/09/30/CMP-20260930-a1e00f07aae2.json,8a870bac82d27f54efa46dfb935271fa47e8094ddf8e387debde75a62e5dedcd,True,2026-09-30T12:37:30Z,628dd16a845943913eeeb1b1204d2ca786952d9d,2026-09-29_BULL_BEAR_DISPLAY_V3_3,UNTESTABLE,FROZEN_OFFICIAL_ARTIFACT,PENDING_KNOWLEDGE_TIME,UNKNOWN,UNKNOWN,UNAVAILABLE,NO_EDGE,04_MARKET_LEARNING/handlekompas/official/outcomes/2026/09/30/CMP-20260930-a1e00f07aae2_168h.json,MATURED_ARTIFACT,OFFICIAL_DAILY_COMPASS_SCORING_v2,2026-09-30T09:00:00Z,2026-10-07T09:00:00Z,2026-10-07T08:00:00Z,2026-10-07T09:01:59Z,ABSTAINED,ABSTAINED,1.303549945155691,-2.051207176042913,ABSTAINED,False,167.0,NOT_ASSIGNED,NOT_ESTABLISHED,V2_EXPLICIT_CLOSE,PASS,,
CMP-20260930-a2225ae5b570,12h,04_MARKET_LEARNING/handlekompas/official/daily/2026/09/30/CMP-20260930-a2225ae5b570.json,8ef087536cbe7f81890c09306c930f464caf5eb866cbed401f8502b51ba1a624,True,2026-09-30T19:11:01Z,ad639615cd2befde087e420c7510cedf49e153d6,2026-09-29_BULL_BEAR_DISPLAY_V3_3,UNTESTABLE,FROZEN_OFFICIAL_ARTIFACT,PENDING_KNOWLEDGE_TIME,UNKNOWN,UNKNOWN,SIDEWAYS,HOLD,,NO_OUTCOME_AT_SNAPSHOT,,,,,,,,,,,False,,NOT_ASSIGNED,NOT_ESTABLISHED,,,2026-10-01T07:00:00+00:00,PAST_REFERENCE_HORIZON_NOT_CAUSALLY_DIAGNOSED
CMP-20260930-a2225ae5b570,72h,04_MARKET_LEARNING/handlekompas/official/daily/2026/09/30/CMP-20260930-a2225ae5b570.json,8ef087536cbe7f81890c09306c930f464caf5eb866cbed401f8502b51ba1a624,True,2026-09-30T19:11:01Z,ad639615cd2befde087e420c7510cedf49e153d6,2026-09-29_BULL_BEAR_DISPLAY_V3_3,UNTESTABLE,FROZEN_OFFICIAL_ARTIFACT,PENDING_KNOWLEDGE_TIME,UNKNOWN,UNKNOWN,MIXED,WAIT,,NO_OUTCOME_AT_SNAPSHOT,,,,,,,,,,,False,,NOT_ASSIGNED,NOT_ESTABLISHED,,,2026-10-03T19:00:00+00:00,PAST_REFERENCE_HORIZON_NOT_CAUSALLY_DIAGNOSED
CMP-20260930-a2225ae5b570,168h,04_MARKET_LEARNING/handlekompas/official/daily/2026/09/30/CMP-20260930-a2225ae5b570.json,8ef087536cbe7f81890c09306c930f464caf5eb866cbed401f8502b51ba1a624,True,2026-09-30T19:11:01Z,ad639615cd2befde087e420c7510cedf49e153d6,2026-09-29_BULL_BEAR_DISPLAY_V3_3,UNTESTABLE,FROZEN_OFFICIAL_ARTIFACT,PENDING_KNOWLEDGE_TIME,UNKNOWN,UNKNOWN,MIXED,WAIT,04_MARKET_LEARNING/handlekompas/official/outcomes/2026/09/30/CMP-20260930-a2225ae5b570_168h.json,MATURED_ARTIFACT,OFFICIAL_DAILY_COMPASS_SCORING_v2,2026-09-30T19:00:00Z,2026-10-07T19:00:00Z,2026-10-07T20:00:00Z,2026-10-07T22:10:19Z,ABSTAINED,ABSTAINED,-0.671721262656344,-4.129294739003042,PROTECTIVE,False,169.0,NOT_ASSIGNED,NOT_ESTABLISHED,V2_EXPLICIT_CLOSE,PASS,,
CMP-20260930-b1cb6e4968f9,12h,04_MARKET_LEARNING/handlekompas/official/daily/2026/09/30/CMP-20260930-b1cb6e4968f9.json,3e4a8b10295ccfe09fea23231eec783b24b72f640ae3f7f165f23da12a832de9,True,2026-09-30T23:44:10Z,b1967189c02b6fbaec172a3d5ef79080e2c563ac,2026-09-30_DIRECTION_ACTION_SEPARATION_V4_0,UNTESTABLE,FROZEN_OFFICIAL_ARTIFACT,PENDING_KNOWLEDGE_TIME,UNKNOWN,UNKNOWN,UNAVAILABLE,HOLD,,NO_OUTCOME_AT_SNAPSHOT,,,,,,,,,,,False,,NOT_ASSIGNED,NOT_ESTABLISHED,,,2026-10-01T11:00:00+00:00,PAST_REFERENCE_HORIZON_NOT_CAUSALLY_DIAGNOSED
CMP-20260930-b1cb6e4968f9,72h,04_MARKET_LEARNING/handlekompas/official/daily/2026/09/30/CMP-20260930-b1cb6e4968f9.json,3e4a8b10295ccfe09fea23231eec783b24b72f640ae3f7f165f23da12a832de9,True,2026-09-30T23:44:10Z,b1967189c02b6fbaec172a3d5ef79080e2c563ac,2026-09-30_DIRECTION_ACTION_SEPARATION_V4_0,UNTESTABLE,FROZEN_OFFICIAL_ARTIFACT,PENDING_KNOWLEDGE_TIME,UNKNOWN,UNKNOWN,MIXED,WAIT,04_MARKET_LEARNING/handlekompas/official/outcomes/2026/09/30/CMP-20260930-b1cb6e4968f9_72h.json,MATURED_ARTIFACT,OFFICIAL_DAILY_COMPASS_SCORING_v2,2026-09-30T23:00:00Z,2026-10-03T23:00:00Z,2026-10-04T00:00:00Z,2026-10-04T01:47:05Z,ABSTAINED,ABSTAINED,1.2299570357473755,-0.06773353181988018,OPPORTUNITY_COST_OR_NEUTRAL,False,73.0,NOT_ASSIGNED,NOT_ESTABLISHED,V2_EXPLICIT_CLOSE,PASS,,
CMP-20260930-b1cb6e4968f9,168h,04_MARKET_LEARNING/handlekompas/official/daily/2026/09/30/CMP-20260930-b1cb6e4968f9.json,3e4a8b10295ccfe09fea23231eec783b24b72f640ae3f7f165f23da12a832de9,True,2026-09-30T23:44:10Z,b1967189c02b6fbaec172a3d5ef79080e2c563ac,2026-09-30_DIRECTION_ACTION_SEPARATION_V4_0,UNTESTABLE,FROZEN_OFFICIAL_ARTIFACT,PENDING_KNOWLEDGE_TIME,UNKNOWN,UNKNOWN,MIXED,WAIT,,NO_OUTCOME_AT_SNAPSHOT,,,,,,,,,,,False,,NOT_ASSIGNED,NOT_ESTABLISHED,,,2026-10-07T23:00:00+00:00,PAST_REFERENCE_HORIZON_NOT_CAUSALLY_DIAGNOSED
CMP-20261001-02f80e9b2bdf,12h,04_MARKET_LEARNING/handlekompas/official/daily/2026/10/01/CMP-20261001-02f80e9b2bdf.json,274f8048c76956053e04c7e8ae613c8473d02593c4747315b4cf5d2239d63887,True,2026-10-01T07:52:36Z,b4f139e6fd94a4b368318dc5642ddb787a462128,2026-09-30_DIRECTION_ACTION_SEPARATION_V4_0,UNTESTABLE,FROZEN_OFFICIAL_ARTIFACT,PENDING_KNOWLEDGE_TIME,UNKNOWN,UNKNOWN,UNAVAILABLE,HOLD,04_MARKET_LEARNING/handlekompas/official/outcomes/2026/10/01/CMP-20261001-02f80e9b2bdf_12h.json,MATURED_ARTIFACT,OFFICIAL_DAILY_COMPASS_SCORING_v2,2026-10-01T05:00:00Z,2026-10-01T17:00:00Z,2026-10-01T16:00:00Z,2026-10-01T19:40:15Z,ABSTAINED,ABSTAINED,-0.20252048477938933,-0.3656415161934934,PROTECTIVE,True,11.0,NOT_ASSIGNED,NOT_ESTABLISHED,V2_EXPLICIT_CLOSE,PASS,,
CMP-20261001-02f80e9b2bdf,72h,04_MARKET_LEARNING/handlekompas/official/daily/2026/10/01/CMP-20261001-02f80e9b2bdf.json,274f8048c76956053e04c7e8ae613c8473d02593c4747315b4cf5d2239d63887,True,2026-10-01T07:52:36Z,b4f139e6fd94a4b368318dc5642ddb787a462128,2026-09-30_DIRECTION_ACTION_SEPARATION_V4_0,UNTESTABLE,FROZEN_OFFICIAL_ARTIFACT,PENDING_KNOWLEDGE_TIME,UNKNOWN,UNKNOWN,MIXED,WAIT,04_MARKET_LEARNING/handlekompas/official/outcomes/2026/10/01/CMP-20261001-02f80e9b2bdf_72h.json,MATURED_ARTIFACT,OFFICIAL_DAILY_COMPASS_SCORING_v2,2026-10-01T05:00:00Z,2026-10-04T05:00:00Z,2026-10-04T06:00:00Z,2026-10-04T08:38:29Z,ABSTAINED,ABSTAINED,0.8084531199080924,-0.5200234896974187,OPPORTUNITY_COST_OR_NEUTRAL,False,73.0,NOT_ASSIGNED,NOT_ESTABLISHED,V2_EXPLICIT_CLOSE,PASS,,
CMP-20261001-02f80e9b2bdf,168h,04_MARKET_LEARNING/handlekompas/official/daily/2026/10/01/CMP-20261001-02f80e9b2bdf.json,274f8048c76956053e04c7e8ae613c8473d02593c4747315b4cf5d2239d63887,True,2026-10-01T07:52:36Z,b4f139e6fd94a4b368318dc5642ddb787a462128,2026-09-30_DIRECTION_ACTION_SEPARATION_V4_0,UNTESTABLE,FROZEN_OFFICIAL_ARTIFACT,PENDING_KNOWLEDGE_TIME,UNKNOWN,UNKNOWN,MIXED,WAIT,,NO_OUTCOME_AT_SNAPSHOT,,,,,,,,,,,False,,NOT_ASSIGNED,NOT_ESTABLISHED,,,2026-10-08T05:00:00+00:00,PAST_REFERENCE_HORIZON_NOT_CAUSALLY_DIAGNOSED
CMP-20261001-264194fa65c1,12h,04_MARKET_LEARNING/handlekompas/official/daily/2026/10/01/CMP-20261001-264194fa65c1.json,96a8ba7038fc3dad3245b9b60b09c08c2c97879a643520bdae260af0ee7d11ab,True,2026-10-01T18:52:57Z,c6c485c7c0a929b25b68e0169ab89766d414adaa,2026-09-30_DIRECTION_ACTION_SEPARATION_V4_0,UNTESTABLE,FROZEN_OFFICIAL_ARTIFACT,PENDING_KNOWLEDGE_TIME,UNKNOWN,UNKNOWN,UP,HOLD,04_MARKET_LEARNING/handlekompas/official/outcomes/2026/10/01/CMP-20261001-264194fa65c1_12h.json,MATURED_ARTIFACT,OFFICIAL_DAILY_COMPASS_SCORING_v2,2026-10-01T18:00:00Z,2026-10-02T06:00:00Z,2026-10-02T06:00:00Z,2026-10-02T07:00:55Z,CORRECT,CORRECT,0.32975687452809765,0.740082560485722,OPPORTUNITY_COST_OR_NEUTRAL,False,12.0,NOT_ASSIGNED,NOT_ESTABLISHED,V2_EXPLICIT_CLOSE,PASS,,
CMP-20261001-264194fa65c1,72h,04_MARKET_LEARNING/handlekompas/official/daily/2026/10/01/CMP-20261001-264194fa65c1.json,96a8ba7038fc3dad3245b9b60b09c08c2c97879a643520bdae260af0ee7d11ab,True,2026-10-01T18:52:57Z,c6c485c7c0a929b25b68e0169ab89766d414adaa,2026-09-30_DIRECTION_ACTION_SEPARATION_V4_0,UNTESTABLE,FROZEN_OFFICIAL_ARTIFACT,PENDING_KNOWLEDGE_TIME,UNKNOWN,UNKNOWN,MIXED,WAIT,04_MARKET_LEARNING/handlekompas/official/outcomes/2026/10/01/CMP-20261001-264194fa65c1_72h.json,MATURED_ARTIFACT,OFFICIAL_DAILY_COMPASS_SCORING_v2,2026-10-01T18:00:00Z,2026-10-04T18:00:00Z,2026-10-04T18:00:00Z,2026-10-04T18:45:05Z,ABSTAINED,ABSTAINED,0.4098553246036474,-0.07626663704857206,OPPORTUNITY_COST_OR_NEUTRAL,False,72.0,NOT_ASSIGNED,NOT_ESTABLISHED,V2_EXPLICIT_CLOSE,PASS,,
CMP-20261001-264194fa65c1,168h,04_MARKET_LEARNING/handlekompas/official/daily/2026/10/01/CMP-20261001-264194fa65c1.json,96a8ba7038fc3dad3245b9b60b09c08c2c97879a643520bdae260af0ee7d11ab,True,2026-10-01T18:52:57Z,c6c485c7c0a929b25b68e0169ab89766d414adaa,2026-09-30_DIRECTION_ACTION_SEPARATION_V4_0,UNTESTABLE,FROZEN_OFFICIAL_ARTIFACT,PENDING_KNOWLEDGE_TIME,UNKNOWN,UNKNOWN,MIXED,WAIT,,NO_OUTCOME_AT_SNAPSHOT,,,,,,,,,,,False,,NOT_ASSIGNED,NOT_ESTABLISHED,,,2026-10-08T18:00:00+00:00,PAST_REFERENCE_HORIZON_NOT_CAUSALLY_DIAGNOSED
CMP-20261001-46050424252f,12h,04_MARKET_LEARNING/handlekompas/official/daily/2026/10/01/CMP-20261001-46050424252f.json,3f44097b86f029daa22f39f33506702d7b74609fafdf68e4247a071994ffb598,True,2026-10-01T22:46:10Z,37b3ba9fcbd04ec8614423ec7aee69f9c9d392bc,2026-09-30_DIRECTION_ACTION_SEPARATION_V4_0,UNTESTABLE,FROZEN_OFFICIAL_ARTIFACT,PENDING_KNOWLEDGE_TIME,UNKNOWN,UNKNOWN,DOWN,HOLD,04_MARKET_LEARNING/handlekompas/official/outcomes/2026/10/01/CMP-20261001-46050424252f_12h.json,MATURED_ARTIFACT,OFFICIAL_DAILY_COMPASS_SCORING_v2,2026-10-01T21:00:00Z,2026-10-02T09:00:00Z,2026-10-02T09:00:00Z,2026-10-02T12:58:25Z,INCORRECT,INCORRECT,1.6056785688966624,1.1338288585381662,OPPORTUNITY_COST_OR_NEUTRAL,False,12.0,NOT_ASSIGNED,NOT_ESTABLISHED,V2_EXPLICIT_CLOSE,PASS,,
CMP-20261001-46050424252f,72h,04_MARKET_LEARNING/handlekompas/official/daily/2026/10/01/CMP-20261001-46050424252f.json,3f44097b86f029daa22f39f33506702d7b74609fafdf68e4247a071994ffb598,True,2026-10-01T22:46:10Z,37b3ba9fcbd04ec8614423ec7aee69f9c9d392bc,2026-09-30_DIRECTION_ACTION_SEPARATION_V4_0,UNTESTABLE,FROZEN_OFFICIAL_ARTIFACT,PENDING_KNOWLEDGE_TIME,UNKNOWN,UNKNOWN,MIXED,WAIT,04_MARKET_LEARNING/handlekompas/official/outcomes/2026/10/01/CMP-20261001-46050424252f_72h.json,MATURED_ARTIFACT,OFFICIAL_DAILY_COMPASS_SCORING_v2,2026-10-01T21:00:00Z,2026-10-04T21:00:00Z,2026-10-04T20:00:00Z,2026-10-04T22:25:15Z,ABSTAINED,ABSTAINED,0.8328095091806986,0.08188763978331792,OPPORTUNITY_COST_OR_NEUTRAL,False,71.0,NOT_ASSIGNED,NOT_ESTABLISHED,V2_EXPLICIT_CLOSE,PASS,,
CMP-20261001-46050424252f,168h,04_MARKET_LEARNING/handlekompas/official/daily/2026/10/01/CMP-20261001-46050424252f.json,3f44097b86f029daa22f39f33506702d7b74609fafdf68e4247a071994ffb598,True,2026-10-01T22:46:10Z,37b3ba9fcbd04ec8614423ec7aee69f9c9d392bc,2026-09-30_DIRECTION_ACTION_SEPARATION_V4_0,UNTESTABLE,FROZEN_OFFICIAL_ARTIFACT,PENDING_KNOWLEDGE_TIME,UNKNOWN,UNKNOWN,MIXED,WAIT,04_MARKET_LEARNING/handlekompas/official/outcomes/2026/10/01/CMP-20261001-46050424252f_168h.json,MATURED_ARTIFACT,OFFICIAL_DAILY_COMPASS_SCORING_v2,2026-10-01T21:00:00Z,2026-10-08T21:00:00Z,2026-10-08T21:00:00Z,2026-10-08T22:16:33Z,ABSTAINED,ABSTAINED,-4.348323368858853,-10.46086808308817,PROTECTIVE,False,168.0,NOT_ASSIGNED,NOT_ESTABLISHED,V2_EXPLICIT_CLOSE,PASS,,
CMP-20261001-4cef0838168f,12h,04_MARKET_LEARNING/handlekompas/official/daily/2026/10/01/CMP-20261001-4cef0838168f.json,1cf03331cc8e47ba183a007b0e2af5e3a43887dfdb2d45be4201b64b77ac44da,True,2026-10-01T15:45:57Z,5671b95e71e05743c80367f1d9557c121fa486d5,2026-09-30_DIRECTION_ACTION_SEPARATION_V4_0,UNTESTABLE,FROZEN_OFFICIAL_ARTIFACT,PENDING_KNOWLEDGE_TIME,UNKNOWN,UNKNOWN,UNAVAILABLE,HOLD,04_MARKET_LEARNING/handlekompas/official/outcomes/2026/10/01/CMP-20261001-4cef0838168f_12h.json,MATURED_ARTIFACT,OFFICIAL_DAILY_COMPASS_SCORING_v2,2026-10-01T13:00:00Z,2026-10-02T01:00:00Z,2026-10-02T02:00:00Z,2026-10-02T05:58:43Z,ABSTAINED,ABSTAINED,1.3662340292743824,0.5076594559465297,OPPORTUNITY_COST_OR_NEUTRAL,False,13.0,NOT_ASSIGNED,NOT_ESTABLISHED,V2_EXPLICIT_CLOSE,PASS,,
CMP-20261001-4cef0838168f,72h,04_MARKET_LEARNING/handlekompas/official/daily/2026/10/01/CMP-20261001-4cef0838168f.json,1cf03331cc8e47ba183a007b0e2af5e3a43887dfdb2d45be4201b64b77ac44da,True,2026-10-01T15:45:57Z,5671b95e71e05743c80367f1d9557c121fa486d5,2026-09-30_DIRECTION_ACTION_SEPARATION_V4_0,UNTESTABLE,FROZEN_OFFICIAL_ARTIFACT,PENDING_KNOWLEDGE_TIME,UNKNOWN,UNKNOWN,MIXED,WAIT,04_MARKET_LEARNING/handlekompas/official/outcomes/2026/10/01/CMP-20261001-4cef0838168f_72h.json,MATURED_ARTIFACT,OFFICIAL_DAILY_COMPASS_SCORING_v2,2026-10-01T13:00:00Z,2026-10-04T13:00:00Z,2026-10-04T13:00:00Z,2026-10-04T13:42:18Z,ABSTAINED,ABSTAINED,1.662271505141999,0.09209915513879174,OPPORTUNITY_COST_OR_NEUTRAL,False,72.0,NOT_ASSIGNED,NOT_ESTABLISHED,V2_EXPLICIT_CLOSE,PASS,,
CMP-20261001-4cef0838168f,168h,04_MARKET_LEARNING/handlekompas/official/daily/2026/10/01/CMP-20261001-4cef0838168f.json,1cf03331cc8e47ba183a007b0e2af5e3a43887dfdb2d45be4201b64b77ac44da,True,2026-10-01T15:45:57Z,5671b95e71e05743c80367f1d9557c121fa486d5,2026-09-30_DIRECTION_ACTION_SEPARATION_V4_0,UNTESTABLE,FROZEN_OFFICIAL_ARTIFACT,PENDING_KNOWLEDGE_TIME,UNKNOWN,UNKNOWN,MIXED,WAIT,,NO_OUTCOME_AT_SNAPSHOT,,,,,,,,,,,False,,NOT_ASSIGNED,NOT_ESTABLISHED,,,2026-10-08T13:00:00+00:00,PAST_REFERENCE_HORIZON_NOT_CAUSALLY_DIAGNOSED
CMP-20261001-5679d6498ba7,12h,04_MARKET_LEARNING/handlekompas/official/daily/2026/10/01/CMP-20261001-5679d6498ba7.json,975f44be607ab9b8eaaa1e00349943b799b315485dc3f3f4d709066e01481a24,True,2026-10-01T13:18:55Z,7e0f7dabab62d043436fb994c0071ff66600cce4,2026-09-30_DIRECTION_ACTION_SEPARATION_V4_0,UNTESTABLE,FROZEN_OFFICIAL_ARTIFACT,PENDING_KNOWLEDGE_TIME,UNKNOWN,UNKNOWN,UNAVAILABLE,NO_EDGE,04_MARKET_LEARNING/handlekompas/official/outcomes/2026/10/01/CMP-20261001-5679d6498ba7_12h.json,MATURED_ARTIFACT,OFFICIAL_DAILY_COMPASS_SCORING_v2,2026-10-01T13:00:00Z,2026-10-02T01:00:00Z,2026-10-02T02:00:00Z,2026-10-02T05:58:43Z,ABSTAINED,ABSTAINED,1.3662340292743824,0.5076594559465297,ABSTAINED,False,13.0,NOT_ASSIGNED,NOT_ESTABLISHED,V2_EXPLICIT_CLOSE,PASS,,
CMP-20261001-5679d6498ba7,72h,04_MARKET_LEARNING/handlekompas/official/daily/2026/10/01/CMP-20261001-5679d6498ba7.json,975f44be607ab9b8eaaa1e00349943b799b315485dc3f3f4d709066e01481a24,True,2026-10-01T13:18:55Z,7e0f7dabab62d043436fb994c0071ff66600cce4,2026-09-30_DIRECTION_ACTION_SEPARATION_V4_0,UNTESTABLE,FROZEN_OFFICIAL_ARTIFACT,PENDING_KNOWLEDGE_TIME,UNKNOWN,UNKNOWN,UNAVAILABLE,NO_EDGE,04_MARKET_LEARNING/handlekompas/official/outcomes/2026/10/01/CMP-20261001-5679d6498ba7_72h.json,MATURED_ARTIFACT,OFFICIAL_DAILY_COMPASS_SCORING_v2,2026-10-01T13:00:00Z,2026-10-04T13:00:00Z,2026-10-04T13:00:00Z,2026-10-04T13:42:18Z,ABSTAINED,ABSTAINED,1.662271505141999,0.09209915513879174,ABSTAINED,False,72.0,NOT_ASSIGNED,NOT_ESTABLISHED,V2_EXPLICIT_CLOSE,PASS,,
CMP-20261001-5679d6498ba7,168h,04_MARKET_LEARNING/handlekompas/official/daily/2026/10/01/CMP-20261001-5679d6498ba7.json,975f44be607ab9b8eaaa1e00349943b799b315485dc3f3f4d709066e01481a24,True,2026-10-01T13:18:55Z,7e0f7dabab62d043436fb994c0071ff66600cce4,2026-09-30_DIRECTION_ACTION_SEPARATION_V4_0,UNTESTABLE,FROZEN_OFFICIAL_ARTIFACT,PENDING_KNOWLEDGE_TIME,UNKNOWN,UNKNOWN,UNAVAILABLE,NO_EDGE,,NO_OUTCOME_AT_SNAPSHOT,,,,,,,,,,,False,,NOT_ASSIGNED,NOT_ESTABLISHED,,,2026-10-08T13:00:00+00:00,PAST_REFERENCE_HORIZON_NOT_CAUSALLY_DIAGNOSED
CMP-20261001-64f2d4f72fd2,12h,04_MARKET_LEARNING/handlekompas/official/daily/2026/10/01/CMP-20261001-64f2d4f72fd2.json,d4f53cab5afcaa18e37a0d94165394967a532cf03e2ec3923ee95b0368f64ff4,True,2026-10-01T05:42:11Z,6ad51e6249d76b86e19ad2549388e789f53f4c50,2026-09-30_DIRECTION_ACTION_SEPARATION_V4_0,UNTESTABLE,FROZEN_OFFICIAL_ARTIFACT,PENDING_KNOWLEDGE_TIME,UNKNOWN,UNKNOWN,UNAVAILABLE,NO_EDGE,04_MARKET_LEARNING/handlekompas/official/outcomes/2026/10/01/CMP-20261001-64f2d4f72fd2_12h.json,MATURED_ARTIFACT,OFFICIAL_DAILY_COMPASS_SCORING_v2,2026-10-01T05:00:00Z,2026-10-01T17:00:00Z,2026-10-01T16:00:00Z,2026-10-01T19:40:15Z,ABSTAINED,ABSTAINED,-0.20252048477938933,-0.3656415161934934,ABSTAINED,False,11.0,NOT_ASSIGNED,NOT_ESTABLISHED,V2_EXPLICIT_CLOSE,PASS,,
CMP-20261001-64f2d4f72fd2,72h,04_MARKET_LEARNING/handlekompas/official/daily/2026/10/01/CMP-20261001-64f2d4f72fd2.json,d4f53cab5afcaa18e37a0d94165394967a532cf03e2ec3923ee95b0368f64ff4,True,2026-10-01T05:42:11Z,6ad51e6249d76b86e19ad2549388e789f53f4c50,2026-09-30_DIRECTION_ACTION_SEPARATION_V4_0,UNTESTABLE,FROZEN_OFFICIAL_ARTIFACT,PENDING_KNOWLEDGE_TIME,UNKNOWN,UNKNOWN,UNAVAILABLE,NO_EDGE,04_MARKET_LEARNING/handlekompas/official/outcomes/2026/10/01/CMP-20261001-64f2d4f72fd2_72h.json,MATURED_ARTIFACT,OFFICIAL_DAILY_COMPASS_SCORING_v2,2026-10-01T05:00:00Z,2026-10-04T05:00:00Z,2026-10-04T06:00:00Z,2026-10-04T08:38:29Z,ABSTAINED,ABSTAINED,0.8084531199080924,-0.5200234896974187,ABSTAINED,False,73.0,NOT_ASSIGNED,NOT_ESTABLISHED,V2_EXPLICIT_CLOSE,PASS,,
CMP-20261001-64f2d4f72fd2,168h,04_MARKET_LEARNING/handlekompas/official/daily/2026/10/01/CMP-20261001-64f2d4f72fd2.json,d4f53cab5afcaa18e37a0d94165394967a532cf03e2ec3923ee95b0368f64ff4,True,2026-10-01T05:42:11Z,6ad51e6249d76b86e19ad2549388e789f53f4c50,2026-09-30_DIRECTION_ACTION_SEPARATION_V4_0,UNTESTABLE,FROZEN_OFFICIAL_ARTIFACT,PENDING_KNOWLEDGE_TIME,UNKNOWN,UNKNOWN,UNAVAILABLE,NO_EDGE,,NO_OUTCOME_AT_SNAPSHOT,,,,,,,,,,,False,,NOT_ASSIGNED,NOT_ESTABLISHED,,,2026-10-08T05:00:00+00:00,PAST_REFERENCE_HORIZON_NOT_CAUSALLY_DIAGNOSED
CMP-20261001-a48ffa596014,12h,04_MARKET_LEARNING/handlekompas/official/daily/2026/10/01/CMP-20261001-a48ffa596014.json,ccdc7bbdbc1d358ec11d3202b60febb5a10d204301d328efedd408e66eb70f2e,True,2026-10-01T23:09:09Z,f8932122f193f62c56b36ea24823aeb7e0807413,2026-09-30_DIRECTION_ACTION_SEPARATION_V4_0,UNTESTABLE,FROZEN_OFFICIAL_ARTIFACT,PENDING_KNOWLEDGE_TIME,UNKNOWN,UNKNOWN,UP,HOLD,,NO_OUTCOME_AT_SNAPSHOT,,,,,,,,,,,False,,NOT_ASSIGNED,NOT_ESTABLISHED,,,2026-10-02T11:00:00+00:00,PAST_REFERENCE_HORIZON_NOT_CAUSALLY_DIAGNOSED
CMP-20261001-a48ffa596014,72h,04_MARKET_LEARNING/handlekompas/official/daily/2026/10/01/CMP-20261001-a48ffa596014.json,ccdc7bbdbc1d358ec11d3202b60febb5a10d204301d328efedd408e66eb70f2e,True,2026-10-01T23:09:09Z,f8932122f193f62c56b36ea24823aeb7e0807413,2026-09-30_DIRECTION_ACTION_SEPARATION_V4_0,UNTESTABLE,FROZEN_OFFICIAL_ARTIFACT,PENDING_KNOWLEDGE_TIME,UNKNOWN,UNKNOWN,MIXED,WAIT,04_MARKET_LEARNING/handlekompas/official/outcomes/2026/10/01/CMP-20261001-a48ffa596014_72h.json,MATURED_ARTIFACT,OFFICIAL_DAILY_COMPASS_SCORING_v2,2026-10-01T23:00:00Z,2026-10-04T23:00:00Z,2026-10-04T23:00:00Z,2026-10-05T01:08:58Z,ABSTAINED,ABSTAINED,1.2680984352398506,0.09285188459731142,OPPORTUNITY_COST_OR_NEUTRAL,False,72.0,NOT_ASSIGNED,NOT_ESTABLISHED,V2_EXPLICIT_CLOSE,PASS,,
CMP-20261001-a48ffa596014,168h,04_MARKET_LEARNING/handlekompas/official/daily/2026/10/01/CMP-20261001-a48ffa596014.json,ccdc7bbdbc1d358ec11d3202b60febb5a10d204301d328efedd408e66eb70f2e,True,2026-10-01T23:09:09Z,f8932122f193f62c56b36ea24823aeb7e0807413,2026-09-30_DIRECTION_ACTION_SEPARATION_V4_0,UNTESTABLE,FROZEN_OFFICIAL_ARTIFACT,PENDING_KNOWLEDGE_TIME,UNKNOWN,UNKNOWN,MIXED,WAIT,04_MARKET_LEARNING/handlekompas/official/outcomes/2026/10/01/CMP-20261001-a48ffa596014_168h.json,MATURED_ARTIFACT,OFFICIAL_DAILY_COMPASS_SCORING_v2,2026-10-01T23:00:00Z,2026-10-08T23:00:00Z,2026-10-08T22:00:00Z,2026-10-09T02:23:24Z,ABSTAINED,ABSTAINED,-3.5820173114415876,-8.27639527528179,PROTECTIVE,False,167.0,NOT_ASSIGNED,NOT_ESTABLISHED,V2_EXPLICIT_CLOSE,PASS,,
CMP-20261001-edab0447a795,12h,04_MARKET_LEARNING/handlekompas/official/daily/2026/10/01/CMP-20261001-edab0447a795.json,1da5a5301e6b17cad295cdc9eb0168d24b9e50fc0b1ac50159285fb2f87f8786,True,2026-10-01T13:06:41Z,bf5c6e5ef9392cc489f097658484b9659bffe2cd,2026-09-30_DIRECTION_ACTION_SEPARATION_V4_0,UNTESTABLE,FROZEN_OFFICIAL_ARTIFACT,PENDING_KNOWLEDGE_TIME,UNKNOWN,UNKNOWN,UNAVAILABLE,NO_EDGE,04_MARKET_LEARNING/handlekompas/official/outcomes/2026/10/01/CMP-20261001-edab0447a795_12h.json,MATURED_ARTIFACT,OFFICIAL_DAILY_COMPASS_SCORING_v2,2026-10-01T13:00:00Z,2026-10-02T01:00:00Z,2026-10-02T02:00:00Z,2026-10-02T05:58:43Z,ABSTAINED,ABSTAINED,1.3662340292743824,0.5076594559465297,ABSTAINED,False,13.0,NOT_ASSIGNED,NOT_ESTABLISHED,V2_EXPLICIT_CLOSE,PASS,,
CMP-20261001-edab0447a795,72h,04_MARKET_LEARNING/handlekompas/official/daily/2026/10/01/CMP-20261001-edab0447a795.json,1da5a5301e6b17cad295cdc9eb0168d24b9e50fc0b1ac50159285fb2f87f8786,True,2026-10-01T13:06:41Z,bf5c6e5ef9392cc489f097658484b9659bffe2cd,2026-09-30_DIRECTION_ACTION_SEPARATION_V4_0,UNTESTABLE,FROZEN_OFFICIAL_ARTIFACT,PENDING_KNOWLEDGE_TIME,UNKNOWN,UNKNOWN,UNAVAILABLE,NO_EDGE,04_MARKET_LEARNING/handlekompas/official/outcomes/2026/10/01/CMP-20261001-edab0447a795_72h.json,MATURED_ARTIFACT,OFFICIAL_DAILY_COMPASS_SCORING_v2,2026-10-01T13:00:00Z,2026-10-04T13:00:00Z,2026-10-04T13:00:00Z,2026-10-04T13:42:18Z,ABSTAINED,ABSTAINED,1.662271505141999,0.09209915513879174,ABSTAINED,False,72.0,NOT_ASSIGNED,NOT_ESTABLISHED,V2_EXPLICIT_CLOSE,PASS,,
CMP-20261001-edab0447a795,168h,04_MARKET_LEARNING/handlekompas/official/daily/2026/10/01/CMP-20261001-edab0447a795.json,1da5a5301e6b17cad295cdc9eb0168d24b9e50fc0b1ac50159285fb2f87f8786,True,2026-10-01T13:06:41Z,bf5c6e5ef9392cc489f097658484b9659bffe2cd,2026-09-30_DIRECTION_ACTION_SEPARATION_V4_0,UNTESTABLE,FROZEN_OFFICIAL_ARTIFACT,PENDING_KNOWLEDGE_TIME,UNKNOWN,UNKNOWN,UNAVAILABLE,NO_EDGE,,NO_OUTCOME_AT_SNAPSHOT,,,,,,,,,,,False,,NOT_ASSIGNED,NOT_ESTABLISHED,,,2026-10-08T13:00:00+00:00,PAST_REFERENCE_HORIZON_NOT_CAUSALLY_DIAGNOSED
CMP-20261002-430c38ddb066,12h,04_MARKET_LEARNING/handlekompas/official/daily/2026/10/02/CMP-20261002-430c38ddb066.json,c74ff1a8d183af42001318834f325c485b1b6a51af90f87a9890d276589bc77a,True,2026-10-02T21:21:10Z,8e7f505f4fd5fd9c4b177a2ff692d99ba1db0f98,2026-09-30_DIRECTION_ACTION_SEPARATION_V4_0,UNTESTABLE,FROZEN_OFFICIAL_ARTIFACT,PENDING_KNOWLEDGE_TIME,UNKNOWN,UNKNOWN,MIXED,HOLD,,NO_OUTCOME_AT_SNAPSHOT,,,,,,,,,,,False,,NOT_ASSIGNED,NOT_ESTABLISHED,,,2026-10-03T09:00:00+00:00,PAST_REFERENCE_HORIZON_NOT_CAUSALLY_DIAGNOSED
CMP-20261002-430c38ddb066,72h,04_MARKET_LEARNING/handlekompas/official/daily/2026/10/02/CMP-20261002-430c38ddb066.json,c74ff1a8d183af42001318834f325c485b1b6a51af90f87a9890d276589bc77a,True,2026-10-02T21:21:10Z,8e7f505f4fd5fd9c4b177a2ff692d99ba1db0f98,2026-09-30_DIRECTION_ACTION_SEPARATION_V4_0,UNTESTABLE,FROZEN_OFFICIAL_ARTIFACT,PENDING_KNOWLEDGE_TIME,UNKNOWN,UNKNOWN,MIXED,WAIT,04_MARKET_LEARNING/handlekompas/official/outcomes/2026/10/02/CMP-20261002-430c38ddb066_72h.json,MATURED_ARTIFACT,OFFICIAL_DAILY_COMPASS_SCORING_v2,2026-10-02T21:00:00Z,2026-10-05T21:00:00Z,2026-10-05T22:00:00Z,2026-10-05T22:50:00Z,ABSTAINED,ABSTAINED,1.409085398081733,1.8341385710099578,OPPORTUNITY_COST_OR_NEUTRAL,False,73.0,NOT_ASSIGNED,NOT_ESTABLISHED,V2_EXPLICIT_CLOSE,PASS,,
CMP-20261002-430c38ddb066,168h,04_MARKET_LEARNING/handlekompas/official/daily/2026/10/02/CMP-20261002-430c38ddb066.json,c74ff1a8d183af42001318834f325c485b1b6a51af90f87a9890d276589bc77a,True,2026-10-02T21:21:10Z,8e7f505f4fd5fd9c4b177a2ff692d99ba1db0f98,2026-09-30_DIRECTION_ACTION_SEPARATION_V4_0,UNTESTABLE,FROZEN_OFFICIAL_ARTIFACT,PENDING_KNOWLEDGE_TIME,UNKNOWN,UNKNOWN,MIXED,WAIT,04_MARKET_LEARNING/handlekompas/official/outcomes/2026/10/02/CMP-20261002-430c38ddb066_168h.json,MATURED_ARTIFACT,OFFICIAL_DAILY_COMPASS_SCORING_v2,2026-10-02T21:00:00Z,2026-10-09T21:00:00Z,2026-10-09T21:00:00Z,2026-10-09T21:49:02Z,ABSTAINED,ABSTAINED,-2.302926957256435,-6.706890981087554,PROTECTIVE,False,168.0,NOT_ASSIGNED,NOT_ESTABLISHED,V2_EXPLICIT_CLOSE,PASS,,
CMP-20261002-4b90ade99814,12h,04_MARKET_LEARNING/handlekompas/official/daily/2026/10/02/CMP-20261002-4b90ade99814.json,03142db0c4fc517e182ed136139ddeea6d80a83182edb66d28bbbfcfe759b605,True,2026-10-02T16:17:44Z,43595410fb152f3978de0faa067707279fbf2039,2026-09-30_DIRECTION_ACTION_SEPARATION_V4_0,UNTESTABLE,FROZEN_OFFICIAL_ARTIFACT,PENDING_KNOWLEDGE_TIME,UNKNOWN,UNKNOWN,DOWN,HOLD,,NO_OUTCOME_AT_SNAPSHOT,,,,,,,,,,,False,,NOT_ASSIGNED,NOT_ESTABLISHED,,,2026-10-03T04:00:00+00:00,PAST_REFERENCE_HORIZON_NOT_CAUSALLY_DIAGNOSED
CMP-20261002-4b90ade99814,72h,04_MARKET_LEARNING/handlekompas/official/daily/2026/10/02/CMP-20261002-4b90ade99814.json,03142db0c4fc517e182ed136139ddeea6d80a83182edb66d28bbbfcfe759b605,True,2026-10-02T16:17:44Z,43595410fb152f3978de0faa067707279fbf2039,2026-09-30_DIRECTION_ACTION_SEPARATION_V4_0,UNTESTABLE,FROZEN_OFFICIAL_ARTIFACT,PENDING_KNOWLEDGE_TIME,UNKNOWN,UNKNOWN,MIXED,WAIT,04_MARKET_LEARNING/handlekompas/official/outcomes/2026/10/02/CMP-20261002-4b90ade99814_72h.json,MATURED_ARTIFACT,OFFICIAL_DAILY_COMPASS_SCORING_v2,2026-10-02T16:00:00Z,2026-10-05T16:00:00Z,2026-10-05T16:00:00Z,2026-10-05T16:18:03Z,ABSTAINED,ABSTAINED,0.374164967301871,0.2672983954681518,OPPORTUNITY_COST_OR_NEUTRAL,False,72.0,NOT_ASSIGNED,NOT_ESTABLISHED,V2_EXPLICIT_CLOSE,PASS,,
CMP-20261002-4b90ade99814,168h,04_MARKET_LEARNING/handlekompas/official/daily/2026/10/02/CMP-20261002-4b90ade99814.json,03142db0c4fc517e182ed136139ddeea6d80a83182edb66d28bbbfcfe759b605,True,2026-10-02T16:17:44Z,43595410fb152f3978de0faa067707279fbf2039,2026-09-30_DIRECTION_ACTION_SEPARATION_V4_0,UNTESTABLE,FROZEN_OFFICIAL_ARTIFACT,PENDING_KNOWLEDGE_TIME,UNKNOWN,UNKNOWN,MIXED,WAIT,04_MARKET_LEARNING/handlekompas/official/outcomes/2026/10/02/CMP-20261002-4b90ade99814_168h.json,MATURED_ARTIFACT,OFFICIAL_DAILY_COMPASS_SCORING_v2,2026-10-02T16:00:00Z,2026-10-09T16:00:00Z,2026-10-09T16:00:00Z,2026-10-09T16:29:15Z,ABSTAINED,ABSTAINED,-3.126819492300126,-7.233739656553084,PROTECTIVE,False,168.0,NOT_ASSIGNED,NOT_ESTABLISHED,V2_EXPLICIT_CLOSE,PASS,,
CMP-20261002-7f9f59b7d488,12h,04_MARKET_LEARNING/handlekompas/official/daily/2026/10/02/CMP-20261002-7f9f59b7d488.json,13fc71344924fb3c36047c5e06cad5a535cbaadc0b88d5d16e11bfffb391b576,True,2026-10-02T07:00:27Z,22b5b698a56a211fc0b6422498e4040b56530919,2026-09-30_DIRECTION_ACTION_SEPARATION_V4_0,UNTESTABLE,FROZEN_OFFICIAL_ARTIFACT,PENDING_KNOWLEDGE_TIME,UNKNOWN,UNKNOWN,UP,HOLD,04_MARKET_LEARNING/handlekompas/official/outcomes/2026/10/02/CMP-20261002-7f9f59b7d488_12h.json,MATURED_ARTIFACT,OFFICIAL_DAILY_COMPASS_SCORING_v2,2026-10-02T06:00:00Z,2026-10-02T18:00:00Z,2026-10-02T19:00:00Z,2026-10-02T23:08:00Z,INCORRECT,INCORRECT,-0.979046885066992,-1.1236285446492578,PROTECTIVE,True,13.0,NOT_ASSIGNED,NOT_ESTABLISHED,V2_EXPLICIT_CLOSE,PASS,,
CMP-20261002-7f9f59b7d488,72h,04_MARKET_LEARNING/handlekompas/official/daily/2026/10/02/CMP-20261002-7f9f59b7d488.json,13fc71344924fb3c36047c5e06cad5a535cbaadc0b88d5d16e11bfffb391b576,True,2026-10-02T07:00:27Z,22b5b698a56a211fc0b6422498e4040b56530919,2026-09-30_DIRECTION_ACTION_SEPARATION_V4_0,UNTESTABLE,FROZEN_OFFICIAL_ARTIFACT,PENDING_KNOWLEDGE_TIME,UNKNOWN,UNKNOWN,MIXED,WAIT,04_MARKET_LEARNING/handlekompas/official/outcomes/2026/10/02/CMP-20261002-7f9f59b7d488_72h.json,MATURED_ARTIFACT,OFFICIAL_DAILY_COMPASS_SCORING_v2,2026-10-02T06:00:00Z,2026-10-05T06:00:00Z,2026-10-05T05:00:00Z,2026-10-05T07:04:58Z,ABSTAINED,ABSTAINED,0.6046254035225518,0.3848345064598524,OPPORTUNITY_COST_OR_NEUTRAL,False,71.0,NOT_ASSIGNED,NOT_ESTABLISHED,V2_EXPLICIT_CLOSE,PASS,,
CMP-20261002-7f9f59b7d488,168h,04_MARKET_LEARNING/handlekompas/official/daily/2026/10/02/CMP-20261002-7f9f59b7d488.json,13fc71344924fb3c36047c5e06cad5a535cbaadc0b88d5d16e11bfffb391b576,True,2026-10-02T07:00:27Z,22b5b698a56a211fc0b6422498e4040b56530919,2026-09-30_DIRECTION_ACTION_SEPARATION_V4_0,UNTESTABLE,FROZEN_OFFICIAL_ARTIFACT,PENDING_KNOWLEDGE_TIME,UNKNOWN,UNKNOWN,MIXED,WAIT,,NO_OUTCOME_AT_SNAPSHOT,,,,,,,,,,,False,,NOT_ASSIGNED,NOT_ESTABLISHED,,,2026-10-09T06:00:00+00:00,PAST_REFERENCE_HORIZON_NOT_CAUSALLY_DIAGNOSED
CMP-20261002-94464e634aae,12h,04_MARKET_LEARNING/handlekompas/official/daily/2026/10/02/CMP-20261002-94464e634aae.json,1055123620f37eef90e1e66e20f8c37b296f3e9b30688f0af9445addecc5dcee,True,2026-10-02T12:38:19Z,2c4d27b329c4c518869d23741592d83f307b8862,2026-09-30_DIRECTION_ACTION_SEPARATION_V4_0,UNTESTABLE,FROZEN_OFFICIAL_ARTIFACT,PENDING_KNOWLEDGE_TIME,UNKNOWN,UNKNOWN,UNAVAILABLE,NO_EDGE,04_MARKET_LEARNING/handlekompas/official/outcomes/2026/10/02/CMP-20261002-94464e634aae_12h.json,MATURED_ARTIFACT,OFFICIAL_DAILY_COMPASS_SCORING_v2,2026-10-02T09:00:00Z,2026-10-02T21:00:00Z,2026-10-02T21:00:00Z,2026-10-02T23:08:00Z,ABSTAINED,ABSTAINED,-2.227283269168334,-3.112131138015928,ABSTAINED,False,12.0,NOT_ASSIGNED,NOT_ESTABLISHED,V2_EXPLICIT_CLOSE,PASS,,
CMP-20261002-94464e634aae,72h,04_MARKET_LEARNING/handlekompas/official/daily/2026/10/02/CMP-20261002-94464e634aae.json,1055123620f37eef90e1e66e20f8c37b296f3e9b30688f0af9445addecc5dcee,True,2026-10-02T12:38:19Z,2c4d27b329c4c518869d23741592d83f307b8862,2026-09-30_DIRECTION_ACTION_SEPARATION_V4_0,UNTESTABLE,FROZEN_OFFICIAL_ARTIFACT,PENDING_KNOWLEDGE_TIME,UNKNOWN,UNKNOWN,UNAVAILABLE,NO_EDGE,04_MARKET_LEARNING/handlekompas/official/outcomes/2026/10/02/CMP-20261002-94464e634aae_72h.json,MATURED_ARTIFACT,OFFICIAL_DAILY_COMPASS_SCORING_v2,2026-10-02T09:00:00Z,2026-10-05T09:00:00Z,2026-10-05T09:00:00Z,2026-10-05T12:49:03Z,ABSTAINED,ABSTAINED,-0.543195417227138,-1.7162114070318868,ABSTAINED,False,72.0,NOT_ASSIGNED,NOT_ESTABLISHED,V2_EXPLICIT_CLOSE,PASS,,
CMP-20261002-94464e634aae,168h,04_MARKET_LEARNING/handlekompas/official/daily/2026/10/02/CMP-20261002-94464e634aae.json,1055123620f37eef90e1e66e20f8c37b296f3e9b30688f0af9445addecc5dcee,True,2026-10-02T12:38:19Z,2c4d27b329c4c518869d23741592d83f307b8862,2026-09-30_DIRECTION_ACTION_SEPARATION_V4_0,UNTESTABLE,FROZEN_OFFICIAL_ARTIFACT,PENDING_KNOWLEDGE_TIME,UNKNOWN,UNKNOWN,UNAVAILABLE,NO_EDGE,04_MARKET_LEARNING/handlekompas/official/outcomes/2026/10/02/CMP-20261002-94464e634aae_168h.json,MATURED_ARTIFACT,OFFICIAL_DAILY_COMPASS_SCORING_v2,2026-10-02T09:00:00Z,2026-10-09T09:00:00Z,2026-10-09T09:00:00Z,2026-10-09T09:26:29Z,ABSTAINED,ABSTAINED,-4.780602068741602,-9.589140586983525,ABSTAINED,False,168.0,NOT_ASSIGNED,NOT_ESTABLISHED,V2_EXPLICIT_CLOSE,PASS,,
CMP-20261002-f667d7d837fe,12h,04_MARKET_LEARNING/handlekompas/official/daily/2026/10/02/CMP-20261002-f667d7d837fe.json,92f46f0e6600ee13eb20f7bf86e0f99d8ef880917bb2e484f05981a851139026,True,2026-10-02T22:20:28Z,32e9f600cc1b1bff74cb999e18a32cdd15717f00,2026-09-30_DIRECTION_ACTION_SEPARATION_V4_0,UNTESTABLE,FROZEN_OFFICIAL_ARTIFACT,PENDING_KNOWLEDGE_TIME,UNKNOWN,UNKNOWN,MIXED,HOLD,,NO_OUTCOME_AT_SNAPSHOT,,,,,,,,,,,False,,NOT_ASSIGNED,NOT_ESTABLISHED,,,2026-10-03T09:00:00+00:00,PAST_REFERENCE_HORIZON_NOT_CAUSALLY_DIAGNOSED
CMP-20261002-f667d7d837fe,72h,04_MARKET_LEARNING/handlekompas/official/daily/2026/10/02/CMP-20261002-f667d7d837fe.json,92f46f0e6600ee13eb20f7bf86e0f99d8ef880917bb2e484f05981a851139026,True,2026-10-02T22:20:28Z,32e9f600cc1b1bff74cb999e18a32cdd15717f00,2026-09-30_DIRECTION_ACTION_SEPARATION_V4_0,UNTESTABLE,FROZEN_OFFICIAL_ARTIFACT,PENDING_KNOWLEDGE_TIME,UNKNOWN,UNKNOWN,MIXED,WAIT,04_MARKET_LEARNING/handlekompas/official/outcomes/2026/10/02/CMP-20261002-f667d7d837fe_72h.json,MATURED_ARTIFACT,OFFICIAL_DAILY_COMPASS_SCORING_v2,2026-10-02T21:00:00Z,2026-10-05T21:00:00Z,2026-10-05T22:00:00Z,2026-10-05T22:50:00Z,ABSTAINED,ABSTAINED,1.409085398081733,1.8341385710099578,OPPORTUNITY_COST_OR_NEUTRAL,False,73.0,NOT_ASSIGNED,NOT_ESTABLISHED,V2_EXPLICIT_CLOSE,PASS,,
CMP-20261002-f667d7d837fe,168h,04_MARKET_LEARNING/handlekompas/official/daily/2026/10/02/CMP-20261002-f667d7d837fe.json,92f46f0e6600ee13eb20f7bf86e0f99d8ef880917bb2e484f05981a851139026,True,2026-10-02T22:20:28Z,32e9f600cc1b1bff74cb999e18a32cdd15717f00,2026-09-30_DIRECTION_ACTION_SEPARATION_V4_0,UNTESTABLE,FROZEN_OFFICIAL_ARTIFACT,PENDING_KNOWLEDGE_TIME,UNKNOWN,UNKNOWN,MIXED,WAIT,04_MARKET_LEARNING/handlekompas/official/outcomes/2026/10/02/CMP-20261002-f667d7d837fe_168h.json,MATURED_ARTIFACT,OFFICIAL_DAILY_COMPASS_SCORING_v2,2026-10-02T21:00:00Z,2026-10-09T21:00:00Z,2026-10-09T21:00:00Z,2026-10-09T21:49:02Z,ABSTAINED,ABSTAINED,-2.302926957256435,-6.706890981087554,PROTECTIVE,False,168.0,NOT_ASSIGNED,NOT_ESTABLISHED,V2_EXPLICIT_CLOSE,PASS,,
CMP-20261003-258711b0299e,12h,04_MARKET_LEARNING/handlekompas/official/daily/2026/10/03/CMP-20261003-258711b0299e.json,6d87bcfd95697ceda0127a3de0504232a509a10dd91504d9d98a5e3695f50389,True,2026-10-03T01:08:13Z,4c823152ca7855255175b93c1ee2c76bdf1de500,2026-09-30_DIRECTION_ACTION_SEPARATION_V4_0,UNTESTABLE,FROZEN_OFFICIAL_ARTIFACT,PENDING_KNOWLEDGE_TIME,UNKNOWN,UNKNOWN,UP,HOLD,04_MARKET_LEARNING/handlekompas/official/outcomes/2026/10/03/CMP-20261003-258711b0299e_12h.json,MATURED_ARTIFACT,OFFICIAL_DAILY_COMPASS_SCORING_v2,2026-10-03T01:00:00Z,2026-10-03T13:00:00Z,2026-10-03T12:00:00Z,2026-10-03T13:37:26Z,INCORRECT,CORRECT,-0.08753827510973311,0.12477818249743144,PROTECTIVE,True,11.0,NOT_ASSIGNED,NOT_ESTABLISHED,V2_EXPLICIT_CLOSE,PASS,,
CMP-20261003-258711b0299e,72h,04_MARKET_LEARNING/handlekompas/official/daily/2026/10/03/CMP-20261003-258711b0299e.json,6d87bcfd95697ceda0127a3de0504232a509a10dd91504d9d98a5e3695f50389,True,2026-10-03T01:08:13Z,4c823152ca7855255175b93c1ee2c76bdf1de500,2026-09-30_DIRECTION_ACTION_SEPARATION_V4_0,UNTESTABLE,FROZEN_OFFICIAL_ARTIFACT,PENDING_KNOWLEDGE_TIME,UNKNOWN,UNKNOWN,MIXED,WAIT,04_MARKET_LEARNING/handlekompas/official/outcomes/2026/10/03/CMP-20261003-258711b0299e_72h.json,MATURED_ARTIFACT,OFFICIAL_DAILY_COMPASS_SCORING_v2,2026-10-03T01:00:00Z,2026-10-06T01:00:00Z,2026-10-06T02:00:00Z,2026-10-06T03:11:49Z,ABSTAINED,ABSTAINED,1.4976356633602306,1.4663304380311937,OPPORTUNITY_COST_OR_NEUTRAL,False,73.0,NOT_ASSIGNED,NOT_ESTABLISHED,V2_EXPLICIT_CLOSE,PASS,,
CMP-20261003-258711b0299e,168h,04_MARKET_LEARNING/handlekompas/official/daily/2026/10/03/CMP-20261003-258711b0299e.json,6d87bcfd95697ceda0127a3de0504232a509a10dd91504d9d98a5e3695f50389,True,2026-10-03T01:08:13Z,4c823152ca7855255175b93c1ee2c76bdf1de500,2026-09-30_DIRECTION_ACTION_SEPARATION_V4_0,UNTESTABLE,FROZEN_OFFICIAL_ARTIFACT,PENDING_KNOWLEDGE_TIME,UNKNOWN,UNKNOWN,MIXED,WAIT,04_MARKET_LEARNING/handlekompas/official/outcomes/2026/10/03/CMP-20261003-258711b0299e_168h.json,MATURED_ARTIFACT,OFFICIAL_DAILY_COMPASS_SCORING_v2,2026-10-03T01:00:00Z,2026-10-10T01:00:00Z,2026-10-10T01:00:00Z,2026-10-10T01:51:11Z,ABSTAINED,ABSTAINED,-2.4754987915796445,-7.003642476884275,PROTECTIVE,False,168.0,NOT_ASSIGNED,NOT_ESTABLISHED,V2_EXPLICIT_CLOSE,PASS,,
CMP-20261003-31e5e9a18a33,12h,04_MARKET_LEARNING/handlekompas/official/daily/2026/10/03/CMP-20261003-31e5e9a18a33.json,211740ae7202d45a0ee492b94d17d58826b23ddccf71df83792e808bf7b397b3,True,2026-10-03T11:41:41Z,564082cace16e54ba6f13e117d0c8902ea3e9f98,2026-09-30_DIRECTION_ACTION_SEPARATION_V4_0,UNTESTABLE,FROZEN_OFFICIAL_ARTIFACT,PENDING_KNOWLEDGE_TIME,UNKNOWN,UNKNOWN,UNAVAILABLE,NO_EDGE,04_MARKET_LEARNING/handlekompas/official/outcomes/2026/10/03/CMP-20261003-31e5e9a18a33_12h.json,MATURED_ARTIFACT,OFFICIAL_DAILY_COMPASS_SCORING_v2,2026-10-03T06:00:00Z,2026-10-03T18:00:00Z,2026-10-03T17:00:00Z,2026-10-03T18:06:14Z,ABSTAINED,ABSTAINED,0.255091161954768,0.1471390052805832,ABSTAINED,False,11.0,NOT_ASSIGNED,NOT_ESTABLISHED,V2_EXPLICIT_CLOSE,PASS,,
CMP-20261003-31e5e9a18a33,72h,04_MARKET_LEARNING/handlekompas/official/daily/2026/10/03/CMP-20261003-31e5e9a18a33.json,211740ae7202d45a0ee492b94d17d58826b23ddccf71df83792e808bf7b397b3,True,2026-10-03T11:41:41Z,564082cace16e54ba6f13e117d0c8902ea3e9f98,2026-09-30_DIRECTION_ACTION_SEPARATION_V4_0,UNTESTABLE,FROZEN_OFFICIAL_ARTIFACT,PENDING_KNOWLEDGE_TIME,UNKNOWN,UNKNOWN,UNAVAILABLE,NO_EDGE,04_MARKET_LEARNING/handlekompas/official/outcomes/2026/10/03/CMP-20261003-31e5e9a18a33_72h.json,MATURED_ARTIFACT,OFFICIAL_DAILY_COMPASS_SCORING_v2,2026-10-03T06:00:00Z,2026-10-06T06:00:00Z,2026-10-06T06:00:00Z,2026-10-06T10:38:31Z,ABSTAINED,ABSTAINED,1.046447878605239,0.9112161748340064,ABSTAINED,False,72.0,NOT_ASSIGNED,NOT_ESTABLISHED,V2_EXPLICIT_CLOSE,PASS,,
CMP-20261003-31e5e9a18a33,168h,04_MARKET_LEARNING/handlekompas/official/daily/2026/10/03/CMP-20261003-31e5e9a18a33.json,211740ae7202d45a0ee492b94d17d58826b23ddccf71df83792e808bf7b397b3,True,2026-10-03T11:41:41Z,564082cace16e54ba6f13e117d0c8902ea3e9f98,2026-09-30_DIRECTION_ACTION_SEPARATION_V4_0,UNTESTABLE,FROZEN_OFFICIAL_ARTIFACT,PENDING_KNOWLEDGE_TIME,UNKNOWN,UNKNOWN,UNAVAILABLE,NO_EDGE,04_MARKET_LEARNING/handlekompas/official/outcomes/2026/10/03/CMP-20261003-31e5e9a18a33_168h.json,MATURED_ARTIFACT,OFFICIAL_DAILY_COMPASS_SCORING_v2,2026-10-03T06:00:00Z,2026-10-10T06:00:00Z,2026-10-10T07:00:00Z,2026-10-10T08:46:31Z,ABSTAINED,ABSTAINED,-2.313102960600255,-6.788933951765297,ABSTAINED,False,169.0,NOT_ASSIGNED,NOT_ESTABLISHED,V2_EXPLICIT_CLOSE,PASS,,
CMP-20261003-71704027703b,12h,04_MARKET_LEARNING/handlekompas/official/daily/2026/10/03/CMP-20261003-71704027703b.json,4948e5f6522ca692b3e15f1af59a1e99373e17ad2db868dec4c8af00c1ad3309,True,2026-10-03T06:29:26Z,22c600a248654fe9387ca30ad89d143fea4a6102,2026-09-30_DIRECTION_ACTION_SEPARATION_V4_0,UNTESTABLE,FROZEN_OFFICIAL_ARTIFACT,PENDING_KNOWLEDGE_TIME,UNKNOWN,UNKNOWN,MIXED,HOLD,04_MARKET_LEARNING/handlekompas/official/outcomes/2026/10/03/CMP-20261003-71704027703b_12h.json,MATURED_ARTIFACT,OFFICIAL_DAILY_COMPASS_SCORING_v2,2026-10-03T06:00:00Z,2026-10-03T18:00:00Z,2026-10-03T17:00:00Z,2026-10-03T18:06:14Z,ABSTAINED,ABSTAINED,0.255091161954768,0.1471390052805832,OPPORTUNITY_COST_OR_NEUTRAL,False,11.0,NOT_ASSIGNED,NOT_ESTABLISHED,V2_EXPLICIT_CLOSE,PASS,,
CMP-20261003-71704027703b,72h,04_MARKET_LEARNING/handlekompas/official/daily/2026/10/03/CMP-20261003-71704027703b.json,4948e5f6522ca692b3e15f1af59a1e99373e17ad2db868dec4c8af00c1ad3309,True,2026-10-03T06:29:26Z,22c600a248654fe9387ca30ad89d143fea4a6102,2026-09-30_DIRECTION_ACTION_SEPARATION_V4_0,UNTESTABLE,FROZEN_OFFICIAL_ARTIFACT,PENDING_KNOWLEDGE_TIME,UNKNOWN,UNKNOWN,MIXED,WAIT,04_MARKET_LEARNING/handlekompas/official/outcomes/2026/10/03/CMP-20261003-71704027703b_72h.json,MATURED_ARTIFACT,OFFICIAL_DAILY_COMPASS_SCORING_v2,2026-10-03T06:00:00Z,2026-10-06T06:00:00Z,2026-10-06T06:00:00Z,2026-10-06T10:38:31Z,ABSTAINED,ABSTAINED,1.046447878605239,0.9112161748340064,OPPORTUNITY_COST_OR_NEUTRAL,False,72.0,NOT_ASSIGNED,NOT_ESTABLISHED,V2_EXPLICIT_CLOSE,PASS,,
CMP-20261003-71704027703b,168h,04_MARKET_LEARNING/handlekompas/official/daily/2026/10/03/CMP-20261003-71704027703b.json,4948e5f6522ca692b3e15f1af59a1e99373e17ad2db868dec4c8af00c1ad3309,True,2026-10-03T06:29:26Z,22c600a248654fe9387ca30ad89d143fea4a6102,2026-09-30_DIRECTION_ACTION_SEPARATION_V4_0,UNTESTABLE,FROZEN_OFFICIAL_ARTIFACT,PENDING_KNOWLEDGE_TIME,UNKNOWN,UNKNOWN,MIXED,WAIT,04_MARKET_LEARNING/handlekompas/official/outcomes/2026/10/03/CMP-20261003-71704027703b_168h.json,MATURED_ARTIFACT,OFFICIAL_DAILY_COMPASS_SCORING_v2,2026-10-03T06:00:00Z,2026-10-10T06:00:00Z,2026-10-10T07:00:00Z,2026-10-10T08:46:31Z,ABSTAINED,ABSTAINED,-2.313102960600255,-6.788933951765297,PROTECTIVE,False,169.0,NOT_ASSIGNED,NOT_ESTABLISHED,V2_EXPLICIT_CLOSE,PASS,,
CMP-20261003-b7f687099056,12h,04_MARKET_LEARNING/handlekompas/official/daily/2026/10/03/CMP-20261003-b7f687099056.json,309f94493c03eee625f0fdf10e7b4b383527f24ab6f8d834b7217add1de3f27d,True,2026-10-03T21:25:43Z,51e389f5391213e88a481d814dd77932407885c7,2026-09-30_DIRECTION_ACTION_SEPARATION_V4_0,UNTESTABLE,FROZEN_OFFICIAL_ARTIFACT,PENDING_KNOWLEDGE_TIME,UNKNOWN,UNKNOWN,MIXED,HOLD,,NO_OUTCOME_AT_SNAPSHOT,,,,,,,,,,,False,,NOT_ASSIGNED,NOT_ESTABLISHED,,,2026-10-04T09:00:00+00:00,PAST_REFERENCE_HORIZON_NOT_CAUSALLY_DIAGNOSED
CMP-20261003-b7f687099056,72h,04_MARKET_LEARNING/handlekompas/official/daily/2026/10/03/CMP-20261003-b7f687099056.json,309f94493c03eee625f0fdf10e7b4b383527f24ab6f8d834b7217add1de3f27d,True,2026-10-03T21:25:43Z,51e389f5391213e88a481d814dd77932407885c7,2026-09-30_DIRECTION_ACTION_SEPARATION_V4_0,UNTESTABLE,FROZEN_OFFICIAL_ARTIFACT,PENDING_KNOWLEDGE_TIME,UNKNOWN,UNKNOWN,MIXED,WAIT,04_MARKET_LEARNING/handlekompas/official/outcomes/2026/10/03/CMP-20261003-b7f687099056_72h.json,MATURED_ARTIFACT,OFFICIAL_DAILY_COMPASS_SCORING_v2,2026-10-03T21:00:00Z,2026-10-06T21:00:00Z,2026-10-06T21:00:00Z,2026-10-06T21:47:19Z,ABSTAINED,ABSTAINED,1.1441567674240982,0.4667366399428552,OPPORTUNITY_COST_OR_NEUTRAL,False,72.0,NOT_ASSIGNED,NOT_ESTABLISHED,V2_EXPLICIT_CLOSE,PASS,,
CMP-20261003-b7f687099056,168h,04_MARKET_LEARNING/handlekompas/official/daily/2026/10/03/CMP-20261003-b7f687099056.json,309f94493c03eee625f0fdf10e7b4b383527f24ab6f8d834b7217add1de3f27d,True,2026-10-03T21:25:43Z,51e389f5391213e88a481d814dd77932407885c7,2026-09-30_DIRECTION_ACTION_SEPARATION_V4_0,UNTESTABLE,FROZEN_OFFICIAL_ARTIFACT,PENDING_KNOWLEDGE_TIME,UNKNOWN,UNKNOWN,MIXED,WAIT,,NO_OUTCOME_AT_SNAPSHOT,,,,,,,,,,,False,,NOT_ASSIGNED,NOT_ESTABLISHED,,,2026-10-10T21:00:00+00:00,NOT_DUE_OR_UNKNOWN
CMP-20261003-f33b687c0a5c,12h,04_MARKET_LEARNING/handlekompas/official/daily/2026/10/03/CMP-20261003-f33b687c0a5c.json,6feddd70fa17bcb8d28ed311d3bf8034c7109c45d44f7bae45d5b1f0c1c7e1d7,True,2026-10-03T17:15:37Z,44ef760818b172136ee0d47f587e1c26e8bdf9a9,2026-09-30_DIRECTION_ACTION_SEPARATION_V4_0,UNTESTABLE,FROZEN_OFFICIAL_ARTIFACT,PENDING_KNOWLEDGE_TIME,UNKNOWN,UNKNOWN,MIXED,HOLD,04_MARKET_LEARNING/handlekompas/official/outcomes/2026/10/03/CMP-20261003-f33b687c0a5c_12h.json,MATURED_ARTIFACT,OFFICIAL_DAILY_COMPASS_SCORING_v2,2026-10-03T17:00:00Z,2026-10-04T05:00:00Z,2026-10-04T06:00:00Z,2026-10-04T08:38:29Z,ABSTAINED,ABSTAINED,-0.09194274923077783,0.44039557292443465,PROTECTIVE,True,13.0,NOT_ASSIGNED,NOT_ESTABLISHED,V2_EXPLICIT_CLOSE,PASS,,
CMP-20261003-f33b687c0a5c,72h,04_MARKET_LEARNING/handlekompas/official/daily/2026/10/03/CMP-20261003-f33b687c0a5c.json,6feddd70fa17bcb8d28ed311d3bf8034c7109c45d44f7bae45d5b1f0c1c7e1d7,True,2026-10-03T17:15:37Z,44ef760818b172136ee0d47f587e1c26e8bdf9a9,2026-09-30_DIRECTION_ACTION_SEPARATION_V4_0,UNTESTABLE,FROZEN_OFFICIAL_ARTIFACT,PENDING_KNOWLEDGE_TIME,UNKNOWN,UNKNOWN,MIXED,WAIT,04_MARKET_LEARNING/handlekompas/official/outcomes/2026/10/03/CMP-20261003-f33b687c0a5c_72h.json,MATURED_ARTIFACT,OFFICIAL_DAILY_COMPASS_SCORING_v2,2026-10-03T17:00:00Z,2026-10-06T17:00:00Z,2026-10-06T17:00:00Z,2026-10-06T17:20:17Z,ABSTAINED,ABSTAINED,0.8474215791270279,0.5183317920109731,OPPORTUNITY_COST_OR_NEUTRAL,False,72.0,NOT_ASSIGNED,NOT_ESTABLISHED,V2_EXPLICIT_CLOSE,PASS,,
CMP-20261003-f33b687c0a5c,168h,04_MARKET_LEARNING/handlekompas/official/daily/2026/10/03/CMP-20261003-f33b687c0a5c.json,6feddd70fa17bcb8d28ed311d3bf8034c7109c45d44f7bae45d5b1f0c1c7e1d7,True,2026-10-03T17:15:37Z,44ef760818b172136ee0d47f587e1c26e8bdf9a9,2026-09-30_DIRECTION_ACTION_SEPARATION_V4_0,UNTESTABLE,FROZEN_OFFICIAL_ARTIFACT,PENDING_KNOWLEDGE_TIME,UNKNOWN,UNKNOWN,MIXED,WAIT,,NO_OUTCOME_AT_SNAPSHOT,,,,,,,,,,,False,,NOT_ASSIGNED,NOT_ESTABLISHED,,,2026-10-10T17:00:00+00:00,PAST_REFERENCE_HORIZON_NOT_CAUSALLY_DIAGNOSED
CMP-20261004-173ee38b6f87,12h,04_MARKET_LEARNING/handlekompas/official/daily/2026/10/04/CMP-20261004-173ee38b6f87.json,ee9da6ffbfd288b28e443ae80f8e49558ad6f582e0a4ecb8e5cc6c3d95fa8d7c,True,2026-10-04T20:27:27Z,45145f8a0d32ce4ca73662875495cdd54b02c86e,2026-09-30_DIRECTION_ACTION_SEPARATION_V4_0,UNTESTABLE,FROZEN_OFFICIAL_ARTIFACT,PENDING_KNOWLEDGE_TIME,UNKNOWN,UNKNOWN,MIXED,HOLD,04_MARKET_LEARNING/handlekompas/official/outcomes/2026/10/04/CMP-20261004-173ee38b6f87_12h.json,MATURED_ARTIFACT,OFFICIAL_DAILY_COMPASS_SCORING_v2,2026-10-04T20:00:00Z,2026-10-05T08:00:00Z,2026-10-05T09:00:00Z,2026-10-05T12:49:03Z,ABSTAINED,ABSTAINED,0.39749262536874497,0.17915044195377927,OPPORTUNITY_COST_OR_NEUTRAL,False,13.0,NOT_ASSIGNED,NOT_ESTABLISHED,V2_EXPLICIT_CLOSE,PASS,,
CMP-20261004-173ee38b6f87,72h,04_MARKET_LEARNING/handlekompas/official/daily/2026/10/04/CMP-20261004-173ee38b6f87.json,ee9da6ffbfd288b28e443ae80f8e49558ad6f582e0a4ecb8e5cc6c3d95fa8d7c,True,2026-10-04T20:27:27Z,45145f8a0d32ce4ca73662875495cdd54b02c86e,2026-09-30_DIRECTION_ACTION_SEPARATION_V4_0,UNTESTABLE,FROZEN_OFFICIAL_ARTIFACT,PENDING_KNOWLEDGE_TIME,UNKNOWN,UNKNOWN,MIXED,WAIT,04_MARKET_LEARNING/handlekompas/official/outcomes/2026/10/04/CMP-20261004-173ee38b6f87_72h.json,MATURED_ARTIFACT,OFFICIAL_DAILY_COMPASS_SCORING_v2,2026-10-04T20:00:00Z,2026-10-07T20:00:00Z,2026-10-07T20:00:00Z,2026-10-07T22:10:19Z,ABSTAINED,ABSTAINED,-2.390211640211648,-4.927377444811299,PROTECTIVE,False,72.0,NOT_ASSIGNED,NOT_ESTABLISHED,V2_EXPLICIT_CLOSE,PASS,,
CMP-20261004-173ee38b6f87,168h,04_MARKET_LEARNING/handlekompas/official/daily/2026/10/04/CMP-20261004-173ee38b6f87.json,ee9da6ffbfd288b28e443ae80f8e49558ad6f582e0a4ecb8e5cc6c3d95fa8d7c,True,2026-10-04T20:27:27Z,45145f8a0d32ce4ca73662875495cdd54b02c86e,2026-09-30_DIRECTION_ACTION_SEPARATION_V4_0,UNTESTABLE,FROZEN_OFFICIAL_ARTIFACT,PENDING_KNOWLEDGE_TIME,UNKNOWN,UNKNOWN,MIXED,WAIT,,NO_OUTCOME_AT_SNAPSHOT,,,,,,,,,,,False,,NOT_ASSIGNED,NOT_ESTABLISHED,,,2026-10-11T20:00:00+00:00,NOT_DUE_OR_UNKNOWN
CMP-20261004-34e9691b3290,12h,04_MARKET_LEARNING/handlekompas/official/daily/2026/10/04/CMP-20261004-34e9691b3290.json,d79a3dc38189268204725ed7a74178e13bafe5651b2870acd6f549edf88ceb09,True,2026-10-04T13:48:47Z,c39a31412c5a3aa60a2ee08d4b03478f73282c80,2026-09-30_DIRECTION_ACTION_SEPARATION_V4_0,UNTESTABLE,FROZEN_OFFICIAL_ARTIFACT,PENDING_KNOWLEDGE_TIME,UNKNOWN,UNKNOWN,UNAVAILABLE,HOLD,04_MARKET_LEARNING/handlekompas/official/outcomes/2026/10/04/CMP-20261004-34e9691b3290_12h.json,MATURED_ARTIFACT,OFFICIAL_DAILY_COMPASS_SCORING_v2,2026-10-04T13:00:00Z,2026-10-05T01:00:00Z,2026-10-05T02:00:00Z,2026-10-05T07:04:58Z,ABSTAINED,ABSTAINED,1.6470033222934832,1.176522968355198,OPPORTUNITY_COST_OR_NEUTRAL,False,13.0,NOT_ASSIGNED,NOT_ESTABLISHED,V2_EXPLICIT_CLOSE,PASS,,
CMP-20261004-34e9691b3290,72h,04_MARKET_LEARNING/handlekompas/official/daily/2026/10/04/CMP-20261004-34e9691b3290.json,d79a3dc38189268204725ed7a74178e13bafe5651b2870acd6f549edf88ceb09,True,2026-10-04T13:48:47Z,c39a31412c5a3aa60a2ee08d4b03478f73282c80,2026-09-30_DIRECTION_ACTION_SEPARATION_V4_0,UNTESTABLE,FROZEN_OFFICIAL_ARTIFACT,PENDING_KNOWLEDGE_TIME,UNKNOWN,UNKNOWN,MIXED,WAIT,04_MARKET_LEARNING/handlekompas/official/outcomes/2026/10/04/CMP-20261004-34e9691b3290_72h.json,MATURED_ARTIFACT,OFFICIAL_DAILY_COMPASS_SCORING_v2,2026-10-04T13:00:00Z,2026-10-07T13:00:00Z,2026-10-07T14:00:00Z,2026-10-07T16:48:22Z,ABSTAINED,ABSTAINED,-1.380886228422773,-3.1626243400377785,PROTECTIVE,False,73.0,NOT_ASSIGNED,NOT_ESTABLISHED,V2_EXPLICIT_CLOSE,PASS,,
CMP-20261004-34e9691b3290,168h,04_MARKET_LEARNING/handlekompas/official/daily/2026/10/04/CMP-20261004-34e9691b3290.json,d79a3dc38189268204725ed7a74178e13bafe5651b2870acd6f549edf88ceb09,True,2026-10-04T13:48:47Z,c39a31412c5a3aa60a2ee08d4b03478f73282c80,2026-09-30_DIRECTION_ACTION_SEPARATION_V4_0,UNTESTABLE,FROZEN_OFFICIAL_ARTIFACT,PENDING_KNOWLEDGE_TIME,UNKNOWN,UNKNOWN,MIXED,WAIT,,NO_OUTCOME_AT_SNAPSHOT,,,,,,,,,,,False,,NOT_ASSIGNED,NOT_ESTABLISHED,,,2026-10-11T13:00:00+00:00,NOT_DUE_OR_UNKNOWN
CMP-20261004-5639b0f3f756,12h,04_MARKET_LEARNING/handlekompas/official/daily/2026/10/04/CMP-20261004-5639b0f3f756.json,831381229fa2128aea4ecc180b885e01111d9aa232655c7e8bdcf93616e39bbc,True,2026-10-04T17:14:03Z,018965b4db37878203fa47c353f0baeada1ec070,2026-09-30_DIRECTION_ACTION_SEPARATION_V4_0,UNTESTABLE,FROZEN_OFFICIAL_ARTIFACT,PENDING_KNOWLEDGE_TIME,UNKNOWN,UNKNOWN,UP,HOLD,04_MARKET_LEARNING/handlekompas/official/outcomes/2026/10/04/CMP-20261004-5639b0f3f756_12h.json,MATURED_ARTIFACT,OFFICIAL_DAILY_COMPASS_SCORING_v2,2026-10-04T15:00:00Z,2026-10-05T03:00:00Z,2026-10-05T02:00:00Z,2026-10-05T07:04:58Z,CORRECT,CORRECT,1.4676159648323805,1.092505199316407,OPPORTUNITY_COST_OR_NEUTRAL,False,11.0,NOT_ASSIGNED,NOT_ESTABLISHED,V2_EXPLICIT_CLOSE,PASS,,
CMP-20261004-5639b0f3f756,72h,04_MARKET_LEARNING/handlekompas/official/daily/2026/10/04/CMP-20261004-5639b0f3f756.json,831381229fa2128aea4ecc180b885e01111d9aa232655c7e8bdcf93616e39bbc,True,2026-10-04T17:14:03Z,018965b4db37878203fa47c353f0baeada1ec070,2026-09-30_DIRECTION_ACTION_SEPARATION_V4_0,UNTESTABLE,FROZEN_OFFICIAL_ARTIFACT,PENDING_KNOWLEDGE_TIME,UNKNOWN,UNKNOWN,MIXED,WAIT,04_MARKET_LEARNING/handlekompas/official/outcomes/2026/10/04/CMP-20261004-5639b0f3f756_72h.json,MATURED_ARTIFACT,OFFICIAL_DAILY_COMPASS_SCORING_v2,2026-10-04T15:00:00Z,2026-10-07T15:00:00Z,2026-10-07T14:00:00Z,2026-10-07T16:48:22Z,ABSTAINED,ABSTAINED,-1.5549299447785492,-3.2430388475126692,PROTECTIVE,False,71.0,NOT_ASSIGNED,NOT_ESTABLISHED,V2_EXPLICIT_CLOSE,PASS,,
CMP-20261004-5639b0f3f756,168h,04_MARKET_LEARNING/handlekompas/official/daily/2026/10/04/CMP-20261004-5639b0f3f756.json,831381229fa2128aea4ecc180b885e01111d9aa232655c7e8bdcf93616e39bbc,True,2026-10-04T17:14:03Z,018965b4db37878203fa47c353f0baeada1ec070,2026-09-30_DIRECTION_ACTION_SEPARATION_V4_0,UNTESTABLE,FROZEN_OFFICIAL_ARTIFACT,PENDING_KNOWLEDGE_TIME,UNKNOWN,UNKNOWN,MIXED,WAIT,,NO_OUTCOME_AT_SNAPSHOT,,,,,,,,,,,False,,NOT_ASSIGNED,NOT_ESTABLISHED,,,2026-10-11T15:00:00+00:00,NOT_DUE_OR_UNKNOWN
CMP-20261004-8d8e3db911c9,12h,04_MARKET_LEARNING/handlekompas/official/daily/2026/10/04/CMP-20261004-8d8e3db911c9.json,e15e96e06e811108da81af0c1382203b8720a30793c2b5cb68e05b86677819d7,True,2026-10-04T13:36:38Z,eb4f597b388a8bb5fbe025c3ffbaad091f54a70c,2026-09-30_DIRECTION_ACTION_SEPARATION_V4_0,UNTESTABLE,FROZEN_OFFICIAL_ARTIFACT,PENDING_KNOWLEDGE_TIME,UNKNOWN,UNKNOWN,UNAVAILABLE,NO_EDGE,04_MARKET_LEARNING/handlekompas/official/outcomes/2026/10/04/CMP-20261004-8d8e3db911c9_12h.json,MATURED_ARTIFACT,OFFICIAL_DAILY_COMPASS_SCORING_v2,2026-10-04T13:00:00Z,2026-10-05T01:00:00Z,2026-10-05T02:00:00Z,2026-10-05T07:04:58Z,ABSTAINED,ABSTAINED,1.6470033222934832,1.176522968355198,ABSTAINED,False,13.0,NOT_ASSIGNED,NOT_ESTABLISHED,V2_EXPLICIT_CLOSE,PASS,,
CMP-20261004-8d8e3db911c9,72h,04_MARKET_LEARNING/handlekompas/official/daily/2026/10/04/CMP-20261004-8d8e3db911c9.json,e15e96e06e811108da81af0c1382203b8720a30793c2b5cb68e05b86677819d7,True,2026-10-04T13:36:38Z,eb4f597b388a8bb5fbe025c3ffbaad091f54a70c,2026-09-30_DIRECTION_ACTION_SEPARATION_V4_0,UNTESTABLE,FROZEN_OFFICIAL_ARTIFACT,PENDING_KNOWLEDGE_TIME,UNKNOWN,UNKNOWN,UNAVAILABLE,NO_EDGE,04_MARKET_LEARNING/handlekompas/official/outcomes/2026/10/04/CMP-20261004-8d8e3db911c9_72h.json,MATURED_ARTIFACT,OFFICIAL_DAILY_COMPASS_SCORING_v2,2026-10-04T13:00:00Z,2026-10-07T13:00:00Z,2026-10-07T14:00:00Z,2026-10-07T16:48:22Z,ABSTAINED,ABSTAINED,-1.380886228422773,-3.1626243400377785,ABSTAINED,False,73.0,NOT_ASSIGNED,NOT_ESTABLISHED,V2_EXPLICIT_CLOSE,PASS,,
CMP-20261004-8d8e3db911c9,168h,04_MARKET_LEARNING/handlekompas/official/daily/2026/10/04/CMP-20261004-8d8e3db911c9.json,e15e96e06e811108da81af0c1382203b8720a30793c2b5cb68e05b86677819d7,True,2026-10-04T13:36:38Z,eb4f597b388a8bb5fbe025c3ffbaad091f54a70c,2026-09-30_DIRECTION_ACTION_SEPARATION_V4_0,UNTESTABLE,FROZEN_OFFICIAL_ARTIFACT,PENDING_KNOWLEDGE_TIME,UNKNOWN,UNKNOWN,UNAVAILABLE,NO_EDGE,,NO_OUTCOME_AT_SNAPSHOT,,,,,,,,,,,False,,NOT_ASSIGNED,NOT_ESTABLISHED,,,2026-10-11T13:00:00+00:00,NOT_DUE_OR_UNKNOWN
CMP-20261004-c4738bb5c8e8,12h,04_MARKET_LEARNING/handlekompas/official/daily/2026/10/04/CMP-20261004-c4738bb5c8e8.json,6318e6117735673c94d831866ca63dfe7e363b0fea05a9d39e5e145c1b0e95a9,True,2026-10-04T12:24:13Z,ca63afe6af567ccda1d9f70e658758e45e13b06f,2026-09-30_DIRECTION_ACTION_SEPARATION_V4_0,UNTESTABLE,FROZEN_OFFICIAL_ARTIFACT,PENDING_KNOWLEDGE_TIME,UNKNOWN,UNKNOWN,UNAVAILABLE,NO_EDGE,04_MARKET_LEARNING/handlekompas/official/outcomes/2026/10/04/CMP-20261004-c4738bb5c8e8_12h.json,MATURED_ARTIFACT,OFFICIAL_DAILY_COMPASS_SCORING_v2,2026-10-04T06:00:00Z,2026-10-04T18:00:00Z,2026-10-04T18:00:00Z,2026-10-04T18:45:05Z,ABSTAINED,ABSTAINED,0.4051252584881704,0.15771465892813197,ABSTAINED,False,12.0,NOT_ASSIGNED,NOT_ESTABLISHED,V2_EXPLICIT_CLOSE,PASS,,
CMP-20261004-c4738bb5c8e8,72h,04_MARKET_LEARNING/handlekompas/official/daily/2026/10/04/CMP-20261004-c4738bb5c8e8.json,6318e6117735673c94d831866ca63dfe7e363b0fea05a9d39e5e145c1b0e95a9,True,2026-10-04T12:24:13Z,ca63afe6af567ccda1d9f70e658758e45e13b06f,2026-09-30_DIRECTION_ACTION_SEPARATION_V4_0,UNTESTABLE,FROZEN_OFFICIAL_ARTIFACT,PENDING_KNOWLEDGE_TIME,UNKNOWN,UNKNOWN,UNAVAILABLE,NO_EDGE,04_MARKET_LEARNING/handlekompas/official/outcomes/2026/10/04/CMP-20261004-c4738bb5c8e8_72h.json,MATURED_ARTIFACT,OFFICIAL_DAILY_COMPASS_SCORING_v2,2026-10-04T06:00:00Z,2026-10-07T06:00:00Z,2026-10-07T07:00:00Z,2026-10-07T09:01:59Z,ABSTAINED,ABSTAINED,-0.6129286069190831,-1.3789827590045767,ABSTAINED,False,73.0,NOT_ASSIGNED,NOT_ESTABLISHED,V2_EXPLICIT_CLOSE,PASS,,
CMP-20261004-c4738bb5c8e8,168h,04_MARKET_LEARNING/handlekompas/official/daily/2026/10/04/CMP-20261004-c4738bb5c8e8.json,6318e6117735673c94d831866ca63dfe7e363b0fea05a9d39e5e145c1b0e95a9,True,2026-10-04T12:24:13Z,ca63afe6af567ccda1d9f70e658758e45e13b06f,2026-09-30_DIRECTION_ACTION_SEPARATION_V4_0,UNTESTABLE,FROZEN_OFFICIAL_ARTIFACT,PENDING_KNOWLEDGE_TIME,UNKNOWN,UNKNOWN,UNAVAILABLE,NO_EDGE,,NO_OUTCOME_AT_SNAPSHOT,,,,,,,,,,,False,,NOT_ASSIGNED,NOT_ESTABLISHED,,,2026-10-11T06:00:00+00:00,NOT_DUE_OR_UNKNOWN
CMP-20261004-fa30c29c1831,12h,04_MARKET_LEARNING/handlekompas/official/daily/2026/10/04/CMP-20261004-fa30c29c1831.json,26bd927e1188bd1addfe9962c482cc9eaa03c34dbf1969746867bd095226775b,True,2026-10-04T21:36:58Z,826d9b15bc9d9df788d76d7e3ff2055715aa61e4,2026-09-30_DIRECTION_ACTION_SEPARATION_V4_0,UNTESTABLE,FROZEN_OFFICIAL_ARTIFACT,PENDING_KNOWLEDGE_TIME,UNKNOWN,UNKNOWN,MIXED,HOLD,04_MARKET_LEARNING/handlekompas/official/outcomes/2026/10/04/CMP-20261004-fa30c29c1831_12h.json,MATURED_ARTIFACT,OFFICIAL_DAILY_COMPASS_SCORING_v2,2026-10-04T20:00:00Z,2026-10-05T08:00:00Z,2026-10-05T09:00:00Z,2026-10-05T12:49:03Z,ABSTAINED,ABSTAINED,0.39749262536874497,0.17915044195377927,OPPORTUNITY_COST_OR_NEUTRAL,False,13.0,NOT_ASSIGNED,NOT_ESTABLISHED,V2_EXPLICIT_CLOSE,PASS,,
CMP-20261004-fa30c29c1831,72h,04_MARKET_LEARNING/handlekompas/official/daily/2026/10/04/CMP-20261004-fa30c29c1831.json,26bd927e1188bd1addfe9962c482cc9eaa03c34dbf1969746867bd095226775b,True,2026-10-04T21:36:58Z,826d9b15bc9d9df788d76d7e3ff2055715aa61e4,2026-09-30_DIRECTION_ACTION_SEPARATION_V4_0,UNTESTABLE,FROZEN_OFFICIAL_ARTIFACT,PENDING_KNOWLEDGE_TIME,UNKNOWN,UNKNOWN,MIXED,WAIT,04_MARKET_LEARNING/handlekompas/official/outcomes/2026/10/04/CMP-20261004-fa30c29c1831_72h.json,MATURED_ARTIFACT,OFFICIAL_DAILY_COMPASS_SCORING_v2,2026-10-04T20:00:00Z,2026-10-07T20:00:00Z,2026-10-07T20:00:00Z,2026-10-07T22:10:19Z,ABSTAINED,ABSTAINED,-2.390211640211648,-4.927377444811299,PROTECTIVE,False,72.0,NOT_ASSIGNED,NOT_ESTABLISHED,V2_EXPLICIT_CLOSE,PASS,,
CMP-20261004-fa30c29c1831,168h,04_MARKET_LEARNING/handlekompas/official/daily/2026/10/04/CMP-20261004-fa30c29c1831.json,26bd927e1188bd1addfe9962c482cc9eaa03c34dbf1969746867bd095226775b,True,2026-10-04T21:36:58Z,826d9b15bc9d9df788d76d7e3ff2055715aa61e4,2026-09-30_DIRECTION_ACTION_SEPARATION_V4_0,UNTESTABLE,FROZEN_OFFICIAL_ARTIFACT,PENDING_KNOWLEDGE_TIME,UNKNOWN,UNKNOWN,MIXED,WAIT,,NO_OUTCOME_AT_SNAPSHOT,,,,,,,,,,,False,,NOT_ASSIGNED,NOT_ESTABLISHED,,,2026-10-11T20:00:00+00:00,NOT_DUE_OR_UNKNOWN
CMP-20261005-0df80b150a91,12h,04_MARKET_LEARNING/handlekompas/official/daily/2026/10/05/CMP-20261005-0df80b150a91.json,c271b8e29365bf10ed7f33c423189be92f59f3048618b4919ef5d2af5625693d,True,2026-10-05T07:05:23Z,e505e23e9f9f1fef75e65f265ef0b43d119a267f,2026-09-30_DIRECTION_ACTION_SEPARATION_V4_0,UNTESTABLE,FROZEN_OFFICIAL_ARTIFACT,PENDING_KNOWLEDGE_TIME,UNKNOWN,UNKNOWN,DOWN,HOLD,04_MARKET_LEARNING/handlekompas/official/outcomes/2026/10/05/CMP-20261005-0df80b150a91_12h.json,MATURED_ARTIFACT,OFFICIAL_DAILY_COMPASS_SCORING_v2,2026-10-05T05:00:00Z,2026-10-05T17:00:00Z,2026-10-05T16:00:00Z,2026-10-05T22:50:00Z,INCORRECT,INCORRECT,0.12537115074675587,0.06289610673100299,OPPORTUNITY_COST_OR_NEUTRAL,False,11.0,NOT_ASSIGNED,NOT_ESTABLISHED,V2_EXPLICIT_CLOSE,PASS,,
CMP-20261005-0df80b150a91,72h,04_MARKET_LEARNING/handlekompas/official/daily/2026/10/05/CMP-20261005-0df80b150a91.json,c271b8e29365bf10ed7f33c423189be92f59f3048618b4919ef5d2af5625693d,True,2026-10-05T07:05:23Z,e505e23e9f9f1fef75e65f265ef0b43d119a267f,2026-09-30_DIRECTION_ACTION_SEPARATION_V4_0,UNTESTABLE,FROZEN_OFFICIAL_ARTIFACT,PENDING_KNOWLEDGE_TIME,UNKNOWN,UNKNOWN,MIXED,WAIT,,NO_OUTCOME_AT_SNAPSHOT,,,,,,,,,,,False,,NOT_ASSIGNED,NOT_ESTABLISHED,,,2026-10-08T05:00:00+00:00,PAST_REFERENCE_HORIZON_NOT_CAUSALLY_DIAGNOSED
CMP-20261005-0df80b150a91,168h,04_MARKET_LEARNING/handlekompas/official/daily/2026/10/05/CMP-20261005-0df80b150a91.json,c271b8e29365bf10ed7f33c423189be92f59f3048618b4919ef5d2af5625693d,True,2026-10-05T07:05:23Z,e505e23e9f9f1fef75e65f265ef0b43d119a267f,2026-09-30_DIRECTION_ACTION_SEPARATION_V4_0,UNTESTABLE,FROZEN_OFFICIAL_ARTIFACT,PENDING_KNOWLEDGE_TIME,UNKNOWN,UNKNOWN,MIXED,WAIT,,NO_OUTCOME_AT_SNAPSHOT,,,,,,,,,,,False,,NOT_ASSIGNED,NOT_ESTABLISHED,,,2026-10-12T05:00:00+00:00,NOT_DUE_OR_UNKNOWN
CMP-20261005-31c310c465d6,12h,04_MARKET_LEARNING/handlekompas/official/daily/2026/10/05/CMP-20261005-31c310c465d6.json,d0b3d120aa0b85738df5915fb318fa15f2696b923cd62ed7389345d6aa6f05c1,True,2026-10-05T12:44:41Z,9825df558f44d8b14bda2102e8bb0ac37f7f4150,2026-09-30_DIRECTION_ACTION_SEPARATION_V4_0,UNTESTABLE,FROZEN_OFFICIAL_ARTIFACT,PENDING_KNOWLEDGE_TIME,UNKNOWN,UNKNOWN,UNAVAILABLE,NO_EDGE,04_MARKET_LEARNING/handlekompas/official/outcomes/2026/10/05/CMP-20261005-31c310c465d6_12h.json,MATURED_ARTIFACT,OFFICIAL_DAILY_COMPASS_SCORING_v2,2026-10-05T09:00:00Z,2026-10-05T21:00:00Z,2026-10-05T22:00:00Z,2026-10-05T22:50:00Z,ABSTAINED,ABSTAINED,-0.6517265778148928,-0.3953963517704717,ABSTAINED,False,13.0,NOT_ASSIGNED,NOT_ESTABLISHED,V2_EXPLICIT_CLOSE,PASS,,
CMP-20261005-31c310c465d6,72h,04_MARKET_LEARNING/handlekompas/official/daily/2026/10/05/CMP-20261005-31c310c465d6.json,d0b3d120aa0b85738df5915fb318fa15f2696b923cd62ed7389345d6aa6f05c1,True,2026-10-05T12:44:41Z,9825df558f44d8b14bda2102e8bb0ac37f7f4150,2026-09-30_DIRECTION_ACTION_SEPARATION_V4_0,UNTESTABLE,FROZEN_OFFICIAL_ARTIFACT,PENDING_KNOWLEDGE_TIME,UNKNOWN,UNKNOWN,UNAVAILABLE,NO_EDGE,04_MARKET_LEARNING/handlekompas/official/outcomes/2026/10/05/CMP-20261005-31c310c465d6_72h.json,MATURED_ARTIFACT,OFFICIAL_DAILY_COMPASS_SCORING_v2,2026-10-05T09:00:00Z,2026-10-08T09:00:00Z,2026-10-08T08:00:00Z,2026-10-08T09:18:11Z,ABSTAINED,ABSTAINED,-3.6095045875816245,-5.265091940675859,ABSTAINED,False,71.0,NOT_ASSIGNED,NOT_ESTABLISHED,V2_EXPLICIT_CLOSE,PASS,,
CMP-20261005-31c310c465d6,168h,04_MARKET_LEARNING/handlekompas/official/daily/2026/10/05/CMP-20261005-31c310c465d6.json,d0b3d120aa0b85738df5915fb318fa15f2696b923cd62ed7389345d6aa6f05c1,True,2026-10-05T12:44:41Z,9825df558f44d8b14bda2102e8bb0ac37f7f4150,2026-09-30_DIRECTION_ACTION_SEPARATION_V4_0,UNTESTABLE,FROZEN_OFFICIAL_ARTIFACT,PENDING_KNOWLEDGE_TIME,UNKNOWN,UNKNOWN,UNAVAILABLE,NO_EDGE,,NO_OUTCOME_AT_SNAPSHOT,,,,,,,,,,,False,,NOT_ASSIGNED,NOT_ESTABLISHED,,,2026-10-12T09:00:00+00:00,NOT_DUE_OR_UNKNOWN
CMP-20261005-3799d4ee7d7e,12h,04_MARKET_LEARNING/handlekompas/official/daily/2026/10/05/CMP-20261005-3799d4ee7d7e.json,46e546be81b7a08e7eba2e55c368eba56c89a3ebbf7e02600399c1ec2c72db66,True,2026-10-05T07:04:34Z,348ca22b2d52bbaef059a8ab60a02e570d2ab6e6,2026-09-30_DIRECTION_ACTION_SEPARATION_V4_0,UNTESTABLE,FROZEN_OFFICIAL_ARTIFACT,PENDING_KNOWLEDGE_TIME,UNKNOWN,UNKNOWN,DOWN,HOLD,04_MARKET_LEARNING/handlekompas/official/outcomes/2026/10/05/CMP-20261005-3799d4ee7d7e_12h.json,MATURED_ARTIFACT,OFFICIAL_DAILY_COMPASS_SCORING_v2,2026-10-05T05:00:00Z,2026-10-05T17:00:00Z,2026-10-05T16:00:00Z,2026-10-05T22:50:00Z,INCORRECT,INCORRECT,0.12537115074675587,0.06289610673100299,OPPORTUNITY_COST_OR_NEUTRAL,False,11.0,NOT_ASSIGNED,NOT_ESTABLISHED,V2_EXPLICIT_CLOSE,PASS,,
CMP-20261005-3799d4ee7d7e,72h,04_MARKET_LEARNING/handlekompas/official/daily/2026/10/05/CMP-20261005-3799d4ee7d7e.json,46e546be81b7a08e7eba2e55c368eba56c89a3ebbf7e02600399c1ec2c72db66,True,2026-10-05T07:04:34Z,348ca22b2d52bbaef059a8ab60a02e570d2ab6e6,2026-09-30_DIRECTION_ACTION_SEPARATION_V4_0,UNTESTABLE,FROZEN_OFFICIAL_ARTIFACT,PENDING_KNOWLEDGE_TIME,UNKNOWN,UNKNOWN,MIXED,WAIT,,NO_OUTCOME_AT_SNAPSHOT,,,,,,,,,,,False,,NOT_ASSIGNED,NOT_ESTABLISHED,,,2026-10-08T05:00:00+00:00,PAST_REFERENCE_HORIZON_NOT_CAUSALLY_DIAGNOSED
CMP-20261005-3799d4ee7d7e,168h,04_MARKET_LEARNING/handlekompas/official/daily/2026/10/05/CMP-20261005-3799d4ee7d7e.json,46e546be81b7a08e7eba2e55c368eba56c89a3ebbf7e02600399c1ec2c72db66,True,2026-10-05T07:04:34Z,348ca22b2d52bbaef059a8ab60a02e570d2ab6e6,2026-09-30_DIRECTION_ACTION_SEPARATION_V4_0,UNTESTABLE,FROZEN_OFFICIAL_ARTIFACT,PENDING_KNOWLEDGE_TIME,UNKNOWN,UNKNOWN,MIXED,WAIT,,NO_OUTCOME_AT_SNAPSHOT,,,,,,,,,,,False,,NOT_ASSIGNED,NOT_ESTABLISHED,,,2026-10-12T05:00:00+00:00,NOT_DUE_OR_UNKNOWN
CMP-20261005-5fc92b1560b7,12h,04_MARKET_LEARNING/handlekompas/official/daily/2026/10/05/CMP-20261005-5fc92b1560b7.json,c0608ebee6ab797e0e975e964f88566a24a9bc5693b1f9dcd1b627a786d1c9cc,True,2026-10-05T14:39:23Z,673b33ec3be3eeca7e9cfb9d8b67c9ccc3460fec,2026-09-30_DIRECTION_ACTION_SEPARATION_V4_0,UNTESTABLE,FROZEN_OFFICIAL_ARTIFACT,PENDING_KNOWLEDGE_TIME,UNKNOWN,UNKNOWN,UP,HOLD,04_MARKET_LEARNING/handlekompas/official/outcomes/2026/10/05/CMP-20261005-5fc92b1560b7_12h.json,MATURED_ARTIFACT,OFFICIAL_DAILY_COMPASS_SCORING_v2,2026-10-05T14:00:00Z,2026-10-06T02:00:00Z,2026-10-06T02:00:00Z,2026-10-06T03:11:49Z,INCORRECT,INCORRECT,-0.5831172964738451,-0.25194097382899017,PROTECTIVE,True,12.0,NOT_ASSIGNED,NOT_ESTABLISHED,V2_EXPLICIT_CLOSE,PASS,,
CMP-20261005-5fc92b1560b7,72h,04_MARKET_LEARNING/handlekompas/official/daily/2026/10/05/CMP-20261005-5fc92b1560b7.json,c0608ebee6ab797e0e975e964f88566a24a9bc5693b1f9dcd1b627a786d1c9cc,True,2026-10-05T14:39:23Z,673b33ec3be3eeca7e9cfb9d8b67c9ccc3460fec,2026-09-30_DIRECTION_ACTION_SEPARATION_V4_0,UNTESTABLE,FROZEN_OFFICIAL_ARTIFACT,PENDING_KNOWLEDGE_TIME,UNKNOWN,UNKNOWN,MIXED,WAIT,04_MARKET_LEARNING/handlekompas/official/outcomes/2026/10/05/CMP-20261005-5fc92b1560b7_72h.json,MATURED_ARTIFACT,OFFICIAL_DAILY_COMPASS_SCORING_v2,2026-10-05T14:00:00Z,2026-10-08T14:00:00Z,2026-10-08T15:00:00Z,2026-10-08T16:45:04Z,ABSTAINED,ABSTAINED,-4.125739989154475,-5.978272845463972,PROTECTIVE,False,73.0,NOT_ASSIGNED,NOT_ESTABLISHED,V2_EXPLICIT_CLOSE,PASS,,
CMP-20261005-5fc92b1560b7,168h,04_MARKET_LEARNING/handlekompas/official/daily/2026/10/05/CMP-20261005-5fc92b1560b7.json,c0608ebee6ab797e0e975e964f88566a24a9bc5693b1f9dcd1b627a786d1c9cc,True,2026-10-05T14:39:23Z,673b33ec3be3eeca7e9cfb9d8b67c9ccc3460fec,2026-09-30_DIRECTION_ACTION_SEPARATION_V4_0,UNTESTABLE,FROZEN_OFFICIAL_ARTIFACT,PENDING_KNOWLEDGE_TIME,UNKNOWN,UNKNOWN,MIXED,WAIT,,NO_OUTCOME_AT_SNAPSHOT,,,,,,,,,,,False,,NOT_ASSIGNED,NOT_ESTABLISHED,,,2026-10-12T14:00:00+00:00,NOT_DUE_OR_UNKNOWN
CMP-20261005-950502db9e7f,12h,04_MARKET_LEARNING/handlekompas/official/daily/2026/10/05/CMP-20261005-950502db9e7f.json,41ce9dd190fdae4e14a2fb383606c36f887978ac25a919ec04f46f2a15a8f6a6,True,2026-10-05T14:43:23Z,9f6e97765f7a36d9cf37e1c6ba3e924d660db607,2026-09-30_DIRECTION_ACTION_SEPARATION_V4_0,UNTESTABLE,FROZEN_OFFICIAL_ARTIFACT,PENDING_KNOWLEDGE_TIME,UNKNOWN,UNKNOWN,UP,HOLD,04_MARKET_LEARNING/handlekompas/official/outcomes/2026/10/05/CMP-20261005-950502db9e7f_12h.json,MATURED_ARTIFACT,OFFICIAL_DAILY_COMPASS_SCORING_v2,2026-10-05T14:00:00Z,2026-10-06T02:00:00Z,2026-10-06T02:00:00Z,2026-10-06T03:11:49Z,INCORRECT,INCORRECT,-0.5831172964738451,-0.25194097382899017,PROTECTIVE,True,12.0,NOT_ASSIGNED,NOT_ESTABLISHED,V2_EXPLICIT_CLOSE,PASS,,
CMP-20261005-950502db9e7f,72h,04_MARKET_LEARNING/handlekompas/official/daily/2026/10/05/CMP-20261005-950502db9e7f.json,41ce9dd190fdae4e14a2fb383606c36f887978ac25a919ec04f46f2a15a8f6a6,True,2026-10-05T14:43:23Z,9f6e97765f7a36d9cf37e1c6ba3e924d660db607,2026-09-30_DIRECTION_ACTION_SEPARATION_V4_0,UNTESTABLE,FROZEN_OFFICIAL_ARTIFACT,PENDING_KNOWLEDGE_TIME,UNKNOWN,UNKNOWN,MIXED,WAIT,04_MARKET_LEARNING/handlekompas/official/outcomes/2026/10/05/CMP-20261005-950502db9e7f_72h.json,MATURED_ARTIFACT,OFFICIAL_DAILY_COMPASS_SCORING_v2,2026-10-05T14:00:00Z,2026-10-08T14:00:00Z,2026-10-08T15:00:00Z,2026-10-08T16:45:04Z,ABSTAINED,ABSTAINED,-4.125739989154475,-5.978272845463972,PROTECTIVE,False,73.0,NOT_ASSIGNED,NOT_ESTABLISHED,V2_EXPLICIT_CLOSE,PASS,,
CMP-20261005-950502db9e7f,168h,04_MARKET_LEARNING/handlekompas/official/daily/2026/10/05/CMP-20261005-950502db9e7f.json,41ce9dd190fdae4e14a2fb383606c36f887978ac25a919ec04f46f2a15a8f6a6,True,2026-10-05T14:43:23Z,9f6e97765f7a36d9cf37e1c6ba3e924d660db607,2026-09-30_DIRECTION_ACTION_SEPARATION_V4_0,UNTESTABLE,FROZEN_OFFICIAL_ARTIFACT,PENDING_KNOWLEDGE_TIME,UNKNOWN,UNKNOWN,MIXED,WAIT,,NO_OUTCOME_AT_SNAPSHOT,,,,,,,,,,,False,,NOT_ASSIGNED,NOT_ESTABLISHED,,,2026-10-12T14:00:00+00:00,NOT_DUE_OR_UNKNOWN
CMP-20261005-9e8f017fc105,12h,04_MARKET_LEARNING/handlekompas/official/daily/2026/10/05/CMP-20261005-9e8f017fc105.json,b6560dec54e80e25fcd787b0ed90f0b9b04c7a8dc322ab3ed4ad9ba5b1f44369,True,2026-10-05T22:05:20Z,75eb9600ba7c348178abdc350e1ee06e46b7e88c,2026-09-30_DIRECTION_ACTION_SEPARATION_V4_0,UNTESTABLE,FROZEN_OFFICIAL_ARTIFACT,PENDING_KNOWLEDGE_TIME,UNKNOWN,UNKNOWN,UP,HOLD,04_MARKET_LEARNING/handlekompas/official/outcomes/2026/10/05/CMP-20261005-9e8f017fc105_12h.json,MATURED_ARTIFACT,OFFICIAL_DAILY_COMPASS_SCORING_v2,2026-10-05T22:00:00Z,2026-10-06T10:00:00Z,2026-10-06T10:00:00Z,2026-10-06T10:38:31Z,CORRECT,INCORRECT,0.05005294419397899,-0.2667402501839611,OPPORTUNITY_COST_OR_NEUTRAL,False,12.0,NOT_ASSIGNED,NOT_ESTABLISHED,V2_EXPLICIT_CLOSE,PASS,,
CMP-20261005-9e8f017fc105,72h,04_MARKET_LEARNING/handlekompas/official/daily/2026/10/05/CMP-20261005-9e8f017fc105.json,b6560dec54e80e25fcd787b0ed90f0b9b04c7a8dc322ab3ed4ad9ba5b1f44369,True,2026-10-05T22:05:20Z,75eb9600ba7c348178abdc350e1ee06e46b7e88c,2026-09-30_DIRECTION_ACTION_SEPARATION_V4_0,UNTESTABLE,FROZEN_OFFICIAL_ARTIFACT,PENDING_KNOWLEDGE_TIME,UNKNOWN,UNKNOWN,MIXED,WAIT,04_MARKET_LEARNING/handlekompas/official/outcomes/2026/10/05/CMP-20261005-9e8f017fc105_72h.json,MATURED_ARTIFACT,OFFICIAL_DAILY_COMPASS_SCORING_v2,2026-10-05T22:00:00Z,2026-10-08T22:00:00Z,2026-10-08T22:00:00Z,2026-10-08T22:16:33Z,ABSTAINED,ABSTAINED,-4.927352840330068,-8.774834437086088,PROTECTIVE,False,72.0,NOT_ASSIGNED,NOT_ESTABLISHED,V2_EXPLICIT_CLOSE,PASS,,
CMP-20261005-9e8f017fc105,168h,04_MARKET_LEARNING/handlekompas/official/daily/2026/10/05/CMP-20261005-9e8f017fc105.json,b6560dec54e80e25fcd787b0ed90f0b9b04c7a8dc322ab3ed4ad9ba5b1f44369,True,2026-10-05T22:05:20Z,75eb9600ba7c348178abdc350e1ee06e46b7e88c,2026-09-30_DIRECTION_ACTION_SEPARATION_V4_0,UNTESTABLE,FROZEN_OFFICIAL_ARTIFACT,PENDING_KNOWLEDGE_TIME,UNKNOWN,UNKNOWN,MIXED,WAIT,,NO_OUTCOME_AT_SNAPSHOT,,,,,,,,,,,False,,NOT_ASSIGNED,NOT_ESTABLISHED,,,2026-10-12T22:00:00+00:00,NOT_DUE_OR_UNKNOWN
CMP-20261005-b55171670a5f,12h,04_MARKET_LEARNING/handlekompas/official/daily/2026/10/05/CMP-20261005-b55171670a5f.json,42cc5e3f0e069f2fa33132ee1e46debdaa1521a47cb2d7c491ed5459c979c4fc,True,2026-10-05T16:07:17Z,f7596c7d4d7ca2c214612b437ae478478be864ec,2026-09-30_DIRECTION_ACTION_SEPARATION_V4_0,UNTESTABLE,FROZEN_OFFICIAL_ARTIFACT,PENDING_KNOWLEDGE_TIME,UNKNOWN,UNKNOWN,DOWN,HOLD,,NO_OUTCOME_AT_SNAPSHOT,,,,,,,,,,,False,,NOT_ASSIGNED,NOT_ESTABLISHED,,,2026-10-06T04:00:00+00:00,PAST_REFERENCE_HORIZON_NOT_CAUSALLY_DIAGNOSED
CMP-20261005-b55171670a5f,72h,04_MARKET_LEARNING/handlekompas/official/daily/2026/10/05/CMP-20261005-b55171670a5f.json,42cc5e3f0e069f2fa33132ee1e46debdaa1521a47cb2d7c491ed5459c979c4fc,True,2026-10-05T16:07:17Z,f7596c7d4d7ca2c214612b437ae478478be864ec,2026-09-30_DIRECTION_ACTION_SEPARATION_V4_0,UNTESTABLE,FROZEN_OFFICIAL_ARTIFACT,PENDING_KNOWLEDGE_TIME,UNKNOWN,UNKNOWN,MIXED,WAIT,04_MARKET_LEARNING/handlekompas/official/outcomes/2026/10/05/CMP-20261005-b55171670a5f_72h.json,MATURED_ARTIFACT,OFFICIAL_DAILY_COMPASS_SCORING_v2,2026-10-05T16:00:00Z,2026-10-08T16:00:00Z,2026-10-08T16:00:00Z,2026-10-08T16:45:04Z,ABSTAINED,ABSTAINED,-4.962825047748442,-9.697726927255001,PROTECTIVE,False,72.0,NOT_ASSIGNED,NOT_ESTABLISHED,V2_EXPLICIT_CLOSE,PASS,,
CMP-20261005-b55171670a5f,168h,04_MARKET_LEARNING/handlekompas/official/daily/2026/10/05/CMP-20261005-b55171670a5f.json,42cc5e3f0e069f2fa33132ee1e46debdaa1521a47cb2d7c491ed5459c979c4fc,True,2026-10-05T16:07:17Z,f7596c7d4d7ca2c214612b437ae478478be864ec,2026-09-30_DIRECTION_ACTION_SEPARATION_V4_0,UNTESTABLE,FROZEN_OFFICIAL_ARTIFACT,PENDING_KNOWLEDGE_TIME,UNKNOWN,UNKNOWN,MIXED,WAIT,,NO_OUTCOME_AT_SNAPSHOT,,,,,,,,,,,False,,NOT_ASSIGNED,NOT_ESTABLISHED,,,2026-10-12T16:00:00+00:00,NOT_DUE_OR_UNKNOWN
CMP-20261005-f6d36e55080b,12h,04_MARKET_LEARNING/handlekompas/official/daily/2026/10/05/CMP-20261005-f6d36e55080b.json,6d7b1bf7cf4f4f764956b6c494c5ca6bb3b010acd5b6302ac283a7e910fee264,True,2026-10-05T05:41:30Z,267459c3fbf02afcdc77dc974802644bdecf3d25,2026-09-30_DIRECTION_ACTION_SEPARATION_V4_0,UNTESTABLE,FROZEN_OFFICIAL_ARTIFACT,PENDING_KNOWLEDGE_TIME,UNKNOWN,UNKNOWN,DOWN,HOLD,04_MARKET_LEARNING/handlekompas/official/outcomes/2026/10/05/CMP-20261005-f6d36e55080b_12h.json,MATURED_ARTIFACT,OFFICIAL_DAILY_COMPASS_SCORING_v2,2026-10-05T05:00:00Z,2026-10-05T17:00:00Z,2026-10-05T16:00:00Z,2026-10-05T22:50:00Z,INCORRECT,INCORRECT,0.12537115074675587,0.06289610673100299,OPPORTUNITY_COST_OR_NEUTRAL,False,11.0,NOT_ASSIGNED,NOT_ESTABLISHED,V2_EXPLICIT_CLOSE,PASS,,
CMP-20261005-f6d36e55080b,72h,04_MARKET_LEARNING/handlekompas/official/daily/2026/10/05/CMP-20261005-f6d36e55080b.json,6d7b1bf7cf4f4f764956b6c494c5ca6bb3b010acd5b6302ac283a7e910fee264,True,2026-10-05T05:41:30Z,267459c3fbf02afcdc77dc974802644bdecf3d25,2026-09-30_DIRECTION_ACTION_SEPARATION_V4_0,UNTESTABLE,FROZEN_OFFICIAL_ARTIFACT,PENDING_KNOWLEDGE_TIME,UNKNOWN,UNKNOWN,MIXED,WAIT,,NO_OUTCOME_AT_SNAPSHOT,,,,,,,,,,,False,,NOT_ASSIGNED,NOT_ESTABLISHED,,,2026-10-08T05:00:00+00:00,PAST_REFERENCE_HORIZON_NOT_CAUSALLY_DIAGNOSED
CMP-20261005-f6d36e55080b,168h,04_MARKET_LEARNING/handlekompas/official/daily/2026/10/05/CMP-20261005-f6d36e55080b.json,6d7b1bf7cf4f4f764956b6c494c5ca6bb3b010acd5b6302ac283a7e910fee264,True,2026-10-05T05:41:30Z,267459c3fbf02afcdc77dc974802644bdecf3d25,2026-09-30_DIRECTION_ACTION_SEPARATION_V4_0,UNTESTABLE,FROZEN_OFFICIAL_ARTIFACT,PENDING_KNOWLEDGE_TIME,UNKNOWN,UNKNOWN,MIXED,WAIT,,NO_OUTCOME_AT_SNAPSHOT,,,,,,,,,,,False,,NOT_ASSIGNED,NOT_ESTABLISHED,,,2026-10-12T05:00:00+00:00,NOT_DUE_OR_UNKNOWN
CMP-20261006-10948f959912,12h,04_MARKET_LEARNING/handlekompas/official/daily/2026/10/06/CMP-20261006-10948f959912.json,376a3926fac4d04f2d04ff4062c38b0d87b26ec55b61ab710933419ab25758bc,True,2026-10-06T02:21:54Z,534a16483388e45f036ae81b3b474621c1c2761a,2026-09-30_DIRECTION_ACTION_SEPARATION_V4_0,UNTESTABLE,FROZEN_OFFICIAL_ARTIFACT,PENDING_KNOWLEDGE_TIME,UNKNOWN,UNKNOWN,DOWN,HOLD,04_MARKET_LEARNING/handlekompas/official/outcomes/2026/10/06/CMP-20261006-10948f959912_12h.json,MATURED_ARTIFACT,OFFICIAL_DAILY_COMPASS_SCORING_v2,2026-10-06T02:00:00Z,2026-10-06T14:00:00Z,2026-10-06T14:00:00Z,2026-10-06T17:20:17Z,INCORRECT,INCORRECT,0.5699032974852525,0.22379130537542036,OPPORTUNITY_COST_OR_NEUTRAL,False,12.0,NOT_ASSIGNED,NOT_ESTABLISHED,V2_EXPLICIT_CLOSE,PASS,,
CMP-20261006-10948f959912,72h,04_MARKET_LEARNING/handlekompas/official/daily/2026/10/06/CMP-20261006-10948f959912.json,376a3926fac4d04f2d04ff4062c38b0d87b26ec55b61ab710933419ab25758bc,True,2026-10-06T02:21:54Z,534a16483388e45f036ae81b3b474621c1c2761a,2026-09-30_DIRECTION_ACTION_SEPARATION_V4_0,UNTESTABLE,FROZEN_OFFICIAL_ARTIFACT,PENDING_KNOWLEDGE_TIME,UNKNOWN,UNKNOWN,MIXED,WAIT,04_MARKET_LEARNING/handlekompas/official/outcomes/2026/10/06/CMP-20261006-10948f959912_72h.json,MATURED_ARTIFACT,OFFICIAL_DAILY_COMPASS_SCORING_v2,2026-10-06T02:00:00Z,2026-10-09T02:00:00Z,2026-10-09T02:00:00Z,2026-10-09T02:23:24Z,ABSTAINED,ABSTAINED,-4.403218810275655,-8.550231177157041,PROTECTIVE,False,72.0,NOT_ASSIGNED,NOT_ESTABLISHED,V2_EXPLICIT_CLOSE,PASS,,
CMP-20261006-10948f959912,168h,04_MARKET_LEARNING/handlekompas/official/daily/2026/10/06/CMP-20261006-10948f959912.json,376a3926fac4d04f2d04ff4062c38b0d87b26ec55b61ab710933419ab25758bc,True,2026-10-06T02:21:54Z,534a16483388e45f036ae81b3b474621c1c2761a,2026-09-30_DIRECTION_ACTION_SEPARATION_V4_0,UNTESTABLE,FROZEN_OFFICIAL_ARTIFACT,PENDING_KNOWLEDGE_TIME,UNKNOWN,UNKNOWN,MIXED,WAIT,,NO_OUTCOME_AT_SNAPSHOT,,,,,,,,,,,False,,NOT_ASSIGNED,NOT_ESTABLISHED,,,2026-10-13T02:00:00+00:00,NOT_DUE_OR_UNKNOWN
CMP-20261006-20283c63b619,12h,04_MARKET_LEARNING/handlekompas/official/daily/2026/10/06/CMP-20261006-20283c63b619.json,2ad4fa0ca0bef9319b89981c1f8dbf5af81bc0806c4a3a3ba9b1fba97c187532,True,2026-10-06T13:20:34Z,40729f8031890b4329c505db58328a882d522a52,2026-09-30_DIRECTION_ACTION_SEPARATION_V4_0,UNTESTABLE,FROZEN_OFFICIAL_ARTIFACT,PENDING_KNOWLEDGE_TIME,UNKNOWN,UNKNOWN,UNAVAILABLE,NO_EDGE,04_MARKET_LEARNING/handlekompas/official/outcomes/2026/10/06/CMP-20261006-20283c63b619_12h.json,MATURED_ARTIFACT,OFFICIAL_DAILY_COMPASS_SCORING_v2,2026-10-06T10:00:00Z,2026-10-06T22:00:00Z,2026-10-06T21:00:00Z,2026-10-07T01:42:43Z,ABSTAINED,ABSTAINED,-0.3169945672859553,-0.42313013003780764,ABSTAINED,False,11.0,NOT_ASSIGNED,NOT_ESTABLISHED,V2_EXPLICIT_CLOSE,PASS,,
CMP-20261006-20283c63b619,72h,04_MARKET_LEARNING/handlekompas/official/daily/2026/10/06/CMP-20261006-20283c63b619.json,2ad4fa0ca0bef9319b89981c1f8dbf5af81bc0806c4a3a3ba9b1fba97c187532,True,2026-10-06T13:20:34Z,40729f8031890b4329c505db58328a882d522a52,2026-09-30_DIRECTION_ACTION_SEPARATION_V4_0,UNTESTABLE,FROZEN_OFFICIAL_ARTIFACT,PENDING_KNOWLEDGE_TIME,UNKNOWN,UNKNOWN,UNAVAILABLE,NO_EDGE,04_MARKET_LEARNING/handlekompas/official/outcomes/2026/10/06/CMP-20261006-20283c63b619_72h.json,MATURED_ARTIFACT,OFFICIAL_DAILY_COMPASS_SCORING_v2,2026-10-06T10:00:00Z,2026-10-09T10:00:00Z,2026-10-09T09:00:00Z,2026-10-09T16:29:15Z,ABSTAINED,ABSTAINED,-4.5104306783851245,-8.15530757170525,ABSTAINED,False,71.0,NOT_ASSIGNED,NOT_ESTABLISHED,V2_EXPLICIT_CLOSE,PASS,,
CMP-20261006-20283c63b619,168h,04_MARKET_LEARNING/handlekompas/official/daily/2026/10/06/CMP-20261006-20283c63b619.json,2ad4fa0ca0bef9319b89981c1f8dbf5af81bc0806c4a3a3ba9b1fba97c187532,True,2026-10-06T13:20:34Z,40729f8031890b4329c505db58328a882d522a52,2026-09-30_DIRECTION_ACTION_SEPARATION_V4_0,UNTESTABLE,FROZEN_OFFICIAL_ARTIFACT,PENDING_KNOWLEDGE_TIME,UNKNOWN,UNKNOWN,UNAVAILABLE,NO_EDGE,,NO_OUTCOME_AT_SNAPSHOT,,,,,,,,,,,False,,NOT_ASSIGNED,NOT_ESTABLISHED,,,2026-10-13T10:00:00+00:00,NOT_DUE_OR_UNKNOWN
CMP-20261006-22fa358c8c80,12h,04_MARKET_LEARNING/handlekompas/official/daily/2026/10/06/CMP-20261006-22fa358c8c80.json,a274b5d090b2a2d8ceb401e97721fd9e8e00ba41649d84f03170e156a6ca3c9a,True,2026-10-06T10:20:16Z,7d4118dff7f86691f155c98ea83473740e1e681b,2026-09-30_DIRECTION_ACTION_SEPARATION_V4_0,UNTESTABLE,FROZEN_OFFICIAL_ARTIFACT,PENDING_KNOWLEDGE_TIME,UNKNOWN,UNKNOWN,UNAVAILABLE,NO_EDGE,04_MARKET_LEARNING/handlekompas/official/outcomes/2026/10/06/CMP-20261006-22fa358c8c80_12h.json,MATURED_ARTIFACT,OFFICIAL_DAILY_COMPASS_SCORING_v2,2026-10-06T10:00:00Z,2026-10-06T22:00:00Z,2026-10-06T21:00:00Z,2026-10-07T01:42:43Z,ABSTAINED,ABSTAINED,-0.3169945672859553,-0.42313013003780764,ABSTAINED,False,11.0,NOT_ASSIGNED,NOT_ESTABLISHED,V2_EXPLICIT_CLOSE,PASS,,
CMP-20261006-22fa358c8c80,72h,04_MARKET_LEARNING/handlekompas/official/daily/2026/10/06/CMP-20261006-22fa358c8c80.json,a274b5d090b2a2d8ceb401e97721fd9e8e00ba41649d84f03170e156a6ca3c9a,True,2026-10-06T10:20:16Z,7d4118dff7f86691f155c98ea83473740e1e681b,2026-09-30_DIRECTION_ACTION_SEPARATION_V4_0,UNTESTABLE,FROZEN_OFFICIAL_ARTIFACT,PENDING_KNOWLEDGE_TIME,UNKNOWN,UNKNOWN,UNAVAILABLE,NO_EDGE,04_MARKET_LEARNING/handlekompas/official/outcomes/2026/10/06/CMP-20261006-22fa358c8c80_72h.json,MATURED_ARTIFACT,OFFICIAL_DAILY_COMPASS_SCORING_v2,2026-10-06T10:00:00Z,2026-10-09T10:00:00Z,2026-10-09T09:00:00Z,2026-10-09T16:29:15Z,ABSTAINED,ABSTAINED,-4.5104306783851245,-8.15530757170525,ABSTAINED,False,71.0,NOT_ASSIGNED,NOT_ESTABLISHED,V2_EXPLICIT_CLOSE,PASS,,
CMP-20261006-22fa358c8c80,168h,04_MARKET_LEARNING/handlekompas/official/daily/2026/10/06/CMP-20261006-22fa358c8c80.json,a274b5d090b2a2d8ceb401e97721fd9e8e00ba41649d84f03170e156a6ca3c9a,True,2026-10-06T10:20:16Z,7d4118dff7f86691f155c98ea83473740e1e681b,2026-09-30_DIRECTION_ACTION_SEPARATION_V4_0,UNTESTABLE,FROZEN_OFFICIAL_ARTIFACT,PENDING_KNOWLEDGE_TIME,UNKNOWN,UNKNOWN,UNAVAILABLE,NO_EDGE,,NO_OUTCOME_AT_SNAPSHOT,,,,,,,,,,,False,,NOT_ASSIGNED,NOT_ESTABLISHED,,,2026-10-13T10:00:00+00:00,NOT_DUE_OR_UNKNOWN
CMP-20261006-2c2c359a4293,12h,04_MARKET_LEARNING/handlekompas/official/daily/2026/10/06/CMP-20261006-2c2c359a4293.json,3098c3ca711f8d214866762ccd02ec8c1d1c9a825284dfccadbc035a7f951c22,True,2026-10-06T00:08:35Z,33a5f3431509725cd2e14f07028e864954452e1e,2026-09-30_DIRECTION_ACTION_SEPARATION_V4_0,UNTESTABLE,FROZEN_OFFICIAL_ARTIFACT,PENDING_KNOWLEDGE_TIME,UNKNOWN,UNKNOWN,UNAVAILABLE,HOLD,04_MARKET_LEARNING/handlekompas/official/outcomes/2026/10/06/CMP-20261006-2c2c359a4293_12h.json,MATURED_ARTIFACT,OFFICIAL_DAILY_COMPASS_SCORING_v2,2026-10-05T22:00:00Z,2026-10-06T10:00:00Z,2026-10-06T10:00:00Z,2026-10-06T10:38:31Z,ABSTAINED,ABSTAINED,0.05005294419397899,-0.2667402501839611,OPPORTUNITY_COST_OR_NEUTRAL,False,12.0,NOT_ASSIGNED,NOT_ESTABLISHED,V2_EXPLICIT_CLOSE,PASS,,
CMP-20261006-2c2c359a4293,72h,04_MARKET_LEARNING/handlekompas/official/daily/2026/10/06/CMP-20261006-2c2c359a4293.json,3098c3ca711f8d214866762ccd02ec8c1d1c9a825284dfccadbc035a7f951c22,True,2026-10-06T00:08:35Z,33a5f3431509725cd2e14f07028e864954452e1e,2026-09-30_DIRECTION_ACTION_SEPARATION_V4_0,UNTESTABLE,FROZEN_OFFICIAL_ARTIFACT,PENDING_KNOWLEDGE_TIME,UNKNOWN,UNKNOWN,MIXED,WAIT,04_MARKET_LEARNING/handlekompas/official/outcomes/2026/10/06/CMP-20261006-2c2c359a4293_72h.json,MATURED_ARTIFACT,OFFICIAL_DAILY_COMPASS_SCORING_v2,2026-10-05T22:00:00Z,2026-10-08T22:00:00Z,2026-10-08T22:00:00Z,2026-10-08T22:16:33Z,ABSTAINED,ABSTAINED,-4.927352840330068,-8.774834437086088,PROTECTIVE,False,72.0,NOT_ASSIGNED,NOT_ESTABLISHED,V2_EXPLICIT_CLOSE,PASS,,
CMP-20261006-2c2c359a4293,168h,04_MARKET_LEARNING/handlekompas/official/daily/2026/10/06/CMP-20261006-2c2c359a4293.json,3098c3ca711f8d214866762ccd02ec8c1d1c9a825284dfccadbc035a7f951c22,True,2026-10-06T00:08:35Z,33a5f3431509725cd2e14f07028e864954452e1e,2026-09-30_DIRECTION_ACTION_SEPARATION_V4_0,UNTESTABLE,FROZEN_OFFICIAL_ARTIFACT,PENDING_KNOWLEDGE_TIME,UNKNOWN,UNKNOWN,MIXED,WAIT,,NO_OUTCOME_AT_SNAPSHOT,,,,,,,,,,,False,,NOT_ASSIGNED,NOT_ESTABLISHED,,,2026-10-12T22:00:00+00:00,NOT_DUE_OR_UNKNOWN
CMP-20261006-607036111a92,12h,04_MARKET_LEARNING/handlekompas/official/daily/2026/10/06/CMP-20261006-607036111a92.json,80f0da2b5373255f49ec88acdb4fcc4b036262b1680e17764c63a6ed10c2d22f,True,2026-10-06T16:14:15Z,c975805edd2cee7a69641a560a9e2bdfe811552b,2026-09-30_DIRECTION_ACTION_SEPARATION_V4_0,UNTESTABLE,FROZEN_OFFICIAL_ARTIFACT,PENDING_KNOWLEDGE_TIME,UNKNOWN,UNKNOWN,DOWN,HOLD,,NO_OUTCOME_AT_SNAPSHOT,,,,,,,,,,,False,,NOT_ASSIGNED,NOT_ESTABLISHED,,,2026-10-07T04:00:00+00:00,PAST_REFERENCE_HORIZON_NOT_CAUSALLY_DIAGNOSED
CMP-20261006-607036111a92,72h,04_MARKET_LEARNING/handlekompas/official/daily/2026/10/06/CMP-20261006-607036111a92.json,80f0da2b5373255f49ec88acdb4fcc4b036262b1680e17764c63a6ed10c2d22f,True,2026-10-06T16:14:15Z,c975805edd2cee7a69641a560a9e2bdfe811552b,2026-09-30_DIRECTION_ACTION_SEPARATION_V4_0,UNTESTABLE,FROZEN_OFFICIAL_ARTIFACT,PENDING_KNOWLEDGE_TIME,UNKNOWN,UNKNOWN,MIXED,WAIT,04_MARKET_LEARNING/handlekompas/official/outcomes/2026/10/06/CMP-20261006-607036111a92_72h.json,MATURED_ARTIFACT,OFFICIAL_DAILY_COMPASS_SCORING_v2,2026-10-06T16:00:00Z,2026-10-09T16:00:00Z,2026-10-09T16:00:00Z,2026-10-09T16:29:15Z,ABSTAINED,ABSTAINED,-3.5728147185071557,-7.3944131100946,PROTECTIVE,False,72.0,NOT_ASSIGNED,NOT_ESTABLISHED,V2_EXPLICIT_CLOSE,PASS,,
CMP-20261006-607036111a92,168h,04_MARKET_LEARNING/handlekompas/official/daily/2026/10/06/CMP-20261006-607036111a92.json,80f0da2b5373255f49ec88acdb4fcc4b036262b1680e17764c63a6ed10c2d22f,True,2026-10-06T16:14:15Z,c975805edd2cee7a69641a560a9e2bdfe811552b,2026-09-30_DIRECTION_ACTION_SEPARATION_V4_0,UNTESTABLE,FROZEN_OFFICIAL_ARTIFACT,PENDING_KNOWLEDGE_TIME,UNKNOWN,UNKNOWN,MIXED,WAIT,,NO_OUTCOME_AT_SNAPSHOT,,,,,,,,,,,False,,NOT_ASSIGNED,NOT_ESTABLISHED,,,2026-10-13T16:00:00+00:00,NOT_DUE_OR_UNKNOWN
CMP-20261006-627e461586fd,12h,04_MARKET_LEARNING/handlekompas/official/daily/2026/10/06/CMP-20261006-627e461586fd.json,bb38e2eb5674c672359825ee449fd95b0fec990d43196d8e75456106667da7a2,True,2026-10-06T14:37:16Z,5b5d5fd652b9d5277c25c46edcacdf89de23ea14,2026-09-30_DIRECTION_ACTION_SEPARATION_V4_0,UNTESTABLE,FROZEN_OFFICIAL_ARTIFACT,PENDING_KNOWLEDGE_TIME,UNKNOWN,UNKNOWN,UP,HOLD,04_MARKET_LEARNING/handlekompas/official/outcomes/2026/10/06/CMP-20261006-627e461586fd_12h.json,MATURED_ARTIFACT,OFFICIAL_DAILY_COMPASS_SCORING_v2,2026-10-06T14:00:00Z,2026-10-07T02:00:00Z,2026-10-07T01:00:00Z,2026-10-07T09:01:59Z,INCORRECT,INCORRECT,-0.9082061873631697,-0.6578777732347718,PROTECTIVE,True,11.0,NOT_ASSIGNED,NOT_ESTABLISHED,V2_EXPLICIT_CLOSE,PASS,,
CMP-20261006-627e461586fd,72h,04_MARKET_LEARNING/handlekompas/official/daily/2026/10/06/CMP-20261006-627e461586fd.json,bb38e2eb5674c672359825ee449fd95b0fec990d43196d8e75456106667da7a2,True,2026-10-06T14:37:16Z,5b5d5fd652b9d5277c25c46edcacdf89de23ea14,2026-09-30_DIRECTION_ACTION_SEPARATION_V4_0,UNTESTABLE,FROZEN_OFFICIAL_ARTIFACT,PENDING_KNOWLEDGE_TIME,UNKNOWN,UNKNOWN,MIXED,WAIT,,NO_OUTCOME_AT_SNAPSHOT,,,,,,,,,,,False,,NOT_ASSIGNED,NOT_ESTABLISHED,,,2026-10-09T14:00:00+00:00,PAST_REFERENCE_HORIZON_NOT_CAUSALLY_DIAGNOSED
CMP-20261006-627e461586fd,168h,04_MARKET_LEARNING/handlekompas/official/daily/2026/10/06/CMP-20261006-627e461586fd.json,bb38e2eb5674c672359825ee449fd95b0fec990d43196d8e75456106667da7a2,True,2026-10-06T14:37:16Z,5b5d5fd652b9d5277c25c46edcacdf89de23ea14,2026-09-30_DIRECTION_ACTION_SEPARATION_V4_0,UNTESTABLE,FROZEN_OFFICIAL_ARTIFACT,PENDING_KNOWLEDGE_TIME,UNKNOWN,UNKNOWN,MIXED,WAIT,,NO_OUTCOME_AT_SNAPSHOT,,,,,,,,,,,False,,NOT_ASSIGNED,NOT_ESTABLISHED,,,2026-10-13T14:00:00+00:00,NOT_DUE_OR_UNKNOWN
CMP-20261006-788a3bdc1ec6,12h,04_MARKET_LEARNING/handlekompas/official/daily/2026/10/06/CMP-20261006-788a3bdc1ec6.json,31390c765194cef460f3836936bb19ac254c02b054ac190c985b92584aa95b69,True,2026-10-06T21:11:52Z,ad33edd00aa4983a606e46aff0441e8d673f9ebb,2026-09-30_DIRECTION_ACTION_SEPARATION_V4_0,UNTESTABLE,FROZEN_OFFICIAL_ARTIFACT,PENDING_KNOWLEDGE_TIME,UNKNOWN,UNKNOWN,UP,HOLD,04_MARKET_LEARNING/handlekompas/official/outcomes/2026/10/06/CMP-20261006-788a3bdc1ec6_12h.json,MATURED_ARTIFACT,OFFICIAL_DAILY_COMPASS_SCORING_v2,2026-10-06T21:00:00Z,2026-10-07T09:00:00Z,2026-10-07T08:00:00Z,2026-10-07T09:01:59Z,INCORRECT,INCORRECT,-1.7126689071001233,-3.043958405905589,PROTECTIVE,True,11.0,NOT_ASSIGNED,NOT_ESTABLISHED,V2_EXPLICIT_CLOSE,PASS,,
CMP-20261006-788a3bdc1ec6,72h,04_MARKET_LEARNING/handlekompas/official/daily/2026/10/06/CMP-20261006-788a3bdc1ec6.json,31390c765194cef460f3836936bb19ac254c02b054ac190c985b92584aa95b69,True,2026-10-06T21:11:52Z,ad33edd00aa4983a606e46aff0441e8d673f9ebb,2026-09-30_DIRECTION_ACTION_SEPARATION_V4_0,UNTESTABLE,FROZEN_OFFICIAL_ARTIFACT,PENDING_KNOWLEDGE_TIME,UNKNOWN,UNKNOWN,MIXED,WAIT,04_MARKET_LEARNING/handlekompas/official/outcomes/2026/10/06/CMP-20261006-788a3bdc1ec6_72h.json,MATURED_ARTIFACT,OFFICIAL_DAILY_COMPASS_SCORING_v2,2026-10-06T21:00:00Z,2026-10-09T21:00:00Z,2026-10-09T21:00:00Z,2026-10-09T21:49:02Z,ABSTAINED,ABSTAINED,-3.617975688053743,-7.9764013548468515,PROTECTIVE,False,72.0,NOT_ASSIGNED,NOT_ESTABLISHED,V2_EXPLICIT_CLOSE,PASS,,
CMP-20261006-788a3bdc1ec6,168h,04_MARKET_LEARNING/handlekompas/official/daily/2026/10/06/CMP-20261006-788a3bdc1ec6.json,31390c765194cef460f3836936bb19ac254c02b054ac190c985b92584aa95b69,True,2026-10-06T21:11:52Z,ad33edd00aa4983a606e46aff0441e8d673f9ebb,2026-09-30_DIRECTION_ACTION_SEPARATION_V4_0,UNTESTABLE,FROZEN_OFFICIAL_ARTIFACT,PENDING_KNOWLEDGE_TIME,UNKNOWN,UNKNOWN,MIXED,WAIT,,NO_OUTCOME_AT_SNAPSHOT,,,,,,,,,,,False,,NOT_ASSIGNED,NOT_ESTABLISHED,,,2026-10-13T21:00:00+00:00,NOT_DUE_OR_UNKNOWN
CMP-20261006-7fb7d1ea99be,12h,04_MARKET_LEARNING/handlekompas/official/daily/2026/10/06/CMP-20261006-7fb7d1ea99be.json,2050d77208e7f5a331f47efadc1c6e48de486af56e8226291366086d7aae0a0c,True,2026-10-06T08:25:27Z,7d1f0ba3f1ce0cf2d514da78064f0afd575e262c,2026-09-30_DIRECTION_ACTION_SEPARATION_V4_0,UNTESTABLE,FROZEN_OFFICIAL_ARTIFACT,PENDING_KNOWLEDGE_TIME,UNKNOWN,UNKNOWN,UP,HOLD,04_MARKET_LEARNING/handlekompas/official/outcomes/2026/10/06/CMP-20261006-7fb7d1ea99be_12h.json,MATURED_ARTIFACT,OFFICIAL_DAILY_COMPASS_SCORING_v2,2026-10-06T08:00:00Z,2026-10-06T20:00:00Z,2026-10-06T21:00:00Z,2026-10-06T21:47:19Z,CORRECT,INCORRECT,0.19218046870435046,-0.31059685562231376,OPPORTUNITY_COST_OR_NEUTRAL,False,13.0,NOT_ASSIGNED,NOT_ESTABLISHED,V2_EXPLICIT_CLOSE,PASS,,
CMP-20261006-7fb7d1ea99be,72h,04_MARKET_LEARNING/handlekompas/official/daily/2026/10/06/CMP-20261006-7fb7d1ea99be.json,2050d77208e7f5a331f47efadc1c6e48de486af56e8226291366086d7aae0a0c,True,2026-10-06T08:25:27Z,7d1f0ba3f1ce0cf2d514da78064f0afd575e262c,2026-09-30_DIRECTION_ACTION_SEPARATION_V4_0,UNTESTABLE,FROZEN_OFFICIAL_ARTIFACT,PENDING_KNOWLEDGE_TIME,UNKNOWN,UNKNOWN,MIXED,WAIT,04_MARKET_LEARNING/handlekompas/official/outcomes/2026/10/06/CMP-20261006-7fb7d1ea99be_72h.json,MATURED_ARTIFACT,OFFICIAL_DAILY_COMPASS_SCORING_v2,2026-10-06T08:00:00Z,2026-10-09T08:00:00Z,2026-10-09T09:00:00Z,2026-10-09T09:26:29Z,ABSTAINED,ABSTAINED,-4.0226754719186575,-8.051512543902739,PROTECTIVE,False,73.0,NOT_ASSIGNED,NOT_ESTABLISHED,V2_EXPLICIT_CLOSE,PASS,,
CMP-20261006-7fb7d1ea99be,168h,04_MARKET_LEARNING/handlekompas/official/daily/2026/10/06/CMP-20261006-7fb7d1ea99be.json,2050d77208e7f5a331f47efadc1c6e48de486af56e8226291366086d7aae0a0c,True,2026-10-06T08:25:27Z,7d1f0ba3f1ce0cf2d514da78064f0afd575e262c,2026-09-30_DIRECTION_ACTION_SEPARATION_V4_0,UNTESTABLE,FROZEN_OFFICIAL_ARTIFACT,PENDING_KNOWLEDGE_TIME,UNKNOWN,UNKNOWN,MIXED,WAIT,,NO_OUTCOME_AT_SNAPSHOT,,,,,,,,,,,False,,NOT_ASSIGNED,NOT_ESTABLISHED,,,2026-10-13T08:00:00+00:00,NOT_DUE_OR_UNKNOWN
CMP-20261006-ad5c9ee19afa,12h,04_MARKET_LEARNING/handlekompas/official/daily/2026/10/06/CMP-20261006-ad5c9ee19afa.json,2e0b2dd610330f1cde231affdbc24e29e2cbebfbeafda9459d17e1e8ad9fe5a5,True,2026-10-06T11:23:18Z,4509db7d00fad4a619613965ecbf3c1553ea6018,2026-09-30_DIRECTION_ACTION_SEPARATION_V4_0,UNTESTABLE,FROZEN_OFFICIAL_ARTIFACT,PENDING_KNOWLEDGE_TIME,UNKNOWN,UNKNOWN,UNAVAILABLE,HOLD,04_MARKET_LEARNING/handlekompas/official/outcomes/2026/10/06/CMP-20261006-ad5c9ee19afa_12h.json,MATURED_ARTIFACT,OFFICIAL_DAILY_COMPASS_SCORING_v2,2026-10-06T10:00:00Z,2026-10-06T22:00:00Z,2026-10-06T21:00:00Z,2026-10-07T01:42:43Z,ABSTAINED,ABSTAINED,-0.3169945672859553,-0.42313013003780764,PROTECTIVE,True,11.0,NOT_ASSIGNED,NOT_ESTABLISHED,V2_EXPLICIT_CLOSE,PASS,,
CMP-20261006-ad5c9ee19afa,72h,04_MARKET_LEARNING/handlekompas/official/daily/2026/10/06/CMP-20261006-ad5c9ee19afa.json,2e0b2dd610330f1cde231affdbc24e29e2cbebfbeafda9459d17e1e8ad9fe5a5,True,2026-10-06T11:23:18Z,4509db7d00fad4a619613965ecbf3c1553ea6018,2026-09-30_DIRECTION_ACTION_SEPARATION_V4_0,UNTESTABLE,FROZEN_OFFICIAL_ARTIFACT,PENDING_KNOWLEDGE_TIME,UNKNOWN,UNKNOWN,MIXED,WAIT,04_MARKET_LEARNING/handlekompas/official/outcomes/2026/10/06/CMP-20261006-ad5c9ee19afa_72h.json,MATURED_ARTIFACT,OFFICIAL_DAILY_COMPASS_SCORING_v2,2026-10-06T10:00:00Z,2026-10-09T10:00:00Z,2026-10-09T09:00:00Z,2026-10-09T16:29:15Z,ABSTAINED,ABSTAINED,-4.5104306783851245,-8.15530757170525,PROTECTIVE,False,71.0,NOT_ASSIGNED,NOT_ESTABLISHED,V2_EXPLICIT_CLOSE,PASS,,
CMP-20261006-ad5c9ee19afa,168h,04_MARKET_LEARNING/handlekompas/official/daily/2026/10/06/CMP-20261006-ad5c9ee19afa.json,2e0b2dd610330f1cde231affdbc24e29e2cbebfbeafda9459d17e1e8ad9fe5a5,True,2026-10-06T11:23:18Z,4509db7d00fad4a619613965ecbf3c1553ea6018,2026-09-30_DIRECTION_ACTION_SEPARATION_V4_0,UNTESTABLE,FROZEN_OFFICIAL_ARTIFACT,PENDING_KNOWLEDGE_TIME,UNKNOWN,UNKNOWN,MIXED,WAIT,,NO_OUTCOME_AT_SNAPSHOT,,,,,,,,,,,False,,NOT_ASSIGNED,NOT_ESTABLISHED,,,2026-10-13T10:00:00+00:00,NOT_DUE_OR_UNKNOWN
CMP-20261007-0b2144f13afd,12h,04_MARKET_LEARNING/handlekompas/official/daily/2026/10/07/CMP-20261007-0b2144f13afd.json,2e8514b8f1f1fbedcae816a77e57ef479b251bf3bbfd54d35e57e6ecb638db1a,True,2026-10-07T22:34:21Z,2f82befa09d5a5596415a4d26e7d74a40654f99a,2026-09-30_DIRECTION_ACTION_SEPARATION_V4_0,UNTESTABLE,FROZEN_OFFICIAL_ARTIFACT,PENDING_KNOWLEDGE_TIME,UNKNOWN,UNKNOWN,UNAVAILABLE,HOLD,04_MARKET_LEARNING/handlekompas/official/outcomes/2026/10/07/CMP-20261007-0b2144f13afd_12h.json,MATURED_ARTIFACT,OFFICIAL_DAILY_COMPASS_SCORING_v2,2026-10-07T21:00:00Z,2026-10-08T09:00:00Z,2026-10-08T08:00:00Z,2026-10-08T09:18:11Z,ABSTAINED,ABSTAINED,-0.3988876691332077,0.13672451563786492,PROTECTIVE,True,11.0,NOT_ASSIGNED,NOT_ESTABLISHED,V2_EXPLICIT_CLOSE,PASS,,
CMP-20261007-0b2144f13afd,72h,04_MARKET_LEARNING/handlekompas/official/daily/2026/10/07/CMP-20261007-0b2144f13afd.json,2e8514b8f1f1fbedcae816a77e57ef479b251bf3bbfd54d35e57e6ecb638db1a,True,2026-10-07T22:34:21Z,2f82befa09d5a5596415a4d26e7d74a40654f99a,2026-09-30_DIRECTION_ACTION_SEPARATION_V4_0,UNTESTABLE,FROZEN_OFFICIAL_ARTIFACT,PENDING_KNOWLEDGE_TIME,UNKNOWN,UNKNOWN,MIXED,WAIT,,NO_OUTCOME_AT_SNAPSHOT,,,,,,,,,,,False,,NOT_ASSIGNED,NOT_ESTABLISHED,,,2026-10-10T21:00:00+00:00,NOT_DUE_OR_UNKNOWN
CMP-20261007-0b2144f13afd,168h,04_MARKET_LEARNING/handlekompas/official/daily/2026/10/07/CMP-20261007-0b2144f13afd.json,2e8514b8f1f1fbedcae816a77e57ef479b251bf3bbfd54d35e57e6ecb638db1a,True,2026-10-07T22:34:21Z,2f82befa09d5a5596415a4d26e7d74a40654f99a,2026-09-30_DIRECTION_ACTION_SEPARATION_V4_0,UNTESTABLE,FROZEN_OFFICIAL_ARTIFACT,PENDING_KNOWLEDGE_TIME,UNKNOWN,UNKNOWN,MIXED,WAIT,,NO_OUTCOME_AT_SNAPSHOT,,,,,,,,,,,False,,NOT_ASSIGNED,NOT_ESTABLISHED,,,2026-10-14T21:00:00+00:00,NOT_DUE_OR_UNKNOWN
CMP-20261007-38128ce3656b,12h,04_MARKET_LEARNING/handlekompas/official/daily/2026/10/07/CMP-20261007-38128ce3656b.json,fa94f2b72e55a20db563bc069edcccf51c16bfebb8adf193a6789590fb643281,True,2026-10-07T20:09:51Z,e9930bdb60551c71e2df2a18376fc052e45fe685,2026-09-30_DIRECTION_ACTION_SEPARATION_V4_0,UNTESTABLE,FROZEN_OFFICIAL_ARTIFACT,PENDING_KNOWLEDGE_TIME,UNKNOWN,UNKNOWN,MIXED,HOLD,04_MARKET_LEARNING/handlekompas/official/outcomes/2026/10/07/CMP-20261007-38128ce3656b_12h.json,MATURED_ARTIFACT,OFFICIAL_DAILY_COMPASS_SCORING_v2,2026-10-07T20:00:00Z,2026-10-08T08:00:00Z,2026-10-08T08:00:00Z,2026-10-08T09:18:11Z,ABSTAINED,ABSTAINED,-0.4020750124528405,0.27031336903802217,PROTECTIVE,True,12.0,NOT_ASSIGNED,NOT_ESTABLISHED,V2_EXPLICIT_CLOSE,PASS,,
CMP-20261007-38128ce3656b,72h,04_MARKET_LEARNING/handlekompas/official/daily/2026/10/07/CMP-20261007-38128ce3656b.json,fa94f2b72e55a20db563bc069edcccf51c16bfebb8adf193a6789590fb643281,True,2026-10-07T20:09:51Z,e9930bdb60551c71e2df2a18376fc052e45fe685,2026-09-30_DIRECTION_ACTION_SEPARATION_V4_0,UNTESTABLE,FROZEN_OFFICIAL_ARTIFACT,PENDING_KNOWLEDGE_TIME,UNKNOWN,UNKNOWN,MIXED,WAIT,,NO_OUTCOME_AT_SNAPSHOT,,,,,,,,,,,False,,NOT_ASSIGNED,NOT_ESTABLISHED,,,2026-10-10T20:00:00+00:00,NOT_DUE_OR_UNKNOWN
CMP-20261007-38128ce3656b,168h,04_MARKET_LEARNING/handlekompas/official/daily/2026/10/07/CMP-20261007-38128ce3656b.json,fa94f2b72e55a20db563bc069edcccf51c16bfebb8adf193a6789590fb643281,True,2026-10-07T20:09:51Z,e9930bdb60551c71e2df2a18376fc052e45fe685,2026-09-30_DIRECTION_ACTION_SEPARATION_V4_0,UNTESTABLE,FROZEN_OFFICIAL_ARTIFACT,PENDING_KNOWLEDGE_TIME,UNKNOWN,UNKNOWN,MIXED,WAIT,,NO_OUTCOME_AT_SNAPSHOT,,,,,,,,,,,False,,NOT_ASSIGNED,NOT_ESTABLISHED,,,2026-10-14T20:00:00+00:00,NOT_DUE_OR_UNKNOWN
CMP-20261007-42a5e22248cb,12h,04_MARKET_LEARNING/handlekompas/official/daily/2026/10/07/CMP-20261007-42a5e22248cb.json,1624513484bd0493c6bd3882ecd2dd54d2089ac67f45e086c6f13d850e330ad4,True,2026-10-07T00:57:10Z,fb7ff9560b3e7d856813eac7708cd3dd0af448dc,2026-09-30_DIRECTION_ACTION_SEPARATION_V4_0,UNTESTABLE,FROZEN_OFFICIAL_ARTIFACT,PENDING_KNOWLEDGE_TIME,UNKNOWN,UNKNOWN,DOWN,HOLD,,NO_OUTCOME_AT_SNAPSHOT,,,,,,,,,,,False,,NOT_ASSIGNED,NOT_ESTABLISHED,,,2026-10-07T12:00:00+00:00,PAST_REFERENCE_HORIZON_NOT_CAUSALLY_DIAGNOSED
CMP-20261007-42a5e22248cb,72h,04_MARKET_LEARNING/handlekompas/official/daily/2026/10/07/CMP-20261007-42a5e22248cb.json,1624513484bd0493c6bd3882ecd2dd54d2089ac67f45e086c6f13d850e330ad4,True,2026-10-07T00:57:10Z,fb7ff9560b3e7d856813eac7708cd3dd0af448dc,2026-09-30_DIRECTION_ACTION_SEPARATION_V4_0,UNTESTABLE,FROZEN_OFFICIAL_ARTIFACT,PENDING_KNOWLEDGE_TIME,UNKNOWN,UNKNOWN,MIXED,WAIT,04_MARKET_LEARNING/handlekompas/official/outcomes/2026/10/07/CMP-20261007-42a5e22248cb_72h.json,MATURED_ARTIFACT,OFFICIAL_DAILY_COMPASS_SCORING_v2,2026-10-07T00:00:00Z,2026-10-10T00:00:00Z,2026-10-10T00:00:00Z,2026-10-10T01:51:11Z,ABSTAINED,ABSTAINED,-3.5220952255600846,-7.865830827917797,PROTECTIVE,False,72.0,NOT_ASSIGNED,NOT_ESTABLISHED,V2_EXPLICIT_CLOSE,PASS,,
CMP-20261007-42a5e22248cb,168h,04_MARKET_LEARNING/handlekompas/official/daily/2026/10/07/CMP-20261007-42a5e22248cb.json,1624513484bd0493c6bd3882ecd2dd54d2089ac67f45e086c6f13d850e330ad4,True,2026-10-07T00:57:10Z,fb7ff9560b3e7d856813eac7708cd3dd0af448dc,2026-09-30_DIRECTION_ACTION_SEPARATION_V4_0,UNTESTABLE,FROZEN_OFFICIAL_ARTIFACT,PENDING_KNOWLEDGE_TIME,UNKNOWN,UNKNOWN,MIXED,WAIT,,NO_OUTCOME_AT_SNAPSHOT,,,,,,,,,,,False,,NOT_ASSIGNED,NOT_ESTABLISHED,,,2026-10-14T00:00:00+00:00,NOT_DUE_OR_UNKNOWN
CMP-20261007-588ceb095f06,12h,04_MARKET_LEARNING/handlekompas/official/daily/2026/10/07/CMP-20261007-588ceb095f06.json,484a033527f4075003329eb60866f71bbd9dfa6775679773b169905d4ff92bbb,True,2026-10-07T16:39:45Z,085b3d3f0a2314f3de010c6622d97c087e5f6d95,2026-09-30_DIRECTION_ACTION_SEPARATION_V4_0,UNTESTABLE,FROZEN_OFFICIAL_ARTIFACT,PENDING_KNOWLEDGE_TIME,UNKNOWN,UNKNOWN,UP,HOLD,,NO_OUTCOME_AT_SNAPSHOT,,,,,,,,,,,False,,NOT_ASSIGNED,NOT_ESTABLISHED,,,2026-10-08T04:00:00+00:00,PAST_REFERENCE_HORIZON_NOT_CAUSALLY_DIAGNOSED
CMP-20261007-588ceb095f06,72h,04_MARKET_LEARNING/handlekompas/official/daily/2026/10/07/CMP-20261007-588ceb095f06.json,484a033527f4075003329eb60866f71bbd9dfa6775679773b169905d4ff92bbb,True,2026-10-07T16:39:45Z,085b3d3f0a2314f3de010c6622d97c087e5f6d95,2026-09-30_DIRECTION_ACTION_SEPARATION_V4_0,UNTESTABLE,FROZEN_OFFICIAL_ARTIFACT,PENDING_KNOWLEDGE_TIME,UNKNOWN,UNKNOWN,MIXED,WAIT,,NO_OUTCOME_AT_SNAPSHOT,,,,,,,,,,,False,,NOT_ASSIGNED,NOT_ESTABLISHED,,,2026-10-10T16:00:00+00:00,PAST_REFERENCE_HORIZON_NOT_CAUSALLY_DIAGNOSED
CMP-20261007-588ceb095f06,168h,04_MARKET_LEARNING/handlekompas/official/daily/2026/10/07/CMP-20261007-588ceb095f06.json,484a033527f4075003329eb60866f71bbd9dfa6775679773b169905d4ff92bbb,True,2026-10-07T16:39:45Z,085b3d3f0a2314f3de010c6622d97c087e5f6d95,2026-09-30_DIRECTION_ACTION_SEPARATION_V4_0,UNTESTABLE,FROZEN_OFFICIAL_ARTIFACT,PENDING_KNOWLEDGE_TIME,UNKNOWN,UNKNOWN,MIXED,WAIT,,NO_OUTCOME_AT_SNAPSHOT,,,,,,,,,,,False,,NOT_ASSIGNED,NOT_ESTABLISHED,,,2026-10-14T16:00:00+00:00,NOT_DUE_OR_UNKNOWN
CMP-20261007-9e6bb01268ab,12h,04_MARKET_LEARNING/handlekompas/official/daily/2026/10/07/CMP-20261007-9e6bb01268ab.json,686fb3cb69e3cb5afa59f5cbf34bcd698a12d9c2b4d1af8a9822e8e3ea62181a,True,2026-10-07T13:27:13Z,8085404021daa5249313c130b755eed22b6d08dc,2026-09-30_DIRECTION_ACTION_SEPARATION_V4_0,UNTESTABLE,FROZEN_OFFICIAL_ARTIFACT,PENDING_KNOWLEDGE_TIME,UNKNOWN,UNKNOWN,UNAVAILABLE,NO_EDGE,04_MARKET_LEARNING/handlekompas/official/outcomes/2026/10/07/CMP-20261007-9e6bb01268ab_12h.json,MATURED_ARTIFACT,OFFICIAL_DAILY_COMPASS_SCORING_v2,2026-10-07T08:00:00Z,2026-10-07T20:00:00Z,2026-10-07T20:00:00Z,2026-10-07T22:10:19Z,ABSTAINED,ABSTAINED,-0.9021076313708853,-1.8269936399217257,ABSTAINED,False,12.0,NOT_ASSIGNED,NOT_ESTABLISHED,V2_EXPLICIT_CLOSE,PASS,,
CMP-20261007-9e6bb01268ab,72h,04_MARKET_LEARNING/handlekompas/official/daily/2026/10/07/CMP-20261007-9e6bb01268ab.json,686fb3cb69e3cb5afa59f5cbf34bcd698a12d9c2b4d1af8a9822e8e3ea62181a,True,2026-10-07T13:27:13Z,8085404021daa5249313c130b755eed22b6d08dc,2026-09-30_DIRECTION_ACTION_SEPARATION_V4_0,UNTESTABLE,FROZEN_OFFICIAL_ARTIFACT,PENDING_KNOWLEDGE_TIME,UNKNOWN,UNKNOWN,UNAVAILABLE,NO_EDGE,04_MARKET_LEARNING/handlekompas/official/outcomes/2026/10/07/CMP-20261007-9e6bb01268ab_72h.json,MATURED_ARTIFACT,OFFICIAL_DAILY_COMPASS_SCORING_v2,2026-10-07T08:00:00Z,2026-10-10T08:00:00Z,2026-10-10T08:00:00Z,2026-10-10T08:46:31Z,ABSTAINED,ABSTAINED,-1.5897525669031243,-4.618701076320941,ABSTAINED,False,72.0,NOT_ASSIGNED,NOT_ESTABLISHED,V2_EXPLICIT_CLOSE,PASS,,
CMP-20261007-9e6bb01268ab,168h,04_MARKET_LEARNING/handlekompas/official/daily/2026/10/07/CMP-20261007-9e6bb01268ab.json,686fb3cb69e3cb5afa59f5cbf34bcd698a12d9c2b4d1af8a9822e8e3ea62181a,True,2026-10-07T13:27:13Z,8085404021daa5249313c130b755eed22b6d08dc,2026-09-30_DIRECTION_ACTION_SEPARATION_V4_0,UNTESTABLE,FROZEN_OFFICIAL_ARTIFACT,PENDING_KNOWLEDGE_TIME,UNKNOWN,UNKNOWN,UNAVAILABLE,NO_EDGE,,NO_OUTCOME_AT_SNAPSHOT,,,,,,,,,,,False,,NOT_ASSIGNED,NOT_ESTABLISHED,,,2026-10-14T08:00:00+00:00,NOT_DUE_OR_UNKNOWN
CMP-20261007-ccac1e006e5f,12h,04_MARKET_LEARNING/handlekompas/official/daily/2026/10/07/CMP-20261007-ccac1e006e5f.json,584fb232b74983a864072c3c5ba8d5f986faecb4f34227a98faa5a53632377ab,True,2026-10-07T14:45:46Z,416aed3f296170c96cff1d915e10c0fda06f7225,2026-09-30_DIRECTION_ACTION_SEPARATION_V4_0,UNTESTABLE,FROZEN_OFFICIAL_ARTIFACT,PENDING_KNOWLEDGE_TIME,UNKNOWN,UNKNOWN,DOWN,HOLD,04_MARKET_LEARNING/handlekompas/official/outcomes/2026/10/07/CMP-20261007-ccac1e006e5f_12h.json,MATURED_ARTIFACT,OFFICIAL_DAILY_COMPASS_SCORING_v2,2026-10-07T14:00:00Z,2026-10-08T02:00:00Z,2026-10-08T01:00:00Z,2026-10-08T02:10:23Z,CORRECT,CORRECT,-0.039426863228797515,-0.06810822591692967,PROTECTIVE,True,11.0,NOT_ASSIGNED,NOT_ESTABLISHED,V2_EXPLICIT_CLOSE,PASS,,
CMP-20261007-ccac1e006e5f,72h,04_MARKET_LEARNING/handlekompas/official/daily/2026/10/07/CMP-20261007-ccac1e006e5f.json,584fb232b74983a864072c3c5ba8d5f986faecb4f34227a98faa5a53632377ab,True,2026-10-07T14:45:46Z,416aed3f296170c96cff1d915e10c0fda06f7225,2026-09-30_DIRECTION_ACTION_SEPARATION_V4_0,UNTESTABLE,FROZEN_OFFICIAL_ARTIFACT,PENDING_KNOWLEDGE_TIME,UNKNOWN,UNKNOWN,MIXED,WAIT,04_MARKET_LEARNING/handlekompas/official/outcomes/2026/10/07/CMP-20261007-ccac1e006e5f_72h.json,MATURED_ARTIFACT,OFFICIAL_DAILY_COMPASS_SCORING_v2,2026-10-07T14:00:00Z,2026-10-10T14:00:00Z,2026-10-10T13:00:00Z,2026-10-10T15:30:16Z,ABSTAINED,ABSTAINED,-0.4111091918562737,-2.846923843327731,PROTECTIVE,False,71.0,NOT_ASSIGNED,NOT_ESTABLISHED,V2_EXPLICIT_CLOSE,PASS,,
CMP-20261007-ccac1e006e5f,168h,04_MARKET_LEARNING/handlekompas/official/daily/2026/10/07/CMP-20261007-ccac1e006e5f.json,584fb232b74983a864072c3c5ba8d5f986faecb4f34227a98faa5a53632377ab,True,2026-10-07T14:45:46Z,416aed3f296170c96cff1d915e10c0fda06f7225,2026-09-30_DIRECTION_ACTION_SEPARATION_V4_0,UNTESTABLE,FROZEN_OFFICIAL_ARTIFACT,PENDING_KNOWLEDGE_TIME,UNKNOWN,UNKNOWN,MIXED,WAIT,,NO_OUTCOME_AT_SNAPSHOT,,,,,,,,,,,False,,NOT_ASSIGNED,NOT_ESTABLISHED,,,2026-10-14T14:00:00+00:00,NOT_DUE_OR_UNKNOWN
CMP-20261007-df586bbf2448,12h,04_MARKET_LEARNING/handlekompas/official/daily/2026/10/07/CMP-20261007-df586bbf2448.json,50be6013dd9486bb2e9ca1d5883ae31ac5901f3a16ac3d37ee55513067d41a5e,True,2026-10-07T23:10:46Z,0a2e43083786df41935aaca93f50976c62db37c0,2026-09-30_DIRECTION_ACTION_SEPARATION_V4_0,UNTESTABLE,FROZEN_OFFICIAL_ARTIFACT,PENDING_KNOWLEDGE_TIME,UNKNOWN,UNKNOWN,UNAVAILABLE,HOLD,04_MARKET_LEARNING/handlekompas/official/outcomes/2026/10/07/CMP-20261007-df586bbf2448_12h.json,MATURED_ARTIFACT,OFFICIAL_DAILY_COMPASS_SCORING_v2,2026-10-07T21:00:00Z,2026-10-08T09:00:00Z,2026-10-08T08:00:00Z,2026-10-08T09:18:11Z,ABSTAINED,ABSTAINED,-0.3988876691332077,0.13672451563786492,PROTECTIVE,True,11.0,NOT_ASSIGNED,NOT_ESTABLISHED,V2_EXPLICIT_CLOSE,PASS,,
CMP-20261007-df586bbf2448,72h,04_MARKET_LEARNING/handlekompas/official/daily/2026/10/07/CMP-20261007-df586bbf2448.json,50be6013dd9486bb2e9ca1d5883ae31ac5901f3a16ac3d37ee55513067d41a5e,True,2026-10-07T23:10:46Z,0a2e43083786df41935aaca93f50976c62db37c0,2026-09-30_DIRECTION_ACTION_SEPARATION_V4_0,UNTESTABLE,FROZEN_OFFICIAL_ARTIFACT,PENDING_KNOWLEDGE_TIME,UNKNOWN,UNKNOWN,MIXED,WAIT,,NO_OUTCOME_AT_SNAPSHOT,,,,,,,,,,,False,,NOT_ASSIGNED,NOT_ESTABLISHED,,,2026-10-10T21:00:00+00:00,NOT_DUE_OR_UNKNOWN
CMP-20261007-df586bbf2448,168h,04_MARKET_LEARNING/handlekompas/official/daily/2026/10/07/CMP-20261007-df586bbf2448.json,50be6013dd9486bb2e9ca1d5883ae31ac5901f3a16ac3d37ee55513067d41a5e,True,2026-10-07T23:10:46Z,0a2e43083786df41935aaca93f50976c62db37c0,2026-09-30_DIRECTION_ACTION_SEPARATION_V4_0,UNTESTABLE,FROZEN_OFFICIAL_ARTIFACT,PENDING_KNOWLEDGE_TIME,UNKNOWN,UNKNOWN,MIXED,WAIT,,NO_OUTCOME_AT_SNAPSHOT,,,,,,,,,,,False,,NOT_ASSIGNED,NOT_ESTABLISHED,,,2026-10-14T21:00:00+00:00,NOT_DUE_OR_UNKNOWN
CMP-20261008-3e82017fc57b,12h,04_MARKET_LEARNING/handlekompas/official/daily/2026/10/08/CMP-20261008-3e82017fc57b.json,6b1eb1f3f5495b9cdebc8b5440d4b39d66a3236cb154b797981291eacac6146c,True,2026-10-08T09:01:03Z,5089d2fb5ca43b4be84b48b0b1fb4b64063d9cd1,2026-09-30_DIRECTION_ACTION_SEPARATION_V4_0,UNTESTABLE,FROZEN_OFFICIAL_ARTIFACT,PENDING_KNOWLEDGE_TIME,UNKNOWN,UNKNOWN,DOWN,HOLD,04_MARKET_LEARNING/handlekompas/official/outcomes/2026/10/08/CMP-20261008-3e82017fc57b_12h.json,MATURED_ARTIFACT,OFFICIAL_DAILY_COMPASS_SCORING_v2,2026-10-08T08:00:00Z,2026-10-08T20:00:00Z,2026-10-08T21:00:00Z,2026-10-08T22:16:33Z,CORRECT,CORRECT,-2.463784093133936,-5.914554140499373,PROTECTIVE,True,13.0,NOT_ASSIGNED,NOT_ESTABLISHED,V2_EXPLICIT_CLOSE,PASS,,
CMP-20261008-3e82017fc57b,72h,04_MARKET_LEARNING/handlekompas/official/daily/2026/10/08/CMP-20261008-3e82017fc57b.json,6b1eb1f3f5495b9cdebc8b5440d4b39d66a3236cb154b797981291eacac6146c,True,2026-10-08T09:01:03Z,5089d2fb5ca43b4be84b48b0b1fb4b64063d9cd1,2026-09-30_DIRECTION_ACTION_SEPARATION_V4_0,UNTESTABLE,FROZEN_OFFICIAL_ARTIFACT,PENDING_KNOWLEDGE_TIME,UNKNOWN,UNKNOWN,MIXED,WAIT,,NO_OUTCOME_AT_SNAPSHOT,,,,,,,,,,,False,,NOT_ASSIGNED,NOT_ESTABLISHED,,,2026-10-11T08:00:00+00:00,NOT_DUE_OR_UNKNOWN
CMP-20261008-3e82017fc57b,168h,04_MARKET_LEARNING/handlekompas/official/daily/2026/10/08/CMP-20261008-3e82017fc57b.json,6b1eb1f3f5495b9cdebc8b5440d4b39d66a3236cb154b797981291eacac6146c,True,2026-10-08T09:01:03Z,5089d2fb5ca43b4be84b48b0b1fb4b64063d9cd1,2026-09-30_DIRECTION_ACTION_SEPARATION_V4_0,UNTESTABLE,FROZEN_OFFICIAL_ARTIFACT,PENDING_KNOWLEDGE_TIME,UNKNOWN,UNKNOWN,MIXED,WAIT,,NO_OUTCOME_AT_SNAPSHOT,,,,,,,,,,,False,,NOT_ASSIGNED,NOT_ESTABLISHED,,,2026-10-15T08:00:00+00:00,NOT_DUE_OR_UNKNOWN
CMP-20261008-57cabc1a9084,12h,04_MARKET_LEARNING/handlekompas/official/daily/2026/10/08/CMP-20261008-57cabc1a9084.json,75b75a399ea484371d34d9cc627d4730f800f9d08fa1bbdf356e6e95331059cc,True,2026-10-08T23:26:23Z,27ae8c0f4fd6ecd54c57b12ac7d594130090abac,2026-09-30_DIRECTION_ACTION_SEPARATION_V4_0,UNTESTABLE,FROZEN_OFFICIAL_ARTIFACT,PENDING_KNOWLEDGE_TIME,UNKNOWN,UNKNOWN,UNAVAILABLE,HOLD,04_MARKET_LEARNING/handlekompas/official/outcomes/2026/10/08/CMP-20261008-57cabc1a9084_12h.json,MATURED_ARTIFACT,OFFICIAL_DAILY_COMPASS_SCORING_v2,2026-10-08T22:00:00Z,2026-10-09T10:00:00Z,2026-10-09T09:00:00Z,2026-10-09T16:29:15Z,ABSTAINED,ABSTAINED,0.4888025280374242,0.41056664650129804,OPPORTUNITY_COST_OR_NEUTRAL,False,11.0,NOT_ASSIGNED,NOT_ESTABLISHED,V2_EXPLICIT_CLOSE,PASS,,
CMP-20261008-57cabc1a9084,72h,04_MARKET_LEARNING/handlekompas/official/daily/2026/10/08/CMP-20261008-57cabc1a9084.json,75b75a399ea484371d34d9cc627d4730f800f9d08fa1bbdf356e6e95331059cc,True,2026-10-08T23:26:23Z,27ae8c0f4fd6ecd54c57b12ac7d594130090abac,2026-09-30_DIRECTION_ACTION_SEPARATION_V4_0,UNTESTABLE,FROZEN_OFFICIAL_ARTIFACT,PENDING_KNOWLEDGE_TIME,UNKNOWN,UNKNOWN,MIXED,WAIT,,NO_OUTCOME_AT_SNAPSHOT,,,,,,,,,,,False,,NOT_ASSIGNED,NOT_ESTABLISHED,,,2026-10-11T22:00:00+00:00,NOT_DUE_OR_UNKNOWN
CMP-20261008-57cabc1a9084,168h,04_MARKET_LEARNING/handlekompas/official/daily/2026/10/08/CMP-20261008-57cabc1a9084.json,75b75a399ea484371d34d9cc627d4730f800f9d08fa1bbdf356e6e95331059cc,True,2026-10-08T23:26:23Z,27ae8c0f4fd6ecd54c57b12ac7d594130090abac,2026-09-30_DIRECTION_ACTION_SEPARATION_V4_0,UNTESTABLE,FROZEN_OFFICIAL_ARTIFACT,PENDING_KNOWLEDGE_TIME,UNKNOWN,UNKNOWN,MIXED,WAIT,,NO_OUTCOME_AT_SNAPSHOT,,,,,,,,,,,False,,NOT_ASSIGNED,NOT_ESTABLISHED,,,2026-10-15T22:00:00+00:00,NOT_DUE_OR_UNKNOWN
CMP-20261008-59260dc1ace8,12h,04_MARKET_LEARNING/handlekompas/official/daily/2026/10/08/CMP-20261008-59260dc1ace8.json,9d25619c61e861bb0016a18cef830a75ed76850c94564ed2031f7cf5e065ffff,True,2026-10-08T13:33:05Z,8e498a28b33ed720e94c6d687c116b120e2b17e2,2026-09-30_DIRECTION_ACTION_SEPARATION_V4_0,UNTESTABLE,FROZEN_OFFICIAL_ARTIFACT,PENDING_KNOWLEDGE_TIME,UNKNOWN,UNKNOWN,UNAVAILABLE,NO_EDGE,04_MARKET_LEARNING/handlekompas/official/outcomes/2026/10/08/CMP-20261008-59260dc1ace8_12h.json,MATURED_ARTIFACT,OFFICIAL_DAILY_COMPASS_SCORING_v2,2026-10-08T08:00:00Z,2026-10-08T20:00:00Z,2026-10-08T21:00:00Z,2026-10-08T22:16:33Z,ABSTAINED,ABSTAINED,-2.463784093133936,-5.914554140499373,ABSTAINED,False,13.0,NOT_ASSIGNED,NOT_ESTABLISHED,V2_EXPLICIT_CLOSE,PASS,,
CMP-20261008-59260dc1ace8,72h,04_MARKET_LEARNING/handlekompas/official/daily/2026/10/08/CMP-20261008-59260dc1ace8.json,9d25619c61e861bb0016a18cef830a75ed76850c94564ed2031f7cf5e065ffff,True,2026-10-08T13:33:05Z,8e498a28b33ed720e94c6d687c116b120e2b17e2,2026-09-30_DIRECTION_ACTION_SEPARATION_V4_0,UNTESTABLE,FROZEN_OFFICIAL_ARTIFACT,PENDING_KNOWLEDGE_TIME,UNKNOWN,UNKNOWN,UNAVAILABLE,NO_EDGE,,NO_OUTCOME_AT_SNAPSHOT,,,,,,,,,,,False,,NOT_ASSIGNED,NOT_ESTABLISHED,,,2026-10-11T08:00:00+00:00,NOT_DUE_OR_UNKNOWN
CMP-20261008-59260dc1ace8,168h,04_MARKET_LEARNING/handlekompas/official/daily/2026/10/08/CMP-20261008-59260dc1ace8.json,9d25619c61e861bb0016a18cef830a75ed76850c94564ed2031f7cf5e065ffff,True,2026-10-08T13:33:05Z,8e498a28b33ed720e94c6d687c116b120e2b17e2,2026-09-30_DIRECTION_ACTION_SEPARATION_V4_0,UNTESTABLE,FROZEN_OFFICIAL_ARTIFACT,PENDING_KNOWLEDGE_TIME,UNKNOWN,UNKNOWN,UNAVAILABLE,NO_EDGE,,NO_OUTCOME_AT_SNAPSHOT,,,,,,,,,,,False,,NOT_ASSIGNED,NOT_ESTABLISHED,,,2026-10-15T08:00:00+00:00,NOT_DUE_OR_UNKNOWN
CMP-20261008-bdcddf37342b,12h,04_MARKET_LEARNING/handlekompas/official/daily/2026/10/08/CMP-20261008-bdcddf37342b.json,a53f3624448c192feb4cb47a6239ecaced3588117ac4e02cbf5ac76ce6a2ae10,True,2026-10-08T15:50:46Z,4239a7f80800830daadb3b8627c33fe276fb9a5a,2026-09-30_DIRECTION_ACTION_SEPARATION_V4_0,UNTESTABLE,FROZEN_OFFICIAL_ARTIFACT,PENDING_KNOWLEDGE_TIME,UNKNOWN,UNKNOWN,DOWN,HOLD,04_MARKET_LEARNING/handlekompas/official/outcomes/2026/10/08/CMP-20261008-bdcddf37342b_12h.json,MATURED_ARTIFACT,OFFICIAL_DAILY_COMPASS_SCORING_v2,2026-10-08T15:00:00Z,2026-10-09T03:00:00Z,2026-10-09T02:00:00Z,2026-10-09T09:26:29Z,CORRECT,CORRECT,-0.9760954730121951,-2.187050700709392,PROTECTIVE,True,11.0,NOT_ASSIGNED,NOT_ESTABLISHED,V2_EXPLICIT_CLOSE,PASS,,
CMP-20261008-bdcddf37342b,72h,04_MARKET_LEARNING/handlekompas/official/daily/2026/10/08/CMP-20261008-bdcddf37342b.json,a53f3624448c192feb4cb47a6239ecaced3588117ac4e02cbf5ac76ce6a2ae10,True,2026-10-08T15:50:46Z,4239a7f80800830daadb3b8627c33fe276fb9a5a,2026-09-30_DIRECTION_ACTION_SEPARATION_V4_0,UNTESTABLE,FROZEN_OFFICIAL_ARTIFACT,PENDING_KNOWLEDGE_TIME,UNKNOWN,UNKNOWN,MIXED,WAIT,,NO_OUTCOME_AT_SNAPSHOT,,,,,,,,,,,False,,NOT_ASSIGNED,NOT_ESTABLISHED,,,2026-10-11T15:00:00+00:00,NOT_DUE_OR_UNKNOWN
CMP-20261008-bdcddf37342b,168h,04_MARKET_LEARNING/handlekompas/official/daily/2026/10/08/CMP-20261008-bdcddf37342b.json,a53f3624448c192feb4cb47a6239ecaced3588117ac4e02cbf5ac76ce6a2ae10,True,2026-10-08T15:50:46Z,4239a7f80800830daadb3b8627c33fe276fb9a5a,2026-09-30_DIRECTION_ACTION_SEPARATION_V4_0,UNTESTABLE,FROZEN_OFFICIAL_ARTIFACT,PENDING_KNOWLEDGE_TIME,UNKNOWN,UNKNOWN,MIXED,WAIT,,NO_OUTCOME_AT_SNAPSHOT,,,,,,,,,,,False,,NOT_ASSIGNED,NOT_ESTABLISHED,,,2026-10-15T15:00:00+00:00,NOT_DUE_OR_UNKNOWN
CMP-20261008-da9360af41c2,12h,04_MARKET_LEARNING/handlekompas/official/daily/2026/10/08/CMP-20261008-da9360af41c2.json,850fd9ee7147f9a045c67df85f0a048e9b491340ecab35bd0eef5dbb7bfcb305,True,2026-10-08T21:30:01Z,ecfbb7568f88b96c5bf896c6ad1f799f49611763,2026-09-30_DIRECTION_ACTION_SEPARATION_V4_0,UNTESTABLE,FROZEN_OFFICIAL_ARTIFACT,PENDING_KNOWLEDGE_TIME,UNKNOWN,UNKNOWN,UP,HOLD,04_MARKET_LEARNING/handlekompas/official/outcomes/2026/10/08/CMP-20261008-da9360af41c2_12h.json,MATURED_ARTIFACT,OFFICIAL_DAILY_COMPASS_SCORING_v2,2026-10-08T21:00:00Z,2026-10-09T09:00:00Z,2026-10-09T09:00:00Z,2026-10-09T09:26:29Z,CORRECT,CORRECT,0.3659520375485892,0.5967893781996025,OPPORTUNITY_COST_OR_NEUTRAL,False,12.0,NOT_ASSIGNED,NOT_ESTABLISHED,V2_EXPLICIT_CLOSE,PASS,,
CMP-20261008-da9360af41c2,72h,04_MARKET_LEARNING/handlekompas/official/daily/2026/10/08/CMP-20261008-da9360af41c2.json,850fd9ee7147f9a045c67df85f0a048e9b491340ecab35bd0eef5dbb7bfcb305,True,2026-10-08T21:30:01Z,ecfbb7568f88b96c5bf896c6ad1f799f49611763,2026-09-30_DIRECTION_ACTION_SEPARATION_V4_0,UNTESTABLE,FROZEN_OFFICIAL_ARTIFACT,PENDING_KNOWLEDGE_TIME,UNKNOWN,UNKNOWN,MIXED,WAIT,,NO_OUTCOME_AT_SNAPSHOT,,,,,,,,,,,False,,NOT_ASSIGNED,NOT_ESTABLISHED,,,2026-10-11T21:00:00+00:00,NOT_DUE_OR_UNKNOWN
CMP-20261008-da9360af41c2,168h,04_MARKET_LEARNING/handlekompas/official/daily/2026/10/08/CMP-20261008-da9360af41c2.json,850fd9ee7147f9a045c67df85f0a048e9b491340ecab35bd0eef5dbb7bfcb305,True,2026-10-08T21:30:01Z,ecfbb7568f88b96c5bf896c6ad1f799f49611763,2026-09-30_DIRECTION_ACTION_SEPARATION_V4_0,UNTESTABLE,FROZEN_OFFICIAL_ARTIFACT,PENDING_KNOWLEDGE_TIME,UNKNOWN,UNKNOWN,MIXED,WAIT,,NO_OUTCOME_AT_SNAPSHOT,,,,,,,,,,,False,,NOT_ASSIGNED,NOT_ESTABLISHED,,,2026-10-15T21:00:00+00:00,NOT_DUE_OR_UNKNOWN
CMP-20261008-fe270317490c,12h,04_MARKET_LEARNING/handlekompas/official/daily/2026/10/08/CMP-20261008-fe270317490c.json,692cba3ae83fb6a465d2e305bad47caf199e09cb2e1047cce362c66ce38547d7,True,2026-10-08T01:12:36Z,79fadc0a06ee6a799f222c9fe76513eb7c5ebb0f,2026-09-30_DIRECTION_ACTION_SEPARATION_V4_0,UNTESTABLE,FROZEN_OFFICIAL_ARTIFACT,PENDING_KNOWLEDGE_TIME,UNKNOWN,UNKNOWN,MIXED,HOLD,,NO_OUTCOME_AT_SNAPSHOT,,,,,,,,,,,False,,NOT_ASSIGNED,NOT_ESTABLISHED,,,2026-10-08T13:00:00+00:00,PAST_REFERENCE_HORIZON_NOT_CAUSALLY_DIAGNOSED
CMP-20261008-fe270317490c,72h,04_MARKET_LEARNING/handlekompas/official/daily/2026/10/08/CMP-20261008-fe270317490c.json,692cba3ae83fb6a465d2e305bad47caf199e09cb2e1047cce362c66ce38547d7,True,2026-10-08T01:12:36Z,79fadc0a06ee6a799f222c9fe76513eb7c5ebb0f,2026-09-30_DIRECTION_ACTION_SEPARATION_V4_0,UNTESTABLE,FROZEN_OFFICIAL_ARTIFACT,PENDING_KNOWLEDGE_TIME,UNKNOWN,UNKNOWN,MIXED,WAIT,,NO_OUTCOME_AT_SNAPSHOT,,,,,,,,,,,False,,NOT_ASSIGNED,NOT_ESTABLISHED,,,2026-10-11T01:00:00+00:00,NOT_DUE_OR_UNKNOWN
CMP-20261008-fe270317490c,168h,04_MARKET_LEARNING/handlekompas/official/daily/2026/10/08/CMP-20261008-fe270317490c.json,692cba3ae83fb6a465d2e305bad47caf199e09cb2e1047cce362c66ce38547d7,True,2026-10-08T01:12:36Z,79fadc0a06ee6a799f222c9fe76513eb7c5ebb0f,2026-09-30_DIRECTION_ACTION_SEPARATION_V4_0,UNTESTABLE,FROZEN_OFFICIAL_ARTIFACT,PENDING_KNOWLEDGE_TIME,UNKNOWN,UNKNOWN,MIXED,WAIT,,NO_OUTCOME_AT_SNAPSHOT,,,,,,,,,,,False,,NOT_ASSIGNED,NOT_ESTABLISHED,,,2026-10-15T01:00:00+00:00,NOT_DUE_OR_UNKNOWN
CMP-20261009-2e8eab380ea7,12h,04_MARKET_LEARNING/handlekompas/official/daily/2026/10/09/CMP-20261009-2e8eab380ea7.json,cc96b5ec656132c7b2a153ad47c3db6286d63a21f21abca4f19148238c00a1e0,True,2026-10-09T21:01:34Z,c79aaf6d904cdf4d98b3968e84f1119b9a337dd5,2026-09-30_DIRECTION_ACTION_SEPARATION_V4_0,UNTESTABLE,FROZEN_OFFICIAL_ARTIFACT,PENDING_KNOWLEDGE_TIME,UNKNOWN,UNKNOWN,DOWN,HOLD,04_MARKET_LEARNING/handlekompas/official/outcomes/2026/10/09/CMP-20261009-2e8eab380ea7_12h.json,MATURED_ARTIFACT,OFFICIAL_DAILY_COMPASS_SCORING_v2,2026-10-09T20:00:00Z,2026-10-10T08:00:00Z,2026-10-10T08:00:00Z,2026-10-10T08:46:31Z,INCORRECT,INCORRECT,0.5713589620611748,0.7241053625773874,OPPORTUNITY_COST_OR_NEUTRAL,False,12.0,NOT_ASSIGNED,NOT_ESTABLISHED,V2_EXPLICIT_CLOSE,PASS,,
CMP-20261009-2e8eab380ea7,72h,04_MARKET_LEARNING/handlekompas/official/daily/2026/10/09/CMP-20261009-2e8eab380ea7.json,cc96b5ec656132c7b2a153ad47c3db6286d63a21f21abca4f19148238c00a1e0,True,2026-10-09T21:01:34Z,c79aaf6d904cdf4d98b3968e84f1119b9a337dd5,2026-09-30_DIRECTION_ACTION_SEPARATION_V4_0,UNTESTABLE,FROZEN_OFFICIAL_ARTIFACT,PENDING_KNOWLEDGE_TIME,UNKNOWN,UNKNOWN,MIXED,WAIT,,NO_OUTCOME_AT_SNAPSHOT,,,,,,,,,,,False,,NOT_ASSIGNED,NOT_ESTABLISHED,,,2026-10-12T20:00:00+00:00,NOT_DUE_OR_UNKNOWN
CMP-20261009-2e8eab380ea7,168h,04_MARKET_LEARNING/handlekompas/official/daily/2026/10/09/CMP-20261009-2e8eab380ea7.json,cc96b5ec656132c7b2a153ad47c3db6286d63a21f21abca4f19148238c00a1e0,True,2026-10-09T21:01:34Z,c79aaf6d904cdf4d98b3968e84f1119b9a337dd5,2026-09-30_DIRECTION_ACTION_SEPARATION_V4_0,UNTESTABLE,FROZEN_OFFICIAL_ARTIFACT,PENDING_KNOWLEDGE_TIME,UNKNOWN,UNKNOWN,MIXED,WAIT,,NO_OUTCOME_AT_SNAPSHOT,,,,,,,,,,,False,,NOT_ASSIGNED,NOT_ESTABLISHED,,,2026-10-16T20:00:00+00:00,NOT_DUE_OR_UNKNOWN
CMP-20261009-7b2cbc6ac370,12h,04_MARKET_LEARNING/handlekompas/official/daily/2026/10/09/CMP-20261009-7b2cbc6ac370.json,aabb93cdaa08e12585675dd34b931ca9cd83477e1b521502057231cf0a4710ff,True,2026-10-09T02:13:26Z,f2e2b745bafeb9036911c6a14378890bf523dc7e,2026-09-30_DIRECTION_ACTION_SEPARATION_V4_0,UNTESTABLE,FROZEN_OFFICIAL_ARTIFACT,PENDING_KNOWLEDGE_TIME,UNKNOWN,UNKNOWN,UP,HOLD,,NO_OUTCOME_AT_SNAPSHOT,,,,,,,,,,,False,,NOT_ASSIGNED,NOT_ESTABLISHED,,,2026-10-09T14:00:00+00:00,PAST_REFERENCE_HORIZON_NOT_CAUSALLY_DIAGNOSED
CMP-20261009-7b2cbc6ac370,72h,04_MARKET_LEARNING/handlekompas/official/daily/2026/10/09/CMP-20261009-7b2cbc6ac370.json,aabb93cdaa08e12585675dd34b931ca9cd83477e1b521502057231cf0a4710ff,True,2026-10-09T02:13:26Z,f2e2b745bafeb9036911c6a14378890bf523dc7e,2026-09-30_DIRECTION_ACTION_SEPARATION_V4_0,UNTESTABLE,FROZEN_OFFICIAL_ARTIFACT,PENDING_KNOWLEDGE_TIME,UNKNOWN,UNKNOWN,MIXED,WAIT,,NO_OUTCOME_AT_SNAPSHOT,,,,,,,,,,,False,,NOT_ASSIGNED,NOT_ESTABLISHED,,,2026-10-12T02:00:00+00:00,NOT_DUE_OR_UNKNOWN
CMP-20261009-7b2cbc6ac370,168h,04_MARKET_LEARNING/handlekompas/official/daily/2026/10/09/CMP-20261009-7b2cbc6ac370.json,aabb93cdaa08e12585675dd34b931ca9cd83477e1b521502057231cf0a4710ff,True,2026-10-09T02:13:26Z,f2e2b745bafeb9036911c6a14378890bf523dc7e,2026-09-30_DIRECTION_ACTION_SEPARATION_V4_0,UNTESTABLE,FROZEN_OFFICIAL_ARTIFACT,PENDING_KNOWLEDGE_TIME,UNKNOWN,UNKNOWN,MIXED,WAIT,,NO_OUTCOME_AT_SNAPSHOT,,,,,,,,,,,False,,NOT_ASSIGNED,NOT_ESTABLISHED,,,2026-10-16T02:00:00+00:00,NOT_DUE_OR_UNKNOWN
CMP-20261009-b3e2a7023419,12h,04_MARKET_LEARNING/handlekompas/official/daily/2026/10/09/CMP-20261009-b3e2a7023419.json,cfbb0a31883e6de8a29b9c9d2e7850e041afd0217b30077730f4d9b1a7419d19,True,2026-10-09T13:20:10Z,94c0517033d399a154ca51eb32435d0ef5d8ee3c,2026-09-30_DIRECTION_ACTION_SEPARATION_V4_0,UNTESTABLE,FROZEN_OFFICIAL_ARTIFACT,PENDING_KNOWLEDGE_TIME,UNKNOWN,UNKNOWN,UNAVAILABLE,NO_EDGE,04_MARKET_LEARNING/handlekompas/official/outcomes/2026/10/09/CMP-20261009-b3e2a7023419_12h.json,MATURED_ARTIFACT,OFFICIAL_DAILY_COMPASS_SCORING_v2,2026-10-09T09:00:00Z,2026-10-09T21:00:00Z,2026-10-09T21:00:00Z,2026-10-09T21:49:02Z,ABSTAINED,ABSTAINED,-0.22972286709228573,-0.9034822376350005,ABSTAINED,False,12.0,NOT_ASSIGNED,NOT_ESTABLISHED,V2_EXPLICIT_CLOSE,PASS,,
CMP-20261009-b3e2a7023419,72h,04_MARKET_LEARNING/handlekompas/official/daily/2026/10/09/CMP-20261009-b3e2a7023419.json,cfbb0a31883e6de8a29b9c9d2e7850e041afd0217b30077730f4d9b1a7419d19,True,2026-10-09T13:20:10Z,94c0517033d399a154ca51eb32435d0ef5d8ee3c,2026-09-30_DIRECTION_ACTION_SEPARATION_V4_0,UNTESTABLE,FROZEN_OFFICIAL_ARTIFACT,PENDING_KNOWLEDGE_TIME,UNKNOWN,UNKNOWN,UNAVAILABLE,NO_EDGE,,NO_OUTCOME_AT_SNAPSHOT,,,,,,,,,,,False,,NOT_ASSIGNED,NOT_ESTABLISHED,,,2026-10-12T09:00:00+00:00,NOT_DUE_OR_UNKNOWN
CMP-20261009-b3e2a7023419,168h,04_MARKET_LEARNING/handlekompas/official/daily/2026/10/09/CMP-20261009-b3e2a7023419.json,cfbb0a31883e6de8a29b9c9d2e7850e041afd0217b30077730f4d9b1a7419d19,True,2026-10-09T13:20:10Z,94c0517033d399a154ca51eb32435d0ef5d8ee3c,2026-09-30_DIRECTION_ACTION_SEPARATION_V4_0,UNTESTABLE,FROZEN_OFFICIAL_ARTIFACT,PENDING_KNOWLEDGE_TIME,UNKNOWN,UNKNOWN,UNAVAILABLE,NO_EDGE,,NO_OUTCOME_AT_SNAPSHOT,,,,,,,,,,,False,,NOT_ASSIGNED,NOT_ESTABLISHED,,,2026-10-16T09:00:00+00:00,NOT_DUE_OR_UNKNOWN
CMP-20261009-d10b9e0951b3,12h,04_MARKET_LEARNING/handlekompas/official/daily/2026/10/09/CMP-20261009-d10b9e0951b3.json,780ca00bf59fce7e03d28b1b8cefb56ce8f62de8a1b55663b0fe7369539b3d46,True,2026-10-09T22:44:10Z,401521f9d9f3ab8f23ca95451e8813c8d9d2cf4f,2026-09-30_DIRECTION_ACTION_SEPARATION_V4_0,UNTESTABLE,FROZEN_OFFICIAL_ARTIFACT,PENDING_KNOWLEDGE_TIME,UNKNOWN,UNKNOWN,UP,HOLD,04_MARKET_LEARNING/handlekompas/official/outcomes/2026/10/09/CMP-20261009-d10b9e0951b3_12h.json,MATURED_ARTIFACT,OFFICIAL_DAILY_COMPASS_SCORING_v2,2026-10-09T21:00:00Z,2026-10-10T09:00:00Z,2026-10-10T08:00:00Z,2026-10-10T15:30:16Z,CORRECT,CORRECT,0.3556486952942972,0.49371380707308177,OPPORTUNITY_COST_OR_NEUTRAL,False,11.0,NOT_ASSIGNED,NOT_ESTABLISHED,V2_EXPLICIT_CLOSE,PASS,,
CMP-20261009-d10b9e0951b3,72h,04_MARKET_LEARNING/handlekompas/official/daily/2026/10/09/CMP-20261009-d10b9e0951b3.json,780ca00bf59fce7e03d28b1b8cefb56ce8f62de8a1b55663b0fe7369539b3d46,True,2026-10-09T22:44:10Z,401521f9d9f3ab8f23ca95451e8813c8d9d2cf4f,2026-09-30_DIRECTION_ACTION_SEPARATION_V4_0,UNTESTABLE,FROZEN_OFFICIAL_ARTIFACT,PENDING_KNOWLEDGE_TIME,UNKNOWN,UNKNOWN,MIXED,WAIT,,NO_OUTCOME_AT_SNAPSHOT,,,,,,,,,,,False,,NOT_ASSIGNED,NOT_ESTABLISHED,,,2026-10-12T21:00:00+00:00,NOT_DUE_OR_UNKNOWN
CMP-20261009-d10b9e0951b3,168h,04_MARKET_LEARNING/handlekompas/official/daily/2026/10/09/CMP-20261009-d10b9e0951b3.json,780ca00bf59fce7e03d28b1b8cefb56ce8f62de8a1b55663b0fe7369539b3d46,True,2026-10-09T22:44:10Z,401521f9d9f3ab8f23ca95451e8813c8d9d2cf4f,2026-09-30_DIRECTION_ACTION_SEPARATION_V4_0,UNTESTABLE,FROZEN_OFFICIAL_ARTIFACT,PENDING_KNOWLEDGE_TIME,UNKNOWN,UNKNOWN,MIXED,WAIT,,NO_OUTCOME_AT_SNAPSHOT,,,,,,,,,,,False,,NOT_ASSIGNED,NOT_ESTABLISHED,,,2026-10-16T21:00:00+00:00,NOT_DUE_OR_UNKNOWN
CMP-20261009-e6b0cd6435b1,12h,04_MARKET_LEARNING/handlekompas/official/daily/2026/10/09/CMP-20261009-e6b0cd6435b1.json,9159495f8b959f4e49d4152c6cb8cb2a5a835ee4a229d0a9ce1a80823b4f71ae,True,2026-10-09T16:16:22Z,079c44706768c04c7ff52a6cc7f63954112f93c7,2026-09-30_DIRECTION_ACTION_SEPARATION_V4_0,UNTESTABLE,FROZEN_OFFICIAL_ARTIFACT,PENDING_KNOWLEDGE_TIME,UNKNOWN,UNKNOWN,MIXED,HOLD,,NO_OUTCOME_AT_SNAPSHOT,,,,,,,,,,,False,,NOT_ASSIGNED,NOT_ESTABLISHED,,,2026-10-10T04:00:00+00:00,PAST_REFERENCE_HORIZON_NOT_CAUSALLY_DIAGNOSED
CMP-20261009-e6b0cd6435b1,72h,04_MARKET_LEARNING/handlekompas/official/daily/2026/10/09/CMP-20261009-e6b0cd6435b1.json,9159495f8b959f4e49d4152c6cb8cb2a5a835ee4a229d0a9ce1a80823b4f71ae,True,2026-10-09T16:16:22Z,079c44706768c04c7ff52a6cc7f63954112f93c7,2026-09-30_DIRECTION_ACTION_SEPARATION_V4_0,UNTESTABLE,FROZEN_OFFICIAL_ARTIFACT,PENDING_KNOWLEDGE_TIME,UNKNOWN,UNKNOWN,MIXED,WAIT,,NO_OUTCOME_AT_SNAPSHOT,,,,,,,,,,,False,,NOT_ASSIGNED,NOT_ESTABLISHED,,,2026-10-12T16:00:00+00:00,NOT_DUE_OR_UNKNOWN
CMP-20261009-e6b0cd6435b1,168h,04_MARKET_LEARNING/handlekompas/official/daily/2026/10/09/CMP-20261009-e6b0cd6435b1.json,9159495f8b959f4e49d4152c6cb8cb2a5a835ee4a229d0a9ce1a80823b4f71ae,True,2026-10-09T16:16:22Z,079c44706768c04c7ff52a6cc7f63954112f93c7,2026-09-30_DIRECTION_ACTION_SEPARATION_V4_0,UNTESTABLE,FROZEN_OFFICIAL_ARTIFACT,PENDING_KNOWLEDGE_TIME,UNKNOWN,UNKNOWN,MIXED,WAIT,,NO_OUTCOME_AT_SNAPSHOT,,,,,,,,,,,False,,NOT_ASSIGNED,NOT_ESTABLISHED,,,2026-10-16T16:00:00+00:00,NOT_DUE_OR_UNKNOWN
CMP-20261010-24036fd5eeec,12h,04_MARKET_LEARNING/handlekompas/official/daily/2026/10/10/CMP-20261010-24036fd5eeec.json,c030ca2da42555d5129b4b9a51d9e17aaad46ac15fc0fa26337f48c77334e1d9,True,2026-10-10T13:44:49Z,839d3701de5de8fd39b7b06ccfd9c709e148dec3,2026-09-30_DIRECTION_ACTION_SEPARATION_V4_0,UNTESTABLE,FROZEN_OFFICIAL_ARTIFACT,PENDING_KNOWLEDGE_TIME,UNKNOWN,UNKNOWN,UP,HOLD,,NO_OUTCOME_AT_SNAPSHOT,,,,,,,,,,,False,,NOT_ASSIGNED,NOT_ESTABLISHED,,,2026-10-11T01:00:00+00:00,NOT_DUE_OR_UNKNOWN
CMP-20261010-24036fd5eeec,72h,04_MARKET_LEARNING/handlekompas/official/daily/2026/10/10/CMP-20261010-24036fd5eeec.json,c030ca2da42555d5129b4b9a51d9e17aaad46ac15fc0fa26337f48c77334e1d9,True,2026-10-10T13:44:49Z,839d3701de5de8fd39b7b06ccfd9c709e148dec3,2026-09-30_DIRECTION_ACTION_SEPARATION_V4_0,UNTESTABLE,FROZEN_OFFICIAL_ARTIFACT,PENDING_KNOWLEDGE_TIME,UNKNOWN,UNKNOWN,MIXED,WAIT,,NO_OUTCOME_AT_SNAPSHOT,,,,,,,,,,,False,,NOT_ASSIGNED,NOT_ESTABLISHED,,,2026-10-13T13:00:00+00:00,NOT_DUE_OR_UNKNOWN
CMP-20261010-24036fd5eeec,168h,04_MARKET_LEARNING/handlekompas/official/daily/2026/10/10/CMP-20261010-24036fd5eeec.json,c030ca2da42555d5129b4b9a51d9e17aaad46ac15fc0fa26337f48c77334e1d9,True,2026-10-10T13:44:49Z,839d3701de5de8fd39b7b06ccfd9c709e148dec3,2026-09-30_DIRECTION_ACTION_SEPARATION_V4_0,UNTESTABLE,FROZEN_OFFICIAL_ARTIFACT,PENDING_KNOWLEDGE_TIME,UNKNOWN,UNKNOWN,MIXED,WAIT,,NO_OUTCOME_AT_SNAPSHOT,,,,,,,,,,,False,,NOT_ASSIGNED,NOT_ESTABLISHED,,,2026-10-17T13:00:00+00:00,NOT_DUE_OR_UNKNOWN
CMP-20261010-405402b053ac,12h,04_MARKET_LEARNING/handlekompas/official/daily/2026/10/10/CMP-20261010-405402b053ac.json,af722f82743eaf393c096e32392c06614a6ed2f4a9150a02907da34598aad0f6,True,2026-10-10T12:34:47Z,d19c6166e296200be888122bd3895007438213ed,2026-09-30_DIRECTION_ACTION_SEPARATION_V4_0,UNTESTABLE,FROZEN_OFFICIAL_ARTIFACT,PENDING_KNOWLEDGE_TIME,UNKNOWN,UNKNOWN,UNAVAILABLE,NO_EDGE,,NO_OUTCOME_AT_SNAPSHOT,,,,,,,,,,,False,,NOT_ASSIGNED,NOT_ESTABLISHED,,,2026-10-10T20:00:00+00:00,NOT_DUE_OR_UNKNOWN
CMP-20261010-405402b053ac,72h,04_MARKET_LEARNING/handlekompas/official/daily/2026/10/10/CMP-20261010-405402b053ac.json,af722f82743eaf393c096e32392c06614a6ed2f4a9150a02907da34598aad0f6,True,2026-10-10T12:34:47Z,d19c6166e296200be888122bd3895007438213ed,2026-09-30_DIRECTION_ACTION_SEPARATION_V4_0,UNTESTABLE,FROZEN_OFFICIAL_ARTIFACT,PENDING_KNOWLEDGE_TIME,UNKNOWN,UNKNOWN,UNAVAILABLE,NO_EDGE,,NO_OUTCOME_AT_SNAPSHOT,,,,,,,,,,,False,,NOT_ASSIGNED,NOT_ESTABLISHED,,,2026-10-13T08:00:00+00:00,NOT_DUE_OR_UNKNOWN
CMP-20261010-405402b053ac,168h,04_MARKET_LEARNING/handlekompas/official/daily/2026/10/10/CMP-20261010-405402b053ac.json,af722f82743eaf393c096e32392c06614a6ed2f4a9150a02907da34598aad0f6,True,2026-10-10T12:34:47Z,d19c6166e296200be888122bd3895007438213ed,2026-09-30_DIRECTION_ACTION_SEPARATION_V4_0,UNTESTABLE,FROZEN_OFFICIAL_ARTIFACT,PENDING_KNOWLEDGE_TIME,UNKNOWN,UNKNOWN,UNAVAILABLE,NO_EDGE,,NO_OUTCOME_AT_SNAPSHOT,,,,,,,,,,,False,,NOT_ASSIGNED,NOT_ESTABLISHED,,,2026-10-17T08:00:00+00:00,NOT_DUE_OR_UNKNOWN
CMP-20261010-549e5128f710,12h,04_MARKET_LEARNING/handlekompas/official/daily/2026/10/10/CMP-20261010-549e5128f710.json,56e0134a115ceed5b83279c51a45e14a61834273df2eef5f991248fdf1c73db3,True,2026-10-10T01:55:18Z,7e4c13ac87e01777f984309142d7a044370336e8,2026-09-30_DIRECTION_ACTION_SEPARATION_V4_0,UNTESTABLE,FROZEN_OFFICIAL_ARTIFACT,PENDING_KNOWLEDGE_TIME,UNKNOWN,UNKNOWN,MIXED,HOLD,04_MARKET_LEARNING/handlekompas/official/outcomes/2026/10/10/CMP-20261010-549e5128f710_12h.json,MATURED_ARTIFACT,OFFICIAL_DAILY_COMPASS_SCORING_v2,2026-10-10T01:00:00Z,2026-10-10T13:00:00Z,2026-10-10T13:00:00Z,2026-10-10T15:30:16Z,ABSTAINED,ABSTAINED,0.34597256564121714,0.2816075331019352,OPPORTUNITY_COST_OR_NEUTRAL,False,12.0,NOT_ASSIGNED,NOT_ESTABLISHED,V2_EXPLICIT_CLOSE,PASS,,
CMP-20261010-549e5128f710,72h,04_MARKET_LEARNING/handlekompas/official/daily/2026/10/10/CMP-20261010-549e5128f710.json,56e0134a115ceed5b83279c51a45e14a61834273df2eef5f991248fdf1c73db3,True,2026-10-10T01:55:18Z,7e4c13ac87e01777f984309142d7a044370336e8,2026-09-30_DIRECTION_ACTION_SEPARATION_V4_0,UNTESTABLE,FROZEN_OFFICIAL_ARTIFACT,PENDING_KNOWLEDGE_TIME,UNKNOWN,UNKNOWN,MIXED,WAIT,,NO_OUTCOME_AT_SNAPSHOT,,,,,,,,,,,False,,NOT_ASSIGNED,NOT_ESTABLISHED,,,2026-10-13T01:00:00+00:00,NOT_DUE_OR_UNKNOWN
CMP-20261010-549e5128f710,168h,04_MARKET_LEARNING/handlekompas/official/daily/2026/10/10/CMP-20261010-549e5128f710.json,56e0134a115ceed5b83279c51a45e14a61834273df2eef5f991248fdf1c73db3,True,2026-10-10T01:55:18Z,7e4c13ac87e01777f984309142d7a044370336e8,2026-09-30_DIRECTION_ACTION_SEPARATION_V4_0,UNTESTABLE,FROZEN_OFFICIAL_ARTIFACT,PENDING_KNOWLEDGE_TIME,UNKNOWN,UNKNOWN,MIXED,WAIT,,NO_OUTCOME_AT_SNAPSHOT,,,,,,,,,,,False,,NOT_ASSIGNED,NOT_ESTABLISHED,,,2026-10-17T01:00:00+00:00,NOT_DUE_OR_UNKNOWN
CMP-20261010-592185a0fbc9,12h,04_MARKET_LEARNING/handlekompas/official/daily/2026/10/10/CMP-20261010-592185a0fbc9.json,4bb39816aacb530d7aa4466b065b138982606661368cdaa9de5962d491c29ec4,True,2026-10-10T07:09:31Z,4e6d4cc2a022a6ca2b699c663d8719bd1c7b8c40,2026-09-30_DIRECTION_ACTION_SEPARATION_V4_0,UNTESTABLE,FROZEN_OFFICIAL_ARTIFACT,PENDING_KNOWLEDGE_TIME,UNKNOWN,UNKNOWN,UP,HOLD,,NO_OUTCOME_AT_SNAPSHOT,,,,,,,,,,,False,,NOT_ASSIGNED,NOT_ESTABLISHED,,,2026-10-10T19:00:00+00:00,NOT_DUE_OR_UNKNOWN
CMP-20261010-592185a0fbc9,72h,04_MARKET_LEARNING/handlekompas/official/daily/2026/10/10/CMP-20261010-592185a0fbc9.json,4bb39816aacb530d7aa4466b065b138982606661368cdaa9de5962d491c29ec4,True,2026-10-10T07:09:31Z,4e6d4cc2a022a6ca2b699c663d8719bd1c7b8c40,2026-09-30_DIRECTION_ACTION_SEPARATION_V4_0,UNTESTABLE,FROZEN_OFFICIAL_ARTIFACT,PENDING_KNOWLEDGE_TIME,UNKNOWN,UNKNOWN,MIXED,WAIT,,NO_OUTCOME_AT_SNAPSHOT,,,,,,,,,,,False,,NOT_ASSIGNED,NOT_ESTABLISHED,,,2026-10-13T07:00:00+00:00,NOT_DUE_OR_UNKNOWN
CMP-20261010-592185a0fbc9,168h,04_MARKET_LEARNING/handlekompas/official/daily/2026/10/10/CMP-20261010-592185a0fbc9.json,4bb39816aacb530d7aa4466b065b138982606661368cdaa9de5962d491c29ec4,True,2026-10-10T07:09:31Z,4e6d4cc2a022a6ca2b699c663d8719bd1c7b8c40,2026-09-30_DIRECTION_ACTION_SEPARATION_V4_0,UNTESTABLE,FROZEN_OFFICIAL_ARTIFACT,PENDING_KNOWLEDGE_TIME,UNKNOWN,UNKNOWN,MIXED,WAIT,,NO_OUTCOME_AT_SNAPSHOT,,,,,,,,,,,False,,NOT_ASSIGNED,NOT_ESTABLISHED,,,2026-10-17T07:00:00+00:00,NOT_DUE_OR_UNKNOWN
