timestamp_utc,timestamp_copenhagen,source_window_end_utc,btc_open,btc_high,btc_low,btc_close,btc_volume,btc_quote_volume,btc_trade_count,btc_taker_buy_base_volume,btc_taker_buy_quote_volume,btc_taker_sell_quote_volume,btc_taker_buy_quote_share,btc_return_1h_pct,btc_range_1h_pct,eth_open,eth_high,eth_low,eth_close,eth_volume,eth_quote_volume,eth_trade_count,eth_taker_buy_base_volume,eth_taker_buy_quote_volume,eth_taker_sell_quote_volume,eth_taker_buy_quote_share,eth_return_1h_pct,eth_range_1h_pct,ethbtc_open,ethbtc_high,ethbtc_low,ethbtc_close,ethbtc_return_1h_pct,ethbtc_range_1h_pct,derived_ethbtc_close,ethbtc_direct_minus_derived_bps,btc_open_interest,btc_open_interest_value,btc_oi_change_1h_pct,btc_open_interest_source,eth_open_interest,eth_open_interest_value,eth_oi_change_1h_pct,eth_open_interest_source,btc_long_short_ratio,btc_long_account,btc_short_account,btc_long_short_source,eth_long_short_ratio,eth_long_account,eth_short_account,eth_long_short_source,btc_funding_event_rate,btc_funding_source,eth_funding_event_rate,eth_funding_source,btc_price_oi_state,eth_price_oi_state,spot_status,derivatives_status,btc_return_4h_pct,eth_return_4h_pct,ethbtc_return_4h_pct,eth_minus_btc_return_4h_pct,btc_oi_change_4h_pct,eth_oi_change_4h_pct,btc_return_12h_pct,eth_return_12h_pct,ethbtc_return_12h_pct,eth_minus_btc_return_12h_pct,btc_oi_change_12h_pct,eth_oi_change_12h_pct,btc_return_24h_pct,eth_return_24h_pct,ethbtc_return_24h_pct,eth_minus_btc_return_24h_pct,btc_oi_change_24h_pct,eth_oi_change_24h_pct,btc_return_48h_pct,eth_return_48h_pct,ethbtc_return_48h_pct,eth_minus_btc_return_48h_pct,btc_oi_change_48h_pct,eth_oi_change_48h_pct,btc_return_72h_pct,eth_return_72h_pct,ethbtc_return_72h_pct,eth_minus_btc_return_72h_pct,btc_oi_change_72h_pct,eth_oi_change_72h_pct
2026-08-17T00:00:00Z,2026-08-17T02:00:00+02:00,2026-08-17T22:00:00Z,62900,62956,62751.1,62917.54,577.24276,36285545.3759,88478,255.32693,16048792.0839,20236753.292,0.442291604485,0.0278855325914,0.326528140543,1876.01,1880.19,1872.46,1878.93,4630.5428,8684655.36479,53617,2982.5437,5593724.41133,3090930.95346,0.644092848405,0.15618336887,0.412825908164,0.02983,0.02987,0.02981,0.02987,0.13409319477,0.20127474002,0.0298633735521,2.2189214074,3390406.56,33904.0656,0.444977142561,OKX_CONTRACT_OI_HISTORY,7186666.08,718666.608,0.256253749975,OKX_CONTRACT_OI_HISTORY,2.23,0.69040247678,0.30959752322,OKX_GLOBAL_ACCOUNT_RATIO,1.98,0.664429530201,0.335570469799,OKX_GLOBAL_ACCOUNT_RATIO,0.0001,OKX_FUNDING_HISTORY,7.79795884864e-05,OKX_FUNDING_HISTORY,PRICE_UP_OI_UP,PRICE_UP_OI_UP,PASS,PASS,,,,,,,,,,,,,,,,,,,,,,,,,,,,,,
2026-08-17T01:00:00Z,2026-08-17T03:00:00+02:00,2026-08-17T22:00:00Z,62917.54,63246.91,62896,63116.12,495.52019,31281504.6898,144653,281.76915,17784814.4181,13496690.2717,0.568540886843,0.315619460011,0.557921012465,1878.92,1897.29,1878.21,1891.65,16219.9416,30692336.2907,165125,8114.9604,15353541.6451,15338794.6456,0.500240239116,0.676981047724,1.01586084623,0.02987,0.03003,0.02987,0.02996,0.301305657851,0.535654502846,0.0299709487846,-3.65313245051,3375604.94,33756.0494,-0.436573600778,OKX_CONTRACT_OI_HISTORY,7092191.33,709219.133,-1.31458382716,OKX_CONTRACT_OI_HISTORY,2.26,0.693251533742,0.306748466258,OKX_GLOBAL_ACCOUNT_RATIO,1.77,0.638989169675,0.361010830325,OKX_GLOBAL_ACCOUNT_RATIO,,,,,PRICE_UP_OI_DOWN,PRICE_UP_OI_DOWN,PASS,PASS,,,,,,,,,,,,,,,,,,,,,,,,,,,,,,
2026-08-17T02:00:00Z,2026-08-17T04:00:00+02:00,2026-08-17T22:00:00Z,63116.12,63500,63037.09,63403.34,459.80516,29100745.9724,107734,250.6033,15860433.8775,13240312.0949,0.545018120586,0.455065995818,0.734345446467,1891.66,1908.62,1888.72,1902.36,13096.9551,24865925.2139,84723,7060.6908,13411348.2229,11454576.991,0.539346439255,0.566172389184,1.05362361811,0.02997,0.03005,0.02993,0.03001,0.166889185581,0.400935516204,0.0300040975759,1.96720599676,3324410.4,33244.104,-1.51660342102,OKX_CONTRACT_OI_HISTORY,6932229.7,693222.97,-2.25546128914,OKX_CONTRACT_OI_HISTORY,2.22,0.689440993789,0.310559006211,OKX_GLOBAL_ACCOUNT_RATIO,1.7,0.62962962963,0.37037037037,OKX_GLOBAL_ACCOUNT_RATIO,,,,,PRICE_UP_OI_DOWN,PRICE_UP_OI_DOWN,PASS,PASS,,,,,,,,,,,,,,,,,,,,,,,,,,,,,,
2026-08-17T03:00:00Z,2026-08-17T05:00:00+02:00,2026-08-17T22:00:00Z,63403.33,63520,63339.78,63429.21,637.65934,40420208.7374,58474,298.93357,18950254.6583,21469954.0791,0.468831192372,0.0408022668837,0.284528932687,1902.35,1905,1898.06,1900.92,8249.9272,15688491.0316,44225,4957.9521,9428210.43915,6260280.5925,0.60096349739,-0.0756954519649,0.365636491997,0.03001,0.03004,0.02996,0.02998,-0.0999666777741,0.267022696929,0.0299691577429,3.61780506281,3314265.21,33142.6521,-0.305172610457,OKX_CONTRACT_OI_HISTORY,6993040.94,699304.094,0.8772248271,OKX_CONTRACT_OI_HISTORY,2.16,0.683544303797,0.316455696203,OKX_GLOBAL_ACCOUNT_RATIO,1.65,0.622641509434,0.377358490566,OKX_GLOBAL_ACCOUNT_RATIO,,,,,PRICE_UP_OI_DOWN,PRICE_DOWN_OI_UP,PASS,PASS,,,,,,,,,,,,,,,,,,,,,,,,,,,,,,
2026-08-17T04:00:00Z,2026-08-17T06:00:00+02:00,2026-08-17T22:00:00Z,63429.21,63580,63429.21,63532.44,714.19197,45352804.0467,53738,381.55973,24228653.0817,21124150.965,0.53422613201,0.16274836152,0.237729588623,1900.93,1904.73,1900.93,1903.34,4623.4904,8799176.34599,31151,1998.5562,3803063.20864,4996113.13734,0.432206726983,0.127306777771,0.199902153157,0.02997,0.02999,0.02995,0.02995,-0.100066711141,0.133555926544,0.0299585534571,-2.85509682978,3298207.48,32982.0748,-0.484503471586,OKX_CONTRACT_OI_HISTORY,7031288.49,703128.849,0.546937309937,OKX_CONTRACT_OI_HISTORY,2.13,0.680511182109,0.319488817891,OKX_GLOBAL_ACCOUNT_RATIO,1.62,0.618320610687,0.381679389313,OKX_GLOBAL_ACCOUNT_RATIO,,,,,PRICE_UP_OI_DOWN,PRICE_UP_OI_UP,PASS,PASS,0.977310937459,1.29914366155,0.267827251423,0.321832724093,-2.71941073639,-2.16202601137,,,,,,,,,,,,,,,,,,,,,,,,
2026-08-17T05:00:00Z,2026-08-17T07:00:00+02:00,2026-08-17T22:00:00Z,63532.43,63594.76,63446.59,63520.18,770.70619,48950194.8485,44253,347.99792,22100483.6437,26849711.2047,0.451489186349,-0.0192972283136,0.233535009525,1903.33,1904,1898.25,1899.65,4151.2619,7891005.15712,23469,1600.7381,3042900.32398,4848104.83314,0.385616314195,-0.193869723749,0.30291057553,0.02995,0.02996,0.02991,0.02992,-0.100166944908,0.16716817118,0.0299062439685,4.59971889559,3270381.56,32703.8156,-0.843667967183,OKX_CONTRACT_OI_HISTORY,7098203.15,709820.315,0.951669954876,OKX_CONTRACT_OI_HISTORY,2.06,0.673202614379,0.326797385621,OKX_GLOBAL_ACCOUNT_RATIO,1.58,0.612403100775,0.387596899225,OKX_GLOBAL_ACCOUNT_RATIO,,,,,PRICE_DOWN_OI_DOWN,PRICE_DOWN_OI_UP,PASS,PASS,0.640185106436,0.422911215077,-0.133511348465,-0.217273891359,-3.11717105142,0.0847667486715,,,,,,,,,,,,,,,,,,,,,,,,
2026-08-17T06:00:00Z,2026-08-17T08:00:00+02:00,2026-08-17T22:00:00Z,63520.18,63717.17,63477.95,63667.99,312.69187,19888108.1301,60567,146.54017,9320329.66449,10567778.4656,0.468638324144,0.232697703313,0.376855270216,1899.66,1912.6,1897.13,1907.05,12834.5966,24452565.1129,55801,7690.0386,14657688.2371,9794876.8758,0.599433563285,0.389545442582,0.815442273329,0.02991,0.03002,0.02989,0.02996,0.133689839572,0.434928069588,0.0299530423373,2.32285676831,3295777.78,32957.7778,0.77655220145,OKX_CONTRACT_OI_HISTORY,7076887.99,707688.799,-0.300289517637,OKX_CONTRACT_OI_HISTORY,2.02,0.668874172185,0.331125827815,OKX_GLOBAL_ACCOUNT_RATIO,1.59,0.6138996139,0.3861003861,OKX_GLOBAL_ACCOUNT_RATIO,,,,,PRICE_UP_OI_UP,PRICE_UP_OI_DOWN,PASS,PASS,0.4174070325,0.246535881747,-0.166611129623,-0.170871150753,-0.861284154327,2.08674980865,,,,,,,,,,,,,,,,,,,,,,,,
2026-08-17T07:00:00Z,2026-08-17T09:00:00+02:00,2026-08-17T22:00:00Z,63668,63668,63500,63514.45,696.41924,44260624.8792,54190,254.76354,16190458.5762,28070166.303,0.365798237607,-0.241157291129,0.264566929134,1907.06,1907.93,1900.77,1900.93,8547.8379,16273245.183,48985,3107.9504,5917788.10499,10355457.078,0.363651382281,-0.320914501455,0.376689446908,0.02996,0.02999,0.02991,0.02993,-0.100133511348,0.267469073888,0.0299290948753,0.302423024519,3297014.05,32970.1405,0.0375107207623,OKX_CONTRACT_OI_HISTORY,7132460.19,713246.019,0.78526324111,OKX_CONTRACT_OI_HISTORY,2,0.666666666667,0.333333333333,OKX_GLOBAL_ACCOUNT_RATIO,1.56,0.609375,0.390625,OKX_GLOBAL_ACCOUNT_RATIO,,,,,PRICE_DOWN_OI_UP,PRICE_DOWN_OI_UP,PASS,PASS,0.134386034447,0.000526061065176,-0.166777851901,-0.133859973382,-0.520512358153,1.99368559681,,,,,,,,,,,,,,,,,,,,,,,,
2026-08-17T08:00:00Z,2026-08-17T10:00:00+02:00,2026-08-18T10:00:00Z,63514.45,63545.08,63350,63380.84,520.36494,33011742.7485,43940,282.85448,17943218.8065,15068523.9421,0.543540489309,-0.210361579137,0.307940015785,1900.93,1901.72,1891.57,1894.43,8015.9606,15192856.7428,68904,3462.6017,6562464.12644,8630392.61636,0.431944053547,-0.341937893557,0.536591297176,0.02992,0.02993,0.02983,0.02988,-0.133689839572,0.335232986926,0.0298896322611,-3.22260943925,3282778.3,32827.783,-0.431777049904,OKX_CONTRACT_OI_HISTORY,7034735.33,703473.533,-1.37014238281,OKX_CONTRACT_OI_HISTORY,1.99,0.665551839465,0.334448160535,OKX_GLOBAL_ACCOUNT_RATIO,1.6,0.615384615385,0.384615384615,OKX_GLOBAL_ACCOUNT_RATIO,3.25081180166e-05,OKX_FUNDING_HISTORY,1.37824649155e-05,OKX_FUNDING_HISTORY,UNAVAILABLE,UNAVAILABLE,PASS,PASS,-0.238618255493,-0.468124454906,-0.233722871452,-0.229506199413,-0.467805015105,0.0490214560944,,,,,,,,,,,,,,,,,,,,,,,,
2026-08-17T09:00:00Z,2026-08-17T11:00:00+02:00,2026-08-18T10:00:00Z,63380.83,63428,63295,63323.96,311.26926,19719661.4228,39221,183.60794,11632080.5269,8087580.89585,0.589872223338,-0.089743209462,0.210127182242,1894.44,1897.4,1893.15,1894.02,3286.3375,6228498.54317,30774,1336.9509,2533534.56234,3694963.98083,0.406764896031,-0.0216423937543,0.22449356892,0.02989,0.02992,0.02989,0.02991,0.100401606426,0.100368016059,0.0299100056282,-0.00188171191406,3273342.21,32733.4221,-0.287442194924,OKX_CONTRACT_OI_HISTORY,7118100.85,711810.085,1.1850555293,OKX_CONTRACT_OI_HISTORY,2.01,0.667774086379,0.332225913621,OKX_GLOBAL_ACCOUNT_RATIO,1.61,0.616858237548,0.383141762452,OKX_GLOBAL_ACCOUNT_RATIO,,,,,PRICE_DOWN_OI_DOWN,PRICE_DOWN_OI_UP,PASS,PASS,-0.308909703971,-0.296370384018,-0.0334224598931,0.0125393199531,0.0905291919515,0.28032023851,,,,,,,,,,,,,,,,,,,,,,,,
2026-08-17T10:00:00Z,2026-08-17T12:00:00+02:00,2026-08-18T10:00:00Z,63323.97,63694.26,63300.25,63692.21,683.00101,43379286.4676,83251,400.27783,25416191.8901,17963094.5775,0.585906176882,0.581533435369,0.62244619887,1894.02,1909.49,1892.16,1907.16,7049.5237,13408415.1231,82525,3765.4814,7163922.24003,6244492.88304,0.534285534441,0.693762473469,0.915884491798,0.02991,0.03,0.02988,0.02995,0.133734536944,0.401606425703,0.029943379261,2.21108611758,3258010.25,32580.1025,-0.468388546519,OKX_CONTRACT_OI_HISTORY,7094340.47,709434.047,-0.333802238837,OKX_CONTRACT_OI_HISTORY,2,0.666666666667,0.333333333333,OKX_GLOBAL_ACCOUNT_RATIO,1.59,0.6138996139,0.3861003861,OKX_GLOBAL_ACCOUNT_RATIO,,,,,PRICE_UP_OI_DOWN,PRICE_UP_OI_DOWN,PASS,PASS,0.0380410941197,0.00576807110459,-0.0333778371162,-0.0322730230151,-1.14593678704,0.246612353123,,,,,,,,,,,,,,,,,,,,,,,,
2026-08-17T11:00:00Z,2026-08-17T13:00:00+02:00,2026-08-18T10:00:00Z,63692.2,63781.69,63587.05,63631.1,428.28018,27269809.4728,64642,178.86329,11388789.9505,15881019.5223,0.417633645804,-0.0959457993372,0.306100062827,1907.15,1908.55,1904.09,1904.46,4836.4582,9219732.95243,44873,2514.4672,4793195.5728,4426537.37963,0.519884425886,-0.141571761153,0.234232625559,0.02994,0.02997,0.02991,0.02993,-0.0667779632721,0.200601805416,0.0299297041855,0.0988364155718,3244468.12,32444.6812,-0.415656457803,OKX_CONTRACT_OI_HISTORY,7113759.47,711375.947,0.273725233263,OKX_CONTRACT_OI_HISTORY,1.96,0.662162162162,0.337837837838,OKX_GLOBAL_ACCOUNT_RATIO,1.53,0.604743083004,0.395256916996,OKX_GLOBAL_ACCOUNT_RATIO,,,,,PRICE_DOWN_OI_DOWN,PRICE_DOWN_OI_UP,PASS,PASS,0.183658994134,0.185698579117,0,0.00203958498213,-1.59374298086,-0.262191719292,,,,,,,,,,,,,,,,,,,,,,,,
2026-08-17T12:00:00Z,2026-08-17T14:00:00+02:00,2026-08-18T10:00:00Z,63631.11,63680,63533.06,63554.69,405.66003,25799382.3569,79468,172.31084,10958881.6265,14840500.7304,0.42477302266,-0.120082789705,0.23128116291,1904.46,1906.71,1896.46,1899.22,6347.6216,12066540.9108,50820,2493.0682,4738745.22018,7327795.69064,0.392717785089,-0.275143610262,0.540480685066,0.02994,0.02995,0.02985,0.02989,-0.133645172068,0.335008375209,0.0298832391441,2.26242404777,3239281.72,32392.8172,-0.159853628027,OKX_CONTRACT_OI_HISTORY,7016614.1,701661.41,-1.36559818208,OKX_CONTRACT_OI_HISTORY,1.92,0.657534246575,0.342465753425,OKX_GLOBAL_ACCOUNT_RATIO,1.54,0.606299212598,0.393700787402,OKX_GLOBAL_ACCOUNT_RATIO,,,,,PRICE_DOWN_OI_DOWN,PRICE_DOWN_OI_DOWN,PASS,PASS,0.274294250439,0.252846502642,0.0334672021419,-0.0214477477972,-1.32499291835,-0.25759647165,1.01267468499,1.07986992597,0.0669568128557,0.067195240976,-4.45742530654,-2.36621512823,,,,,,,,,,,,,,,,,,
2026-08-17T13:00:00Z,2026-08-17T15:00:00+02:00,2026-08-18T10:00:00Z,63554.7,63799.64,63444.17,63672.36,585.29579,37244441.1744,145130,289.0495,18396208.8771,18848232.2973,0.493931665963,0.185147626399,0.56028788776,1899.22,1909.11,1896.28,1904.92,10174.4195,19364982.4578,108919,4687.4205,8922899.29433,10442083.1635,0.460774974301,0.300123208475,0.676587845677,0.02988,0.02994,0.02987,0.02992,0.100368016059,0.234348844995,0.029917534076,0.824240388047,3223474.36,32234.7436,-0.487989664573,OKX_CONTRACT_OI_HISTORY,7060752.23,706075.223,0.629051696031,OKX_CONTRACT_OI_HISTORY,1.91,0.656357388316,0.343642611684,OKX_GLOBAL_ACCOUNT_RATIO,1.53,0.604743083004,0.395256916996,OKX_GLOBAL_ACCOUNT_RATIO,,,,,PRICE_UP_OI_DOWN,PRICE_UP_OI_UP,PASS,PASS,0.550186690788,0.575495506911,0.033433634236,0.0253088161231,-1.52345360799,-0.805673046905,0.881296252051,0.701503978009,-0.133511348465,-0.179792274042,-4.50676494152,-0.443291763253,,,,,,,,,,,,,,,,,,
2026-08-17T14:00:00Z,2026-08-17T16:00:00+02:00,2026-08-18T10:00:00Z,63672.37,63904.76,63588,63902.63,583.47166,37167087.1828,134653,330.61487,21063898.2754,16103188.9074,0.566735245402,0.361648288205,0.498144303957,1904.92,1911.51,1898.37,1909.61,7986.3391,15204564.2337,67893,4018.0517,7652581.79975,7551982.43391,0.503308196286,0.246204565021,0.692172758735,0.02992,0.02992,0.02984,0.02989,-0.100267379679,0.268096514745,0.0298831206165,2.30209676321,3199458.24,31994.5824,-0.745038344279,OKX_CONTRACT_OI_HISTORY,7081089.41,708108.941,0.28803135045,OKX_CONTRACT_OI_HISTORY,1.89,0.653979238754,0.346020761246,OKX_GLOBAL_ACCOUNT_RATIO,1.53,0.604743083004,0.395256916996,OKX_GLOBAL_ACCOUNT_RATIO,,,,,PRICE_UP_OI_DOWN,PRICE_UP_OI_UP,PASS,PASS,0.330370071944,0.12846326475,-0.200333889816,-0.201906807195,-1.79717083456,-0.186783536201,0.787482173652,0.381105574129,-0.399866711096,-0.406376599523,-3.75862619128,2.1473568598,,,,,,,,,,,,,,,,,,
2026-08-17T15:00:00Z,2026-08-17T17:00:00+02:00,2026-08-18T10:00:00Z,63902.63,64227.27,63812.35,64200,1356.1435,86813936.5242,165509,676.50987,43310391.8449,43503544.6793,0.498887547079,0.465348609283,0.650218962317,1909.61,1915.5,1904.54,1913.22,15263.4571,29158177.5214,104566,8201.2708,15665235.5957,13492941.9257,0.537250161954,0.189043836176,0.57546704191,0.02989,0.02989,0.02978,0.0298,-0.301104048177,0.369375419745,0.0298009345794,-0.313607426223,3178760.06,31787.6006,-0.646927649851,OKX_CONTRACT_OI_HISTORY,7089298.71,708929.871,0.115932726233,OKX_CONTRACT_OI_HISTORY,1.76,0.63768115942,0.36231884058,OKX_GLOBAL_ACCOUNT_RATIO,1.51,0.601593625498,0.398406374502,OKX_GLOBAL_ACCOUNT_RATIO,,,,,PRICE_UP_OI_DOWN,PRICE_UP_OI_UP,PASS,PASS,0.894059665792,0.459972905706,-0.434346809222,-0.434086760087,-2.025233646,-0.343851378489,1.21519722538,0.647055110157,-0.600400266845,-0.568142115222,-4.08854275123,1.37647942899,,,,,,,,,,,,,,,,,,
2026-08-17T16:00:00Z,2026-08-17T18:00:00+02:00,2026-08-18T10:00:00Z,64200,64216.42,64058,64115.76,671.84426,43078867.3081,99868,282.93479,18141294.8546,24937572.4535,0.42111819526,-0.131214953271,0.247307127915,1913.22,1913.85,1905.37,1907.22,5506.4539,10513140.9613,62263,2387.9071,4558712.23365,5954428.72769,0.433620385232,-0.313607426224,0.445057915261,0.0298,0.0298,0.02974,0.02975,-0.167785234899,0.201748486886,0.0297465085027,1.17375027527,3209530.98,32095.3098,0.968016440977,OKX_CONTRACT_OI_HISTORY,7057664.64,705766.464,-0.446222839438,OKX_CONTRACT_OI_HISTORY,1.74,0.63503649635,0.36496350365,OKX_GLOBAL_ACCOUNT_RATIO,1.48,0.596774193548,0.403225806452,OKX_GLOBAL_ACCOUNT_RATIO,2.34012172617e-05,OKX_FUNDING_HISTORY,3.33349287259e-05,OKX_FUNDING_HISTORY,PRICE_DOWN_OI_UP,PRICE_DOWN_OI_DOWN,PASS,PASS,0.882814470498,0.421225555754,-0.468384074941,-0.461588914743,-0.918436325446,0.58504770841,0.918145123971,0.203852175649,-0.667779632721,-0.714292948322,-2.68862709632,0.37512541318,,,,,,,,,,,,,,,,,,
2026-08-17T17:00:00Z,2026-08-17T19:00:00+02:00,2026-08-18T10:00:00Z,64115.76,64425,63979.3,64325.99,1418.9831,91141125.1698,201229,801.03085,51448256.0559,39692869.1138,0.564490025333,0.327891301608,0.696631566772,1907.21,1914.19,1904.59,1908.91,8926.7678,17035160.018,88464,5434.2561,10369983.7515,6665176.2665,0.608740025955,0.0886106479588,0.504045490105,0.02974,0.02977,0.02968,0.02968,-0.235294117647,0.303234501348,0.0296755634853,1.49500605057,3192681.7,31926.817,-0.524976393903,OKX_CONTRACT_OI_HISTORY,7064403.86,706440.386,0.0954879601648,OKX_CONTRACT_OI_HISTORY,1.69,0.628252788104,0.371747211896,OKX_GLOBAL_ACCOUNT_RATIO,1.48,0.596774193548,0.403225806452,OKX_GLOBAL_ACCOUNT_RATIO,,,,,PRICE_UP_OI_DOWN,PRICE_UP_OI_UP,PASS,PASS,1.02655218057,0.209457615018,-0.802139037433,-0.817094565551,-0.955263065905,0.0517172941501,1.2685889744,0.487458215987,-0.802139037433,-0.781130758414,-2.37586527977,-0.476166845126,,,,,,,,,,,,,,,,,,
2026-08-17T18:00:00Z,2026-08-17T20:00:00+02:00,2026-08-18T10:00:00Z,64325.99,64610.01,64280.49,64428.87,1040.45275,67057803.9729,156434,590.7855,38077816.0449,28979987.9279,0.567835714697,0.159935354279,0.512628326262,1908.9,1912.91,1907.33,1910.01,5594.8243,10686552.1145,50451,3133.7335,5985653.78427,4700898.33023,0.560110849612,0.0576245082272,0.292555561964,0.02967,0.02968,0.0296,0.02964,-0.134770889488,0.27027027027,0.0296452506462,-1.7711593133,3227089.77,32270.8977,1.07771689235,OKX_CONTRACT_OI_HISTORY,7066811.56,706681.156,0.0340821398056,OKX_CONTRACT_OI_HISTORY,1.62,0.618320610687,0.381679389313,OKX_GLOBAL_ACCOUNT_RATIO,1.47,0.595141700405,0.404858299595,OKX_GLOBAL_ACCOUNT_RATIO,,,,,PRICE_UP_OI_UP,PRICE_UP_OI_UP,PASS,PASS,0.823502882432,0.0209466854489,-0.836400133824,-0.802556196983,0.863631525317,-0.201633522376,1.19507463641,0.155213549723,-1.06809078772,-1.03986108668,-2.08412139971,-0.142385042892,,,,,,,,,,,,,,,,,,
2026-08-17T19:00:00Z,2026-08-17T21:00:00+02:00,2026-08-18T10:00:00Z,64428.88,64428.88,64288.35,64309.96,452.68874,29136181.0149,83501,203.14939,13074666.8235,16061514.1915,0.448743327643,-0.184560120331,0.218593259899,1910,1910.92,1906.69,1907.25,3725.4807,7110114.14949,40234,1784.0331,3404674.82722,3705439.32227,0.478849531194,-0.144501861247,0.2218504319,0.02965,0.02967,0.02963,0.02966,0.0674763832659,0.134998312521,0.0296571479752,0.961665224799,3246646.12,32466.4612,0.606005763515,OKX_CONTRACT_OI_HISTORY,7050396.46,705039.646,-0.232284388237,OKX_CONTRACT_OI_HISTORY,1.61,0.616858237548,0.383141762452,OKX_GLOBAL_ACCOUNT_RATIO,1.47,0.595141700405,0.404858299595,OKX_GLOBAL_ACCOUNT_RATIO,,,,,PRICE_DOWN_OI_UP,PRICE_DOWN_OI_DOWN,PASS,PASS,0.171277258567,-0.312039389093,-0.469798657718,-0.48331664766,2.13561447604,-0.548746097341,1.25248663887,0.332468844197,-0.90210491146,-0.92001779467,-1.52768320778,-1.15056695465,,,,,,,,,,,,,,,,,,
2026-08-17T20:00:00Z,2026-08-17T22:00:00+02:00,2026-08-18T22:00:00Z,64309.95,64434,64266,64392.73,244.13801,15710189.8258,61012,118.5969,7630697.35947,8079492.46629,0.485716432717,0.128720361313,0.26141350014,1907.24,1910.77,1905,1906.73,4484.5194,8553569.13524,35134,2469.0657,4709205.99718,3844363.13806,0.550554502188,-0.0267402109855,0.302887139108,0.02965,0.02967,0.0296,0.02961,-0.134907251265,0.236486486486,0.0296109514226,-0.321307683836,3250352.13,32503.5213,0.114148874347,OKX_CONTRACT_OI_HISTORY,7026061.96,702606.196,-0.345150803051,OKX_CONTRACT_OI_HISTORY,1.6,0.615384615385,0.384615384615,OKX_GLOBAL_ACCOUNT_RATIO,1.47,0.595141700405,0.404858299595,OKX_GLOBAL_ACCOUNT_RATIO,,,,,UNAVAILABLE,UNAVAILABLE,PASS,PASS,0.431984273445,-0.0256918446744,-0.470588235294,-0.45767611812,1.27187275195,-0.447778147759,1.59652349196,0.64927181263,-0.903614457831,-0.947251679328,-0.987766063886,-0.123293480041,,,,,,,,,,,,,,,,,,
2026-08-17T21:00:00Z,2026-08-17T23:00:00+02:00,2026-08-18T22:00:00Z,64392.72,64434.76,64296,64382.02,218.14648,14042003.063,47226,96.53972,6213863.06565,7828139.99739,0.442519705896,-0.0166323123744,0.215814358592,1906.73,1908.82,1905.91,1906.35,2958.0005,5641525.41406,30229,1251.3265,2386287.88487,3255237.52919,0.422986286461,-0.0199294079393,0.15268297034,0.02962,0.02965,0.02961,0.02961,0,0.135089496792,0.0296099749588,0.00845699897667,3251029.44,32510.2944,0.0208380499377,OKX_CONTRACT_OI_HISTORY,7018418.49,701841.849,-0.108787398169,OKX_CONTRACT_OI_HISTORY,1.59,0.6138996139,0.3861003861,OKX_GLOBAL_ACCOUNT_RATIO,1.47,0.595141700405,0.404858299595,OKX_GLOBAL_ACCOUNT_RATIO,,,,,PRICE_DOWN_OI_UP,PRICE_DOWN_OI_DOWN,PASS,PASS,0.087103206651,-0.13410794642,-0.235849056604,-0.221211153071,1.82754641654,-0.650944805978,1.67086834115,0.650996293598,-1.00300902708,-1.01987204755,-0.681651002814,-1.40040668291,,,,,,,,,,,,,,,,,,
2026-08-17T22:00:00Z,2026-08-18T00:00:00+02:00,2026-08-18T22:00:00Z,64382.02,64416,64283.49,64291.25,321.62233,20687265.3661,39837,188.1001,12098016.0513,8589249.31476,0.584804991729,-0.140986567368,0.206133798896,1906.35,1908.03,1903.59,1904.55,2080.0292,3962758.13338,22308,964.2666,1836994.64639,2125763.48699,0.463564664954,-0.0944212762609,0.233243503065,0.02961,0.02963,0.02961,0.02962,0.0337723741979,0.0675447483958,0.0296237823965,-1.2768107952,3241476.8,32414.768,-0.293834312371,OKX_CONTRACT_OI_HISTORY,6980424.49,698042.449,-0.541347029308,OKX_CONTRACT_OI_HISTORY,1.56,0.609375,0.390625,OKX_GLOBAL_ACCOUNT_RATIO,1.46,0.593495934959,0.406504065041,OKX_GLOBAL_ACCOUNT_RATIO,,,,,PRICE_DOWN_OI_DOWN,PRICE_DOWN_OI_DOWN,PASS,PASS,-0.213599897065,-0.285862377684,-0.0674763832659,-0.0722624806191,0.445820569782,-1.22243347324,0.94052318172,-0.136852702448,-1.10183639399,-1.07737588417,-0.507470779136,-1.60573037736,,,,,,,,,,,,,,,,,,
2026-08-17T23:00:00Z,2026-08-18T01:00:00+02:00,2026-08-18T22:00:00Z,64291.26,64578,64288.24,64532.1,350.04837,22567531.3179,54248,174.1908,11229531.1373,11338000.1806,0.497596789791,0.374623296327,0.450720069487,1904.56,1918.71,1904.01,1913.6,7136.5405,13653875.9223,46032,3443.4104,6588286.39141,7065589.53085,0.482521331593,0.475177863537,0.77205476862,0.02962,0.02972,0.02962,0.02965,0.101282916948,0.33760972316,0.0296534592862,-1.1665708612,3222239.92,32222.3992,-0.593460363499,OKX_CONTRACT_OI_HISTORY,6924533.78,692453.378,-0.800677810928,OKX_CONTRACT_OI_HISTORY,1.54,0.606299212598,0.393700787402,OKX_GLOBAL_ACCOUNT_RATIO,1.45,0.591836734694,0.408163265306,OKX_GLOBAL_ACCOUNT_RATIO,,,,,PRICE_UP_OI_DOWN,PRICE_UP_OI_DOWN,PASS,PASS,0.345420833725,0.332940096998,-0.0337154416723,-0.0124807367264,-0.751735763552,-1.78518585039,1.41597426416,0.479926068282,-0.935516204477,-0.936048195875,-0.685110753993,-2.65999561551,,,,,,,,,,,,,,,,,,
2026-08-18T00:00:00Z,2026-08-18T02:00:00+02:00,2026-08-18T22:00:00Z,64532.11,64568.46,64367.27,64383.71,332.9031,21454054.5674,60012,146.54079,9442756.2132,12011298.3542,0.44013853808,-0.229947576477,0.312565687499,1913.59,1914.38,1908.62,1910.11,3608.7213,6896005.27894,49104,1516.0299,2896872.0352,3999133.24374,0.420079729934,-0.182378762542,0.301788726934,0.02965,0.02967,0.02963,0.02966,0.0337268128162,0.134998312521,0.0296675975957,-2.56090696347,3232360.83,32323.6083,0.314095481754,OKX_CONTRACT_OI_HISTORY,6946829.8,694682.98,0.321985865162,OKX_CONTRACT_OI_HISTORY,1.51,0.601593625498,0.398406374502,OKX_GLOBAL_ACCOUNT_RATIO,1.44,0.590163934426,0.409836065574,OKX_GLOBAL_ACCOUNT_RATIO,-1.7199214452e-05,OKX_FUNDING_HISTORY,1.2978004836e-05,OKX_FUNDING_HISTORY,PRICE_DOWN_OI_UP,PRICE_DOWN_OI_UP,PASS,PASS,-0.0140077924946,0.177266839039,0.16886187099,0.191274631533,-0.553518489088,-1.1276894575,1.30441986264,0.573393287771,-0.769488123118,-0.73102657487,-0.213655081535,-0.994558044741,2.33030407737,1.65945511541,-0.703046534985,-0.670848961957,-4.6615568724,-3.33723979005,,,,,,,,,,,,
2026-08-18T01:00:00Z,2026-08-18T03:00:00+02:00,2026-08-18T22:00:00Z,64383.72,64387.71,64156,64200.06,378.48537,24336175.6101,63601,190.53167,12252877.349,12083298.2611,0.503484094845,-0.285242959749,0.361166531579,1910.12,1910.33,1899.78,1901.54,5386.4683,10256314.0161,42880,2393.7182,4556389.33411,5699924.68203,0.444252128683,-0.448665260116,0.555327458969,0.02967,0.02967,0.02961,0.02962,-0.134861766689,0.202634245187,0.029618975434,0.345915415927,3214423.61,32144.2361,-0.554926288969,OKX_CONTRACT_OI_HISTORY,6899401.47,689940.147,-0.682733439072,OKX_CONTRACT_OI_HISTORY,1.46,0.593495934959,0.406504065041,OKX_GLOBAL_ACCOUNT_RATIO,1.46,0.593495934959,0.406504065041,OKX_GLOBAL_ACCOUNT_RATIO,,,,,PRICE_DOWN_OI_DOWN,PRICE_DOWN_OI_DOWN,PASS,PASS,-0.282625490781,-0.252314632675,0.0337723741979,0.0303108581064,-1.12597657682,-1.69578118161,0.828774055179,-0.177435272872,-1.00267379679,-1.00620932805,-0.280776236731,-2.28517804823,1.71737426192,0.522823989639,-1.13484646195,-1.19455027228,-4.77488725325,-2.71833980542,,,,,,,,,,,,
2026-08-18T02:00:00Z,2026-08-18T04:00:00+02:00,2026-08-18T22:00:00Z,64200.06,64272,64048,64103.22,442.34864,28379212.1691,76898,187.88031,12052621.9593,16326590.2098,0.424698962306,-0.150840980522,0.349737696727,1901.53,1903.6,1889.28,1893.19,9341.1567,17709708.1984,82322,3649.0988,6918799.3492,10790908.8492,0.390678337084,-0.439117767704,0.757960704607,0.02961,0.02962,0.02949,0.02954,-0.270087778528,0.440827399118,0.0295334618136,2.21382322958,3220382.17,32203.8217,0.185369469707,OKX_CONTRACT_OI_HISTORY,6789873.83,678987.383,-1.58749480627,OKX_CONTRACT_OI_HISTORY,1.51,0.601593625498,0.398406374502,OKX_GLOBAL_ACCOUNT_RATIO,1.58,0.612403100775,0.387596899225,OKX_GLOBAL_ACCOUNT_RATIO,,,,,PRICE_DOWN_OI_UP,PRICE_DOWN_OI_DOWN,PASS,PASS,-0.292465926545,-0.596466356882,-0.270087778528,-0.304000430337,-0.650772203583,-2.72978613654,0.313899443575,-0.859861437676,-1.17096018735,-1.17376088125,0.653983531912,-4.11258159781,1.10385351939,-0.482032843416,-1.56614461846,-1.5858863628,-3.12922345568,-2.05353654106,,,,,,,,,,,,
2026-08-18T03:00:00Z,2026-08-18T05:00:00+02:00,2026-08-18T22:00:00Z,64103.22,64195.45,64047.73,64185.01,577.49413,37033375.9886,45547,328.25737,21050861.2143,15982514.7743,0.568429441074,0.127591094488,0.230640492645,1893.19,1895.49,1885.78,1894.69,9433.1464,17844743.6642,86921,4271.4777,8081312.11664,9763431.54754,0.452867929555,0.0792313502607,0.51490629872,0.02953,0.02955,0.02945,0.02953,-0.0338524035207,0.339558573854,0.0295191977068,3.65941288549,3219454.19,32194.5419,-0.0288158346124,OKX_CONTRACT_OI_HISTORY,6976811.21,697681.121,2.7531789939,OKX_CONTRACT_OI_HISTORY,1.53,0.604743083004,0.395256916996,OKX_GLOBAL_ACCOUNT_RATIO,1.68,0.626865671642,0.373134328358,OKX_GLOBAL_ACCOUNT_RATIO,,,,,PRICE_UP_OI_DOWN,PRICE_UP_OI_UP,PASS,PASS,-0.53785635366,-0.988189799331,-0.404721753794,-0.450333445671,-0.0864532148183,0.754959563501,-0.0233489096573,-0.968524267988,-0.906040268456,-0.945175358331,1.2801887916,-1.58672253211,1.19156458042,-0.3277360436,-1.50100066711,-1.51930062402,-2.86069502567,-0.232084012367,,,,,,,,,,,,
2026-08-18T04:00:00Z,2026-08-18T06:00:00+02:00,2026-08-18T22:00:00Z,64185,64250.69,64090,64210.32,739.25374,47446813.4954,41974,368.67829,23662811.1208,23784002.3746,0.498722872572,0.0394328831607,0.250725542206,1894.68,1897.7,1891.53,1896.66,4012.2189,7604546.59193,32038,1619.8055,3070198.04077,4534348.55116,0.403731899549,0.10397479271,0.326190967101,0.02953,0.02955,0.02952,0.02955,0.0677277345073,0.10162601626,0.0295382424507,3.98044984341,3232526.99,32325.2699,0.406056406723,OKX_CONTRACT_OI_HISTORY,6998796.1,699879.61,0.315113729443,OKX_CONTRACT_OI_HISTORY,1.55,0.607843137255,0.392156862745,OKX_GLOBAL_ACCOUNT_RATIO,1.72,0.632352941176,0.367647058824,OKX_GLOBAL_ACCOUNT_RATIO,,,,,PRICE_UP_OI_UP,PRICE_UP_OI_UP,PASS,PASS,-0.269307251788,-0.704147928653,-0.370869858395,-0.434840676866,0.00514051520666,0.748057768739,0.14748323969,-0.553685468902,-0.672268907563,-0.701168708593,0.716491292444,-0.834107923836,1.06698247384,-0.350961993128,-1.33555926544,-1.41794446696,-1.9913995829,-0.462111461451,,,,,,,,,,,,
2026-08-18T05:00:00Z,2026-08-18T07:00:00+02:00,2026-08-18T22:00:00Z,64210.33,64276,64140,64242.76,1323.90812,85022459.1822,70644,697.01088,44760239.5219,40262219.6602,0.526451951078,0.0505214738067,0.212036170876,1896.66,1898.95,1892.75,1895.63,4550.5462,8628485.98249,36460,1778.3151,3371710.17619,5256775.8063,0.39076498276,-0.0543059905307,0.327565711267,0.02954,0.02955,0.0295,0.02952,-0.10152284264,0.169491525424,0.0295072938958,4.30608926848,3242104.73,32421.0473,0.296292653693,OKX_CONTRACT_OI_HISTORY,6969146.73,696914.673,-0.423635287789,OKX_CONTRACT_OI_HISTORY,1.54,0.606299212598,0.393700787402,OKX_GLOBAL_ACCOUNT_RATIO,1.72,0.632352941176,0.367647058824,OKX_GLOBAL_ACCOUNT_RATIO,,,,,PRICE_UP_OI_UP,PRICE_DOWN_OI_DOWN,PASS,PASS,0.0665108412671,-0.310800719417,-0.33760972316,-0.377311560684,0.861153455751,1.01088855755,-0.129387825978,-0.695684972052,-0.539083557951,-0.566297146074,1.54800993785,-1.34841002706,1.13755974873,-0.211617929619,-1.33689839572,-1.34917767835,-0.864633972557,-1.8181561907,,,,,,,,,,,,
2026-08-18T06:00:00Z,2026-08-18T08:00:00+02:00,2026-08-18T22:00:00Z,64242.76,64446,64170,64318.03,694.7657,44682782.4833,80450,305.35445,19636314.3093,25046468.174,0.439460418935,0.117164953685,0.430107526882,1895.62,1906.94,1893.64,1902.83,5111.9241,9714058.46887,35246,2481.3444,4716458.60243,4997599.86644,0.485529155249,0.379820956621,0.70235102765,0.02951,0.02959,0.0295,0.02959,0.237127371274,0.305084745763,0.0295847058749,1.7894804055,3235718.85,32357.1885,-0.196967110313,OKX_CONTRACT_OI_HISTORY,6883729.21,688372.921,-1.22565248386,OKX_CONTRACT_OI_HISTORY,1.53,0.604743083004,0.395256916996,OKX_GLOBAL_ACCOUNT_RATIO,1.68,0.626865671642,0.373134328358,OKX_GLOBAL_ACCOUNT_RATIO,,,,,PRICE_UP_OI_DOWN,PRICE_UP_OI_DOWN,PASS,PASS,0.335100171255,0.509193477675,0.169262017603,0.17409330642,0.476237887008,1.38228459541,-0.172034679485,-0.375914262229,-0.168690958165,-0.203879582744,0.267395102554,-2.59073485186,1.0209840141,-0.221284182376,-1.2349799733,-1.24226819648,-1.82229913571,-2.72943107582,,,,,,,,,,,,
2026-08-18T07:00:00Z,2026-08-18T09:00:00+02:00,2026-08-18T22:00:00Z,64318.03,64350,64164,64198.97,394.05527,25320600.2096,60261,148.85564,9564257.74263,15756342.467,0.377726343904,-0.185111391005,0.289882176922,1902.84,1903.27,1897.07,1898.84,5879.0561,11170421.0339,37048,3198.4646,6075746.31732,5094674.71656,0.543913814788,-0.209687675725,0.326819779976,0.02959,0.02959,0.02955,0.02958,-0.0337952010815,0.135363790186,0.0295774215692,0.871756440775,3268877.88,32688.7788,1.02478093855,OKX_CONTRACT_OI_HISTORY,6878795.83,687879.583,-0.071667258393,OKX_CONTRACT_OI_HISTORY,1.52,0.603174603175,0.396825396825,OKX_GLOBAL_ACCOUNT_RATIO,1.66,0.624060150376,0.375939849624,OKX_GLOBAL_ACCOUNT_RATIO,,,,,PRICE_DOWN_OI_UP,PRICE_DOWN_OI_DOWN,PASS,PASS,0.0217496265873,0.219033192765,0.169319336268,0.197283566178,1.53515742369,-1.40487361704,-0.172586019335,-0.440949010355,-0.269723533378,-0.26836299102,0.68476080171,-2.43391461705,1.0777390027,-0.109946184236,-1.1693952556,-1.18768518694,-0.853383381851,-3.55647775442,,,,,,,,,,,,
2026-08-18T08:00:00Z,2026-08-18T10:00:00+02:00,2026-08-19T10:00:00Z,64198.97,64336,64087.98,64296.02,402.40674,25846827.591,66718,183.34539,11776125.6675,14070701.9235,0.455612033084,0.151170649623,0.386999246973,1898.83,1901.83,1893.8,1900.3,5695.0774,10810815.9172,58468,3011.7217,5717030.96627,5093784.95097,0.528825114592,0.0774160930678,0.424015207519,0.02958,0.02958,0.02954,0.02956,-0.0676132521974,0.135409614083,0.0295554841497,1.52792295953,3283251.92,32832.5192,0.439723982592,OKX_CONTRACT_OI_HISTORY,6894541.31,689454.131,0.228898783873,OKX_CONTRACT_OI_HISTORY,1.53,0.604743083004,0.395256916996,OKX_GLOBAL_ACCOUNT_RATIO,1.68,0.626865671642,0.373134328358,OKX_GLOBAL_ACCOUNT_RATIO,5.21315570257e-05,OKX_FUNDING_HISTORY,4.48222464397e-05,OKX_FUNDING_HISTORY,UNAVAILABLE,UNAVAILABLE,PASS,PASS,0.133467641962,0.19191631605,0.0338409475465,0.0584486740887,1.56920360315,-1.48961033455,-0.150187761879,-0.337226560656,-0.16886187099,-0.187038798777,1.01219156215,-1.87189709895,1.44393794718,0.30985573497,-1.07095046854,-1.13408221221,0.0144274135113,-1.99288265192,,,,,,,,,,,,
2026-08-18T09:00:00Z,2026-08-18T11:00:00+02:00,2026-08-19T10:00:00Z,64296.01,64296.01,64140,64171.95,269.49893,17299989.7022,45561,90.57435,5813818.66336,11486171.0389,0.336059082313,-0.192966843049,0.243233551606,1900.31,1900.31,1895.58,1896.93,5741.5425,10892169.1167,42764,2811.8378,5334030.44508,5558138.67166,0.489712415214,-0.177340419934,0.249527848996,0.02956,0.02957,0.02955,0.02956,0,0.0676818950931,0.0295601115441,-0.0377346554714,3287638.8,32876.388,0.133613871457,OKX_CONTRACT_OI_HISTORY,6893569.8,689356.98,-0.0140910026689,OKX_CONTRACT_OI_HISTORY,1.52,0.603174603175,0.396825396825,OKX_GLOBAL_ACCOUNT_RATIO,1.68,0.626865671642,0.373134328358,OKX_GLOBAL_ACCOUNT_RATIO,,,,,PRICE_DOWN_OI_UP,PRICE_DOWN_OI_DOWN,PASS,PASS,-0.110222537139,0.0685787838344,0.135501355014,0.178801320973,1.40446018226,-1.08445026239,-0.326286749002,-0.494138012432,-0.16886187099,-0.16785126343,1.12608515781,-1.77887212308,1.33912977015,0.153641461019,-1.17017719826,-1.18548830913,0.436758184229,-3.15436736191,,,,,,,,,,,,
2026-08-18T10:00:00Z,2026-08-18T12:00:00+02:00,2026-08-19T10:00:00Z,64171.95,64216,64123.42,64202.8,219.75251,14102515.0034,35892,97.35214,6247692.3666,7854822.63684,0.443019728401,0.0480739637801,0.144377826385,1896.93,1899.56,1895.21,1898.02,3128.3749,5935706.35434,32358,1479.3782,2807072.11171,3128634.24263,0.472912901033,0.057461266362,0.229526015587,0.02957,0.02957,0.02954,0.02957,0.0338294993234,0.101557210562,0.0295628851078,2.40669750582,3280547.62,32805.4762,-0.215692186137,OKX_CONTRACT_OI_HISTORY,6908120.05,690812.005,0.211069887187,OKX_CONTRACT_OI_HISTORY,1.53,0.604743083004,0.395256916996,OKX_GLOBAL_ACCOUNT_RATIO,1.69,0.628252788104,0.371747211896,OKX_GLOBAL_ACCOUNT_RATIO,,,,,PRICE_UP_OI_DOWN,PRICE_UP_OI_UP,PASS,PASS,-0.179156606631,-0.252781383518,-0.0675904021629,-0.0736247768871,1.38543464615,0.354325965707,-0.137577041977,-0.342863143525,-0.16880486158,-0.205286101548,1.20534010917,-1.03581723581,0.801652195771,-0.479246628495,-1.26878130217,-1.28089882427,0.691752581196,-2.62491518116,,,,,,,,,,,,
2026-08-18T11:00:00Z,2026-08-18T13:00:00+02:00,2026-08-19T10:00:00Z,64202.81,64402.35,64192.42,64351.19,310.52659,19977742.4381,48834,160.74723,10340291.5519,9637450.88613,0.517590592831,0.231126991346,0.327032381705,1898.01,1905.65,1897.65,1903.11,4314.4873,8210675.45446,45154,2350.556,4472668.52875,3738006.92571,0.544738195239,0.26817420259,0.421574052117,0.02957,0.02961,0.02955,0.02958,0.0338180588434,0.203045685279,0.0295738120771,2.09236565411,3274512.07,32745.1207,-0.183979953932,OKX_CONTRACT_OI_HISTORY,6859780.55,685978.055,-0.699748985978,OKX_CONTRACT_OI_HISTORY,1.54,0.606299212598,0.393700787402,OKX_GLOBAL_ACCOUNT_RATIO,1.64,0.621212121212,0.378787878788,OKX_GLOBAL_ACCOUNT_RATIO,,,,,PRICE_UP_OI_DOWN,PRICE_UP_OI_DOWN,PASS,PASS,0.237106607785,0.224874133682,0,-0.0122324741035,0.172358534238,-0.276433266373,-0.28034110156,-0.548181438127,-0.236087689713,-0.267840336567,1.62223022797,-0.93512764985,1.13166360475,-0.0708862354683,-1.1693952556,-1.20254984022,0.926005400232,-3.57024891088,,,,,,,,,,,,
2026-08-18T12:00:00Z,2026-08-18T14:00:00+02:00,2026-08-19T10:00:00Z,64351.18,64355.64,64218.45,64230.02,236.94493,15231843.0031,40301,106.20542,6827293.34054,8404549.66257,0.448225033513,-0.188294886233,0.213630195061,1903.12,1904.07,1899.11,1899.48,2694.0778,5121695.39063,34602,1163.3743,2211637.84408,2910057.54655,0.431817528259,-0.190740419629,0.261174971434,0.02958,0.02958,0.02956,0.02958,0,0.0676589986468,0.0295730874753,2.3374376145,3262898.44,32628.9844,-0.354667497072,OKX_CONTRACT_OI_HISTORY,6854391.36,685439.136,-0.0785621341779,OKX_CONTRACT_OI_HISTORY,1.52,0.603174603175,0.396825396825,OKX_GLOBAL_ACCOUNT_RATIO,1.63,0.619771863118,0.380228136882,OKX_GLOBAL_ACCOUNT_RATIO,,,,,PRICE_DOWN_OI_DOWN,PRICE_DOWN_OI_DOWN,PASS,PASS,-0.102650210697,-0.0431510814082,0.0676589986468,0.0594991292891,-0.619918315619,-0.582344034138,-0.238709449952,-0.556512452162,-0.269723533378,-0.31780300221,0.944746320292,-1.33065646721,1.06259663921,0.013689830562,-1.03713616594,-1.04890680865,0.729072740237,-2.31198036101,,,,,,,,,,,,
2026-08-18T13:00:00Z,2026-08-18T15:00:00+02:00,2026-08-19T10:00:00Z,64230.02,64284,64027.85,64219.99,1179.78725,75678917.7461,126163,595.3798,38190395.7896,37488521.9565,0.504637182018,-0.0156157510149,0.400060286266,1899.48,1900,1894,1897.84,6293.1075,11936879.2217,62821,2366.22,4488217.12577,7448662.0959,0.375995856406,-0.0863394192095,0.316789862724,0.02957,0.02959,0.02955,0.02955,-0.101419878296,0.135363790186,0.0295521690365,-0.733968616954,3246572.58,32465.7258,-0.500348395766,OKX_CONTRACT_OI_HISTORY,6945271.26,694527.126,1.32586389114,OKX_CONTRACT_OI_HISTORY,1.57,0.610894941634,0.389105058366,OKX_GLOBAL_ACCOUNT_RATIO,1.69,0.628252788104,0.371747211896,OKX_GLOBAL_ACCOUNT_RATIO,,,,,PRICE_DOWN_OI_DOWN,PRICE_DOWN_OI_UP,PASS,PASS,0.0748613685575,0.0479722498985,-0.0338294993234,-0.0268891186589,-1.24910984747,0.749995452284,0.0310435846945,-0.194579130599,-0.236326806212,-0.225622715294,1.00014727057,0.664837235512,0.860074921049,-0.37166915146,-1.23663101604,-1.23174407251,0.716562857972,-1.63553352728,,,,,,,,,,,,
2026-08-18T14:00:00Z,2026-08-18T16:00:00+02:00,2026-08-19T16:00:00Z,64219.99,65058.81,64219.99,64714.16,1757.31459,113790684.521,251794,1085.36158,70288098.9735,43502585.5476,0.61769642453,0.769495604095,1.30616650672,1897.84,1923.27,1897.31,1911.02,20033.8048,38325896.6944,156892,11522.4593,22046746.0819,16279150.6125,0.575244103424,0.694473717489,1.36825294759,0.02956,0.02958,0.02948,0.02953,-0.10148849797,0.33921302578,0.0295301677407,-0.056803173174,3226819.05,32268.1905,-0.608442581006,OKX_CONTRACT_OI_HISTORY,6918309.56,691830.956,-0.38820226008,OKX_CONTRACT_OI_HISTORY,1.4,0.583333333333,0.416666666667,OKX_GLOBAL_ACCOUNT_RATIO,1.5,0.6,0.4,OKX_GLOBAL_ACCOUNT_RATIO,,,,,UNAVAILABLE,UNAVAILABLE,PASS,PASS,0.796476166149,0.684924289523,-0.135272235374,-0.111551876626,-1.63779271706,0.147500476631,0.953056648324,0.941796650099,-0.0338524035207,-0.0112599982259,0.199879382639,1.89157756412,1.26994773142,0.0738370662072,-1.20441619271,-1.19611066521,0.855170092797,-2.2987967045,,,,,,,,,,,,
2026-08-18T15:00:00Z,2026-08-18T17:00:00+02:00,2026-08-19T16:00:00Z,64714.16,64888,64652,64855.06,513.17463,33252775.0525,123676,228.34888,14796033.846,18456741.2065,0.444956362968,0.217726692273,0.3650312442,1911.03,1919.93,1908.44,1917.7,13621.8722,26091082.1139,94584,6387.4629,12234042.7228,13857039.3911,0.468897482649,0.349551548388,0.602062417472,0.02953,0.02961,0.02952,0.02956,0.101591601761,0.30487804878,0.0295690112691,-3.0475381968,3249374.02,32493.7402,0.698984654872,OKX_CONTRACT_OI_HISTORY,6997448,699744.8,1.14389851038,OKX_CONTRACT_OI_HISTORY,1.41,0.585062240664,0.414937759336,OKX_GLOBAL_ACCOUNT_RATIO,1.45,0.591836734694,0.408163265306,OKX_GLOBAL_ACCOUNT_RATIO,,,,,PRICE_UP_OI_UP,PRICE_UP_OI_UP,PASS,PASS,0.783000283289,0.766639868426,-0.0676132521974,-0.0163604148633,-0.767688420828,2.00687833957,1.0439353363,1.21444669049,0.101591601761,0.170511354184,0.929344796796,0.295791148403,1.02034267913,0.23416021158,-0.805369127517,-0.786182467547,2.22143095632,-1.2956247685,,,,,,,,,,,,
2026-08-18T16:00:00Z,2026-08-18T18:00:00+02:00,2026-08-19T16:00:00Z,64855.06,64891.81,64675.5,64840,419.07089,27151200.7937,76505,176.3823,11428016.0853,15723184.7084,0.42090278703,-0.0232210100492,0.33445431423,1917.71,1922.3,1912.78,1918.47,8057.2402,15445136.9323,69121,3827.513,7338429.91513,8106707.01716,0.475128834875,0.040152265735,0.497704911176,0.02957,0.02963,0.02956,0.0296,0.135317997294,0.236806495264,0.0295877544725,4.13871470495,3265431.89,32654.3189,0.494183491995,OKX_CONTRACT_OI_HISTORY,7019865.58,701986.558,0.320367939855,OKX_CONTRACT_OI_HISTORY,1.39,0.581589958159,0.418410041841,OKX_GLOBAL_ACCOUNT_RATIO,1.4,0.583333333333,0.416666666667,OKX_GLOBAL_ACCOUNT_RATIO,1.96881311933e-05,OKX_FUNDING_HISTORY,-5.095594143e-07,OKX_FUNDING_HISTORY,PRICE_DOWN_OI_UP,PRICE_UP_OI_UP,PASS,PASS,0.949680538789,0.999747299261,0.0676132521974,0.0500667604723,0.077644157383,2.4141344039,0.980652331276,1.14991616842,0.169204737733,0.169263837146,1.01793117588,0.301044346756,1.12958186879,0.589863780791,-0.504201680672,-0.539718088004,1.74171585656,-0.535574611831,,,,,,,,,,,,
2026-08-18T17:00:00Z,2026-08-18T19:00:00+02:00,2026-08-19T16:00:00Z,64840,64840.01,64670.02,64670.02,400.18777,25919257.9579,60838,155.6478,10080715.9936,15838541.9643,0.388927646385,-0.26215299198,0.262857503369,1918.47,1918.62,1911.34,1911.38,5681.2003,10878998.5143,52555,2324.0543,4450502.44186,6428496.07242,0.409091189416,-0.369565330706,0.380884614982,0.02959,0.02959,0.02954,0.02955,-0.168918918919,0.169262017603,0.0295558900399,-1.99284809928,3269473.95,32694.7395,0.123783319823,OKX_CONTRACT_OI_HISTORY,6996043.74,699604.374,-0.339348948046,OKX_CONTRACT_OI_HISTORY,1.38,0.579831932773,0.420168067227,OKX_GLOBAL_ACCOUNT_RATIO,1.38,0.579831932773,0.420168067227,OKX_GLOBAL_ACCOUNT_RATIO,,,,,PRICE_DOWN_OI_UP,PRICE_DOWN_OI_DOWN,PASS,PASS,0.700763111299,0.713442650592,0,0.0126795392931,0.705401448318,0.731036673721,0.665071052364,0.830858342609,0.10162601626,0.165787290245,0.844180625837,0.385944091035,0.53482270541,0.129393213928,-0.438005390836,-0.405429491482,2.40525856367,-0.967670044844,,,,,,,,,,,,
2026-08-18T18:00:00Z,2026-08-18T20:00:00+02:00,2026-08-19T16:00:00Z,64670.02,64822,64656,64772,219.3896,14206272.9729,35455,116.2689,7528250.12747,6678022.84546,0.529924361007,0.157692853659,0.256743380351,1911.38,1917.54,1910.81,1916.6,3514.3837,6731720.73215,36324,1560.4204,2988831.063,3742889.66916,0.443992135431,0.273101110193,0.352206655816,0.02955,0.02959,0.02955,0.02959,0.135363790186,0.135363790186,0.0295899462731,0.0181571532942,3266712.09,32667.1209,-0.0844741399454,OKX_CONTRACT_OI_HISTORY,6994799.75,699479.975,-0.0177813353694,OKX_CONTRACT_OI_HISTORY,1.38,0.579831932773,0.420168067227,OKX_GLOBAL_ACCOUNT_RATIO,1.38,0.579831932773,0.420168067227,OKX_GLOBAL_ACCOUNT_RATIO,,,,,PRICE_UP_OI_DOWN,PRICE_UP_OI_DOWN,PASS,PASS,0.0893776570692,0.291990664671,0.203183203522,0.202613007602,1.23629615984,1.10561965082,0.705820747308,0.723658971111,0,0.0178382238031,0.957847125686,1.61352279573,0.532571811363,0.3450243716,-0.168690958165,-0.187547439763,1.22780346454,-1.01901415353,,,,,,,,,,,,
2026-08-18T19:00:00Z,2026-08-18T21:00:00+02:00,2026-08-19T16:00:00Z,64771.99,64796,64642.36,64643.26,185.09854,11978365.3669,38499,68.98168,4463718.71448,7514646.65242,0.372648402161,-0.198758722905,0.237676966002,1916.6,1917.58,1913.14,1913.28,3384.347,6482386.42654,31159,1168.8613,2238580.65029,4243805.77624,0.345332799219,-0.173223416467,0.23207919964,0.02959,0.02961,0.02957,0.0296,0.0337952010814,0.135272235374,0.0295975172044,0.838852650946,3261380.61,32613.8061,-0.163206302028,OKX_CONTRACT_OI_HISTORY,7001413.04,700141.304,0.0945458088346,OKX_CONTRACT_OI_HISTORY,1.37,0.57805907173,0.42194092827,OKX_GLOBAL_ACCOUNT_RATIO,1.37,0.57805907173,0.42194092827,OKX_GLOBAL_ACCOUNT_RATIO,,,,,PRICE_DOWN_OI_DOWN,PRICE_DOWN_OI_UP,PASS,PASS,-0.326574364437,-0.230484434479,0.135317997294,0.0960899299578,0.369504708479,0.0566640866785,0.692051601451,0.760464283457,0.0676132521974,0.0684126820063,-0.229353015782,1.78253887788,0.518271197805,0.31616201337,-0.202292650034,-0.202109184435,0.453837266379,-0.694761213471,,,,,,,,,,,,
2026-08-18T20:00:00Z,2026-08-18T22:00:00+02:00,2026-08-19T22:00:00Z,64643.27,64654.87,64568,64582.39,191.92081,12401073.6221,44252,70.67045,4566354.50419,7834719.11791,0.3682225139,-0.0941784040318,0.134540329575,1913.28,1915.71,1911.81,1913.02,3700.2419,7080218.21393,26808,1678.1432,3210644.55822,3869573.65571,0.453466893422,-0.0135892289681,0.203995166884,0.02959,0.02963,0.02959,0.02962,0.101385603244,0.135180804326,0.0296213875021,-0.468412248696,3255770.65,32557.7065,-0.172011815573,OKX_CONTRACT_OI_HISTORY,7000030.4,700003.04,-0.0197480136095,OKX_CONTRACT_OI_HISTORY,1.37,0.57805907173,0.42194092827,OKX_GLOBAL_ACCOUNT_RATIO,1.37,0.57805907173,0.42194092827,OKX_GLOBAL_ACCOUNT_RATIO,,,,,UNAVAILABLE,UNAVAILABLE,PASS,PASS,-0.397301048735,-0.28408054335,0.0675675675676,0.113220505386,-0.295864079407,-0.282557832112,0.445393042991,0.669367994527,0.20297699594,0.223974951536,-0.837013749466,1.5300378264,0.294536355269,0.329884147205,0.0337723741979,0.0353477919362,0.166705630137,-0.370500006237,,,,,,,,,,,,
2026-08-18T21:00:00Z,2026-08-18T23:00:00+02:00,2026-08-19T22:00:00Z,64582.38,64653.97,64571.48,64604.58,187.67225,12124743.9003,40680,60.18888,3888456.10927,8236287.79105,0.320704184867,0.0343592115436,0.127749898252,1913.01,1915.01,1910.87,1912.22,2957.6132,5657501.48735,21885,1023.9163,1958464.76423,3699036.72312,0.34617132114,-0.0418186950476,0.216655240807,0.02962,0.02963,0.02958,0.02961,-0.033760972316,0.169033130494,0.0295988302996,3.77369654119,3257909.97,32579.0997,0.0657085596616,OKX_CONTRACT_OI_HISTORY,6981149.92,698114.992,-0.269719971502,OKX_CONTRACT_OI_HISTORY,1.37,0.57805907173,0.42194092827,OKX_GLOBAL_ACCOUNT_RATIO,1.37,0.57805907173,0.42194092827,OKX_GLOBAL_ACCOUNT_RATIO,,,,,PRICE_UP_OI_UP,PRICE_DOWN_OI_DOWN,PASS,PASS,-0.101190628981,0.0439473050885,0.203045685279,0.145137934069,-0.353695431646,-0.212889177848,0.674173061595,0.806039231811,0.169147496617,0.131866170217,-0.904260833033,1.27046106068,0.345686575227,0.30791827314,0,-0.0377683020873,0.211641577752,-0.531010940044,,,,,,,,,,,,
2026-08-18T22:00:00Z,2026-08-19T00:00:00+02:00,2026-08-19T22:00:00Z,64604.58,64648,64562.25,64634,200.09422,12927083.1124,37209,92.86291,5999385.48469,6927697.62769,0.464094292002,0.0455385670799,0.132817552052,1912.21,1915.35,1911.81,1913.42,4692.0608,8980060.56597,32347,2625.0722,5024060.17158,3956000.3944,0.559468406105,0.0627542855947,0.185164843787,0.02961,0.02965,0.0296,0.02961,0,0.168918918919,0.0296039236315,2.05255511074,3248972.06,32489.7206,-0.274344904626,OKX_CONTRACT_OI_HISTORY,6970782.76,697078.276,-0.148502182574,OKX_CONTRACT_OI_HISTORY,1.38,0.579831932773,0.420168067227,OKX_GLOBAL_ACCOUNT_RATIO,1.37,0.57805907173,0.42194092827,OKX_GLOBAL_ACCOUNT_RATIO,,,,,PRICE_UP_OI_DOWN,PRICE_UP_OI_DOWN,PASS,PASS,-0.213055023776,-0.165918814567,0.0675904021629,0.0471362092083,-0.543054591628,-0.34335493307,0.671621798426,0.811371850665,0.135272235374,0.139750052239,-0.962508814306,0.907087739449,0.533120759046,0.465726812108,-0.033760972316,-0.0673939469379,0.231229790076,-0.138125267508,,,,,,,,,,,,
2026-08-18T23:00:00Z,2026-08-19T01:00:00+02:00,2026-08-19T22:00:00Z,64634,64780,64631.15,64725.42,213.8588,13840563.34,36255,97.82201,6330741.98471,7509821.35526,0.45740493571,0.141442584398,0.230306903095,1913.42,1920.1,1912.97,1917.85,3604.2389,6913044.75998,29417,1712.6316,3284483.59884,3628561.16113,0.475113891618,0.231522613958,0.372718861247,0.02962,0.02965,0.02962,0.02963,0.0675447483958,0.101282916948,0.0296305531891,-0.186695518418,3222375.4,32223.754,-0.81861768919,OKX_CONTRACT_OI_HISTORY,7030999.46,703099.946,0.863844163177,OKX_CONTRACT_OI_HISTORY,1.38,0.579831932773,0.420168067227,OKX_GLOBAL_ACCOUNT_RATIO,1.35,0.574468085106,0.425531914894,OKX_GLOBAL_ACCOUNT_RATIO,,,,,PRICE_UP_OI_DOWN,PRICE_UP_OI_UP,PASS,PASS,0.127097550464,0.238856832246,0.101351351351,0.111759281782,-1.19597234007,0.422577840087,0.581543247297,0.774521703948,0.169033130494,0.192978456651,-1.59219660473,2.4959823241,0.299571840991,0.222094481605,-0.0674536256324,-0.0774773593854,0.00420452863112,1.5375140534,,,,,,,,,,,,
2026-08-19T00:00:00Z,2026-08-19T02:00:00+02:00,2026-08-19T22:00:00Z,64725.42,64736.27,64488,64488,247.80518,16009811.6194,68139,105.08919,6789187.72074,9220623.89862,0.424064185273,-0.366811061249,0.38498635405,1917.85,1919.15,1912.14,1913.62,5165.0239,9893378.54893,51220,2264.2508,4337085.2305,5556293.31843,0.43838262218,-0.220559480668,0.366604955704,0.02963,0.02968,0.0296,0.02967,0.134998312521,0.27027027027,0.0296740478849,-1.36411617772,3234753.3,32347.533,0.384123463703,OKX_CONTRACT_OI_HISTORY,7007799.3,700779.93,-0.329969588705,OKX_CONTRACT_OI_HISTORY,1.36,0.576271186441,0.423728813559,OKX_GLOBAL_ACCOUNT_RATIO,1.34,0.57264957265,0.42735042735,OKX_GLOBAL_ACCOUNT_RATIO,5.91412493872e-05,OKX_FUNDING_HISTORY,-1.50322210573e-05,OKX_FUNDING_HISTORY,PRICE_DOWN_OI_UP,PRICE_DOWN_OI_DOWN,PASS,PASS,-0.146154392862,0.0313640212857,0.16880486158,0.177518414147,-0.645541478789,0.110983803727,0.401650194099,0.744414260745,0.304259634888,0.342764066646,-0.862580938927,2.23809718388,0.161981967178,0.183759050526,0.0337154416723,0.0217770833482,0.074016179685,0.877659331743,2.49606071693,1.8462635649,-0.669568128557,-0.649797152031,-4.59099099903,-2.48887005475,,,,,,
2026-08-19T01:00:00Z,2026-08-19T03:00:00+02:00,2026-08-19T22:00:00Z,64488,64551.47,64389.27,64400.48,314.2814,20261820.1356,75477,184.17169,11875012.6903,8386807.44525,0.586078279783,-0.135715171815,0.25190532522,1913.62,1918.08,1912.28,1913.68,5909.3462,11315886.3688,47969,3199.9513,6127533.40746,5188352.96137,0.541498315531,0.00313541873518,0.303302863597,0.02968,0.02973,0.02967,0.02972,0.168520390967,0.202224469161,0.0297153064698,1.57949918482,3286574.95,32865.7495,1.6020278888,OKX_CONTRACT_OI_HISTORY,7036931.85,703693.185,0.415716100774,OKX_CONTRACT_OI_HISTORY,1.34,0.57264957265,0.42735042735,OKX_GLOBAL_ACCOUNT_RATIO,1.33,0.570815450644,0.429184549356,OKX_GLOBAL_ACCOUNT_RATIO,,,,,PRICE_DOWN_OI_UP,PRICE_UP_OI_UP,PASS,PASS,-0.31592187427,0.0763510474736,0.371496116177,0.392272921743,0.87985795384,0.799036414333,0.281049561048,0.834633056527,0.575296108291,0.55358349548,1.23214155896,1.31975536403,0.312180393601,0.638429904183,0.33760972316,0.326249510582,2.2446120597,1.99336682462,2.03491596125,1.16459175852,-0.801068090788,-0.87032420273,-2.63745288867,-0.779159464667,,,,,,
2026-08-19T02:00:00Z,2026-08-19T04:00:00+02:00,2026-08-20T04:00:00Z,64400.47,64414.65,64350,64351.9,547.93834,35282299.5693,54869,267.44222,17220530.6641,18061768.9052,0.48807846638,-0.0754187042424,0.100466200466,1913.68,1913.88,1907.43,1907.7,5680.322,10850506.0935,58273,2683.3184,5125281.46315,5725224.63033,0.472354138968,-0.312486936165,0.338151334518,0.02971,0.02972,0.02964,0.02965,-0.201952204645,0.269905533063,0.0296448123521,1.74993447607,3294254.48,32942.5448,0.233663619934,OKX_CONTRACT_OI_HISTORY,6976483.45,697648.345,-0.859016419208,OKX_CONTRACT_OI_HISTORY,1.36,0.576271186441,0.423728813559,OKX_GLOBAL_ACCOUNT_RATIO,1.35,0.574468085106,0.425531914894,OKX_GLOBAL_ACCOUNT_RATIO,,,,,UNAVAILABLE,UNAVAILABLE,PASS,PASS,-0.436457591979,-0.298941162944,0.135089496792,0.137516429036,1.39374605764,0.081779768446,-0.5597847519,-0.173729212672,0.406366407044,0.386055539228,2.089842317,0.840868560383,0.38793683063,0.766431261522,0.372376438727,0.378494430891,2.29389886356,2.74835180553,1.49607260438,0.280703967703,-1.19960013329,-1.21536863667,-0.90710581341,0.638376855862,,,,,,
2026-08-19T03:00:00Z,2026-08-19T05:00:00+02:00,2026-08-20T04:00:00Z,64351.86,64414,64278,64330.71,258.70445,16645879.6844,59844,139.59508,8982380.29204,7663499.39238,0.539615836611,-0.0329283206867,0.211580945269,1907.71,1915.57,1906.19,1912.15,5541.7325,10589126.7063,52473,2689.3653,5139271.47381,5449855.23247,0.485334779379,0.233265188447,0.492081062224,0.02965,0.02973,0.02965,0.02973,0.26981450253,0.26981450253,0.0297237509115,2.10238893392,3299559.85,32995.5985,0.161049185247,OKX_CONTRACT_OI_HISTORY,6959993.55,695999.355,-0.236364066771,OKX_CONTRACT_OI_HISTORY,1.38,0.579831932773,0.420168067227,OKX_GLOBAL_ACCOUNT_RATIO,1.36,0.576271186441,0.423728813559,OKX_GLOBAL_ACCOUNT_RATIO,,,,,PRICE_DOWN_OI_UP,PRICE_UP_OI_DOWN,PASS,PASS,-0.609822230586,-0.29720781083,0.337495781303,0.312614419756,2.39526561679,-1.00989781615,-0.808495127443,-0.28940918809,0.575101488498,0.519085939353,1.54447686512,-0.535258711462,0.227000042533,0.921522782091,0.677277345073,0.694522739558,2.4881751773,-0.241050810948,1.42126947506,0.590766576184,-0.833889259506,-0.830502898873,-0.443698951901,-0.472575382921,,,,,,
2026-08-19T04:00:00Z,2026-08-19T06:00:00+02:00,2026-08-20T04:00:00Z,64330.7,64391.8,64293.43,64316.22,402.06932,25874122.9669,36820,190.81226,12278598.96,13595524.0068,0.474551310426,-0.0225242345374,0.153001636404,1912.15,1914.56,1910.17,1910.85,4283.9768,8190060.86322,25489,1439.015,2750984.66373,5439076.19949,0.335893067179,-0.0679862981461,0.229822476533,0.02973,0.02974,0.0297,0.02971,-0.067272115708,0.13468013468,0.0297102348366,-0.079042311012,3304512.21,33045.1221,0.150091534178,OKX_CONTRACT_OI_HISTORY,6962622.31,696262.231,0.0377695752318,OKX_CONTRACT_OI_HISTORY,1.41,0.585062240664,0.414937759336,OKX_GLOBAL_ACCOUNT_RATIO,1.36,0.576271186441,0.423728813559,OKX_GLOBAL_ACCOUNT_RATIO,,,,,PRICE_DOWN_OI_UP,PRICE_DOWN_OI_UP,PASS,PASS,-0.266375139561,-0.144751831607,0.134816312774,0.121623307954,2.15654498289,-0.644667292341,-0.8078038248,-0.397191511986,0.371621621622,0.410612312813,1.19678870411,-0.815446810878,0.164926759437,0.74815728702,0.541455160745,0.583230527584,2.22690236532,-0.516857320647,1.23366897289,0.394569546166,-0.801335559265,-0.839099426724,0.191156258005,-0.97658032518,,,,,,
2026-08-19T05:00:00Z,2026-08-19T07:00:00+02:00,2026-08-20T04:00:00Z,64316.22,64409.93,64236,64236.01,258.31718,16619607.446,39791,103.37039,6651121.4383,9968486.00768,0.400197264582,-0.124711931143,0.270767171057,1910.84,1914.14,1909.97,1910.27,4086.5257,7814411.5414,25815,2249.594,4301735.8956,3512675.64579,0.550487502842,-0.030352984274,0.218328036566,0.02971,0.02977,0.0297,0.02975,0.134634803097,0.23569023569,0.029738304107,3.93293879923,3289751.14,32897.5114,-0.44669437006,OKX_CONTRACT_OI_HISTORY,6977347.22,697734.722,0.211485117882,OKX_CONTRACT_OI_HISTORY,1.42,0.586776859504,0.413223140496,OKX_GLOBAL_ACCOUNT_RATIO,1.36,0.576271186441,0.423728813559,OKX_GLOBAL_ACCOUNT_RATIO,,,,,PRICE_DOWN_OI_DOWN,PRICE_DOWN_OI_UP,PASS,PASS,-0.255386295257,-0.178190711091,0.100942126514,0.0771955841668,0.0966413378158,-0.846741609413,-0.671114683434,-0.0580732245812,0.676818950931,0.613041458853,0.620197325628,-0.267244183925,-0.0105070205576,0.772302611797,0.779132791328,0.782809632354,1.46961353713,0.117668493974,1.12693320453,0.559050351381,-0.568181818182,-0.567882853154,0.592272786665,-1.70262709373,,,,,,
2026-08-19T06:00:00Z,2026-08-19T08:00:00+02:00,2026-08-20T04:00:00Z,64236.01,64344,64166,64339.8,531.39508,34151339.3972,60116,294.43973,18922041.19,15229298.2072,0.554064394661,0.161576038113,0.277405479537,1910.28,1917.64,1906,1917.63,7204.8531,13771945.2497,45178,4201.0208,8032148.39745,5739796.8522,0.583225408746,0.385285849644,0.610703043022,0.02975,0.02979,0.02971,0.02979,0.134453781513,0.269269606193,0.029804724292,-4.9402543765,3297942.3,32979.423,0.248990262528,OKX_CONTRACT_OI_HISTORY,6953664.96,695366.496,-0.339416389256,OKX_CONTRACT_OI_HISTORY,1.46,0.593495934959,0.406504065041,OKX_GLOBAL_ACCOUNT_RATIO,1.36,0.576271186441,0.423728813559,OKX_GLOBAL_ACCOUNT_RATIO,,,,,PRICE_UP_OI_UP,PRICE_UP_OI_DOWN,PASS,PASS,-0.0188028636295,0.520522094669,0.472175379427,0.539324958298,0.111947028452,-0.327077246919,-0.667263632434,0.053740999687,0.675904021629,0.721004632121,0.956013543269,-0.588076735149,0.0338474297176,0.777788872364,0.675904021629,0.743941442646,1.9230178172,1.01595730841,1.05517702067,0.554783566241,-0.567423230975,-0.500393454425,0.0656755444234,-1.7412036219,,,,,,
2026-08-19T07:00:00Z,2026-08-19T09:00:00+02:00,2026-08-20T04:00:00Z,64339.8,64395.78,64271.78,64296,630.66386,40576794.0278,48190,348.62425,22429447.1981,18147346.8298,0.552765385621,-0.068076058676,0.192930707692,1917.64,1921.32,1915.4,1916.01,9094.6623,17450377.4968,52068,5058.0055,9704971.24166,7745406.25511,0.556146779258,-0.0844792791102,0.3090738227,0.0298,0.02985,0.02979,0.02981,0.0671366230279,0.201409869084,0.0297998320269,3.41209075109,3287763.84,32877.6384,-0.308630627043,OKX_CONTRACT_OI_HISTORY,7127285.42,712728.542,2.49681946137,OKX_CONTRACT_OI_HISTORY,1.49,0.598393574297,0.401606425703,OKX_GLOBAL_ACCOUNT_RATIO,1.29,0.563318777293,0.436681222707,OKX_GLOBAL_ACCOUNT_RATIO,,,,,PRICE_DOWN_OI_DOWN,PRICE_DOWN_OI_UP,PASS,PASS,-0.0539555680327,0.201867008341,0.269088462832,0.255822576374,-0.357502531739,2.40362104933,-0.537194442236,0.142686904165,0.709459459459,0.6798813464,0.808958939631,1.79781394528,0.151139496475,0.904236270565,0.77755240027,0.75309677409,0.577750552125,3.61239955569,1.23050738848,0.793295913053,-0.400935516204,-0.437211475423,-0.280563256926,-0.0725523853222,,,,,,
2026-08-19T08:00:00Z,2026-08-19T10:00:00+02:00,2026-08-20T10:00:00Z,64296.01,64510.95,64255,64413.95,381.23164,24535506.8053,49947,149.99439,9656602.40915,14878904.3961,0.393576643262,0.183432844433,0.398334759941,1916.01,1929.94,1915.32,1921.52,10356.4357,19918672.6182,71462,6123.5226,11778269.7781,8140402.84009,0.591318006168,0.287576787178,0.763318923209,0.02981,0.02992,0.0298,0.02983,0.0670915800067,0.402684563758,0.0298308052836,-0.269950351806,3291831.29,32918.3129,0.123714786035,OKX_CONTRACT_OI_HISTORY,7151028.79,715102.879,0.333133424591,OKX_CONTRACT_OI_HISTORY,1.51,0.601593625498,0.398406374502,OKX_GLOBAL_ACCOUNT_RATIO,1.29,0.563318777293,0.436681222707,OKX_GLOBAL_ACCOUNT_RATIO,9.58441601342e-05,OKX_FUNDING_HISTORY,2.62954322888e-05,OKX_FUNDING_HISTORY,UNAVAILABLE,UNAVAILABLE,PASS,PASS,0.151952337995,0.558390245179,0.40390440929,0.406437907184,-0.383745593726,2.70597013038,-0.26081413215,0.444323634881,0.708980418636,0.705137767031,1.10759153136,2.15711048912,0.183417262841,1.11666578961,0.913396481732,0.933248526771,0.261307088492,3.72015292196,1.63000364148,1.42998157757,-0.16733601071,-0.200022063907,0.275772201857,1.65313198784,,,,,,
2026-08-19T09:00:00Z,2026-08-19T11:00:00+02:00,2026-08-20T10:00:00Z,64413.95,64470.66,64360.7,64427.06,228.1951,14697556.3041,37034,104.20858,6711485.7864,7986070.51774,0.456639569703,0.0203527341515,0.170849602319,1921.52,1923.85,1918.2,1919.3,4615.0676,8865378.24675,48835,2261.9559,4344788.613,4520589.63375,0.490084967846,-0.115533535951,0.294546971119,0.02984,0.02986,0.02979,0.02979,-0.13409319477,0.234978180598,0.0297902775635,-0.0931725108122,3289094.62,32890.9462,-0.0831351840027,OKX_CONTRACT_OI_HISTORY,7148308.15,714830.815,-0.0380454348583,OKX_CONTRACT_OI_HISTORY,1.52,0.603174603175,0.396825396825,OKX_GLOBAL_ACCOUNT_RATIO,1.29,0.563318777293,0.436681222707,OKX_GLOBAL_ACCOUNT_RATIO,,,,,PRICE_UP_OI_DOWN,PRICE_DOWN_OI_DOWN,PASS,PASS,0.297418846532,0.472708046507,0.134453781513,0.175289199975,-0.0199565247358,2.45022821152,-0.274779280354,0.370250285009,0.607902735562,0.645029565363,0.957198028403,2.3944225796,0.397541293353,1.17927387937,0.778078484438,0.78173258602,0.0442816285049,3.69530384678,1.74199465731,1.33472719401,-0.401203610832,-0.407267463304,0.481233216371,0.424373026409,,,,,,
2026-08-19T10:00:00Z,2026-08-19T12:00:00+02:00,2026-08-20T10:00:00Z,64427.07,64456.71,64373.24,64456.71,262.84871,16929996.0044,27343,80.88625,5209751.64497,11720244.3594,0.307723146752,0.0460210352607,0.129665680957,1919.3,1920.24,1917.31,1920.22,3402.4216,6528462.01554,29948,1338.3345,2567650.99408,3960811.02146,0.393301054363,0.0479341426562,0.152818271432,0.0298,0.02981,0.02978,0.02979,0,0.100738750839,0.0297908472213,-0.284389809501,3297262.65,32972.6265,0.248336729212,OKX_CONTRACT_OI_HISTORY,7134232.36,713423.236,-0.196910789303,OKX_CONTRACT_OI_HISTORY,1.53,0.604743083004,0.395256916996,OKX_GLOBAL_ACCOUNT_RATIO,1.31,0.5670995671,0.4329004329,OKX_GLOBAL_ACCOUNT_RATIO,,,,,PRICE_UP_OI_UP,PRICE_UP_OI_DOWN,PASS,PASS,0.18170712374,0.13506255117,0,-0.04664457257,-0.0206083047602,2.59672275036,-0.274298356902,0.355384599304,0.607902735562,0.629682956206,1.48633441926,2.34478114765,0.395481193967,1.16963994057,0.743997294555,0.774158746603,0.509519505161,3.27313810941,1.20030377341,0.684787852094,-0.534223706177,-0.515515921319,1.20479670069,0.562305829114,,,,,,
2026-08-19T11:00:00Z,2026-08-19T13:00:00+02:00,2026-08-20T10:00:00Z,64456.71,64539.05,64454.99,64515.63,286.02228,18448140.006,36462,149.21185,9623766.18007,8824373.82595,0.521665933635,0.0914101883264,0.130416589934,1920.23,1926.43,1919.92,1923.06,5476.6675,10532540.9451,39239,2285.1094,4394646.72594,6137894.21916,0.41724468472,0.147899719824,0.339076628193,0.02979,0.02985,0.02978,0.02981,0.0671366230279,0.235057085292,0.0298076605623,0.78484446663,3273743.5,32737.435,-0.713293191854,OKX_CONTRACT_OI_HISTORY,7217218.62,721721.862,1.16321218335,OKX_CONTRACT_OI_HISTORY,1.53,0.604743083004,0.395256916996,OKX_GLOBAL_ACCOUNT_RATIO,1.29,0.563318777293,0.436681222707,OKX_GLOBAL_ACCOUNT_RATIO,,,,,PRICE_UP_OI_DOWN,PRICE_UP_OI_UP,PASS,PASS,0.341592011945,0.367952150563,0,0.0263601386181,-0.426439996372,1.26181561002,-0.324123041612,0.271658367443,0.607492406345,0.595781409054,1.59410663326,2.64854464944,0.255535290023,1.04828412441,0.77755240027,0.792748834384,-0.0234712831582,5.21063417984,1.39009069464,0.976654799786,-0.400935516204,-0.413435894859,0.902316771724,1.4543526589,,,,,,
2026-08-19T12:00:00Z,2026-08-19T14:00:00+02:00,2026-08-20T10:00:00Z,64515.62,64988,64474.86,64882.15,785.09851,50852075.4299,116151,460.69216,29834832.3552,21017243.0747,0.586698420919,0.568110394334,0.795876098064,1923.06,1943.21,1922.05,1937.21,21644.7332,41832571.565,127481,12781.5588,24708911.5449,17123660.0201,0.59066202771,0.735806475097,1.10090788481,0.02982,0.0299,0.02973,0.02985,0.134183160013,0.571812983518,0.0298573644677,-2.46654983197,3248376.49,32483.7649,-0.774862477772,OKX_CONTRACT_OI_HISTORY,7354680.49,735468.049,1.90463774534,OKX_CONTRACT_OI_HISTORY,1.5,0.6,0.4,OKX_GLOBAL_ACCOUNT_RATIO,1.25,0.555555555556,0.444444444444,OKX_GLOBAL_ACCOUNT_RATIO,,,,,PRICE_UP_OI_DOWN,PRICE_UP_OI_UP,PASS,PASS,0.726861184573,0.816541071652,0.0670465973852,0.089679887079,-1.32007980275,2.84786575443,0.611198982756,1.23274213271,0.606673407482,0.621543149955,0.421150818518,4.94993042966,1.01530405876,1.98633310169,0.912778904665,0.971029042935,-0.445062887094,7.29881186708,2.08868928477,2.00029485789,-0.133824021412,-0.0883944268829,0.280765020957,4.81808440912,,,,,,
2026-08-19T13:00:00Z,2026-08-19T15:00:00+02:00,2026-08-20T10:00:00Z,64882.15,65217.86,64793.29,65012.12,1619.46727,105299099.622,246571,870.12193,56584764.915,48714334.7073,0.537371783025,0.20031703635,0.65526846993,1937.21,1941.65,1928.1,1932.9,25567.2983,49489752.9815,193401,11536.5446,22328266.1646,27161486.8169,0.451169480941,-0.222484913871,0.702764379441,0.02986,0.02986,0.02967,0.02972,-0.435510887772,0.640377485676,0.0297313793182,-3.82737648094,3264006.46,32640.0646,0.481162514509,OKX_CONTRACT_OI_HISTORY,7458545.94,745854.594,1.41223606031,OKX_CONTRACT_OI_HISTORY,1.39,0.581589958159,0.418410041841,OKX_GLOBAL_ACCOUNT_RATIO,1.23,0.551569506726,0.448430493274,OKX_GLOBAL_ACCOUNT_RATIO,,,,,PRICE_UP_OI_UP,PRICE_DOWN_OI_UP,PASS,PASS,0.908096691049,0.708591674048,-0.234978180598,-0.199505017001,-0.762767961963,4.34001701508,0.949744473954,1.00434764433,0,0.054603170375,-0.686687215212,5.99144767901,1.23346328768,1.8473633183,0.575296108291,0.613900030621,0.53699338519,7.39027549516,2.10414691712,1.46882808727,-0.668449197861,-0.635318829855,1.25740413831,5.63387153439,,,,,,
2026-08-19T14:00:00Z,2026-08-19T16:00:00+02:00,2026-08-20T10:00:00Z,65012.12,65970,65012.11,65923.21,2365.56793,154967720.436,301443,1347.50612,88268633.3934,66699087.0426,0.569593675025,1.40141561297,1.47340241687,1932.91,1980,1932.79,1970.6,58501.4613,114446085.434,273025,29493.0026,57669992.0215,56776093.4125,0.503905326275,1.95043716695,2.44258300177,0.02972,0.03002,0.02957,0.02989,0.57200538358,1.52181264795,0.0298923550598,-0.787846848673,3259861.33,32598.6133,-0.126995153067,OKX_CONTRACT_OI_HISTORY,7374903.28,737490.328,-1.1214338649,OKX_CONTRACT_OI_HISTORY,1.24,0.553571428571,0.446428571429,OKX_GLOBAL_ACCOUNT_RATIO,1.21,0.547511312217,0.452488687783,OKX_GLOBAL_ACCOUNT_RATIO,,,,,PRICE_UP_OI_DOWN,PRICE_UP_OI_DOWN,PASS,PASS,2.27517042058,2.62365770589,0.335683115139,0.348487285306,-1.134314247,3.37346623793,2.44174608675,3.29716412434,0.809443507589,0.855418037587,-1.04403440016,5.71089765862,1.86829281258,3.11770677439,1.21909922113,1.24941396182,1.02398924414,6.59978736193,3.16196688618,3.19384586382,0,0.0318789776322,1.88791618671,4.14927496305,,,,,,
2026-08-19T15:00:00Z,2026-08-19T17:00:00+02:00,2026-08-20T10:00:00Z,65923.21,69500,65892,68554,9262.86965,628407752.013,912256,5403.48536,366517302.304,261890449.709,0.583247582688,3.99068856022,5.47562678322,1970.61,2115,1967.4,2085.83,195088.9753,399443798.453,1019002,107243.332,219399126.6,180044671.853,0.549261566833,5.84745762712,7.50228728271,0.0299,0.03067,0.02984,0.03043,1.80662428906,2.78150134048,0.0304260874639,1.28591495951,3141470.7,31414.707,-3.63176890104,OKX_CONTRACT_OI_HISTORY,6284097.85,628409.785,-14.7907760765,OKX_CONTRACT_OI_HISTORY,1.19,0.543378995434,0.456621004566,OKX_GLOBAL_ACCOUNT_RATIO,1.21,0.547511312217,0.452488687783,OKX_GLOBAL_ACCOUNT_RATIO,,,,,PRICE_UP_OI_DOWN,PRICE_UP_OI_DOWN,PASS,PASS,6.2595219174,8.46411448421,2.07983898021,2.20459256681,-4.04041428414,-12.9290910963,6.56496718286,9.08296943231,2.35452404978,2.51800224946,-4.79121935006,-9.7111541145,5.70339461562,8.76727329614,2.94316644114,3.06387868051,-3.32074175936,-10.1944330276,6.78193146417,9.02196297342,2.11409395973,2.24003150924,-1.17307878846,-11.3579761968,,,,,,
2026-08-19T16:00:00Z,2026-08-19T18:00:00+02:00,2026-08-20T10:00:00Z,68554,68997,68416.36,68465.27,2013.58518,138290006.611,293998,1091.87285,74988989.1745,63301017.4362,0.542258916696,-0.129430813665,0.848685899104,2085.83,2108,2082.24,2089.55,63550.9869,133134879.616,407922,31801.4721,66639190.5054,66495689.1104,0.50053893238,0.17834626983,1.23712924543,0.03044,0.03066,0.03038,0.03051,0.262898455472,0.921658986175,0.0305198533505,-3.22850518054,3134623.44,31346.2344,-0.21796351626,OKX_CONTRACT_OI_HISTORY,6535882.42,653588.242,4.00669397597,OKX_CONTRACT_OI_HISTORY,1.13,0.530516431925,0.469483568075,OKX_GLOBAL_ACCOUNT_RATIO,1.14,0.532710280374,0.467289719626,OKX_GLOBAL_ACCOUNT_RATIO,4.67644705158e-05,OKX_FUNDING_HISTORY,6.49603093738e-05,OKX_FUNDING_HISTORY,PRICE_DOWN_OI_DOWN,PRICE_UP_OI_UP,PASS,PASS,5.52250503413,7.86388672369,2.21105527638,2.34138168956,-3.50184316227,-11.1330202735,6.45101655539,9.35185912029,2.69269606193,2.9008425649,-5.14111491209,-6.12901103923,5.59110117212,8.91752281766,3.07432432432,3.32642164555,-4.00585449051,-6.89447902505,6.78383910602,9.5599878357,2.55462184874,2.77614872968,-2.33390923679,-7.39312855761,,,,,,
2026-08-19T17:00:00Z,2026-08-19T19:00:00+02:00,2026-08-20T10:00:00Z,68465.26,68546.22,67825.03,68197.29,1708.46485,116455445.922,233345,827.32457,56407870.3616,60047575.5605,0.484372971268,-0.391410126623,1.06330951862,2089.55,2093.11,2067.43,2091.02,34540.4651,71873457.6651,224324,15921.6432,33136716.8581,38736740.807,0.461042475687,0.0703500753751,1.24212186144,0.03052,0.03069,0.0304,0.03066,0.491642084562,0.953947368421,0.030661335663,-0.435618023741,3115224.16,31152.2416,-0.618871145811,OKX_CONTRACT_OI_HISTORY,6421001.21,642100.121,-1.75770007197,OKX_CONTRACT_OI_HISTORY,1.13,0.530516431925,0.469483568075,OKX_GLOBAL_ACCOUNT_RATIO,1.12,0.528301886792,0.471698113208,OKX_GLOBAL_ACCOUNT_RATIO,,,,,PRICE_DOWN_OI_DOWN,PRICE_UP_OI_DOWN,PASS,PASS,4.8993479985,8.18045423974,3.16285329744,3.28110624125,-4.55827222842,-13.9108177163,6.16675911222,9.46201322326,3.05882352941,3.29525411104,-5.30517271893,-7.97360361263,5.45425840289,9.39844510249,3.75634517766,3.9441866996,-4.71787793263,-8.21953880466,6.01825172065,9.5399992666,3.30188679245,3.52174754595,-2.42609653195,-9.10767083466,,,,,,
2026-08-19T18:00:00Z,2026-08-19T20:00:00+02:00,2026-08-20T10:00:00Z,68197.3,68453.43,68042,68395.99,626.01288,42733132.0011,158947,306.4765,20921125.4661,21812006.535,0.489576225435,0.29136055113,0.604670644602,2091.03,2092.6,2079.04,2091.93,17971.8691,37522687.11,167674,9612.6244,20070586.9592,17452100.1507,0.53489204812,0.0435194307085,0.652224103432,0.03067,0.03068,0.03053,0.03059,-0.228310502283,0.491320013102,0.0305855650309,1.45002031617,3101898.57,31018.9857,-0.427757018936,OKX_CONTRACT_OI_HISTORY,6470530.72,647053.072,0.771367398637,OKX_CONTRACT_OI_HISTORY,1.15,0.53488372093,0.46511627907,OKX_GLOBAL_ACCOUNT_RATIO,1.1,0.52380952381,0.47619047619,OKX_GLOBAL_ACCOUNT_RATIO,,,,,PRICE_UP_OI_DOWN,PRICE_UP_OI_UP,PASS,PASS,3.751000596,6.15700801786,2.34192037471,2.40600742187,-4.84568955576,-12.2628396016,6.30432485025,9.08934465981,2.68546492111,2.78501980957,-5.94442571054,-6.94790794177,5.59499475082,9.14797036419,3.37952010814,3.55297561337,-5.04524168213,-7.49512564673,6.15736392707,9.52455746305,3.20512820513,3.36719353598,-3.87938386976,-8.4377634091,,,,,,
2026-08-19T19:00:00Z,2026-08-19T21:00:00+02:00,2026-08-20T10:00:00Z,68396,68483.52,68103.71,68429.44,730.52396,49910933.3934,166995,374.32549,25571161.2292,24339772.1642,0.512335864922,0.048906375944,0.557693552965,2091.92,2105.4,2088.92,2102.02,25325.6006,53124427.2792,220015,12953.606,27171245.4255,25953181.8537,0.511464251326,0.482329714665,0.788924420275,0.03058,0.03076,0.03058,0.03071,0.392285060477,0.58862001308,0.030718065207,-2.62555827252,3102290.4,31022.904,0.0126319410889,OKX_CONTRACT_OI_HISTORY,6460642.44,646064.244,-0.152820231105,OKX_CONTRACT_OI_HISTORY,1.15,0.53488372093,0.46511627907,OKX_GLOBAL_ACCOUNT_RATIO,1.11,0.526066350711,0.473933649289,OKX_GLOBAL_ACCOUNT_RATIO,,,,,PRICE_UP_OI_UP,PRICE_UP_OI_DOWN,PASS,PASS,-0.181696181113,0.776189814127,0.920144594151,0.957885995239,-1.24719609831,2.80938639426,6.42876695284,9.70819567748,3.0191211003,3.27942872463,-5.64132489516,-9.35339250101,5.85703753183,9.8647349055,3.75,4.00769737367,-4.87800195758,-7.72373515047,6.40566406821,10.2120854634,3.54012137559,3.80642139515,-4.44630288194,-8.36483484788,,,,,,
2026-08-19T20:00:00Z,2026-08-19T22:00:00+02:00,2026-08-20T22:00:00Z,68429.44,69579.99,68390,69048.06,1419.23549,97892936.5262,240223,760.74984,52469215.1402,45423721.386,0.535985710534,0.904026103385,1.74000584881,2102.02,2241.56,2102.02,2218.12,78138.944,169570247.503,528975,44760.705,97003977.4284,72566270.0743,0.572057768724,5.52325857984,6.63837641887,0.03072,0.0322,0.03072,0.03212,4.55729166667,4.81770833333,0.0321242913994,-1.33587362271,3034952.68,30349.5268,-2.17058080701,OKX_CONTRACT_OI_HISTORY,5846661.72,584666.172,-9.50340040796,OKX_CONTRACT_OI_HISTORY,1.17,0.539170506912,0.460829493088,OKX_GLOBAL_ACCOUNT_RATIO,1.41,0.585062240664,0.414937759336,OKX_GLOBAL_ACCOUNT_RATIO,,,,,UNAVAILABLE,UNAVAILABLE,PASS,PASS,0.851219895868,6.15299944964,5.2769583743,5.30177955377,-3.17967251594,-10.5451820536,7.19426459641,15.4356967401,7.6768354006,8.24143214367,-7.80351686857,-18.2402715512,6.91468680549,15.9486048238,8.440243079,9.0339180183,-6.78235642919,-16.4766238729,7.22958942725,16.33110089,8.47686592367,9.10151146275,-6.62695736908,-16.7860779867,,,,,,
2026-08-19T21:00:00Z,2026-08-19T23:00:00+02:00,2026-08-20T22:00:00Z,69048.06,70000,68984.78,69709.46,2102.52662,146332047.876,480774,1143.88502,79648196.1283,66683851.7475,0.544297693393,0.95788353793,1.47165795122,2218.13,2333.65,2215.88,2286,138575.5398,315402229.903,1031830,74438.0911,169479977.372,145922252.532,0.53734552677,3.06024922006,5.31481849198,0.03213,0.03342,0.03212,0.03278,2.05479452055,4.04732254047,0.0327932535986,-4.04156255468,3055981.69,30559.8169,0.692894164004,OKX_CONTRACT_OI_HISTORY,5865292.44,586529.244,0.318655685795,OKX_CONTRACT_OI_HISTORY,1.18,0.54128440367,0.45871559633,OKX_GLOBAL_ACCOUNT_RATIO,1.49,0.598393574297,0.401606425703,OKX_GLOBAL_ACCOUNT_RATIO,,,,,PRICE_UP_OI_UP,PRICE_UP_OI_UP,PASS,PASS,2.21734617314,9.32463582367,6.91454664057,7.10728965053,-1.9017080941,-8.65455015231,8.19903934775,19.1059240348,10.0369251427,10.9068846871,-7.08744979796,-17.9485226864,7.90173080608,19.546914058,10.7058426207,11.6451832519,-6.19809269929,-15.9838635868,8.27473260392,19.9150208514,10.7058426207,11.6402882474,-5.99956886272,-16.4299984625,,,,,,
2026-08-19T22:00:00Z,2026-08-20T00:00:00+02:00,2026-08-20T22:00:00Z,69709.47,69833.99,68980,69258.9,1240.65644,86005605.7501,246594,542.06606,37576722.5776,48428883.1726,0.436910155446,-0.646339822457,1.23802551464,2286,2290,2241.27,2249.99,49292.8432,111625916.357,391197,21004.1899,47576490.3147,64049426.0422,0.426213659582,-1.57524059493,2.17421372704,0.03279,0.0328,0.03245,0.03248,-0.91519219036,1.07858243451,0.0324866551447,-2.04857799368,3076071.37,30760.7137,0.657388755493,OKX_CONTRACT_OI_HISTORY,5914775.03,591477.503,0.843650858098,OKX_CONTRACT_OI_HISTORY,1.14,0.532710280374,0.467289719626,OKX_GLOBAL_ACCOUNT_RATIO,1.37,0.57805907173,0.42194092827,OKX_GLOBAL_ACCOUNT_RATIO,,,,,PRICE_DOWN_OI_UP,PRICE_DOWN_OI_UP,PASS,PASS,1.26163829195,7.55570215065,6.17848970252,6.29406385869,-0.832625549068,-8.58902791825,7.45025614866,17.1735530304,9.02987579725,9.72329688172,-6.70833062086,-17.0930419485,7.15552186156,17.5899697923,9.6926713948,10.4344479308,-5.32170442857,-15.149055226,7.72679019307,18.13761781,9.65563808238,10.4108276169,-5.10278000447,-15.2662558205,,,,,,
2026-08-19T23:00:00Z,2026-08-20T01:00:00+02:00,2026-08-20T22:00:00Z,69258.9,69453.88,69160,69334.79,830.81844,57589509.5462,169267,400.51349,27760529.3387,29828980.2075,0.482041426597,0.109574365172,0.424927703875,2250,2261.7,2243.36,2252.8,20537.593,46226931.3133,146863,9715.7303,21867136.8066,24359794.5066,0.473038901468,0.124889443953,0.817523714428,0.03248,0.0326,0.03235,0.0325,0.0615763546798,0.772797527048,0.0324916250558,2.57757013494,3082562.57,30825.6257,0.211022412006,OKX_CONTRACT_OI_HISTORY,6043736.05,604373.605,2.18031995039,OKX_CONTRACT_OI_HISTORY,1.13,0.530516431925,0.469483568075,OKX_GLOBAL_ACCOUNT_RATIO,1.34,0.57264957265,0.42735042735,OKX_GLOBAL_ACCOUNT_RATIO,,,,,PRICE_UP_OI_UP,PRICE_UP_OI_UP,PASS,PASS,1.3230416616,7.1731001608,5.82872028655,5.8500584992,-0.635911776667,-6.45301754232,7.46975577856,17.1466308904,9.0238175109,9.67687511179,-5.83982618064,-16.2594848762,7.12142153732,17.4648695153,9.68612892339,10.343447978,-4.33881260389,-14.0415799435,7.44232715191,17.7257525084,9.61214165261,10.2834253564,-4.33479050188,-12.719957155,,,,,,
2026-08-20T00:00:00Z,2026-08-20T02:00:00+02:00,2026-08-20T22:00:00Z,69334.78,69793.21,69314.01,69420,1392.50902,96866466.454,233807,832.55501,57905527.8398,38960938.6142,0.59778713893,0.122896456454,0.69134652576,2252.81,2274.25,2251.93,2262.24,33553.5396,75932750.0129,271112,14278.718,32316295.789,43616454.2239,0.42559101025,0.419034090909,0.991149813715,0.0325,0.03263,0.03243,0.03259,0.276923076923,0.616712920136,0.0325877268799,0.697538722683,3089629.82,30896.2982,0.229265419258,OKX_CONTRACT_OI_HISTORY,6089305.67,608930.567,0.753997521119,OKX_CONTRACT_OI_HISTORY,1.15,0.53488372093,0.46511627907,OKX_GLOBAL_ACCOUNT_RATIO,1.34,0.57264957265,0.42735042735,OKX_GLOBAL_ACCOUNT_RATIO,0.0001,OKX_FUNDING_HISTORY,0.0001,OKX_FUNDING_HISTORY,PRICE_UP_OI_UP,PRICE_UP_OI_UP,PASS,PASS,0.538668284091,1.98907182659,1.46326276463,1.4504035425,1.80158130176,4.15012808369,6.99398833115,16.7782532611,9.17922948074,9.78426492998,-4.88695415968,-17.2050277605,7.64793449944,18.2178279909,9.84159083249,10.5698934915,-4.4863847886,-13.1067342354,7.82230474137,18.4350639492,9.87862440998,10.6127592078,-4.41568925954,-12.3441073797,10.3348923051,20.4004406763,9.10612654838,10.0655483713,-8.8714062658,-15.2693947066
2026-08-20T01:00:00Z,2026-08-20T03:00:00+02:00,2026-08-20T22:00:00Z,69420,69894.5,69283.25,69721.92,864.23959,60085856.0883,166324,484.97145,33718949.6409,26366906.4474,0.561179482762,0.434917891098,0.882247873765,2262.24,2270.94,2250,2266.66,22246.9746,50281392.9908,192545,12453.2168,28149925.0186,22131467.9722,0.559847755685,0.195381568711,0.930666666667,0.03258,0.03263,0.03246,0.03251,-0.245474071801,0.523721503389,0.0325100054617,-0.00168000494183,3138185.19,31381.8519,1.57155946922,OKX_CONTRACT_OI_HISTORY,6079228.6,607922.86,-0.165487997255,OKX_CONTRACT_OI_HISTORY,1.13,0.530516431925,0.469483568075,OKX_GLOBAL_ACCOUNT_RATIO,1.28,0.561403508772,0.438596491228,OKX_GLOBAL_ACCOUNT_RATIO,,,,,PRICE_UP_OI_UP,PRICE_UP_OI_DOWN,PASS,PASS,0.0178741880944,-0.846019247594,-0.823672971324,-0.863893435688,2.68992122135,3.64749349139,7.2444953341,17.2673185369,9.38761776581,10.0228232028,-3.85481069177,-18.4931131496,8.26304400216,18.4450900882,9.38761776581,10.1820460861,-4.51502741479,-13.6096706692,8.60101999905,19.2012789634,9.75692099932,10.6002589643,-2.37176020493,-11.8875945046,10.4661059647,19.8244918457,8.51134846462,9.35838588105,-7.03339858248,-14.2827890967
2026-08-20T02:00:00Z,2026-08-20T04:00:00+02:00,2026-08-21T04:00:00Z,69721.92,69824,69268,69301.27,929.59108,64652716.9064,172766,403.14172,28030612.9347,36622103.9718,0.433556612559,-0.603325324374,0.802679447941,2266.66,2270.68,2250,2251.89,13211.38,29872263.2343,137880,5354.3109,12107477.814,17764785.4203,0.405308353071,-0.651619563587,0.919111111111,0.03252,0.03258,0.03248,0.03249,-0.0922509225092,0.307881773399,0.0324942097021,-1.29552376004,3148261.02,31482.6102,0.321071874028,OKX_CONTRACT_OI_HISTORY,6110056.8,611005.68,0.507107102372,OKX_CONTRACT_OI_HISTORY,1.12,0.528301886792,0.471698113208,OKX_GLOBAL_ACCOUNT_RATIO,1.25,0.555555555556,0.444444444444,OKX_GLOBAL_ACCOUNT_RATIO,,,,,UNAVAILABLE,UNAVAILABLE,PASS,PASS,0.0611762531603,0.0844448197548,0.0307881773399,0.0232685665945,2.34681323405,3.30159252059,5.1242346967,14.2743326906,8.69856139177,9.15009799385,-3.42346801605,-17.1506856697,7.69110158364,18.0421449914,9.5784148398,10.3510434077,-4.43176023244,-12.4192461175,8.10887502999,18.9468568923,9.98645903859,10.8379818623,-2.23952146648,-10.0122188868,9.30223865178,18.3734939759,8.26391202932,9.07125532412,-5.29866529114,-11.8601508545
2026-08-20T03:00:00Z,2026-08-20T05:00:00+02:00,2026-08-21T04:00:00Z,69301.27,69340,68902.22,69195.64,941.77624,65081589.9201,179308,480.77265,33224904.8441,31856685.076,0.51051157301,-0.152421449131,0.635364143565,2251.88,2257.58,2221.54,2251.21,39137.1272,87515924.7758,295928,21829.5294,48775105.6107,38740819.1651,0.557328346077,-0.0301968568625,1.6222980455,0.03249,0.03258,0.03225,0.03253,0.123114804555,1.02325581395,0.0325339862454,-1.22525575135,3135150.4,31351.504,-0.416440057438,OKX_CONTRACT_OI_HISTORY,6034581.54,603458.154,-1.23526282112,OKX_CONTRACT_OI_HISTORY,1.06,0.514563106796,0.485436893204,OKX_GLOBAL_ACCOUNT_RATIO,1.21,0.547511312217,0.452488687783,OKX_GLOBAL_ACCOUNT_RATIO,,,,,PRICE_DOWN_OI_DOWN,PRICE_DOWN_OI_DOWN,PASS,PASS,-0.200692898904,-0.0705788352273,0.0923076923077,0.130114063677,1.70597769894,-0.151471042485,0.935962890568,7.92873820014,6.90108445613,6.99277530957,-0.201189207335,-3.97059873917,7.56237573004,17.7318724995,9.41809619913,10.1694967695,-4.98276914116,-13.2961618908,7.80654236869,18.8167985264,10.1591601761,11.0102561577,-2.61857398878,-13.5051621957,9.09112694293,18.4273930518,8.50567044696,9.33626610885,-5.40435959861,-13.7059028858
2026-08-20T04:00:00Z,2026-08-20T06:00:00+02:00,2026-08-21T04:00:00Z,69195.64,69599.01,69166,69492.01,712.36152,49401587.6596,127113,404.43052,28046319.1895,21355268.4701,0.567721008943,0.428307332659,0.626044588382,2251.21,2258.39,2248.46,2250.28,13799.7223,31100309.0452,88422,6920.7818,15596591.7725,15503717.2727,0.501493144323,-0.0413111171326,0.441635608372,0.03253,0.03256,0.03238,0.03238,-0.461112818936,0.555898702903,0.0323818522446,-0.572000817677,3131670.94,31316.7094,-0.110982235493,OKX_CONTRACT_OI_HISTORY,6114224.28,611422.428,1.31977237315,OKX_CONTRACT_OI_HISTORY,1.06,0.514563106796,0.485436893204,OKX_GLOBAL_ACCOUNT_RATIO,1.17,0.539170506912,0.460829493088,OKX_GLOBAL_ACCOUNT_RATIO,,,,,PRICE_UP_OI_DOWN,PRICE_DOWN_OI_UP,PASS,PASS,0.103730913281,-0.528679538864,-0.644369438478,-0.632410452146,1.36071705833,0.409219233693,1.49965084487,7.69208681295,6.12913798755,6.19243596808,-0.0941899419983,-6.45143399015,8.04741012454,17.7632990554,8.9868731067,9.71588893086,-5.23046244093,-12.1850359279,8.22560921671,18.6443537587,9.57698815567,10.418744542,-3.12003736742,-12.6389139984,9.38035749926,18.22795717,8.11352253756,8.84759967077,-5.0493045392,-13.0426195896
2026-08-20T05:00:00Z,2026-08-20T07:00:00+02:00,2026-08-21T04:00:00Z,69492,69668,69349.16,69406.54,1261.47615,87669940.5241,171545,485.51103,33747030.9146,53922909.6096,0.384932745623,-0.122992556986,0.459760435454,2250.27,2256.99,2243.86,2248.36,13843.9273,31174360.1074,85424,6137.3931,13819297.511,17355062.5963,0.443290494606,-0.0853227153954,0.58515237136,0.03239,0.03242,0.03234,0.03239,0.0308832612724,0.247371675943,0.0323940654584,-1.25500097849,3135897.06,31358.9706,0.134947766894,OKX_CONTRACT_OI_HISTORY,6183821.66,618382.166,1.13828634366,OKX_CONTRACT_OI_HISTORY,1.04,0.509803921569,0.490196078431,OKX_GLOBAL_ACCOUNT_RATIO,1.16,0.537037037037,0.462962962963,OKX_GLOBAL_ACCOUNT_RATIO,,,,,PRICE_DOWN_OI_UP,PRICE_DOWN_OI_UP,PASS,PASS,-0.452339809345,-0.807355315751,-0.369117194709,-0.355015506405,-0.0729125230497,1.7204988804,1.77316430022,7.52455739304,5.642530985,5.75139309282,0.663608746537,-3.6938094581,8.0492701835,17.6985452318,8.87394957983,9.64927504833,-4.67676956258,-11.3728833463,8.03791742447,18.6075341707,9.72222222222,10.5696167462,-3.27588646404,-11.2685971529,9.26691328645,18.3565393625,8.25534759358,9.08962607606,-4.11219600932,-12.8818726469
2026-08-20T06:00:00Z,2026-08-20T08:00:00+02:00,2026-08-21T04:00:00Z,69406.53,69927.97,69336.97,69851.99,1346.47743,93621817.0442,191879,600.01128,41739262.9409,51882554.1033,0.445828379097,0.64179830892,0.852359138278,2248.36,2267.3,2238.97,2262.76,25308.2298,57005061.0303,217945,16153.4567,36385539.2941,20619521.7362,0.638286121205,0.640466829155,1.26531396133,0.03238,0.03243,0.03227,0.03239,0,0.495816547877,0.0323936368885,-1.12271694744,3187686.03,31876.8603,1.65148820287,OKX_CONTRACT_OI_HISTORY,6172863.94,617286.394,-0.177199806244,OKX_CONTRACT_OI_HISTORY,1.05,0.512195121951,0.487804878049,OKX_GLOBAL_ACCOUNT_RATIO,1.17,0.539170506912,0.460829493088,OKX_GLOBAL_ACCOUNT_RATIO,,,,,PRICE_UP_OI_UP,PRICE_UP_OI_DOWN,PASS,PASS,0.794675191378,0.482705638375,-0.307787011388,-0.311969553003,1.25227894859,1.02793054232,2.12877977203,8.16614322659,5.88427590716,6.03736345456,2.76564362322,-4.60034567304,8.56730981445,17.9977367897,8.72776099362,9.43042697523,-3.34318371792,-11.2286258324,8.60405705834,18.9155100561,9.46265630281,10.3114529977,-1.48445591928,-10.3267465688,9.71288711957,18.6523688419,8.11081441923,8.93948172236,-3.2797038276,-12.7743162147
2026-08-20T07:00:00Z,2026-08-20T09:00:00+02:00,2026-08-21T04:00:00Z,69851.99,70022,69506.91,69816.45,2107.14536,146891333.732,202651,966.79775,67444176.5864,79447157.1454,0.45914333319,-0.0508790086009,0.741063010857,2262.77,2264.77,2244.1,2251.81,21215.33,47779208.518,174103,9014.0705,20312241.826,27466966.692,0.425127214452,-0.483922289593,0.92108194822,0.03239,0.0324,0.03225,0.03226,-0.401358443964,0.46511627907,0.0322532870119,2.08133457086,3219342.5,32193.425,0.993086198016,OKX_CONTRACT_OI_HISTORY,6159714.21,615971.421,-0.213024782788,OKX_CONTRACT_OI_HISTORY,1.04,0.509803921569,0.490196078431,OKX_GLOBAL_ACCOUNT_RATIO,1.2,0.545454545455,0.454545454545,OKX_GLOBAL_ACCOUNT_RATIO,,,,,PRICE_DOWN_OI_UP,PRICE_DOWN_OI_DOWN,PASS,PASS,0.897180805033,0.0266523336339,-0.830003074085,-0.870528471399,2.68542459717,2.0735931592,2.02691999233,7.12600260702,5.04721589059,5.09908261469,3.77308649119,-4.65786851377,8.5859929078,17.5260045616,8.21871855082,8.94001165376,-2.08109047151,-13.5755922905,8.75010923072,18.5887173222,9.06017579446,9.83860809143,-1.51536343107,-10.4535973704,9.92215157338,18.4583335525,7.78483127297,8.53618197914,-2.35581495323,-13.6382952598
2026-08-20T08:00:00Z,2026-08-20T10:00:00+02:00,2026-08-21T10:00:00Z,69816.45,71826.26,69772.36,71592.1,4173.84476,296911673.067,552363,2403.67496,170897704.063,126013969.003,0.575584322092,2.54331178397,2.94371582099,2251.81,2287.26,2249.19,2282.25,39913.3403,90780242.9565,370818,22046.9316,50133110.0291,40647132.9273,0.552246925063,1.35180143973,1.69260933936,0.03225,0.03226,0.03174,0.03186,-1.20930232558,1.63831127914,0.0318785173224,-5.8087150838,3101180.78,31011.8078,-3.67036809535,OKX_CONTRACT_OI_HISTORY,6041408.65,604140.865,-1.92063391201,OKX_CONTRACT_OI_HISTORY,1.14,0.532710280374,0.467289719626,OKX_GLOBAL_ACCOUNT_RATIO,1.22,0.54954954955,0.45045045045,OKX_GLOBAL_ACCOUNT_RATIO,0.0001,OKX_FUNDING_HISTORY,0.0001,OKX_FUNDING_HISTORY,UNAVAILABLE,UNAVAILABLE,PASS,PASS,3.02205965837,1.42071208916,-1.60592958616,-1.60134756921,-0.973606760869,-1.19092180243,3.68444819449,2.89118713144,-0.809464508095,-0.793261063045,2.18217899859,3.33090812034,11.1437817429,18.7731587493,6.8052296346,7.62937700639,-5.79162457624,-15.5169301171,11.3476386252,20.0994579803,7.78078484438,8.7518193551,-5.5454514133,-12.3740307243,12.9554294326,20.4715930385,6.6265060241,7.51616360592,-5.531824065,-14.1203134646
2026-08-20T09:00:00Z,2026-08-20T11:00:00+02:00,2026-08-21T10:00:00Z,71592.11,72067.46,71500,71789.97,3166.23325,227549216.282,352397,1656.88514,119076411.723,108472804.559,0.523299590606,0.276385243623,0.79365034965,2282.26,2298.39,2275.23,2278.56,33799.6848,77329722.918,329961,18313.6754,41911046.7316,35418676.1864,0.541978493523,-0.161682550115,1.01791906752,0.03187,0.03192,0.03174,0.03175,-0.345260514752,0.567107750473,0.0317392527118,3.38611886455,3099354.52,30993.5452,-0.0588891822036,OKX_CONTRACT_OI_HISTORY,6033241.08,603324.108,-0.135193139103,OKX_CONTRACT_OI_HISTORY,1.09,0.521531100478,0.478468899522,OKX_GLOBAL_ACCOUNT_RATIO,1.23,0.551569506726,0.448430493274,OKX_GLOBAL_ACCOUNT_RATIO,,,,,PRICE_UP_OI_DOWN,PRICE_DOWN_OI_DOWN,PASS,PASS,3.43401356702,1.3432012667,-1.97591849336,-2.09081230032,-1.16529781752,-2.43507313566,2.98454470885,-0.325459317585,-3.14215985357,-3.31000402644,1.41927650097,2.86343164843,11.4282880516,18.7182827072,6.57938905673,7.2899946556,-5.7687638065,-15.599034717,11.8712615091,20.1182964052,7.40866035183,8.24703489613,-5.72703668055,-12.4801626002,13.3693628762,20.3028479108,6.15178869943,6.93348503456,-5.31529179774,-15.2408597864
2026-08-20T10:00:00Z,2026-08-20T12:00:00+02:00,2026-08-21T10:00:00Z,71789.97,72490,71686.58,71995.99,2350.9646,169321447.489,335431,1102.45826,79429954.0504,89891493.4384,0.469107459382,0.286976021859,1.12073975352,2278.56,2295.87,2275.54,2287,28676.9797,65510615.6348,183607,13173.09,30100291.7395,35410323.8954,0.459471971799,0.370409381364,0.893414310449,0.03174,0.03182,0.03163,0.03176,0.0314960629921,0.600695542207,0.0317656580596,-1.78118758198,3117685.25,31176.8525,0.591437019602,OKX_CONTRACT_OI_HISTORY,6107284.77,610728.477,1.22726224625,OKX_CONTRACT_OI_HISTORY,1.12,0.528301886792,0.471698113208,OKX_GLOBAL_ACCOUNT_RATIO,1.22,0.54954954955,0.45045045045,OKX_GLOBAL_ACCOUNT_RATIO,,,,,PRICE_UP_OI_UP,PRICE_UP_OI_UP,PASS,PASS,3.06934705797,1.07125810957,-1.9450447669,-1.99808894841,-2.19597473971,-1.06237834881,3.95196862786,1.64489619954,-2.21674876847,-2.30707242832,1.35282556854,3.25472632558,11.6966565622,19.100936351,6.61295736824,7.40427978883,-5.44625706417,-14.3946473591,12.1383958332,20.4939884722,7.40615488671,8.35559263899,-4.96448730106,-11.5926659381,13.0373557457,19.9165250949,6.04340567613,6.8791693492,-4.30707668891,-13.9132834712
2026-08-20T11:00:00Z,2026-08-20T13:00:00+02:00,2026-08-21T10:00:00Z,71995.99,72322,71820,71927.07,1357.58479,97800539.6705,291099,652.27144,46985855.4772,50814684.1933,0.480425319078,-0.0957275537151,0.698969646338,2286.99,2320,2282.31,2296.58,46096.0654,106221495.313,405821,28253.9686,65110246.8882,41111248.4243,0.612966770018,0.418889374727,1.65139704948,0.03176,0.03212,0.03172,0.03193,0.535264483627,1.26103404792,0.0319292861505,0.223572007072,3095008.23,30950.0823,-0.727367202959,OKX_CONTRACT_OI_HISTORY,5984756.32,598475.632,-2.00626718115,OKX_CONTRACT_OI_HISTORY,1.13,0.530516431925,0.469483568075,OKX_GLOBAL_ACCOUNT_RATIO,1.25,0.555555555556,0.444444444444,OKX_GLOBAL_ACCOUNT_RATIO,,,,,PRICE_DOWN_OI_DOWN,PRICE_UP_OI_DOWN,PASS,PASS,3.02309842451,1.98817839871,-1.02293862368,-1.0349200258,-3.86210134523,-2.84035726391,3.73878683414,1.943359375,-1.75384615385,-1.79542745914,0.403743953849,-0.975881962946,11.4878208583,19.4232109243,7.11170748071,7.93539006596,-5.45966017191,-17.076693459,11.7727115847,20.6751054852,7.9445571332,8.90239390057,-5.48185000277,-12.7558633053,13.0376026817,20.5895634458,6.68225860341,7.5519607641,-4.6066068296,-15.8706961454
2026-08-20T12:00:00Z,2026-08-20T14:00:00+02:00,2026-08-21T10:00:00Z,71927.07,72015.42,71501,71952.04,1576.86402,113174119.994,318664,803.45966,57678346.2393,55495773.7548,0.509642542326,0.0347157196866,0.719458469112,2296.59,2300.97,2268,2290.23,30637.9729,69942194.5644,271259,15004.5986,34254101.3626,35688093.2019,0.489748735736,-0.276498097171,1.4537037037,0.03193,0.03196,0.03168,0.03182,-0.344503601629,0.883838383838,0.0318299522849,-3.12670430481,3023200.96,30232.0096,-2.32009948484,OKX_CONTRACT_OI_HISTORY,6075683.38,607568.338,1.51931098174,OKX_CONTRACT_OI_HISTORY,1.11,0.526066350711,0.473933649289,OKX_GLOBAL_ACCOUNT_RATIO,1.25,0.555555555556,0.444444444444,OKX_GLOBAL_ACCOUNT_RATIO,,,,,PRICE_UP_OI_DOWN,PRICE_DOWN_OI_UP,PASS,PASS,0.502764969878,0.349654945777,-0.125549278092,-0.153110024101,-2.51452029185,0.567330104379,3.64742149237,1.23726925525,-2.36268794109,-2.41015223711,-2.15005887016,-0.223708428156,10.8965100571,18.2231146856,6.59966499162,7.32660462847,-6.93194063844,-17.3902470915,12.0224468247,20.5714195464,7.57268424611,8.54897272169,-7.3461520304,-11.3607166428,13.2127935798,20.5879255694,6.45700903312,7.37513198962,-6.67063808207,-13.4100394662
2026-08-20T13:00:00Z,2026-08-20T15:00:00+02:00,2026-08-21T10:00:00Z,71952.04,72108.8,71132,71691.99,2151.9086,154276127.438,445326,1203.61262,86282659.6207,67993467.8178,0.559274212111,-0.361421302301,1.37322161615,2290.23,2298.19,2255.68,2276.91,30967.0693,70582588.5366,350824,15422.1913,35162181.6914,35420406.8453,0.498170758828,-0.581600974575,1.88457582636,0.03183,0.0319,0.03167,0.03176,-0.188560653677,0.726239343227,0.0317596149863,0.121227452996,3014303.25,30143.0325,-0.294314209268,OKX_CONTRACT_OI_HISTORY,5973653.36,597365.336,-1.67931759472,OKX_CONTRACT_OI_HISTORY,1.11,0.526066350711,0.473933649289,OKX_GLOBAL_ACCOUNT_RATIO,1.23,0.551569506726,0.448430493274,OKX_GLOBAL_ACCOUNT_RATIO,,,,,PRICE_DOWN_OI_DOWN,PRICE_DOWN_OI_DOWN,PASS,PASS,-0.136481461129,-0.0724141563093,0.0314960629921,0.0640673048196,-2.74416074222,-0.98765686983,2.82561065444,0.452207212374,-2.30698246693,-2.37340344207,-3.94756626839,-1.73665520655,10.2748072206,17.7976098091,6.86406460296,7.52280258853,-7.65020575358,-19.9086067438,11.6350064832,19.9737596425,7.47884940778,8.33875315936,-7.15429346724,-13.9896321343,12.5951511771,19.5278541881,6.14973262032,6.93270301105,-6.488995619,-15.3963605376
2026-08-20T14:00:00Z,2026-08-20T16:00:00+02:00,2026-08-21T16:00:00Z,71692,71990.09,71364.01,71826.85,1441.04171,103275705.728,377125,716.3138,51342363.5734,51933342.1549,0.497138830583,0.188096300843,0.877304960862,2276.92,2289.33,2271.48,2281.24,20629.5566,47024512.4112,283045,10902.9979,24857457.0054,22167055.4058,0.528606374226,0.189729986122,0.785831264198,0.03176,0.03188,0.03175,0.03175,-0.0314861460957,0.409448818898,0.0317602679221,-3.23294567866,3012656.03,30126.5603,-0.0546467910951,OKX_CONTRACT_OI_HISTORY,5998603.31,599860.331,0.417666518233,OKX_CONTRACT_OI_HISTORY,1.09,0.521531100478,0.478468899522,OKX_GLOBAL_ACCOUNT_RATIO,1.21,0.547511312217,0.452488687783,OKX_GLOBAL_ACCOUNT_RATIO,,,,,UNAVAILABLE,UNAVAILABLE,PASS,PASS,-0.234929750949,-0.25185832969,-0.0314861460957,-0.0169285787409,-3.36882050553,-1.77953811052,3.64434879765,1.30334963075,-2.27762388427,-2.34099916689,-4.30729819219,-1.82409908202,8.95532847991,15.7637267837,6.22281699565,6.80839830381,-7.58330723227,-18.6619392519,10.9909330508,19.3729003359,7.51777853031,8.38196728513,-6.63697023854,-13.2938001982,12.4004598872,19.4610417834,6.22281699565,7.06058189623,-5.83855753029,-15.2869994619
2026-08-20T15:00:00Z,2026-08-20T17:00:00+02:00,2026-08-21T16:00:00Z,71826.85,72830,71789.01,72470.83,2926.7352,211659318.358,544525,1528.68679,110559764.711,101099553.647,0.522347731101,0.896572799726,1.45006875008,2281.24,2337.89,2281.24,2326.41,57003.4211,131650259.844,527166,33878.205,78244147.2427,53406112.6018,0.594333405305,1.98006347425,2.48329855693,0.03176,0.03223,0.03174,0.0321,1.10236220472,1.54379332073,0.032101329597,-0.414187524985,2997677.31,29976.7731,-0.497193169444,OKX_CONTRACT_OI_HISTORY,5939955.71,593995.571,-0.977687587746,OKX_CONTRACT_OI_HISTORY,1.11,0.526066350711,0.473933649289,OKX_GLOBAL_ACCOUNT_RATIO,1.15,0.53488372093,0.46511627907,OKX_GLOBAL_ACCOUNT_RATIO,,,,,PRICE_UP_OI_DOWN,PRICE_UP_OI_DOWN,PASS,PASS,0.755987975042,1.29888791159,0.532414657062,0.542899936548,-3.14477095914,-0.748578682315,4.73323174697,3.34042581545,-1.32185674762,-1.39280593152,-4.38489617595,-1.56805951453,5.71349593022,11.5340176333,5.48800525797,5.82052170305,-4.57726344543,-5.47639690238,11.7427537651,21.3125097773,8.59269282815,9.56975601225,-7.74600610612,-15.1125423154,12.8829127726,21.5965754069,7.71812080537,8.71366263432,-5.69664732732,-16.2123652425
2026-08-20T16:00:00Z,2026-08-20T18:00:00+02:00,2026-08-21T16:00:00Z,72470.84,72905,72205.88,72837.15,1324.40386,96013122.5829,300259,642.62938,46596130.3082,49416992.2747,0.485310018617,0.505472339699,0.968231396113,2326.4,2360,2314.44,2344.48,53188.0747,124162662.786,379106,29419.4607,68706529.0672,55456133.7189,0.55335901732,0.776733249943,1.96851074126,0.03211,0.03245,0.03204,0.03219,0.280373831776,1.27965043695,0.0321879700126,0.63066650174,3018540.65,30185.4065,0.695983517986,OKX_CONTRACT_OI_HISTORY,5918380.37,591838.037,-0.363223920402,OKX_CONTRACT_OI_HISTORY,1.09,0.521531100478,0.478468899522,OKX_GLOBAL_ACCOUNT_RATIO,1.19,0.543378995434,0.456621004566,OKX_GLOBAL_ACCOUNT_RATIO,5.8895290316e-05,OKX_FUNDING_HISTORY,0.0001,OKX_FUNDING_HISTORY,PRICE_UP_OI_UP,PRICE_UP_OI_DOWN,PASS,PASS,1.2301388536,2.36875772302,1.16279069767,1.13861886942,-0.15415151231,-2.58905871425,4.813704482,4.18614572409,-0.586781964175,-0.62755875791,-3.61245776352,-3.20308678634,6.3855440868,12.2002345003,5.5063913471,5.81469041345,-3.70324513365,-9.44787574682,12.3336674892,22.2057160133,8.75,9.87204852408,-7.56075301267,-15.6909729602,13.6025682297,22.9265632701,8.20168067227,9.32399504039,-5.95072399021,-16.1425107045
2026-08-20T17:00:00Z,2026-08-20T19:00:00+02:00,2026-08-21T16:00:00Z,72837.15,72966,72534.71,72737.5,1268.41951,92289080.4198,265124,597.34794,43462479.4807,48826600.9391,0.470938482462,-0.136812052641,0.594598089659,2344.48,2351.28,2332.44,2344.26,26437.3155,61924892.5646,241409,12411.8416,29079189.381,32845703.1836,0.469588047338,-0.00938374394321,0.807737819622,0.03219,0.03225,0.03212,0.03223,0.124262193228,0.404732254047,0.0322290427909,0.297002039022,3044323.11,30443.2311,0.85413658418,OKX_CONTRACT_OI_HISTORY,5991818.11,599181.811,1.24084184201,OKX_CONTRACT_OI_HISTORY,1.07,0.51690821256,0.48309178744,OKX_GLOBAL_ACCOUNT_RATIO,1.18,0.54128440367,0.45871559633,OKX_GLOBAL_ACCOUNT_RATIO,,,,,PRICE_DOWN_OI_UP,PRICE_DOWN_OI_UP,PASS,PASS,1.45833586151,2.95795617745,1.4798488665,1.49962031594,0.995913732303,0.304081085816,4.79920191959,4.26533117472,-0.493979623341,-0.533870744866,-2.9201835471,-3.10493349512,6.65746395495,12.11083586,5.12067840835,5.45337190506,-2.27595339399,-6.68405262612,12.474837645,22.6475112223,9.06937394247,10.1726735772,-6.88645462369,-14.3541931314,13.0763786146,22.8062087788,8.59164420485,9.72983016422,-4.64683309959,-15.1829619492
2026-08-20T18:00:00Z,2026-08-20T20:00:00+02:00,2026-08-21T16:00:00Z,72737.51,72810,72394,72431.36,968.00662,70245199.5616,208116,404.23396,29335672.6241,40909526.9375,0.417618183266,-0.420883313284,0.5746332569,2344.25,2348.11,2310.44,2316.38,32689.169,75997077.8846,197801,14373.2267,33403658.3161,42593419.5685,0.439538719723,-1.18928787762,1.63042537352,0.03223,0.03225,0.0319,0.03199,-0.744647843624,1.09717868339,0.0319803466344,3.01853063832,3017745.93,30177.4593,-0.87300785888,OKX_CONTRACT_OI_HISTORY,5936711.23,593671.123,-0.919702150304,OKX_CONTRACT_OI_HISTORY,1.04,0.509803921569,0.490196078431,OKX_GLOBAL_ACCOUNT_RATIO,1.13,0.530516431925,0.469483568075,OKX_GLOBAL_ACCOUNT_RATIO,,,,,PRICE_DOWN_OI_DOWN,PRICE_DOWN_OI_DOWN,PASS,PASS,0.841621204327,1.54039031404,0.755905511811,0.698769109713,0.168950585441,-1.03177484493,3.69262207133,2.36967243543,-1.23494905835,-1.32294963589,-5.3311429796,-3.82565875897,5.90000963507,10.7293265071,4.5766590389,4.82931687203,-2.71293977224,-8.25001090482,11.8251096153,20.8588124804,8.11084825955,9.03370286517,-7.62130708617,-15.1267878684,12.4206586271,21.2758048387,7.92847503374,8.85514621162,-6.48707829408,-15.9916579126
2026-08-20T19:00:00Z,2026-08-20T21:00:00+02:00,2026-08-21T16:00:00Z,72431.35,72774,72330,72690.76,818.65084,59423050.3676,177706,378.71128,27489338.6312,31933711.7364,0.462603963633,0.358132168166,0.613853172957,2316.37,2332.6,2312.14,2323.77,27281.6566,63430687.7765,204600,13632.7343,31698714.628,31731973.1485,0.499737835725,0.319032283131,0.884894513308,0.03199,0.03209,0.03195,0.03197,-0.0625195373554,0.438184663537,0.0319678869777,0.660982799501,3018047.81,30180.4781,0.0100034929051,OKX_CONTRACT_OI_HISTORY,5955783.26,595578.326,0.321255814223,OKX_CONTRACT_OI_HISTORY,1.04,0.509803921569,0.490196078431,OKX_GLOBAL_ACCOUNT_RATIO,1.14,0.532710280374,0.467289719626,OKX_GLOBAL_ACCOUNT_RATIO,,,,,PRICE_UP_OI_UP,PRICE_UP_OI_UP,PASS,PASS,0.303473825262,-0.11347956723,-0.404984423676,-0.416953392492,0.67954278908,0.266459057487,4.11695238013,3.19565149813,-0.898946063236,-0.921300882006,-6.25266463571,-3.31072096931,6.22731970333,10.5493763142,4.1028980788,4.32205661088,-2.71549658923,-7.81438045347,12.4490936874,21.4547792273,8.00675675676,9.00568553988,-7.46103657003,-14.9345535541,13.0318849522,21.8387731026,7.7882670263,8.80688815044,-7.04106026807,-15.525555282
2026-08-20T20:00:00Z,2026-08-20T22:00:00+02:00,2026-08-21T22:00:00Z,72690.76,73110.7,72594,72671.75,871.61952,63461619.2748,179194,429.06632,31250586.3377,32211032.9371,0.49243285461,-0.0261518795511,0.711766812684,2323.78,2331.5,2313.81,2318.58,8625.8899,20039847.2184,108662,3911.6148,9087748.94629,10952098.2721,0.453483943627,-0.223773334825,0.764539871467,0.03198,0.032,0.03186,0.0319,-0.250156347717,0.439422473321,0.0319048323454,-1.51461239207,3014775.75,30147.7575,-0.108416440229,OKX_CONTRACT_OI_HISTORY,5939513.01,593951.301,-0.273184051362,OKX_CONTRACT_OI_HISTORY,1.03,0.507389162562,0.492610837438,OKX_GLOBAL_ACCOUNT_RATIO,1.13,0.530516431925,0.469483568075,OKX_GLOBAL_ACCOUNT_RATIO,,,,,UNAVAILABLE,UNAVAILABLE,PASS,PASS,-0.227081921794,-1.10472258241,-0.900900900901,-0.877640660612,-0.124725833989,0.357067959118,1.50805745327,1.59185014788,0.125549278092,0.0837926946139,-2.78619777851,-1.6866205533,5.24806924336,4.52906064595,-0.684931506849,-0.719008597412,-0.664818602707,1.58810778606,12.5256436004,21.1999874544,7.69750168805,8.67434385402,-7.40208466466,-15.1501826335,12.8570725298,21.5998069994,7.73387369132,8.74273446965,-7.2477187264,-15.4645512121
2026-08-20T21:00:00Z,2026-08-20T23:00:00+02:00,2026-08-21T22:00:00Z,72671.76,72848,72557,72741.81,501.87504,36487574.4423,116602,228.90547,16644774.476,19842799.9663,0.456176512976,0.096406100032,0.401063991069,2318.58,2325.6,2313.32,2318.81,9548.3999,22142086.1346,84351,4632.6223,10743117.822,11398968.3127,0.485189957108,0.00991986474481,0.53083879446,0.03191,0.03196,0.03186,0.03187,-0.0940438871473,0.313873195229,0.0318772656331,-2.27925228889,3013374.08,30133.7408,-0.0464933420007,OKX_CONTRACT_OI_HISTORY,5942739.98,594273.998,0.0543305485579,OKX_CONTRACT_OI_HISTORY,1.02,0.50495049505,0.49504950495,OKX_GLOBAL_ACCOUNT_RATIO,1.13,0.530516431925,0.469483568075,OKX_GLOBAL_ACCOUNT_RATIO,,,,,PRICE_UP_OI_DOWN,PRICE_UP_OI_UP,PASS,PASS,0.00592541673827,-1.08563043348,-1.11697176544,-1.09155585022,-1.01661449464,-0.81908577829,1.32586766647,1.76646654027,0.377952755906,0.440598873799,-2.77414021033,-1.50004116859,4.34998348861,1.43525809274,-2.77608297743,-2.91472539587,-1.39423642947,1.32043782629,12.5954382801,21.2627208166,7.63255656873,8.66728253657,-7.50591306242,-14.8744827414,12.9846655945,21.6361108925,7.63255656873,8.65144529802,-7.31015711749,-15.3265085508
2026-08-20T22:00:00Z,2026-08-21T00:00:00+02:00,2026-08-21T22:00:00Z,72741.81,72878,72498,72676.22,520.26326,37818021.9182,133840,230.20853,16732838.1404,21085183.7779,0.442456725435,-0.0901682264986,0.524152390411,2318.81,2319.45,2306.67,2314.42,10626.9634,24589580.4039,89733,4999.398,11569096.9434,13020483.4604,0.470487773821,-0.189321246674,0.554045442131,0.03187,0.03192,0.0318,0.03184,-0.0941324129275,0.377358490566,0.031845629836,-1.76785198883,3009397,30093.97,-0.1319809587,OKX_CONTRACT_OI_HISTORY,5921407.37,592140.737,-0.358969264545,OKX_CONTRACT_OI_HISTORY,1.01,0.502487562189,0.497512437811,OKX_GLOBAL_ACCOUNT_RATIO,1.11,0.526066350711,0.473933649289,OKX_GLOBAL_ACCOUNT_RATIO,,,,,PRICE_DOWN_OI_DOWN,PRICE_DOWN_OI_DOWN,PASS,PASS,0.338057990351,-0.0846147868657,-0.468896530166,-0.422672777217,-0.276661130316,-0.257783466419,0.94481650992,1.19895059029,0.251889168766,0.254134080373,-3.47335414952,-3.04353582648,4.93412398984,2.86356828253,-1.97044334975,-2.07055570732,-2.167517004,0.112131737325,12.4427081722,20.9572388707,7.53123944613,8.51453069854,-7.37387258418,-15.0539103875,13.0421635915,21.5205691633,7.49493585415,8.47840557185,-7.1596933842,-15.171242401
2026-08-20T23:00:00Z,2026-08-21T01:00:00+02:00,2026-08-21T22:00:00Z,72676.23,73400,72664.56,73025.15,930.8009,68076582.6869,205950,508.28437,37175076.6438,30901506.0431,0.546077302598,0.480115779274,1.01210273619,2314.42,2340,2313.1,2326.82,10182.9329,23699380.3595,149605,5534.5075,12881374.9951,10818005.3644,0.543532143023,0.535771381167,1.16294150707,0.03184,0.03192,0.03179,0.03187,0.0942211055276,0.408933626927,0.0318632690244,2.1124560559,3005418.36,30054.1836,-0.132207216263,OKX_CONTRACT_OI_HISTORY,5910513.31,591051.331,-0.183977546541,OKX_CONTRACT_OI_HISTORY,1.02,0.50495049505,0.49504950495,OKX_GLOBAL_ACCOUNT_RATIO,1.13,0.530516431925,0.469483568075,OKX_GLOBAL_ACCOUNT_RATIO,,,,,PRICE_UP_OI_DOWN,PRICE_UP_OI_DOWN,PASS,PASS,0.460017201636,0.131252232364,-0.312793243666,-0.328764969272,-0.418464212467,-0.760100695807,1.52665748792,1.31674054464,-0.187911055434,-0.209916943289,-2.89465692309,-1.24053522032,5.32252279123,3.28568892045,-1.93846153846,-2.03683387077,-2.50259997156,-2.20431102381,12.8229836129,21.3243997184,7.55990550118,8.5014161055,-6.73282945246,-15.9363708727,13.160969502,21.5938545151,7.48735244519,8.43288501305,-6.72890800757,-14.643880761
2026-08-21T00:00:00Z,2026-08-21T02:00:00+02:00,2026-08-21T22:00:00Z,73027.02,73990,73027.02,73708.02,1919.94005,141359048.818,415897,1079.36584,79458102.6045,61900946.2138,0.562101282293,0.935116189422,1.31866259913,2326.83,2351.15,2324.99,2340.82,18927.206,44286398.6431,291879,10548.9475,24684041.6181,19602357.025,0.557372971711,0.601679545474,1.12516612975,0.03187,0.03187,0.0317,0.03175,-0.37652965171,0.536277602524,0.0317580095083,-2.52204355738,3083339.02,30833.3902,2.5926726554,OKX_CONTRACT_OI_HISTORY,5853160.6,585316.06,-0.970350746067,OKX_CONTRACT_OI_HISTORY,1.02,0.50495049505,0.49504950495,OKX_GLOBAL_ACCOUNT_RATIO,1.13,0.530516431925,0.469483568075,OKX_GLOBAL_ACCOUNT_RATIO,1.15687813457e-05,OKX_FUNDING_HISTORY,7.80352542507e-05,OKX_FUNDING_HISTORY,PRICE_UP_OI_UP,PRICE_UP_OI_DOWN,PASS,PASS,1.42595988125,0.959207790976,-0.470219435737,-0.466752090271,2.27424112722,-1.45386347087,2.44048674645,2.20894844623,-0.21998742929,-0.231538300224,1.98921807699,-3.66251442155,6.17692307692,3.47354834147,-2.57747775391,-2.70337473546,-0.203610152882,-3.87802949626,14.2972646074,22.3241813944,7.01044826424,8.02691678706,-4.68086020656,-16.476480712,14.482405565,22.5489631487,7.04652730951,8.06655758371,-4.61030862077,-15.7434287508
2026-08-21T01:00:00Z,2026-08-21T03:00:00+02:00,2026-08-21T22:00:00Z,73707.82,75785.82,73668,75129.23,3173.32947,237448499.981,567499,1838.39576,137535715.886,99912784.0955,0.579223351154,1.92816195578,2.8748167454,2340.82,2380.82,2338,2359.37,39451.2176,93106342.3268,458978,21940.6232,51796816.2313,41309526.0955,0.55631888158,0.792457344008,1.83147989735,0.03176,0.03177,0.03133,0.03141,-1.07086614173,1.40440472391,0.0314041552136,1.86115064615,2997810.54,29978.1054,-2.77389153269,OKX_CONTRACT_OI_HISTORY,5823539.15,582353.915,-0.506076153113,OKX_CONTRACT_OI_HISTORY,1.08,0.519230769231,0.480769230769,OKX_GLOBAL_ACCOUNT_RATIO,1.18,0.54128440367,0.45871559633,OKX_GLOBAL_ACCOUNT_RATIO,,,,,PRICE_UP_OI_DOWN,PRICE_UP_OI_DOWN,PASS,PASS,3.28204645994,1.74917306722,-1.44336366489,-1.53287339272,-0.516482175356,-2.00582274172,4.79445472221,3.62157485364,-1.10201511335,-1.17287986857,-0.547148333533,-2.51293807915,7.7555380001,4.0901590887,-3.38357428484,-3.6653789114,-4.47311555887,-4.20595221571,16.6594255198,23.2896827056,5.6864064603,6.63025718576,-8.78618057988,-17.2432066398,17.0236133736,24.0768009087,6.04321404456,7.05318753517,-6.73878418906,-15.5935601759
2026-08-21T02:00:00Z,2026-08-21T04:00:00+02:00,2026-08-22T04:00:00Z,75129.23,75197.08,74384.63,74439.74,1716.15486,128330588.294,372549,850.29649,63590223.9873,64740364.3071,0.495518837967,-0.91773867508,1.09222832728,2359.37,2365,2340,2345.75,22518.6061,52985423.2277,246640,9984.691,23502332.6706,29483090.5571,0.443562233514,-0.577272746538,1.06837606838,0.0314,0.03157,0.03133,0.03152,0.382165605096,0.766038940313,0.0315120660013,2.51776532026,2978804.19,29788.0419,-0.634007711508,OKX_CONTRACT_OI_HISTORY,5867810.59,586781.059,0.760215375216,OKX_CONTRACT_OI_HISTORY,1.07,0.51690821256,0.48309178744,OKX_GLOBAL_ACCOUNT_RATIO,1.16,0.537037037037,0.462962962963,OKX_GLOBAL_ACCOUNT_RATIO,,,,,UNAVAILABLE,UNAVAILABLE,PASS,PASS,2.42654337278,1.35368688484,-1.00502512563,-1.07285648795,-1.0165760782,-0.905135834287,3.63776220174,2.82784801248,-0.724409448819,-0.809914189255,-1.12365433235,-2.18038622061,7.41468374245,4.16805438987,-2.98553401046,-3.24662935258,-5.3825533818,-3.9647128976,15.6760561848,22.9622057976,6.30691399663,7.28614961274,-9.57577175398,-15.8915715625,16.124806211,23.9046265826,6.70277589709,7.77982037166,-7.50153140986,-13.5799760509
2026-08-21T03:00:00Z,2026-08-21T05:00:00+02:00,2026-08-22T04:00:00Z,74439.75,74882.24,74247.46,74510.77,1039.80072,77514842.411,226091,573.37944,42745300.3225,34769542.0884,0.551446651931,0.0954194627762,0.854951805759,2345.75,2354.5,2337.23,2341.04,14892.49,34955367.4295,132442,8554.4659,20085643.4156,14869724.014,0.574608275998,-0.200788660343,0.738908879314,0.03151,0.03155,0.03142,0.03142,-0.317258883249,0.413749204328,0.0314188136829,0.377581758535,3038872.35,30388.7235,2.01651925298,OKX_CONTRACT_OI_HISTORY,5929794.94,592979.494,1.0563454469,OKX_CONTRACT_OI_HISTORY,1.11,0.526066350711,0.473933649289,OKX_GLOBAL_ACCOUNT_RATIO,1.16,0.537037037037,0.462962962963,OKX_GLOBAL_ACCOUNT_RATIO,,,,,PRICE_UP_OI_UP,PRICE_DOWN_OI_UP,PASS,PASS,2.03439499953,0.61113450976,-1.41198619391,-1.42326048977,1.11312256707,0.326225980532,2.8148428823,0.628865935067,-2.11838006231,-2.18597694723,1.37423197162,-0.171058009454,7.68130766621,3.99029855056,-3.41223486013,-3.69100911565,-3.07092284951,-1.73643523259,15.8245727429,22.4297257014,5.68449377733,6.6051529585,-7.90067499458,-14.8017178838,16.0874945723,23.5579435158,6.40027091094,7.47044894349,-5.60908245133,-15.0070890337
2026-08-21T04:00:00Z,2026-08-21T06:00:00+02:00,2026-08-22T04:00:00Z,74510.77,75054.46,74510.77,75026,825.51685,61831670.1604,172179,473.02852,35426252.3022,26405417.8581,0.572946715014,0.691483929102,0.729679749652,2341.05,2356,2341.05,2354.42,9675.3592,22724400.3727,130255,5399.4599,12682211.8001,10042188.5726,0.558087852357,0.571540853638,0.638602336558,0.03142,0.03144,0.03133,0.03138,-0.127307447486,0.351101180977,0.0313813877856,-0.442232057153,3030132.46,30301.3246,-0.287603064341,OKX_CONTRACT_OI_HISTORY,5979440.24,597944.024,0.837217821229,OKX_CONTRACT_OI_HISTORY,1.1,0.52380952381,0.47619047619,OKX_GLOBAL_ACCOUNT_RATIO,1.17,0.539170506912,0.460829493088,OKX_GLOBAL_ACCOUNT_RATIO,,,,,PRICE_UP_OI_DOWN,PRICE_UP_OI_UP,PASS,PASS,1.78810935364,0.580992985364,-1.16535433071,-1.20711636827,-1.72561497957,2.15746070593,3.0051285642,0.423974612707,-2.51630941286,-2.58115395149,0.384020337775,1.03169898152,7.96349105458,4.62786853192,-3.08832612724,-3.33562252267,-3.24230999825,-2.20443401857,16.6517559645,23.2132297145,5.62100302928,6.56147375001,-8.30318463251,-14.1208588693,16.8441459255,24.1350584712,6.19289340102,7.29091254575,-6.26118608216,-14.5647314972
2026-08-21T05:00:00Z,2026-08-21T07:00:00+02:00,2026-08-22T04:00:00Z,75026,75500,74918.79,75472.73,1138.68225,85706156.1434,255057,624.0799,46971731.2357,38734424.9077,0.548055511405,0.595433583025,0.775786688493,2354.43,2368.76,2349.67,2368.42,12323.7356,29056352.3462,161192,6940.2889,16368018.7733,12688333.5729,0.563319806225,0.594626277385,0.812454514889,0.03138,0.03139,0.03126,0.03137,-0.031867431485,0.415866922585,0.0313811359414,-3.54861004383,3097184.94,30971.8494,2.2128563977,OKX_CONTRACT_OI_HISTORY,6017035.32,601703.532,0.628739120905,OKX_CONTRACT_OI_HISTORY,1.05,0.512195121951,0.487804878049,OKX_GLOBAL_ACCOUNT_RATIO,1.17,0.539170506912,0.460829493088,OKX_GLOBAL_ACCOUNT_RATIO,,,,,PRICE_UP_OI_UP,PRICE_UP_OI_UP,PASS,PASS,0.457212192911,0.383576971819,-0.127347978351,-0.073635221092,3.31489927979,3.32265594883,3.760412442,1.03060240758,-2.66832143965,-2.72981003442,1.73640668516,0.420860739379,8.74008414769,5.33989218808,-3.1491200988,-3.40019195961,-1.23448312426,-2.69714020181,17.4928673185,23.9835206541,5.44537815126,6.49065333565,-5.85351875583,-13.7632809393,17.4805223188,24.9410486224,6.26693766938,7.46052630358,-4.46992932273,-13.6618074907
2026-08-21T06:00:00Z,2026-08-21T08:00:00+02:00,2026-08-22T04:00:00Z,75472.73,75753,75104,75646.21,1382.10073,104284430.369,284122,824.57832,62218240.8678,42066189.501,0.596620613909,0.229857857268,0.864135066042,2368.42,2384.17,2355.15,2372.47,22273.2734,52787402.9412,261845,12209.1181,28938420.7864,23848982.1548,0.548206942832,0.171000076,1.23219327856,0.03138,0.03153,0.03132,0.03137,0,0.670498084291,0.031362708059,2.32503551151,3087048.73,30870.4873,-0.327271706287,OKX_CONTRACT_OI_HISTORY,5971048.41,597104.841,-0.764278545069,OKX_CONTRACT_OI_HISTORY,1.04,0.509803921569,0.490196078431,OKX_GLOBAL_ACCOUNT_RATIO,1.15,0.53488372093,0.46511627907,OKX_GLOBAL_ACCOUNT_RATIO,,,,,PRICE_UP_OI_DOWN,PRICE_UP_OI_DOWN,PASS,PASS,1.62073376398,1.13908131728,-0.475888324873,-0.481652446706,3.63382529014,1.75939250963,4.43847802941,2.42145071189,-1.93810565802,-2.01702731752,2.29650877203,0.578387236126,8.29499632008,4.84850359738,-3.1491200988,-3.4464927227,-3.15706437375,-3.2693986448,17.5729641684,23.7188613028,5.3037932192,6.14589713439,-6.39470162956,-14.1309159365,17.6127595948,24.681132839,6.0155457925,7.0683732442,-4.59465506405,-13.2585227012
2026-08-21T07:00:00Z,2026-08-21T09:00:00+02:00,2026-08-22T04:00:00Z,75646.2,76916.95,75620,76308.65,3775.56433,288359838.384,521797,1770.27766,135166080.833,153193757.551,0.468741006342,0.87570811545,1.7150886009,2372.48,2398.71,2362.66,2371.66,47035.8081,111963455.673,361691,20050.9023,47750815.3569,64212640.3158,0.426485723132,-0.0341416329817,1.52582258979,0.03137,0.03142,0.03104,0.03107,-0.956327701626,1.22422680412,0.0310798317098,-3.1633729118,3100515.81,31005.1581,0.436244490381,OKX_CONTRACT_OI_HISTORY,6030107.6,603010.76,0.989092466594,OKX_CONTRACT_OI_HISTORY,1.11,0.526066350711,0.473933649289,OKX_GLOBAL_ACCOUNT_RATIO,1.21,0.547511312217,0.452488687783,OKX_GLOBAL_ACCOUNT_RATIO,,,,,PRICE_UP_OI_UP,PRICE_DOWN_OI_UP,PASS,PASS,2.41291292521,1.30796569046,-1.1139401655,-1.10494723474,2.02849784065,1.69167165163,4.9770975018,2.06087521571,-2.81513919299,-2.9162222861,2.73249481757,1.24793560738,9.298954616,5.32238510354,-3.68877867328,-3.97656951246,-3.69102355528,-2.10410102777,18.6833551076,23.7811911211,4.22676954042,5.0978360135,-5.69530048728,-15.3940491414,18.8627325329,24.9004655474,5.03718728871,6.03773301445,-5.15045456516,-12.3377441485
2026-08-21T08:00:00Z,2026-08-21T10:00:00+02:00,2026-08-22T10:00:00Z,76308.66,79500,76235.76,79258.03,4366.47306,339791607.435,663625,2435.79366,189604972.722,150186634.713,0.558003695716,3.86505280004,4.28177012992,2371.67,2447.98,2370.24,2444.2,66934.0221,161505204.543,501218,34382.6032,82921144.4038,78584060.1393,0.513427072758,3.0581826308,3.27983664102,0.03108,0.03116,0.03079,0.03083,-0.804375804376,1.20168886002,0.0308385156684,-2.76137427379,3019632.06,30196.3206,-2.60871916018,OKX_CONTRACT_OI_HISTORY,5969363.12,596936.312,-1.00735316896,OKX_CONTRACT_OI_HISTORY,1.33,0.570815450644,0.429184549356,OKX_GLOBAL_ACCOUNT_RATIO,1.31,0.5670995671,0.4329004329,OKX_GLOBAL_ACCOUNT_RATIO,8.07091890159e-05,OKX_FUNDING_HISTORY,0.0001,OKX_FUNDING_HISTORY,UNAVAILABLE,UNAVAILABLE,PASS,PASS,5.64075120625,3.81325337026,-1.75270873168,-1.82749783599,-0.346532705702,-0.168529487636,9.06305407535,5.41797134453,-3.35423197492,-3.64508273082,0.161083622886,0.502568307364,10.7077875911,7.09606747727,-3.23289391086,-3.61172011382,-2.62960226395,-1.19252866631,23.0448218127,27.2013822391,3.35232986926,4.15656042639,-8.26893014921,-16.5244149437,23.2705072569,28.6217965584,4.29634641407,5.35128930153,-8.02923036134,-13.4189955271
2026-08-21T09:00:00Z,2026-08-21T11:00:00+02:00,2026-08-22T10:00:00Z,79258.02,79363.79,77251,77910.71,4167.07817,324751286.536,773764,1950.46557,151988784.746,172762501.79,0.468015958819,-1.69991608421,2.73496783213,2444.2,2446.23,2376.32,2404,53795.2561,129292430.585,669195,29020.5504,69764159.5614,59528271.0239,0.539584252888,-1.64470992554,2.94194384595,0.03085,0.03095,0.0307,0.03086,0.0973078170613,0.814332247557,0.0308558348397,1.34987770383,2996048.83,29960.4883,-0.780996807936,OKX_CONTRACT_OI_HISTORY,5920060.11,592006.011,-0.825934174365,OKX_CONTRACT_OI_HISTORY,1.17,0.539170506912,0.460829493088,OKX_GLOBAL_ACCOUNT_RATIO,1.28,0.561403508772,0.438596491228,OKX_GLOBAL_ACCOUNT_RATIO,,,,,PRICE_DOWN_OI_DOWN,PRICE_DOWN_OI_DOWN,PASS,PASS,3.23027933401,1.50226733434,-1.62575709276,-1.72801199966,-3.26542043692,-1.61167759275,7.10581713598,3.67386719912,-3.16912456856,-3.43194993685,-0.574945212245,-0.38163995188,8.52589853429,5.5052313742,-2.8031496063,-3.02066716009,-3.33313563625,-1.87595636407,20.9285508294,25.2539988537,3.59180933199,4.32544802433,-8.90961872055,-17.1823599966,21.4092917544,26.7310865451,4.39783491204,5.32179479068,-8.8692824163,-14.1219965598
2026-08-21T10:00:00Z,2026-08-21T12:00:00+02:00,2026-08-22T10:00:00Z,77910.71,78250,77621.8,77810.02,1604.18384,124987199.511,346231,718.37167,55969338.0832,69017861.4273,0.447800561197,-0.129237687604,0.809308725126,2404,2411.84,2390.64,2395.33,18901.7003,45357359.3098,237460,9954.9715,23892221.2043,21465138.1056,0.526755119077,-0.360648918469,0.886791821437,0.03087,0.03088,0.03076,0.03078,-0.259235255995,0.390117035111,0.0307843385723,-1.40934401523,3042742.06,30427.4206,1.55849362442,OKX_CONTRACT_OI_HISTORY,6011501.3,601150.13,1.54459901253,OKX_CONTRACT_OI_HISTORY,1.16,0.537037037037,0.462962962963,OKX_GLOBAL_ACCOUNT_RATIO,1.27,0.559471365639,0.440528634361,OKX_GLOBAL_ACCOUNT_RATIO,,,,,PRICE_DOWN_OI_UP,PRICE_DOWN_OI_UP,PASS,PASS,2.86043411825,0.963552753038,-1.8807778132,-1.89688136521,-1.43524362183,0.677483872552,7.06393370486,3.49590826211,-3.32914572864,-3.56802544275,1.1080312767,1.52149521846,8.07549142668,4.73677306515,-3.08564231738,-3.33871836152,-2.40380872315,-1.56834786009,20.7167104868,24.7424774245,3.32326283988,4.02576693769,-7.71914818493,-15.7372370754,21.1941223747,26.2015152633,4.09198512005,5.00739288855,-7.24895924541,-12.97920047
2026-08-21T11:00:00Z,2026-08-21T13:00:00+02:00,2026-08-22T10:00:00Z,77810.01,77855.78,76411.38,76722.32,2387.74046,184026154.165,497903,993.99957,76627367.0577,107398787.108,0.41639389469,-1.39789194245,1.89029435144,2395.32,2399.18,2357.18,2370.47,34215.0426,81309099.3582,348332,16345.4456,38843260.7025,42465838.6557,0.477723416065,-1.03785282195,1.78179010513,0.03079,0.03092,0.0307,0.0309,0.389863547758,0.71661237785,0.0308967455624,1.05332697735,3049662.77,30496.6277,0.227449776009,OKX_CONTRACT_OI_HISTORY,6029695.88,602969.588,0.302662830664,OKX_CONTRACT_OI_HISTORY,1.05,0.512195121951,0.487804878049,OKX_GLOBAL_ACCOUNT_RATIO,1.23,0.551569506726,0.448430493274,OKX_GLOBAL_ACCOUNT_RATIO,,,,,PRICE_DOWN_OI_UP,PRICE_DOWN_OI_UP,PASS,PASS,0.542101059316,-0.0501758262145,-0.547151593177,-0.592276885531,-1.64014774045,-0.00682773886157,5.06287217486,1.87595086857,-3.04361468466,-3.18692130629,1.47215477848,2.01645041216,6.66682237995,3.21739281889,-3.22580645161,-3.44942956106,-1.46511597483,0.750900414271,18.9205158502,23.2655247366,3.65649111037,4.34500888643,-6.84478579339,-16.4540220066,19.2243997353,24.5576976633,4.46247464503,5.33329792803,-6.86665051749,-12.1007467214
2026-08-21T12:00:00Z,2026-08-21T14:00:00+02:00,2026-08-22T10:00:00Z,76722.31,77477.24,76538,77223.66,2680.17653,206142613.749,426271,1410.19522,108497336.384,97645277.3646,0.526321726552,0.653447393145,1.22715513862,2370.48,2397.5,2365.44,2388.62,28507.693,67931960.6689,207862,16147.5676,38456292.1682,29475668.5008,0.566100135923,0.765670942893,1.35535037879,0.03091,0.03099,0.03088,0.03094,0.129449838188,0.35621761658,0.0309311938854,2.84700119734,3018956.97,30189.5697,-1.00685886656,OKX_CONTRACT_OI_HISTORY,6041392.26,604139.226,0.193979600842,OKX_CONTRACT_OI_HISTORY,1.11,0.526066350711,0.473933649289,OKX_GLOBAL_ACCOUNT_RATIO,1.27,0.559471365639,0.440528634361,OKX_GLOBAL_ACCOUNT_RATIO,,,,,PRICE_UP_OI_DOWN,PRICE_UP_OI_UP,PASS,PASS,-2.56676831357,-2.27395466819,0.356795329225,0.292813645376,-0.0223566973256,1.20664698314,4.76968449295,2.04201946326,-2.55118110236,-2.72766502968,-2.08806263542,3.21589774933,7.3265747573,4.2960750667,-2.76555625393,-3.0304996906,-0.140380677836,-0.564399391069,19.0214257696,23.3020684386,3.65159128978,4.28064266899,-7.06259021103,-17.8564960339,20.2298551363,25.7512582391,4.59770114943,5.52140310282,-7.47622013022,-11.8609962183
2026-08-21T13:00:00Z,2026-08-21T15:00:00+02:00,2026-08-22T10:00:00Z,77223.66,77700,76243.04,77266.87,2022.51306,155827344.862,614968,992.85213,76503454.0774,79323890.7851,0.490950122682,0.0559543538858,1.91094164136,2388.62,2406.41,2368.08,2387.65,32241.944,76983682.0459,339576,17660.8843,42174494.3383,34809187.7076,0.54783680408,-0.0406092220613,1.61861085774,0.03092,0.0311,0.03087,0.03089,-0.16160310278,0.745059928733,0.0309013423217,-3.67049483802,2995251.41,29952.5141,-0.785223513802,OKX_CONTRACT_OI_HISTORY,6029489.09,602948.909,-0.19702693498,OKX_CONTRACT_OI_HISTORY,1.11,0.526066350711,0.473933649289,OKX_GLOBAL_ACCOUNT_RATIO,1.26,0.557522123894,0.442477876106,OKX_GLOBAL_ACCOUNT_RATIO,,,,,PRICE_UP_OI_DOWN,PRICE_DOWN_OI_DOWN,PASS,PASS,-0.82638189281,-0.680116472546,0.0972132209981,0.146265420265,-0.0266157210795,1.84844373143,2.84528405256,1.19862505669,-1.65552371856,-1.64665899587,-0.0853666356113,3.53650820738,7.77615463038,4.86360901397,-2.73929471033,-2.91254561641,-0.63204788702,0.934699866817,18.8499467484,23.526824978,3.93674293405,4.67687822962,-8.23390067678,-19.1599925977,20.315917209,25.8088142309,4.53468697124,5.49289702196,-7.74112279356,-13.1856933404
2026-08-21T14:00:00Z,2026-08-21T16:00:00+02:00,2026-08-22T16:00:00Z,77266.88,77448.26,76552.74,77384.68,1855.76373,142941412.246,451822,935.55174,72062404.798,70879007.4479,0.504139448924,0.152458595455,1.16980789976,2387.65,2397.45,2369.41,2393.67,26809.8804,63909292.8237,320968,13517.1801,32227644.9441,31681647.8796,0.504271656284,0.252130756183,1.18341696878,0.0309,0.03105,0.03087,0.03093,0.0970873786408,0.583090379009,0.0309320914682,-0.676148341252,3035981.07,30359.8107,1.35980772312,OKX_CONTRACT_OI_HISTORY,5992795.12,599279.512,-0.60857511229,OKX_CONTRACT_OI_HISTORY,1.1,0.52380952381,0.47619047619,OKX_GLOBAL_ACCOUNT_RATIO,1.24,0.553571428571,0.446428571429,OKX_GLOBAL_ACCOUNT_RATIO,,,,,UNAVAILABLE,UNAVAILABLE,PASS,PASS,-0.546639108948,-0.0693015158663,0.487329434698,0.477337593081,-0.222200563396,-0.311173183977,3.95613955664,2.04284344026,-1.87182741117,-1.91329611638,1.91945748539,2.13000280229,7.73781670782,4.92845996037,-2.58267716535,-2.80935674745,0.774235085842,-0.0968257059159,17.3860920911,21.4690957069,3.47942455671,4.08300361581,-6.86778477169,-18.7406954034,19.5792080126,25.2561459325,4.74094141551,5.67693791995,-5.91412090492,-13.3777540882
2026-08-21T15:00:00Z,2026-08-21T17:00:00+02:00,2026-08-22T16:00:00Z,77384.69,77871.33,77170,77221.98,1316.36575,102078381.971,304276,622.78557,48297263.9341,53781118.0374,0.47313900359,-0.210248333391,0.908811714397,2393.67,2408.55,2389.02,2393.65,30899.6074,74159367.967,286394,18523.4281,44465770.5778,29693597.3892,0.59959748575,-0.000835537062338,0.817490016827,0.03092,0.03103,0.03089,0.031,0.226317491109,0.453221107154,0.0309970037028,0.966640904059,3026433.93,30264.3393,-0.314466387631,OKX_CONTRACT_OI_HISTORY,5951430.35,595143.035,-0.690241684752,OKX_CONTRACT_OI_HISTORY,1.11,0.526066350711,0.473933649289,OKX_GLOBAL_ACCOUNT_RATIO,1.19,0.543378995434,0.456621004566,OKX_GLOBAL_ACCOUNT_RATIO,,,,,PRICE_DOWN_OI_DOWN,PRICE_DOWN_OI_DOWN,PASS,PASS,0.651257678339,0.977865149105,0.323624595469,0.326607470766,-0.761685528922,-1.29800128493,3.63868203214,2.24729180193,-1.3367281986,-1.39139023021,-0.409310381201,0.364859328508,6.55594809663,2.89029018961,-3.42679127726,-3.66565790703,0.959296716297,0.193177197949,12.6440178545,14.757674403,1.87315149523,2.11365654846,-3.66187626706,-5.29379885452,19.0685507037,24.8187933462,4.87144790257,5.75024264252,-6.86101657205,-14.9485591033
2026-08-21T16:00:00Z,2026-08-21T18:00:00+02:00,2026-08-22T16:00:00Z,77221.98,77563.53,76784.81,77486.01,1368.21973,105683139.509,319757,825.87591,63810535.2393,41872604.2701,0.603791063887,0.341910424985,1.01415892023,2393.64,2413.14,2384,2405.97,28678.8616,68779642.0112,261348,18438.9446,44217870.7343,24561771.2769,0.642891841849,0.514695130867,1.22231543624,0.031,0.03113,0.03098,0.03106,0.193548387097,0.484183344093,0.0310503792878,3.0984201798,3019701.45,30197.0145,-0.222455872347,OKX_CONTRACT_OI_HISTORY,6016205.11,601620.511,1.08838978515,OKX_CONTRACT_OI_HISTORY,1.13,0.530516431925,0.469483568075,OKX_GLOBAL_ACCOUNT_RATIO,1.19,0.543378995434,0.456621004566,OKX_GLOBAL_ACCOUNT_RATIO,0.0001,OKX_FUNDING_HISTORY,0.0001,OKX_FUNDING_HISTORY,PRICE_UP_OI_DOWN,PRICE_UP_OI_UP,PASS,PASS,0.339727487664,0.726360827591,0.387847446671,0.386633339927,0.0246601726158,-0.416909694256,3.27887665609,2.18949889994,-1.01975780752,-1.08937775615,-0.344242706802,0.614854710882,6.38253967927,2.62275643213,-3.51040695868,-3.75978324714,0.0384556689671,1.6528971422,13.1756436512,15.1429733675,1.8026876434,1.96732971632,-3.66621357237,-7.95114227284,19.5034083899,25.4108742905,4.93243243243,5.90746590057,-7.52520488186,-14.2974314616
2026-08-21T17:00:00Z,2026-08-21T19:00:00+02:00,2026-08-22T16:00:00Z,77486.01,77722.12,77189.95,77392.68,1099.33856,85187052.9504,226156,642.51051,49792590.9925,35394461.958,0.584508904439,-0.120447549177,0.689429129051,2405.97,2428,2402.1,2423.61,33958.3607,82063386.8235,221852,19079.8058,46097616.9292,35965769.8943,0.561731835762,0.733176224142,1.07822322135,0.03106,0.03134,0.03104,0.03132,0.837089504185,0.966494845361,0.0313157523425,1.35639644992,3013808.22,30138.0822,-0.195159359214,OKX_CONTRACT_OI_HISTORY,5985326.35,598532.635,-0.513259761518,OKX_CONTRACT_OI_HISTORY,1.13,0.530516431925,0.469483568075,OKX_GLOBAL_ACCOUNT_RATIO,1.19,0.543378995434,0.456621004566,OKX_GLOBAL_ACCOUNT_RATIO,,,,,PRICE_DOWN_OI_DOWN,PRICE_UP_OI_DOWN,PASS,PASS,0.162825283333,1.50608338743,1.39203625769,1.3432581041,0.619540982037,-0.732445806615,2.54389896854,2.33024548011,-0.159387950271,-0.213653488432,-2.69201618939,-0.526986602432,6.39997250387,3.38486345371,-2.82345640707,-3.01510905015,-1.0023538533,-0.108343742764,13.4835123214,15.9056345707,2.15264187867,2.4221222493,-3.25549414075,-6.7851546161,19.6731963281,26.7989620065,5.98984771574,7.12576567844,-7.81978183371,-14.4469850041
2026-08-21T18:00:00Z,2026-08-21T20:00:00+02:00,2026-08-22T16:00:00Z,77392.69,77550,76643.72,77146,1247.39698,96232145.7126,224946,648.62697,50046382.3999,46185763.3127,0.520058884994,-0.318738154564,1.18245826273,2423.61,2432.35,2395.89,2420.71,23152.9566,55961585.749,205178,12235.7015,29575181.7971,26386403.9519,0.528490774541,-0.119656215315,1.52177270242,0.03132,0.03142,0.03125,0.03139,0.22349936143,0.544,0.0313782956991,3.73006266756,3008941.4,30089.414,-0.161484064172,OKX_CONTRACT_OI_HISTORY,5947644.66,594764.466,-0.62956784303,OKX_CONTRACT_OI_HISTORY,1.12,0.528301886792,0.471698113208,OKX_GLOBAL_ACCOUNT_RATIO,1.17,0.539170506912,0.460829493088,OKX_GLOBAL_ACCOUNT_RATIO,,,,,PRICE_DOWN_OI_DOWN,PRICE_DOWN_OI_DOWN,PASS,PASS,-0.308433142064,1.12964610828,1.48722922729,1.43807925034,-0.890640270033,-0.753412374291,1.98263733239,2.0333239198,0.0637551801084,0.0506865874042,-2.53016187406,-0.39195378086,6.5091142842,4.50401056821,-1.87558612066,-2.00510371599,-0.291758491412,0.184166444626,12.7931622892,15.7165870751,2.61523373652,2.9234247859,-2.9967830315,-8.08103821196,19.1039337986,26.3023061672,6.08313619466,7.19837236862,-7.890829767,-14.9704798912
2026-08-21T19:00:00Z,2026-08-21T21:00:00+02:00,2026-08-22T16:00:00Z,77145.99,77360,76856.2,77028.94,1151.33799,88812935.8733,204987,602.74148,46503095.4141,42309840.4592,0.523607230825,-0.151738262515,0.655509900307,2420.72,2420.92,2407.56,2413.55,13795.6133,33321676.8488,162094,6542.5786,15803973.8595,17517702.9892,0.474285070684,-0.295780989875,0.554918672847,0.03138,0.03138,0.03127,0.03133,-0.19114367633,0.351774864087,0.031333028859,-0.966666528559,2995831.38,29958.3138,-0.435702071167,OKX_CONTRACT_OI_HISTORY,5931844.81,593184.481,-0.26564885603,OKX_CONTRACT_OI_HISTORY,1.11,0.526066350711,0.473933649289,OKX_GLOBAL_ACCOUNT_RATIO,1.15,0.53488372093,0.46511627907,OKX_GLOBAL_ACCOUNT_RATIO,,,,,PRICE_DOWN_OI_DOWN,PRICE_DOWN_OI_DOWN,PASS,PASS,-0.249980640227,0.831366323397,1.06451612903,1.08134696362,-1.01117522166,-0.329089628009,0.943916580886,1.76627341187,0.836820083682,0.822356830986,-3.37635530393,-1.62953626234,5.96799373125,3.86354931856,-2.00187675946,-2.10444441269,-0.73611922006,-0.40193621821,12.5669594841,14.8205059895,2.01888635624,2.25354650537,-3.43162651698,-8.18490784641,19.1600485495,26.1472445225,5.84459459459,6.98719597296,-8.14223366588,-15.2764623925
2026-08-21T20:00:00Z,2026-08-21T22:00:00+02:00,2026-08-22T22:00:00Z,77028.94,77548.99,76863.56,77520.19,905.49008,70041077.5155,211082,546.19964,42254804.8267,27786272.6888,0.603286047639,0.637747319384,0.891748964008,2413.54,2447.85,2408.86,2441.05,20040.8536,48787447.8488,224766,10080.5467,24543797.0299,24243650.8189,0.503076059767,1.13981951822,1.61860797224,0.03134,0.03157,0.03132,0.03149,0.478621569879,0.798212005109,0.0314892159062,0.249003912249,2968758.18,29687.5818,-0.903695721353,OKX_CONTRACT_OI_HISTORY,5880098.65,588009.865,-0.872345141477,OKX_CONTRACT_OI_HISTORY,1.11,0.526066350711,0.473933649289,OKX_GLOBAL_ACCOUNT_RATIO,1.12,0.528301886792,0.471698113208,OKX_GLOBAL_ACCOUNT_RATIO,,,,,UNAVAILABLE,UNAVAILABLE,PASS,PASS,0.0441111885875,1.45803979268,1.38441725692,1.41392860409,-1.6870300208,-2.26233078014,-2.19263587551,-0.128876524016,2.14077197535,2.06375935149,-1.68477082602,-1.49537677983,6.67169842477,5.28211232737,-1.28526645768,-1.38958609739,-1.52640109302,-1.00032376223,12.2699030212,10.050403044,-1.96139476961,-2.21949997715,-2.18107189731,0.571897804274,20.0330151919,27.6019069325,6.31330182309,7.56889174058,-8.81550025644,-15.9989555188
2026-08-21T21:00:00Z,2026-08-21T23:00:00+02:00,2026-08-22T22:00:00Z,77520.19,78675.1,77388,78505.15,1351.97974,105609427.342,340607,761.76604,59489497.6736,46119929.6689,0.563297228009,1.27058512111,1.66317775366,2441.05,2520.86,2434.71,2513.27,59703.6427,148263644.849,461308,37151.8897,92310771.9085,55952872.9402,0.622612320118,2.9585629135,3.53840909184,0.0315,0.03207,0.03146,0.03203,1.7148301048,1.93897012079,0.0320140780573,4.97341909146,2971104.52,29711.0452,0.0790343927574,OKX_CONTRACT_OI_HISTORY,5696148.89,569614.889,-3.12834479401,OKX_CONTRACT_OI_HISTORY,1.17,0.539170506912,0.460829493088,OKX_GLOBAL_ACCOUNT_RATIO,1.2,0.545454545455,0.454545454545,OKX_GLOBAL_ACCOUNT_RATIO,,,,,PRICE_UP_OI_UP,PRICE_UP_OI_DOWN,PASS,PASS,1.43743568513,3.69944009143,2.26692209451,2.2620044063,-1.4169348838,-4.83144014361,0.76297597596,4.54534109817,3.79131561892,3.78236512221,-0.83257354654,-3.78224571777,7.92300878958,8.38619809299,0.502039535613,0.463189303407,-1.40273191704,-4.14945110891,12.6176418523,9.94181977253,-2.2879804759,-2.67582207981,-2.77741094712,-2.88380420465,21.5163847517,31.4320527973,8.17291455589,9.9156680456,-8.80335714127,-18.4067244612
2026-08-21T22:00:00Z,2026-08-22T00:00:00+02:00,2026-08-22T22:00:00Z,78505.14,78760.68,78081.8,78460.14,1022.8221,80281726.1149,291342,502.18726,39423430.5911,40858295.5238,0.491063564512,-0.0573338182272,0.869447169507,2513.26,2546.78,2506.88,2521.89,52973.0082,133987416.523,481275,30744.8512,77761536.2092,56225880.314,0.580364471732,0.342979465,1.59161986214,0.03202,0.03236,0.03202,0.03213,0.312207305651,1.06183635228,0.0321423081835,-3.82927804147,2957827.84,29578.2784,-0.446860078823,OKX_CONTRACT_OI_HISTORY,5683532.88,568353.288,-0.221483150171,OKX_CONTRACT_OI_HISTORY,1.22,0.54954954955,0.45045045045,OKX_GLOBAL_ACCOUNT_RATIO,1.17,0.539170506912,0.460829493088,OKX_GLOBAL_ACCOUNT_RATIO,,,,,PRICE_DOWN_OI_DOWN,PRICE_UP_OI_DOWN,PASS,PASS,1.70344541519,4.17976544072,2.35743867474,2.47632002553,-1.698722348,-4.44061128561,0.835522211664,5.28361436629,4.38596491228,4.44809215462,-2.79071371564,-5.45568242662,7.95847665165,8.96423293957,0.910804020101,1.00575628792,-1.71360441976,-4.01719515541,13.2852817472,12.0844981533,-1.0775862069,-1.20078359386,-3.84397875658,-3.90956796881,21.3914348485,31.8001275204,8.51063829787,10.4086926718,-8.96111799743,-18.4663605842
2026-08-21T23:00:00Z,2026-08-22T01:00:00+02:00,2026-08-22T22:00:00Z,78460.13,78720,78100.26,78338.03,821.59664,64444179.9786,216016,410.55174,32205819.3537,32238360.6249,0.499747523584,-0.155633166089,0.793518485086,2521.89,2546.42,2510,2516.3,28956.776,73106535.3725,268950,16613.4926,41951300.2573,31155235.1152,0.573837893473,-0.221659152461,1.45099601594,0.03214,0.03234,0.03209,0.03211,-0.0622471210706,0.779058896853,0.0321210528271,-3.44099153519,2976222.07,29762.2207,0.621883050502,OKX_CONTRACT_OI_HISTORY,5760837.33,576083.733,1.36014784523,OKX_CONTRACT_OI_HISTORY,1.2,0.545454545455,0.454545454545,OKX_GLOBAL_ACCOUNT_RATIO,1.15,0.53488372093,0.46511627907,OKX_GLOBAL_ACCOUNT_RATIO,,,,,PRICE_DOWN_OI_UP,PRICE_DOWN_OI_UP,PASS,PASS,1.69947814419,4.2572144766,2.48962655602,2.55773633241,-0.654553194513,-2.88287177897,2.10591911194,6.15194455108,3.91585760518,4.04602543915,-2.4081580666,-4.45890730396,7.27541127954,8.14330287689,0.75305930342,0.867891597349,-0.971455102178,-2.53236854651,12.9851694943,11.6965553977,-1.2,-1.28861409655,-3.44974343862,-4.68085829129,21.0313196886,31.2042130511,8.36989537631,10.1728933625,-7.6388781394,-18.0651717757
2026-08-22T00:00:00Z,2026-08-22T02:00:00+02:00,2026-08-22T22:00:00Z,78338.03,78500,77683.37,77953.3,822.10615,64083796.014,287777,426.51762,33245814.648,30837981.366,0.518786599981,-0.491115234835,1.05122885374,2516.31,2522.99,2491.11,2522.44,29540.6853,74130471.9911,234645,15754.596,39546120.2356,34584351.7555,0.533466456822,0.244009060923,1.27975079382,0.03212,0.03236,0.03204,0.03234,0.716287760822,0.998751560549,0.0323583478826,-5.67021613993,2989274.54,29892.7454,0.438558336475,OKX_CONTRACT_OI_HISTORY,5823028.04,582302.804,1.07954289346,OKX_CONTRACT_OI_HISTORY,1.19,0.543378995434,0.456621004566,OKX_GLOBAL_ACCOUNT_RATIO,1.13,0.530516431925,0.469483568075,OKX_GLOBAL_ACCOUNT_RATIO,0.0001,OKX_FUNDING_HISTORY,0.0001,OKX_FUNDING_HISTORY,PRICE_DOWN_OI_UP,PRICE_UP_OI_UP,PASS,PASS,0.558706060963,3.33422092952,2.6992696094,2.77551486856,0.691075485306,-0.970572321946,0.94483996226,5.60239803736,4.52488687783,4.6575580751,-0.983201492932,-3.6144684967,5.75959034037,7.75881955896,1.85826771654,1.99922921859,-3.05073426535,-0.514808358411,12.2922788822,11.5018742485,-0.767106474379,-0.790404633634,-3.24813281353,-4.37287343468,20.880318819,31.8150939058,8.99898887765,10.9347750868,-7.58879386567,-16.9064667705
2026-08-22T01:00:00Z,2026-08-22T03:00:00+02:00,2026-08-22T22:00:00Z,77953.3,78234,77816.66,77830.01,612.96043,47828185.1855,195187,298.96679,23326014.2121,24502170.9734,0.487704355112,-0.158158795073,0.536311890025,2522.44,2528.58,2506.97,2506.99,22310.0778,56218415.0597,212290,12841.7013,32362995.8522,23855419.2075,0.575665390386,-0.612502180428,0.861996753052,0.03235,0.03238,0.03222,0.03222,-0.371057513915,0.496585971446,0.0322110969792,2.7639607657,2994986.2,29949.862,0.191071777569,OKX_CONTRACT_OI_HISTORY,5851783.27,585178.327,0.493819191707,OKX_CONTRACT_OI_HISTORY,1.21,0.547511312217,0.452488687783,OKX_GLOBAL_ACCOUNT_RATIO,1.12,0.528301886792,0.471698113208,OKX_GLOBAL_ACCOUNT_RATIO,,,,,PRICE_DOWN_OI_UP,PRICE_DOWN_OI_UP,PASS,PASS,-0.85999453539,-0.249873670557,0.593193880737,0.610120864834,0.803798043429,2.73227373451,0.728824656674,4.99822000712,4.30560051797,4.26939535045,-0.00885434855701,-2.94727824112,3.59484584096,6.2567549812,2.5787965616,2.66190914024,-0.0942134255089,0.484999229378,11.6291834763,10.6028253024,-0.892033220548,-1.02635817387,-4.56311470898,-3.74135182217,20.8531520262,31.0036160696,8.41184387618,10.1504640434,-8.87211624369,-16.8418368298
2026-08-22T02:00:00Z,2026-08-22T04:00:00+02:00,2026-08-23T04:00:00Z,77830.01,78563.83,77791.19,78470,965.16893,75604220.8363,196380,545.01711,42693136.8223,32911084.014,0.564692504599,0.822292069601,0.9932230115,2506.99,2523.24,2495.65,2516.02,18116.772,45474699.1662,214266,8990.6264,22572275.3102,22902423.856,0.496369975482,0.36019290065,1.10552361108,0.03222,0.03225,0.03194,0.03205,-0.527622594662,0.97056981841,0.0320634637441,-4.19909221707,3002935.42,30029.3542,0.26541758356,OKX_CONTRACT_OI_HISTORY,5909300.68,590930.068,0.982903968691,OKX_CONTRACT_OI_HISTORY,1.19,0.543378995434,0.456621004566,OKX_GLOBAL_ACCOUNT_RATIO,1.16,0.537037037037,0.462962962963,OKX_GLOBAL_ACCOUNT_RATIO,,,,,UNAVAILABLE,UNAVAILABLE,PASS,PASS,0.012566890653,-0.232761936484,-0.248988484283,-0.245328827137,1.52502384993,3.9723144876,1.40249982296,5.11139797884,3.62107985774,3.70889815587,-1.08846693171,-1.39324702961,5.41412422988,7.25865927742,1.68147208122,1.84453504754,0.810097893679,0.707079571906,13.2302481614,11.7292585339,-1.35426285011,-1.50098962745,-4.6160594397,-3.28566700067,21.9389015709,31.8876133564,8.09443507589,9.9487117855,-8.84324698558,-15.2968580467
2026-08-22T03:00:00Z,2026-08-22T05:00:00+02:00,2026-08-23T04:00:00Z,78470,78828.15,78372,78410.98,734.8031,57752136.6296,178441,385.37128,30288056.2852,27464080.3444,0.52444910358,-0.0752134573722,0.582031848109,2516.02,2526.68,2512.64,2515.06,16403.6638,41323005.4545,184461,8764.9738,22080642.0017,19242363.4528,0.534342595822,-0.0381554995588,0.558774834437,0.03204,0.03212,0.03196,0.03208,0.0936037441498,0.500625782228,0.0320753547526,1.4482294657,3004111.14,30041.1114,0.0391523571292,OKX_CONTRACT_OI_HISTORY,5941996.82,594199.682,0.55329965034,OKX_CONTRACT_OI_HISTORY,1.19,0.543378995434,0.456621004566,OKX_GLOBAL_ACCOUNT_RATIO,1.17,0.539170506912,0.460829493088,OKX_GLOBAL_ACCOUNT_RATIO,,,,,PRICE_DOWN_OI_UP,PRICE_DOWN_OI_UP,PASS,PASS,0.0931220762125,-0.0492787028574,-0.0934288383681,-0.14240077907,0.937062804591,3.14467289428,1.53971705983,5.07217011677,3.48387096774,3.53245305694,-0.737593832091,-0.158508618016,5.23442449997,7.43344838192,2.10057288351,2.19902388194,-1.14388516517,0.205772377012,13.3178044166,11.7203637155,-1.38333845681,-1.59744070107,-4.17968018376,-1.53423595963,21.8873225556,31.5304761656,7.90447359569,9.64315360998,-8.95418551053,-14.6264033535
2026-08-22T04:00:00Z,2026-08-22T06:00:00+02:00,2026-08-23T04:00:00Z,78410.98,78818,78207.61,78470,738.35305,57978509.7011,200119,367.96776,28895022.8977,29083486.8034,0.498374708951,0.0752700705947,0.780473920633,2515.06,2529.99,2506.05,2514.43,25451.858,64108192.2048,240546,13875.0344,34946193.8941,29161998.3107,0.545112764723,-0.0250491041963,0.95528820255,0.03208,0.03216,0.032,0.03205,-0.0935162094763,0.5,0.0320432012234,2.1217532403,2979537.67,29795.3767,-0.817994703085,OKX_CONTRACT_OI_HISTORY,5921469.27,592146.927,-0.345465516422,OKX_CONTRACT_OI_HISTORY,1.2,0.545454545455,0.454545454545,OKX_GLOBAL_ACCOUNT_RATIO,1.23,0.551569506726,0.448430493274,OKX_GLOBAL_ACCOUNT_RATIO,,,,,PRICE_UP_OI_DOWN,PRICE_DOWN_OI_DOWN,PASS,PASS,0.662832747299,-0.317549674125,-0.896722325294,-0.980382421424,-0.325726856791,1.69055050609,1.26989375243,4.50795313325,3.18737926594,3.23805938081,-1.33005797643,-1.57467769579,4.59040865833,6.79615361745,2.1351179095,2.20574495912,-1.66972205565,-0.9695049649,12.9194564958,11.738539204,-1.01914762199,-1.18091729178,-4.85789448875,-3.15256688621,22.0065482704,31.5869900829,7.87613598115,9.58044181254,-9.83426658302,-14.9534614064
2026-08-22T05:00:00Z,2026-08-22T07:00:00+02:00,2026-08-23T04:00:00Z,78470,78584,76500,77380.75,3816.352,294638146.677,546223,1747.60636,134894095.645,159744051.032,0.45782970456,-1.38811010577,2.72418300654,2514.43,2518.31,2385,2439.95,108215.8466,263880506.587,679564,48673.6085,118608174.36,145272332.227,0.449476832881,-2.96210274297,5.58951781971,0.03205,0.03206,0.03115,0.03154,-1.59126365055,2.92134831461,0.0315317440061,2.61831185065,2900676.67,29006.7667,-2.64675291049,OKX_CONTRACT_OI_HISTORY,5634557.84,563455.784,-4.84527432159,OKX_CONTRACT_OI_HISTORY,1.14,0.532710280374,0.467289719626,OKX_GLOBAL_ACCOUNT_RATIO,1.22,0.54954954955,0.45045045045,OKX_GLOBAL_ACCOUNT_RATIO,,,,,PRICE_DOWN_OI_DOWN,PRICE_DOWN_OI_DOWN,PASS,PASS,-0.577232355489,-2.67412315167,-2.11049037865,-2.09689079618,-3.14891367446,-3.71212363783,-0.0154148945352,0.674200882155,0.702426564496,0.68961577669,-3.75377402083,-5.86047425802,2.52809193466,3.02015689785,0.541919030921,0.492064963184,-6.34473800586,-6.35657694627,11.4891334448,8.52132220819,-2.624266749,-2.96781123659,-7.50089641016,-8.8822713558,20.463195021,27.7280175054,6.01680672269,7.26482248439,-11.8268663325,-19.2449843423
2026-08-22T06:00:00Z,2026-08-22T08:00:00+02:00,2026-08-23T04:00:00Z,77380.75,77572.16,76985.14,77486.09,838.31259,64819334.5004,177941,447.16988,34577996.401,30241338.0994,0.533451888506,0.136132048345,0.762510791044,2439.95,2443.68,2412.18,2437.78,30636.7189,74448464.0017,262617,15712.0223,38186061.0386,36262402.9632,0.512919393981,-0.0889362486936,1.30587269607,0.03153,0.03155,0.03134,0.03148,-0.190234622701,0.67007019783,0.0314608725256,6.07976601662,2911939.87,29119.3987,0.388295604143,OKX_CONTRACT_OI_HISTORY,5715280.12,571528.012,1.432628474,OKX_CONTRACT_OI_HISTORY,1.13,0.530516431925,0.469483568075,OKX_GLOBAL_ACCOUNT_RATIO,1.24,0.553571428571,0.446428571429,OKX_GLOBAL_ACCOUNT_RATIO,,,,,PRICE_UP_OI_UP,PRICE_DOWN_OI_UP,PASS,PASS,-1.25386772015,-3.10967321404,-1.77847113885,-1.8558054939,-3.03022001053,-3.2833083051,0.440839447282,0.70516501357,0.286715514495,0.264325566289,-3.22377597649,-3.90683292771,2.43221702713,2.75282722226,0.350653490596,0.32061019513,-5.67237109989,-4.2834737292,10.9289656601,7.73480174654,-2.80950910775,-3.19416391357,-8.65035506649,-7.41282854195,20.4325938222,27.1246277958,5.67304464585,6.69203397359,-11.7043415223,-17.8090955938
2026-08-22T07:00:00Z,2026-08-22T09:00:00+02:00,2026-08-23T04:00:00Z,77486.09,77669.28,77220,77289.18,634.34953,49114237.0346,181595,326.26264,25262962.6439,23851274.3907,0.514371476973,-0.25412303034,0.581818181818,2437.79,2447.6,2426.8,2433.31,17298.4565,42165584.5156,232211,8307.1051,20250433.0222,21915151.4934,0.480259748674,-0.183363552084,0.857095763969,0.03147,0.03154,0.03142,0.03147,-0.0317662007624,0.381922342457,0.0314831907907,-4.18978839523,2917088.04,29170.8804,0.176795202849,OKX_CONTRACT_OI_HISTORY,5729984.63,572998.463,0.257284152155,OKX_CONTRACT_OI_HISTORY,1.14,0.532710280374,0.467289719626,OKX_GLOBAL_ACCOUNT_RATIO,1.25,0.555555555556,0.444444444444,OKX_GLOBAL_ACCOUNT_RATIO,,,,,PRICE_DOWN_OI_UP,PRICE_DOWN_OI_UP,PASS,PASS,-1.43066698057,-3.25041947309,-1.90149625935,-1.81975249253,-2.89680028283,-3.56802934136,0.337847048135,0.818711027325,0.446856048516,0.480863979189,-2.62843030905,-3.40299158973,1.28495262333,2.59944511439,1.28741551336,1.31449249107,-5.91604046683,-4.97707487011,10.7033944006,8.06018269747,-2.44885306882,-2.64321170313,-9.38870157493,-6.97645321438,20.2083799925,26.9988152463,5.56860114056,6.79043525373,-11.2744046726,-19.6049506602
2026-08-22T08:00:00Z,2026-08-22T10:00:00+02:00,2026-08-23T10:00:00Z,77289.18,77445.6,77037.42,77210.55,870.47609,67219390.6504,173301,484.41449,37410873.9616,29808516.6888,0.556548841035,-0.101734809452,0.529846404514,2433.32,2441.1,2412.16,2425.74,22459.0625,54455086.9267,232595,10052.959,24376894.9441,30078191.9826,0.447651382449,-0.311508556211,1.19975457681,0.03148,0.03153,0.03131,0.03141,-0.222363405337,0.702650910252,0.0314172091767,-2.29465853719,2926715.39,29267.1539,0.330032891294,OKX_CONTRACT_OI_HISTORY,5867000.39,586700.039,2.39120641411,OKX_CONTRACT_OI_HISTORY,1.12,0.528301886792,0.471698113208,OKX_GLOBAL_ACCOUNT_RATIO,1.26,0.557522123894,0.442477876106,OKX_GLOBAL_ACCOUNT_RATIO,0.0001,OKX_FUNDING_HISTORY,0.0001,OKX_FUNDING_HISTORY,UNAVAILABLE,UNAVAILABLE,PASS,PASS,-1.60500828342,-3.5272407663,-1.9968798752,-1.92223248288,-1.77283477675,-0.919854136134,-0.399431425542,-0.627189119436,-0.254048904414,-0.227757693894,-1.41617428739,-0.222755786589,-2.58330922431,-0.755257343916,1.88128446319,1.8280518804,-3.07708582217,-1.71480152811,7.84786310221,6.2872165626,-1.41242937853,-1.56064653961,-5.62577296768,-2.88688069462,19.8661935807,26.2406844581,5.29668119343,6.3744908774,-11.0915738941,-17.9558555518
2026-08-22T09:00:00Z,2026-08-22T11:00:00+02:00,2026-08-23T10:00:00Z,77210.55,77395.04,76851.25,77061.99,1089.30988,84063258.8488,198606,679.30108,52433203.2114,31630055.6373,0.623735076768,-0.192408938934,0.707587710024,2425.74,2429.41,2412.84,2421.93,16266.7493,39389173.0361,208000,8192.6406,19842241.9775,19546931.0587,0.503748630601,-0.157065472804,0.68674259379,0.03141,0.03145,0.03131,0.03144,0.0955109837631,0.447141488342,0.0314283345136,3.71177366811,2936268.47,29362.6847,0.326409600081,OKX_CONTRACT_OI_HISTORY,5903037.99,590303.799,0.614242331762,OKX_CONTRACT_OI_HISTORY,1.11,0.526066350711,0.473933649289,OKX_GLOBAL_ACCOUNT_RATIO,1.26,0.557522123894,0.442477876106,OKX_GLOBAL_ACCOUNT_RATIO,,,,,PRICE_DOWN_OI_UP,PRICE_DOWN_OI_UP,PASS,PASS,-0.411937077374,-0.738539724175,-0.317057704502,-0.326602646801,1.22701714287,4.76488408894,-1.83829978033,-3.63430908736,-1.84202310334,-1.79600930703,-1.17249493464,3.63208729258,-1.08934959006,0.745840266223,1.87945560596,1.83518985629,-1.99530659852,-0.287532891283,7.3436721035,6.29213187276,-0.976377952756,-1.05154023074,-5.26193595949,-2.15809526378,19.6112161567,26.1881936123,5.5387713998,6.57697745557,-10.7271511088,-17.4204879514
2026-08-22T10:00:00Z,2026-08-22T12:00:00+02:00,2026-08-23T10:00:00Z,77062,77187.46,76533.87,76976,1058.83574,81389927.2327,237123,496.38726,38155416.2756,43234510.9572,0.468797768629,-0.111585491109,0.853987914109,2421.93,2423.11,2389.45,2412.73,30317.9714,72964273.9137,327687,14019.1233,33732817.7859,39231456.1278,0.462319652845,-0.379862341191,1.40869237691,0.03143,0.03144,0.03122,0.03134,-0.318066157761,0.70467648943,0.0313439253793,-1.25235728822,2962487.49,29624.8749,0.892936741578,OKX_CONTRACT_OI_HISTORY,6011929.67,601192.967,1.84467184837,OKX_CONTRACT_OI_HISTORY,1.1,0.52380952381,0.47619047619,OKX_GLOBAL_ACCOUNT_RATIO,1.24,0.553571428571,0.446428571429,OKX_GLOBAL_ACCOUNT_RATIO,,,,,PRICE_DOWN_OI_UP,PRICE_DOWN_OI_UP,PASS,PASS,-0.658298799178,-1.02757426839,-0.444726810673,-0.369275469214,1.73587444304,5.19046387529,-1.89158469511,-4.328499657,-2.45876128229,-2.4369149619,0.157536214143,5.77803976741,-1.07186709372,0.726413479562,1.81936322287,1.79828057329,-2.63757388623,0.00712584059492,6.91706579769,5.49759510275,-1.32241813602,-1.41947069494,-4.97798037823,-1.56133377747,19.4227877904,25.6486235952,5.20308828466,6.22583580477,-10.1531238344,-15.7312326452
2026-08-22T11:00:00Z,2026-08-22T13:00:00+02:00,2026-08-23T10:00:00Z,76976.01,77204.68,76772.05,77130.02,729.38003,56166000.7213,160718,401.78416,30938431.617,25227569.1043,0.550839141467,0.200088339223,0.563525397589,2412.73,2426.73,2405.4,2423.93,11672.8817,28215774.7506,125180,6911.0354,16710767.8496,11505006.901,0.592249122957,0.464204448902,0.886754801696,0.03134,0.03144,0.03131,0.03142,0.255264837269,0.415202810604,0.0314265444246,-2.0824512259,2966427.98,29664.2798,0.13301288236,OKX_CONTRACT_OI_HISTORY,5991153.22,599115.322,-0.345587043436,OKX_CONTRACT_OI_HISTORY,1.08,0.519230769231,0.480769230769,OKX_GLOBAL_ACCOUNT_RATIO,1.25,0.555555555556,0.444444444444,OKX_GLOBAL_ACCOUNT_RATIO,,,,,PRICE_UP_OI_UP,PRICE_UP_OI_DOWN,PASS,PASS,-0.205927919018,-0.385483148469,-0.15888147442,-0.179555229451,1.69141072616,4.55792828191,-1.54204796827,-3.67086595398,-2.14886328247,-2.12881798571,-0.329077930667,3.99795857454,0.531396860783,2.25524895907,1.68284789644,1.72385209828,-2.72931128054,-0.639213996312,7.23364652557,5.54520199601,-1.59724397119,-1.68844452956,-4.15443967979,0.106886557413,19.5524557382,26.0454692001,5.40087219054,6.49301346188,-9.38728156314,-16.9880595913
2026-08-22T12:00:00Z,2026-08-22T14:00:00+02:00,2026-08-23T10:00:00Z,77130.01,77387.99,77073.86,77300.27,529.84412,40946898.3606,126274,259.94973,20084676.9336,20862221.427,0.490505453105,0.220731175747,0.407570089262,2423.92,2437.76,2419.1,2428.12,17244.5059,41919460.6778,154068,10895.3767,26483633.1803,15435827.4975,0.631774186787,0.172859777304,0.771361250052,0.03142,0.03153,0.03138,0.03142,0,0.478011472275,0.0314115332327,2.69543268043,2976490.12,29764.9012,0.339200549207,OKX_CONTRACT_OI_HISTORY,5944836.01,594483.601,-0.773093397868,OKX_CONTRACT_OI_HISTORY,1.09,0.521531100478,0.478468899522,OKX_GLOBAL_ACCOUNT_RATIO,1.25,0.555555555556,0.444444444444,OKX_GLOBAL_ACCOUNT_RATIO,,,,,PRICE_UP_OI_UP,PRICE_UP_OI_DOWN,PASS,PASS,0.11620173668,0.0981143898357,0.0318369945877,-0.0180873468441,1.70070277999,1.32666805567,-0.837719506422,-3.73923661217,-2.84477427335,-2.90151710575,-0.427676341832,2.09183210459,0.0992053471695,1.65367450662,1.55138978668,1.55446915945,-1.40667291459,-1.59824500454,7.43304845839,6.02079267148,-1.25707102451,-1.41225578691,-1.54507889545,-2.15362391053,19.1395013883,25.3410833105,5.25963149079,6.20158192225,-8.36991558205,-19.1693504826
2026-08-22T13:00:00Z,2026-08-22T15:00:00+02:00,2026-08-23T10:00:00Z,77300.27,77362.03,77116,77288.62,471.5874,36409464.2001,85644,258.95527,19994513.3336,16414950.8665,0.54915703301,-0.0150710987167,0.319038850563,2428.11,2433.25,2421.71,2430.09,11143.2098,27045007.3194,118782,6263.8599,15203917.4617,11841089.8577,0.562170950156,0.0811327282012,0.476522787617,0.03141,0.03146,0.0314,0.03144,0.0636537237429,0.191082802548,0.0314417568848,-0.558774366383,2999166.55,29991.6655,0.761851344563,OKX_CONTRACT_OI_HISTORY,5957223.56,595722.356,0.208374965754,OKX_CONTRACT_OI_HISTORY,1.07,0.51690821256,0.48309178744,OKX_GLOBAL_ACCOUNT_RATIO,1.24,0.553571428571,0.446428571429,OKX_GLOBAL_ACCOUNT_RATIO,,,,,PRICE_DOWN_OI_UP,PRICE_UP_OI_UP,PASS,PASS,0.294087915456,0.336921380882,0,0.0428334654261,2.14210930106,0.91792683855,-0.695605718154,-3.06742348394,-2.4208566108,-2.37181776578,0.139578272514,1.8018488576,0.0281491925323,1.7774799489,1.78051149239,1.74933075637,0.13071156521,-1.19853488283,7.80649274766,6.72753863789,-1.00755667506,-1.07895410976,-0.502162481496,-0.275037719966,18.8834020487,25.7224895235,5.78734858681,6.83908747479,-8.11395177202,-20.1288882857
2026-08-22T14:00:00Z,2026-08-22T16:00:00+02:00,2026-08-23T16:00:00Z,77288.62,77305.14,76930,77003.62,534.05012,41146872.1722,130334,242.9446,18717114.5549,22429757.6173,0.454885476509,-0.368747688858,0.48763811257,2430.09,2431.48,2409.36,2413.94,13780.1865,33316894.9214,141955,5878.3582,14212472.0271,19104422.8943,0.426584531982,-0.664584439259,0.918086130757,0.03145,0.03145,0.03132,0.03134,-0.349761526232,0.415070242656,0.0313483963481,-2.67839797178,2991815.7,29918.157,-0.245096425205,OKX_CONTRACT_OI_HISTORY,5948282.27,594828.227,-0.150091563796,OKX_CONTRACT_OI_HISTORY,1.07,0.51690821256,0.48309178744,OKX_GLOBAL_ACCOUNT_RATIO,1.23,0.551569506726,0.448430493274,OKX_GLOBAL_ACCOUNT_RATIO,,,,,UNAVAILABLE,UNAVAILABLE,PASS,PASS,0.0358813136562,0.0501506592118,0,0.0142693455556,0.98998595265,-1.05868503947,-1.86871415828,-4.05720145309,-2.21528861154,-2.18848729481,-0.370295009541,0.659665028248,-0.492423048076,0.846816812677,1.3255738765,1.33923986075,-1.45473140252,-0.742772764773,7.20729086686,5.8170118006,-1.29133858268,-1.39027906626,-0.691759357606,-0.838879275716,16.8080559184,22.4977164315,4.85112077618,5.68966051315,-8.22260835248,-19.3442673868
2026-08-22T15:00:00Z,2026-08-22T17:00:00+02:00,2026-08-23T16:00:00Z,77003.62,77100.77,76880,76978.83,465.28762,35828797.8757,115065,197.00506,15170343.1099,20658454.7658,0.423412004013,-0.032193291692,0.287161810614,2413.93,2416.71,2405.62,2410.9,10807.762,26054260.679,103928,4728.0506,11398714.8288,14655545.8503,0.437499070467,-0.125935193087,0.461003816064,0.03135,0.03135,0.03128,0.03132,-0.0638162093172,0.22378516624,0.0313190003018,0.319198639511,2992337.27,29923.3727,0.0174332262514,OKX_CONTRACT_OI_HISTORY,5997902.62,599790.262,0.834196289747,OKX_CONTRACT_OI_HISTORY,1.13,0.530516431925,0.469483568075,OKX_GLOBAL_ACCOUNT_RATIO,1.26,0.557522123894,0.442477876106,OKX_GLOBAL_ACCOUNT_RATIO,,,,,PRICE_DOWN_OI_UP,PRICE_DOWN_OI_UP,PASS,PASS,-0.19601965616,-0.53755677763,-0.318268618714,-0.34153712147,0.873417125738,0.112656107299,-1.82646614033,-4.14145189379,-2.36907730673,-2.31498575346,-0.391925246814,0.940858800392,-0.314871491252,0.720656737618,1.03225806452,1.03552822887,-1.12662826246,0.780858840094,6.22043379385,3.63177599821,-2.42990654206,-2.58865779563,-0.178139254088,0.97554447927,12.2893339557,15.5846833155,2.92474531712,3.2953493598,-4.74724879656,-4.55427711076
2026-08-22T16:00:00Z,2026-08-22T18:00:00+02:00,2026-08-23T16:00:00Z,76978.83,77547.96,76956.36,77288.01,537.52059,41516776.1189,124396,278.30595,21496944.143,20019831.9759,0.517789340903,0.401642893247,0.768747378384,2410.89,2429.94,2409,2422.63,10604.9177,25676936.3857,109997,6273.5679,15192009.2411,10484927.1445,0.591659729687,0.486540296155,0.869240348692,0.03132,0.03138,0.03131,0.03134,0.0638569604087,0.223570744171,0.031345482954,-1.74920066209,3002925.29,30029.2529,0.353837787811,OKX_CONTRACT_OI_HISTORY,6013852.76,601385.276,0.265928625563,OKX_CONTRACT_OI_HISTORY,1.16,0.537037037037,0.462962962963,OKX_GLOBAL_ACCOUNT_RATIO,1.3,0.565217391304,0.434782608696,OKX_GLOBAL_ACCOUNT_RATIO,0.0001,OKX_FUNDING_HISTORY,0.0001,OKX_FUNDING_HISTORY,PRICE_UP_OI_UP,PRICE_UP_OI_UP,PASS,PASS,-0.0158602292075,-0.226100851688,-0.254614894971,-0.21024062248,0.888132294556,1.1609529663,-1.50629539952,-3.65092685022,-2.21528861154,-2.1446314507,0.784941242243,1.56014471726,-0.255529998254,0.69244421169,0.901481004507,0.947974209944,-0.555556907786,-0.0391002294136,6.11070037749,3.33336176892,-2.64057160609,-2.77733860856,-0.517314881945,1.61315062621,12.8864459309,15.9402742217,2.72041953458,3.05382829081,-4.2014025774,-7.98713358739
2026-08-22T17:00:00Z,2026-08-22T19:00:00+02:00,2026-08-23T16:00:00Z,77288.01,77369.99,77066.66,77278.01,367.89271,28421643.1857,95143,212.24407,16397863.6686,12023779.5171,0.576949881521,-0.0129386175165,0.393594324705,2422.64,2431.55,2417.27,2426.32,7313.1612,17734445.2821,79466,3766.4288,9134917.49262,8599527.78948,0.515094627845,0.152313807721,0.590749068164,0.03134,0.03142,0.03134,0.0314,0.191448627951,0.255264837269,0.0313972888277,0.863505226019,2971361.76,29713.6176,-1.05109274963,OKX_CONTRACT_OI_HISTORY,6028861.56,602886.156,0.249570460052,OKX_CONTRACT_OI_HISTORY,1.16,0.537037037037,0.462962962963,OKX_GLOBAL_ACCOUNT_RATIO,1.29,0.563318777293,0.436681222707,OKX_GLOBAL_ACCOUNT_RATIO,,,,,PRICE_DOWN_OI_DOWN,PRICE_UP_OI_UP,PASS,PASS,-0.0137277648378,-0.155138287059,-0.127226463104,-0.141410522222,-0.92708389269,1.20254006381,-0.132772039558,-0.558618004467,-0.443880786303,-0.42584596491,2.43684829582,6.99795318811,-0.148166467423,0.111816670174,0.255427841635,0.259983137597,-1.40839950327,0.727365684914,6.24232342327,3.50046496549,-2.5752404592,-2.74185845778,-2.39663620988,0.618233886943,13.3153678101,16.0352363918,2.41356816699,2.71986858174,-4.61804328071,-6.10714181753
2026-08-22T18:00:00Z,2026-08-22T20:00:00+02:00,2026-08-23T16:00:00Z,77278.01,77360.92,77138,77257.86,246.33381,19033031.3492,73576,118.16695,9129848.45871,9903182.89046,0.479684412389,-0.0260746879999,0.288988565947,2426.33,2434.49,2421.76,2427.13,7729.1319,18771618.1799,80778,4028.4667,9784797.61452,8986820.56537,0.521254881745,0.0333838900063,0.525650766385,0.03139,0.03148,0.03139,0.03141,0.031847133758,0.286715514495,0.0314159620782,-1.89778627432,2975012.85,29750.1285,0.122875983973,OKX_CONTRACT_OI_HISTORY,6019884.93,601988.493,-0.148894279802,OKX_CONTRACT_OI_HISTORY,1.16,0.537037037037,0.462962962963,OKX_GLOBAL_ACCOUNT_RATIO,1.29,0.563318777293,0.436681222707,OKX_GLOBAL_ACCOUNT_RATIO,,,,,PRICE_DOWN_OI_UP,PRICE_UP_OI_DOWN,PASS,PASS,0.330166296078,0.546409604216,0.22335673261,0.216243308137,-0.561627175096,1.20375356699,-0.294543188332,-0.43687289255,-0.222363405337,-0.142329704218,2.16601244585,5.32965670281,0.144997796386,0.265211446229,0.0637145587767,0.120213649843,-1.12759091952,1.2146029921,6.66355015286,4.78116716601,-1.81306658331,-1.88238298685,-1.41605956867,1.40100632788,12.956709889,16.0234807092,2.68061457993,3.06677082022,-4.09058249767,-6.96458775178
2026-08-22T19:00:00Z,2026-08-22T21:00:00+02:00,2026-08-23T16:00:00Z,77257.87,77469.64,77206.53,77418.25,260.41653,20138677.4021,60303,172.53794,13342530.7583,6796146.64385,0.662532622767,0.20760347232,0.34078723652,2427.13,2444.71,2423.98,2439.41,12157.2231,29591811.9537,105943,9142.4478,22255646.5521,7336165.40155,0.752087996064,0.505947353459,0.855205075949,0.03141,0.03155,0.0314,0.0315,0.286532951289,0.477707006369,0.0315094955001,-3.01353605995,2980281.05,29802.8105,0.177081588068,OKX_CONTRACT_OI_HISTORY,5919963.47,591996.347,-1.65985664447,OKX_CONTRACT_OI_HISTORY,1.14,0.532710280374,0.467289719626,OKX_GLOBAL_ACCOUNT_RATIO,1.32,0.568965517241,0.431034482759,OKX_GLOBAL_ACCOUNT_RATIO,,,,,PRICE_UP_OI_UP,PRICE_UP_OI_DOWN,PASS,PASS,0.570832266482,1.1825459372,0.574712643678,0.61171367072,-0.402903112589,-1.29944006994,0.166996208266,0.250687335358,0.095328884652,0.0836911270918,2.16630451784,3.31552093535,0.505407448162,1.07145076754,0.542610916055,0.56604331938,-0.519065595741,-0.200297552963,6.50356386424,4.97639611493,-1.47012824523,-1.5271677493,-1.25136387419,-0.601428702763,13.1358812815,16.0507511822,2.57245197004,2.91486990069,-3.93287972009,-8.36881122924
2026-08-22T20:00:00Z,2026-08-22T22:00:00+02:00,2026-08-23T22:00:00Z,77418.26,77467.53,77258,77311.69,351.69043,27205439.9358,72436,188.96911,14617541.471,12587898.4648,0.537302153743,-0.137654863336,0.271208159673,2439.41,2443.72,2429.38,2431.84,8411.9987,20512411.4515,72099,4881.0007,11906669.2858,8605742.16575,0.580461703097,-0.31032093826,0.590274061695,0.03152,0.03155,0.03144,0.03146,-0.190355329949,0.349872773537,0.031455010232,1.58631900125,2978891.49,29788.9149,-0.0466251328882,OKX_CONTRACT_OI_HISTORY,5926745.7,592674.57,0.114565402884,OKX_CONTRACT_OI_HISTORY,1.11,0.526066350711,0.473933649289,OKX_GLOBAL_ACCOUNT_RATIO,1.3,0.565217391304,0.434782608696,OKX_GLOBAL_ACCOUNT_RATIO,,,,,UNAVAILABLE,UNAVAILABLE,PASS,PASS,0.030638646279,0.380165357483,0.382897255903,0.349526711204,-0.800346251704,-1.44844018429,0.130992461522,0.251469654621,0.159184972939,0.120477193098,1.78275278075,1.01832803867,-0.268962189076,-0.377296655128,-0.0952683391553,-0.108334466052,0.341331606874,0.793303867444,6.38479188956,4.88488643911,-1.37931034483,-1.49990545044,-1.19027957552,-0.214955501882,11.9679394323,9.63518655438,-2.05479452055,-2.33275287795,-1.84718497819,1.36973855912
2026-08-22T21:00:00Z,2026-08-22T23:00:00+02:00,2026-08-23T22:00:00Z,77311.69,77311.69,76828.78,76856.01,472.54194,36402789.7588,137618,189.0019,14561098.443,21841691.3159,0.39999952035,-0.589406336868,0.628553518616,2431.83,2431.95,2403.47,2407.54,16541.7909,39958925.8547,161697,5845.0965,14117965.5033,25840960.3514,0.353311937229,-0.999243371274,1.18495342151,0.03145,0.03145,0.03129,0.03133,-0.413223140496,0.511345477788,0.0313253316169,1.49029008863,2974024.42,29740.2442,-0.163385273224,OKX_CONTRACT_OI_HISTORY,5899762.77,589976.277,-0.455273962573,OKX_CONTRACT_OI_HISTORY,1.15,0.53488372093,0.46511627907,OKX_GLOBAL_ACCOUNT_RATIO,1.31,0.5670995671,0.4329004329,OKX_GLOBAL_ACCOUNT_RATIO,,,,,PRICE_DOWN_OI_DOWN,PRICE_DOWN_OI_DOWN,PASS,PASS,-0.546080314439,-0.774011671997,-0.222929936306,-0.227931357558,0.0896107648636,-2.14134606866,-0.267291306648,-0.594154248884,-0.349872773537,-0.326862942236,1.28584802057,-0.0554836341143,-2.10067747148,-4.20686993439,-2.18545113956,-2.10619246291,0.098276583013,3.57458844444,5.6558944574,3.82653171239,-1.6943834327,-1.82936274501,-1.30583389102,-0.723188464322,10.251908421,5.3167104112,-4.42342892007,-4.93519800984,-2.68186390868,0.587700107925
2026-08-22T22:00:00Z,2026-08-23T00:00:00+02:00,2026-08-23T22:00:00Z,76856,77155.46,76772,76997.76,933.98314,71949835.7327,131298,523.926,40354766.846,31595068.8867,0.560873648077,0.184435804044,0.49947897671,2407.54,2425.14,2404.35,2414.16,12624.8863,30500242.3968,117113,5920.9175,14305438.4978,16194803.899,0.469027042857,0.274969470912,0.864682762493,0.03133,0.03145,0.03131,0.03135,0.0638365783594,0.447141488342,0.0313536393786,-1.16075156576,2971974.37,29719.7437,-0.0689318482462,OKX_CONTRACT_OI_HISTORY,5906156.77,590615.677,0.108377239039,OKX_CONTRACT_OI_HISTORY,1.16,0.537037037037,0.462962962963,OKX_GLOBAL_ACCOUNT_RATIO,1.31,0.5670995671,0.4329004329,OKX_GLOBAL_ACCOUNT_RATIO,,,,,PRICE_UP_OI_DOWN,PRICE_UP_OI_UP,PASS,PASS,-0.336664774303,-0.534375991397,-0.191021967526,-0.197711217095,-0.102133340365,-1.88920820452,0.0282685512367,0.0592689608866,0.0319081046586,0.0310004096499,0.320233588564,-1.75938352253,-1.86385086746,-4.27179615289,-2.42763772176,-2.40794528543,0.478274286579,3.91699836528,5.94629164808,4.30950302884,-1.53894472362,-1.63678861924,-1.24352586249,-0.257550258698,11.1738130406,7.29647687323,-3.47906403941,-3.8773361674,-3.38408923197,-0.145707316953
2026-08-22T23:00:00Z,2026-08-23T01:00:00+02:00,2026-08-24T01:00:00Z,76997.77,77126.53,76900,77074.93,442.95254,34111018.474,64547,164.41925,12662293.9577,21448724.5163,0.371208322828,0.100210694414,0.294577373212,2414.17,2427.9,2410.82,2422.6,8115.3723,19640909.0232,81890,4500.428,10896730.0894,8744178.93383,0.554797645899,0.349188333879,0.708472635867,0.03135,0.03148,0.03134,0.03142,0.223285486443,0.44671346522,0.0314317508949,-3.73854288781,2973933.91,29739.3391,0.0659339467991,OKX_CONTRACT_OI_HISTORY,5903255.97,590325.597,-0.0491148493507,OKX_CONTRACT_OI_HISTORY,1.17,0.539170506912,0.460829493088,OKX_GLOBAL_ACCOUNT_RATIO,1.31,0.5670995671,0.4329004329,OKX_GLOBAL_ACCOUNT_RATIO,,,,,UNAVAILABLE,UNAVAILABLE,PASS,PASS,-0.443461328563,-0.689101053123,-0.253968253968,-0.245639724561,-0.212971189412,-0.282223025271,-0.0714248485869,-0.054869571316,0,0.0165552772709,0.25302923417,-1.46711737745,-1.61237141143,-3.72372133688,-2.14886328247,-2.11134992545,-0.0768813598644,2.4721864521,5.54573321657,4.11634763325,-1.41198619391,-1.42938558332,-1.04758959415,-0.122786966535,11.1634289222,7.53728693182,-3.32307692308,-3.62614199037,-3.52397258882,-2.3243913837
2026-08-23T00:00:00Z,2026-08-23T02:00:00+02:00,2026-08-24T01:00:00Z,77074.94,77359.53,77042.91,77302.65,422.64795,32648849.5128,109912,266.03595,20553209.5491,12095639.9636,0.629523240661,0.295452749681,0.410965785171,2422.6,2435.53,2419.67,2430.96,11123.6302,27006699.9236,121766,6771.5585,16439939.8757,10566760.0479,0.608735607171,0.345083794271,0.65546128191,0.03142,0.03149,0.0314,0.03145,0.0954805856143,0.286624203822,0.0314473048466,0.857037960309,2970147.99,29701.4799,-0.127303434258,OKX_CONTRACT_OI_HISTORY,5939819.23,593981.923,0.619374463615,OKX_CONTRACT_OI_HISTORY,1.15,0.53488372093,0.46511627907,OKX_GLOBAL_ACCOUNT_RATIO,1.31,0.5670995671,0.4329004329,OKX_GLOBAL_ACCOUNT_RATIO,0.0001,OKX_FUNDING_HISTORY,0.0001,OKX_FUNDING_HISTORY,PRICE_UP_OI_DOWN,PRICE_UP_OI_UP,PASS,PASS,-0.0116929276802,-0.0361865912231,-0.0317863954228,-0.0244936635429,-0.293515223007,0.220585303668,0.00307890257045,0.116962917813,0.0954805856143,0.113884015243,-0.21307411563,-0.0843888711406,-0.834666396419,-3.6266472146,-2.75200989487,-2.79198081818,-0.639839189879,2.00567795995,4.87685057881,3.85078733094,-0.944881889764,-1.02606324788,-3.67105366182,1.48054420376,11.3550129646,7.45809463187,-3.49800552317,-3.89691833269,-3.86718917673,-2.45490123343
2026-08-23T01:00:00Z,2026-08-23T03:00:00+02:00,2026-08-24T01:00:00Z,77302.65,77400,77158,77190.29,315.9346,24407493.7211,99628,162.23708,12533997.7955,11873495.9256,0.513530718833,-0.145350773874,0.313642136914,2430.96,2433.34,2420.35,2423.25,9677.4155,23485516.0874,95692,4864.364,11806287.7685,11679228.319,0.50270505977,-0.317158653372,0.536699237714,0.03145,0.03147,0.03137,0.03139,-0.190779014308,0.318775900542,0.0313931972532,-1.01845414216,2975916.86,29759.1686,0.194228369072,OKX_CONTRACT_OI_HISTORY,5950450.52,595045.052,0.178983393069,OKX_CONTRACT_OI_HISTORY,1.14,0.532710280374,0.467289719626,OKX_GLOBAL_ACCOUNT_RATIO,1.29,0.563318777293,0.436681222707,OKX_GLOBAL_ACCOUNT_RATIO,,,,,PRICE_DOWN_OI_UP,PRICE_DOWN_OI_UP,PASS,PASS,0.43494321394,0.652533291243,0.191509735078,0.217590077303,0.0636322952587,0.859148951848,-0.127224421914,-0.281471056628,-0.15903307888,-0.154246634714,-0.775205031545,-0.11369457486,-0.821945159714,-3.34026063127,-2.57603972688,-2.51831547156,-0.636708776822,1.68610567835,2.74335301986,2.7075024265,-0.0636739891754,-0.0358505933614,-0.730322337181,2.17928250727,10.7116528059,6.90840267177,-3.44509381729,-3.80325013412,-5.17076973396,-2.11832928934
2026-08-23T02:00:00Z,2026-08-23T04:00:00+02:00,2026-08-24T01:00:00Z,77190.29,77232.55,77005.88,77079.46,272.44621,21013707.2842,94964,146.13855,11271373.5484,9742333.73585,0.536381962303,-0.143580235286,0.294354145424,2423.26,2424.49,2408,2416.95,7146.1295,17275005.2001,86749,2938.3968,7104918.30474,10170086.8954,0.411283135515,-0.259981429898,0.684800664452,0.03139,0.0314,0.03128,0.03137,-0.0637145587767,0.383631713555,0.0313566026539,4.27257576698,2970423.75,29704.2375,-0.184585465872,OKX_CONTRACT_OI_HISTORY,5970685.41,597068.541,0.340056436601,OKX_CONTRACT_OI_HISTORY,1.14,0.532710280374,0.467289719626,OKX_GLOBAL_ACCOUNT_RATIO,1.31,0.5670995671,0.4329004329,OKX_GLOBAL_ACCOUNT_RATIO,,,,,PRICE_DOWN_OI_DOWN,PRICE_DOWN_OI_UP,PASS,PASS,0.106106982852,0.115568147927,0.0637958532695,0.00946116507474,-0.0521747433508,1.09256564824,0.0984888762373,0.124692411576,0.0957243139758,0.0262035353388,-0.715015634152,0.376632092814,-1.77206575761,-3.93756806385,-2.12168486739,-2.16550230623,-1.08266297648,1.03878163126,3.54611663071,3.035276564,-0.475888324873,-0.510840066715,-0.281335712771,1.75320621588,11.2237337065,7.32984293194,-3.44721452755,-3.89389077453,-5.64874604965,-2.28101627468
2026-08-23T03:00:00Z,2026-08-23T05:00:00+02:00,2026-08-24T01:00:00Z,77079.46,77136.78,76837,76927.87,542.03792,41725684.5075,99139,261.51914,20129094.4805,21596590.0269,0.482414961387,-0.196667179557,0.390150578497,2416.96,2419.05,2408.4,2413.98,6317.9261,15248154.1993,82511,2622.089,6327417.23488,8920736.96444,0.414962831053,-0.122882144852,0.442202291978,0.03137,0.03138,0.03132,0.03138,0.0318775900542,0.191570881226,0.0313797847256,0.0686028881747,3002039.49,30020.3949,1.06435117212,OKX_CONTRACT_OI_HISTORY,6035285.03,603528.503,1.08194646953,OKX_CONTRACT_OI_HISTORY,1.15,0.53488372093,0.46511627907,OKX_GLOBAL_ACCOUNT_RATIO,1.33,0.570815450644,0.429184549356,OKX_GLOBAL_ACCOUNT_RATIO,,,,,PRICE_DOWN_OI_UP,PRICE_DOWN_OI_UP,PASS,PASS,-0.190801340981,-0.355816065384,-0.127307447486,-0.165014724404,0.945064041453,2.23654641898,-0.0662000188883,0.127753121241,0.191570881226,0.193953140129,0.324235509722,0.623258034823,-1.89145703829,-4.01898960661,-2.18204488778,-2.12753256832,-0.0689604979129,1.56998081328,3.24396057107,3.11570925742,-0.127307447486,-0.128251313645,-1.21205683417,1.77898377714,11.1744468293,7.23033390932,-3.53519827851,-3.94411291999,-4.24575835341,0.0116576434561
2026-08-23T04:00:00Z,2026-08-23T06:00:00+02:00,2026-08-24T01:00:00Z,76927.87,77036.58,76477.04,76602,1142.31377,87705035.7675,197382,590.19243,45325643.7358,42379392.0318,0.516796365672,-0.423604605197,0.731644425569,2413.98,2417.02,2372.17,2378.66,25712.0791,61560987.1335,247850,10506.4717,25148017.1599,36412969.9736,0.408505749029,-1.46314385372,1.89067393989,0.03138,0.03141,0.03098,0.03106,-1.01975780752,1.38799225307,0.0310521918488,2.51452498466,3031014.55,30310.1455,0.965179175574,OKX_CONTRACT_OI_HISTORY,6123598.84,612359.884,1.46329145286,OKX_CONTRACT_OI_HISTORY,1.16,0.537037037037,0.462962962963,OKX_GLOBAL_ACCOUNT_RATIO,1.26,0.557522123894,0.442477876106,OKX_GLOBAL_ACCOUNT_RATIO,,,,,PRICE_DOWN_OI_UP,PRICE_DOWN_OI_UP,PASS,PASS,-0.906372549971,-2.15141343338,-1.240063593,-1.24504088341,2.04927701262,3.09402698775,-0.887602100248,-1.81496968171,-0.89342693044,-0.927367581461,0.935396564595,1.82488804398,-2.38052759016,-5.3996333165,-3.08892355694,-3.01910572634,1.72768012025,3.41350365566,2.10060512356,1.02955292599,-1.01975780752,-1.07105219757,0.0291106085837,2.41090460334,10.2313776792,5.70506781378,-4.07659048796,-4.52630986546,-3.21414324584,0.153323783536
2026-08-23T05:00:00Z,2026-08-23T07:00:00+02:00,2026-08-24T01:00:00Z,76602,76730.99,75545.67,76053.37,2021.52468,153929395.16,376404,923.02334,70296564.2048,83632830.9551,0.456680571841,-0.716208454087,1.56901116901,2378.67,2387,2355.71,2372.99,23835.6749,56594044.8236,323725,11556.3321,27449420.3456,29144624.478,0.485023122684,-0.238369502157,1.32826196773,0.03106,0.03129,0.031,0.03121,0.482936252415,0.935483870968,0.0312016416893,2.67880479901,2950786.31,29507.8631,-2.64691042146,OKX_CONTRACT_OI_HISTORY,6293752.01,629375.201,2.77864658424,OKX_CONTRACT_OI_HISTORY,1.07,0.51690821256,0.48309178744,OKX_GLOBAL_ACCOUNT_RATIO,1.26,0.557522123894,0.442477876106,OKX_GLOBAL_ACCOUNT_RATIO,,,,,PRICE_DOWN_OI_DOWN,PRICE_DOWN_OI_UP,PASS,PASS,-1.47287955519,-2.07407407407,-0.57343102899,-0.601194518887,-0.844464115842,5.76933610062,-1.58471989638,-2.19797883214,-0.605095541401,-0.613258935756,-0.692458598511,4.39370596528,-1.71538787101,-2.74431853112,-1.04629042486,-1.0289306601,1.72751553175,11.6991286401,0.769337481233,0.192955641314,-0.510041440867,-0.57638183992,-4.72682880861,4.59888757974,9.57666237216,5.54315145261,-3.64309972214,-4.03351091955,-5.90296002892,1.77770893218
2026-08-23T06:00:00Z,2026-08-23T08:00:00+02:00,2026-08-24T01:00:00Z,76053.38,76357.51,75872.89,76096.95,788.44492,60039394.7353,186071,391.38029,29805752.3593,30233642.376,0.496436589521,0.0573018657819,0.638726164247,2372.99,2396.67,2369.29,2389.99,17180.9368,40978076.4532,182300,10983.7767,26205347.7424,14772728.7108,0.639496775119,0.716395770736,1.15562046014,0.0312,0.0314,0.03118,0.0314,0.608779237424,0.705580500321,0.0314071720351,-2.28356604003,2956782.71,29567.8271,0.203213630878,OKX_CONTRACT_OI_HISTORY,6304940.14,630494.014,0.177765663188,OKX_CONTRACT_OI_HISTORY,1.07,0.51690821256,0.48309178744,OKX_GLOBAL_ACCOUNT_RATIO,1.25,0.555555555556,0.444444444444,OKX_GLOBAL_ACCOUNT_RATIO,,,,,PRICE_UP_OI_UP,PRICE_UP_OI_UP,PASS,PASS,-1.27467161809,-1.11545542936,0.0956327701626,0.15921618873,-0.45922875482,5.59826396883,-1.5026432262,-1.53020233774,-0.0318369945877,-0.0275591115367,-0.612775168349,4.73522689079,-1.79276048127,-1.96039019108,-0.254129606099,-0.167629709807,1.53996449109,10.317254931,0.595852720183,0.738470876344,0.0956327701626,0.142618156162,-4.21975910954,5.59184429724,8.94027500147,5.62277926073,-3.05649891942,-3.31749574075,-7.24360297178,2.13962597076
2026-08-23T07:00:00Z,2026-08-23T09:00:00+02:00,2026-08-24T01:00:00Z,76096.96,76345.31,75907.82,76007.13,498.42122,37946853.3763,113634,266.86174,20318954.7527,17627898.6236,0.535458224987,-0.118033639982,0.576343781181,2389.99,2397.2,2386.84,2389.02,10125.9847,24215206.9008,94000,6771.8996,16194093.5305,8021113.37023,0.668757182084,-0.0405859438742,0.434046689347,0.0314,0.03145,0.03138,0.03144,0.127388535032,0.223072020395,0.0314315249109,2.69636587388,2957001.42,29570.0142,0.00739689119718,OKX_CONTRACT_OI_HISTORY,6305892.89,630589.289,0.0151111664638,OKX_CONTRACT_OI_HISTORY,1.06,0.514563106796,0.485436893204,OKX_GLOBAL_ACCOUNT_RATIO,1.23,0.551569506726,0.448430493274,OKX_GLOBAL_ACCOUNT_RATIO,,,,,PRICE_DOWN_OI_UP,PRICE_DOWN_OI_UP,PASS,PASS,-1.19688742194,-1.03397708349,0.19120458891,0.162910338456,-1.50024908566,4.48376271634,-1.82272267844,-2.06566341861,-0.190476190476,-0.242940740175,-0.781121968346,6.51911826746,-1.65877034793,-1.82015443984,-0.095328884652,-0.161384091905,1.36826106901,10.0507819338,-0.395132137707,0.731976758895,1.19085934986,1.1271088966,-4.62872627635,4.57347212179,8.86707932013,6.09332048441,-2.54184748915,-2.77375883572,-8.14890245446,2.37314062011
2026-08-23T08:00:00Z,2026-08-23T10:00:00+02:00,2026-08-24T01:00:00Z,76007.12,76654.78,75952.09,76486.49,773.49224,59004835.696,128052,423.71781,32322589.624,26682246.0721,0.547795604253,0.630677674581,0.925175330922,2389.01,2426.03,2386.96,2412.46,20707.6452,49883354.0427,150436,13646.142,32860149.4047,17023204.6381,0.658739774725,0.981155452864,1.63681000101,0.03144,0.03169,0.03142,0.03154,0.318066157761,0.859325270528,0.0315409950176,-0.315468028484,3005475.79,30054.7579,1.63930830984,OKX_CONTRACT_OI_HISTORY,6219514.75,621951.475,-1.36980030436,OKX_CONTRACT_OI_HISTORY,1.08,0.519230769231,0.480769230769,OKX_GLOBAL_ACCOUNT_RATIO,1.25,0.555555555556,0.444444444444,OKX_GLOBAL_ACCOUNT_RATIO,0.0001,OKX_FUNDING_HISTORY,0.0001,OKX_FUNDING_HISTORY,PRICE_UP_OI_UP,PRICE_UP_OI_DOWN,PASS,PASS,-0.150792407509,1.42096810809,1.54539600773,1.5717605156,-0.842581240661,1.56633235628,-1.06736769045,-0.796927429436,0.254291163382,0.270440261013,0.892422570249,4.93979436303,-0.937773400138,-0.54746180547,0.41388092964,0.390311594668,2.69108503919,6.00842571275,-3.4968570377,-1.29858440389,2.30295167045,2.19827263381,-0.468807779184,4.19059160871,6.83649452942,5.70533464783,-1.00439422473,-1.1311598816,-3.08608226316,2.94808893618
2026-08-23T09:00:00Z,2026-08-23T11:00:00+02:00,2026-08-24T01:00:00Z,76486.49,76640.21,76467,76549.98,346.37256,26517357.7842,92750,201.40871,15419487.918,11097869.8662,0.581486588652,0.0830081233954,0.226516013444,2412.45,2416.17,2404.51,2411.2,9335.204,22509565.4593,82349,5126.0587,12361016.8265,10148548.6328,0.549145066745,-0.0522288452451,0.484922083917,0.03153,0.03154,0.03145,0.0315,-0.126823081801,0.286168521463,0.0314983753098,0.515801260783,3009019.63,30090.1963,0.11791277813,OKX_CONTRACT_OI_HISTORY,6289435.35,628943.535,1.12421310682,OKX_CONTRACT_OI_HISTORY,1.07,0.51690821256,0.48309178744,OKX_GLOBAL_ACCOUNT_RATIO,1.25,0.555555555556,0.444444444444,OKX_GLOBAL_ACCOUNT_RATIO,,,,,PRICE_UP_OI_UP,PRICE_DOWN_OI_UP,PASS,PASS,0.652975666956,1.61020484705,0.929189362384,0.957229180094,1.97348482344,-0.0685864329122,-0.398186166573,0.152022396305,0.542610916055,0.550208562878,1.17669544892,6.60488557237,-0.664413156214,-0.443035100106,0.190839694656,0.221378056107,2.47767398463,6.54573730771,-1.74652496428,0.299500831947,2.07388204796,2.04602579623,0.432930193598,6.23938326869,6.63046662368,5.82122041991,-0.787401574803,-0.809246203766,-2.91463559322,4.24637879712
2026-08-23T10:00:00Z,2026-08-23T12:00:00+02:00,2026-08-24T01:00:00Z,76549.99,76924.29,76542,76790.35,533.71157,40970225.8023,133177,317.02425,24333484.3236,16636741.4788,0.593930930256,0.314004001046,0.499451281649,2411.2,2420.89,2410.84,2415.15,7057.3777,17047932.0564,70544,4260.4763,10291175.5193,6756756.53708,0.603661223266,0.163818845388,0.416867150039,0.03151,0.03151,0.03143,0.03144,-0.190476190476,0.254533884823,0.0314512175032,-3.56663561269,3013688.07,30136.8807,0.15514820686,OKX_CONTRACT_OI_HISTORY,6281080.73,628108.073,-0.132835771974,OKX_CONTRACT_OI_HISTORY,1.11,0.526066350711,0.473933649289,OKX_GLOBAL_ACCOUNT_RATIO,1.26,0.557522123894,0.442477876106,OKX_GLOBAL_ACCOUNT_RATIO,,,,,PRICE_UP_OI_UP,PRICE_UP_OI_DOWN,PASS,PASS,0.911206033882,1.05272406998,0.127388535032,0.141518036093,1.92457023668,-0.37842405273,-0.269371472625,0.0410080524903,0.287081339713,0.310379525115,1.40356863172,6.34801910278,-0.241179068801,0.100301318424,0.319081046586,0.341480387224,1.72829691848,4.47694957815,-1.31046104345,0.827443400283,2.14424951267,2.13790444373,-0.954862075953,4.48439443904,6.65920421401,5.60341058155,-1.00755667506,-1.05579363246,-3.33571774123,2.84571567473
2026-08-23T11:00:00Z,2026-08-23T13:00:00+02:00,2026-08-24T01:00:00Z,76790.35,77400,76744.94,77311.02,784.82342,60567967.1721,193660,470.99708,36349813.2236,24218153.9484,0.600149136925,0.678040925715,0.853554644775,2415.15,2438.31,2414.82,2433.68,15055.74,36578258.541,140285,9818.3688,23851955.2549,12726303.2861,0.652080120986,0.767240130013,0.97274331006,0.03145,0.03152,0.03142,0.03148,0.127226463104,0.318268618714,0.0314790828009,0.291367805136,2995856.66,29958.5666,-0.591680677821,OKX_CONTRACT_OI_HISTORY,6209759.41,620975.941,-1.13549440082,OKX_CONTRACT_OI_HISTORY,1.16,0.537037037037,0.462962962963,OKX_GLOBAL_ACCOUNT_RATIO,1.28,0.561403508772,0.438596491228,OKX_GLOBAL_ACCOUNT_RATIO,,,,,PRICE_UP_OI_DOWN,PRICE_UP_OI_DOWN,PASS,PASS,1.71548379738,1.86938577325,0.127226463104,0.153901975871,1.31400816169,-1.52450226601,0.306312311928,0.457359861306,0.190961171229,0.151047549378,0.737163321831,5.19210824599,0.234668680236,0.402239338595,0.190961171229,0.167570658358,0.992057794708,3.64881654621,0.767312563019,2.66655979616,1.87702265372,1.89924723314,-1.76432983113,2.98627880383,7.48529030864,5.96974631844,-1.40933291575,-1.5155439902,-3.20359632776,3.75960319801
2026-08-23T12:00:00Z,2026-08-23T14:00:00+02:00,2026-08-24T01:00:00Z,77311.02,77311.99,76975.63,77206,446.59889,34433933.7959,91798,185.47516,14304715.7004,20129218.0955,0.415424963792,-0.135840918927,0.43696946683,2433.67,2433.68,2419.15,2427.05,8695.2427,21082710.3569,84756,4050.8123,9823398.2098,11259312.1471,0.465945698798,-0.272426941915,0.600624186181,0.03148,0.03148,0.0314,0.03143,-0.158831003812,0.254777070064,0.031436028288,-1.91763663707,2999923.53,29999.2353,0.135749819219,OKX_CONTRACT_OI_HISTORY,6235202.92,623520.292,0.409734231555,OKX_CONTRACT_OI_HISTORY,1.15,0.53488372093,0.46511627907,OKX_GLOBAL_ACCOUNT_RATIO,1.28,0.561403508772,0.438596491228,OKX_GLOBAL_ACCOUNT_RATIO,,,,,PRICE_DOWN_OI_UP,PRICE_DOWN_OI_UP,PASS,PASS,0.940702076929,0.604776866767,-0.348763474952,-0.335925210162,-0.184738137585,0.252241061089,-0.125028055312,-0.160841807352,-0.0635930047695,-0.0358137520394,1.00249348181,4.97294073375,-0.121953002234,-0.0440670148098,0.0318268618714,0.0778859874242,0.787283312064,4.88435525407,-0.0228686389638,1.60887876682,1.58371040724,1.63174740578,-0.630464103634,3.20804628568,7.3020306304,5.97407247307,-1.2256442489,-1.32795815733,-0.769959731688,2.6255407009
2026-08-23T13:00:00Z,2026-08-23T15:00:00+02:00,2026-08-24T01:00:00Z,77206.01,77765.8,77192.21,77487.62,955.92825,74074515.5382,191113,582.43543,45130581.111,28943934.4272,0.609259213957,0.364764396549,0.743067208466,2427.05,2484.06,2427,2459.75,39983.2596,98262940.6836,295876,24620.6496,60488435.4184,37774505.2653,0.61557729697,1.34731464123,2.35105067985,0.03144,0.03195,0.03144,0.03174,0.986318803691,1.62213740458,0.0317437804904,-1.19093891656,2979843.12,29798.4312,-0.66936406209,OKX_CONTRACT_OI_HISTORY,6105055.9,610505.59,-2.08729405714,OKX_CONTRACT_OI_HISTORY,1.19,0.543378995434,0.456621004566,OKX_GLOBAL_ACCOUNT_RATIO,1.33,0.570815450644,0.429184549356,OKX_GLOBAL_ACCOUNT_RATIO,,,,,PRICE_UP_OI_DOWN,PRICE_UP_OI_DOWN,PASS,PASS,1.22487295229,2.01352023889,0.761904761905,0.7886472866,-0.969635083437,-2.93157397667,0.385190935285,1.50624161766,1.11500477859,1.12105068238,0.1319344654,2.59821301732,0.25747645643,1.22053092684,0.954198473282,0.963054470408,-0.644293328758,2.48156441522,0.285698126506,3.01970556824,2.75169957915,2.73400744173,-0.514423929442,1.25328711723,8.08406908498,8.03018125442,-0.0629722921914,-0.0538878305649,-1.14322041089,2.19970145707
2026-08-23T14:00:00Z,2026-08-23T16:00:00+02:00,2026-08-24T01:00:00Z,77487.62,77640.58,76802,77186,1015.68445,78472584.5996,236133,507.38808,39206924.1496,39265660.45,0.499625752735,-0.389249276207,1.09187260748,2459.75,2469.3,2389.85,2438.95,41707.3803,101598817.66,326821,21309.5752,51941625.9199,49657191.74,0.511242425023,-0.845614391706,3.32447643158,0.03175,0.03184,0.03111,0.03161,-0.409577819786,2.34651237544,0.0315983468505,3.6878984809,2968033.11,29680.3311,-0.396329924912,OKX_CONTRACT_OI_HISTORY,5941236.97,594123.697,-2.68333218702,OKX_CONTRACT_OI_HISTORY,1.15,0.53488372093,0.46511627907,OKX_GLOBAL_ACCOUNT_RATIO,1.3,0.565217391304,0.434782608696,OKX_GLOBAL_ACCOUNT_RATIO,,,,,PRICE_DOWN_OI_DOWN,PRICE_DOWN_OI_DOWN,PASS,PASS,0.515234010523,0.985446038548,0.540712468193,0.470212028025,-1.51491989017,-5.41059372755,0.138220999472,0.910238110015,0.765062161301,0.772017110542,-0.0804814464603,-0.493217076061,0.236846008019,1.03606551944,0.861518825782,0.799219511422,-0.794921625687,-0.118442597042,-0.256743324389,1.89165590913,2.19851277077,2.14839923352,-2.2380890537,-0.860335602463,7.46120705558,6.91334537357,-0.44094488189,-0.54786168201,-1.48118203856,-0.956328282358
2026-08-23T15:00:00Z,2026-08-23T17:00:00+02:00,2026-08-24T01:00:00Z,77186,77336.93,76913.49,77156.13,562.15936,43388526.1175,159001,311.75623,24068645.0595,19319881.0581,0.554723730284,-0.0386987277486,0.550540613877,2438.95,2452.86,2421.87,2438.62,17475.7349,42597968.9199,232576,9188.2474,22401006.4929,20196962.427,0.525870295248,-0.0135304126776,1.27958973851,0.0316,0.03171,0.03148,0.03161,0,0.730622617535,0.0316063027008,1.16979808252,2973312.77,29733.1277,0.177884134183,OKX_CONTRACT_OI_HISTORY,6003247.39,600324.739,1.04372911421,OKX_CONTRACT_OI_HISTORY,1.15,0.53488372093,0.46511627907,OKX_GLOBAL_ACCOUNT_RATIO,1.28,0.561403508772,0.438596491228,OKX_GLOBAL_ACCOUNT_RATIO,,,,,PRICE_DOWN_OI_UP,PRICE_DOWN_OI_UP,PASS,PASS,-0.200346600006,0.20298478025,0.412960609911,0.403331380257,-0.752502290947,-3.32560420404,0.296719511407,1.02072096703,0.732950924156,0.724001455626,-0.956906799384,-0.53083888898,0.230323064146,1.14977809117,0.925925925926,0.919455027023,-0.6357739213,0.0891106498158,-0.085273648772,1.87872078207,1.96774193548,1.96399443084,-1.75523937508,0.870665318296,6.46508395171,4.82331145413,-1.52647975078,-1.64177249758,-0.812780612467,1.06552444311
2026-08-23T16:00:00Z,2026-08-23T18:00:00+02:00,2026-08-24T01:00:00Z,77156.14,77475,77156.13,77429.88,303.2396,23451198.779,101127,177.58749,13734486.9192,9716711.85973,0.585662466499,0.354800065789,0.41327889307,2438.61,2459.22,2438.61,2450.56,9809.6928,24021322.4809,146646,5514.02,13500739.5429,10520582.938,0.562031484887,0.489621179192,0.845153591595,0.03161,0.03174,0.03161,0.03166,0.158177791838,0.411262258779,0.0316487640172,3.5502121964,2963928.67,29639.2867,-0.315610927134,OKX_CONTRACT_OI_HISTORY,5985375.49,598537.549,-0.297703873237,OKX_CONTRACT_OI_HISTORY,1.16,0.537037037037,0.462962962963,OKX_GLOBAL_ACCOUNT_RATIO,1.29,0.563318777293,0.436681222707,OKX_GLOBAL_ACCOUNT_RATIO,0.0001,OKX_FUNDING_HISTORY,0.0001,OKX_FUNDING_HISTORY,PRICE_UP_OI_DOWN,PRICE_UP_OI_DOWN,PASS,PASS,0.289977462891,0.968665664078,0.731784918867,0.678688201186,-1.19985925108,-4.0067249327,1.08075507167,3.02271026544,1.93174500966,1.94195519377,-2.21331435047,-2.25722411953,0.183560166706,1.15287930885,1.02105934907,0.969319142144,-1.29862105227,-0.473527888634,-0.0724388828383,1.85330656658,1.93174500966,1.92574544942,-1.8469633811,-0.512442967557,6.30547735599,4.52467071589,-1.64647406027,-1.7808066401,-1.80921797426,1.13198401947
2026-08-23T17:00:00Z,2026-08-23T19:00:00+02:00,2026-08-24T01:00:00Z,77429.87,77443.95,77148.2,77176.41,396.15987,30608324.7652,104111,178.30146,13776382.4327,16831942.3324,0.450086129784,-0.32735424619,0.383353078879,2450.56,2454.3,2432.81,2440.12,13407.0069,32752639.0669,140408,5498.5525,13433961.0577,19318678.0091,0.410164232272,-0.42602507182,0.883340663677,0.03166,0.0317,0.03154,0.03161,-0.157927984839,0.507292327204,0.0316174333582,-2.35103150665,2965005.12,29650.0512,0.0363183504007,OKX_CONTRACT_OI_HISTORY,5897456.16,589745.616,-1.46890249654,OKX_CONTRACT_OI_HISTORY,1.16,0.537037037037,0.462962962963,OKX_GLOBAL_ACCOUNT_RATIO,1.27,0.559471365639,0.440528634361,OKX_GLOBAL_ACCOUNT_RATIO,,,,,PRICE_DOWN_OI_UP,PRICE_DOWN_OI_DOWN,PASS,PASS,-0.401625446749,-0.798048582173,-0.409577819786,-0.396423135424,-0.497945677087,-3.40045600565,1.47664725442,2.82892047586,1.28164049984,1.35227322143,0.481865120216,-6.29665499007,-0.131473364803,0.568762570477,0.668789808917,0.70023593528,-0.213930194754,-2.1796055307,-0.279445032786,0.681215212018,0.925925925926,0.960660244804,-1.61931670622,-1.46809354848,6.10264306582,4.08913687048,-1.92367359603,-2.01350619534,-2.60543927612,-1.57484670375
2026-08-23T18:00:00Z,2026-08-23T20:00:00+02:00,2026-08-24T01:00:00Z,77176.41,77415.33,77116,77341.98,670.17194,51790230.6939,123034,457.60025,35364508.3213,16425722.3726,0.682841297431,0.214534467203,0.388155505991,2440.11,2449.27,2434.83,2448.68,7986.6951,19523168.2714,103241,4293.6681,10496748.5002,9026419.77117,0.537655996931,0.350802419553,0.593059885084,0.03162,0.03167,0.03158,0.03167,0.189813350206,0.284990500317,0.0316604255541,3.02410523221,2960200.81,29602.0081,-0.162033784279,OKX_CONTRACT_OI_HISTORY,5909260.31,590926.031,0.200156638384,OKX_CONTRACT_OI_HISTORY,1.13,0.530516431925,0.469483568075,OKX_GLOBAL_ACCOUNT_RATIO,1.28,0.561403508772,0.438596491228,OKX_GLOBAL_ACCOUNT_RATIO,,,,,PRICE_UP_OI_DOWN,PRICE_UP_OI_UP,PASS,PASS,0.202083279351,0.398942167736,0.189813350206,0.196858888385,-0.263888565583,-0.538215529215,1.63611025146,2.45565881029,0.859872611465,0.819548558826,0.115602001745,-6.27571112832,0.108882125392,0.887879924025,0.82776185928,0.778997798634,-0.497881546965,-1.83765339847,0.25403779846,1.15544612944,0.892003822874,0.901408330981,-1.61985839937,-0.645370599527,6.77968769329,5.71149811344,-1.00031259769,-1.06818957985,-1.90689081635,-0.462392710989
2026-08-23T19:00:00Z,2026-08-23T21:00:00+02:00,2026-08-24T01:00:00Z,77341.99,77487.04,77255.99,77346.01,294.93858,22813128.506,77409,130.01534,10058035.8482,12755092.6578,0.44088805468,0.00521062429486,0.299070661058,2448.68,2454.16,2437.44,2444.96,7346.7878,17969205.8112,84109,3658.1058,8947996.90788,9021208.90329,0.497962848326,-0.151918584707,0.685965603256,0.03166,0.03168,0.03155,0.03162,-0.157878118093,0.41204437401,0.0316106803699,2.94825355016,2959202.74,29592.0274,-0.0337162937269,OKX_CONTRACT_OI_HISTORY,5891041.64,589104.164,-0.308307115345,OKX_CONTRACT_OI_HISTORY,1.11,0.526066350711,0.473933649289,OKX_GLOBAL_ACCOUNT_RATIO,1.27,0.559471365639,0.440528634361,OKX_GLOBAL_ACCOUNT_RATIO,,,,,PRICE_UP_OI_DOWN,PRICE_DOWN_OI_DOWN,PASS,PASS,0.246098398144,0.259983105199,0.0316355583676,0.0138847070547,-0.474555860465,-1.86908422576,1.76151895224,2.34154590585,0.572519083969,0.580026953617,0.0744443335438,-6.57878681476,-0.0933113316305,0.227514030032,0.380952380952,0.320825361662,-0.707259135846,-0.48854744031,0.411624514111,1.30140249839,0.925630386211,0.889777984283,-1.22265359274,-0.687866444706,6.40418397056,5.21523214432,-1.09477635283,-1.18895182625,-1.94977262471,-1.08703787854
2026-08-23T20:00:00Z,2026-08-23T22:00:00+02:00,2026-08-24T01:00:00Z,77346,77460,77200.03,77401.6,169.97755,13147091.8114,60051,101.79594,7873389.28003,5273702.53134,0.59886927033,0.0718718392843,0.336748573802,2444.95,2450.72,2436.41,2450.48,7723.0749,18886174.0659,91615,4091.4994,10007183.6468,8878990.41911,0.529868231219,0.225770564754,0.587339569284,0.03162,0.03166,0.03156,0.03166,0.126502213789,0.316856780735,0.0316592938647,0.223042016259,2964244.17,29642.4417,0.17036446783,OKX_CONTRACT_OI_HISTORY,5910014.42,591001.442,0.322061549713,OKX_CONTRACT_OI_HISTORY,1.11,0.526066350711,0.473933649289,OKX_GLOBAL_ACCOUNT_RATIO,1.27,0.559471365639,0.440528634361,OKX_GLOBAL_ACCOUNT_RATIO,,,,,PRICE_UP_OI_UP,PRICE_UP_OI_UP,PASS,PASS,-0.0365233679815,-0.00326455993732,0,0.0332588080441,0.0106446556286,-1.25908675447,1.19643351394,1.57598467954,0.380469245403,0.379551165594,-1.37188328508,-4.97627777151,0.11629547873,0.766497795908,0.635727908455,0.650202317177,-0.4917037109,-0.282301297321,-0.152979501211,0.386309170234,0.53985392188,0.539288671445,-0.152050444203,0.508763063014,6.50851259258,5.68882678191,-0.752351097179,-0.819685810673,-1.67613063758,-0.496649977032
2026-08-23T21:00:00Z,2026-08-23T23:00:00+02:00,2026-08-24T01:00:00Z,77401.59,78052.85,77401.59,77833.23,861.63202,67044331.2951,249568,535.79479,41693590.9378,25350740.3573,0.621880927625,0.55764997106,0.841403903977,2450.48,2484.62,2450.47,2469.97,28824.6969,71164686.7327,283437,16449.3552,40604627.4199,30560059.3127,0.570572699525,0.79535437955,1.39361020539,0.03166,0.03184,0.03165,0.03174,0.252684775742,0.600315955766,0.0317341320667,1.84909209423,2920030.51,29200.3051,-1.49156606083,OKX_CONTRACT_OI_HISTORY,5751262.33,575126.233,-2.68615402126,OKX_CONTRACT_OI_HISTORY,1.2,0.545454545455,0.454545454545,OKX_GLOBAL_ACCOUNT_RATIO,1.26,0.557522123894,0.442477876106,OKX_GLOBAL_ACCOUNT_RATIO,,,,,PRICE_UP_OI_DOWN,PRICE_UP_OI_DOWN,PASS,PASS,0.851063168136,1.22330049342,0.411262258779,0.372237325282,-1.51684763364,-2.47893033935,1.67635576129,2.43737558062,0.761904761905,0.761019819329,-2.95741241143,-8.55677799439,1.27149457798,2.59310333369,1.30864985637,1.32160875572,-1.81551669976,-2.51705781722,-0.855892893651,-1.72285508521,-0.905401186388,-0.866962191557,-1.71902434452,0.96755616934,6.99930342674,6.51886096748,-0.407907122686,-0.480442459257,-3.09764295842,-3.22204320977
2026-08-23T22:00:00Z,2026-08-24T00:00:00+02:00,2026-08-24T01:00:00Z,77833.23,77979,77560.02,77598.88,587.36494,45636593.3223,218333,293.55114,22808227.1281,22828366.1942,0.499779353973,-0.301092476825,0.540200995307,2469.96,2474.53,2451.89,2455.05,15176.641,37340963.2126,165216,7511.1318,18481135.6052,18859827.6073,0.494929268429,-0.604055919708,0.923369319178,0.03174,0.03174,0.03162,0.03165,-0.283553875236,0.379506641366,0.0316376988946,3.88811633164,2931579.63,29315.7963,0.395513675643,OKX_CONTRACT_OI_HISTORY,5767148.75,576714.875,0.276224923999,OKX_CONTRACT_OI_HISTORY,1.2,0.545454545455,0.454545454545,OKX_GLOBAL_ACCOUNT_RATIO,1.26,0.557522123894,0.442477876106,OKX_GLOBAL_ACCOUNT_RATIO,,,,,PRICE_DOWN_OI_UP,PRICE_DOWN_OI_UP,PASS,PASS,0.332161136811,0.260140157146,-0.0631512472371,-0.0720209796649,-0.96686616338,-2.40489591835,1.0529057362,1.65207129992,0.667938931298,0.599165563717,-2.7245168741,-8.18222216991,0.780698035891,1.69375683468,0.956937799043,0.913058798784,-1.3591887066,-2.3536120935,-1.09770387868,-2.65039315751,-1.4939309057,-1.55268927883,-0.887415070108,1.47119532455,6.77341226608,6.0762523656,-0.596733668342,-0.697159900472,-2.585812706,-2.60510061817
2026-08-23T23:00:00Z,2026-08-24T01:00:00+02:00,2026-08-24T01:00:00Z,77598.87,77829.7,77290.22,77734,661.20534,51291016.3162,191378,325.11263,25222505.8326,26068510.4836,0.491752896396,0.174126224502,0.697992579139,2455.04,2471.02,2441.78,2463.41,17435.2456,42811437.5677,177794,8687.6517,21341974.3745,21469463.1932,0.49851104254,0.340522596281,1.1974870791,0.03164,0.03176,0.0316,0.03169,0.126382306477,0.506329113924,0.0316902513701,-0.0793209412941,2937719.35,29377.1935,0.209433847103,OKX_CONTRACT_OI_HISTORY,5768655.68,576865.568,0.026129549719,OKX_CONTRACT_OI_HISTORY,1.17,0.539170506912,0.460829493088,OKX_GLOBAL_ACCOUNT_RATIO,1.24,0.553571428571,0.446428571429,OKX_GLOBAL_ACCOUNT_RATIO,,,,,PRICE_UP_OI_UP,PRICE_UP_OI_UP,PASS,PASS,0.501628978664,0.75461357241,0.22137887413,0.252984593747,-0.725985743038,-2.07749269958,0.547114758025,1.22160678479,0.66709021601,0.674492026761,-1.94059050876,-7.10339484795,0.855102949818,1.68455378519,0.859325270528,0.829450835372,-1.21773250839,-2.28010255161,-0.771055897117,-2.10189564042,-1.30800373715,-1.33083974331,-1.29367765894,0.13571551412,6.44825789471,5.87024350831,-0.564794477565,-0.578014386404,-2.25256526349,-2.40008984939
