timestamp_utc,timestamp_copenhagen,source_window_end_utc,btc_open,btc_high,btc_low,btc_close,btc_volume,btc_quote_volume,btc_trade_count,btc_taker_buy_base_volume,btc_taker_buy_quote_volume,btc_taker_sell_quote_volume,btc_taker_buy_quote_share,btc_return_1h_pct,btc_range_1h_pct,eth_open,eth_high,eth_low,eth_close,eth_volume,eth_quote_volume,eth_trade_count,eth_taker_buy_base_volume,eth_taker_buy_quote_volume,eth_taker_sell_quote_volume,eth_taker_buy_quote_share,eth_return_1h_pct,eth_range_1h_pct,ethbtc_open,ethbtc_high,ethbtc_low,ethbtc_close,ethbtc_return_1h_pct,ethbtc_range_1h_pct,derived_ethbtc_close,ethbtc_direct_minus_derived_bps,btc_open_interest,btc_open_interest_value,btc_oi_change_1h_pct,btc_open_interest_source,eth_open_interest,eth_open_interest_value,eth_oi_change_1h_pct,eth_open_interest_source,btc_long_short_ratio,btc_long_account,btc_short_account,btc_long_short_source,eth_long_short_ratio,eth_long_account,eth_short_account,eth_long_short_source,btc_funding_event_rate,btc_funding_source,eth_funding_event_rate,eth_funding_source,btc_price_oi_state,eth_price_oi_state,spot_status,derivatives_status,btc_return_4h_pct,eth_return_4h_pct,ethbtc_return_4h_pct,eth_minus_btc_return_4h_pct,btc_oi_change_4h_pct,eth_oi_change_4h_pct,btc_return_12h_pct,eth_return_12h_pct,ethbtc_return_12h_pct,eth_minus_btc_return_12h_pct,btc_oi_change_12h_pct,eth_oi_change_12h_pct,btc_return_24h_pct,eth_return_24h_pct,ethbtc_return_24h_pct,eth_minus_btc_return_24h_pct,btc_oi_change_24h_pct,eth_oi_change_24h_pct,btc_return_48h_pct,eth_return_48h_pct,ethbtc_return_48h_pct,eth_minus_btc_return_48h_pct,btc_oi_change_48h_pct,eth_oi_change_48h_pct,btc_return_72h_pct,eth_return_72h_pct,ethbtc_return_72h_pct,eth_minus_btc_return_72h_pct,btc_oi_change_72h_pct,eth_oi_change_72h_pct
2026-08-10T00:00:00Z,2026-08-10T02:00:00+02:00,2026-08-10T22:00:00Z,64901.59,65322.58,64826.78,64968.01,556.44925,36189664.8418,129770,279.83057,18201154.9738,17988509.868,0.502937925878,0.102339557475,0.764807383615,1910.65,1928.28,1906.17,1912.78,10209.7156,19550991.1471,143879,5265.4047,10084270.6346,9466720.51246,0.515793320081,0.111480386256,1.15991753097,0.02944,0.02951,0.02941,0.02944,0,0.340020401224,0.0294418745472,-0.636694235614,3168939.44,31689.3944,-1.07281665899,OKX_CONTRACT_OI_HISTORY,6672555.56,667255.556,-0.611250096148,OKX_CONTRACT_OI_HISTORY,1.22,0.54954954955,0.45045045045,OKX_GLOBAL_ACCOUNT_RATIO,1.39,0.581589958159,0.418410041841,OKX_GLOBAL_ACCOUNT_RATIO,9.22148908769e-05,OKX_FUNDING_HISTORY,5.38090424681e-05,OKX_FUNDING_HISTORY,PRICE_UP_OI_DOWN,PRICE_UP_OI_DOWN,PASS,PASS,,,,,,,,,,,,,,,,,,,,,,,,,,,,,,
2026-08-10T01:00:00Z,2026-08-10T03:00:00+02:00,2026-08-10T22:00:00Z,64968.21,65391.14,64900,65189.99,410.26148,26713004.9699,81073,222.23672,14471582.6842,12241422.2857,0.54174297128,0.341675849391,0.756764252696,1912.79,1931.57,1908.01,1925.23,8100.9108,15551463.7583,95443,4441.5913,8525392.32377,7026071.43455,0.548205137231,0.650885099175,1.23479436691,0.02944,0.02956,0.02941,0.02953,0.305706521739,0.510030601836,0.0295326015543,-0.880909293954,3154132.14,31541.3214,-0.467263583933,OKX_CONTRACT_OI_HISTORY,6697303.39,669730.339,0.370889830402,OKX_CONTRACT_OI_HISTORY,1.23,0.551569506726,0.448430493274,OKX_GLOBAL_ACCOUNT_RATIO,1.41,0.585062240664,0.414937759336,OKX_GLOBAL_ACCOUNT_RATIO,,,,,PRICE_UP_OI_DOWN,PRICE_UP_OI_UP,PASS,PASS,,,,,,,,,,,,,,,,,,,,,,,,,,,,,,
2026-08-10T02:00:00Z,2026-08-10T04:00:00+02:00,2026-08-10T22:00:00Z,65190,65220,64903.54,65099.99,432.7132,28159540.6213,68539,235.47054,15321622.3632,12837918.2581,0.54410057924,-0.138058005531,0.487585114772,1925.23,1926.72,1912.86,1923.52,6858.7003,13171977.8964,85397,3044.4848,5845217.60815,7326760.28821,0.44376157128,-0.0888205565049,0.724569492801,0.02952,0.02956,0.02948,0.02954,0.0338638672536,0.271370420624,0.0295471627569,-2.42417754949,3160165.7,31601.657,0.191290654043,OKX_CONTRACT_OI_HISTORY,6672999.04,667299.904,-0.362897551219,OKX_CONTRACT_OI_HISTORY,1.21,0.547511312217,0.452488687783,OKX_GLOBAL_ACCOUNT_RATIO,1.35,0.574468085106,0.425531914894,OKX_GLOBAL_ACCOUNT_RATIO,,,,,PRICE_DOWN_OI_UP,PRICE_DOWN_OI_DOWN,PASS,PASS,,,,,,,,,,,,,,,,,,,,,,,,,,,,,,
2026-08-10T03:00:00Z,2026-08-10T05:00:00+02:00,2026-08-10T22:00:00Z,65099.99,65172,64904.99,64982.01,335.63049,21829164.9416,60159,168.92723,10986377.2026,10842787.739,0.503288936245,-0.181228906487,0.411385935041,1923.51,1924.66,1913.66,1917.44,6345.0528,12178588.4488,70387,2351.1533,4511698.87659,7666889.57223,0.370461560102,-0.316087173515,0.574814752882,0.02956,0.02956,0.02949,0.0295,-0.135409614083,0.237368599525,0.0295072436202,-2.45486169059,3161587.79,31615.8779,0.0450004884237,OKX_CONTRACT_OI_HISTORY,6679122.41,667912.241,0.0917633879953,OKX_CONTRACT_OI_HISTORY,1.23,0.551569506726,0.448430493274,OKX_GLOBAL_ACCOUNT_RATIO,1.35,0.574468085106,0.425531914894,OKX_GLOBAL_ACCOUNT_RATIO,,,,,PRICE_DOWN_OI_UP,PRICE_DOWN_OI_UP,PASS,PASS,,,,,,,,,,,,,,,,,,,,,,,,,,,,,,
2026-08-10T04:00:00Z,2026-08-10T06:00:00+02:00,2026-08-10T22:00:00Z,64982,65100,64924,65006.73,333.49313,21681967.1034,48732,118.83558,7726129.6108,13955837.4926,0.356338960111,0.0380412978915,0.271086193087,1917.44,1921.01,1912.6,1915.79,7866.7888,15086133.6402,66745,3663.3378,7024512.3469,8061621.29332,0.465627079438,-0.0860522363151,0.439715570428,0.02951,0.02953,0.02946,0.02948,-0.0677966101695,0.237610319077,0.0294706409629,3.17571550118,3157647.55,31576.4755,-0.124628517749,OKX_CONTRACT_OI_HISTORY,6655681.15,665568.115,-0.350963173918,OKX_CONTRACT_OI_HISTORY,1.23,0.551569506726,0.448430493274,OKX_GLOBAL_ACCOUNT_RATIO,1.36,0.576271186441,0.423728813559,OKX_GLOBAL_ACCOUNT_RATIO,,,,,PRICE_UP_OI_DOWN,PRICE_DOWN_OI_DOWN,PASS,PASS,0.059598562431,0.15736258221,0.135869565217,0.0977640197792,-0.356330255399,-0.252892761226,,,,,,,,,,,,,,,,,,,,,,,,
2026-08-10T05:00:00Z,2026-08-10T07:00:00+02:00,2026-08-10T22:00:00Z,65006.74,65159.25,64979.88,65134,299.63603,19491225.0615,48950,170.55443,11094413.0069,8396812.05458,0.569200395147,0.195779729268,0.276039290931,1915.79,1925.02,1915.33,1923.17,4320.4089,8295141.38199,56022,2385.0658,4578279.3267,3716862.05528,0.551923001173,0.38521967439,0.505918040233,0.02947,0.02955,0.02947,0.02952,0.135685210312,0.271462504242,0.0295263610403,-2.15435972899,3162475.9,31624.759,0.152909719136,OKX_CONTRACT_OI_HISTORY,6682026.26,668202.626,0.39582890776,OKX_CONTRACT_OI_HISTORY,1.24,0.553571428571,0.446428571429,OKX_GLOBAL_ACCOUNT_RATIO,1.39,0.581589958159,0.418410041841,OKX_GLOBAL_ACCOUNT_RATIO,,,,,PRICE_UP_OI_UP,PRICE_UP_OI_UP,PASS,PASS,-0.0858874192188,-0.107000202573,-0.0338638672536,-0.0211127833544,0.264534256323,-0.228108674647,,,,,,,,,,,,,,,,,,,,,,,,
2026-08-10T06:00:00Z,2026-08-10T08:00:00+02:00,2026-08-10T22:00:00Z,65134,65339.7,65130.01,65299.4,433.93661,28305207.9528,65239,239.6334,15631081.9554,12674125.9974,0.552233425787,0.253938035435,0.321956038392,1923.18,1929.43,1923.01,1928.03,7905.0173,15230178.1042,78197,3721.4493,7170181.88654,8059996.21761,0.47078778971,0.252707768944,0.333851618036,0.02953,0.02958,0.02952,0.02952,0,0.20325203252,0.0295259987075,-2.0316696317,3164864.72,31648.6472,0.0755363859057,OKX_CONTRACT_OI_HISTORY,6682920.67,668292.067,0.0133853110598,OKX_CONTRACT_OI_HISTORY,1.24,0.553571428571,0.446428571429,OKX_GLOBAL_ACCOUNT_RATIO,1.37,0.57805907173,0.42194092827,OKX_GLOBAL_ACCOUNT_RATIO,,,,,PRICE_UP_OI_UP,PRICE_UP_OI_UP,PASS,PASS,0.306313411108,0.234465979038,-0.0677048070413,-0.0718474320696,0.148695367461,0.148683222349,,,,,,,,,,,,,,,,,,,,,,,,
2026-08-10T07:00:00Z,2026-08-10T09:00:00+02:00,2026-08-10T22:00:00Z,65299.4,65379.13,65196.53,65202.73,554.01187,36175979.9423,48555,206.78916,13504151.6854,22671828.2569,0.373290556522,-0.148041176489,0.280076255592,1928.03,1930.84,1924.8,1925.26,5929.0261,11433956.754,42307,2508.2541,4837251.31122,6596705.44282,0.423060137035,-0.143669963642,0.313798836243,0.02953,0.02955,0.0295,0.02952,0,0.169491525424,0.0295272912653,-2.46933089557,3165559.19,31655.5919,0.0219431179983,OKX_CONTRACT_OI_HISTORY,6757316.78,675731.678,1.1132274895,OKX_CONTRACT_OI_HISTORY,1.22,0.54954954955,0.45045045045,OKX_GLOBAL_ACCOUNT_RATIO,1.29,0.563318777293,0.436681222707,OKX_GLOBAL_ACCOUNT_RATIO,,,,,PRICE_DOWN_OI_UP,PRICE_DOWN_OI_UP,PASS,PASS,0.339663239103,0.407835447263,0.0677966101695,0.0681722081604,0.125614098478,1.17072820649,,,,,,,,,,,,,,,,,,,,,,,,
2026-08-10T08:00:00Z,2026-08-10T10:00:00+02:00,2026-08-11T10:00:00Z,65202.72,65328.73,65192,65245.58,316.81156,20673178.3044,34815,173.02133,11289883.7675,9383294.53681,0.546112629675,0.0657334540645,0.20973432323,1925.26,1929.74,1923.21,1926.8,4421.812,8518717.47664,45320,1977.5232,3809466.54105,4709250.93559,0.447187801625,0.0799891962644,0.339536504074,0.02953,0.02954,0.0295,0.02952,-0.0338638672536,0.135593220339,0.0295315023638,-3.89494706249,3185049.44,31850.4944,0.615696906302,OKX_CONTRACT_OI_HISTORY,6737232.08,673723.208,-0.297228924644,OKX_CONTRACT_OI_HISTORY,1.19,0.543378995434,0.456621004566,OKX_GLOBAL_ACCOUNT_RATIO,1.26,0.557522123894,0.442477876106,OKX_GLOBAL_ACCOUNT_RATIO,5.74400912064e-05,OKX_FUNDING_HISTORY,4.28864056466e-05,OKX_FUNDING_HISTORY,UNAVAILABLE,UNAVAILABLE,PASS,PASS,0.367423495998,0.574697644314,0.135685210312,0.207274148316,0.867794444,1.22528300503,,,,,,,,,,,,,,,,,,,,,,,,
2026-08-10T09:00:00Z,2026-08-10T11:00:00+02:00,2026-08-11T10:00:00Z,65245.59,65245.59,64958.87,64967.24,389.34609,25336383.5053,70485,172.25001,11206242.7253,14130140.78,0.44229843312,-0.426603610543,0.441386988413,1926.8,1927.09,1916.21,1916.39,6913.4753,13273651.0292,65793,3813.8975,7322473.72794,5951177.30123,0.551654831956,-0.540274029479,0.567787455446,0.02952,0.02954,0.02947,0.0295,-0.0677506775068,0.237529691211,0.0294977899631,0.749221191927,3186987.37,31869.8737,0.0608445814267,OKX_CONTRACT_OI_HISTORY,6727888.91,672788.891,-0.138679651956,OKX_CONTRACT_OI_HISTORY,1.19,0.543378995434,0.456621004566,OKX_GLOBAL_ACCOUNT_RATIO,1.25,0.555555555556,0.444444444444,OKX_GLOBAL_ACCOUNT_RATIO,,,,,PRICE_DOWN_OI_UP,PRICE_DOWN_OI_DOWN,PASS,PASS,-0.256026038628,-0.352542936922,-0.0677506775068,-0.0965168982938,0.775072151538,0.686358422063,,,,,,,,,,,,,,,,,,,,,,,,
2026-08-10T10:00:00Z,2026-08-10T12:00:00+02:00,2026-08-11T10:00:00Z,64967.25,65074.61,64967.24,65013.06,428.4961,27863777.4078,63916,224.30463,14585471.0028,13278306.405,0.523456342238,0.0705278537306,0.165267910411,1916.38,1920.7,1916.12,1917.75,4895.296,9392693.61075,39696,2951.3715,5662569.06332,3730124.54743,0.602869559893,0.0709667656375,0.239024695739,0.02949,0.02952,0.02948,0.02949,-0.0338983050847,0.135685210312,0.0294979193411,-2.68471177161,3174891.16,31748.9116,-0.37954998234,OKX_CONTRACT_OI_HISTORY,6637859.72,663785.972,-1.33814917583,OKX_CONTRACT_OI_HISTORY,1.21,0.547511312217,0.452488687783,OKX_GLOBAL_ACCOUNT_RATIO,1.31,0.5670995671,0.4329004329,OKX_GLOBAL_ACCOUNT_RATIO,,,,,PRICE_UP_OI_DOWN,PRICE_UP_OI_DOWN,PASS,PASS,-0.43850326343,-0.533186724273,-0.10162601626,-0.0946834608433,0.316804694262,-0.674270311217,,,,,,,,,,,,,,,,,,,,,,,,
2026-08-10T11:00:00Z,2026-08-10T13:00:00+02:00,2026-08-11T10:00:00Z,65013.07,65130.16,64977.93,65125.98,160.3373,10430531.8271,50748,80.53757,5239082.20314,5191449.62399,0.502283324568,0.17368817896,0.234279546917,1917.75,1921.11,1914.68,1920.42,4343.5736,8331980.17416,36487,2084.551,3999065.71699,4332914.45717,0.479965822458,0.139225655065,0.335826352184,0.0295,0.0295,0.02947,0.02949,0,0.101798439091,0.0294877712397,0.755825288217,3180224.91,31802.2491,0.167997885005,OKX_CONTRACT_OI_HISTORY,6636492.54,663649.254,-0.0205966992023,OKX_CONTRACT_OI_HISTORY,1.23,0.551569506726,0.448430493274,OKX_GLOBAL_ACCOUNT_RATIO,1.36,0.576271186441,0.423728813559,OKX_GLOBAL_ACCOUNT_RATIO,,,,,PRICE_UP_OI_UP,PRICE_UP_OI_DOWN,PASS,PASS,-0.11770979528,-0.251394616831,-0.10162601626,-0.133684821551,0.463290026177,-1.78805055222,,,,,,,,,,,,,,,,,,,,,,,,
2026-08-10T12:00:00Z,2026-08-10T14:00:00+02:00,2026-08-11T10:00:00Z,65125.99,65237.8,64850,64870.75,596.12387,38759023.4281,112248,302.29784,19657901.0598,19101122.3684,0.507182568627,-0.391901972147,0.59799537394,1920.42,1923.34,1905,1906,13063.3565,24995621.1067,70375,5001.7656,9574940.21075,15420680.8959,0.383064704409,-0.750877412233,0.962729658793,0.02948,0.0295,0.02937,0.02939,-0.339097999322,0.442628532516,0.0293815009076,2.89266789087,3174418.26,31744.1826,-0.18258614294,OKX_CONTRACT_OI_HISTORY,6650280.18,665028.018,0.207754923507,OKX_CONTRACT_OI_HISTORY,1.24,0.553571428571,0.446428571429,OKX_GLOBAL_ACCOUNT_RATIO,1.38,0.579831932773,0.420168067227,OKX_GLOBAL_ACCOUNT_RATIO,,,,,PRICE_DOWN_OI_DOWN,PRICE_DOWN_OI_UP,PASS,PASS,-0.574491022993,-1.07951006851,-0.440379403794,-0.505019045514,-0.333783829742,-1.29061755581,-0.14970444685,-0.35445790943,-0.169836956522,-0.20475346258,0.172891281255,-0.333835811477,,,,,,,,,,,,,,,,,,
2026-08-10T13:00:00Z,2026-08-10T15:00:00+02:00,2026-08-11T10:00:00Z,64870.74,64973.72,64518.01,64561.98,1297.24239,83998506.2644,183557,667.42962,43214548.671,40783957.5934,0.514468061312,-0.475977231649,0.706329906952,1905.99,1910.46,1894.56,1897.6,20184.687,38396572.1078,138693,8868.5242,16873397.1926,21523174.9152,0.439450614113,-0.440713536201,0.8392449962,0.02938,0.02944,0.02936,0.0294,0.0340251786322,0.272479564033,0.0293919114624,2.75196037099,3160127.52,31601.2752,-0.450184532394,OKX_CONTRACT_OI_HISTORY,6856211.98,685621.198,3.09658833051,OKX_CONTRACT_OI_HISTORY,1.25,0.555555555556,0.444444444444,OKX_GLOBAL_ACCOUNT_RATIO,1.43,0.588477366255,0.411522633745,OKX_GLOBAL_ACCOUNT_RATIO,,,,,PRICE_DOWN_OI_DOWN,PRICE_DOWN_OI_UP,PASS,PASS,-0.623791313899,-0.980489357594,-0.338983050847,-0.356698043695,-0.842797503775,1.90733039318,-0.963353422818,-1.43515320247,-0.440230274297,-0.471799779656,0.190080178442,2.37272497222,,,,,,,,,,,,,,,,,,
2026-08-10T14:00:00Z,2026-08-10T16:00:00+02:00,2026-08-11T10:00:00Z,64561.98,64888.32,64544.01,64625.77,650.29814,42085948.4006,135771,399.38475,25845200.3698,16240748.0308,0.614105214495,0.0988042807857,0.53344996693,1897.61,1902.84,1891.6,1893.59,10048.2437,19073414.0717,87883,5245.4094,9958709.41913,9114704.65252,0.522125162371,-0.211319561551,0.594205963206,0.02939,0.0294,0.02927,0.0293,-0.340136054422,0.444140758456,0.0293008501098,-0.290131443449,3256499.9,32564.999,3.04963579444,OKX_CONTRACT_OI_HISTORY,7169247.85,716924.785,4.56572624815,OKX_CONTRACT_OI_HISTORY,1.29,0.563318777293,0.436681222707,OKX_GLOBAL_ACCOUNT_RATIO,1.53,0.604743083004,0.395256916996,OKX_GLOBAL_ACCOUNT_RATIO,,,,,PRICE_UP_OI_UP,PRICE_DOWN_OI_UP,PASS,PASS,-0.595711077128,-1.25980967279,-0.644286198711,-0.664098595665,2.57044213131,8.00541367873,-0.728448652603,-1.55600149726,-0.812457684496,-0.827552844652,3.04839078533,7.43666838591,,,,,,,,,,,,,,,,,,
2026-08-10T15:00:00Z,2026-08-10T17:00:00+02:00,2026-08-11T10:00:00Z,64625.77,64711.43,64203.15,64299.99,1096.33991,70605154.1631,165488,505.99853,32581408.1424,38023746.0207,0.461459344273,-0.504102310889,0.791674551794,1893.58,1893.58,1871.37,1877,29430.8117,55339549.5135,224835,11199.978,21056021.8344,34283527.6792,0.380487770852,-0.876113625442,1.18683103822,0.02929,0.02929,0.02905,0.0292,-0.341296928328,0.826161790017,0.0291912953641,2.98192860948,3243828.05,32438.2805,-0.389124839218,OKX_CONTRACT_OI_HISTORY,7278196.59,727819.659,1.51966764547,OKX_CONTRACT_OI_HISTORY,1.25,0.555555555556,0.444444444444,OKX_GLOBAL_ACCOUNT_RATIO,1.6,0.615384615385,0.384615384615,OKX_GLOBAL_ACCOUNT_RATIO,,,,,PRICE_DOWN_OI_DOWN,PRICE_DOWN_OI_UP,PASS,PASS,-1.26829569398,-2.26096374751,-0.983384198033,-0.992668053537,1.99995729233,9.66932526681,-1.04955202217,-2.10906208278,-1.01694915254,-1.05951006061,2.60123284446,8.96935470299,,,,,,,,,,,,,,,,,,
2026-08-10T16:00:00Z,2026-08-10T18:00:00+02:00,2026-08-11T10:00:00Z,64299.99,64354,63830.57,63904.65,1498.06925,95990024.2983,198980,619.85613,39718284.0756,56271740.2228,0.413775122633,-0.614836798575,0.820030277029,1876.99,1878.71,1867.96,1872.36,17767.9519,33304707.6291,128775,6738.1141,12631147.3227,20673560.3064,0.379260117318,-0.247202983484,0.57549412193,0.0292,0.02931,0.02919,0.02929,0.308219178082,0.411099691675,0.0292992763437,-3.16606582068,3207355.6,32073.556,-1.12436446809,OKX_CONTRACT_OI_HISTORY,7283323.74,728332.374,0.0704453354151,OKX_CONTRACT_OI_HISTORY,1.35,0.574468085106,0.425531914894,OKX_GLOBAL_ACCOUNT_RATIO,1.78,0.640287769784,0.359712230216,OKX_GLOBAL_ACCOUNT_RATIO,9.6723689051e-05,OKX_FUNDING_HISTORY,0.0001,OKX_FUNDING_HISTORY,PRICE_DOWN_OI_DOWN,PRICE_DOWN_OI_UP,PASS,PASS,-1.48926904653,-1.76495278069,-0.340251786322,-0.275683734165,1.03758664745,9.51905097027,-1.69533216022,-2.26694992666,-0.644504748982,-0.571617766438,1.57421147271,9.4301781569,,,,,,,,,,,,,,,,,,
2026-08-10T17:00:00Z,2026-08-10T19:00:00+02:00,2026-08-11T10:00:00Z,63904.65,64027.12,63832,63953.04,1290.55418,82512322.1298,126308,715.24482,45733155.8587,36779166.2711,0.554258499558,0.0757221892304,0.305677403183,1872.38,1877.39,1868.71,1873.7,8222.6701,15409542.8895,69814,3807.0085,7134425.53669,8275117.35279,0.462987486901,0.0715674336132,0.464491547645,0.02929,0.02934,0.02927,0.0293,0.034141345169,0.239152716092,0.0292980599515,0.662176442332,3205059.37,32050.5937,-0.0715926229071,OKX_CONTRACT_OI_HISTORY,7426328.46,742632.846,1.96345411937,OKX_CONTRACT_OI_HISTORY,1.45,0.591836734694,0.408163265306,OKX_GLOBAL_ACCOUNT_RATIO,1.83,0.646643109541,0.353356890459,OKX_GLOBAL_ACCOUNT_RATIO,,,,,PRICE_UP_OI_DOWN,PRICE_UP_OI_UP,PASS,PASS,-0.943186686654,-1.2594856661,-0.340136054422,-0.316298979451,1.42183660994,8.31532749663,-1.81312371419,-2.57231549993,-0.745257452575,-0.759191785741,1.34652314663,11.1388697236,,,,,,,,,,,,,,,,,,
2026-08-10T18:00:00Z,2026-08-10T20:00:00+02:00,2026-08-11T10:00:00Z,63953.04,64020.64,63806.27,63889.39,944.06538,60337032.5968,104506,522.03813,33365337.608,26971694.9888,0.552982739986,-0.0995261523143,0.335970117043,1873.7,1875.24,1868,1872.95,8602.6495,16105657.146,65263,3591.9649,6725629.45482,9380027.69122,0.417594227533,-0.0400277525751,0.387580299786,0.0293,0.02932,0.02926,0.02931,0.0341296928328,0.205058099795,0.0293155091949,-1.87927654235,3220381.46,32203.8146,0.478059475073,OKX_CONTRACT_OI_HISTORY,7482174.65,748217.465,0.752002692862,OKX_CONTRACT_OI_HISTORY,1.51,0.601593625498,0.398406374502,OKX_GLOBAL_ACCOUNT_RATIO,1.9,0.655172413793,0.344827586207,OKX_GLOBAL_ACCOUNT_RATIO,,,,,PRICE_DOWN_OI_UP,PRICE_DOWN_OI_UP,PASS,PASS,-1.13945257441,-1.08999308192,0.0341296928328,0.0494594924905,-1.10911841269,4.36484839899,-2.15930008545,-2.85680202072,-0.711382113821,-0.697501935263,1.75415838943,11.9596508692,,,,,,,,,,,,,,,,,,
2026-08-10T19:00:00Z,2026-08-10T21:00:00+02:00,2026-08-11T10:00:00Z,63889.39,64101.34,63888.01,64045.7,543.26284,34760142.61,73324,361.31968,23118248.9617,11641893.6483,0.665079232301,0.244657211471,0.33391241956,1872.95,1880.47,1871.86,1878.51,6928.2103,13002098.429,64294,3290.9388,6177855.05206,6824243.37696,0.475142922951,0.296857897968,0.459970296924,0.02931,0.02937,0.02931,0.02932,0.0341180484476,0.204708290686,0.0293307747437,-3.673528488,3219180.44,32191.8044,-0.0372943396587,OKX_CONTRACT_OI_HISTORY,7530658.67,753065.867,0.647993695255,OKX_CONTRACT_OI_HISTORY,1.54,0.606299212598,0.393700787402,OKX_GLOBAL_ACCOUNT_RATIO,1.92,0.657534246575,0.342465753425,OKX_GLOBAL_ACCOUNT_RATIO,,,,,PRICE_UP_OI_DOWN,PRICE_UP_OI_UP,PASS,PASS,-0.39547440054,0.0804475226425,0.41095890411,0.475921923183,-0.759830965763,3.4687449958,-1.7745115887,-2.42824345803,-0.677506775068,-0.653731869325,1.6938950366,11.4445114115,,,,,,,,,,,,,,,,,,
2026-08-10T20:00:00Z,2026-08-10T22:00:00+02:00,2026-08-11T22:00:00Z,64045.7,64215.21,64023.06,64158.5,286.34235,18357151.8576,59715,177.64217,11387706.4732,6969445.38439,0.620341682715,0.176124236288,0.300126235766,1878.52,1881.31,1877.74,1879.73,3650.5749,6859986.44394,42502,1641.4229,3084444.49711,3775541.94683,0.449628366224,0.0644124097694,0.190122168138,0.02933,0.02934,0.02929,0.02931,-0.0681895669962,0.170706725845,0.0292982223712,4.01991243423,3189503.7,31895.037,-0.921872524797,OKX_CONTRACT_OI_HISTORY,7512922.61,751292.261,-0.235518044001,OKX_CONTRACT_OI_HISTORY,1.57,0.610894941634,0.389105058366,OKX_GLOBAL_ACCOUNT_RATIO,1.95,0.661016949153,0.338983050847,OKX_GLOBAL_ACCOUNT_RATIO,,,,,UNAVAILABLE,UNAVAILABLE,PASS,PASS,0.397232439267,0.393620884873,0.068282690338,-0.00361155439434,-0.556592477616,3.15239138333,-1.66613585165,-2.44291052522,-0.711382113821,-0.776774673569,0.139849006551,11.5134898247,,,,,,,,,,,,,,,,,,
2026-08-10T21:00:00Z,2026-08-10T23:00:00+02:00,2026-08-11T22:00:00Z,64158.49,64158.5,63987,63987,239.68387,15356579.6875,46322,112.21756,7189394.62121,8167185.06625,0.468163794773,-0.267306748132,0.268023192211,1879.72,1879.72,1873.54,1874.45,4144.1711,7774882.05677,56620,1612.9117,3026116.21225,4748765.84452,0.389216992638,-0.280891404617,0.329856848533,0.0293,0.0293,0.02925,0.0293,-0.0341180484476,0.17094017094,0.0292942316408,1.96911093921,3181654.06,31816.5406,-0.246108508982,OKX_CONTRACT_OI_HISTORY,7472725.27,747272.527,-0.535042647005,OKX_CONTRACT_OI_HISTORY,1.59,0.6138996139,0.3861003861,OKX_GLOBAL_ACCOUNT_RATIO,1.98,0.664429530201,0.335570469799,OKX_GLOBAL_ACCOUNT_RATIO,,,,,PRICE_DOWN_OI_DOWN,PRICE_DOWN_OI_DOWN,PASS,PASS,0.0531014631986,0.0400277525751,0,-0.0130737106235,-0.730261355502,0.624761081467,-1.50882198474,-2.18848981679,-0.677966101695,-0.679667832049,-0.16734644292,11.0708778038,,,,,,,,,,,,,,,,,,
2026-08-10T22:00:00Z,2026-08-11T00:00:00+02:00,2026-08-11T22:00:00Z,63987,64055.95,63944,64016,216.96727,13885009.3883,39224,102.16728,6537919.76994,7347089.61838,0.470861746442,0.0453217059715,0.175075065682,1874.45,1878.13,1872.13,1876.14,4964.4198,9308015.36719,54821,1861.0883,3489256.14378,5818759.22341,0.374865748082,0.0901597802022,0.320490564224,0.0293,0.02932,0.02928,0.02931,0.0341296928328,0.136612021858,0.0293073606598,0.90057245195,3197683.44,31976.8344,0.503806501201,OKX_CONTRACT_OI_HISTORY,7459679.22,745967.922,-0.174582224404,OKX_CONTRACT_OI_HISTORY,1.59,0.6138996139,0.3861003861,OKX_GLOBAL_ACCOUNT_RATIO,1.98,0.664429530201,0.335570469799,OKX_GLOBAL_ACCOUNT_RATIO,,,,,PRICE_UP_OI_UP,PRICE_UP_OI_DOWN,PASS,PASS,0.198170619566,0.170319549374,0,-0.0278510701921,-0.704823955855,-0.300653634168,-1.53363031982,-2.16973015252,-0.610376398779,-0.636099832707,0.717891696168,12.3807904154,,,,,,,,,,,,,,,,,,
2026-08-10T23:00:00Z,2026-08-11T01:00:00+02:00,2026-08-11T22:00:00Z,64015.99,64020,63920.69,63970.01,328.33621,21006038.3494,37923,168.63999,10789045.9304,10216992.419,0.513616406432,-0.0718414146463,0.155364405484,1876.15,1876.15,1870.12,1873.16,4691.4981,8789098.62018,37039,1800.8222,3373061.9703,5416036.64988,0.383777918085,-0.158836760583,0.322439201762,0.02931,0.02931,0.02925,0.02928,-0.102354145343,0.205128205128,0.0292818462902,-0.630523820709,3199782.03,31997.8203,0.0656284475739,OKX_CONTRACT_OI_HISTORY,7458221.59,745822.159,-0.0195401163644,OKX_CONTRACT_OI_HISTORY,1.61,0.616858237548,0.383141762452,OKX_GLOBAL_ACCOUNT_RATIO,1.99,0.665551839465,0.334448160535,OKX_GLOBAL_ACCOUNT_RATIO,,,,,PRICE_DOWN_OI_UP,PRICE_DOWN_OI_DOWN,PASS,PASS,-0.118181236211,-0.284800187383,-0.136425648022,-0.166618951172,-0.602588465032,-0.961895674393,-1.77497520959,-2.46092000708,-0.712105798576,-0.685944797496,0.614960279649,12.3819780561,,,,,,,,,,,,,,,,,,
2026-08-11T00:00:00Z,2026-08-11T02:00:00+02:00,2026-08-11T22:00:00Z,63970.01,64058,63895.64,64040,690.26826,44159327.8469,66218,359.47253,22996519.2199,21162808.627,0.520762437772,0.109410644144,0.254101844821,1873.16,1876.04,1871,1875.32,5360.8121,10042400.6449,41402,2211.2203,4142033.73129,5900366.91364,0.412454539282,0.115313160648,0.269374665954,0.02927,0.02931,0.02927,0.02929,0.0341530054645,0.136658694909,0.029283572767,2.19482541646,3199254.39,31992.5439,-0.016489873218,OKX_CONTRACT_OI_HISTORY,7389216.55,738921.655,-0.925221102207,OKX_CONTRACT_OI_HISTORY,1.62,0.618320610687,0.381679389313,OKX_GLOBAL_ACCOUNT_RATIO,2.01,0.667774086379,0.332225913621,OKX_GLOBAL_ACCOUNT_RATIO,0.0001,OKX_FUNDING_HISTORY,9.29685260374e-05,OKX_FUNDING_HISTORY,PRICE_UP_OI_DOWN,PRICE_UP_OI_DOWN,PASS,PASS,-0.184698831799,-0.23460816181,-0.0682360968953,-0.0499093300111,0.30571182595,-1.64657705691,-1.28062339344,-1.60965372508,-0.340251786322,-0.329030331639,0.782383667362,11.1113569654,-1.42841069012,-1.95840608957,-0.509510869565,-0.529995399443,0.956627621764,10.7404274652,,,,,,,,,,,,
2026-08-11T01:00:00Z,2026-08-11T03:00:00+02:00,2026-08-11T22:00:00Z,64040.01,64080.1,63958.2,64060.8,355.07512,22740099.0833,49705,193.08035,12365614.3466,10374484.7367,0.54378014367,0.0324797001874,0.190593231204,1875.31,1878.6,1873.49,1878.14,4604.8217,8641130.58307,51159,2341.5823,4394166.17057,4246964.4125,0.508517505704,0.150374336113,0.272752990408,0.02929,0.02932,0.02928,0.02932,0.102424035507,0.136612021858,0.0293180853189,0.653071655998,3233831.66,32338.3166,1.0807915153,OKX_CONTRACT_OI_HISTORY,7458353.87,745835.387,0.935651561058,OKX_CONTRACT_OI_HISTORY,1.59,0.6138996139,0.3861003861,OKX_GLOBAL_ACCOUNT_RATIO,2.03,0.6699669967,0.3300330033,OKX_GLOBAL_ACCOUNT_RATIO,,,,,PRICE_UP_OI_UP,PRICE_UP_OI_UP,PASS,PASS,0.11533592761,0.196857744939,0.0682593856655,0.0815218173282,1.63995201917,-0.192318056408,-0.77627730748,-1.02550590219,-0.272108843537,-0.249228594712,2.33231537441,8.78242813607,-1.73215243629,-2.44594152387,-0.711141212326,-0.713789087583,2.52682882208,11.3635359738,,,,,,,,,,,,
2026-08-11T02:00:00Z,2026-08-11T04:00:00+02:00,2026-08-11T22:00:00Z,64060.8,64086,64030,64044.59,263.24469,16861693.4286,26971,79.1078,5066945.44544,11794747.9831,0.30050038965,-0.0253040861182,0.0874590035921,1878.13,1881.78,1877.36,1878.6,5445.0466,10230190.0246,24182,3411.6143,6410476.39578,3819713.62885,0.626623394125,0.0244923168667,0.235436996634,0.02932,0.02934,0.02931,0.02933,0.0341064120055,0.102354145343,0.029332688366,-0.916508570212,3246010.33,32460.1033,0.376601854408,OKX_CONTRACT_OI_HISTORY,7523162.32,752316.232,0.868937719095,OKX_CONTRACT_OI_HISTORY,1.61,0.616858237548,0.383141762452,OKX_GLOBAL_ACCOUNT_RATIO,2.05,0.672131147541,0.327868852459,OKX_GLOBAL_ACCOUNT_RATIO,,,,,PRICE_DOWN_OI_UP,PRICE_UP_OI_UP,PASS,PASS,0.0446607098225,0.13112027887,0.0682360968953,0.0864595690479,1.51130938715,0.85101648647,-0.89930069692,-0.791618037696,0.102389078498,0.107682659225,-0.322111786338,4.93656346391,-1.62119840571,-2.33530194643,-0.710900473934,-0.714103540718,2.71645977298,12.7403477043,,,,,,,,,,,,
2026-08-11T03:00:00Z,2026-08-11T05:00:00+02:00,2026-08-11T22:00:00Z,64044.6,64176,64044.59,64155.01,524.13513,33614761.3031,34345,297.82223,19099848.0908,14514913.2123,0.568198236442,0.172411127934,0.205185168646,1878.61,1881.78,1878.6,1881.03,3766.3888,7082644.73182,19079,1945.1015,3657704.23344,3424940.49838,0.516431978722,0.129351644842,0.169274992015,0.02934,0.02934,0.02931,0.02932,-0.0340947834981,0.102354145343,0.029320079601,-0.0271489556258,3250868.65,32508.6865,0.149670503359,OKX_CONTRACT_OI_HISTORY,7493113.43,749311.343,-0.399418339282,OKX_CONTRACT_OI_HISTORY,1.63,0.619771863118,0.380228136882,OKX_GLOBAL_ACCOUNT_RATIO,2.05,0.672131147541,0.327868852459,OKX_GLOBAL_ACCOUNT_RATIO,,,,,PRICE_UP_OI_UP,PRICE_UP_OI_DOWN,PASS,PASS,0.289198016383,0.420145636251,0.136612021858,0.130947619868,1.59656562607,0.467830562272,-0.225474374102,0.214704315397,0.41095890411,0.440178689499,0.217046029921,2.9528858879,-1.27265992542,-1.89888601469,-0.610169491525,-0.62622608927,2.823924747,12.1870954002,,,,,,,,,,,,
2026-08-11T04:00:00Z,2026-08-11T06:00:00+02:00,2026-08-11T22:00:00Z,64155,64159.65,64021.02,64023.51,360.17249,23085546.1352,21216,89.55109,5740543.15009,17345002.9851,0.248663952608,-0.204972300682,0.216538255717,1881.02,1882.18,1876.22,1876.25,3740.0049,7028080.20442,14711,1392.2145,2616004.73903,4412075.46539,0.372221810642,-0.254116095969,0.317659975909,0.02933,0.02933,0.02929,0.02931,-0.0341064120055,0.136565380676,0.0293056410059,1.48742491672,3255933.42,32559.3342,0.155797435864,OKX_CONTRACT_OI_HISTORY,7497282.98,749728.298,0.0556450938445,OKX_CONTRACT_OI_HISTORY,1.63,0.619771863118,0.380228136882,OKX_GLOBAL_ACCOUNT_RATIO,2.05,0.672131147541,0.327868852459,OKX_GLOBAL_ACCOUNT_RATIO,,,,,PRICE_DOWN_OI_UP,PRICE_DOWN_OI_UP,PASS,PASS,-0.0257495315428,0.0495915363778,0.068282690338,0.0753410679206,1.7716324834,1.46248833376,0.185995854762,0.207759191608,0.068282690338,0.0217633368467,1.51457543404,2.93765933848,-1.512489553,-2.0639005319,-0.576662143826,-0.551410978891,3.112629527,12.6448640046,,,,,,,,,,,,
2026-08-11T05:00:00Z,2026-08-11T07:00:00+02:00,2026-08-11T22:00:00Z,64023.51,64051.93,63964,64000,217.31247,13910900.7293,31560,86.31271,5525297.19258,8385603.53676,0.397191907274,-0.0367208858121,0.137467950722,1876.25,1876.81,1872.19,1874.03,5181.4013,9715431.40773,23652,1718.9058,3223293.58599,6492137.82174,0.33177050516,-0.118321119254,0.246769825712,0.02931,0.02931,0.02927,0.02929,-0.0682360968953,0.136658694909,0.02928171875,2.82812975246,3254708.94,32547.0894,-0.0376076486233,OKX_CONTRACT_OI_HISTORY,7450699.33,745069.933,-0.621340425915,OKX_CONTRACT_OI_HISTORY,1.62,0.618320610687,0.381679389313,OKX_GLOBAL_ACCOUNT_RATIO,2,0.666666666667,0.333333333333,OKX_GLOBAL_ACCOUNT_RATIO,,,,,PRICE_DOWN_OI_DOWN,PRICE_DOWN_OI_DOWN,PASS,PASS,-0.0949098356561,-0.218833526787,-0.102319236016,-0.123923691131,0.645589572835,-0.102630421316,0.0734288784396,0.0176122111331,-0.0341296928328,-0.0558166673065,1.54909985334,0.328168490409,-1.74102619216,-2.55515633043,-0.779132791328,-0.814130138276,2.91648198805,11.5035924747,,,,,,,,,,,,
2026-08-11T06:00:00Z,2026-08-11T08:00:00+02:00,2026-08-11T22:00:00Z,64000,64050.43,63852,63969.28,681.87714,43597802.0558,51622,311.97687,19947946.7647,23649855.2911,0.457544780334,-0.048,0.310765520266,1874.03,1875.02,1870.86,1874.24,9415.5466,17634100.9279,49195,3327.4079,6231872.30305,11402228.6249,0.353398924534,0.0112057971324,0.222357632319,0.02928,0.02931,0.02926,0.0293,0.034141345169,0.170881749829,0.0292990635505,0.319617551647,3252915.36,32529.1536,-0.0551072318006,OKX_CONTRACT_OI_HISTORY,7422896.85,742289.685,-0.373152623245,OKX_CONTRACT_OI_HISTORY,1.62,0.618320610687,0.381679389313,OKX_GLOBAL_ACCOUNT_RATIO,2.01,0.667774086379,0.332225913621,OKX_GLOBAL_ACCOUNT_RATIO,,,,,PRICE_DOWN_OI_DOWN,PRICE_UP_OI_DOWN,PASS,PASS,-0.117589947878,-0.232087724902,-0.102284350494,-0.114497777023,0.212723599065,-1.33275696755,0.12504423661,0.0688753036653,-0.0341180484476,-0.0561689329442,1.01024988512,-0.792253626424,-2.03695592915,-2.78989434812,-0.745257452575,-0.752938418966,2.78212965766,11.0726464751,,,,,,,,,,,,
2026-08-11T07:00:00Z,2026-08-11T09:00:00+02:00,2026-08-11T22:00:00Z,63969.29,64108,63911.09,64065.99,380.83043,24377640.894,55232,232.51542,14884801.9692,9492838.92478,0.61059238808,0.151181942332,0.308099893148,1874.25,1879.34,1870.29,1877.95,10253.5598,19235015.7968,56073,5211.2966,9776963.80695,9458051.98986,0.508289876662,0.197946901144,0.4838821787,0.02931,0.02932,0.02927,0.02931,0.0341296928328,0.170823368637,0.0293127445623,-0.93630341596,3261341.9,32613.419,0.259045781013,OKX_CONTRACT_OI_HISTORY,7481406.3,748140.63,0.788229328554,OKX_CONTRACT_OI_HISTORY,1.62,0.618320610687,0.381679389313,OKX_GLOBAL_ACCOUNT_RATIO,2.02,0.668874172185,0.331125827815,OKX_GLOBAL_ACCOUNT_RATIO,,,,,PRICE_UP_OI_UP,PRICE_UP_OI_UP,PASS,PASS,-0.138757674576,-0.163740078574,-0.0341064120055,-0.024982403998,0.322167738152,-0.15623852634,0.0316805031407,-0.0298108607354,-0.0341064120055,-0.0614913638761,1.30969545777,-0.654024729553,-1.74339325976,-2.45733043849,-0.711382113821,-0.713937178725,3.02577536072,10.7156367472,,,,,,,,,,,,
2026-08-11T08:00:00Z,2026-08-11T10:00:00+02:00,2026-08-12T10:00:00Z,64066,64148.78,64044.72,64136.41,168.66039,10809046.463,27701,81.37712,5215453.81439,5593592.64859,0.482508224222,0.109902288265,0.162480216948,1877.95,1880.39,1875.75,1879.21,8442.7399,15853015.7907,34335,2990.8549,5615407.72016,10237608.0705,0.354217001629,0.0670944380841,0.247367719579,0.02931,0.02932,0.02928,0.0293,-0.0341180484476,0.136612021858,0.0293002056086,-0.070173104656,3259020.24,32590.2024,-0.0711872619059,OKX_CONTRACT_OI_HISTORY,7504666.57,750466.657,0.310907723325,OKX_CONTRACT_OI_HISTORY,1.63,0.619771863118,0.380228136882,OKX_GLOBAL_ACCOUNT_RATIO,2.01,0.667774086379,0.332225913621,OKX_GLOBAL_ACCOUNT_RATIO,0.0001,OKX_FUNDING_HISTORY,6.29568308174e-05,OKX_FUNDING_HISTORY,UNAVAILABLE,UNAVAILABLE,PASS,PASS,0.176341472062,0.157761492338,-0.0341180484476,-0.0185799797239,0.0948059926852,0.0984835442346,-0.0344303560713,-0.0276635474244,-0.0341180484476,0.00676680864693,2.17954097373,-0.109891189203,-1.69999255122,-2.46989827694,-0.745257452575,-0.769905725716,2.32243804668,11.3909463247,,,,,,,,,,,,
2026-08-11T09:00:00Z,2026-08-11T11:00:00+02:00,2026-08-12T10:00:00Z,64136.41,64300,64121.51,64300,453.24003,29097744.7907,45575,238.63816,15324243.7697,13773501.021,0.526647129526,0.255065726317,0.278362128403,1879.2,1885.41,1877.32,1885.41,8242.4218,15495374.3522,43078,3687.8678,6934930.15087,8560444.20132,0.447548409819,0.329925873106,0.430933458334,0.0293,0.02932,0.02926,0.02931,0.0341296928328,0.205058099795,0.0293220839813,-4.12111954429,3259956.24,32599.5624,0.0287202880335,OKX_CONTRACT_OI_HISTORY,7501749.66,750174.966,-0.0388679493325,OKX_CONTRACT_OI_HISTORY,1.62,0.618320610687,0.381679389313,OKX_GLOBAL_ACCOUNT_RATIO,2,0.666666666667,0.333333333333,OKX_GLOBAL_ACCOUNT_RATIO,,,,,PRICE_UP_OI_UP,PRICE_UP_OI_DOWN,PASS,PASS,0.46875,0.607247482698,0.068282690338,0.138497482698,0.16122178962,0.685175011619,0.489161861003,0.584704846755,0.0341296928328,0.0955429857521,2.46105260105,0.388404349836,-1.02704070544,-1.61658117607,-0.64406779661,-0.589540470627,2.28958767414,11.5022819246,,,,,,,,,,,,
2026-08-11T10:00:00Z,2026-08-11T12:00:00+02:00,2026-08-12T10:00:00Z,64300,64312.7,64200,64233.23,408.12036,26227878.0698,50713,178.26497,11456347.0578,14771531.012,0.436800378106,-0.103841368585,0.17554517134,1885.41,1889,1882.66,1886.16,7409.168,13974141.4898,62714,3926.1226,7405006.54096,6569134.94881,0.529907797654,0.0397791461804,0.336757566422,0.02932,0.02938,0.02932,0.02936,0.170590242238,0.204638472033,0.029364240285,-1.44403019892,3253703.93,32537.0393,-0.19179122478,OKX_CONTRACT_OI_HISTORY,7394942.36,739494.236,-1.423765186,OKX_CONTRACT_OI_HISTORY,1.62,0.618320610687,0.381679389313,OKX_GLOBAL_ACCOUNT_RATIO,1.98,0.664429530201,0.335570469799,OKX_GLOBAL_ACCOUNT_RATIO,,,,,PRICE_DOWN_OI_DOWN,PRICE_UP_OI_DOWN,PASS,PASS,0.412619932568,0.635991121735,0.204778156997,0.223371189167,0.0242419464612,-0.37659812018,0.33933704074,0.534075282228,0.170590242238,0.194738241489,1.75190856291,-0.867823643494,-1.19949745482,-1.64724286273,-0.440827399118,-0.447745407911,2.48237706517,11.4055233454,,,,,,,,,,,,
2026-08-11T11:00:00Z,2026-08-11T13:00:00+02:00,2026-08-12T10:00:00Z,64233.23,64400,64233.23,64389.57,538.09782,34623260.6169,44297,297.30225,19126758.2695,15496502.3474,0.552425101758,0.243394268045,0.259631969309,1886.17,1895.6,1886.17,1892.97,9187.1645,17383756.0071,61501,5230.8166,9895216.30164,7488539.70544,0.569221996536,0.361051024303,0.499954935133,0.02936,0.02944,0.02935,0.02941,0.17029972752,0.3066439523,0.0293987054115,3.84186595667,3247291.79,32472.9179,-0.197072018166,OKX_CONTRACT_OI_HISTORY,7333244.17,733324.417,-0.834329559264,OKX_CONTRACT_OI_HISTORY,1.68,0.626865671642,0.373134328358,OKX_GLOBAL_ACCOUNT_RATIO,1.92,0.657534246575,0.342465753425,OKX_GLOBAL_ACCOUNT_RATIO,,,,,PRICE_UP_OI_DOWN,PRICE_UP_OI_DOWN,PASS,PASS,0.505072972415,0.799808301605,0.341180484476,0.294735329191,-0.430807637801,-1.98040480705,0.655869836506,1.05757116317,0.443989071038,0.401701326662,1.4847811368,-1.67570001095,-1.13074690009,-1.42937482426,-0.271278399457,-0.298627924172,2.10887223068,10.4987932375,,,,,,,,,,,,
2026-08-11T12:00:00Z,2026-08-11T14:00:00+02:00,2026-08-12T10:00:00Z,64389.58,64515.43,64274.57,64330.01,714.43565,45994218.38,69245,371.25992,23908961.902,22085256.478,0.519825376843,-0.0924994529393,0.374736073691,1892.96,1897.8,1887.34,1888,10397.1725,19673979.9259,69253,5454.5553,10322825.0979,9351154.82798,0.5246942986,-0.262550383788,0.554219165598,0.02941,0.02943,0.02934,0.02935,-0.204012240734,0.306748466258,0.0293486663534,0.454414724578,3234815.72,32348.1572,-0.384199228367,OKX_CONTRACT_OI_HISTORY,7221244.34,722124.434,-1.52728897884,OKX_CONTRACT_OI_HISTORY,1.67,0.625468164794,0.374531835206,OKX_GLOBAL_ACCOUNT_RATIO,1.85,0.649122807018,0.350877192982,OKX_GLOBAL_ACCOUNT_RATIO,,,,,PRICE_DOWN_OI_DOWN,PRICE_DOWN_OI_DOWN,PASS,PASS,0.301856620912,0.467749745904,0.170648464164,0.165893124992,-0.742693147558,-3.77661322267,0.452857589007,0.676151270183,0.204848071014,0.223293681176,1.11155055725,-2.27320729963,-0.833565204657,-0.944386149003,-0.136100714529,-0.110820944346,1.90263081463,8.58556548816,,,,,,,,,,,,
2026-08-11T13:00:00Z,2026-08-11T15:00:00+02:00,2026-08-12T10:00:00Z,64330,64368.42,64050,64200.28,1390.7479,89249795.6835,163982,494.89931,31761308.0957,57488487.5878,0.35586981295,-0.201663267268,0.497142857143,1888,1892.69,1883.63,1890.03,9070.3061,17129362.5525,101714,4424.5009,8356248.30041,8773114.25206,0.487831831151,0.107521186441,0.480986180938,0.02934,0.02948,0.02934,0.02946,0.374787052811,0.477164280845,0.0294395912292,6.93242329487,3209356.14,32093.5614,-0.787048852353,OKX_CONTRACT_OI_HISTORY,7118249.44,711824.944,-1.42627634727,OKX_CONTRACT_OI_HISTORY,1.59,0.6138996139,0.3861003861,OKX_GLOBAL_ACCOUNT_RATIO,1.77,0.638989169675,0.361010830325,OKX_GLOBAL_ACCOUNT_RATIO,,,,,PRICE_DOWN_OI_DOWN,PRICE_UP_OI_DOWN,PASS,PASS,-0.155085536547,0.245039540471,0.511770726714,0.400125077019,-1.55217114203,-5.1121436649,0.217730655877,0.633073146837,0.477489768076,0.41534249096,-0.756858197127,-4.56004684047,-0.560236845276,-0.398924957841,0.204081632653,0.161311887435,1.55780485719,3.82189845886,,,,,,,,,,,,
2026-08-11T14:00:00Z,2026-08-11T16:00:00+02:00,2026-08-12T10:00:00Z,64200.29,64263.83,63714.75,63770.03,985.02313,62994751.7908,176212,425.23397,27200058.4889,35794693.3019,0.431782929778,-0.670168416711,0.861778473587,1890.02,1891.61,1870.33,1873.69,14477.2528,27191075.3667,137628,5618.3674,10552147.281,16638928.0857,0.388073922738,-0.864536541748,1.137767132,0.02944,0.02944,0.02932,0.02936,-0.339443312967,0.409276944065,0.0293819839821,-7.48212991477,3253886.89,32538.8689,1.38752908862,OKX_CONTRACT_OI_HISTORY,7173269.19,717326.919,0.772939336613,OKX_CONTRACT_OI_HISTORY,1.58,0.612403100775,0.387596899225,OKX_GLOBAL_ACCOUNT_RATIO,1.74,0.63503649635,0.36496350365,OKX_GLOBAL_ACCOUNT_RATIO,,,,,PRICE_DOWN_OI_UP,PRICE_DOWN_OI_UP,PASS,PASS,-0.721122073419,-0.661131611316,0,0.0599904621029,0.0056231299447,-2.99763215463,-0.428701315755,-0.261364846162,0.102284350494,0.167336469593,0.242653571592,-4.65087838222,-1.32414669876,-1.05091387259,0.204778156997,0.273232826164,-0.0802398305002,0.0560915187219,,,,,,,,,,,,
2026-08-11T15:00:00Z,2026-08-11T17:00:00+02:00,2026-08-12T10:00:00Z,63770.03,63868,63451,63609.87,1286.57237,81921887.374,194682,648.54505,41307730.3544,40614157.0195,0.504233138158,-0.251152461431,0.657200044129,1873.68,1877.71,1853.62,1862.74,22054.1842,41144004.5228,186351,8706.6539,16246848.8399,24897155.6829,0.394877674847,-0.584408306604,1.29961912366,0.02937,0.02941,0.02921,0.02929,-0.238419618529,0.684697021568,0.0292838202625,2.11029075448,3270330.56,32703.3056,0.505354689818,OKX_CONTRACT_OI_HISTORY,7209106.81,720910.681,0.499599541726,OKX_CONTRACT_OI_HISTORY,1.53,0.604743083004,0.395256916996,OKX_GLOBAL_ACCOUNT_RATIO,1.8,0.642857142857,0.357142857143,OKX_GLOBAL_ACCOUNT_RATIO,,,,,PRICE_DOWN_OI_UP,PRICE_DOWN_OI_UP,PASS,PASS,-1.21091040055,-1.59696138872,-0.408024481469,-0.386050988166,0.709476434207,-1.69280276399,-0.849723193871,-0.972339622441,-0.102319236016,-0.12261642857,0.598667989862,-3.79023516264,-1.07328165992,-0.759722962174,0.308219178082,0.313558697746,0.817013404887,-0.949270593967,,,,,,,,,,,,
2026-08-11T16:00:00Z,2026-08-11T18:00:00+02:00,2026-08-12T10:00:00Z,63609.86,63660,63459.54,63512.59,740.82749,47098007.7782,112264,473.91167,30127639.6218,16970368.1564,0.63967970288,-0.15293224149,0.315886311183,1862.75,1867.06,1859.78,1864.82,8942.3877,16669520.63,101306,3777.6194,7042552.25584,9626968.37412,0.42248079067,0.1116634635,0.391444149308,0.02929,0.02937,0.02927,0.02937,0.273130761352,0.341646737274,0.0293614226723,2.92129159919,3229165.31,32291.6531,-1.25874890152,OKX_CONTRACT_OI_HISTORY,7146017.02,714601.702,-0.875140175652,OKX_CONTRACT_OI_HISTORY,1.63,0.619771863118,0.380228136882,OKX_GLOBAL_ACCOUNT_RATIO,1.98,0.664429530201,0.335570469799,OKX_GLOBAL_ACCOUNT_RATIO,0.0001,OKX_FUNDING_HISTORY,7.29133616208e-05,OKX_FUNDING_HISTORY,PRICE_DOWN_OI_DOWN,PRICE_UP_OI_DOWN,PASS,PASS,-1.27066667641,-1.22775423729,0.0681431005111,0.04291243912,-0.17467486525,-1.04175009816,-0.798019352578,-0.609193870753,0.204708290686,0.188825481826,-0.822133211803,-4.68524345336,-0.613507780733,-0.402700335406,0.273130761352,0.210807445327,0.679990394579,-1.88522060671,,,,,,,,,,,,
2026-08-11T17:00:00Z,2026-08-11T19:00:00+02:00,2026-08-12T10:00:00Z,63512.59,63632.94,63461.88,63607.88,482.84238,30682926.48,74539,310.62804,19738335.6262,10944590.8538,0.643300294028,0.150033245377,0.269547640253,1864.83,1867.95,1862.88,1864.69,6492.2921,12105797.0625,45362,2492.1702,4647087.65323,7458709.40932,0.383872918835,-0.00697118220525,0.27215923731,0.02937,0.02938,0.02933,0.02933,-0.13619339462,0.170473917491,0.0293153929985,4.98270704514,3290954.14,32909.5414,1.91346134584,OKX_CONTRACT_OI_HISTORY,7342034.79,734203.479,2.74303530836,OKX_CONTRACT_OI_HISTORY,1.68,0.626865671642,0.373134328358,OKX_GLOBAL_ACCOUNT_RATIO,2.01,0.667774086379,0.332225913621,OKX_GLOBAL_ACCOUNT_RATIO,,,,,PRICE_UP_OI_UP,PRICE_DOWN_OI_UP,PASS,PASS,-0.922737408622,-1.34071945948,-0.441276306857,-0.417982050858,2.54250374345,3.14382562576,-0.6126875,-0.498391167697,0.136565380676,0.114296332303,1.11362338901,-1.45844752535,-0.53970851112,-0.480866734269,0.102389078498,0.0588417768509,2.67997438063,-1.13506520017,,,,,,,,,,,,
2026-08-11T18:00:00Z,2026-08-11T20:00:00+02:00,2026-08-12T10:00:00Z,63607.87,63626.03,63251.59,63373.07,749.01907,47506703.4144,94536,357.26377,22662971.395,24843732.0193,0.477047864117,-0.36915237546,0.591985118477,1864.69,1867.09,1860,1866.03,7345.3446,13690820.4749,63147,3149.6378,5871152.53059,7819667.94427,0.428838617917,0.0718618108104,0.381182795699,0.02933,0.02944,0.02931,0.02944,0.375042618479,0.443534629819,0.0294451570675,-1.7514145003,3385701.54,33857.0154,2.87902523005,OKX_CONTRACT_OI_HISTORY,7359785.53,735978.553,0.24176867187,OKX_CONTRACT_OI_HISTORY,1.76,0.63768115942,0.36231884058,OKX_GLOBAL_ACCOUNT_RATIO,2.03,0.6699669967,0.3300330033,OKX_GLOBAL_ACCOUNT_RATIO,,,,,PRICE_DOWN_OI_UP,PRICE_UP_OI_UP,PASS,PASS,-0.622486770039,-0.408818961514,0.272479564033,0.213667808525,4.05099053704,2.60015810169,-0.932025497239,-0.438044220591,0.477815699659,0.493981276648,4.08206686325,-0.850224936104,-0.808146704797,-0.369470621213,0.443534629819,0.438676083585,5.13355582416,-1.63574262464,,,,,,,,,,,,
2026-08-11T19:00:00Z,2026-08-11T21:00:00+02:00,2026-08-12T10:00:00Z,63373.07,63536,63238,63536,452.04779,28643558.5205,76848,302.04011,19138129.4158,9505429.10469,0.668147758321,0.257096586926,0.471235649451,1866.03,1884.83,1862.9,1881.9,9965.2898,18672022.6318,72580,5707.6842,10695202.739,7976819.89276,0.572792940001,0.850468641983,1.17719684363,0.02944,0.02966,0.02943,0.02963,0.645380434783,0.781515460415,0.0296194283556,3.56915882884,3279431.28,32794.3128,-3.13879586681,OKX_CONTRACT_OI_HISTORY,7337241.28,733724.128,-0.306316670616,OKX_CONTRACT_OI_HISTORY,1.81,0.644128113879,0.355871886121,OKX_GLOBAL_ACCOUNT_RATIO,2.03,0.6699669967,0.3300330033,OKX_GLOBAL_ACCOUNT_RATIO,,,,,PRICE_UP_OI_DOWN,PRICE_UP_OI_DOWN,PASS,PASS,-0.116129776715,1.02859228878,1.16080573575,1.14472206549,0.278281349027,1.77739730284,-0.8272563961,0.210335738438,1.09177755032,1.03759213454,0.554660644442,-1.92697755234,-0.795837971948,0.180462174809,1.05729877217,0.976300146757,1.87162046748,-2.56839937216,,,,,,,,,,,,
2026-08-11T20:00:00Z,2026-08-11T22:00:00+02:00,2026-08-12T22:00:00Z,63536,63748.37,63536,63740,321.5572,20471511.4735,66539,179.71498,11440282.0865,9031229.38701,0.558839150754,0.321077814153,0.334251447998,1881.9,1885.38,1879.09,1882.22,7300.6273,13737497.5755,61230,4150.569,7809914.30496,5927583.27057,0.568510695781,0.0170040916095,0.334736494793,0.02962,0.02962,0.02951,0.02953,-0.303848750844,0.372754998306,0.0295296517101,0.117945829925,3276218.63,32762.1863,-0.0979636322796,OKX_CONTRACT_OI_HISTORY,7182958.85,718295.885,-2.10273076913,OKX_CONTRACT_OI_HISTORY,1.85,0.649122807018,0.350877192982,OKX_GLOBAL_ACCOUNT_RATIO,2.05,0.672131147541,0.327868852459,OKX_GLOBAL_ACCOUNT_RATIO,,,,,UNAVAILABLE,UNAVAILABLE,PASS,PASS,0.358054993506,0.933065925934,0.544773578481,0.575010932428,1.45713568315,0.516956927147,-0.618073259791,0.160173690008,0.784982935154,0.778246949799,0.527716575335,-4.28676899899,-0.652290811038,0.132465832859,0.750597065848,0.784756643897,2.71875934805,-4.39194940676,,,,,,,,,,,,
2026-08-11T21:00:00Z,2026-08-11T23:00:00+02:00,2026-08-12T22:00:00Z,63740,63768.58,63622,63672.73,269.417,17159077.1022,48133,134.16968,8544498.08552,8614579.01666,0.497957904999,-0.105538123627,0.230392002766,1882.22,1885.32,1880.43,1884.68,6936.3919,13056859.8375,52615,3722.3222,7006098.01252,6050761.82494,0.536583688554,0.130696730457,0.260046904166,0.02954,0.0296,0.02952,0.02959,0.203183203522,0.271002710027,0.0295994847402,-3.20435989133,3265151.89,32651.5189,-0.337790033262,OKX_CONTRACT_OI_HISTORY,7138298.14,713829.814,-0.621759235054,OKX_CONTRACT_OI_HISTORY,1.85,0.649122807018,0.350877192982,OKX_GLOBAL_ACCOUNT_RATIO,1.98,0.664429530201,0.335570469799,OKX_GLOBAL_ACCOUNT_RATIO,,,,,PRICE_DOWN_OI_DOWN,PRICE_UP_OI_DOWN,PASS,PASS,0.10195277692,1.07202805828,0.886464370951,0.970075281363,-0.784035538095,-2.77493441297,-0.975536547434,-0.0387183689489,0.955305356534,0.936818178485,0.159377906251,-4.84489001197,-0.491146639161,0.545760089626,0.98976109215,1.03690672879,2.62435288141,-4.47530342568,,,,,,,,,,,,
2026-08-11T22:00:00Z,2026-08-12T00:00:00+02:00,2026-08-12T22:00:00Z,63672.73,63768,63626.25,63668.49,253.27935,16136912.9376,42286,120.68302,7688900.177,8448012.76055,0.47647900232,-0.00665905168509,0.222785406966,1884.68,1887.64,1879.61,1882.16,5904.5462,11124123.1806,40233,3290.7407,6200457.70514,4923665.47544,0.55738844352,-0.133709701382,0.427216284229,0.02959,0.0296,0.02954,0.02956,-0.101385603244,0.203114421124,0.0295618758981,-0.634566668085,3258223.34,32582.2334,-0.21219686659,OKX_CONTRACT_OI_HISTORY,7116857.87,711685.787,-0.300355485012,OKX_CONTRACT_OI_HISTORY,1.86,0.65034965035,0.34965034965,OKX_GLOBAL_ACCOUNT_RATIO,1.96,0.662162162162,0.337837837838,OKX_GLOBAL_ACCOUNT_RATIO,,,,,PRICE_DOWN_OI_DOWN,PRICE_DOWN_OI_DOWN,PASS,PASS,0.466160152885,0.86440196567,0.407608695652,0.398241812785,-3.76519307724,-3.30074373784,-0.879202244695,-0.212071086228,0.681198910082,0.667131158467,0.138900468427,-3.76046866172,-0.542848662834,0.320871576748,0.852951211191,0.863720239582,1.89324244053,-4.59565806906,,,,,,,,,,,,
2026-08-11T23:00:00Z,2026-08-12T01:00:00+02:00,2026-08-12T22:00:00Z,63668.5,63668.5,63543.55,63600,204.82882,13027143.3148,36096,99.24216,6311457.18634,6715686.12845,0.484485127232,-0.10757283548,0.196636794765,1882.17,1884.41,1878.92,1882.59,3365.6454,6333158.21629,28639,1544.3854,2906095.53069,3427062.6856,0.458869876835,0.0228460917244,0.292189129926,0.02956,0.02962,0.02955,0.0296,0.135317997294,0.236886632826,0.0296004716981,-0.159354931237,3253040.32,32530.4032,-0.159075037502,OKX_CONTRACT_OI_HISTORY,7100596.02,710059.602,-0.228497608032,OKX_CONTRACT_OI_HISTORY,1.86,0.65034965035,0.34965034965,OKX_GLOBAL_ACCOUNT_RATIO,1.93,0.658703071672,0.341296928328,OKX_GLOBAL_ACCOUNT_RATIO,,,,,PRICE_DOWN_OI_DOWN,PRICE_UP_OI_DOWN,PASS,PASS,0.100730294636,0.0366650725331,-0.101248734391,-0.064065222103,-0.804741973431,-3.22526207016,-1.22623897007,-0.548344664733,0.646038762326,0.677894305336,0.17702536057,-3.17251334616,-0.578411665091,0.503427363386,1.09289617486,1.08183902848,1.66443493653,-4.79505155062,,,,,,,,,,,,
2026-08-12T00:00:00Z,2026-08-12T02:00:00+02:00,2026-08-12T22:00:00Z,63600.01,63745.53,63534.01,63742.07,247.42097,15746303.2626,55471,131.25288,8353569.60319,7392733.65938,0.530509889458,0.223380503145,0.332924051229,1882.58,1883.72,1880.65,1882.35,4050.8679,7624098.99552,38019,2047.9259,3854445.11991,3769653.87561,0.505560738675,-0.0127483944991,0.163241432483,0.02961,0.02961,0.02952,0.02953,-0.236486486486,0.30487804878,0.029530732215,-0.247950168671,3250879.44,32508.7944,-0.0664264745418,OKX_CONTRACT_OI_HISTORY,7098208.15,709820.815,-0.0336291487824,OKX_CONTRACT_OI_HISTORY,1.87,0.651567944251,0.348432055749,OKX_GLOBAL_ACCOUNT_RATIO,1.89,0.653979238754,0.346020761246,OKX_GLOBAL_ACCOUNT_RATIO,4.95294037917e-05,OKX_FUNDING_HISTORY,6.50447801533e-05,OKX_FUNDING_HISTORY,PRICE_UP_OI_DOWN,PRICE_DOWN_OI_DOWN,PASS,PASS,0.00324756824599,0.00690673778836,0,0.00365916954237,-0.773427932067,-1.17988564002,-0.913943585583,-0.299258474576,0.6132879046,0.614685111007,0.496588411534,-1.70380870951,-0.465224859463,0.37486935563,0.819392284056,0.840094215093,1.61365880004,-3.93828490518,-1.88699022796,-1.59087819822,0.305706521739,0.296112029735,2.58572312761,6.37915392645,,,,,,
2026-08-12T01:00:00Z,2026-08-12T03:00:00+02:00,2026-08-12T22:00:00Z,63742.07,63855.5,63698.18,63813.8,499.92358,31888646.6808,58485,242.47154,15464920.6119,16423726.0688,0.484966350776,0.112531645113,0.246977229177,1882.36,1886.53,1881.11,1884.77,4162.0973,7841706.23844,32440,2174.4779,4096542.5848,3745163.65364,0.522404494665,0.128562700879,0.288127754358,0.02953,0.02957,0.02952,0.02953,0,0.169376693767,0.0295354609818,-1.84895769776,3237042.14,32370.4214,-0.425647897912,OKX_CONTRACT_OI_HISTORY,7090755.33,709075.533,-0.104995793903,OKX_CONTRACT_OI_HISTORY,1.83,0.646643109541,0.353356890459,OKX_GLOBAL_ACCOUNT_RATIO,1.86,0.65034965035,0.34965034965,OKX_GLOBAL_ACCOUNT_RATIO,,,,,PRICE_UP_OI_DOWN,PRICE_UP_OI_DOWN,PASS,PASS,0.221554816324,0.00477534647791,-0.202771206489,-0.216779469846,-0.860901757315,-0.666024437024,-0.601991143964,-0.278302460808,0.237610319077,0.323688683156,0.862665244749,-0.386248195315,-0.385571207353,0.353008827883,0.716234652115,0.738580035236,0.0992778950033,-4.92868193716,-2.11104496258,-2.10156708549,0,0.00947787708675,2.62861529955,5.87478149172,,,,,,
2026-08-12T02:00:00Z,2026-08-12T04:00:00+02:00,2026-08-12T22:00:00Z,63813.8,63908.01,63730.72,63749.76,612.29132,39090037.8706,54365,368.24341,23509701.6173,15580336.2533,0.601424375569,-0.100354468783,0.278186092986,1884.77,1887.91,1883.59,1884.47,3454.6953,6513812.4876,37085,1533.1626,2890771.85885,3623040.62875,0.443791076938,-0.0159170614982,0.229349274524,0.02953,0.02957,0.02952,0.02956,0.101591601761,0.169376693767,0.0295604250118,-0.143777295473,3219253.39,32192.5339,-0.549537177171,OKX_CONTRACT_OI_HISTORY,7062529.26,706252.926,-0.39806859335,OKX_CONTRACT_OI_HISTORY,1.84,0.647887323944,0.352112676056,OKX_GLOBAL_ACCOUNT_RATIO,1.85,0.649122807018,0.350877192982,OKX_GLOBAL_ACCOUNT_RATIO,,,,,PRICE_DOWN_OI_DOWN,PRICE_DOWN_OI_DOWN,PASS,PASS,0.127645559051,0.122731329961,0,-0.00491422908995,-1.19604907133,-0.763379162439,-0.0317860913661,0.57533530093,0.681198910082,0.607121392296,-1.06437319952,-1.54378606277,-0.460351139729,0.312466730544,0.784180020457,0.772817870273,-0.824302367516,-6.12286483272,-2.07408634011,-2.03013225753,0.0677048070413,0.0439540825776,1.86976556324,5.83740860241,,,,,,
2026-08-12T03:00:00Z,2026-08-12T05:00:00+02:00,2026-08-12T22:00:00Z,63749.77,63845.91,63709.85,63835.59,538.85374,34362090.6432,50947,281.47078,17953244.5681,16408846.0751,0.522472417482,0.134635800982,0.213561953136,1884.48,1887.33,1882.66,1886.62,2942.8508,5547353.28204,25843,1340.5839,2527203.61715,3020149.66488,0.455569257746,0.114090433915,0.248053286308,0.02956,0.02957,0.02954,0.02956,0,0.101557210562,0.0295543598798,1.90838854671,3204984,32049.84,-0.443251532928,OKX_CONTRACT_OI_HISTORY,7042188.87,704218.887,-0.288004328919,OKX_CONTRACT_OI_HISTORY,1.81,0.644128113879,0.355871886121,OKX_GLOBAL_ACCOUNT_RATIO,1.84,0.647887323944,0.352112676056,OKX_GLOBAL_ACCOUNT_RATIO,,,,,PRICE_UP_OI_DOWN,PRICE_UP_OI_DOWN,PASS,PASS,0.370424528302,0.214066790964,-0.135135135135,-0.156357737338,-1.47727403514,-0.822566863901,0.354850591583,1.28198245595,0.921816319563,0.927131864369,-1.99816375749,-2.31537615407,-0.497887850068,0.297177610139,0.818553888131,0.795065460207,-1.41145813443,-6.01785311556,-1.76421135634,-1.60735146862,0.203389830508,0.156859887718,1.37260809702,5.43584078436,,,,,,
2026-08-12T04:00:00Z,2026-08-12T06:00:00+02:00,2026-08-12T22:00:00Z,63835.58,63891.42,63739.99,63769.58,568.35931,36254518.5721,47129,246.19622,15701249.228,20553269.3441,0.433083925712,-0.103406266003,0.237574558766,1886.63,1893.37,1885.47,1889.42,6246.9058,11806913.9016,40360,3846.3813,7271579.10593,4535334.79571,0.615874661788,0.148413565,0.418993672665,0.02956,0.02964,0.02956,0.02963,0.236806495264,0.270635994587,0.0296288606574,0.384538112224,3207731.74,32077.3174,0.0857333453147,OKX_CONTRACT_OI_HISTORY,7051581.24,705158.124,0.133372878424,OKX_CONTRACT_OI_HISTORY,1.8,0.642857142857,0.357142857143,OKX_GLOBAL_ACCOUNT_RATIO,1.82,0.645390070922,0.354609929078,OKX_GLOBAL_ACCOUNT_RATIO,,,,,PRICE_DOWN_OI_UP,PRICE_UP_OI_UP,PASS,PASS,0.0431583097317,0.375594336866,0.338638672536,0.332436027134,-1.32726238534,-0.656882821899,0.404628436661,1.31916217115,0.885257065032,0.914533734487,-0.663749543377,-1.32151630392,-0.396619929148,0.701932045303,1.09177755032,1.09855197445,-1.48042584974,-5.94484350116,-1.90311064716,-1.37645566581,0.50881953867,0.52665498135,1.58612350514,5.94830312747,,,,,,
2026-08-12T05:00:00Z,2026-08-12T07:00:00+02:00,2026-08-12T22:00:00Z,63769.58,63869.56,63724.25,63849.94,540.4656,34504909.4239,45253,290.64965,18554504.2181,15950405.2058,0.537735195596,0.126016197692,0.228029360879,1889.41,1892.44,1886.77,1891.71,3205.7091,6060523.35957,28935,1635.7886,3092715.14578,2967808.2138,0.510304962507,0.121201215188,0.300513576112,0.02963,0.02964,0.0296,0.02962,-0.0337495781303,0.135135135135,0.0296274358284,-2.50977792579,3198734.85,31987.3485,-0.280475137238,OKX_CONTRACT_OI_HISTORY,7028188.83,702818.883,-0.331732829898,OKX_CONTRACT_OI_HISTORY,1.78,0.640287769784,0.359712230216,OKX_GLOBAL_ACCOUNT_RATIO,1.73,0.6336996337,0.3663003663,OKX_GLOBAL_ACCOUNT_RATIO,,,,,PRICE_UP_OI_DOWN,PRICE_UP_OI_DOWN,PASS,PASS,0.0566335181418,0.368214689325,0.304774805283,0.311581171184,-1.18340411843,-0.882367210377,0.38055033433,1.44903442395,0.988748721446,1.06848408962,-2.80220525954,-4.27464550328,-0.23446875,0.943421396669,1.12666439058,1.17789014667,-1.71978788371,-5.67074956707,-1.97141277981,-1.6358408253,0.338753387534,0.335571954504,1.14653680049,5.18050298713,,,,,,
2026-08-12T06:00:00Z,2026-08-12T08:00:00+02:00,2026-08-12T22:00:00Z,63849.94,63849.94,63606.15,63711.97,563.28705,35879821.4177,72358,296.41558,18874298.9622,17005522.4555,0.526042165663,-0.216084776274,0.383280547557,1891.7,1891.71,1885.38,1887.73,4888.4475,9227573.31528,32755,1597.6062,3015232.02226,6212341.29302,0.32676326909,-0.210391656226,0.335741335964,0.02963,0.02965,0.02962,0.02963,0.033760972316,0.101282916948,0.0296291262066,0.294910289078,3191540.34,31915.4034,-0.224917360687,OKX_CONTRACT_OI_HISTORY,7029026.16,702902.616,0.0119138802365,OKX_CONTRACT_OI_HISTORY,1.77,0.638989169675,0.361010830325,OKX_GLOBAL_ACCOUNT_RATIO,1.69,0.628252788104,0.371747211896,OKX_GLOBAL_ACCOUNT_RATIO,,,,,PRICE_DOWN_OI_DOWN,PRICE_DOWN_OI_UP,PASS,PASS,-0.0592786545393,0.172992937006,0.236806495264,0.232271591545,-0.860853329722,-0.474378211638,0.534769737366,1.16289663082,0.645380434783,0.628126893449,-5.7347405761,-4.49414413846,-0.402239950176,0.719758408742,1.12627986348,1.12199835892,-1.8867696576,-5.30615874044,-2.43100242881,-2.09021643854,0.372628726287,0.340785990272,0.842867621843,5.17895553592,,,,,,
2026-08-12T07:00:00Z,2026-08-12T09:00:00+02:00,2026-08-12T22:00:00Z,63711.97,63838,63644.1,63837.99,458.43036,29220407.2046,42636,375.26092,23919190.73,5301216.47461,0.818578282038,0.197796426637,0.304662961689,1887.74,1891.82,1886.34,1891.69,4124.2743,7792725.16104,31865,1949.6039,3683994.91251,4108730.24853,0.47274795869,0.209775762424,0.290509664217,0.02963,0.02966,0.02962,0.02963,0,0.135043889264,0.0296326685724,-0.900550830211,3213926.27,32139.2627,0.701414602831,OKX_CONTRACT_OI_HISTORY,6988255.09,698825.509,-0.5800386721,OKX_CONTRACT_OI_HISTORY,1.76,0.63768115942,0.36231884058,OKX_GLOBAL_ACCOUNT_RATIO,1.64,0.621212121212,0.378787878788,OKX_GLOBAL_ACCOUNT_RATIO,,,,,PRICE_UP_OI_UP,PRICE_UP_OI_DOWN,PASS,PASS,0.00375965820947,0.268734562339,0.236806495264,0.26497490413,0.27901137728,-0.765866707009,0.475305338706,0.520218927679,0,0.0449135889738,-1.99745030181,-4.7563679138,-0.35588305121,0.731648872441,1.09177755032,1.08753192365,-1.45386872808,-6.59169132413,-2.09307186984,-1.74366059649,0.372628726287,0.349411273353,1.52791583088,3.41760372525,,,,,,
2026-08-12T08:00:00Z,2026-08-12T10:00:00+02:00,2026-08-13T10:00:00Z,63838,63867.2,63773.98,63794.94,303.11959,19343285.841,50616,139.19523,8882126.94305,10461158.898,0.459183978153,-0.0674519878442,0.146172467204,1891.7,1896.11,1890.63,1890.95,4725.3454,8945390.43743,48291,2654.5589,5025254.20893,3920136.2285,0.561770248496,-0.0396468784691,0.289850473123,0.02963,0.02969,0.02963,0.02964,0.0337495781303,0.202497468782,0.0296410655767,-0.359493376345,3221936.13,32219.3613,0.24922351439,OKX_CONTRACT_OI_HISTORY,6997450.96,699745.096,0.131590359561,OKX_CONTRACT_OI_HISTORY,1.76,0.63768115942,0.36231884058,OKX_GLOBAL_ACCOUNT_RATIO,1.62,0.618320610687,0.381679389313,OKX_GLOBAL_ACCOUNT_RATIO,6.65167980022e-05,OKX_FUNDING_HISTORY,5.86603710092e-05,OKX_FUNDING_HISTORY,UNAVAILABLE,UNAVAILABLE,PASS,PASS,0.0397681778679,0.080977231108,0.0337495781303,0.0412090532401,0.442817266259,-0.767633218106,0.0861939127706,0.463814006864,0.37250253979,0.377620094094,-1.65686439552,-2.58261106424,-0.532412088547,0.624730604882,1.16040955631,1.15714269343,-1.13789136824,-6.75866949276,-2.22335367392,-1.8605978825,0.406504065041,0.36275579142,1.15811985637,3.86240041771,,,,,,
2026-08-12T09:00:00Z,2026-08-12T11:00:00+02:00,2026-08-13T10:00:00Z,63794.95,64130.47,63768.01,64108.81,553.52986,35428690.1699,101679,324.19366,20751894.039,14676796.1309,0.585736981512,0.491998268201,0.568404126144,1890.94,1909.63,1890,1905.84,13427.1549,25540201.9983,96406,7273.0275,13831434.2274,11708767.7709,0.541555396794,0.787434887226,1.03862433862,0.02964,0.02979,0.02964,0.02972,0.269905533063,0.506072874494,0.0297282074024,-2.7608130798,3243566.24,32435.6624,0.671338882189,OKX_CONTRACT_OI_HISTORY,6992828.96,699282.896,-0.0660526243973,OKX_CONTRACT_OI_HISTORY,1.75,0.636363636364,0.363636363636,OKX_GLOBAL_ACCOUNT_RATIO,1.57,0.610894941634,0.389105058366,OKX_GLOBAL_ACCOUNT_RATIO,,,,,PRICE_UP_OI_UP,PRICE_UP_OI_DOWN,PASS,PASS,0.405434993361,0.746943241829,0.33760972316,0.341508248468,1.40153504752,-0.503114968241,0.684877183686,1.12273701636,0.439337614059,0.437859832678,-0.661091757051,-2.03786921122,-0.29734059098,1.08358394195,1.39883998635,1.38092453293,-0.502767485002,-6.78402670131,-1.32132748752,-0.550514248144,0.745762711864,0.770813239372,1.77530888677,3.93793734623,,,,,,
2026-08-12T10:00:00Z,2026-08-12T12:00:00+02:00,2026-08-13T10:00:00Z,64108.82,64218,64059.99,64143.36,996.13758,63874902.9325,96007,272.21381,17453572.2325,46421330.7,0.273246164475,0.0538927489061,0.246659420334,1905.84,1915.54,1905.84,1909.17,12974.7164,24799778.2565,98374,6014.5442,11496501.4086,13303276.8479,0.463572750115,0.174726105025,0.508961927549,0.02973,0.02986,0.02972,0.02977,0.168236877524,0.471063257066,0.0297641096444,1.97901286947,3210550.08,32105.5008,-1.01789689364,OKX_CONTRACT_OI_HISTORY,6899438.96,689943.896,-1.3355110004,OKX_CONTRACT_OI_HISTORY,1.73,0.6336996337,0.3663003663,OKX_GLOBAL_ACCOUNT_RATIO,1.55,0.607843137255,0.392156862745,OKX_GLOBAL_ACCOUNT_RATIO,,,,,PRICE_UP_OI_DOWN,PRICE_UP_OI_DOWN,PASS,PASS,0.677094115909,1.13575564302,0.472494093824,0.458661527112,0.595629005899,-1.84360104871,0.745847749805,1.43505334297,0.710419485792,0.689205593162,-1.4631673469,-3.05498457285,-0.139912005048,1.21993892353,1.39645776567,1.35985092858,-1.32629922477,-6.70057149708,-1.33773121893,-0.44739929605,0.949474398101,0.890331922877,1.12315409263,3.94071660195,,,,,,
2026-08-12T11:00:00Z,2026-08-12T13:00:00+02:00,2026-08-13T10:00:00Z,64143.36,64249.5,64113.5,64240.04,414.30431,26595192.6682,53021,222.09048,14256246.7885,12338945.8796,0.536046005246,0.150724876277,0.212123811678,1909.18,1915.99,1907.41,1915.57,6783.1487,12973558.0345,45482,3430.1717,6560313.34029,6413244.69419,0.505668015116,0.335224207378,0.449824631306,0.02976,0.02983,0.02975,0.02981,0.134363453141,0.268907563025,0.0298189415822,-2.99862495236,3243286.29,32432.8629,1.01964489524,OKX_CONTRACT_OI_HISTORY,6798421.72,679842.172,-1.46413702021,OKX_CONTRACT_OI_HISTORY,1.68,0.626865671642,0.373134328358,OKX_GLOBAL_ACCOUNT_RATIO,1.48,0.596774193548,0.403225806452,OKX_GLOBAL_ACCOUNT_RATIO,,,,,PRICE_UP_OI_UP,PRICE_UP_OI_DOWN,PASS,PASS,0.62979739807,1.26236328362,0.607492406345,0.632565885555,0.913525001306,-2.71646308778,1.00635220126,1.75184187741,0.709459459459,0.745489676156,-0.299843501479,-4.25561881212,-0.232227051679,1.19389108121,1.3600816049,1.42611813289,-0.123348939949,-7.29312208351,-1.36034805158,-0.25254892159,1.08511359783,1.10779912999,1.98292201919,2.43998134593,,,,,,
2026-08-12T12:00:00Z,2026-08-12T14:00:00+02:00,2026-08-13T10:00:00Z,64240.04,64500,63976.37,64119.71,1297.05947,83318617.6733,185766,581.05299,37338706.8029,45979910.8704,0.448143618385,-0.187313083865,0.818474070973,1915.58,1925,1905.52,1911.32,22567.2084,43201483.0053,165700,10712.0809,20516241.994,22685241.0113,0.474896706474,-0.221866076416,1.02229312734,0.02982,0.02987,0.02976,0.02981,0,0.369623655914,0.0298086189098,0.46331906745,3213027.54,32130.2754,-0.932965741979,OKX_CONTRACT_OI_HISTORY,6815499.62,681549.962,0.251203892659,OKX_CONTRACT_OI_HISTORY,1.61,0.616858237548,0.383141762452,OKX_GLOBAL_ACCOUNT_RATIO,1.38,0.579831932773,0.420168067227,OKX_GLOBAL_ACCOUNT_RATIO,,,,,PRICE_DOWN_OI_DOWN,PRICE_DOWN_OI_UP,PASS,PASS,0.509084262796,1.07723630979,0.57354925776,0.568152046996,-0.276498032256,-2.6002517351,0.592450166742,1.53903365474,0.948188283102,0.946583487998,-1.16435877425,-3.98281543772,-0.326908079138,1.23516949153,1.56729131175,1.56207757066,-0.67355243346,-5.61876459092,-1.1577482918,0.279118572928,1.42905750255,1.43686686472,1.21626316502,2.48439818366,,,,,,
2026-08-12T13:00:00Z,2026-08-12T15:00:00+02:00,2026-08-13T10:00:00Z,64119.72,64159.36,63840,63840,727.44098,46537810.1152,189248,370.83603,23722546.9872,22815263.128,0.509747814272,-0.436230918699,0.500250626566,1911.31,1912.6,1900.04,1901.32,11484.4335,21889394.7721,133209,5912.655,11269273.2979,10620121.4742,0.514827998455,-0.523198627127,0.661038714974,0.0298,0.02984,0.02975,0.02979,-0.0670915800067,0.302521008403,0.0297825814536,2.49090105821,3184339.51,31843.3951,-0.892865985207,OKX_CONTRACT_OI_HISTORY,6890536.02,689053.602,1.10096697504,OKX_CONTRACT_OI_HISTORY,1.62,0.618320610687,0.381679389313,OKX_GLOBAL_ACCOUNT_RATIO,1.36,0.576271186441,0.423728813559,OKX_GLOBAL_ACCOUNT_RATIO,,,,,PRICE_DOWN_OI_DOWN,PRICE_DOWN_OI_UP,PASS,PASS,-0.419302744818,-0.237165764177,0.235531628533,0.18213698064,-1.8259756582,-1.46282628368,0.0410569500641,0.878091225985,0.880460548595,0.837034275921,-1.62811071715,-2.82366688289,-0.561181353103,0.597345015688,1.12016293279,1.15852636879,-0.779490617704,-3.19900871583,-1.11827425367,0.196037099494,1.32653061224,1.31431135316,0.766171296784,0.500626878226,,,,,,
2026-08-12T14:00:00Z,2026-08-12T16:00:00+02:00,2026-08-13T10:00:00Z,63840,63926.13,63362.74,63363.39,1163.88428,74062036.7119,242011,519.22792,33043180.5247,41018856.1872,0.446155439301,-0.746569548872,0.889150311366,1901.31,1903.71,1885,1887.79,15718.622,29752434.5977,200574,6884.6096,13031161.0008,16721273.5968,0.437986375806,-0.711610880862,0.992572944297,0.02978,0.0298,0.0297,0.02978,-0.0335683115139,0.3367003367,0.0297930713619,-4.38738313054,3186390.25,31863.9025,0.0644007962581,OKX_CONTRACT_OI_HISTORY,6874648.11,687464.811,-0.230575821008,OKX_CONTRACT_OI_HISTORY,1.71,0.630996309963,0.369003690037,OKX_GLOBAL_ACCOUNT_RATIO,1.51,0.601593625498,0.398406374502,OKX_GLOBAL_ACCOUNT_RATIO,,,,,PRICE_DOWN_OI_UP,PRICE_DOWN_OI_DOWN,PASS,PASS,-1.2159793313,-1.11985836777,0.0335908632852,0.0961209635255,-0.752513725,-0.359316897268,-0.606072869921,0.176176856092,0.744248985115,0.782249726014,-1.02083110643,-2.66025304934,-0.637666314411,0.752525764668,1.43051771117,1.39019207908,-2.07433885325,-4.1629704963,-1.95336937571,-0.306296505579,1.63822525597,1.64707287014,-2.15291423777,-4.10921405096,,,,,,
2026-08-12T15:00:00Z,2026-08-12T17:00:00+02:00,2026-08-13T10:00:00Z,63363.39,63570.01,63316,63441.47,771.05562,48939917.295,132695,464.2863,29467144.8117,19472772.4833,0.602108594382,0.123225730189,0.401178217196,1887.78,1896.29,1884.54,1892.75,7679.7558,14536243.37,106018,3944.3861,7465474.93043,7070768.43955,0.513576633276,0.262741088786,0.623494327528,0.02978,0.02985,0.02977,0.02983,0.167897918066,0.268726906282,0.0298345861154,-1.53718082156,3183602.22,31836.0222,-0.087498070897,OKX_CONTRACT_OI_HISTORY,6777697.92,677769.792,-1.4102567644,OKX_CONTRACT_OI_HISTORY,1.82,0.645390070922,0.354609929078,OKX_GLOBAL_ACCOUNT_RATIO,1.56,0.609375,0.390625,OKX_GLOBAL_ACCOUNT_RATIO,,,,,PRICE_UP_OI_DOWN,PRICE_UP_OI_DOWN,PASS,PASS,-1.24310321102,-1.1912903209,0.0670915800067,0.0518128901225,-1.84023440003,-0.304832516333,-0.617398538965,0.32491969766,0.913396481732,0.942318236626,-0.667141552033,-3.75580597003,-0.264738789751,1.61106756713,1.84363263913,1.87580635688,-2.65197472882,-5.98422108827,-1.33517905679,0.839104954715,2.15753424658,2.17428401151,-1.85662831296,-6.87668523117,,,,,,
2026-08-12T16:00:00Z,2026-08-12T18:00:00+02:00,2026-08-13T10:00:00Z,63441.48,63578,63368.35,63492.12,487.79219,30961731.7232,86946,299.81067,19030627.1032,11931104.6199,0.614649957999,0.0798373682073,0.330843394218,1892.75,1895.77,1889.24,1890.7,5223.5671,9887093.20106,60032,2613.3097,4945959.5973,4941133.60376,0.500244055226,-0.108308017435,0.345641633673,0.02983,0.02984,0.02978,0.02978,-0.167616493463,0.201477501679,0.0297784984971,0.504223832445,3244675.24,32446.7524,1.91836215016,OKX_CONTRACT_OI_HISTORY,6839357.61,683935.761,0.909743850018,OKX_CONTRACT_OI_HISTORY,1.8,0.642857142857,0.357142857143,OKX_GLOBAL_ACCOUNT_RATIO,1.57,0.610894941634,0.389105058366,OKX_GLOBAL_ACCOUNT_RATIO,8.87121109659e-05,OKX_FUNDING_HISTORY,8.12543862044e-05,OKX_FUNDING_HISTORY,PRICE_UP_OI_UP,PRICE_DOWN_OI_UP,PASS,PASS,-0.978778600215,-1.07883556914,-0.10063737001,-0.10005696892,0.984980664062,0.350054894435,-0.435097737824,0.0677456573975,0.506243671954,0.502843395222,1.15170166942,-3.00958923647,-0.0322298303376,1.38780150363,1.39598229486,1.42003133397,0.480307711469,-4.29133332795,-0.645539878553,0.979512486915,1.67292591328,1.62505236547,1.16356415235,-6.09565283446,,,,,,
2026-08-12T17:00:00Z,2026-08-12T19:00:00+02:00,2026-08-13T10:00:00Z,63492.12,63556,63416.4,63471,292.36777,18561792.4429,55289,170.13157,10801076.4705,7760715.97239,0.581898354037,-0.0332639703951,0.2201323317,1890.7,1891.89,1885.12,1888.14,6045.2496,11415795.0901,48863,2774.4169,5239403.14952,6176391.94054,0.458960861525,-0.135399587454,0.359128331353,0.02978,0.02978,0.02972,0.02974,-0.134318334453,0.201884253028,0.0297480739235,-2.71409959007,3250201.19,32502.0119,0.170308261729,OKX_CONTRACT_OI_HISTORY,6867238.1,686723.81,0.407647787845,OKX_CONTRACT_OI_HISTORY,1.82,0.645390070922,0.354609929078,OKX_GLOBAL_ACCOUNT_RATIO,1.62,0.618320610687,0.381679389313,OKX_GLOBAL_ACCOUNT_RATIO,,,,,PRICE_DOWN_OI_UP,PRICE_DOWN_OI_UP,PASS,PASS,-0.578007518797,-0.693202617129,-0.16784155757,-0.115195098332,2.06829955767,-0.338114769771,-0.593485287535,-0.188718143902,0.405131667792,0.404767143634,1.60895924212,-2.29007407019,-0.215193463451,1.25758168918,1.39788612342,1.47277515263,-1.23833235792,-6.46682702521,-0.753740557134,0.770667662913,1.50170648464,1.52440822005,1.40845503277,-7.52848952226,,,,,,
2026-08-12T18:00:00Z,2026-08-12T20:00:00+02:00,2026-08-13T10:00:00Z,63470.99,63522.56,63373.97,63386.59,396.92257,25176254.3573,56178,224.5863,14245025.1715,10931229.1858,0.565811934107,-0.132989869389,0.234465349102,1888.13,1891.33,1885.5,1885.55,3671.5472,6931202.74231,41772,1890.552,3568985.85498,3362216.88732,0.514915807209,-0.137172031735,0.309201803235,0.02974,0.02977,0.02974,0.02975,0.0336247478144,0.100874243443,0.029746828154,1.06628039564,3265844.64,32658.4464,0.481307127944,OKX_CONTRACT_OI_HISTORY,6903467.95,690346.795,0.527575270763,OKX_CONTRACT_OI_HISTORY,1.89,0.653979238754,0.346020761246,OKX_GLOBAL_ACCOUNT_RATIO,1.63,0.619771863118,0.380228136882,OKX_GLOBAL_ACCOUNT_RATIO,,,,,PRICE_DOWN_OI_UP,PRICE_DOWN_OI_UP,PASS,PASS,0.0366142026176,-0.118657265904,-0.10073875084,-0.155271468521,2.49355489335,0.419219130039,-0.510704660364,-0.115482616688,0.404994937563,0.395222043677,2.32816421177,-1.78628172868,0.0213339830309,1.04607107067,1.05298913043,1.02473708764,-3.54009054206,-6.20014779153,-0.786985131647,0.672735524173,1.5011941317,1.45972065582,1.4117327579,-7.73447195596,,,,,,
2026-08-12T19:00:00Z,2026-08-12T21:00:00+02:00,2026-08-13T10:00:00Z,63386.58,63465.13,63310.34,63421.11,381.53313,24181562.173,68460,180.08684,11414067.0448,12767495.1282,0.472015288472,0.0544594684775,0.244494027358,1885.54,1886.8,1877.98,1879.38,6667.3674,12548250.3393,70109,2711.6286,5104017.88586,7444232.4534,0.406751359581,-0.327225477977,0.469653563936,0.02975,0.02975,0.02963,0.02963,-0.403361344538,0.404994937563,0.0296333507881,-1.1307489704,3288985.87,32889.8587,0.708583308482,OKX_CONTRACT_OI_HISTORY,6887933.11,688793.311,-0.225029508539,OKX_CONTRACT_OI_HISTORY,1.89,0.653979238754,0.346020761246,OKX_GLOBAL_ACCOUNT_RATIO,1.69,0.628252788104,0.371747211896,OKX_GLOBAL_ACCOUNT_RATIO,,,,,PRICE_UP_OI_UP,PRICE_DOWN_OI_DOWN,PASS,PASS,-0.0320925728865,-0.706379606393,-0.670465973852,-0.674287033506,3.31020154899,1.62643999926,-0.653028079362,-0.650740871919,0,0.00228720744276,2.33544872204,-1.43557982226,-0.18082661798,-0.133907221425,0,0.0469193965552,0.291348992683,-6.12366627802,-0.975225503039,0.0463133014996,1.05729877217,1.02153880454,2.16842240754,-8.53478544394,,,,,,
2026-08-12T20:00:00Z,2026-08-12T22:00:00+02:00,2026-08-13T22:00:00Z,63421.11,63600,63421.11,63599.99,307.26199,19513911.3344,69016,188.98199,12000488.9658,7513422.36862,0.614970969178,0.282051197149,0.282066964769,1879.37,1887.68,1877.81,1886.6,4232.1513,7969891.58268,30246,2792.9328,5260247.99019,2709643.59249,0.660014999655,0.384703384645,0.525612282393,0.02963,0.0297,0.02961,0.02967,0.134998312521,0.303951367781,0.0296635266767,2.18225007951,3303578.93,33035.7893,0.443694821954,OKX_CONTRACT_OI_HISTORY,6824289.87,682428.987,-0.923981679027,OKX_CONTRACT_OI_HISTORY,1.85,0.649122807018,0.350877192982,OKX_GLOBAL_ACCOUNT_RATIO,1.73,0.6336996337,0.3663003663,OKX_GLOBAL_ACCOUNT_RATIO,,,,,UNAVAILABLE,UNAVAILABLE,PASS,PASS,0.169895098793,-0.216850901782,-0.369375419745,-0.386746000576,1.8153955525,-0.220309287205,-0.305588499652,-0.230043100029,0.101214574899,0.0755453996231,2.53396705291,-2.47463099048,-0.219657985566,0.232703934715,0.474094141551,0.452361920282,0.835118259492,-4.99333196096,-0.870515987749,0.36547802078,1.22824974411,1.23599400853,3.57658246328,-9.16597675428,,,,,,
2026-08-12T21:00:00Z,2026-08-12T23:00:00+02:00,2026-08-13T22:00:00Z,63600,63661.24,63421.61,63469.83,267.57645,17001557.3125,65547,123.4787,7846654.09665,9154903.21581,0.461525609239,-0.204654120229,0.377836513453,1886.6,1889.47,1873.29,1877.95,7857.9549,14784294.4603,72634,3579.1869,6735569.00037,8048725.45988,0.455589478313,-0.45849676667,0.863721046928,0.02967,0.0297,0.02953,0.0296,-0.235928547354,0.575685743312,0.0295880735776,4.03082084188,3343597.5,33435.975,1.21137017907,OKX_CONTRACT_OI_HISTORY,6851424.18,685142.418,0.39761367874,OKX_CONTRACT_OI_HISTORY,1.86,0.65034965035,0.34965034965,OKX_GLOBAL_ACCOUNT_RATIO,1.75,0.636363636364,0.363636363636,OKX_GLOBAL_ACCOUNT_RATIO,,,,,PRICE_DOWN_OI_UP,PRICE_DOWN_OI_UP,PASS,PASS,-0.00184336153519,-0.539684557289,-0.470746469401,-0.537841195754,2.87355472908,-0.230280642228,-0.9967116844,-1.46339671746,-0.403768506057,-0.466685033058,3.08399004671,-2.02213983509,-0.318660751628,-0.357089797738,0.0337952010814,-0.0384290461097,2.40251028567,-4.0188004812,-0.808242299217,0.186721438289,1.02389078498,0.994963737506,5.08991351498,-8.31425039128,,,,,,
2026-08-12T22:00:00Z,2026-08-13T00:00:00+02:00,2026-08-13T22:00:00Z,63469.84,63536,63370,63432.28,240.00896,15227864.5012,57291,130.06223,8251403.02199,6976461.47925,0.541862125272,-0.0591619671898,0.261953605807,1877.94,1881.37,1875.63,1878.45,5234.3873,9834197.76475,47197,2649.414,4977745.28963,4856452.47512,0.506166889126,0.0266247770175,0.306030507083,0.02959,0.02964,0.02958,0.02962,0.0675675675676,0.202839756592,0.0296134712484,2.20465596636,3343550.93,33435.5093,-0.00139281118617,OKX_CONTRACT_OI_HISTORY,6760134.8,676013.48,-1.33241465718,OKX_CONTRACT_OI_HISTORY,1.86,0.65034965035,0.34965034965,OKX_GLOBAL_ACCOUNT_RATIO,1.78,0.640287769784,0.359712230216,OKX_GLOBAL_ACCOUNT_RATIO,,,,,PRICE_DOWN_OI_DOWN,PRICE_UP_OI_DOWN,PASS,PASS,0.0720814923157,-0.37654795683,-0.436974789916,-0.448629449145,2.37936272437,-2.07624850348,-1.10857928241,-1.60907619541,-0.503862949278,-0.500496913007,4.1426187627,-2.01906504004,-0.370999846235,-0.19711395418,0.20297699594,0.173885892054,2.61883797076,-5.0123674874,-0.911834541365,0.123125139915,1.05765950188,1.03495968128,4.5616613632,-9.37767428557,,,,,,
2026-08-12T23:00:00Z,2026-08-13T01:00:00+02:00,2026-08-13T22:00:00Z,63432.28,63482.89,63378.23,63479.99,998.04154,63291271.9018,54085,551.63056,34978500.4999,28312771.4019,0.552659149499,0.0752140708169,0.165135567844,1878.46,1880.11,1874.81,1879.81,3887.5396,7298807.1479,32335,2126.6307,3992843.68485,3305963.46305,0.547054279411,0.0724001171178,0.282695313125,0.02961,0.02964,0.02958,0.02962,0,0.202839756592,0.0296126385653,2.4859097462,3347255.37,33472.5537,0.110793586745,OKX_CONTRACT_OI_HISTORY,6776443.41,677644.341,0.241246816558,OKX_CONTRACT_OI_HISTORY,1.88,0.652777777778,0.347222222222,OKX_GLOBAL_ACCOUNT_RATIO,1.85,0.649122807018,0.350877192982,OKX_GLOBAL_ACCOUNT_RATIO,,,,,PRICE_UP_OI_UP,PRICE_UP_OI_UP,PASS,PASS,0.0928397500454,0.0228798859198,-0.0337495781303,-0.0699598641255,1.77165552858,-1.61862344218,-1.18314060826,-1.86680726885,-0.637370010064,-0.683666660599,3.20567075193,-0.323285475735,-0.188694968553,-0.147668902948,0.0675675675676,0.0410260656059,2.89621525503,-4.56514649034,-0.766015199935,0.355015054774,1.16120218579,1.12103025471,4.60885581009,-9.14129691338,,,,,,
2026-08-13T00:00:00Z,2026-08-13T02:00:00+02:00,2026-08-13T22:00:00Z,63479.99,63717.31,63460.32,63556.92,406.77009,25862713.1607,70756,235.14697,14952114.9512,10910598.2095,0.578134044109,0.121187794768,0.404961714659,1879.8,1885.55,1877.26,1880.29,6876.0925,12935742.7657,63185,3616.4805,6803680.9163,6132061.8494,0.52595981843,0.0255344955075,0.441601056859,0.02961,0.02962,0.02955,0.02959,-0.101282916948,0.236886632826,0.029584347385,1.91067760824,3337148.56,33371.4856,-0.301943200707,OKX_CONTRACT_OI_HISTORY,6704400.53,670440.053,-1.06313704168,OKX_CONTRACT_OI_HISTORY,1.89,0.653979238754,0.346020761246,OKX_GLOBAL_ACCOUNT_RATIO,1.9,0.655172413793,0.344827586207,OKX_GLOBAL_ACCOUNT_RATIO,0.0001,OKX_FUNDING_HISTORY,0.0001,OKX_FUNDING_HISTORY,PRICE_UP_OI_DOWN,PRICE_UP_OI_DOWN,PASS,PASS,-0.067720136434,-0.33446411534,-0.269632625548,-0.266743978906,1.01615946558,-1.75680315877,-0.877717631599,-1.62348533997,-0.738007380074,-0.745767708376,3.86305496778,-1.63009458139,-0.290467504428,-0.109437670996,0.203183203522,0.181029833432,2.65371637405,-5.54798636047,-0.754341036852,0.265021436342,1.02424035507,1.01936247319,4.31019710189,-9.26777575628,-2.17197663896,-1.69857484917,0.509510869565,0.473401789792,5.30805725969,0.47725297622
2026-08-13T01:00:00Z,2026-08-13T03:00:00+02:00,2026-08-13T22:00:00Z,63556.91,63631.67,63382.45,63456.11,317.88444,20180200.624,68777,159.67562,10135967.813,10044232.8111,0.502272896183,-0.158613727663,0.393200325958,1880.28,1882.83,1875.01,1878.09,6179.0307,11607857.3361,43123,2927.9517,5500296.60596,6107560.7301,0.473842540163,-0.117003228225,0.417064442323,0.02959,0.02961,0.02958,0.0296,0.0337952010814,0.101419878296,0.0295966771364,1.12271509885,3336546.85,33365.4685,-0.0180306626804,OKX_CONTRACT_OI_HISTORY,6709732.68,670973.268,0.0795320920363,OKX_CONTRACT_OI_HISTORY,1.91,0.656357388316,0.343642611684,OKX_GLOBAL_ACCOUNT_RATIO,1.93,0.658703071672,0.341296928328,OKX_GLOBAL_ACCOUNT_RATIO,,,,,PRICE_DOWN_OI_DOWN,PRICE_DOWN_OI_UP,PASS,PASS,-0.0216165696363,0.00745493756489,0,0.0290715072012,-0.210870178004,-2.06805908199,-0.601331453634,-1.22178276145,-0.637797918765,-0.620451307816,4.77987160358,-2.62393723036,-0.560521391925,-0.354419902694,0.237047070775,0.206101489231,3.07393928458,-5.37351286665,-0.943931390179,-0.00266220835509,0.954979536153,0.941269181824,3.1762689218,-10.0373514458,-2.65973349589,-2.44853861617,0.237047070775,0.211194879729,5.78335662247,0.185586485727
2026-08-13T02:00:00Z,2026-08-13T04:00:00+02:00,2026-08-13T22:00:00Z,63456.1,63582,63380,63550.01,458.1649,29074982.8216,59721,286.82641,18201239.1207,10873743.7009,0.626010313828,0.147976294166,0.318712527611,1878.09,1883.28,1873.17,1881.93,5675.9832,10656298.6407,47544,3120.9458,5860530.6084,4795768.03232,0.549959306321,0.204463044902,0.539726773331,0.02959,0.02962,0.02955,0.02962,0.0675675675676,0.236886632826,0.0296133706352,2.23863905671,3356690.28,33566.9028,0.603720879867,OKX_CONTRACT_OI_HISTORY,6743088.51,674308.851,0.497126064343,OKX_CONTRACT_OI_HISTORY,1.91,0.656357388316,0.343642611684,OKX_GLOBAL_ACCOUNT_RATIO,1.95,0.661016949153,0.338983050847,OKX_GLOBAL_ACCOUNT_RATIO,,,,,PRICE_UP_OI_UP,PRICE_UP_OI_UP,PASS,PASS,0.185599508641,0.185259123213,0,-0.000340385428044,0.392975919167,-0.252159024995,0.294523383298,-0.310415883123,-0.537273337811,-0.60493926642,5.34460680075,-1.91369213224,-0.313334512946,-0.134785907974,0.20297699594,0.178548604971,4.26921628558,-4.52303612828,-0.772243213673,0.17725966145,0.988748721446,0.949502875123,3.40972266715,-10.3689615725,-2.38092202472,-2.16218183331,0.270819228165,0.218740191414,6.21880618475,1.05034437409
2026-08-13T03:00:00Z,2026-08-13T05:00:00+02:00,2026-08-13T22:00:00Z,63550.01,63686.4,63514.21,63646.99,401.71819,25547102.845,59441,182.3,11593235.3295,13953867.5154,0.453798436554,0.15260422461,0.271104686652,1881.94,1888.89,1881.68,1887.52,6304.2606,11881752.1393,43224,3893.8218,7338689.11585,4543063.02343,0.617643679975,0.297035490162,0.383168232643,0.02962,0.02967,0.0296,0.02966,0.135043889264,0.236486486486,0.0296560764303,1.323023862,3363823.56,33638.2356,0.212509329279,OKX_CONTRACT_OI_HISTORY,6796753.63,679675.363,0.795853708881,OKX_CONTRACT_OI_HISTORY,1.9,0.655172413793,0.344827586207,OKX_GLOBAL_ACCOUNT_RATIO,1.96,0.662162162162,0.337837837838,OKX_GLOBAL_ACCOUNT_RATIO,,,,,PRICE_UP_OI_UP,PRICE_UP_OI_UP,PASS,PASS,0.263075025689,0.41014783409,0.135043889264,0.1470728084,0.494978367904,0.299717990267,0.323952140453,-0.276317527407,-0.569896077774,-0.60026966786,5.66092518933,0.281153132301,-0.295446474294,0.0477043601785,0.338294993234,0.343150834473,4.95601725313,-3.48521240385,-0.791863332264,0.345023736995,1.15961800819,1.13688706926,3.47460701004,-9.29333055619,-2.05444553039,-1.56041388518,0.542372881356,0.494031645206,6.39665204426,1.76117778324
2026-08-13T04:00:00Z,2026-08-13T06:00:00+02:00,2026-08-13T22:00:00Z,63647,63778,63591.56,63693.74,223.42484,14228415.0374,47062,108.33255,6899799.76718,7328615.27025,0.484931016492,0.0734520202762,0.293183560837,1887.52,1894.99,1885.46,1892.37,4484.4365,8475227.78806,46796,2694.6441,5093074.71373,3382153.07433,0.600936616819,0.256950919725,0.505446946634,0.02965,0.02971,0.02964,0.0297,0.134861766689,0.236167341431,0.029710455062,-3.51898413101,3358672,33586.72,-0.153145963458,OKX_CONTRACT_OI_HISTORY,6818232.65,681823.265,0.31601881088,OKX_CONTRACT_OI_HISTORY,1.9,0.655172413793,0.344827586207,OKX_GLOBAL_ACCOUNT_RATIO,1.96,0.662162162162,0.337837837838,OKX_GLOBAL_ACCOUNT_RATIO,,,,,PRICE_UP_OI_DOWN,PRICE_UP_OI_UP,PASS,PASS,0.215271602211,0.642454089529,0.371747211896,0.427182487318,0.644964993707,1.69787171113,0.317551217379,0.0883270746284,-0.268636668905,-0.229224142751,3.51334884289,-0.30887345281,-0.118928178608,0.156132569783,0.236247046912,0.275060748391,4.70551380958,-3.30916686709,-0.515076414898,0.859160559627,1.33060388946,1.37423697453,3.15542631704,-9.05728557681,-2.01977549094,-1.22247219163,0.746268656716,0.797303299309,6.36627257529,2.44229698413
2026-08-13T05:00:00Z,2026-08-13T07:00:00+02:00,2026-08-13T22:00:00Z,63693.73,64010,63671.64,63878,500.10882,31968099.8955,88932,260.1372,16627393.2034,15340706.6922,0.520124538453,0.289290595905,0.531413985881,1892.37,1900,1891.77,1895.81,7618.3359,14454297.7653,68798,4356.0906,8265012.80661,6189284.95871,0.571803137088,0.18178263236,0.435042314869,0.02971,0.02973,0.02967,0.02969,-0.03367003367,0.202224469161,0.0296786060929,3.83909779989,3352159.62,33521.5962,-0.193897469,OKX_CONTRACT_OI_HISTORY,6821063.78,682106.378,0.0415229304327,OKX_CONTRACT_OI_HISTORY,1.82,0.645390070922,0.354609929078,OKX_GLOBAL_ACCOUNT_RATIO,1.77,0.638989169675,0.361010830325,OKX_GLOBAL_ACCOUNT_RATIO,,,,,PRICE_UP_OI_DOWN,PRICE_UP_OI_UP,PASS,PASS,0.664853234779,0.943511759287,0.304054054054,0.278658524508,0.467931987827,1.65924792104,0.641237730617,0.406219877763,-0.168123739072,-0.235017852854,3.13698826749,-0.672385598513,0.0439467914927,0.216735123248,0.236326806212,0.172788331756,4.79642037226,-2.94706154046,-0.190625,1.16220124544,1.36565380676,1.35282624544,2.99414423214,-8.45069062799,-1.92833236098,-1.42265114368,0.575880758808,0.505681217294,5.99794989742,2.08076883553
2026-08-13T06:00:00Z,2026-08-13T08:00:00+02:00,2026-08-13T22:00:00Z,63878.01,63942.36,63757.47,63942.35,256.03719,16345965.8779,57503,108.86812,6950042.07784,9395923.80006,0.425183934052,0.100738908544,0.28998954946,1895.8,1898.62,1892.17,1898.62,3461.1079,6557908.48959,41673,1718.1686,3255935.93136,3301972.55822,0.496489991669,0.148221604486,0.340878462295,0.02968,0.02972,0.02965,0.02969,0,0.236087689713,0.0296926841131,-0.903964458396,3304897.27,33048.9727,-1.40990750315,OKX_CONTRACT_OI_HISTORY,6805131.49,680513.149,-0.23357485744,OKX_CONTRACT_OI_HISTORY,1.78,0.640287769784,0.359712230216,OKX_GLOBAL_ACCOUNT_RATIO,1.72,0.632352941176,0.367647058824,OKX_GLOBAL_ACCOUNT_RATIO,,,,,PRICE_UP_OI_DOWN,PRICE_UP_OI_DOWN,PASS,PASS,0.617372050768,0.886855515349,0.236326806212,0.269483464581,-1.5429785199,0.920097369447,0.876778511038,0.693166450107,-0.201680672269,-0.183612060931,1.19578958294,-1.42445015624,0.361596101957,0.576883346665,0.202497468782,0.215287244708,3.55179373982,-3.18528719205,-0.0420983321995,1.3007939218,1.33105802048,1.342892254,1.59800991563,-8.32242953773,-2.07819673688,-1.52539120242,0.575880758808,0.552805534458,4.42459828109,1.82870373651
2026-08-13T07:00:00Z,2026-08-13T09:00:00+02:00,2026-08-13T22:00:00Z,63942.36,63947.09,63856.13,63865.84,533.09585,34057425.434,54224,388.51059,24820215.2262,9237210.20772,0.728775440597,-0.119654657672,0.142445212386,1898.62,1898.93,1895.31,1895.57,4212.4745,7990989.85394,24991,2228.5821,4227537.17355,3763452.68039,0.529037985384,-0.160642993332,0.190997778727,0.0297,0.02971,0.02968,0.02968,-0.0336813742001,0.101078167116,0.029680498996,-0.168122517237,3291068.81,32910.6881,-0.418423293381,OKX_CONTRACT_OI_HISTORY,6808859.34,680885.934,0.0547799848611,OKX_CONTRACT_OI_HISTORY,1.76,0.63768115942,0.36231884058,OKX_GLOBAL_ACCOUNT_RATIO,1.67,0.625468164794,0.374531835206,OKX_GLOBAL_ACCOUNT_RATIO,,,,,PRICE_DOWN_OI_DOWN,PRICE_DOWN_OI_UP,PASS,PASS,0.343849724865,0.426485547173,0.0674308833446,0.0826358223078,-2.16285868454,0.178110178168,0.701233390586,0.8614543094,0.168747890651,0.160220918814,0.0633307676691,-1.14800432491,0.0436260602817,0.205107602197,0.168747890651,0.161481541915,2.40025854731,-2.56710362873,-0.312412248683,0.938257142096,1.26236779256,1.25066939078,0.911493210816,-8.98957940568,-2.05035893436,-1.54212937473,0.542005420054,0.508229559624,3.96484830852,0.762766667275
2026-08-13T08:00:00Z,2026-08-13T10:00:00+02:00,2026-08-14T10:00:00Z,63865.84,63915,63742,63766.8,439.81868,28068936.0656,34954,191.01179,12190721.4111,15878214.6545,0.434313626374,-0.155075076128,0.271406607888,1895.57,1897,1888.38,1890.05,7584.8891,14349150.2797,39318,4062.5627,7684748.76619,6664401.51353,0.535554274391,-0.291205283899,0.45647592116,0.02968,0.02968,0.02963,0.02963,-0.16846361186,0.168747890651,0.029640032117,-3.3846511997,3285174.05,32851.7405,-0.179113848428,OKX_CONTRACT_OI_HISTORY,6830696.69,683069.669,0.320719652288,OKX_CONTRACT_OI_HISTORY,1.74,0.63503649635,0.36496350365,OKX_GLOBAL_ACCOUNT_RATIO,1.65,0.622641509434,0.377358490566,OKX_GLOBAL_ACCOUNT_RATIO,6.91212484189e-05,OKX_FUNDING_HISTORY,1.6250221253e-05,OKX_FUNDING_HISTORY,UNAVAILABLE,UNAVAILABLE,PASS,PASS,0.114705149988,-0.122597589266,-0.23569023569,-0.237302739254,-2.18830388916,0.182804557131,0.262279915453,0.182868652603,-0.134816312774,-0.0794112628502,-0.557119426839,0.0938825888414,-0.0441100814579,-0.047595124144,-0.0337381916329,-0.00348504268608,1.96273040335,-2.38307164928,-0.576287322599,0.576838139431,1.12627986348,1.15312546203,0.802505295272,-8.98067720549,-2.26648303226,-1.90730745277,0.372628726287,0.359175579489,3.14358103025,1.38728499909
2026-08-13T09:00:00Z,2026-08-13T11:00:00+02:00,2026-08-14T10:00:00Z,63766.8,63786.49,63587.99,63782.64,337.82326,21517280.4843,48123,209.46632,13341847.1091,8175433.37523,0.620052665057,0.0248405126178,0.312165866542,1890.05,1890.59,1881.39,1889.78,5856.4852,11051519.5681,54141,3104.7581,5858848.52535,5192671.04274,0.530139632767,-0.0142853363668,0.489000154141,0.02963,0.02964,0.02959,0.02963,0,0.168976005407,0.0296284380828,0.527168241806,3271021.95,32710.2195,-0.430786916754,OKX_CONTRACT_OI_HISTORY,6831965.38,683196.538,0.018573361658,OKX_CONTRACT_OI_HISTORY,1.76,0.63768115942,0.36231884058,OKX_GLOBAL_ACCOUNT_RATIO,1.76,0.63768115942,0.36231884058,OKX_GLOBAL_ACCOUNT_RATIO,,,,,PRICE_UP_OI_DOWN,PRICE_DOWN_OI_UP,PASS,PASS,-0.149284573719,-0.318069848772,-0.2020882452,-0.168785275053,-2.42045962,0.15982257829,0.492848334398,0.629942224234,0.101351351351,0.137093889836,-2.17058273312,-0.284011024406,-0.508775626938,-0.842673047055,-0.302826379542,-0.333897420117,0.846466758145,-2.30040775944,-0.804603421462,0.231779825078,1.09177755032,1.03638324654,0.339443513512,-8.92837418411,-1.82338052224,-1.38854826001,0.440677966102,0.434832262235,2.6368030445,1.54694097052
2026-08-13T10:00:00Z,2026-08-13T12:00:00+02:00,2026-08-14T10:00:00Z,63782.65,63818.16,63586,63651.19,317.79982,20231352.6259,53154,118.17377,7522400.17707,12708952.4489,0.371818944396,-0.206090560065,0.365111817067,1889.78,1890.24,1882.08,1883.17,8965.8576,16901614.5629,71400,4718.0116,8894645.92686,8006968.63602,0.526260132946,-0.349776164421,0.433562866616,0.02963,0.02964,0.02956,0.02958,-0.168747890651,0.270635994587,0.0295857783649,-1.95308867495,3269665.98,32696.6598,-0.0414540171459,OKX_CONTRACT_OI_HISTORY,6808513.86,680851.386,-0.343261692582,OKX_CONTRACT_OI_HISTORY,1.76,0.63768115942,0.36231884058,OKX_GLOBAL_ACCOUNT_RATIO,1.79,0.641577060932,0.358422939068,OKX_GLOBAL_ACCOUNT_RATIO,,,,,PRICE_DOWN_OI_DOWN,PRICE_DOWN_OI_DOWN,PASS,PASS,-0.455347668642,-0.813748933436,-0.370495116201,-0.358401264794,-1.06603283315,0.0497032277035,0.34510820043,0.251270994703,-0.135043889264,-0.0938372057274,-2.20977492333,0.715652297348,-0.767296879989,-1.36184834247,-0.638226402419,-0.594551462485,1.84130128878,-1.31786222803,-0.906135344587,-0.158523136956,0.74931880109,0.747612207632,0.490580899289,-7.93012942429,-2.09476372901,-1.80315473863,0.30518819939,0.291608990385,2.98513603219,2.5709211583
2026-08-13T11:00:00Z,2026-08-13T13:00:00+02:00,2026-08-14T10:00:00Z,63651.2,63660.76,63350,63484.3,355.63538,22580503.8948,73629,163.16174,10358935.7836,12221568.1112,0.458755740432,-0.262194626683,0.490544593528,1883.18,1883.72,1875.49,1880.39,7000.7025,13154267.4191,74561,3664.9608,6885728.84934,6268538.56973,0.523459697904,-0.147623422208,0.438818655391,0.02959,0.02963,0.02954,0.02962,0.135226504395,0.304671631686,0.0296197642567,0.0795898723149,3268058.01,32680.5801,-0.049178417913,OKX_CONTRACT_OI_HISTORY,6843321.4,684332.14,0.51123550184,OKX_CONTRACT_OI_HISTORY,1.88,0.652777777778,0.347222222222,OKX_GLOBAL_ACCOUNT_RATIO,1.88,0.652777777778,0.347222222222,OKX_GLOBAL_ACCOUNT_RATIO,,,,,PRICE_DOWN_OI_DOWN,PRICE_DOWN_OI_UP,PASS,PASS,-0.59740856771,-0.800814530722,-0.202156334232,-0.203405963012,-0.69918927037,0.506135584231,0.00678954108217,0.0308541820716,0,0.0240646409894,-2.36603877642,0.986918741198,-1.17643139699,-1.8365290749,-0.637370010064,-0.660097677905,0.763784562478,0.660442700516,-1.40592645672,-0.664564150515,0.714042842571,0.741362306208,0.639493502369,-6.68084627544,-2.52077588698,-2.08443986211,0.440827399118,0.436336024867,2.76185183393,3.11653872514
2026-08-13T12:00:00Z,2026-08-13T14:00:00+02:00,2026-08-14T10:00:00Z,63484.31,63710,63450,63697.76,384.47294,24441441.3671,78708,213.5408,13574089.2575,10867352.1096,0.555371880637,0.336240613821,0.409771473601,1880.4,1890.18,1879.17,1889.04,6735.8049,12703819.1341,69552,3425.3776,6458682.75425,6245136.37985,0.508404810087,0.460010955174,0.58589696515,0.02962,0.02969,0.02961,0.02966,0.135043889264,0.270178993583,0.0296563018857,1.24699106425,3261903.4,32619.034,-0.1883262164,OKX_CONTRACT_OI_HISTORY,6926563.66,692656.366,1.21640143922,OKX_CONTRACT_OI_HISTORY,1.87,0.651567944251,0.348432055749,OKX_GLOBAL_ACCOUNT_RATIO,1.9,0.655172413793,0.344827586207,OKX_GLOBAL_ACCOUNT_RATIO,,,,,PRICE_UP_OI_DOWN,PRICE_UP_OI_UP,PASS,PASS,-0.108269507016,-0.0534377397423,0.101248734391,0.0548317672739,-0.708353641111,1.40347279861,0.221596641247,0.465353748624,0.23656640757,0.243757107377,-2.25477405777,3.3136911944,-0.658065983143,-1.16568654124,-0.50318685005,-0.507620558095,1.52117774876,1.62958031241,-0.982822791416,0.0550847457627,1.05621805792,1.03790753718,0.837379385556,-4.08074656009,-1.80819552726,-0.88982161595,0.918679823069,0.91837391131,2.75594243841,4.15446375975
2026-08-13T13:00:00Z,2026-08-13T15:00:00+02:00,2026-08-14T10:00:00Z,63697.76,63850,63566,63724,561.86509,35809337.2823,150420,254.61481,16226424.686,19582912.5963,0.45313390075,0.0411945412209,0.44677972501,1889.04,1895.71,1887.06,1890.39,11615.9175,21974831.3288,99830,6286.7762,11893064.3967,10081766.932,0.5412130004,0.0714648710456,0.458385001007,0.02966,0.02971,0.02964,0.02966,0,0.236167341431,0.0296652752495,-1.77825739662,3265827.61,32658.2761,0.120304298404,OKX_CONTRACT_OI_HISTORY,6951346.24,695134.624,0.357790402521,OKX_CONTRACT_OI_HISTORY,1.83,0.646643109541,0.353356890459,OKX_GLOBAL_ACCOUNT_RATIO,1.8,0.642857142857,0.357142857143,OKX_GLOBAL_ACCOUNT_RATIO,,,,,PRICE_UP_OI_UP,PRICE_UP_OI_UP,PASS,PASS,-0.0919372418577,0.0322788896062,0.101248734391,0.124216131464,-0.15879868981,1.74738678199,0.422165808777,0.654920690702,0.202702702703,0.232754881925,-2.11953385279,3.60094166971,-0.181704260652,-0.574863778848,-0.436388049681,-0.393159518197,2.55902675403,0.882517990233,-0.741865923326,0.0190473167093,0.678886625933,0.760913240035,1.75958876287,-2.34472255302,-1.29794656236,-0.379953625632,0.884353741497,0.917992936725,3.34480457928,1.38756299072
2026-08-13T14:00:00Z,2026-08-13T16:00:00+02:00,2026-08-14T10:00:00Z,63723.99,63999,63686,63859.45,669.38212,42755872.8056,148001,389.1279,24856112.6418,17899760.1639,0.581349672237,0.212557278263,0.491473793298,1890.39,1897.36,1888.64,1893.43,7248.0518,13724452.4846,82960,3819.4312,7232882.03703,6491570.44757,0.527006964041,0.160813377134,0.461707895629,0.02967,0.02968,0.02963,0.02964,-0.0674308833446,0.168747890651,0.0296499578371,-3.35846585298,3252064.95,32520.6495,-0.421414160314,OKX_CONTRACT_OI_HISTORY,6911041.2,691104.12,-0.579816320587,OKX_CONTRACT_OI_HISTORY,1.79,0.641577060932,0.358422939068,OKX_GLOBAL_ACCOUNT_RATIO,1.73,0.6336996337,0.3663003663,OKX_GLOBAL_ACCOUNT_RATIO,,,,,PRICE_UP_OI_DOWN,PRICE_UP_OI_DOWN,PASS,PASS,0.32718948381,0.544826011459,0.202839756592,0.217636527649,-0.538312785088,1.50586959369,0.486923605519,0.611074800869,0.067521944632,0.12415119535,-3.11691938405,2.49073832786,0.782881092694,0.298762044507,-0.470114170584,-0.484119048187,2.06110033132,0.529381132208,0.140222609273,1.05353607053,0.953678474114,0.913313461262,-0.0559927269015,-3.65562734444,-1.18578084253,-0.00844955877459,1.16040955631,1.17733128376,-0.136187628933,-3.60158632262
2026-08-13T15:00:00Z,2026-08-13T17:00:00+02:00,2026-08-14T10:00:00Z,63859.46,63940.08,63420,63420.01,505.15868,32180488.0212,147692,251.76594,16037236.4945,16143251.5267,0.49835280571,-0.688136211634,0.820056764428,1893.44,1896.04,1880,1880.01,7332.7645,13849415.4044,85990,3115.6843,5884498.9081,7964916.49634,0.424891501645,-0.708766629873,0.853191489362,0.02965,0.02968,0.0296,0.02965,0.0337381916329,0.27027027027,0.0296437985424,2.09199153196,3223070.48,32230.7048,-0.891571061642,OKX_CONTRACT_OI_HISTORY,6884979.48,688497.948,-0.377102657122,OKX_CONTRACT_OI_HISTORY,1.8,0.642857142857,0.357142857143,OKX_GLOBAL_ACCOUNT_RATIO,1.77,0.638989169675,0.361010830325,OKX_GLOBAL_ACCOUNT_RATIO,,,,,PRICE_DOWN_OI_DOWN,PRICE_DOWN_OI_DOWN,PASS,PASS,-0.101269132683,-0.0202085737533,0.101282916948,0.0810605589299,-1.37658296953,0.6087406621,-0.356623306145,-0.397876578791,-0.0337154416723,-0.0412532726459,-4.18431815728,1.29805867334,-0.0338264545257,-0.673094703474,-0.603419376467,-0.639268248948,1.23973591148,1.58286133826,-0.29847569253,0.927128853195,1.22908842608,1.22560454572,-1.44511630041,-4.49608167201,-1.36855386758,0.160362280234,1.54109589041,1.52891614782,-0.639909689418,-5.40267228478
2026-08-13T16:00:00Z,2026-08-13T18:00:00+02:00,2026-08-14T10:00:00Z,63420.01,63568.97,62802.27,63160.13,1752.37181,110707991.858,270783,790.4043,49949281.7834,60758710.0748,0.45118045179,-0.409776031256,1.2208157444,1880.01,1884.94,1863.67,1874.85,20788.5995,38955625.0246,173037,9804.7728,18376603.7543,20579021.2703,0.471731713782,-0.274466625178,1.14129647416,0.02964,0.02971,0.0296,0.02969,0.134907251265,0.371621621622,0.0296840744311,1.99621143025,3191867.97,31918.6797,-0.968098904247,OKX_CONTRACT_OI_HISTORY,6844527.31,684452.731,-0.587542346604,OKX_CONTRACT_OI_HISTORY,1.84,0.647887323944,0.352112676056,OKX_GLOBAL_ACCOUNT_RATIO,1.93,0.658703071672,0.341296928328,OKX_GLOBAL_ACCOUNT_RATIO,5.59148615532e-05,OKX_FUNDING_HISTORY,7.53132654536e-05,OKX_FUNDING_HISTORY,PRICE_DOWN_OI_DOWN,PRICE_DOWN_OI_DOWN,PASS,PASS,-0.844032819992,-0.751175200102,0.101146325017,0.0928576198908,-2.14707247308,-1.18437300264,-0.83777463845,-0.925823174115,-0.03367003367,-0.0880485356654,-4.96636855281,0.385652138168,-0.522883784633,-0.838313852012,-0.302216252518,-0.315430067379,-1.62750556201,0.0755875082835,-0.554945090414,0.537853519375,1.08954715696,1.09279860979,-1.15501488526,-4.2189895316,-1.16504823984,0.132987246042,1.36565380676,1.29803548588,-0.482878480952,-6.02467287826
2026-08-13T17:00:00Z,2026-08-13T19:00:00+02:00,2026-08-14T10:00:00Z,63160.13,63294.61,63074.44,63144.38,644.48394,40713542.9538,166027,332.09058,20977241.6592,19736301.2947,0.515239896536,-0.0249366174515,0.349063741192,1874.86,1881.01,1873.73,1876.98,5292.3609,9936133.65977,90989,2812.456,5279608.06569,4656525.59408,0.531354372482,0.113609088727,0.388529830872,0.02969,0.02973,0.02969,0.02973,0.1347254968,0.1347254968,0.0297252106997,1.6111913819,3233374.43,32333.7443,1.30038148163,OKX_CONTRACT_OI_HISTORY,7043938.18,704393.818,2.91343523034,OKX_CONTRACT_OI_HISTORY,1.87,0.651567944251,0.348432055749,OKX_GLOBAL_ACCOUNT_RATIO,1.94,0.659863945578,0.340136054422,OKX_GLOBAL_ACCOUNT_RATIO,,,,,PRICE_DOWN_OI_UP,PRICE_UP_OI_UP,PASS,PASS,-0.909578808612,-0.709377430054,0.236008091706,0.200201378558,-0.993719934899,1.33200011628,-1.14847052193,-0.99324299376,0.1347254968,0.155227528173,-3.54354217774,3.26744342508,-0.514597217627,-0.591057866472,-0.0336247478144,-0.0764606488448,-0.517714412627,2.57308800754,-0.728683301503,0.659090787209,1.36379133992,1.38777408871,-1.74963574546,-4.06013616833,-1.26445904683,0.175054704595,1.46757679181,1.43951375142,0.883448845442,-5.14911617577
2026-08-13T18:00:00Z,2026-08-13T20:00:00+02:00,2026-08-14T10:00:00Z,63144.37,63369.63,63105.44,63310,325.89181,20601795.6739,93018,182.53913,11539786.1206,9062009.55325,0.560134966063,0.262287791883,0.418648534897,1876.98,1887.3,1876.63,1885.52,3857.1663,7256493.91614,82423,2152.5652,4049796.62156,3206697.29459,0.558092746767,0.454986201238,0.568572387738,0.02973,0.02979,0.02971,0.02978,0.16818028927,0.269269606193,0.0297823408624,-0.785990071704,3261424.53,32614.2453,0.867517839559,OKX_CONTRACT_OI_HISTORY,7073735.42,707373.542,0.423019612588,OKX_CONTRACT_OI_HISTORY,1.88,0.652777777778,0.347222222222,OKX_GLOBAL_ACCOUNT_RATIO,1.95,0.661016949153,0.338983050847,OKX_GLOBAL_ACCOUNT_RATIO,,,,,PRICE_UP_OI_UP,PRICE_UP_OI_UP,PASS,PASS,-0.860405155384,-0.417760360827,0.472334682861,0.442644794558,0.28780421498,2.35412024457,-0.98893769153,-0.689974823819,0.303132367801,0.298962867711,-1.31540367063,3.94707920625,-0.120829973658,-0.00159104770491,0.100840336134,0.119238925954,-0.135343547757,2.46640487409,-0.0995217684736,1.04446337947,1.15489130435,1.14398514795,-3.67064280569,-3.88666366478,-0.906864191378,0.671133772925,1.60354827704,1.5779979643,1.27447852094,-5.45883047517
2026-08-13T19:00:00Z,2026-08-13T21:00:00+02:00,2026-08-14T10:00:00Z,63310,63519.39,63310,63407.99,349.14796,22143116.1524,100752,221.69414,14059832.5423,8083283.61009,0.634952752157,0.154778076133,0.330737640183,1885.52,1892.73,1885.16,1887.41,6746.6604,12739657.1569,92271,3015.3345,5693438.77118,7046218.38572,0.446906749613,0.100237600238,0.401557427486,0.02979,0.0298,0.02975,0.02977,-0.0335795836132,0.168067226891,0.0297661225344,1.30264383467,3261170.8,32611.708,-0.00777972930741,OKX_CONTRACT_OI_HISTORY,7081114.49,708111.449,0.104316454629,OKX_CONTRACT_OI_HISTORY,1.87,0.651567944251,0.348432055749,OKX_GLOBAL_ACCOUNT_RATIO,1.86,0.65034965035,0.34965034965,OKX_GLOBAL_ACCOUNT_RATIO,,,,,PRICE_UP_OI_DOWN,PRICE_UP_OI_UP,PASS,PASS,-0.0189530086798,0.39361492758,0.404721753794,0.41256793626,1.18211253016,2.84873775688,-0.716893412817,-0.430477376198,0.303234501348,0.286416036618,-0.908458975672,3.99854272801,-0.0206871182166,0.427268567293,0.472494093824,0.44795568551,-0.845703542047,2.80463495964,-0.201476328381,0.292789202402,0.472494093824,0.494265530783,-0.556818498115,-3.49077780362,-0.995710875203,0.473779750973,1.53478854025,1.46949062618,1.30438044038,-5.96952006059
2026-08-13T20:00:00Z,2026-08-13T22:00:00+02:00,2026-08-14T22:00:00Z,63408,63474.34,63368,63415.55,239.68311,15201525.629,51169,110.27658,6994091.0709,8207434.55806,0.460091390931,0.0119070148877,0.167813407398,1887.41,1889.56,1885.32,1886.43,2575.2489,4860454.99218,26996,1087.1968,2052079.46755,2808375.52463,0.422199047383,-0.0519230056003,0.224895508455,0.02977,0.02978,0.02975,0.02975,-0.0671817265704,0.100840336134,0.0297471203829,0.968032208986,3268726.98,32687.2698,0.231701449062,OKX_CONTRACT_OI_HISTORY,7040385.68,704038.568,-0.575175137438,OKX_CONTRACT_OI_HISTORY,1.87,0.651567944251,0.348432055749,OKX_GLOBAL_ACCOUNT_RATIO,1.84,0.647887323944,0.352112676056,OKX_GLOBAL_ACCOUNT_RATIO,,,,,UNAVAILABLE,UNAVAILABLE,PASS,PASS,0.404400687586,0.617649411953,0.2020882452,0.213248724367,2.40796332187,2.86153244964,-0.550835230872,-0.191529324621,0.404994937563,0.359305906251,-0.500645315885,3.06980385042,-0.290000045597,-0.00901091911374,0.269632625548,0.280989126484,-1.05497555041,3.16656845059,-0.509021022906,0.223672046838,0.74500507958,0.732693069744,-0.228667584373,-1.98488078489,-1.15799153659,0.356434168737,1.5011941317,1.51442570532,2.48387484235,-6.28965523179
2026-08-13T21:00:00Z,2026-08-13T23:00:00+02:00,2026-08-14T22:00:00Z,63415.56,63500,63390,63474,188.33344,11950084.9461,48570,100.16061,6355167.68161,5594917.26446,0.531809414769,0.0921698227012,0.173528947784,1886.43,1889.47,1886.01,1888.76,1906.7376,3600116.15071,24656,981.5694,1853177.69613,1746938.45458,0.514754974159,0.123513726987,0.183456079236,0.02975,0.02977,0.02975,0.02975,0,0.0672268907563,0.029756435706,-2.16279463775,3263954.94,32639.5494,-0.145990779566,OKX_CONTRACT_OI_HISTORY,7034342.96,703434.296,-0.085829388824,OKX_CONTRACT_OI_HISTORY,1.87,0.651567944251,0.348432055749,OKX_GLOBAL_ACCOUNT_RATIO,1.84,0.647887323944,0.352112676056,OKX_GLOBAL_ACCOUNT_RATIO,,,,,PRICE_UP_OI_DOWN,PRICE_UP_OI_DOWN,PASS,PASS,0.522010034781,0.62760391693,0.067272115708,0.10559388215,0.945776947955,-0.13621953735,-0.483893423038,-0.0539745367186,0.404994937563,0.429918886319,-0.216048993496,2.96221612294,0.00657005068392,0.575627679118,0.506756756757,0.569057628434,-2.38194220447,2.66979207818,-0.312111637117,0.216482373666,0.540723217303,0.528594010782,-0.0366583252579,-1.45630201991,-0.801725350462,0.763423937688,1.53583617747,1.56514928815,2.58673251233,-5.8664315114
2026-08-13T22:00:00Z,2026-08-14T00:00:00+02:00,2026-08-14T22:00:00Z,63474,63640,63473.99,63530.01,226.97651,14429017.1229,60979,110.16119,7002144.55495,7426872.56798,0.485282157148,0.0882408545231,0.261540199379,1888.77,1893.03,1888.6,1889.4,2636.376,4984921.40476,31627,1353.4578,2559190.50416,2425730.9006,0.513386329765,0.0338846650713,0.234565286456,0.02975,0.02977,0.02972,0.02974,-0.0336134453781,0.168236877524,0.0297402755013,-0.0926357573838,3273808.73,32738.0873,0.301897243716,OKX_CONTRACT_OI_HISTORY,7050905.44,705090.544,0.235451698818,OKX_CONTRACT_OI_HISTORY,1.88,0.652777777778,0.347222222222,OKX_GLOBAL_ACCOUNT_RATIO,1.81,0.644128113879,0.355871886121,OKX_GLOBAL_ACCOUNT_RATIO,,,,,PRICE_UP_OI_UP,PRICE_UP_OI_UP,PASS,PASS,0.347512241352,0.205778777207,-0.134318334453,-0.141733464145,0.379717509514,-0.3227429165,-0.190381358149,0.330825151208,0.540906017579,0.521206509357,0.126702544705,3.56012464664,0.154069820602,0.582927413559,0.405131667792,0.428857592957,-2.08587221969,4.30125505781,-0.21750162443,0.384664428104,0.608930987821,0.602166052534,0.478340137358,-0.92670713965,-0.759169582604,0.706770283668,1.46707608325,1.46593986627,2.38063871638,-5.47977691727
2026-08-13T23:00:00Z,2026-08-14T01:00:00+02:00,2026-08-14T22:00:00Z,63530.01,63539.03,63400,63490.86,397.80966,25247501.6703,46382,220.31486,13982913.9768,11264587.6934,0.553833569731,-0.0616244197034,0.21929022082,1889.41,1889.41,1884.6,1886.15,3185.2863,6008747.40788,35772,1382.0236,2606948.32862,3401799.07927,0.433858864694,-0.17201227903,0.255226573278,0.02975,0.02975,0.02971,0.02971,-0.100874243443,0.134634803097,0.0297074256043,0.866583251595,3249615,32496.15,-0.739008659189,OKX_CONTRACT_OI_HISTORY,7037688.89,703768.889,-0.187444720575,OKX_CONTRACT_OI_HISTORY,1.87,0.651567944251,0.348432055749,OKX_GLOBAL_ACCOUNT_RATIO,1.79,0.641577060932,0.358422939068,OKX_GLOBAL_ACCOUNT_RATIO,,,,,PRICE_DOWN_OI_DOWN,PRICE_DOWN_OI_DOWN,PASS,PASS,0.130693308525,-0.0667581500575,-0.201545179711,-0.197451458582,-0.354345132736,-0.613259396686,0.0103332634998,0.306319433734,0.303848750844,0.295986170235,-0.564341573606,2.84025078816,0.0171235061631,0.337268128162,0.303848750844,0.320144621999,-2.91702780956,3.85520049669,-0.171603773585,0.18910118507,0.371621621622,0.360704958654,-0.105295958951,-0.88594154382,-0.749022862432,0.693480535566,1.46857923497,1.442503398,1.55738639485,-5.63851174071
2026-08-14T00:00:00Z,2026-08-14T02:00:00+02:00,2026-08-14T22:00:00Z,63490.86,63552.99,63410,63541.45,377.80366,23985967.7018,79129,155.60737,9879560.84783,14106406.8539,0.411889191658,0.0796807603488,0.225500709667,1886.16,1889.49,1883.53,1889.4,3116.909,5881080.94593,41572,1499.4508,2829200.38304,3051880.56288,0.481068090893,0.172308671103,0.316427134158,0.02972,0.02974,0.0297,0.02973,0.0673174015483,0.13468013468,0.0297349210633,-1.65497777072,3243908.62,32439.0862,-0.175601725127,OKX_CONTRACT_OI_HISTORY,7043921.87,704392.187,0.0885657223191,OKX_CONTRACT_OI_HISTORY,1.88,0.652777777778,0.347222222222,OKX_GLOBAL_ACCOUNT_RATIO,1.8,0.642857142857,0.357142857143,OKX_GLOBAL_ACCOUNT_RATIO,0.0001,OKX_FUNDING_HISTORY,0.0001,OKX_FUNDING_HISTORY,PRICE_UP_OI_DOWN,PRICE_UP_OI_UP,PASS,PASS,0.198531748128,0.157440244271,-0.0672268907563,-0.0410915038571,-0.759266838493,0.0502272199383,-0.245393244598,0.0190572989455,0.236008091706,0.264450543543,-0.551665018651,1.69432081708,-0.0243403865386,0.484499731424,0.47313281514,0.508840117963,-2.79400027669,5.06415657121,-0.314737190054,0.374531835206,0.677277345073,0.68926902526,-0.214428745472,-0.76478850511,-0.778497813866,0.750805195913,1.50221918744,1.52930300978,1.39576990625,-4.67295386004
2026-08-14T01:00:00Z,2026-08-14T03:00:00+02:00,2026-08-14T22:00:00Z,63541.45,63585.92,63458,63575.86,310.91391,19753825.0129,78725,176.83279,11235956.8726,8517868.14032,0.568799048551,0.0541536272779,0.201582148823,1889.4,1890.23,1884.85,1889.41,3101.1848,5853655.40136,41612,1362.8066,2572484.36411,3281171.03725,0.439466314247,0.000529268550853,0.285433854153,0.02973,0.02973,0.0297,0.02972,-0.033636057854,0.10101010101,0.0297189845328,0.341689733832,3229003.52,32290.0352,-0.459479650817,OKX_CONTRACT_OI_HISTORY,7055243.54,705524.354,0.160729636259,OKX_CONTRACT_OI_HISTORY,1.87,0.651567944251,0.348432055749,OKX_GLOBAL_ACCOUNT_RATIO,1.79,0.641577060932,0.358422939068,OKX_GLOBAL_ACCOUNT_RATIO,,,,,PRICE_UP_OI_DOWN,PRICE_UP_OI_UP,PASS,PASS,0.160475155182,0.034414112963,-0.100840336134,-0.126061042219,-1.0708303467,0.29712199304,-0.232471282405,-0.0518411544708,0.202292650034,0.180630127935,-1.12755767902,1.49463566355,0.188713112102,0.602740017784,0.405405405405,0.414026905682,-3.22319256509,5.14939829168,-0.372866057185,0.246183884506,0.643413477819,0.619049941691,-0.248332262984,-0.500818154728,-0.75699960038,0.600061763234,1.36425648022,1.35706136361,-0.149300907024,-5.40481635796
2026-08-14T02:00:00Z,2026-08-14T04:00:00+02:00,2026-08-14T22:00:00Z,63575.86,63617.45,63465.38,63465.39,489.39475,31099897.2907,60097,183.92396,11688053.7229,19411843.5678,0.37582290429,-0.173760921205,0.239610950096,1889.41,1891.3,1886.05,1886.62,2797.742,5283579.85263,29486,910.0098,1718813.68886,3564766.16376,0.325312333079,-0.147665144146,0.278359534477,0.02972,0.02973,0.02971,0.02972,0,0.0673174015483,0.0297267534321,-2.27183640585,3280062.56,32800.6256,1.58126306409,OKX_CONTRACT_OI_HISTORY,7080983.94,708098.394,0.364840701162,OKX_CONTRACT_OI_HISTORY,1.87,0.651567944251,0.348432055749,OKX_GLOBAL_ACCOUNT_RATIO,1.79,0.641577060932,0.358422939068,OKX_GLOBAL_ACCOUNT_RATIO,,,,,PRICE_DOWN_OI_UP,PRICE_DOWN_OI_UP,PASS,PASS,-0.101715708844,-0.14713665714,-0.0672494956288,-0.0454209482961,0.191026126319,0.426590602526,-0.61707390214,-0.359664735427,0.269905533063,0.257409166713,0.860917922319,2.45900342773,-0.133154975113,0.249212244876,0.33760972316,0.38236721999,-2.28283557934,5.01098909645,-0.446072267566,0.114090433915,0.541271989175,0.560162701481,1.88892151792,0.261304120955,-0.904369908528,0.426913659108,1.32969655643,1.33128356764,1.04904872561,-5.8775600099
2026-08-14T03:00:00Z,2026-08-14T05:00:00+02:00,2026-08-14T22:00:00Z,63465.39,63576,63301.58,63310,296.84163,18827905.2101,55239,131.83991,8362712.50508,10465192.705,0.444165849135,-0.244842110007,0.433512086112,1886.63,1889.07,1882.44,1883,2946.7122,5554379.11956,31200,1339.9656,2525728.79691,3028650.32266,0.454727475841,-0.191877537607,0.352202460636,0.02972,0.02975,0.02969,0.02973,0.0336473755047,0.2020882452,0.0297425367241,-4.21508231545,3252629.37,32526.2937,-0.836361791831,OKX_CONTRACT_OI_HISTORY,7112853.51,711285.351,0.45007262084,OKX_CONTRACT_OI_HISTORY,1.96,0.662162162162,0.337837837838,OKX_GLOBAL_ACCOUNT_RATIO,1.78,0.640287769784,0.359712230216,OKX_GLOBAL_ACCOUNT_RATIO,,,,,PRICE_DOWN_OI_DOWN,PRICE_DOWN_OI_UP,PASS,PASS,-0.284859899519,-0.167006865838,0.0673174015483,0.117853033682,0.092760834745,1.06802987706,-0.173462602734,0.159041707225,0.26981450253,0.332504309959,0.917103432377,3.30972707561,-0.52946730081,-0.23946766127,0.236008091706,0.28999963954,-3.30558925035,4.65074794833,-0.823349482632,-0.191877537607,0.575101488498,0.631471945025,1.48660242922,1.00344710011,-1.31713797566,0.104729855452,1.39836289222,1.42186783111,0.0541615238746,-5.07479198803
2026-08-14T04:00:00Z,2026-08-14T06:00:00+02:00,2026-08-14T22:00:00Z,63310,63472.5,63276,63372.56,530.66039,33641917.0034,47353,300.70697,19062616.0785,14579300.9249,0.56663287281,0.0988153530248,0.310544282192,1883,1887.87,1882.16,1884.77,2282.5247,4303339.90854,21477,1311.6022,2472602.02289,1830737.88565,0.57457743879,0.0939989378651,0.303374845922,0.02974,0.02975,0.02972,0.02974,0.033636057854,0.100942126514,0.0297411056142,-0.371746154704,3256621.65,32566.2165,0.122740083356,OKX_CONTRACT_OI_HISTORY,7114607.12,711460.712,0.0246540997581,OKX_CONTRACT_OI_HISTORY,1.97,0.6632996633,0.3367003367,OKX_GLOBAL_ACCOUNT_RATIO,1.77,0.638989169675,0.361010830325,OKX_GLOBAL_ACCOUNT_RATIO,,,,,PRICE_UP_OI_UP,PRICE_UP_OI_UP,PASS,PASS,-0.265795004678,-0.245051339049,0.033636057854,0.0207436656286,0.39190468935,1.00349281699,0.336335596523,0.529108995386,0.168406871,0.192773398864,2.02870797316,3.94592347678,-0.504256776255,-0.401612792424,0.13468013468,0.10264398383,-3.03841369446,4.34679315321,-0.622585251463,-0.246107271014,0.371245359433,0.376477980449,1.52412713914,0.893783647311,-1.01673588343,0.454097268488,1.46707608325,1.47083315192,0.0211377172448,-5.10419389292
2026-08-14T05:00:00Z,2026-08-14T07:00:00+02:00,2026-08-14T22:00:00Z,63372.56,63400.3,63286.67,63379.83,201.71573,12778256.5178,53728,98.90294,6265465.88933,6512790.6285,0.490322438009,0.0114718420717,0.179548078608,1884.78,1885.54,1880.55,1884.07,2570.6038,4840805.40061,26231,910.8417,1715057.81692,3125747.5837,0.354291832656,-0.0371398101625,0.265347903539,0.02974,0.02975,0.02971,0.02973,-0.0336247478144,0.134634803097,0.0297266496297,1.12705950416,3256985.71,32569.8571,0.0111790695736,OKX_CONTRACT_OI_HISTORY,7098086.17,709808.617,-0.232211698009,OKX_CONTRACT_OI_HISTORY,1.97,0.6632996633,0.3367003367,OKX_GLOBAL_ACCOUNT_RATIO,1.78,0.640287769784,0.359712230216,OKX_GLOBAL_ACCOUNT_RATIO,,,,,PRICE_UP_OI_UP,PRICE_DOWN_OI_DOWN,PASS,PASS,-0.308340304008,-0.2826279103,0.0336473755047,0.0257123937084,0.866589021247,0.607245231963,0.372875622502,0.377734445759,0,0.00485882325665,0.730236491664,0.768717564185,-0.779877266038,-0.619260368919,0.1347254968,0.16061689712,-2.83918192416,4.06127840077,-0.736273205582,-0.403867400394,0.371370695476,0.332405805187,1.82105934789,0.994528486509,-0.969015625,0.535743824805,1.50221918744,1.50475944981,0.0699531061601,-4.73261830041
2026-08-14T06:00:00Z,2026-08-14T08:00:00+02:00,2026-08-14T22:00:00Z,63379.83,63379.83,62942,62974.14,627.73261,39657229.7158,105882,299.13351,18910295.0461,20746934.6697,0.476843571313,-0.640093228398,0.695608655588,1884.07,1884.08,1872.83,1872.85,6617.5957,12424336.3734,61080,2595.4725,4872265.42131,7552070.95213,0.392154983161,-0.595519274762,0.600695204583,0.02972,0.02974,0.02969,0.02974,0.033636057854,0.168406871,0.0297399853337,0.00493152147785,3262241.36,32622.4136,0.161365460827,OKX_CONTRACT_OI_HISTORY,7143302.24,714330.224,0.63701776672,OKX_CONTRACT_OI_HISTORY,1.97,0.6632996633,0.3367003367,OKX_GLOBAL_ACCOUNT_RATIO,1.84,0.647887323944,0.352112676056,OKX_GLOBAL_ACCOUNT_RATIO,,,,,PRICE_DOWN_OI_UP,PRICE_DOWN_OI_UP,PASS,PASS,-0.774043931661,-0.729876710731,0.0672947510094,0.0441672209297,-0.543318905478,0.880079668702,-0.530500710788,-0.671963171963,-0.134318334453,-0.141462461175,0.0250451909123,0.983452389289,-1.51419208084,-1.35730161907,0.168406871,0.156890461765,-1.29068792507,4.9693492403,-1.15807123842,-0.78824831941,0.371245359433,0.369822919009,2.21526324182,1.62577400338,-1.55565296342,-0.0741633942291,1.50170648464,1.48148956919,0.286696669538,-3.76665088644
2026-08-14T07:00:00Z,2026-08-14T09:00:00+02:00,2026-08-14T22:00:00Z,62974.14,63110,62920,62920.78,730.23378,46022706.237,71713,434.00697,27353956.3439,18668749.8931,0.594357841606,-0.0847331936569,0.301970756516,1872.86,1878.29,1872.28,1873.4,5655.4467,10606939.6857,44206,3153.6221,5914724.28866,4692215.39704,0.557627785574,0.0293670075019,0.320998995877,0.02975,0.02978,0.02973,0.02977,0.100874243443,0.16818028927,0.029773947494,-1.32582150101,3290590.48,32905.9048,0.869007436041,OKX_CONTRACT_OI_HISTORY,7122388.88,712238.888,-0.292768796522,OKX_CONTRACT_OI_HISTORY,1.97,0.6632996633,0.3367003367,OKX_GLOBAL_ACCOUNT_RATIO,1.93,0.658703071672,0.341296928328,OKX_GLOBAL_ACCOUNT_RATIO,,,,,PRICE_DOWN_OI_UP,PRICE_UP_OI_DOWN,PASS,PASS,-0.614784394251,-0.509824747743,0.134544231416,0.104959646508,1.167089935,0.134058293013,-0.768373197132,-0.742287049449,0,0.0260861476831,0.90212018334,0.582879856812,-1.47975819311,-1.16956904783,0.303234501348,0.31018914528,-0.014534184109,4.60472928495,-1.43677769303,-0.966860320666,0.472494093824,0.469917372366,2.38537550521,1.91941748366,-1.78754749595,-0.242285470859,1.56943022859,1.54526202509,0.896826548606,-4.79879591622
2026-08-14T08:00:00Z,2026-08-14T10:00:00+02:00,2026-08-15T10:00:00Z,62920.78,62997.83,62700,62940.01,892.48443,56097063.6695,120107,488.64395,30716261.2777,25380802.3918,0.547555598608,0.0305622403282,0.475007974482,1873.4,1878.71,1869.32,1878.71,7520.2378,14086531.0095,75475,4148.2186,7770343.38289,6316187.62665,0.551615112168,0.283441870396,0.502321699869,0.02978,0.02984,0.02977,0.02984,0.201477501679,0.235136042996,0.0298492167383,-3.08776554125,3347462.5,33474.625,1.72832263223,OKX_CONTRACT_OI_HISTORY,7199127.41,719912.741,1.07742684783,OKX_CONTRACT_OI_HISTORY,2.06,0.673202614379,0.326797385621,OKX_GLOBAL_ACCOUNT_RATIO,2.01,0.667774086379,0.332225913621,OKX_GLOBAL_ACCOUNT_RATIO,8.26026727968e-05,OKX_FUNDING_HISTORY,8.83149313719e-05,OKX_FUNDING_HISTORY,UNAVAILABLE,UNAVAILABLE,PASS,PASS,-0.682550933716,-0.321524642264,0.336247478144,0.361026291452,2.78941982714,1.18798253473,-0.749879170014,-0.409238614738,0.302521008403,0.340640555276,2.40875180098,2.25473059595,-1.29658380223,-0.599984127404,0.708741140736,0.696599674825,1.89604718204,5.39375025302,-1.34012195952,-0.647293688358,0.674763832659,0.692828271158,3.89599187989,2.88214167063,-1.86539907675,-0.0266069252505,1.84300341297,1.8387921515,2.71376835635,-4.07132225196
2026-08-14T09:00:00Z,2026-08-14T11:00:00+02:00,2026-08-15T10:00:00Z,62940.01,62940.01,62744,62792.75,501.14919,31491094.6751,68087,262.1989,16475216.1244,15015878.5507,0.523170639014,-0.233968822058,0.312396404437,1878.72,1878.91,1871.34,1873.22,3960.7296,7424711.25692,51616,1752.0689,3284197.35433,4140513.90259,0.442333343438,-0.292221790484,0.404522962155,0.02984,0.02985,0.02983,0.02983,-0.0335120643432,0.0670465973852,0.0298317879055,-0.599328962962,3503397.16,35033.9716,4.65829445438,OKX_CONTRACT_OI_HISTORY,7329267.68,732926.768,1.80772283345,OKX_CONTRACT_OI_HISTORY,2.17,0.684542586751,0.315457413249,OKX_GLOBAL_ACCOUNT_RATIO,2.03,0.6699669967,0.3300330033,OKX_GLOBAL_ACCOUNT_RATIO,,,,,PRICE_DOWN_OI_UP,PRICE_DOWN_OI_UP,PASS,PASS,-0.926288379126,-0.575880938606,0.33636057854,0.35040744052,7.56562883415,3.25695552946,-1.07327409648,-0.822762023762,0.268907563025,0.250512072719,7.33595360235,4.19264061586,-1.55197401675,-0.87629247849,0.674991562605,0.675681538265,7.10405535493,7.2790518151,-2.05285357816,-1.71158124502,0.370121130552,0.341272333143,8.01065558014,4.8111961829,-2.34409020218,-0.646543722586,1.77413851928,1.69754647959,7.46761312354,-2.29922335212
2026-08-14T10:00:00Z,2026-08-14T12:00:00+02:00,2026-08-15T10:00:00Z,62792.75,62946,62739.98,62814.14,598.55074,37618971.9896,77325,361.22437,22704350.0013,14914621.9883,0.603534567813,0.0340644421529,0.328371159825,1873.21,1878.43,1872.51,1876.19,5023.663,9427187.32,52911,3503.7348,6575251.9189,2851935.40109,0.697477592808,0.158550517291,0.316153184763,0.02984,0.02987,0.02983,0.02987,0.13409319477,0.13409319477,0.0298689116814,0.364365016337,3563686.97,35636.8697,1.72089566916,OKX_CONTRACT_OI_HISTORY,7361548.21,736154.821,0.440433224838,OKX_CONTRACT_OI_HISTORY,2.21,0.688473520249,0.311526479751,OKX_GLOBAL_ACCOUNT_RATIO,2.03,0.6699669967,0.3300330033,OKX_GLOBAL_ACCOUNT_RATIO,,,,,PRICE_UP_OI_UP,PRICE_UP_OI_UP,PASS,PASS,-0.254072544699,0.178337827375,0.437121721587,0.432410372074,9.24044473521,3.05525319617,-1.1268217965,-0.69916375569,0.437121721587,0.427658040813,8.8544647506,4.40571459429,-1.31505789601,-0.370651614034,0.980392156863,0.944406281977,8.99238612747,8.12268817207,-2.07226437779,-1.72745224365,0.335908632852,0.344812134149,10.9992643379,6.69778010472,-2.2092770362,-0.528587182424,1.73705722071,1.68068985378,9.52708195549,-0.451580937001
2026-08-14T11:00:00Z,2026-08-14T13:00:00+02:00,2026-08-15T10:00:00Z,62814.14,62936.82,62814,62868.83,444.92265,27977825.1626,70192,261.23053,16426108.0736,11551717.0891,0.58711168499,0.0870663834608,0.195529658993,1876.18,1881.19,1875.07,1878.2,3998.0616,7508532.6787,39652,1742.6425,3272487.72484,4236044.95386,0.435835850341,0.107132006886,0.326387814855,0.02986,0.0299,0.02984,0.02987,0,0.201072386059,0.029874899851,-1.6401229901,3563453.37,35634.5337,-0.00655500895469,OKX_CONTRACT_OI_HISTORY,7333049.62,733304.962,-0.387127669167,OKX_CONTRACT_OI_HISTORY,2.25,0.692307692308,0.307692307692,OKX_GLOBAL_ACCOUNT_RATIO,2.07,0.674267100977,0.325732899023,OKX_GLOBAL_ACCOUNT_RATIO,,,,,PRICE_UP_OI_DOWN,PRICE_UP_OI_DOWN,PASS,PASS,-0.0825641385882,0.256218639906,0.335908632852,0.338782778494,8.29221659937,2.95772589154,-0.979715820513,-0.421493518543,0.538539212386,0.55822230197,9.65770929787,4.19684266549,-0.969483793631,-0.116465201368,0.8440243079,0.853018592263,9.03886525564,7.15629431054,-2.13450987889,-1.95085535898,0.20127474002,0.183654519906,9.87168727556,7.86400023445,-2.36178002121,-0.780255365906,1.56409384563,1.5815246553,9.736161714,-0.00265298680215
2026-08-14T12:00:00Z,2026-08-14T14:00:00+02:00,2026-08-15T10:00:00Z,62868.83,62913.3,62726.26,62741.69,486.51649,30562838.6432,95960,212.65833,13359627.5274,17203211.1159,0.437119983628,-0.202230580719,0.298184524312,1878.2,1879.59,1873,1873.51,5265.5062,9880101.01695,56089,2777.5083,5211223.73701,4668877.27995,0.527446402427,-0.249707166436,0.351841964762,0.02987,0.02989,0.02985,0.02985,-0.0669568128557,0.134003350084,0.0298606875269,-3.57912954828,3596860.71,35968.6071,0.93749900816,OKX_CONTRACT_OI_HISTORY,7325409.68,732540.968,-0.104185030729,OKX_CONTRACT_OI_HISTORY,2.25,0.692307692308,0.307692307692,OKX_GLOBAL_ACCOUNT_RATIO,2.04,0.671052631579,0.328947368421,OKX_GLOBAL_ACCOUNT_RATIO,,,,,PRICE_DOWN_OI_UP,PRICE_DOWN_OI_DOWN,PASS,PASS,-0.315093690007,-0.276785666761,0.0335120643432,0.0383080232467,7.45036606086,1.75413300541,-1.25864298029,-0.841007727321,0.403632694248,0.41763525297,10.8804572306,3.99618018478,-1.50094760004,-0.822110701732,0.640593391773,0.678836898309,10.2687685356,5.75820911462,-2.1491363576,-1.97821400917,0.134183160013,0.170922348437,11.9461525064,7.48162406911,-2.46901873636,-0.767478813559,1.70357751278,1.7015399228,11.192136472,1.44248463416
2026-08-14T13:00:00Z,2026-08-14T15:00:00+02:00,2026-08-15T10:00:00Z,62741.68,62822.33,62605,62668,987.78817,61924547.3873,199983,508.09225,31853277.1703,30071270.217,0.514388534341,-0.11744981686,0.347144796741,1873.51,1873.94,1866.43,1869.97,9113.7904,17040005.0562,124928,4147.8788,7754747.9496,9285257.10664,0.455090707075,-0.188950152388,0.402372443649,0.02987,0.02988,0.02979,0.02984,-0.033500837521,0.302114803625,0.0298393119295,0.230591934629,3610323.55,36103.2355,0.374294171653,OKX_CONTRACT_OI_HISTORY,7454071.48,745407.148,1.75637685291,OKX_CONTRACT_OI_HISTORY,2.18,0.685534591195,0.314465408805,OKX_GLOBAL_ACCOUNT_RATIO,2.07,0.674267100977,0.325732899023,OKX_GLOBAL_ACCOUNT_RATIO,,,,,PRICE_DOWN_OI_UP,PRICE_DOWN_OI_UP,PASS,PASS,-0.198669432379,-0.173498040807,0.0335232986926,0.025171391572,3.05207731572,1.70281405249,-1.42799483955,-1.02889261727,0.403768506057,0.399102222279,11.809216919,5.65292945224,-1.65714644404,-1.08020038193,0.606877950101,0.576946062108,10.5485035078,7.23205581542,-1.835839599,-1.64885448005,0.16784155757,0.186985118952,13.3774692888,8.17839799929,-2.3867185626,-1.06135881441,1.28988458927,1.32535974819,12.4937025531,4.71776161865
2026-08-14T14:00:00Z,2026-08-14T16:00:00+02:00,2026-08-15T10:00:00Z,62668,62797.88,62535.24,62620.01,998.23888,62554689.6455,209562,514.02979,32212933.8452,30341755.8002,0.514956337052,-0.0765781579115,0.41998719442,1869.98,1873.54,1864.28,1866.93,7118.7642,13299671.2187,117451,3053.7332,5705972.32408,7593698.89462,0.429031081314,-0.162569452986,0.496706503315,0.02984,0.02985,0.02979,0.02981,-0.100536193029,0.201409869084,0.0298136330544,-1.21858827058,3622497.31,36224.9731,0.337193047421,OKX_CONTRACT_OI_HISTORY,7529088.45,752908.845,1.00638919551,OKX_CONTRACT_OI_HISTORY,2.21,0.688473520249,0.311526479751,OKX_GLOBAL_ACCOUNT_RATIO,2.12,0.679487179487,0.320512820513,OKX_GLOBAL_ACCOUNT_RATIO,,,,,PRICE_DOWN_OI_UP,PRICE_DOWN_OI_UP,PASS,PASS,-0.30905461732,-0.49355342476,-0.200870438567,-0.18449880744,1.65026671801,2.27588321397,-1.33203309709,-1.04366539102,0.302826379542,0.288367706078,10.4398847198,6.32828027569,-1.94088737062,-1.39957643008,0.57354925776,0.541310940547,11.3906814807,8.94289633232,-1.17320111819,-1.10499578873,0.100738750839,0.0682053294586,13.6865551858,9.51961947038,-1.80338632427,-0.360785402068,1.53269754768,1.4426009222,11.3283108006,4.96035002417
2026-08-14T15:00:00Z,2026-08-14T17:00:00+02:00,2026-08-15T10:00:00Z,62620.01,63089.18,62612,62990.95,988.09918,62093824.1823,168891,661.44919,41562314.3962,20531509.7861,0.669346991324,0.592366561423,0.76212227688,1866.94,1884.71,1866.28,1881.56,9527.9298,17892917.1894,113842,5652.7771,10612004.5577,7280912.63171,0.593084092736,0.783639450863,0.987525987526,0.02981,0.02991,0.02979,0.02986,0.167728950017,0.402819738167,0.0298703226416,-3.45581857608,3572134.41,35721.3441,-1.39028122563,OKX_CONTRACT_OI_HISTORY,7460834.54,746083.454,-0.906536169063,OKX_CONTRACT_OI_HISTORY,2.32,0.698795180723,0.301204819277,OKX_GLOBAL_ACCOUNT_RATIO,2.05,0.672131147541,0.327868852459,OKX_GLOBAL_ACCOUNT_RATIO,,,,,PRICE_UP_OI_DOWN,PRICE_UP_OI_DOWN,PASS,PASS,0.194245701725,0.178894686402,-0.0334784064279,-0.0153510153234,0.243613121841,1.74258905397,-0.503948823251,-0.0764737121615,0.437268752102,0.427475111089,9.82297715648,4.89228450313,-0.676537263239,0.0824463699661,0.70826306914,0.758983633205,10.8301674495,8.36393284356,-0.710134869195,-0.591203275657,0.100569896078,0.118931593538,12.2041688361,10.0791836412,-0.972993656488,1.01033960725,1.94605667463,1.98333326373,9.22854263393,3.49180191991
2026-08-14T16:00:00Z,2026-08-14T18:00:00+02:00,2026-08-15T10:00:00Z,62990.94,63215.58,62966.86,63133.48,566.22185,35733550.1064,123968,332.29768,20969542.7768,14764007.3296,0.586830659544,0.226270599189,0.395001434088,1881.56,1888.42,1879.32,1885.41,6301.7991,11871656.8591,65445,3262.8002,6146143.17669,5725513.6824,0.517715703009,0.204617445099,0.484217695762,0.02987,0.02988,0.02983,0.02986,0,0.167616493463,0.0298638693764,-1.29567149851,3529756.75,35297.5675,-1.18634001793,OKX_CONTRACT_OI_HISTORY,7326833.5,732683.35,-1.79605966707,OKX_CONTRACT_OI_HISTORY,2.29,0.696048632219,0.303951367781,OKX_GLOBAL_ACCOUNT_RATIO,1.98,0.664429530201,0.335570469799,OKX_GLOBAL_ACCOUNT_RATIO,0.0001,OKX_FUNDING_HISTORY,9.44808093277e-05,OKX_FUNDING_HISTORY,PRICE_UP_OI_DOWN,PRICE_UP_OI_DOWN,PASS,PASS,0.62444922985,0.635171416219,0.0335008375209,0.0107221863686,-1.86562576119,0.0194367286227,-0.377261073247,0.0339563978629,0.403496973773,0.41121747111,8.38706885094,2.98296696389,-0.0421943400053,0.563245059605,0.572583361401,0.60543939961,10.5859259586,7.0465960344,-0.564857497277,-0.279790553763,0.268636668905,0.285066943514,8.78613386281,7.12750988905,-0.596905275001,1.10412801236,1.6683690841,1.70103328736,9.30864205277,2.53031135378
2026-08-14T17:00:00Z,2026-08-14T19:00:00+02:00,2026-08-15T10:00:00Z,63133.49,63247.05,63000,63013.69,454.05828,28671468.118,112128,259.43027,16384563.6832,12286904.4348,0.571458832028,-0.189740847487,0.392142857143,1885.41,1887.66,1876.71,1878.57,4644.5413,8745748.30993,56812,1954.8902,3680999.69796,5064748.61197,0.420890193441,-0.362785813165,0.583467877296,0.02986,0.02987,0.02979,0.02981,-0.167448091092,0.268546492111,0.0298120932134,-0.702135667022,3476074.21,34760.7421,-1.5208566426,OKX_CONTRACT_OI_HISTORY,7226363.75,722636.375,-1.37125744703,OKX_CONTRACT_OI_HISTORY,2.22,0.689440993789,0.310559006211,OKX_GLOBAL_ACCOUNT_RATIO,1.94,0.659863945578,0.340136054422,OKX_GLOBAL_ACCOUNT_RATIO,,,,,PRICE_DOWN_OI_DOWN,PRICE_DOWN_OI_DOWN,PASS,PASS,0.551621242101,0.45990042621,-0.100536193029,-0.0917208158912,-3.71848500947,-3.05481012103,-0.577691672572,-0.291921213118,0.269088462832,0.285770459453,6.72672585966,1.80721361967,-0.20697012149,0.0847105456638,0.269088462832,0.291680667154,7.50608335825,2.58982355237,-0.72050227663,-0.506848009152,0.235373234701,0.213654267478,6.94950887025,5.22954999915,-0.934145266278,0.744359652275,1.63654960791,1.67850491855,5.62511849527,-1.5754629787
2026-08-14T18:00:00Z,2026-08-14T20:00:00+02:00,2026-08-15T10:00:00Z,63013.7,63088.21,62894.85,62930.01,367.77038,23167722.8615,98207,203.55574,12823357.5814,10344365.2801,0.553500991792,-0.132796539926,0.3074337565,1878.57,1879,1873.7,1875.76,4800.9552,9010964.90077,56596,2917.0373,5474946.22921,3536018.67156,0.607587121857,-0.1495818628,0.282862784864,0.0298,0.02983,0.02976,0.02982,0.0335457900034,0.235215053763,0.0298070825032,4.33370047341,3427493.38,34274.9338,-1.39757747002,OKX_CONTRACT_OI_HISTORY,7218287.67,721828.767,-0.111758559068,OKX_CONTRACT_OI_HISTORY,2.25,0.692307692308,0.307692307692,OKX_GLOBAL_ACCOUNT_RATIO,1.96,0.662162162162,0.337837837838,OKX_GLOBAL_ACCOUNT_RATIO,,,,,PRICE_DOWN_OI_DOWN,PRICE_DOWN_OI_DOWN,PASS,PASS,0.495049425894,0.472968991874,0.0335457900034,-0.02208043402,-5.38313526035,-4.12800011667,-0.0700763837347,0.155378166965,0.268997982515,0.225454550699,5.06559759882,1.04973060751,-0.600205338809,-0.517629089058,0.134318334453,0.0825762497514,5.09191147833,2.04350659754,-0.720310084515,-0.519211901037,0.235294117647,0.201098183478,4.94967635693,4.56031261795,-0.699129772315,0.52142784414,1.29076086957,1.22055761645,1.23436279029,-1.92258129565
2026-08-14T19:00:00Z,2026-08-14T21:00:00+02:00,2026-08-15T10:00:00Z,62930.01,62996,62830,62968.05,394.98545,24850234.3586,92795,241.53283,15196383.7241,9653850.63455,0.611518728748,0.0604481073497,0.264204997613,1875.75,1881.96,1873.86,1880.89,3705.052,6956698.28915,50641,2143.5474,4024532.57359,2932165.71556,0.578511875363,0.273489145733,0.432262815792,0.02981,0.02989,0.0298,0.02988,0.201207243461,0.302013422819,0.0298705454592,3.16517180696,3411523.32,34115.2332,-0.465939922545,OKX_CONTRACT_OI_HISTORY,7222387.95,722238.795,0.0568040536407,OKX_CONTRACT_OI_HISTORY,2.28,0.69512195122,0.30487804878,OKX_GLOBAL_ACCOUNT_RATIO,1.97,0.6632996633,0.3367003367,OKX_GLOBAL_ACCOUNT_RATIO,,,,,PRICE_UP_OI_DOWN,PRICE_UP_OI_UP,PASS,PASS,-0.0363544286917,-0.035608750186,0.0669792364367,0.00074567850572,-4.49622191008,-3.19597745697,0.075126214265,0.39980783602,0.369499496137,0.324681621755,3.67511061419,1.40401025112,-0.693824232561,-0.345446935218,0.369499496137,0.348377297343,4.61038471214,1.99507380088,-0.714367818539,0.0803456459045,0.843739453257,0.794713464443,3.72569098328,4.85566329781,-0.893902669353,-0.0536691641426,0.843739453257,0.84023350521,4.02789473911,-1.56534759615
2026-08-14T20:00:00Z,2026-08-14T22:00:00+02:00,2026-08-15T22:00:00Z,62968.06,63020.74,62896.85,62907.59,359.43765,22634655.2777,50731,161.11764,10143796.3968,12490858.8809,0.448153341517,-0.0960328140965,0.196973298345,1880.89,1881.9,1878.95,1880.42,1812.2798,3407435.36712,28299,870.7129,1637125.03595,1770310.33117,0.480456665958,-0.0249881704938,0.157002581229,0.02987,0.02989,0.02984,0.02988,0.0334784064278,0.167560321716,0.0298917825337,-3.94173003903,3413290.8,34132.908,0.0518091138243,OKX_CONTRACT_OI_HISTORY,7201658.03,720165.803,-0.287023075242,OKX_CONTRACT_OI_HISTORY,2.27,0.694189602446,0.305810397554,OKX_GLOBAL_ACCOUNT_RATIO,1.97,0.6632996633,0.3367003367,OKX_GLOBAL_ACCOUNT_RATIO,,,,,UNAVAILABLE,UNAVAILABLE,PASS,PASS,-0.357797479246,-0.264663919254,0.0669792364367,0.0931335599919,-3.29954606645,-1.70845249861,-0.0515093658231,0.091019901954,0.134048257373,0.142529267777,1.96651344115,0.0351517601492,-0.801002277832,-0.31859120137,0.436974789916,0.482411076463,4.42263367007,2.29067493359,-1.08867941646,-0.327573412488,0.707785642063,0.761106003971,3.32100041575,5.52977917393,-1.30594603075,-0.0956317539926,1.18523535388,1.21031427676,4.18385295611,0.260326982104
2026-08-14T21:00:00Z,2026-08-14T23:00:00+02:00,2026-08-15T22:00:00Z,62907.59,62937.22,62873.25,62928.49,179.646,11300403.3387,44956,91.85827,5778352.63374,5522050.70498,0.511340388528,0.0332233360076,0.101744382547,1880.42,1881.25,1877.35,1879.44,2133.2925,4008539.67236,60105,963.2988,1810001.3667,2198538.30566,0.451536348556,-0.0521160166346,0.207739632993,0.02989,0.0299,0.02986,0.02987,-0.0334672021419,0.133958472873,0.0298662815523,1.24503203082,3421113.41,34211.1341,0.229180883152,OKX_CONTRACT_OI_HISTORY,7202707.6,720270.76,0.0145740049809,OKX_CONTRACT_OI_HISTORY,2.27,0.694189602446,0.305810397554,OKX_GLOBAL_ACCOUNT_RATIO,1.96,0.662162162162,0.337837837838,OKX_GLOBAL_ACCOUNT_RATIO,,,,,PRICE_UP_OI_UP,PRICE_DOWN_OI_UP,PASS,PASS,-0.13520871417,0.0463118222904,0.20127474002,0.18152053646,-1.58111699232,-0.327358970824,0.216171452915,0.332048558098,0.13409319477,0.115877105183,-2.34868461217,-1.72677661024,-0.859422755774,-0.4934454351,0.403361344538,0.365977320674,4.81497057677,2.39346646812,-0.852909169601,0.0793418355121,0.912162162162,0.932251005113,2.318338556,5.12715912446,-1.16885203446,-0.278031283825,0.946265630281,0.890820750633,4.77654716394,0.902308347687
2026-08-14T22:00:00Z,2026-08-15T00:00:00+02:00,2026-08-15T22:00:00Z,62928.49,62957.28,62800,62886.88,226.57205,14243570.7357,48343,108.63368,6828905.69717,7414665.03851,0.479437763458,-0.0661226735299,0.250445859873,1879.43,1881.16,1876.1,1879.77,2175.3415,4086470.92254,41398,911.9887,1713150.8246,2373320.09794,0.41922501275,0.0175584216575,0.269708437717,0.02987,0.0299,0.02986,0.0299,0.100435219284,0.133958472873,0.0298912905204,2.91371816765,3419983.45,34199.8345,-0.0330290132066,OKX_CONTRACT_OI_HISTORY,7201274.07,720127.407,-0.0199026543852,OKX_CONTRACT_OI_HISTORY,2.28,0.69512195122,0.30487804878,OKX_GLOBAL_ACCOUNT_RATIO,1.97,0.6632996633,0.3367003367,OKX_GLOBAL_ACCOUNT_RATIO,,,,,PRICE_DOWN_OI_DOWN,PRICE_UP_OI_DOWN,PASS,PASS,-0.0685364582018,0.213780014501,0.268276324614,0.282316472703,-0.219108519474,-0.235701329426,0.115801951599,0.190812231171,0.100435219284,0.0750102795718,-4.03243947097,-2.17717979191,-1.01232472653,-0.509685614481,0.53799596503,0.502639112054,4.46497434809,2.13261447455,-0.859814592822,0.0702707019085,0.945307224848,0.930085294731,2.28596846886,6.52559872031,-1.22762452824,-0.126981765631,1.150202977,1.10064276261,4.96467224988,1.1861442443
2026-08-14T23:00:00Z,2026-08-15T01:00:00+02:00,2026-08-15T22:00:00Z,62886.87,63066.13,62865.03,63043.56,329.09114,20718679.8646,51429,229.36939,14439618.0327,6279061.8319,0.696937166222,0.249145767766,0.319891679046,1879.77,1882.67,1878.74,1882.2,1933.1105,3635399.70882,31104,913.0082,1716960.78999,1918438.91882,0.472289411762,0.129271134235,0.209182750141,0.02989,0.0299,0.02984,0.02985,-0.167224080268,0.201072386059,0.0298555474976,-1.85811284667,3422920.21,34229.2021,0.085870590982,OKX_CONTRACT_OI_HISTORY,7194529.39,719452.939,-0.0936595376657,OKX_CONTRACT_OI_HISTORY,2.29,0.696048632219,0.303951367781,OKX_GLOBAL_ACCOUNT_RATIO,1.97,0.6632996633,0.3367003367,OKX_GLOBAL_ACCOUNT_RATIO,,,,,PRICE_UP_OI_UP,PRICE_UP_OI_DOWN,PASS,PASS,0.119917958393,0.0696478794613,-0.100401606426,-0.0502700789319,0.334070411689,-0.385725056489,0.27792786982,0.212969864764,-0.0669568128557,-0.0649580050562,-3.94373506282,-1.88898530868,-0.704510854003,-0.209421307955,0.471221810838,0.495089546048,5.3330997672,2.22857961543,-0.6875079848,0.127140508881,0.776502363268,0.814648493681,2.26050395432,6.16969632452,-0.874905660377,-0.020716141061,0.844594594595,0.854189519316,5.22218826971,1.32289415896
2026-08-15T00:00:00Z,2026-08-15T02:00:00+02:00,2026-08-15T22:00:00Z,63043.56,63059.5,62992.91,63019.88,208.64233,13148086.9208,32855,108.62571,6845012.02737,6303074.89339,0.520608972897,-0.0375613306101,0.105710309303,1882.2,1883.48,1881.71,1882.41,1606.541,3024374.14657,19087,774.025,1457049.58262,1567324.56394,0.481768958473,0.011157156519,0.0940633785227,0.02986,0.02989,0.02985,0.02987,0.0670016750419,0.134003350084,0.0298700981341,-0.032853629125,3421029.56,34210.2956,-0.0552350006429,OKX_CONTRACT_OI_HISTORY,7206119.34,720611.934,0.161093928063,OKX_CONTRACT_OI_HISTORY,2.28,0.69512195122,0.30487804878,OKX_GLOBAL_ACCOUNT_RATIO,1.97,0.6632996633,0.3367003367,OKX_GLOBAL_ACCOUNT_RATIO,8.85927084285e-05,OKX_FUNDING_HISTORY,6.66945112963e-05,OKX_FUNDING_HISTORY,PRICE_DOWN_OI_DOWN,PRICE_UP_OI_UP,PASS,PASS,0.178499923459,0.105827421533,-0.0334672021419,-0.0726725019257,0.226724309572,0.061948373297,0.443389395472,0.475044168433,0.0670016750419,0.0316547729604,-4.88846147173,-1.62844598747,-0.82083427432,-0.369958717053,0.470904809956,0.450875557267,5.46010879924,2.30265856143,-0.844974866623,0.112748565381,0.946265630281,0.957723432004,2.51355306759,7.48342536749,-1.13298799364,0.0031875049805,1.15137148662,1.13617549862,5.23397201097,1.52025958833
2026-08-15T01:00:00Z,2026-08-15T03:00:00+02:00,2026-08-15T22:00:00Z,63019.89,63051.78,62993.57,63045.13,485.23532,30581587.8807,24028,239.33695,15084064.0346,15497523.8461,0.493240053245,0.0400667218027,0.0924062567021,1882.41,1884.69,1881.12,1884,1837.3712,3459886.68661,16732,871.8427,1641769.66651,1818117.0201,0.474515443775,0.0844661896186,0.189780556264,0.02988,0.0299,0.02986,0.0299,0.100435219284,0.133958472873,0.0298833549871,5.56999469215,3421697.04,34216.9704,0.0195110854289,OKX_CONTRACT_OI_HISTORY,7204924.5,720492.45,-0.0165809077483,OKX_CONTRACT_OI_HISTORY,2.29,0.696048632219,0.303951367781,OKX_GLOBAL_ACCOUNT_RATIO,1.96,0.662162162162,0.337837837838,OKX_GLOBAL_ACCOUNT_RATIO,,,,,PRICE_UP_OI_UP,PRICE_UP_OI_DOWN,PASS,PASS,0.18535324779,0.242625462904,0.100435219284,0.0572722151142,0.0170596507644,0.0307787032754,0.601790387439,0.750279416247,0.201072386059,0.148489028809,-5.22464281629,-3.34242810347,-0.83479798779,-0.286332770547,0.605652759085,0.548465217242,5.96758469932,2.12155624609,-0.64766024895,0.314681405044,1.01351351351,0.962341653995,2.55204538788,7.38020191886,-1.20455136663,-0.0408537911788,1.25296308838,1.16369757545,5.70443299821,1.61011295252
2026-08-15T02:00:00Z,2026-08-15T04:00:00+02:00,2026-08-15T22:00:00Z,63045.14,63134.82,63035.95,63134.41,243.54429,15361695.2136,27897,164.16356,10354250.9377,5007444.27593,0.674030489064,0.141612841468,0.156847005558,1884,1885.82,1883.99,1884.94,1694.9788,3194881.87194,15039,808.1048,1523148.69808,1671733.17387,0.476746483635,0.0498938428875,0.0971342735365,0.02989,0.0299,0.02985,0.02985,-0.167224080268,0.167504187605,0.0298559850326,-2.00463409976,3414469,34144.69,-0.211241378635,OKX_CONTRACT_OI_HISTORY,7178654.16,717865.416,-0.364616450873,OKX_CONTRACT_OI_HISTORY,2.27,0.694189602446,0.305810397554,OKX_GLOBAL_ACCOUNT_RATIO,1.95,0.661016949153,0.338983050847,OKX_GLOBAL_ACCOUNT_RATIO,,,,,PRICE_UP_OI_DOWN,PRICE_UP_OI_DOWN,PASS,PASS,0.393611513244,0.275033647734,-0.167224080268,-0.118577865511,-0.161242008349,-0.314109833623,0.821462660258,0.964685339033,0.134183160013,0.143222678774,-5.74267672817,-4.65440527532,-0.521512591351,-0.0890481389999,0.437415881561,0.432464452351,4.09767916134,1.37933118939,-0.653973146503,0.15994218701,0.776502363268,0.813915333513,1.72130030418,6.45943842134,-0.965258535875,0.024940699507,0.981055480379,0.990199235382,6.06400262267,1.64423955958
2026-08-15T03:00:00Z,2026-08-15T05:00:00+02:00,2026-08-15T22:00:00Z,63134.41,63187.98,63039.99,63051.25,184.46775,11637579.7195,25606,59.96156,3783259.4834,7854320.23613,0.325089887638,-0.131718978605,0.234755747899,1884.94,1886.59,1882.68,1882.68,2004.6713,3778648.31502,13256,927.8769,1749144.82741,2029503.48761,0.462902255406,-0.119897715577,0.207682665137,0.02986,0.02988,0.02985,0.02986,0.0335008375209,0.100502512563,0.029859519042,0.161073575966,3408219.46,34082.1946,-0.183031095025,OKX_CONTRACT_OI_HISTORY,7182350.28,718235.028,0.0514876454224,OKX_CONTRACT_OI_HISTORY,2.24,0.691358024691,0.308641975309,OKX_GLOBAL_ACCOUNT_RATIO,1.91,0.656357388316,0.343642611684,OKX_GLOBAL_ACCOUNT_RATIO,,,,,PRICE_DOWN_OI_DOWN,PRICE_DOWN_OI_UP,PASS,PASS,0.0121979152192,0.0255020720433,0.0335008375209,0.0133041568241,-0.429479774523,-0.1692829279,0.0957280371228,0.0595250749378,0,-0.036202962185,-4.58871171088,-3.73261541329,-0.408703206444,-0.0169941582581,0.437268752102,0.391709048186,4.78351734246,0.977058924415,-0.936006557419,-0.256421124015,0.674308833446,0.679585433405,1.31980465706,5.67324742062,-1.22868763334,-0.208839087893,1.0148849797,1.01984854545,6.34123165669,1.99031029396
2026-08-15T04:00:00Z,2026-08-15T06:00:00+02:00,2026-08-15T22:00:00Z,63051.25,63151.65,63051.25,63122,172.30243,10872104.4702,15288,119.00681,7508387.18082,3363717.28939,0.690610286297,0.112210305109,0.159235542515,1882.69,1885.69,1882.69,1884.37,1352.4549,2548607.77279,16018,645.6762,1216703.03775,1331904.73504,0.477399092453,0.0897656532177,0.159346467023,0.02986,0.02986,0.02984,0.02985,-0.0334896182184,0.0670241286863,0.0298528246887,-0.946204832383,3405863.67,34058.6367,-0.0691208423533,OKX_CONTRACT_OI_HISTORY,7181465.02,718146.502,-0.0123254918722,OKX_CONTRACT_OI_HISTORY,2.24,0.691358024691,0.308641975309,OKX_GLOBAL_ACCOUNT_RATIO,1.91,0.656357388316,0.343642611684,OKX_GLOBAL_ACCOUNT_RATIO,,,,,PRICE_UP_OI_DOWN,PRICE_UP_OI_DOWN,PASS,PASS,0.162044104178,0.104121843807,-0.0669568128557,-0.0579222603713,-0.443313620476,-0.342130331691,-0.0181836958774,-0.0551604160368,-0.0334896182184,-0.0369767201595,-3.50996084929,-1.98405600455,-0.395376169118,-0.0212227486643,0.369872225958,0.374153420454,4.58272516858,0.939727224179,-0.897639234248,-0.422750307815,0.50505050505,0.474888926433,1.40506932502,5.32736837603,-1.01549986686,-0.267277788951,0.742490718866,0.748222077913,6.17669886572,1.84190999975
2026-08-15T05:00:00Z,2026-08-15T07:00:00+02:00,2026-08-15T22:00:00Z,63122.01,63155.76,63039.99,63089,213.28052,13454468.2396,18478,136.91231,8635718.36912,4818749.87043,0.641847616373,-0.0522797123032,0.1836453337,1884.38,1885.36,1880,1880.66,1880.8764,3540688.26386,22812,939.0265,1767516.1903,1773172.07356,0.499201301719,-0.196882777798,0.285106382979,0.02985,0.02986,0.02982,0.02982,-0.100502512563,0.134138162307,0.0298096340091,3.47739623324,3402431.42,34024.3142,-0.100774732419,OKX_CONTRACT_OI_HISTORY,7178509.27,717850.927,-0.0411580365812,OKX_CONTRACT_OI_HISTORY,2.22,0.689440993789,0.310559006211,OKX_GLOBAL_ACCOUNT_RATIO,1.89,0.653979238754,0.346020761246,OKX_GLOBAL_ACCOUNT_RATIO,,,,,PRICE_DOWN_OI_DOWN,PRICE_DOWN_OI_DOWN,PASS,PASS,0.0695850734228,-0.177282377919,-0.267558528428,-0.246867451342,-0.563042834441,-0.366627436554,0.11951371202,0.111254837456,0.0335457900034,-0.00825887456419,-2.11856207753,-0.662220746914,-0.458868381313,-0.180991152133,0.302724520686,0.27787722918,4.465653919,1.13302512922,-1.23516703716,-0.799130714576,0.437857864601,0.436036322589,1.49968395598,5.24031883484,-1.19176306195,-0.584127588267,0.67521944632,0.607635473688,6.36803547503,2.1388218734
2026-08-15T06:00:00Z,2026-08-15T08:00:00+02:00,2026-08-15T22:00:00Z,63089,63134.84,63027.89,63114.68,373.75318,23572234.6976,23100,157.66585,9944249.06204,13627985.6356,0.421862805525,0.0407044017182,0.169686784692,1880.67,1883.61,1880.02,1882.16,2440.6445,4590961.79491,23661,1307.6604,2459623.16827,2131338.62664,0.535753351509,0.0797592334606,0.190955415368,0.02982,0.02984,0.02981,0.02982,0,0.10063737001,0.0298212713746,-0.426331448974,3401409.06,34014.0906,-0.0300479237874,OKX_CONTRACT_OI_HISTORY,7171846.42,717184.642,-0.0928166245859,OKX_CONTRACT_OI_HISTORY,2.25,0.692307692308,0.307692307692,OKX_GLOBAL_ACCOUNT_RATIO,1.9,0.655172413793,0.344827586207,OKX_GLOBAL_ACCOUNT_RATIO,,,,,PRICE_UP_OI_DOWN,PRICE_UP_OI_DOWN,PASS,PASS,-0.0312507870114,-0.147484800577,-0.100502512563,-0.116234013566,-0.382488170196,-0.0948330961245,0.293452996432,0.341195035612,0,0.0477420391802,-0.76103195858,-0.643383197278,0.22317097145,0.497103345169,0.268997982515,0.27393237372,4.26601482362,0.399593619883,-1.29440034656,-0.866945465654,0.437857864601,0.427454880908,2.92026596034,5.3888000627,-0.937484745802,-0.295063383005,0.641241984475,0.642421362797,6.57578152373,2.03186411245
2026-08-15T07:00:00Z,2026-08-15T09:00:00+02:00,2026-08-15T22:00:00Z,63114.68,63134.83,63042,63075.43,688.73174,43454604.6655,36468,386.4608,24383154.4743,19071450.1912,0.561117853033,-0.0621883846991,0.14725103899,1882.17,1882.59,1880.19,1880.4,1371.528,2580395.39997,14865,735.0928,1383002.03704,1197393.36293,0.535965161409,-0.0935095847324,0.127646674006,0.02983,0.02983,0.02981,0.02982,0,0.0670915800067,0.0298119251823,2.70858647096,3394111.67,33941.1167,-0.214540205876,OKX_CONTRACT_OI_HISTORY,7183915.24,718391.524,0.168280513737,OKX_CONTRACT_OI_HISTORY,2.24,0.691358024691,0.308641975309,OKX_GLOBAL_ACCOUNT_RATIO,1.87,0.651567944251,0.348432055749,OKX_GLOBAL_ACCOUNT_RATIO,,,,,PRICE_DOWN_OI_DOWN,PRICE_DOWN_OI_UP,PASS,PASS,0.0383497551595,-0.121103958187,-0.133958472873,-0.159453713347,-0.413934318654,0.0217889679421,0.170530927986,-0.0260514968977,-0.200803212851,-0.196582424884,-0.510377575259,-0.532686838015,0.245785255682,0.373652183196,0.167954316426,0.127866927515,3.14597609849,0.863844435296,-1.23760996489,-0.800286984917,0.471698113208,0.437322979971,3.13098467242,5.50835141793,-1.19452382508,-0.596820832166,0.641241984475,0.597702992911,5.60639494695,2.79984270008
2026-08-15T08:00:00Z,2026-08-15T10:00:00+02:00,2026-08-16T10:00:00Z,63075.43,63085.8,62933.71,62935.72,177.99645,11219751.9859,20855,84.25998,5313276.03906,5906475.94679,0.473564482153,-0.221496706404,0.241666985786,1880.4,1881.69,1876.53,1877.05,3447.5778,6480815.83413,26194,1905.4489,3582170.27463,2898645.55951,0.552734465275,-0.178153584344,0.274975619894,0.02981,0.02984,0.02979,0.02982,0.0335457900034,0.16784155757,0.0298248752854,-1.63463732985,3402098.81,34020.9881,0.235323430004,OKX_CONTRACT_OI_HISTORY,7198133.65,719813.365,0.197920069001,OKX_CONTRACT_OI_HISTORY,2.22,0.689440993789,0.310559006211,OKX_GLOBAL_ACCOUNT_RATIO,1.89,0.653979238754,0.346020761246,OKX_GLOBAL_ACCOUNT_RATIO,7.65914290582e-05,OKX_FUNDING_HISTORY,3.75308273115e-05,OKX_FUNDING_HISTORY,UNAVAILABLE,UNAVAILABLE,PASS,PASS,-0.295111054783,-0.388458742179,-0.100502512563,-0.0933476873963,-0.110540537285,0.232106261794,0.0447163847797,-0.179215281692,-0.200803212851,-0.223931666472,-0.327894417903,-0.0489384525802,-0.00681601416969,-0.0883585013121,-0.0670241286863,-0.0815424871424,1.63217093545,-0.0138038951584,-1.30331144106,-0.687812491733,0.641241984475,0.61549894933,3.55916484851,5.37920181023,-1.34684663078,-0.735080250668,0.607287449393,0.611766380115,5.59175206245,2.86793992766
2026-08-15T09:00:00Z,2026-08-15T11:00:00+02:00,2026-08-16T10:00:00Z,62935.72,63045.83,62920,63030.38,183.99371,11589045.0614,22230,133.27109,8394649.36105,3194395.7003,0.724360749018,0.150407431583,0.199984106802,1877.04,1881.32,1876.01,1880.44,2238.4774,4204402.21577,20169,1301.2839,2443836.44073,1760565.77504,0.581256577109,0.180602541222,0.28304753173,0.02982,0.02984,0.02981,0.02983,0.0335345405768,0.10063737001,0.0298338674144,-1.29631681947,3399087.1,33990.871,-0.0885250596234,OKX_CONTRACT_OI_HISTORY,7173106.79,717310.679,-0.347685403146,OKX_CONTRACT_OI_HISTORY,2.23,0.69040247678,0.30959752322,OKX_GLOBAL_ACCOUNT_RATIO,1.91,0.656357388316,0.343642611684,OKX_GLOBAL_ACCOUNT_RATIO,,,,,PRICE_UP_OI_DOWN,PRICE_UP_OI_DOWN,PASS,PASS,-0.0929163562586,-0.0116980209076,0.0335345405768,0.0812183353511,-0.0982920619749,-0.0752590795219,0.161913943907,0.0532073383561,-0.133913625711,-0.108706605551,-0.643834546251,-0.410967814381,0.378435408546,0.385432570654,0,0.00699716210737,-2.9773975155,-2.13064792853,-1.17941182742,-0.494237424462,0.674991562605,0.685174402957,3.91514187179,4.99331291986,-1.68218689444,-1.33274566595,0.370121130552,0.349441228485,4.79474900442,2.57803860256
2026-08-15T10:00:00Z,2026-08-15T12:00:00+02:00,2026-08-16T10:00:00Z,63030.39,63051.74,63002.12,63046.1,79.58111,5015947.1911,15132,40.95784,2581565.46826,2434381.72284,0.514671580443,0.0249403541594,0.0787592544505,1880.45,1881.39,1878.42,1881.01,1442.5592,2711632.16244,10102,799.9228,1503650.60007,1207981.56237,0.554518647809,0.0303120546255,0.158111604434,0.02983,0.02984,0.02981,0.02983,0,0.10063737001,0.0298354696008,-1.83325447499,3389237.57,33892.3757,-0.289769862032,OKX_CONTRACT_OI_HISTORY,7184184.07,718418.407,0.154427925365,OKX_CONTRACT_OI_HISTORY,2.23,0.69040247678,0.30959752322,OKX_GLOBAL_ACCOUNT_RATIO,1.92,0.657534246575,0.342465753425,OKX_GLOBAL_ACCOUNT_RATIO,,,,,PRICE_UP_OI_DOWN,PRICE_UP_OI_UP,PASS,PASS,-0.108659348348,-0.0611000127513,0.0335345405768,0.0475593355968,-0.357836701946,0.172028920831,0.253184766043,0.0659655170579,-0.234113712375,-0.187219248985,-0.899006689638,-0.237319116505,0.369279910542,0.256903618503,-0.133913625711,-0.112376292039,-4.89519426001,-2.40933204457,-0.950634230091,-0.114700212939,0.845165652468,0.835934017152,3.65699709791,5.51765359849,-1.71063692329,-1.47498651246,0.201545179711,0.235650410828,5.56563472139,4.12707629781
2026-08-15T11:00:00Z,2026-08-15T13:00:00+02:00,2026-08-16T10:00:00Z,63046.1,63054.69,62996.85,63022.01,175.71191,11074437.5569,17915,66.73737,4206094.18861,6868343.36831,0.379802059201,-0.0382101351233,0.0918141145153,1881,1881.3,1879.24,1879.49,980.5767,1843613.4654,8205,404.802,761048.682801,1082564.7826,0.412802736085,-0.0808076512087,0.109618782061,0.02984,0.02984,0.02982,0.02982,-0.0335232986926,0.0670690811536,0.0298227555738,-0.923983633858,3388842.98,33888.4298,-0.0116424414592,OKX_CONTRACT_OI_HISTORY,7185883.41,718588.341,0.0236539039568,OKX_CONTRACT_OI_HISTORY,2.23,0.69040247678,0.30959752322,OKX_GLOBAL_ACCOUNT_RATIO,1.91,0.656357388316,0.343642611684,OKX_GLOBAL_ACCOUNT_RATIO,,,,,PRICE_DOWN_OI_DOWN,PRICE_DOWN_OI_UP,PASS,PASS,-0.0846922486299,-0.0483939587322,0,0.0362982898978,-0.155230308023,0.0273968989645,-0.034182714301,-0.143980448411,-0.100502512563,-0.10979773411,-0.995560162356,-0.120174364873,0.24365015223,0.0686827813864,-0.167392032139,-0.174967370843,-4.90003296998,-2.00688959746,-0.72819579014,-0.047862411521,0.67521944632,0.680333378619,3.69592490802,5.005785787,-1.89606046323,-1.88351247931,0.0335457900034,0.0125479839109,4.48793837438,5.69928883435
2026-08-15T12:00:00Z,2026-08-15T14:00:00+02:00,2026-08-16T10:00:00Z,63022.01,63055.36,62946.58,63050.13,109.73402,6912186.9255,18296,42.12095,2653150.3951,4259036.5304,0.383836609701,0.0446193321984,0.172813201289,1879.49,1883.97,1878.19,1883.86,2231.1153,4194589.14595,14095,1332.2681,2505152.54797,1689436.59798,0.597234308488,0.232509883,0.307743093084,0.02982,0.02987,0.02982,0.02987,0.167672702884,0.167672702884,0.0298787647226,-2.93342870489,3393674.67,33936.7467,0.142576390482,OKX_CONTRACT_OI_HISTORY,7194531.47,719453.147,0.120347903056,OKX_CONTRACT_OI_HISTORY,2.21,0.688473520249,0.311526479751,OKX_GLOBAL_ACCOUNT_RATIO,1.91,0.656357388316,0.343642611684,OKX_GLOBAL_ACCOUNT_RATIO,,,,,PRICE_UP_OI_UP,PRICE_UP_OI_UP,PASS,PASS,0.181788656744,0.36280333502,0.167672702884,0.181014678277,-0.247615970919,-0.0500432497527,0.0480007261201,0.077028915061,0,0.0290281889409,-0.799609869492,-0.160805968556,0.491602951722,0.552439004863,0.0670016750419,0.060836053141,-5.64898272082,-1.78663331769,-1.01672335103,-0.274213357049,0.708024275118,0.742509993976,4.03970485453,3.86869771439,-1.66809862365,-1.43670343009,0.20127474002,0.231395193562,5.62233369466,5.5613215631
2026-08-15T13:00:00Z,2026-08-15T15:00:00+02:00,2026-08-16T10:00:00Z,63050.12,63080.88,63028.11,63060.35,132.2968,8341373.29801,27293,76.59221,4829217.30145,3512155.99656,0.578947510071,0.0162093242314,0.0837245476661,1883.86,1884.93,1882.33,1883.86,3670.7843,6914476.0638,34355,1286.4322,2423108.08626,4491367.97755,0.350439869037,0,0.138126683419,0.02988,0.0299,0.02986,0.02987,0,0.133958472873,0.0298739223617,-1.31297177073,3396451.97,33964.5197,0.0818375439623,OKX_CONTRACT_OI_HISTORY,7190606.04,719060.604,-0.0545613014046,OKX_CONTRACT_OI_HISTORY,2.23,0.69040247678,0.30959752322,OKX_GLOBAL_ACCOUNT_RATIO,1.9,0.655172413793,0.344827586207,OKX_GLOBAL_ACCOUNT_RATIO,,,,,PRICE_UP_OI_UP,MIXED_FLAT,PASS,PASS,0.0475484996283,0.181872327753,0.13409319477,0.134323828125,-0.077524638895,0.24395635688,0.0241414364599,-0.00743099787687,-0.100334448161,-0.0315724343367,-0.737793840451,-0.198731575883,0.626077104742,0.742792665123,0.100536193029,0.116715560381,-5.92388956386,-3.53451721931,-1.04144435378,-0.345431366014,0.708024275118,0.696012987761,3.99973224551,3.44192033801,-1.22125626566,-0.918309385059,0.268546492111,0.302946880605,6.66111321779,4.35481389443
2026-08-15T14:00:00Z,2026-08-15T16:00:00+02:00,2026-08-16T10:00:00Z,63060.34,63060.35,62996.77,63040,244.03751,15383663.5353,18588,106.13824,6690832.86957,8692830.66569,0.434931045796,-0.0322706740448,0.100925809371,1883.85,1884.61,1881.47,1883.56,2116.7417,3985779.67504,18237,827.6607,1558417.25713,2427362.41791,0.390994330893,-0.0159247502468,0.166890782208,0.02988,0.02989,0.02986,0.02988,0.0334784064278,0.100468854655,0.0298788071066,0.399243984794,3395877.04,33958.7704,-0.0169273702404,OKX_CONTRACT_OI_HISTORY,7198879.77,719887.977,0.115063041334,OKX_CONTRACT_OI_HISTORY,2.23,0.69040247678,0.30959752322,OKX_GLOBAL_ACCOUNT_RATIO,1.88,0.652777777778,0.347222222222,OKX_GLOBAL_ACCOUNT_RATIO,,,,,PRICE_DOWN_OI_DOWN,PRICE_DOWN_OI_UP,PASS,PASS,-0.0096754597033,0.135565467488,0.167616493463,0.145240927192,0.195898630971,0.204556284427,-0.149538104498,-0.0732118794232,0.100502512563,0.0763262250748,-0.544505163175,0.281746543979,0.670696156069,0.890767195342,0.234820530023,0.220071039273,-6.25591272006,-4.38577235734,-1.28320867154,-0.521276202447,0.80971659919,0.761932469096,4.42217766899,4.16490889969,-0.510373576919,-0.22407153338,0.335795836132,0.286302043538,6.5744235189,4.71633827379
2026-08-15T15:00:00Z,2026-08-15T17:00:00+02:00,2026-08-16T10:00:00Z,63040.01,63120.09,63032,63100.55,214.37562,13522645.126,24069,153.65535,9692244.82051,3830400.30544,0.71674178611,0.0960501269036,0.139754410458,1883.55,1885.83,1883.11,1884.91,2355.0637,4438525.14789,22560,853.2831,1608012.89674,2830512.25116,0.36228540859,0.0716727898235,0.14444190727,0.02988,0.02989,0.02987,0.02987,-0.0334672021419,0.0669568128557,0.0298715304383,-0.51234011173,3384485.65,33844.8565,-0.335447658022,OKX_CONTRACT_OI_HISTORY,7222559.05,722255.905,0.328930066296,OKX_CONTRACT_OI_HISTORY,2.2,0.6875,0.3125,OKX_GLOBAL_ACCOUNT_RATIO,1.86,0.65034965035,0.34965034965,OKX_GLOBAL_ACCOUNT_RATIO,,,,,PRICE_UP_OI_DOWN,PRICE_UP_OI_UP,PASS,PASS,0.124623127698,0.288376102028,0.167672702884,0.16375297433,-0.12857869266,0.510384568012,0.0781903610158,0.118448169631,0.0334896182183,0.0402578086147,-0.696369769569,0.559827471962,0.173993248236,0.17804375093,0.0334896182183,0.00405050269363,-5.25312707928,-3.19368414783,-0.503721144163,0.260636911506,0.741989881956,0.764358055668,5.00811791122,4.90313109837,-0.537377207684,-0.414212125215,0.13409319477,0.12316508247,6.30994125893,6.56360220315
2026-08-15T16:00:00Z,2026-08-15T18:00:00+02:00,2026-08-16T10:00:00Z,63100.55,63124.99,63066.73,63096.63,202.83972,12797516.658,28765,143.1142,9028868.77548,3768647.88256,0.705517251255,-0.00621230718275,0.092378342749,1884.92,1885.7,1883.92,1884.98,2801.7212,5280361.61595,17307,1272.273,2397758.84359,2882602.77237,0.454089893454,0.00371370516363,0.0944838422014,0.02988,0.02989,0.02986,0.02987,0,0.100468854655,0.0298744956743,-1.5048536324,3384195.69,33841.9569,-0.00856732839157,OKX_CONTRACT_OI_HISTORY,7232216.96,723221.696,0.133718671362,OKX_CONTRACT_OI_HISTORY,2.21,0.688473520249,0.311526479751,OKX_GLOBAL_ACCOUNT_RATIO,1.85,0.649122807018,0.350877192982,OKX_GLOBAL_ACCOUNT_RATIO,6.47375951599e-05,OKX_FUNDING_HISTORY,3.83273653081e-05,OKX_FUNDING_HISTORY,PRICE_DOWN_OI_DOWN,PRICE_UP_OI_UP,PASS,PASS,0.0737508392132,0.0594524009215,0,-0.0142984382917,-0.279313161152,0.52380742453,-0.0401920091252,0.0323715618483,0.0670016750419,0.0725635709734,-0.636196339591,0.706707334209,-0.0583683966099,-0.0228067104768,0.0334896182183,0.0355616861331,-4.12382694643,-1.29137013964,-0.100538108455,0.540309891458,0.606264735601,0.640847999913,6.02555374494,5.66422825771,-0.622896195622,-0.302533453218,0.302216252518,0.320362742404,4.2999819606,5.744097215
2026-08-15T17:00:00Z,2026-08-15T19:00:00+02:00,2026-08-16T10:00:00Z,63096.62,63100.69,63066.21,63070.5,96.56413,6091143.84604,13868,47.80332,3015156.37076,3075987.47527,0.495006594324,-0.0414126713265,0.0546727003256,1884.98,1886.58,1883.03,1884.49,3077.7651,5800016.75116,19078,1653.8991,3116558.75681,2683457.99436,0.537336164793,-0.0259949707689,0.188525939576,0.02987,0.0299,0.02986,0.02987,0,0.133958472873,0.0298791035429,-3.04679250089,3382876.25,33828.7625,-0.0389882891199,OKX_CONTRACT_OI_HISTORY,7223148.69,722314.869,-0.125387139934,OKX_CONTRACT_OI_HISTORY,2.24,0.691358024691,0.308641975309,OKX_GLOBAL_ACCOUNT_RATIO,1.84,0.647887323944,0.352112676056,OKX_GLOBAL_ACCOUNT_RATIO,,,,,PRICE_DOWN_OI_DOWN,PRICE_DOWN_OI_DOWN,PASS,PASS,0.0160956924597,0.0334419755184,0,0.0173462830587,-0.399702987703,0.452571727876,-0.0293236538858,0.203651909436,0.167672702884,0.232975563322,-0.574741047977,0.62184805119,0.0901550123473,0.315133319493,0.20127474002,0.224978307146,-2.68112687962,-0.0444907025335,-0.117001703081,0.400110816311,0.470904809956,0.517112519392,4.6237088601,2.54418061914,-0.630996833199,-0.193311936615,0.437121721587,0.437684896585,4.0820568403,5.18273263308
2026-08-15T18:00:00Z,2026-08-15T20:00:00+02:00,2026-08-16T10:00:00Z,63070.49,63115.58,63044.37,63057.58,294.79086,18589365.6046,24314,210.40207,13267617.8527,5321747.75188,0.713720851745,-0.0204850128031,0.112952195414,1884.49,1885.8,1882.59,1882.82,1235.8078,2328016.50632,10512,576.3304,1085836.28425,1242180.22207,0.466421213639,-0.0886181407171,0.170509776425,0.02987,0.02989,0.02986,0.02986,-0.0334784064279,0.100468854655,0.0298587418039,0.421382819389,3384196.08,33841.9608,0.0390150245667,OKX_CONTRACT_OI_HISTORY,7248255.3,724825.53,0.347585396307,OKX_CONTRACT_OI_HISTORY,2.24,0.691358024691,0.308641975309,OKX_GLOBAL_ACCOUNT_RATIO,1.84,0.647887323944,0.352112676056,OKX_GLOBAL_ACCOUNT_RATIO,,,,,PRICE_DOWN_OI_UP,PRICE_DOWN_OI_UP,PASS,PASS,0.0278870558376,-0.0392873070144,-0.0669344042838,-0.0671743628519,-0.343974762997,0.685877964038,-0.0904702360845,0.0350660942747,0.134138162307,0.125536330359,-0.506054393822,1.06540039378,0.202717272729,0.37638077366,0.134138162307,0.173663500931,-1.26323511674,0.415162589385,-0.398704785974,-0.143196571768,0.268636668905,0.255508214206,3.76435354768,2.46715306183,-0.519053004744,-0.144785341147,0.36974789916,0.374267663597,3.62391519028,4.99440791928
2026-08-15T19:00:00Z,2026-08-15T21:00:00+02:00,2026-08-16T10:00:00Z,63057.58,63127.4,63057.57,63126.08,516.06271,32562056.104,38007,411.38463,25957138.8624,6604917.24154,0.797159085395,0.10863087356,0.110740074507,1882.82,1884.97,1882.82,1884.55,1114.2486,2099187.5771,10135,473.5373,892119.723182,1207067.85392,0.424983328271,0.0918834514186,0.114190416503,0.02986,0.02987,0.02985,0.02985,-0.0334896182184,0.0670016750419,0.0298537466607,-1.25500517365,3381663.88,33816.6388,-0.0748242696386,OKX_CONTRACT_OI_HISTORY,7252187.79,725218.779,0.0542542975825,OKX_CONTRACT_OI_HISTORY,2.24,0.691358024691,0.308641975309,OKX_GLOBAL_ACCOUNT_RATIO,1.84,0.647887323944,0.352112676056,OKX_GLOBAL_ACCOUNT_RATIO,,,,,PRICE_UP_OI_DOWN,PRICE_UP_OI_UP,PASS,PASS,0.0404592352999,-0.0190990551273,-0.0669568128557,-0.0595582904272,-0.0833736730425,0.410224960362,0.0803006812637,0.220697723889,0.10060362173,0.140397042625,-0.366746625045,0.950352944309,0.250968546747,0.19458873193,-0.100401606426,-0.056379814817,-0.875252407772,0.412603701245,-0.444596966408,-0.151530404099,0.268726906282,0.293066562309,3.69477980117,2.41590925047,-0.465192110324,0.275090721408,0.742490718866,0.740282831732,2.81782937547,5.28830164554
2026-08-15T20:00:00Z,2026-08-15T22:00:00+02:00,2026-08-16T22:00:00Z,63126.07,63126.08,63076.96,63103.29,55.31906,3490364.92894,14889,28.52719,1799730.91778,1690634.01116,0.515628295155,-0.0360865170285,0.0778731251474,1884.55,1884.56,1882.8,1883.42,847.5523,1596368.66174,6983,438.2983,825503.750273,770864.91147,0.517113477642,-0.0599612639622,0.0934777990227,0.02985,0.02987,0.02985,0.02985,0,0.0670016750419,0.0298466213093,1.13201781865,3381531.95,33815.3195,-0.00390133391968,OKX_CONTRACT_OI_HISTORY,7245149.9,724514.99,-0.0970450601087,OKX_CONTRACT_OI_HISTORY,2.24,0.691358024691,0.308641975309,OKX_GLOBAL_ACCOUNT_RATIO,1.83,0.646643109541,0.353356890459,OKX_GLOBAL_ACCOUNT_RATIO,,,,,UNAVAILABLE,UNAVAILABLE,PASS,PASS,0.0105552388456,-0.0827594987745,-0.0669568128557,-0.0933147376201,-0.0787111693296,0.178824004749,0.266255792418,0.339362297222,0.10060362173,0.0731065048037,-0.604534469709,0.653172784587,0.311091237162,0.159538826432,-0.100401606426,-0.15155241073,-0.930446652831,0.603914679353,-0.492402888566,-0.159560651601,0.336134453782,0.332842236965,3.45103677028,2.90842333513,-0.780974965562,-0.168557192834,0.606673407482,0.612417772728,2.35965362571,6.16708900145
2026-08-15T21:00:00Z,2026-08-15T23:00:00+02:00,2026-08-16T22:00:00Z,63103.29,63168.95,63103.29,63159.04,170.99952,10797644.341,24950,105.64609,6671001.11008,4126643.23097,0.617820044759,0.0883472161277,0.104051627102,1883.41,1885.6,1883.41,1885.17,2194.4682,4136130.56696,13622,1240.4564,2337887.35957,1798243.20739,0.565235386486,0.0929160781982,0.116278452382,0.02985,0.02986,0.02984,0.02984,-0.033500837521,0.0670241286863,0.0298479837566,-2.67480598567,3374847.63,33748.4763,-0.197671354251,OKX_CONTRACT_OI_HISTORY,7234378.08,723437.808,-0.148676288947,OKX_CONTRACT_OI_HISTORY,2.21,0.688473520249,0.311526479751,OKX_GLOBAL_ACCOUNT_RATIO,1.83,0.646643109541,0.353356890459,OKX_GLOBAL_ACCOUNT_RATIO,,,,,PRICE_UP_OI_DOWN,PRICE_UP_OI_DOWN,PASS,PASS,0.140382587739,0.0360840333459,-0.100435219284,-0.104298554393,-0.237331176392,0.155463918603,0.204123789195,0.251536874349,0.0335232986926,0.0474130851536,-0.713117060166,0.854180647156,0.366368237979,0.30487804878,-0.100435219284,-0.0614901891988,-1.35236031243,0.439702425238,-0.496203169802,-0.190071793134,0.302521008403,0.306131376668,3.39749451321,2.84369302346,-0.489665719918,0.384461780133,0.810810810811,0.87412750005,0.934625953034,5.58940579271
2026-08-15T22:00:00Z,2026-08-16T00:00:00+02:00,2026-08-16T22:00:00Z,63159.04,63175,63135.52,63135.52,95.56932,6035519.59856,15284,48.76913,3079854.16198,2955665.43658,0.51028815526,-0.0372393247269,0.0625321530574,1885.16,1885.8,1884.46,1884.84,1889.8622,3562487.3235,16280,789.8424,1488847.36209,2073639.9614,0.417923553657,-0.0175050525947,0.0711079035904,0.02985,0.02986,0.02984,0.02985,0.0335120643432,0.0670241286863,0.0298538762332,-1.29840198637,3367278.42,33672.7842,-0.224283014519,OKX_CONTRACT_OI_HISTORY,7233027.72,723302.772,-0.0186658754224,OKX_CONTRACT_OI_HISTORY,2.21,0.688473520249,0.311526479751,OKX_GLOBAL_ACCOUNT_RATIO,1.83,0.646643109541,0.353356890459,OKX_GLOBAL_ACCOUNT_RATIO,,,,,PRICE_DOWN_OI_DOWN,PRICE_DOWN_OI_DOWN,PASS,PASS,0.123601318033,0.107285879691,-0.0334896182184,-0.0163154383423,-0.499901885118,-0.210086143075,0.141832722405,0.203614015874,0.0670465973852,0.0617812934697,-0.647908255071,0.679877485377,0.395376587295,0.269713847971,-0.167224080268,-0.125662739324,-1.54109020615,0.440944889631,-0.620950634196,-0.241346459193,0.369872225958,0.379604175003,2.85507485955,2.58296301872,-0.467837511122,0.340174079693,0.776502363268,0.808011590815,0.709649426516,6.99531790402
2026-08-15T23:00:00Z,2026-08-16T01:00:00+02:00,2026-08-17T01:00:00Z,63135.52,63139.96,63086,63086.01,85.33037,5385608.78925,12138,39.0069,2461975.4366,2923633.35265,0.457139672216,-0.0784186144345,0.0855340329075,1884.84,1884.85,1881.98,1882.64,2363.7033,4451396.25697,20326,848.436,1597749.77244,2853646.48453,0.358932272079,-0.116720782666,0.152498963857,0.02985,0.02985,0.02982,0.02984,-0.033500837521,0.10060362173,0.0298424325774,-0.815140441084,3364226.7,33642.267,-0.090628680476,OKX_CONTRACT_OI_HISTORY,7221354.8,722135.48,-0.161383592762,OKX_CONTRACT_OI_HISTORY,2.2,0.6875,0.3125,OKX_GLOBAL_ACCOUNT_RATIO,1.83,0.646643109541,0.353356890459,OKX_GLOBAL_ACCOUNT_RATIO,,,,,UNAVAILABLE,UNAVAILABLE,PASS,PASS,-0.0634761417151,-0.101350455016,-0.033500837521,-0.0378743133007,-0.515639064637,-0.425154324361,0.101551822927,0.167598657083,0.0670690811536,0.0660468341559,-0.726391873134,0.493626016123,0.0673343954561,0.0233768993731,-0.033500837521,-0.043957496083,-1.71472036738,0.37285843932,-0.637650836672,-0.186093364791,0.437563110064,0.451557471881,3.5269316519,2.60974750192,-0.620636518689,0.150547129763,0.742741390952,0.771183648452,0.50702226523,6.56555899727
2026-08-16T00:00:00Z,2026-08-16T02:00:00+02:00,2026-08-17T01:00:00Z,63086.01,63086.01,63061.47,63085.82,94.57372,5965050.74814,12824,51.08367,3222009.959,2743040.78914,0.540147954317,-0.000301176124473,0.0389144116051,1882.64,1883.33,1881.67,1882.57,1935.0343,3643019.02721,15327,948.5553,1785835.46515,1857183.56206,0.490207559119,-0.00371818297711,0.0882195071399,0.02984,0.02986,0.02984,0.02984,0,0.0670241286863,0.0298414128563,-0.473454904731,3363781.71,33637.8171,-0.013227111003,OKX_CONTRACT_OI_HISTORY,7212116.88,721211.688,-0.127925025924,OKX_CONTRACT_OI_HISTORY,2.23,0.69040247678,0.30959752322,OKX_GLOBAL_ACCOUNT_RATIO,1.83,0.646643109541,0.353356890459,OKX_GLOBAL_ACCOUNT_RATIO,5.09375327473e-05,OKX_FUNDING_HISTORY,2.16430646451e-05,OKX_FUNDING_HISTORY,PRICE_DOWN_OI_DOWN,PRICE_DOWN_OI_DOWN,PASS,PASS,-0.0276847688924,-0.0451306665534,-0.033500837521,-0.017445897661,-0.524917116338,-0.455932871727,0.0566057516456,-0.0684764260614,-0.100435219284,-0.125082177707,-0.880843419207,0.244427452619,0.104633648937,0.00849974235155,-0.100435219284,-0.0961339065859,-1.67340997778,0.0832284301303,-0.717059494236,-0.361490420239,0.369996636394,0.355569073996,3.69532881601,2.38780345813,-0.741225345722,0.12125789107,0.844880027036,0.862483236792,0.798081041978,7.57288213507
2026-08-16T01:00:00Z,2026-08-16T03:00:00+02:00,2026-08-17T01:00:00Z,63085.81,63085.82,63012,63084.78,180.55557,11386072.7108,20465,112.49079,7093977.79135,4292094.91947,0.623039916529,-0.00164854796213,0.117152288453,1882.57,1882.57,1877.01,1880.54,2701.766,5079751.31926,31157,1442.441,2711783.26144,2367968.05782,0.533841735747,-0.107831315701,0.296215790006,0.02984,0.02984,0.02979,0.02981,-0.100536193029,0.16784155757,0.0298097258958,0.0919512480468,3361577.74,33615.7774,-0.0655206012164,OKX_CONTRACT_OI_HISTORY,7187169.33,718716.933,-0.345911615343,OKX_CONTRACT_OI_HISTORY,2.22,0.689440993789,0.310559006211,OKX_GLOBAL_ACCOUNT_RATIO,1.84,0.647887323944,0.352112676056,OKX_GLOBAL_ACCOUNT_RATIO,,,,,PRICE_DOWN_OI_DOWN,PRICE_DOWN_OI_DOWN,PASS,PASS,-0.117576201285,-0.245601192465,-0.100536193029,-0.128024991181,-0.393199677581,-0.652561277251,0.0387406666788,-0.176233902732,-0.200870438567,-0.21497456941,-1.02678413556,-0.0477944415378,0.0628914556921,-0.183651804671,-0.301003344482,-0.246543260363,-1.75700242591,-0.246431034774,-0.772431548704,-0.469458719918,0.302826379542,0.302972828786,4.10573166548,1.86989703831,-0.585176116216,0.130451682294,0.709459459459,0.715627798511,0.750203462601,7.11558377613
2026-08-16T02:00:00Z,2026-08-16T04:00:00+02:00,2026-08-17T01:00:00Z,63084.78,63151.59,63024.22,63121.91,245.34897,15485992.8129,26865,105.20919,6639901.85292,8846090.95998,0.428768238055,0.0588573028233,0.202096908141,1880.54,1885,1879.09,1883.71,2554.0022,4809184.68942,27559,1366.2275,2572123.40307,2237061.28635,0.534835646617,0.168568602635,0.314513940258,0.02981,0.02987,0.02981,0.02983,0.0670915800067,0.20127474002,0.0298424112959,-4.15894537907,3360825.88,33608.2588,-0.0223662832798,OKX_CONTRACT_OI_HISTORY,7161399,716139.9,-0.358560217754,OKX_CONTRACT_OI_HISTORY,2.23,0.69040247678,0.30959752322,OKX_GLOBAL_ACCOUNT_RATIO,1.84,0.647887323944,0.352112676056,OKX_GLOBAL_ACCOUNT_RATIO,,,,,PRICE_UP_OI_DOWN,PRICE_UP_OI_DOWN,PASS,PASS,-0.0215568035236,-0.0599520383693,-0.0670016750419,-0.0383952348457,-0.19162478403,-0.99030064273,0.129933375635,0.00796364331372,-0.16733601071,-0.121969732321,-1.03216811407,-0.520647256205,-0.0197990287705,-0.0652540664424,-0.0670016750419,-0.0454550376719,-1.57105306857,-0.240367617877,-0.541208365693,-0.154244097911,0.370121130552,0.386964267783,2.46224937856,1.13564810599,-0.673642694942,0.0945837517867,0.708980418636,0.768226446729,0.123204694357,6.2035444052
2026-08-16T03:00:00Z,2026-08-16T05:00:00+02:00,2026-08-17T01:00:00Z,63121.92,63130.01,63115.61,63130,105.94774,6687744.62239,8652,46.09161,2909418.80422,3778325.81817,0.435037365883,0.0128164689567,0.0228152750168,1883.71,1884.28,1883.03,1883.3,1706.061,3213921.24039,13711,566.9794,1068009.55815,2145911.68223,0.332307321267,-0.0217655583928,0.0663823730902,0.02984,0.02985,0.02983,0.02983,0,0.0670465973852,0.0298320925075,-0.701428343864,3360681.14,33606.8114,-0.00430667952366,OKX_CONTRACT_OI_HISTORY,7173348.86,717334.886,0.166864882127,OKX_CONTRACT_OI_HISTORY,2.23,0.69040247678,0.30959752322,OKX_GLOBAL_ACCOUNT_RATIO,1.84,0.647887323944,0.352112676056,OKX_GLOBAL_ACCOUNT_RATIO,,,,,PRICE_UP_OI_DOWN,PRICE_DOWN_OI_UP,PASS,PASS,0.069730198502,0.035057153784,-0.0335120643432,-0.034673044718,-0.105390044018,-0.664777473612,0.0466715424826,-0.0854152187638,-0.133913625711,-0.132086761246,-0.703342027761,-0.681340085409,0.124898396146,0.0329317781036,-0.100468854655,-0.0919666180424,-1.39481393607,-0.125326942423,-0.284315274048,0.015932023367,0.33636057854,0.300247297415,3.32198223986,0.850507463917,-0.812277218451,-0.223573789947,0.573162508429,0.588703428505,-0.0934180983024,5.54081037067
2026-08-16T04:00:00Z,2026-08-16T06:00:00+02:00,2026-08-17T01:00:00Z,63130.01,63158.8,63090,63090.01,130.32114,8227242.12163,15922,71.44233,4510339.93093,3716902.19071,0.548220152543,-0.0633454775859,0.109050562688,1883.31,1884.56,1880.6,1881.7,1293.6813,2435789.06682,10829,576.7739,1085923.72504,1349865.34178,0.445820099873,-0.0849572558806,0.210571094332,0.02983,0.02984,0.02981,0.02982,-0.0335232986926,0.10063737001,0.0298256411752,-1.89138438646,3357119.96,33571.1996,-0.105966018543,OKX_CONTRACT_OI_HISTORY,7163419.32,716341.932,-0.138422655775,OKX_CONTRACT_OI_HISTORY,2.22,0.689440993789,0.310559006211,OKX_GLOBAL_ACCOUNT_RATIO,1.84,0.647887323944,0.352112676056,OKX_GLOBAL_ACCOUNT_RATIO,,,,,PRICE_DOWN_OI_DOWN,PRICE_DOWN_OI_DOWN,PASS,PASS,0.00664174611664,-0.0462134210149,-0.0670241286863,-0.0528551671315,-0.198043469355,-0.675218674493,-0.0104918440177,-0.17400715127,-0.167392032139,-0.163515307252,-0.800063958476,-0.951266262897,-0.0506796362599,-0.141691918254,-0.100502512563,-0.0910122819939,-1.43117032045,-0.251281597136,-0.445855430174,-0.162884595998,0.268997982515,0.282970834175,3.08596824565,0.686084265465,-0.947863950209,-0.563843223048,0.40404040404,0.384020727161,-0.0462099305916,5.06270008255
2026-08-16T05:00:00Z,2026-08-16T07:00:00+02:00,2026-08-17T01:00:00Z,63090,63094,63040,63069.43,235.12057,14827069.3553,13694,100.37387,6329163.86423,8497905.49109,0.426865465626,-0.0326200614012,0.0856598984772,1881.7,1881.92,1879.16,1879.81,2045.0583,3846070.38534,19943,1208.1882,2272091.68563,1573978.69971,0.590756657572,-0.100441090503,0.146874135252,0.02982,0.02983,0.0298,0.02981,-0.0335345405768,0.10067114094,0.0298054065179,1.54115735101,3355514.57,33555.1457,-0.0478204538154,OKX_CONTRACT_OI_HISTORY,7171164.25,717116.425,0.108117780825,OKX_CONTRACT_OI_HISTORY,2.22,0.689440993789,0.310559006211,OKX_GLOBAL_ACCOUNT_RATIO,1.85,0.649122807018,0.350877192982,OKX_GLOBAL_ACCOUNT_RATIO,,,,,PRICE_DOWN_OI_DOWN,PRICE_DOWN_OI_UP,PASS,PASS,-0.0243323349943,-0.0388186372,0,-0.0144863022057,-0.180366794076,-0.22268961903,-0.00169651421822,-0.248343053028,-0.200870438567,-0.246646538809,-0.808828877497,-0.719692231616,-0.031019670624,-0.045196898961,-0.0335345405768,-0.014177228337,-1.37892125391,-0.102319572543,-0.489745712477,-0.226106248706,0.269088462832,0.26363946377,3.02515481408,1.02954625021,-1.26580356304,-0.843966431235,0.404176490401,0.421837131807,0.100083241263,5.13263739047
2026-08-16T06:00:00Z,2026-08-16T08:00:00+02:00,2026-08-17T01:00:00Z,63069.43,63083.79,63043.21,63069.31,280.31849,17677279.5013,14141,149.5137,9428251.29242,8249028.20887,0.533354201461,-0.000190266504707,0.0643685497614,1879.82,1881.59,1879,1880.58,1889.9123,3553181.17259,16171,1171.7293,2202918.85945,1350262.31314,0.619984952201,0.0409615865433,0.137839276211,0.02981,0.02983,0.0298,0.02982,0.0335457900034,0.10067114094,0.0298176720183,0.780738920971,3366839.26,33668.3926,0.337494883832,OKX_CONTRACT_OI_HISTORY,7183150.37,718315.037,0.16714329197,OKX_CONTRACT_OI_HISTORY,2.22,0.689440993789,0.310559006211,OKX_GLOBAL_ACCOUNT_RATIO,1.88,0.652777777778,0.347222222222,OKX_GLOBAL_ACCOUNT_RATIO,,,,,PRICE_DOWN_OI_UP,PRICE_UP_OI_UP,PASS,PASS,-0.0833308117578,-0.166161457974,-0.0335232986926,-0.0828306462161,0.178925663355,0.303730737528,0.0186020459396,-0.11897048045,-0.133958472873,-0.137572526389,-0.512878674571,-0.898215188419,-0.0718850194598,-0.0839461044757,0,-0.0120610850159,-1.01633762333,0.157615617207,0.151125525493,0.4127399418,0.268997982515,0.261614416306,3.20632008663,0.55783905904,-1.36535488608,-0.950163803183,0.437857864601,0.415191082898,1.87424857536,5.55490927039
2026-08-16T07:00:00Z,2026-08-16T09:00:00+02:00,2026-08-17T01:00:00Z,63069.32,63069.32,63054.34,63061.02,146.93998,9266033.39438,9244,75.35366,4751752.36046,4514281.03392,0.51281407677,-0.013144269376,0.0237572861757,1880.58,1881.65,1879.91,1881.54,1099.7008,2068406.95407,8983,516.6657,971724.562608,1096682.39146,0.469793703167,0.0510480809112,0.0925576224394,0.02982,0.02984,0.02981,0.02984,0.0670690811536,0.10063737001,0.029836815199,1.06740648617,3372278.09,33722.7809,0.161541124479,OKX_CONTRACT_OI_HISTORY,7192014.21,719201.421,0.123397667366,OKX_CONTRACT_OI_HISTORY,2.22,0.689440993789,0.310559006211,OKX_GLOBAL_ACCOUNT_RATIO,1.89,0.653979238754,0.346020761246,OKX_GLOBAL_ACCOUNT_RATIO,,,,,PRICE_DOWN_OI_UP,PRICE_UP_OI_UP,PASS,PASS,-0.109266592745,-0.0934529814687,0.0335232986926,0.0158136112764,0.345077367263,0.260204130097,-0.103063583229,-0.159719827014,-0.033500837521,-0.0566562437854,-0.277549464792,-0.829730031026,-0.0228456627248,0.0606253988513,0.0670690811536,0.0834710615761,-0.643278186542,0.112737549504,0.222883441687,0.434504110174,0.235136042996,0.211620668487,2.48246053395,0.977555861847,-1.26017288742,-0.740146763243,0.539083557951,0.520026124173,2.46756554446,5.62729894784
2026-08-16T08:00:00Z,2026-08-16T10:00:00+02:00,2026-08-17T01:00:00Z,63061.03,63079.76,63061.02,63072.42,108.9221,6869491.73106,6828,72.38107,4564818.97393,2304672.75713,0.664506073032,0.0180777285239,0.0297172484682,1881.54,1881.56,1880.48,1880.94,1229.3845,2312351.54669,9110,565.5218,1063676.9319,1248674.61479,0.459997933024,-0.0318887719634,0.0574321449843,0.02983,0.02984,0.02982,0.02982,-0.0670241286863,0.0670690811536,0.0298219094812,-0.640294746245,3370201.7,33702.017,-0.0615723242445,OKX_CONTRACT_OI_HISTORY,7190497.47,719049.747,-0.0210892241827,OKX_CONTRACT_OI_HISTORY,2.22,0.689440993789,0.310559006211,OKX_GLOBAL_ACCOUNT_RATIO,1.88,0.652777777778,0.347222222222,OKX_GLOBAL_ACCOUNT_RATIO,4.58871049066e-05,OKX_FUNDING_HISTORY,8.76265245191e-05,OKX_FUNDING_HISTORY,PRICE_UP_OI_DOWN,PRICE_DOWN_OI_DOWN,PASS,PASS,-0.0278808007797,-0.0403890099378,0,-0.0125082091581,0.389671508789,0.378005932508,-0.0489197948316,-0.131675356532,-0.100502512563,-0.0827555617006,-0.335062633372,-0.754331252691,0.217205745799,0.207240084175,0,-0.00996566162441,-0.937571533967,-0.106085554552,0.210374926855,0.11869846863,-0.0670241286863,-0.0916764582249,0.679296631404,-0.119874805772,-1.0889365626,-0.481997830745,0.641241984475,0.606938731855,2.58822359808,5.26740969961
2026-08-16T09:00:00Z,2026-08-16T11:00:00+02:00,2026-08-17T01:00:00Z,63072.43,63072.43,62968.45,62992.69,290.93169,18336992.6044,17494,150.65501,9494412.32318,8842580.28126,0.517773689939,-0.12641024397,0.165130315261,1880.94,1882.52,1879.27,1880.43,3170.625,5965166.44843,16651,1775.8177,3341174.17515,2623992.27328,0.560114156752,-0.0271141025232,0.172939492463,0.02982,0.02986,0.02982,0.02984,0.0670690811536,0.134138162307,0.0298515589666,-3.87214839159,3368428.19,33684.2819,-0.0526232599076,OKX_CONTRACT_OI_HISTORY,7189595.25,718959.525,-0.0125473933308,OKX_CONTRACT_OI_HISTORY,2.23,0.69040247678,0.30959752322,OKX_GLOBAL_ACCOUNT_RATIO,1.89,0.653979238754,0.346020761246,OKX_GLOBAL_ACCOUNT_RATIO,,,,,PRICE_DOWN_OI_DOWN,PRICE_DOWN_OI_DOWN,PASS,PASS,-0.121675429761,0.0329820566972,0.10063737001,0.154657486458,0.384847680754,0.25701544906,-0.263382723993,-0.251436209997,0,0.0119465139963,-0.190214217167,-0.619028056106,-0.0597965615946,-0.000531790432023,0.0335232986926,0.0592647711625,-0.9019748273,0.229864973194,0.31841255559,0.384898730528,0.0335232986926,0.0664861749386,-3.8525169667,-1.90568056862,-1.23850314129,-0.494766586587,0.708741140736,0.743736554707,2.97785345036,5.23465577046
2026-08-16T10:00:00Z,2026-08-16T12:00:00+02:00,2026-08-17T01:00:00Z,62992.68,63013.62,62968.45,63008.57,133.29459,8396031.07122,16512,89.41751,5631934.93327,2764096.13795,0.670785384844,0.0252092742825,0.0717343367988,1880.42,1881.17,1879.62,1880.79,2045.3728,3845846.21564,15766,1058.5145,1990187.80209,1855658.41355,0.517490219447,0.0191445573619,0.0824634766602,0.02985,0.02986,0.02984,0.02986,0.0670241286863,0.0670241286863,0.0298497490103,3.43419626859,3376389.72,33763.8972,0.236357421056,OKX_CONTRACT_OI_HISTORY,7202278.55,720227.855,0.176411877984,OKX_CONTRACT_OI_HISTORY,2.22,0.689440993789,0.310559006211,OKX_GLOBAL_ACCOUNT_RATIO,1.89,0.653979238754,0.346020761246,OKX_GLOBAL_ACCOUNT_RATIO,,,,,PRICE_UP_OI_UP,PRICE_UP_OI_UP,PASS,PASS,-0.0963067457056,0.0111667676993,0.134138162307,0.107473513405,0.283662487647,0.266292351054,-0.201075400979,-0.214872349908,0.0335008375209,-0.013796948929,0.270583505833,-0.425121694404,-0.0595278692893,-0.0116958442539,0.100569896078,0.0478320250354,-0.379077882109,0.251865484287,0.309532216791,0.245177727202,-0.0334784064279,-0.0643544895882,-5.25571554339,-2.1635348361,-1.00959620708,-0.126382642034,0.946585530764,0.883213565044,3.26405634865,5.78341614773
2026-08-16T11:00:00Z,2026-08-16T13:00:00+02:00,2026-08-17T01:00:00Z,63008.56,63013.66,62981.93,63013.66,213.61707,13457010.0125,19833,131.13513,8260664.86733,5196345.14516,0.613855890696,0.00807826617872,0.0503795294936,1880.8,1881.08,1880.16,1880.94,1272.2043,2392495.19014,8859,642.8918,1208990.68912,1183504.50102,0.505326277813,0.00797537205111,0.0489320057867,0.02985,0.02987,0.02983,0.02984,-0.0669792364367,0.13409319477,0.0298497182992,-3.2557423416,3379401.13,33794.0113,0.0891902371981,OKX_CONTRACT_OI_HISTORY,7215506.15,721550.615,0.183658545114,OKX_CONTRACT_OI_HISTORY,2.22,0.689440993789,0.310559006211,OKX_GLOBAL_ACCOUNT_RATIO,1.89,0.653979238754,0.346020761246,OKX_GLOBAL_ACCOUNT_RATIO,,,,,PRICE_UP_OI_UP,PRICE_UP_OI_UP,PASS,PASS,-0.0751018616572,-0.0318887719634,0,0.0432130896938,0.211223386978,0.326639232266,-0.114684697923,-0.0902987294438,0,0.024385968479,0.451052540544,-0.0809910350894,-0.0132493393975,0.0771485881808,0.0670690811536,0.0903979275783,-0.278615741589,0.412235188213,0.230368530797,0.145884357363,-0.100435219284,-0.0844841734332,-5.16499644838,-1.60292751435,-0.741348648406,0.0292492514851,0.742741390952,0.770597899891,3.40701173784,5.43865658567
2026-08-16T12:00:00Z,2026-08-16T14:00:00+02:00,2026-08-17T01:00:00Z,63013.66,63025.42,62997.77,63021.98,78.74312,4961802.47839,12065,44.12561,2780450.91872,2181351.55968,0.560371141501,0.0132034863552,0.0438904424712,1880.94,1880.95,1879.32,1879.83,1107.625,2082508.37941,8389,415.4272,781037.138274,1301471.24114,0.375046336425,-0.0590130466682,0.0867334993508,0.02984,0.02985,0.02982,0.02982,-0.0670241286863,0.10060362173,0.0298281647133,-2.73724964491,3383607.07,33836.0707,0.124458146228,OKX_CONTRACT_OI_HISTORY,7223605.98,722360.598,0.112255881038,OKX_CONTRACT_OI_HISTORY,2.23,0.69040247678,0.30959752322,OKX_GLOBAL_ACCOUNT_RATIO,1.89,0.653979238754,0.346020761246,OKX_GLOBAL_ACCOUNT_RATIO,,,,,PRICE_UP_OI_UP,PRICE_DOWN_OI_UP,PASS,PASS,-0.0799715628479,-0.0590130466682,0,0.0209585161797,0.397761653257,0.460448114169,-0.101195482598,-0.14554571676,-0.0670241286863,-0.0443502341614,0.589377126972,0.159302742748,-0.0446470134161,-0.213922478316,-0.167392032139,-0.1692754649,-0.296657781873,0.404119575003,0.44673645227,0.337334735336,-0.100502512563,-0.109401716933,-5.92888235586,-1.38973387766,-1.06091642783,-0.487549231356,0.539447066757,0.573367196475,3.73106297385,4.28845145415
2026-08-16T13:00:00Z,2026-08-16T15:00:00+02:00,2026-08-17T01:00:00Z,63021.99,63070.05,63021.98,63060.01,146.76198,9255031.07835,14107,84.95573,5357174.90822,3897856.17013,0.578839213274,0.0603440260049,0.07627497581,1879.82,1881.97,1879.82,1881.96,1623.8462,3054910.28106,11405,588.1605,1106418.5693,1948491.71176,0.362177107511,0.113308118287,0.114372652701,0.02982,0.02984,0.02982,0.02983,0.0335345405768,0.0670690811536,0.0298439534025,-4.67545378223,3383286,33832.86,-0.00948898596552,OKX_CONTRACT_OI_HISTORY,7244891.98,724489.198,0.294672772282,OKX_CONTRACT_OI_HISTORY,2.24,0.691358024691,0.308641975309,OKX_GLOBAL_ACCOUNT_RATIO,1.91,0.656357388316,0.343642611684,OKX_GLOBAL_ACCOUNT_RATIO,,,,,PRICE_UP_OI_DOWN,PRICE_UP_OI_UP,PASS,PASS,0.106869543117,0.081364368788,-0.0335120643432,-0.0255051743288,0.441090299746,0.769121599717,-0.0392646213556,0.0755102257862,0.0670915800067,0.114774847142,0.645775932583,0.803134688354,-0.000539166052826,-0.100856751563,-0.133913625711,-0.10031758551,-0.387638927807,0.754956393078,0.625534563094,0.641186757007,-0.0335120643432,0.0156521939124,-6.28856518968,-2.80624488994,-1.04197790471,-0.445939726723,0.573162508429,0.596038177991,3.59658879851,4.22286172872
2026-08-16T14:00:00Z,2026-08-16T16:00:00+02:00,2026-08-17T01:00:00Z,63060.01,63102.86,63060,63102.85,159.23473,10045109.2867,21068,87.00191,5488342.29659,4556766.99008,0.546369595388,0.0679352889414,0.0679670155407,1881.96,1884.49,1881.96,1883.5,2932.8428,5523015.75823,19193,910.8477,1714989.40923,3808026.349,0.310516841578,0.0818295819252,0.134434313163,0.02983,0.02987,0.02983,0.02985,0.0670465973852,0.13409319477,0.0298480971937,0.63749668171,3386707.44,33867.0744,0.10112772021,OKX_CONTRACT_OI_HISTORY,7241329.78,724132.978,-0.0491684349447,OKX_CONTRACT_OI_HISTORY,2.24,0.691358024691,0.308641975309,OKX_GLOBAL_ACCOUNT_RATIO,1.91,0.656357388316,0.343642611684,OKX_GLOBAL_ACCOUNT_RATIO,,,,,PRICE_UP_OI_UP,PRICE_UP_OI_DOWN,PASS,PASS,0.149630439161,0.14408838839,-0.0334896182184,-0.0055420507709,0.305584392077,0.542206604881,-0.0301955374925,-0.0111482128353,0.0670465973852,0.0190473246572,0.770095236234,1.11613359345,0.0996986040609,-0.00318545732548,-0.100401606426,-0.102884061386,-0.270021555315,0.589675218315,0.771063434835,0.887553363008,0.134183160013,0.116489928173,-6.50904196255,-3.82195895175,-1.18478940862,-0.524445054742,0.708502024292,0.660344353873,4.14021528076,4.77914355365
2026-08-16T15:00:00Z,2026-08-16T17:00:00+02:00,2026-08-17T01:00:00Z,63102.86,63146.4,63102.86,63146.39,173.3934,10945395.5401,22199,83.4853,5269946.22381,5675449.31631,0.481476087775,0.0689984683734,0.0689984574392,1883.51,1885,1882.33,1884.06,3467.9127,6533609.39481,17752,768.9716,1448410.73179,5085198.66301,0.221686152978,0.0297318821343,0.141845478742,0.02984,0.02986,0.02983,0.02984,-0.033500837521,0.100569896078,0.0298363849462,1.21162595671,3386273.74,33862.7374,-0.0128059481866,OKX_CONTRACT_OI_HISTORY,7224629.55,722462.955,-0.230623801254,OKX_CONTRACT_OI_HISTORY,2.24,0.691358024691,0.308641975309,OKX_GLOBAL_ACCOUNT_RATIO,1.91,0.656357388316,0.343642611684,OKX_GLOBAL_ACCOUNT_RATIO,,,,,PRICE_UP_OI_DOWN,PRICE_UP_OI_DOWN,PASS,PASS,0.21063686826,0.165874509554,0,-0.0447623587063,0.203367689588,0.126441580263,0.0259623000158,0.0403546965433,0.0335232986926,0.0143923965275,0.761530146237,0.714877960083,0.0726459595043,-0.0450949912728,-0.100435219284,-0.117740950777,0.0528319569031,0.0286671245699,0.246765606805,0.132868470843,-0.0669792364367,-0.113897135962,-5.20307045221,-3.16593256068,-0.431441117717,0.21542438604,0.640809443508,0.646865503757,5.06359575482,4.93320380964
2026-08-16T16:00:00Z,2026-08-16T18:00:00+02:00,2026-08-17T01:00:00Z,63146.39,63390,63137.35,63260.01,394.04188,24931182.2987,66967,202.69531,12824082.5126,12107099.7861,0.514379236371,0.179931109284,0.400159335164,1884.06,1892.31,1884.06,1889.58,7235.1296,13665068.4914,48312,4231.2793,7990571.38292,5674497.10843,0.58474433465,0.292984299863,0.437884143817,0.02984,0.02988,0.02981,0.02987,0.100536193029,0.234820530023,0.0298700553478,-0.018529514495,3344091.09,33440.9109,-1.2456952166,OKX_CONTRACT_OI_HISTORY,7196216.81,719621.681,-0.39327608154,OKX_CONTRACT_OI_HISTORY,2.26,0.693251533742,0.306748466258,OKX_GLOBAL_ACCOUNT_RATIO,1.88,0.652777777778,0.347222222222,OKX_GLOBAL_ACCOUNT_RATIO,6.56875428578e-05,OKX_FUNDING_HISTORY,7.7278227667e-05,OKX_FUNDING_HISTORY,PRICE_UP_OI_DOWN,PRICE_UP_OI_DOWN,PASS,PASS,0.377693623717,0.518663921738,0.167672702884,0.140970298021,-1.16786551105,-0.379162015146,0.269456289514,0.418770260934,0.167672702884,0.14931397142,-0.388096646984,0.457846854064,0.258936174563,0.244034419463,0,-0.0149017550994,-1.18505558406,-0.497774751492,0.20041664106,0.221172052763,0.0334896182183,0.0207554117035,-5.26001288899,-1.78271677663,0.158137736575,0.785662853028,0.606264735601,0.627525116453,4.76909199975,5.13825840809
2026-08-16T17:00:00Z,2026-08-16T19:00:00+02:00,2026-08-17T01:00:00Z,63260,63276.61,63120.22,63159.3,190.81967,12058822.3302,30109,75.73955,4786184.36593,7272637.96426,0.396903133231,-0.159200101296,0.247765296129,1889.59,1891.03,1883.81,1885.17,2517.0516,4749498.23799,32086,1076.4427,2030920.81429,2718577.4237,0.427607446623,-0.23338519671,0.383265828295,0.02987,0.02989,0.02984,0.02986,-0.0334784064279,0.167560321716,0.0298478608851,4.06699661039,3352619.53,33526.1953,0.255030134362,OKX_CONTRACT_OI_HISTORY,7209883.39,720988.339,0.189913399788,OKX_CONTRACT_OI_HISTORY,2.23,0.69040247678,0.30959752322,OKX_GLOBAL_ACCOUNT_RATIO,1.87,0.651567944251,0.348432055749,OKX_GLOBAL_ACCOUNT_RATIO,,,,,PRICE_DOWN_OI_UP,PRICE_DOWN_OI_UP,PASS,PASS,0.157453194188,0.170566855831,0.100569896078,0.0131136616436,-0.9064108089,-0.483217556544,0.142493756484,0.285135199834,0.167728950017,0.14264144335,-0.0862770802989,0.539928227135,0.140794824839,0.0360840333459,-0.0334784064279,-0.104710791493,-0.894408123856,-0.183649825987,0.231076770778,0.351331065651,0.167728950017,0.120254294873,-3.55155478686,-0.228058821423,0.0236283894149,0.436339225778,0.437268752102,0.412710836363,3.68794590857,2.35585840988
2026-08-16T18:00:00Z,2026-08-16T20:00:00+02:00,2026-08-17T01:00:00Z,63159.31,63173.71,63120,63140.06,89.92171,5678772.81824,16699,40.97404,2587603.54318,3091169.27505,0.455662451379,-0.0304626555393,0.0850918884664,1885.18,1886.41,1882.63,1885.49,2646.9734,4989995.58854,25521,1424.9671,2686222.37809,2303773.21045,0.538321593761,0.0169745964555,0.20078294726,0.02985,0.02987,0.02983,0.02986,0,0.13409319477,0.0298620242046,-0.677852441541,3354903.8,33549.038,0.0681338869371,OKX_CONTRACT_OI_HISTORY,7218537.42,721853.742,0.120030096631,OKX_CONTRACT_OI_HISTORY,2.27,0.694189602446,0.305810397554,OKX_GLOBAL_ACCOUNT_RATIO,1.87,0.651567944251,0.348432055749,OKX_GLOBAL_ACCOUNT_RATIO,,,,,PRICE_DOWN_OI_UP,PRICE_UP_OI_UP,PASS,PASS,0.0589672257275,0.10565436687,0.0335008375209,0.0466871411427,-0.939072552426,-0.314753790981,0.112178173505,0.261089663827,0.134138162307,0.148911490322,-0.354500440273,0.492639693968,0.13080108688,0.14180856375,0,0.0110074768705,-0.865560957685,-0.410000459007,0.333783516005,0.518723077579,0.134138162307,0.184939561575,-2.11786200445,0.00345996185547,-0.268425209288,-0.00159107301965,0.268636668905,0.266834136268,2.86620981538,2.04703726394
2026-08-16T19:00:00Z,2026-08-16T21:00:00+02:00,2026-08-17T01:00:00Z,63140.05,63230,63100.89,63108.81,186.2917,11768388.5718,33299,113.27619,7156082.97788,4612305.59393,0.608076707717,-0.0494931427053,0.204608841492,1885.49,1888.75,1884.48,1885.83,2513.2318,4741622.18828,17466,1128.8867,2129580.71162,2612041.47666,0.449124925407,0.0180324477987,0.226587705892,0.02987,0.02988,0.02985,0.02988,0.0669792364367,0.100502512563,0.0298821986978,-0.735788485706,3358451.73,33584.5173,0.105753553947,OKX_CONTRACT_OI_HISTORY,7213496.57,721349.657,-0.0698320131449,OKX_CONTRACT_OI_HISTORY,2.28,0.69512195122,0.30487804878,OKX_GLOBAL_ACCOUNT_RATIO,1.88,0.652777777778,0.347222222222,OKX_GLOBAL_ACCOUNT_RATIO,,,,,PRICE_DOWN_OI_UP,PRICE_UP_OI_DOWN,PASS,PASS,-0.0595125073658,0.0939460526735,0.134048257373,0.153458560039,-0.821611368017,-0.154097589682,0.075783740891,0.228004719538,0.134048257373,0.152220978647,-0.410000588059,0.298697407607,-0.0273579477769,0.0679207237802,0.100502512563,0.0952786715571,-0.686412098414,-0.533511005511,0.223541939126,0.262641621785,0,0.0390996826592,-1.55565666777,-0.123108590421,-0.471833281579,-0.0837126008657,0.369499496137,0.388120680713,2.98300628719,1.86950910322
2026-08-16T20:00:00Z,2026-08-16T22:00:00+02:00,2026-08-17T01:00:00Z,63108.8,63140,63027.6,63067.79,122.98382,7758206.70639,27453,65.68412,4143086.3352,3615120.37119,0.534026288806,-0.0649988488137,0.178334570886,1885.83,1887.58,1881.59,1882,2666.995,5026717.44046,24657,1524.4154,2873030.37389,2153687.06657,0.571551993507,-0.203093598044,0.318347780335,0.02987,0.0299,0.02984,0.02984,-0.133868808568,0.201072386059,0.0298409061107,-0.303647183848,3366550.6,33665.506,0.241148917748,OKX_CONTRACT_OI_HISTORY,7183747.48,718374.748,-0.412408735643,OKX_CONTRACT_OI_HISTORY,2.27,0.694189602446,0.305810397554,OKX_GLOBAL_ACCOUNT_RATIO,1.88,0.652777777778,0.347222222222,OKX_GLOBAL_ACCOUNT_RATIO,,,,,PRICE_DOWN_OI_UP,PRICE_DOWN_OI_DOWN,PASS,PASS,-0.303857049659,-0.401147344913,-0.100435219284,-0.0972902952536,0.671617769838,-0.173276185657,-0.00734076796165,0.0563548013227,0.0670690811536,0.0636955692844,-0.108334762278,-0.0938737553022,-0.0562569717046,-0.0753947605951,-0.033500837521,-0.0191377888904,-0.443034406344,-0.847496888919,0.254659254948,0.084023781921,-0.133868808568,-0.170635473027,-1.36935886037,-0.248700367685,-0.548382849317,-0.234835111825,0.302521008403,0.313547737492,2.99271308367,2.03627764893
2026-08-16T21:00:00Z,2026-08-16T23:00:00+02:00,2026-08-17T01:00:00Z,63067.79,63085.15,62754,62929.61,328.59983,20680626.5513,71458,155.77806,9805116.78984,10875509.7614,0.474120876635,-0.219097577385,0.527695445709,1881.99,1882.92,1869.17,1875.56,8003.7077,15022385.6723,77990,4204.0691,7892004.97669,7130380.69561,0.52534964478,-0.342189160468,0.735620623057,0.02984,0.02986,0.02975,0.0298,-0.134048257373,0.36974789916,0.0298040938121,-1.3735737593,3340103.58,33401.0358,-0.785582132643,OKX_CONTRACT_OI_HISTORY,7051523.96,705152.396,-1.84059253709,OKX_CONTRACT_OI_HISTORY,2.25,0.692307692308,0.307692307692,OKX_GLOBAL_ACCOUNT_RATIO,1.91,0.656357388316,0.343642611684,OKX_GLOBAL_ACCOUNT_RATIO,,,,,PRICE_DOWN_OI_DOWN,PRICE_DOWN_OI_DOWN,PASS,PASS,-0.363667741726,-0.509768349804,-0.20093770931,-0.146100608078,-0.373318531614,-2.19642151522,-0.100138603384,-0.258983317645,-0.134048257373,-0.158844714261,-0.840885077618,-1.92043202988,-0.363257579596,-0.509768349804,-0.134048257373,-0.146510770208,-1.02949981182,-2.52757207293,0.00177979798976,-0.206444472822,-0.234348844995,-0.208224270811,-2.36793757737,-2.09898344339,-0.857658253773,-0.698871217095,0.168067226891,0.158787036678,2.33301750177,0.244244559836
2026-08-16T22:00:00Z,2026-08-17T00:00:00+02:00,2026-08-17T01:00:00Z,62929.61,62954,62716,62913.7,453.8874,28517846.7525,88387,248.60061,15621572.2214,12896274.5311,0.547782318805,-0.0252822161142,0.379488487786,1875.55,1878.26,1869.26,1876.05,7937.8392,14874989.7768,71071,4502.5403,8437870.2378,6437119.53901,0.56725217055,0.0261255305082,0.481473952259,0.0298,0.02985,0.02978,0.02982,0.0671140939597,0.235057085292,0.0298194192998,0.194738946189,3362587.11,33625.8711,0.673138705477,OKX_CONTRACT_OI_HISTORY,7134903.26,713490.326,1.18242950705,OKX_CONTRACT_OI_HISTORY,2.23,0.69040247678,0.30959752322,OKX_GLOBAL_ACCOUNT_RATIO,1.94,0.659863945578,0.340136054422,OKX_GLOBAL_ACCOUNT_RATIO,,,,,PRICE_DOWN_OI_UP,PRICE_UP_OI_UP,PASS,PASS,-0.358504569049,-0.50066560947,-0.133958472873,-0.142161040422,0.229017297009,-1.15860256911,-0.15056681972,-0.252021756815,-0.133958472873,-0.101454937095,-0.408797891968,-0.935471872301,-0.351339467862,-0.466352581651,-0.100502512563,-0.115013113789,-0.139320525803,-1.35661667283,0.0426480054345,-0.197896551174,-0.267558528428,-0.240544556608,-1.67826367698,-0.92165371509,-0.970108457405,-0.706573515402,0.268997982515,0.263534942003,2.71177662844,1.19130543892
2026-08-16T23:00:00Z,2026-08-17T01:00:00+02:00,2026-08-17T01:00:00Z,62913.7,62993.77,62830,62900,246.66048,15514853.4564,54009,140.57158,8841538.22327,6673315.23309,0.569875716077,-0.0217758612194,0.260655737705,1876.05,1877.48,1873.54,1876,2978.4653,5586357.46577,25584,1490.8904,2796272.06905,2790085.39672,0.500553730438,-0.00266517416913,0.210297084663,0.02982,0.02984,0.0298,0.02983,0.0335345405768,0.134228187919,0.0298251192369,1.63646055437,3375386.86,33753.8686,0.380651848749,OKX_CONTRACT_OI_HISTORY,7168297.05,716829.705,0.468034236529,OKX_CONTRACT_OI_HISTORY,2.24,0.691358024691,0.308641975309,OKX_GLOBAL_ACCOUNT_RATIO,1.96,0.662162162162,0.337837837838,OKX_GLOBAL_ACCOUNT_RATIO,,,,,PRICE_DOWN_OI_UP,PRICE_DOWN_OI_UP,PASS,PASS,-0.330872979541,-0.521255892631,-0.16733601071,-0.19038291309,0.504254083771,-0.6265965411,-0.180373588838,-0.262634640127,-0.0335120643432,-0.082261051289,-0.118786431252,-0.654272881467,-0.294851425855,-0.352696213827,-0.0335120643432,-0.0578447879724,0.331730320076,-0.734734014177,-0.227715566824,-0.329401763893,-0.0670016750419,-0.101686197069,-1.38867829467,-0.364615092635,-0.930622139943,-0.538133234366,0.40390440929,0.392488905576,3.87036187364,1.85583878517
