timestamp_utc,timestamp_copenhagen,source_window_end_utc,btc_open,btc_high,btc_low,btc_close,btc_volume,btc_quote_volume,btc_trade_count,btc_taker_buy_base_volume,btc_taker_buy_quote_volume,btc_taker_sell_quote_volume,btc_taker_buy_quote_share,btc_return_1h_pct,btc_range_1h_pct,eth_open,eth_high,eth_low,eth_close,eth_volume,eth_quote_volume,eth_trade_count,eth_taker_buy_base_volume,eth_taker_buy_quote_volume,eth_taker_sell_quote_volume,eth_taker_buy_quote_share,eth_return_1h_pct,eth_range_1h_pct,ethbtc_open,ethbtc_high,ethbtc_low,ethbtc_close,ethbtc_return_1h_pct,ethbtc_range_1h_pct,derived_ethbtc_close,ethbtc_direct_minus_derived_bps,btc_open_interest,btc_open_interest_value,btc_oi_change_1h_pct,btc_open_interest_source,eth_open_interest,eth_open_interest_value,eth_oi_change_1h_pct,eth_open_interest_source,btc_long_short_ratio,btc_long_account,btc_short_account,btc_long_short_source,eth_long_short_ratio,eth_long_account,eth_short_account,eth_long_short_source,btc_funding_event_rate,btc_funding_source,eth_funding_event_rate,eth_funding_source,btc_price_oi_state,eth_price_oi_state,spot_status,derivatives_status,btc_return_4h_pct,eth_return_4h_pct,ethbtc_return_4h_pct,eth_minus_btc_return_4h_pct,btc_oi_change_4h_pct,eth_oi_change_4h_pct,btc_return_12h_pct,eth_return_12h_pct,ethbtc_return_12h_pct,eth_minus_btc_return_12h_pct,btc_oi_change_12h_pct,eth_oi_change_12h_pct,btc_return_24h_pct,eth_return_24h_pct,ethbtc_return_24h_pct,eth_minus_btc_return_24h_pct,btc_oi_change_24h_pct,eth_oi_change_24h_pct,btc_return_48h_pct,eth_return_48h_pct,ethbtc_return_48h_pct,eth_minus_btc_return_48h_pct,btc_oi_change_48h_pct,eth_oi_change_48h_pct,btc_return_72h_pct,eth_return_72h_pct,ethbtc_return_72h_pct,eth_minus_btc_return_72h_pct,btc_oi_change_72h_pct,eth_oi_change_72h_pct
2026-08-24T00:00:00Z,2026-08-24T02:00:00+02:00,2026-08-24T22:00:00Z,77734,77742,77142.85,77679.5,630.62998,48851129.8796,225504,333.1658,25809376.4213,23041753.4582,0.528327113108,-0.0701108909872,0.77667599784,2463.42,2465.9,2442.35,2465.11,13925.7145,34179098.8903,163457,7171.284,17598675.5402,16580423.35,0.514895831419,0.069010030811,0.964235265216,0.03169,0.03174,0.03163,0.03174,0.157778479015,0.347771103383,0.0317343700719,1.77407904718,2947162.59,29471.6259,0.321447996726,OKX_CONTRACT_OI_HISTORY,5803575.09,580357.509,0.60533011393,OKX_CONTRACT_OI_HISTORY,1.13,0.530516431925,0.469483568075,OKX_GLOBAL_ACCOUNT_RATIO,1.24,0.553571428571,0.446428571429,OKX_GLOBAL_ACCOUNT_RATIO,0.0001,OKX_FUNDING_HISTORY,0.0001,OKX_FUNDING_HISTORY,PRICE_DOWN_OI_UP,PRICE_UP_OI_UP,PASS,PASS,,,,,,,,,,,,,,,,,,,,,,,,,,,,,,
2026-08-24T01:00:00Z,2026-08-24T03:00:00+02:00,2026-08-24T22:00:00Z,77679.51,77717.28,76918,76922.1,853.47221,65959784.116,241642,312.89265,24181507.59,41778276.526,0.366609865604,-0.975032022606,1.03913258275,2465.11,2466.98,2427.27,2429.4,17203.9894,42046274.2759,173621,6654.7945,16270823.8801,25775450.3958,0.386974212586,-1.44861689742,1.63599434756,0.03174,0.03174,0.03154,0.03158,-0.504095778198,0.634115409004,0.031582601099,-0.823586070635,2965193.53,29651.9353,0.611806761567,OKX_CONTRACT_OI_HISTORY,5817768.94,581776.894,0.244570799548,OKX_CONTRACT_OI_HISTORY,1.12,0.528301886792,0.471698113208,OKX_GLOBAL_ACCOUNT_RATIO,1.24,0.553571428571,0.446428571429,OKX_GLOBAL_ACCOUNT_RATIO,,,,,PRICE_DOWN_OI_UP,PRICE_DOWN_OI_UP,PASS,PASS,,,,,,,,,,,,,,,,,,,,,,,,,,,,,,
2026-08-24T02:00:00Z,2026-08-24T04:00:00+02:00,2026-08-25T04:00:00Z,76922.11,77545.08,76883.61,77478.69,732.4439,56619184.6263,223553,438.45438,33895722.7541,22723461.8722,0.598661442721,0.723563095188,0.860352421017,2429.4,2451.77,2424.73,2443.78,12332.7591,30097738.5782,133855,5845.0954,14267858.0106,15829880.5677,0.474050831875,0.59191569935,1.11517571029,0.03158,0.03163,0.03153,0.03155,-0.0949968334389,0.317158261973,0.0315413180063,2.75257797347,2988341.77,29883.4177,0.780665402302,OKX_CONTRACT_OI_HISTORY,5833337.15,583333.715,0.26759759902,OKX_CONTRACT_OI_HISTORY,1.08,0.519230769231,0.480769230769,OKX_GLOBAL_ACCOUNT_RATIO,1.22,0.54954954955,0.45045045045,OKX_GLOBAL_ACCOUNT_RATIO,,,,,UNAVAILABLE,UNAVAILABLE,PASS,PASS,,,,,,,,,,,,,,,,,,,,,,,,,,,,,,
2026-08-24T03:00:00Z,2026-08-24T05:00:00+02:00,2026-08-25T04:00:00Z,77478.7,77532.37,76933,76933.02,1447.49069,111687368.8,189531,384.36723,29655288.8478,82032079.9523,0.265520525431,-0.704283977956,0.779080498616,2443.78,2445.62,2426.49,2430.64,10842.0748,26407532.6906,126262,5634.8651,13724908.6627,12682624.0279,0.519734608435,-0.537691608901,0.788381571735,0.03154,0.03167,0.03149,0.03159,0.126782884311,0.571610034932,0.031594236129,-1.34079172564,3011035.42,30110.3542,0.759406110366,OKX_CONTRACT_OI_HISTORY,5857628.24,585762.824,0.416418413258,OKX_CONTRACT_OI_HISTORY,1.1,0.52380952381,0.47619047619,OKX_GLOBAL_ACCOUNT_RATIO,1.24,0.553571428571,0.446428571429,OKX_GLOBAL_ACCOUNT_RATIO,,,,,PRICE_DOWN_OI_UP,PRICE_DOWN_OI_UP,PASS,PASS,,,,,,,,,,,,,,,,,,,,,,,,,,,,,,
2026-08-24T04:00:00Z,2026-08-24T06:00:00+02:00,2026-08-25T04:00:00Z,76933.02,77247.12,76670.01,76897.44,1191.36747,91739705.7559,172199,467.63851,36002387.0404,55737318.7154,0.392440620381,-0.0462480219807,0.752719348804,2430.65,2446.42,2428.11,2438.08,14103.8472,34399567.8043,102319,5376.5873,13111239.2719,21288328.5325,0.381145465154,0.306092222624,0.754084452517,0.0316,0.03171,0.0316,0.03171,0.379867046534,0.348101265823,0.0317056068446,1.38560834755,3031842.64,30318.4264,0.691032057006,OKX_CONTRACT_OI_HISTORY,5834751.45,583475.145,-0.39054697674,OKX_CONTRACT_OI_HISTORY,1.1,0.52380952381,0.47619047619,OKX_GLOBAL_ACCOUNT_RATIO,1.22,0.54954954955,0.45045045045,OKX_GLOBAL_ACCOUNT_RATIO,,,,,PRICE_DOWN_OI_UP,PRICE_UP_OI_DOWN,PASS,PASS,-1.00677785001,-1.09650279298,-0.0945179584121,-0.0897249429669,2.87327378161,0.537192325705,,,,,,,,,,,,,,,,,,,,,,,,
2026-08-24T05:00:00Z,2026-08-24T07:00:00+02:00,2026-08-25T04:00:00Z,76897.44,77226.93,76842.72,77149.4,884.51745,68147832.1103,188711,450.16346,34683316.284,33464515.8263,0.508942327437,0.327657201592,0.499995315106,2438.07,2459.82,2433.98,2448.92,17209.1607,42132024.944,148227,8673.3674,21238160.773,20893864.171,0.504085925166,0.444612153826,1.0616356749,0.03171,0.03186,0.03167,0.03174,0.0946073793756,0.599936848753,0.0317425670193,-0.808699345018,3014939.24,30149.3924,-0.557528935605,OKX_CONTRACT_OI_HISTORY,5828843.04,582884.304,-0.101262411101,OKX_CONTRACT_OI_HISTORY,1.1,0.52380952381,0.47619047619,OKX_GLOBAL_ACCOUNT_RATIO,1.2,0.545454545455,0.454545454545,OKX_GLOBAL_ACCOUNT_RATIO,,,,,PRICE_UP_OI_DOWN,PRICE_UP_OI_DOWN,PASS,PASS,0.295493752771,0.803490573804,0.506649778341,0.507996821034,1.67765474654,0.190349601612,,,,,,,,,,,,,,,,,,,,,,,,
2026-08-24T06:00:00Z,2026-08-24T08:00:00+02:00,2026-08-25T04:00:00Z,77149.39,77525.09,77071,77464.33,745.9839,57682422.6399,166666,507.36653,39234960.5853,18447462.0546,0.680189194379,0.408207970509,0.58918399917,2448.92,2463.74,2444.22,2456.5,11124.9086,27292259.0485,111825,6160.8011,15114908.0022,12177351.0463,0.553816669237,0.309524198422,0.79861878227,0.03174,0.03177,0.03163,0.03171,-0.0945179584121,0.442617767942,0.0317113696071,-0.431897822103,3009685.91,30096.8591,-0.174243312446,OKX_CONTRACT_OI_HISTORY,5818271.9,581827.19,-0.181359146703,OKX_CONTRACT_OI_HISTORY,1.1,0.52380952381,0.47619047619,OKX_GLOBAL_ACCOUNT_RATIO,1.18,0.54128440367,0.45871559633,OKX_GLOBAL_ACCOUNT_RATIO,,,,,PRICE_UP_OI_DOWN,PRICE_UP_OI_DOWN,PASS,PASS,-0.0185341285455,0.520505119119,0.507131537242,0.539039247664,0.714246951747,-0.258261259595,,,,,,,,,,,,,,,,,,,,,,,,
2026-08-24T07:00:00Z,2026-08-24T09:00:00+02:00,2026-08-25T04:00:00Z,77464.33,77790.19,77281.68,77307.15,681.33125,52810659.3415,159221,353.54854,27408924.7882,25401734.5533,0.519003646801,-0.202906292483,0.657995530118,2456.5,2474.09,2452.28,2454.64,17306.7407,42571379.2626,146286,9607.7574,23637405.6959,18933973.5667,0.555241716508,-0.0757174842255,0.889376417049,0.0317,0.03183,0.03167,0.03175,0.126143172501,0.505209977897,0.0317517849255,-0.562149643126,3007810.98,30078.1098,-0.0622965337935,OKX_CONTRACT_OI_HISTORY,5820375.39,582037.539,0.0361531746222,OKX_CONTRACT_OI_HISTORY,1.09,0.521531100478,0.478468899522,OKX_GLOBAL_ACCOUNT_RATIO,1.2,0.545454545455,0.454545454545,OKX_GLOBAL_ACCOUNT_RATIO,,,,,PRICE_DOWN_OI_DOWN,PRICE_DOWN_OI_UP,PASS,PASS,0.486306140068,0.987394266531,0.506489395378,0.501088126462,-0.107087415132,-0.635971565174,,,,,,,,,,,,,,,,,,,,,,,,
2026-08-24T08:00:00Z,2026-08-24T10:00:00+02:00,2026-08-25T10:00:00Z,77307.14,77414.88,76838,77041.47,921.46444,71034785.6832,157690,414.97625,31988943.7019,39045841.9813,0.450327869568,-0.343655191487,0.750774356438,2454.67,2459.33,2436.41,2454.84,20193.2494,49442627.489,158928,11101.1065,27184331.2299,22258296.2591,0.54981566738,0.00692557451716,0.940728366736,0.03175,0.03187,0.03168,0.03185,0.314960629921,0.599747474747,0.0318638779868,-4.35539790781,3000714.65,30007.1465,-0.235930051695,OKX_CONTRACT_OI_HISTORY,5830366.64,583036.664,0.171659890136,OKX_CONTRACT_OI_HISTORY,1.14,0.532710280374,0.467289719626,OKX_GLOBAL_ACCOUNT_RATIO,1.21,0.547511312217,0.452488687783,OKX_GLOBAL_ACCOUNT_RATIO,0.0001,OKX_FUNDING_HISTORY,0.0001,OKX_FUNDING_HISTORY,UNAVAILABLE,UNAVAILABLE,PASS,PASS,0.187301423819,0.687426171414,0.441501103753,0.500124747595,-1.02670203227,-0.075149902058,,,,,,,,,,,,,,,,,,,,,,,,
2026-08-24T09:00:00Z,2026-08-24T11:00:00+02:00,2026-08-25T10:00:00Z,77041.46,77602.8,77028,77554.08,523.00977,40466601.6771,124679,322.92403,24985337.9824,15481263.6947,0.617431090008,0.665368924035,0.746222152983,2454.84,2465.1,2453.75,2463.08,13094.3532,32217657.3391,112747,8479.7034,20864317.0988,11353340.2403,0.647605034693,0.335663424093,0.462557310239,0.03186,0.03189,0.03173,0.03177,-0.251177394035,0.504254648598,0.0317595154246,3.30123909902,2980760.54,29807.6054,-0.664978591017,OKX_CONTRACT_OI_HISTORY,5886548.23,588654.823,0.963603036807,OKX_CONTRACT_OI_HISTORY,1.12,0.528301886792,0.471698113208,OKX_GLOBAL_ACCOUNT_RATIO,1.16,0.537037037037,0.462962962963,OKX_GLOBAL_ACCOUNT_RATIO,,,,,PRICE_UP_OI_DOWN,PRICE_UP_OI_UP,PASS,PASS,0.524540696363,0.578214069876,0.0945179584121,0.0536733735125,-1.1336447364,0.989993890795,,,,,,,,,,,,,,,,,,,,,,,,
2026-08-24T10:00:00Z,2026-08-24T12:00:00+02:00,2026-08-25T10:00:00Z,77554.08,78017,77534.09,77617.22,1113.08488,86588346.7196,186426,606.09738,47158014.3638,39430332.3558,0.544623106346,0.0814141564183,0.622835710073,2463.07,2490.89,2461.73,2465.2,22322.7876,55248268.4381,178284,11950.1711,29583056.9056,25665211.5324,0.535456725469,0.0860710979749,1.18453282854,0.03177,0.03196,0.0317,0.03176,-0.0314762354423,0.820189274448,0.0317609932435,-0.312724322571,3006620.68,30066.2068,0.867568516591,OKX_CONTRACT_OI_HISTORY,5886050.54,588605.054,-0.00845470011549,OKX_CONTRACT_OI_HISTORY,1.07,0.51690821256,0.48309178744,OKX_GLOBAL_ACCOUNT_RATIO,1.14,0.532710280374,0.467289719626,OKX_GLOBAL_ACCOUNT_RATIO,,,,,PRICE_UP_OI_UP,PRICE_UP_OI_DOWN,PASS,PASS,0.197368259688,0.354162426216,0.157678965626,0.156794166528,-0.101845511182,1.16492733865,,,,,,,,,,,,,,,,,,,,,,,,
2026-08-24T11:00:00Z,2026-08-24T13:00:00+02:00,2026-08-25T10:00:00Z,77617.23,78600,77450,78443.65,1324.46087,103547367.588,308662,783.69019,61265896.0207,42281471.5676,0.591670241819,1.06475083751,1.48482892189,2465.2,2509,2454.4,2494.18,29409.1072,73147686.5905,286908,15922.0949,39611378.8271,33536307.7633,0.541526064234,1.17556384877,2.22457627119,0.03175,0.03193,0.03169,0.0318,0.125944584383,0.757336699274,0.0317958177622,1.31534211645,2991437.57,29914.3757,-0.504989209347,OKX_CONTRACT_OI_HISTORY,5827833.37,582783.337,-0.989070168602,OKX_CONTRACT_OI_HISTORY,1.09,0.521531100478,0.478468899522,OKX_GLOBAL_ACCOUNT_RATIO,1.11,0.526066350711,0.473933649289,OKX_GLOBAL_ACCOUNT_RATIO,,,,,PRICE_UP_OI_DOWN,PRICE_UP_OI_DOWN,PASS,PASS,1.4701098152,1.61082684223,0.157480314961,0.140717027027,-0.544362997172,0.1281357215,,,,,,,,,,,,,,,,,,,,,,,,
2026-08-24T12:00:00Z,2026-08-24T14:00:00+02:00,2026-08-25T10:00:00Z,78443.65,79326.48,77982,79159.99,1858.84351,146260745.198,401178,1098.44274,86428936.8808,59831808.3167,0.590923673772,0.913190551434,1.72409017466,2494.18,2518.54,2474.5,2512.54,32212.2265,80474527.5927,240791,19216.2471,48021315.2443,32453212.3484,0.596726898322,0.73611367263,1.77975348555,0.03179,0.03182,0.03171,0.03174,-0.188679245283,0.346893724377,0.0317400242218,-0.00763132129267,2963839.46,29638.3946,-0.922570147436,OKX_CONTRACT_OI_HISTORY,5831309.57,583130.957,0.0596482393936,OKX_CONTRACT_OI_HISTORY,1.09,0.521531100478,0.478468899522,OKX_GLOBAL_ACCOUNT_RATIO,1.15,0.53488372093,0.46511627907,OKX_GLOBAL_ACCOUNT_RATIO,,,,,PRICE_UP_OI_DOWN,PRICE_UP_OI_UP,PASS,PASS,2.74984368808,2.3504586857,-0.345368916798,-0.399385002383,-1.22888026024,0.0161727393528,1.9058953778,1.9240520707,0,0.0181566928963,0.565861892268,0.477886123121,,,,,,,,,,,,,,,,,,
2026-08-24T13:00:00Z,2026-08-24T15:00:00+02:00,2026-08-25T10:00:00Z,79159.98,79450,77851.9,78597.99,3300.58408,260022026.454,652189,1665.02126,131209328.091,128812698.363,0.504608512904,-0.709954612172,2.05274373522,2512.54,2519.88,2476.31,2493.83,37059.5454,92623172.5947,346949,18796.4705,46992651.8225,45630520.7722,0.507353079214,-0.744664761556,1.75947276391,0.03174,0.03185,0.03165,0.03173,-0.0315059861374,0.631911532385,0.031728928437,0.337724303583,2927421.99,29274.2199,-1.2287261335,OKX_CONTRACT_OI_HISTORY,5858645.37,585864.537,0.468776347266,OKX_CONTRACT_OI_HISTORY,1.08,0.519230769231,0.480769230769,OKX_GLOBAL_ACCOUNT_RATIO,1.13,0.530516431925,0.469483568075,OKX_GLOBAL_ACCOUNT_RATIO,,,,,PRICE_DOWN_OI_DOWN,PRICE_DOWN_OI_UP,PASS,PASS,1.34604136881,1.24843691638,-0.125904941769,-0.0976044524289,-1.78942753986,-0.474010556098,2.1786846693,2.65209516753,0.474984167194,0.473410498236,-1.27383051453,0.702613500494,,,,,,,,,,,,,,,,,,
2026-08-24T14:00:00Z,2026-08-24T16:00:00+02:00,2026-08-25T16:00:00Z,78597.99,79841.12,78597.99,79510.92,3230.14333,256271068.189,660428,1922.43212,152517293.644,103753774.545,0.595140507751,1.16151825257,1.58163077707,2493.83,2532.12,2491.61,2516.16,45278.8299,113890201.514,418324,23556.1025,59270728.5656,54619472.9489,0.520419911261,0.895409871563,1.62585637399,0.03172,0.03177,0.0316,0.03164,-0.252206809584,0.537974683544,0.0316454645475,-1.72680274704,2938937.5,29389.375,0.393366929651,OKX_CONTRACT_OI_HISTORY,5864303.17,586430.317,0.0965718121286,OKX_CONTRACT_OI_HISTORY,1.02,0.50495049505,0.49504950495,OKX_GLOBAL_ACCOUNT_RATIO,1.08,0.519230769231,0.480769230769,OKX_GLOBAL_ACCOUNT_RATIO,,,,,UNAVAILABLE,UNAVAILABLE,PASS,PASS,2.43979364373,2.06717507707,-0.377833753149,-0.372618566657,-2.2511379786,-0.369473042275,2.62295348566,2.96180507247,0.285261489699,0.338851586808,-1.65323359249,0.530845709818,,,,,,,,,,,,,,,,,,
2026-08-24T15:00:00Z,2026-08-24T17:00:00+02:00,2026-08-25T16:00:00Z,79510.93,80000,78824.78,79100.01,3666.17565,291552107.897,542942,1444.31918,114975269.436,176576838.461,0.394355816069,-0.516796938081,1.49092709171,2516.16,2532.95,2479.38,2487.99,38855.3412,97434375.1535,327007,17090.8857,42878860.5616,54555514.5919,0.440079391837,-1.11956314384,2.16062080036,0.03165,0.03169,0.03138,0.03145,-0.600505689001,0.987890376036,0.0314537254799,-1.18443201138,2920341.98,29203.4198,-0.632729345214,OKX_CONTRACT_OI_HISTORY,5955919.15,595591.915,1.56226541064,OKX_CONTRACT_OI_HISTORY,0.98,0.494949494949,0.505050505051,OKX_GLOBAL_ACCOUNT_RATIO,1.16,0.537037037037,0.462962962963,OKX_GLOBAL_ACCOUNT_RATIO,,,,,PRICE_DOWN_OI_DOWN,PRICE_DOWN_OI_UP,PASS,PASS,0.836728020687,-0.24817775782,-1.10062893082,-1.08490577851,-2.37663626054,2.19782845301,2.8167229104,2.35946088273,-0.443178220956,-0.457262027666,-3.01203497633,1.67799843167,,,,,,,,,,,,,,,,,,
2026-08-24T16:00:00Z,2026-08-24T18:00:00+02:00,2026-08-25T16:00:00Z,79100.01,79877.87,78901.1,79047.6,1877.28842,148990985.62,386751,859.24788,68226001.5333,80764984.0866,0.457920331552,-0.0662578930142,1.2379675315,2487.99,2506,2469.02,2478.43,28194.0355,70244046.1334,265822,14008.1973,34915516.0056,35328530.1278,0.497060148547,-0.384245917387,1.49776024496,0.03145,0.03152,0.0313,0.03135,-0.317965023847,0.702875399361,0.0313536400852,-1.16097690877,2941397.37,29413.9737,0.720990560154,OKX_CONTRACT_OI_HISTORY,5917012.57,591701.257,-0.653242245573,OKX_CONTRACT_OI_HISTORY,0.99,0.497487437186,0.502512562814,OKX_GLOBAL_ACCOUNT_RATIO,1.15,0.53488372093,0.46511627907,OKX_GLOBAL_ACCOUNT_RATIO,0.0001,OKX_FUNDING_HISTORY,9.93104214074e-05,OKX_FUNDING_HISTORY,PRICE_DOWN_OI_UP,PRICE_DOWN_OI_DOWN,PASS,PASS,-0.14197828979,-1.35759032692,-1.22873345936,-1.21561203713,-0.757196545322,1.46970417144,2.79613989751,1.65499081244,-1.13528855251,-1.14114908506,-2.98317824305,1.40984788649,,,,,,,,,,,,,,,,,,
2026-08-24T17:00:00Z,2026-08-24T19:00:00+02:00,2026-08-25T16:00:00Z,79047.61,79198,78468.61,78761.14,1637.93002,129039279.496,420980,684.65106,53929072.7712,75110206.7247,0.417927571991,-0.362389243949,0.929530929629,2478.43,2484.29,2455,2468.97,26300.4336,64889540.9017,310055,12095.5846,29844763.5204,35044777.3813,0.459931802655,-0.381693249355,1.19307535642,0.03135,0.0314,0.03126,0.03134,-0.0318979266348,0.447856685861,0.0313475655634,-2.41344528285,2926732.59,29267.3259,-0.498565074871,OKX_CONTRACT_OI_HISTORY,6024839.66,602483.966,1.82232315251,OKX_CONTRACT_OI_HISTORY,1,0.5,0.5,OKX_GLOBAL_ACCOUNT_RATIO,1.18,0.54128440367,0.45871559633,OKX_GLOBAL_ACCOUNT_RATIO,,,,,PRICE_DOWN_OI_DOWN,PRICE_DOWN_OI_UP,PASS,PASS,0.207575282778,-0.9968602511,-1.22912070596,-1.20443553388,-0.0235497308675,2.83673578966,2.08911540466,0.818728255721,-1.26023944549,-1.27038714894,-2.9256526576,3.36253041393,,,,,,,,,,,,,,,,,,
2026-08-24T18:00:00Z,2026-08-24T20:00:00+02:00,2026-08-25T16:00:00Z,78761.14,79084.22,78718.01,78928.35,783.83103,61876885.3702,259731,462.57237,36517349.5926,25359535.7776,0.590161404765,0.212300126687,0.465217553137,2468.97,2483.78,2467.19,2473.84,16616.8982,41157071.2224,138878,9325.9828,23096872.7366,18060198.4858,0.561188443459,0.19724824522,0.672424904446,0.03135,0.03143,0.03133,0.03135,0.0319081046586,0.319182891797,0.031342857161,2.27893679462,2944852.33,29448.5233,0.619111567005,OKX_CONTRACT_OI_HISTORY,5972839.34,597283.934,-0.863098819795,OKX_CONTRACT_OI_HISTORY,1,0.5,0.5,OKX_GLOBAL_ACCOUNT_RATIO,1.18,0.54128440367,0.45871559633,OKX_GLOBAL_ACCOUNT_RATIO,,,,,PRICE_UP_OI_UP,PRICE_UP_OI_DOWN,PASS,PASS,-0.732691811389,-1.6819280173,-0.916561314791,-0.949236205907,0.201257427216,1.85079397933,1.88992791908,0.705882352941,-1.13528855251,-1.18404556614,-2.15416431943,2.65658674357,,,,,,,,,,,,,,,,,,
2026-08-24T19:00:00Z,2026-08-24T21:00:00+02:00,2026-08-25T16:00:00Z,78928.35,79118.42,78600,78758,1063.06502,83800960.7511,221601,598.20032,47150330.6205,36650630.1306,0.562646659392,-0.215828659791,0.659567430025,2473.85,2477.69,2461.87,2471.4,16010.6571,39551079.0161,131913,7538.305,18622533.1754,20928545.8407,0.470847664303,-0.0986320861495,0.642600949685,0.03135,0.03139,0.03126,0.03137,0.0637958532695,0.415866922585,0.0313796693669,-3.0814113458,2930828.59,29308.2859,-0.476211993964,OKX_CONTRACT_OI_HISTORY,5975388.75,597538.875,0.0426833848171,OKX_CONTRACT_OI_HISTORY,1,0.5,0.5,OKX_GLOBAL_ACCOUNT_RATIO,1.18,0.54128440367,0.45871559633,OKX_GLOBAL_ACCOUNT_RATIO,,,,,PRICE_DOWN_OI_DOWN,PRICE_DOWN_OI_UP,PASS,PASS,-0.432376683644,-0.666803323164,-0.254372019078,-0.234426639521,0.359088424295,0.326894968008,1.87673455819,0.682788514813,-1.1968503937,-1.19394604337,-2.55941581808,2.66328801174,,,,,,,,,,,,,,,,,,
2026-08-24T20:00:00Z,2026-08-24T22:00:00+02:00,2026-08-25T22:00:00Z,78757.99,78996,78560,78932.33,421.20967,33179294.0473,141274,226.26505,17823622.4324,15355671.6148,0.537191129113,0.221361667559,0.554989816701,2471.48,2479.21,2465.46,2475.16,6569.184,16238910.5392,70800,3300.1976,8158938.81467,8079971.72455,0.502431415886,0.148898635635,0.557705255814,0.03138,0.03143,0.03134,0.03135,-0.0956022944551,0.287172941927,0.0313579999476,-2.55116638924,2935411.45,29354.1145,0.156367384146,OKX_CONTRACT_OI_HISTORY,5959857.5,595985.75,-0.259920327359,OKX_CONTRACT_OI_HISTORY,1,0.5,0.5,OKX_GLOBAL_ACCOUNT_RATIO,1.19,0.543378995434,0.456621004566,OKX_GLOBAL_ACCOUNT_RATIO,,,,,UNAVAILABLE,UNAVAILABLE,PASS,PASS,-0.145823529114,-0.131938364206,0,0.0138851649077,-0.203505995519,0.724097329406,2.45434049999,0.827752521549,-1.56985871272,-1.62658797844,-2.17625491314,2.22097284777,,,,,,,,,,,,,,,,,,
2026-08-24T21:00:00Z,2026-08-24T23:00:00+02:00,2026-08-25T22:00:00Z,78932.33,79049.4,78853.43,78984.23,302.47665,23886504.4847,78351,136.18181,10753743.5639,13132760.9209,0.450201642971,0.0657525249793,0.248524382516,2475.16,2489.67,2475.16,2483.56,6943.7893,17233665.9922,56253,4034.9623,10013429.044,7220236.94812,0.58103882532,0.339372000194,0.586224728906,0.03135,0.0315,0.03135,0.03144,0.287081339713,0.478468899522,0.0314437451628,-1.19106766094,2935356.57,29353.5657,-0.00186958458581,OKX_CONTRACT_OI_HISTORY,5938099.15,593809.915,-0.36508171546,OKX_CONTRACT_OI_HISTORY,1,0.5,0.5,OKX_GLOBAL_ACCOUNT_RATIO,1.2,0.545454545455,0.454545454545,OKX_GLOBAL_ACCOUNT_RATIO,,,,,PRICE_UP_OI_DOWN,PRICE_UP_OI_DOWN,PASS,PASS,0.283248820421,0.590934681264,0.319081046586,0.307685860843,0.294662383214,-1.43971482886,1.84406803614,0.831479286097,-1.03871576959,-1.01258875004,-1.52323440245,0.875741062263,,,,,,,,,,,,,,,,,,
2026-08-24T22:00:00Z,2026-08-25T00:00:00+02:00,2026-08-25T22:00:00Z,78984.23,78988,78692,78740,351.77026,27731006.4136,105796,197.9453,15603031.2257,12127975.1879,0.562656507772,-0.309213624036,0.376150053373,2483.56,2485.38,2472.5,2474.26,6995.5242,17347413.9626,65061,3495.8094,8669617.40055,8677796.56208,0.499764254155,-0.374462465171,0.520930232558,0.03145,0.03148,0.03141,0.03142,-0.0636132315522,0.222858962114,0.0314231648463,-1.00716982047,2927904.09,29279.0409,-0.253886702425,OKX_CONTRACT_OI_HISTORY,5929466.62,592946.662,-0.145375309201,OKX_CONTRACT_OI_HISTORY,1,0.5,0.5,OKX_GLOBAL_ACCOUNT_RATIO,1.2,0.545454545455,0.454545454545,OKX_GLOBAL_ACCOUNT_RATIO,,,,,PRICE_DOWN_OI_DOWN,PRICE_DOWN_OI_DOWN,PASS,PASS,-0.238634153634,0.0169776541733,0.223285486443,0.255611807808,-0.575520878495,-0.726165857326,1.4465604411,0.367515820217,-1.07052896725,-1.07904462088,-2.61810844726,0.737609704588,,,,,,,,,,,,,,,,,,
2026-08-24T23:00:00Z,2026-08-25T01:00:00+02:00,2026-08-25T22:00:00Z,78740,79017.76,78622.13,78992.75,636.71946,50214791.4441,118704,363.43144,28672421.7106,21542369.7335,0.5709955351,0.320993141986,0.503204377699,2474.27,2487.24,2470.7,2482.31,7330.0295,18184505.4134,99789,3974.9436,9861800.79253,8322704.62088,0.542318890084,0.325349801557,0.669445906019,0.03143,0.0315,0.03141,0.03143,0.0318268618714,0.286532951289,0.0314245294663,1.74084824216,2936897.56,29368.9756,0.307164091567,OKX_CONTRACT_OI_HISTORY,5982387.66,598238.766,0.892509282732,OKX_CONTRACT_OI_HISTORY,1,0.5,0.5,OKX_GLOBAL_ACCOUNT_RATIO,1.2,0.545454545455,0.454545454545,OKX_GLOBAL_ACCOUNT_RATIO,,,,,PRICE_UP_OI_UP,PRICE_UP_OI_UP,PASS,PASS,0.29806495848,0.441450190176,0.191265540325,0.143385231695,0.207073522509,0.117128948305,0.699992924858,-0.475907913623,-1.16352201258,-1.17590083848,-1.82320401893,2.65200255717,,,,,,,,,,,,,,,,,,
2026-08-25T00:00:00Z,2026-08-25T02:00:00+02:00,2026-08-25T22:00:00Z,78992.76,79888,78715.63,79739.99,1133.49463,89834223.9956,371759,634.04468,50256706.9474,39577517.0481,0.559438315512,0.945960230527,1.48937383846,2482.31,2504.74,2472.18,2493.61,15833.5968,39394076.7379,191250,8278.1478,20591425.2446,18802651.4933,0.522703587688,0.455221144821,1.31705620141,0.03143,0.03148,0.03127,0.03128,-0.477251034044,0.671570195075,0.0312717621359,2.63428202486,2912022.34,29120.2234,-0.846989705695,OKX_CONTRACT_OI_HISTORY,5991328.84,599132.884,0.149458385316,OKX_CONTRACT_OI_HISTORY,0.98,0.494949494949,0.505050505051,OKX_GLOBAL_ACCOUNT_RATIO,1.25,0.555555555556,0.444444444444,OKX_GLOBAL_ACCOUNT_RATIO,7.21612486132e-05,OKX_FUNDING_HISTORY,0.0001,OKX_FUNDING_HISTORY,PRICE_UP_OI_DOWN,PRICE_UP_OI_UP,PASS,PASS,1.02323091185,0.745406357569,-0.223285486443,-0.277824554277,-0.796791536669,0.528055242932,0.732693371993,-0.753420841061,-1.44927536232,-1.48611421305,-1.74831061869,2.74413951239,2.65255311891,1.15613502034,-1.44927536232,-1.49641809856,-1.19234174997,3.23513949744,,,,,,,,,,,,
2026-08-25T01:00:00Z,2026-08-25T03:00:00+02:00,2026-08-25T22:00:00Z,79739.99,79985.41,79478,79828,1067.23419,85119607.8601,321899,534.96141,42668581.9712,42451025.8889,0.501277943401,0.110371220262,0.638428244294,2493.61,2504.62,2484.88,2495.99,14009.329,34955917.9903,126296,7539.7312,18812127.2757,16143790.7146,0.53816716474,0.0954439547483,0.794404558771,0.03128,0.03133,0.03122,0.03127,-0.0319693094629,0.352338244715,0.0312670992634,0.927728075835,2952125.76,29521.2576,1.3771673194,OKX_CONTRACT_OI_HISTORY,6061315.62,606131.562,1.16813451354,OKX_CONTRACT_OI_HISTORY,0.95,0.487179487179,0.512820512821,OKX_GLOBAL_ACCOUNT_RATIO,1.25,0.555555555556,0.444444444444,OKX_GLOBAL_ACCOUNT_RATIO,,,,,PRICE_UP_OI_UP,PRICE_UP_OI_UP,PASS,PASS,1.06827654077,0.500491230331,-0.540712468193,-0.567785310442,0.571282895284,2.07501536919,1.56493823824,0.0866137627665,-1.44973211472,-1.47832447548,0.843874579216,3.45933636874,3.77771797702,2.74100600971,-0.981633945535,-1.0367119673,-0.440705467208,4.18625563359,,,,,,,,,,,,
2026-08-25T02:00:00Z,2026-08-25T04:00:00+02:00,2026-08-26T04:00:00Z,79828,81272.62,79742,80649.63,3314.90532,267330675.45,556413,1931.55262,155738720.885,111591954.565,0.58256958586,1.02925038833,1.91946527551,2495.99,2532.5,2492.31,2507.69,32395.6703,81505508.6588,352556,17671.7849,44472276.5409,37033232.1179,0.545635224818,0.468751878012,1.61256023528,0.03127,0.03128,0.03108,0.03109,-0.575631595779,0.643500643501,0.0310936330396,-1.16841914272,2864289.81,28642.8981,-2.97534580641,OKX_CONTRACT_OI_HISTORY,5939760.77,593976.077,-2.00542023581,OKX_CONTRACT_OI_HISTORY,0.95,0.487179487179,0.512820512821,OKX_GLOBAL_ACCOUNT_RATIO,1.21,0.547511312217,0.452488687783,OKX_GLOBAL_ACCOUNT_RATIO,,,,,UNAVAILABLE,UNAVAILABLE,PASS,PASS,2.42523495047,1.35111103926,-1.05028644176,-1.07412391121,-2.17269002141,0.173610050612,1.43214290565,-0.336624062063,-1.73830594185,-1.76876696772,-2.53995500074,1.2867274732,4.09266083358,2.61521086186,-1.45800316957,-1.47744997172,-4.15119720393,1.8244037206,,,,,,,,,,,,
2026-08-25T03:00:00Z,2026-08-25T05:00:00+02:00,2026-08-26T04:00:00Z,80649.62,80956,80314.31,80488.01,1359.49076,109715709.778,317743,626.35235,50548551.9021,59167157.8759,0.460723008623,-0.200397695563,0.798973433252,2507.7,2514.55,2488.99,2499.29,14206.6754,35564401.4117,143490,6288.4851,15745571.4759,19818829.9358,0.442734050087,-0.334969633408,1.02692256699,0.0311,0.03111,0.03097,0.03106,-0.0964940495336,0.452050371327,0.0310517057137,2.67112099836,2888791.05,28887.9105,0.855403664617,OKX_CONTRACT_OI_HISTORY,5941412.35,594141.235,0.0278054969544,OKX_CONTRACT_OI_HISTORY,0.97,0.492385786802,0.507614213198,OKX_GLOBAL_ACCOUNT_RATIO,1.23,0.551569506726,0.448430493274,OKX_GLOBAL_ACCOUNT_RATIO,,,,,PRICE_DOWN_OI_UP,PRICE_DOWN_OI_UP,PASS,PASS,1.89290789345,0.684040268943,-1.17721921731,-1.2088676245,-1.63800435722,-0.684932376983,1.75474061255,0.454181889799,-1.240063593,-1.30055872275,-1.08038477055,-0.243569458125,4.6208897038,2.82435901656,-1.67774612219,-1.79653068724,-4.05987817971,1.43034188185,,,,,,,,,,,,
2026-08-25T04:00:00Z,2026-08-25T06:00:00+02:00,2026-08-26T04:00:00Z,80488.01,80608,80150,80363.73,898.81211,72209008.3293,245577,477.44393,38353726.1314,33855282.1979,0.531148772415,-0.154408091342,0.571428571429,2499.3,2504.09,2488.96,2494.99,11684.8604,29154478.2497,113105,5318.0969,13267858.4014,15886619.8483,0.455088178488,-0.172048861877,0.607884417588,0.03105,0.03109,0.03101,0.03104,-0.064391500322,0.257981296356,0.0310462194823,-2.00329780881,2899200.62,28992.0062,0.360343473094,OKX_CONTRACT_OI_HISTORY,6091125.03,609112.503,2.51981635309,OKX_CONTRACT_OI_HISTORY,0.98,0.494949494949,0.505050505051,OKX_GLOBAL_ACCOUNT_RATIO,1.25,0.555555555556,0.444444444444,OKX_GLOBAL_ACCOUNT_RATIO,,,,,PRICE_DOWN_OI_UP,PRICE_DOWN_OI_UP,PASS,PASS,0.782217304015,0.0553414527532,-0.76726342711,-0.726875851262,-0.440302940808,1.66567705871,1.66498413614,0.66816492699,-0.988835725678,-0.996819209151,-1.43458175459,2.94257377249,4.50767931936,2.33421380759,-2.11289813939,-2.17346551178,-4.37496386686,4.39390747313,,,,,,,,,,,,
2026-08-25T05:00:00Z,2026-08-25T07:00:00+02:00,2026-08-26T04:00:00Z,80363.74,80821.53,80322,80731.9,994.03992,80160737.177,213246,560.11103,45163365.2935,34997371.8835,0.563410054398,0.458129556704,0.621909315007,2494.99,2511.82,2493.77,2508.73,10311.6664,25831540.1191,138027,5388.9455,13498436.2867,12333103.8324,0.522556387442,0.550703610035,0.723803718867,0.03105,0.03112,0.03105,0.03107,0.0966494845361,0.225442834138,0.0310748291568,-1.55404128782,2902783.49,29027.8349,0.123581306353,OKX_CONTRACT_OI_HISTORY,6045436.23,604543.623,-0.75008803423,OKX_CONTRACT_OI_HISTORY,0.99,0.497487437186,0.502512562814,OKX_GLOBAL_ACCOUNT_RATIO,1.26,0.557522123894,0.442477876106,OKX_GLOBAL_ACCOUNT_RATIO,,,,,PRICE_UP_OI_UP,PRICE_UP_OI_DOWN,PASS,PASS,1.13230946535,0.510418711613,-0.639590661976,-0.621890753737,-1.67141490612,-0.261979263175,2.50219841917,1.61038813756,-0.861518825782,-0.891810281606,-0.81828794615,0.341860881987,4.64358763646,2.44230109599,-2.1109010712,-2.20128654046,-3.7200003407,3.71588647204,,,,,,,,,,,,
2026-08-25T06:00:00Z,2026-08-25T08:00:00+02:00,2026-08-26T04:00:00Z,80731.9,80923.69,80420,80574.09,745.39881,60146317.5093,173092,424.14008,34223890.7999,25922426.7094,0.569010576493,-0.195474155817,0.626324297438,2508.73,2515.43,2496.04,2500.88,7866.6959,19711575.603,94687,2940.3922,7369304.34832,12342271.2546,0.373856686891,-0.312907327612,0.776830499511,0.03108,0.03111,0.03102,0.03104,-0.0965561635018,0.290135396518,0.0310382655268,0.55881769617,2919354.05,29193.5405,0.570850704404,OKX_CONTRACT_OI_HISTORY,6077887.03,607788.703,0.536781776623,OKX_CONTRACT_OI_HISTORY,0.97,0.492385786802,0.507614213198,OKX_GLOBAL_ACCOUNT_RATIO,1.24,0.553571428571,0.446428571429,OKX_GLOBAL_ACCOUNT_RATIO,,,,,PRICE_DOWN_OI_UP,PRICE_DOWN_OI_UP,PASS,PASS,-0.0936644098677,-0.271564667084,-0.160823415889,-0.177900257216,1.92243954532,2.32545156865,2.08510630211,1.09303754487,-0.988835725678,-0.992068757239,-0.865859375706,1.75875633045,4.01444122734,1.80663545695,-2.11289813939,-2.20780577039,-3.0013716614,4.46206596154,,,,,,,,,,,,
2026-08-25T07:00:00Z,2026-08-25T09:00:00+02:00,2026-08-26T04:00:00Z,80574.09,80819.67,79369.17,79705.79,1307.68383,104800865.576,228617,599.58852,48070969.7328,56729895.8428,0.458688670831,-1.0776417084,1.82753580515,2500.89,2513,2464.41,2478.94,21618.6395,53802251.0858,122634,8621.2244,21459390.4783,32342860.6075,0.398856740102,-0.8772911935,1.97166867526,0.03105,0.03116,0.03103,0.03111,0.225515463918,0.418949403803,0.0311011282869,2.85253737484,2888581.92,28885.8192,-1.0540732461,OKX_CONTRACT_OI_HISTORY,5996215.44,599621.544,-1.34374972086,OKX_CONTRACT_OI_HISTORY,0.97,0.492385786802,0.507614213198,OKX_GLOBAL_ACCOUNT_RATIO,1.23,0.551569506726,0.448430493274,OKX_GLOBAL_ACCOUNT_RATIO,,,,,PRICE_DOWN_OI_DOWN,PRICE_DOWN_OI_DOWN,PASS,PASS,-0.971846614173,-0.814231241673,0.160978750805,0.1576153725,-0.00723936056226,0.922391626294,1.20342060489,0.305090232257,-0.828817341409,-0.898330372634,-1.44145823281,0.348541172321,3.10274017345,0.989961868135,-2.0157480315,-2.11277830532,-3.96398114086,3.02111183932,,,,,,,,,,,,
2026-08-25T08:00:00Z,2026-08-25T10:00:00+02:00,2026-08-26T10:00:00Z,79705.79,80249,79622,79930.77,788.31559,63045654.9892,210953,418.81942,33494972.5014,29550682.4878,0.531281220049,0.282263057678,0.787470799528,2478.94,2498,2475,2484.82,13617.6337,33854608.6835,134144,6725.8927,16721330.0051,17133278.6784,0.493915914416,0.237198157277,0.929292929293,0.0311,0.03115,0.03106,0.03109,-0.032154340836,0.289761751449,0.0310871520442,0.91611987991,2903274.23,29032.7423,0.508634008206,OKX_CONTRACT_OI_HISTORY,6078405.4,607840.54,1.37069724766,OKX_CONTRACT_OI_HISTORY,0.99,0.497487437186,0.502512562814,OKX_GLOBAL_ACCOUNT_RATIO,1.23,0.551569506726,0.448430493274,OKX_GLOBAL_ACCOUNT_RATIO,0.0001,OKX_FUNDING_HISTORY,0.0001,OKX_FUNDING_HISTORY,UNAVAILABLE,UNAVAILABLE,PASS,PASS,-0.538750503492,-0.407616864196,0.161082474227,0.131133639296,0.140508041144,-0.208822342956,1.26493161927,0.390277800223,-0.829346092504,-0.874653819051,-1.09481142754,1.98910628316,3.7503178483,1.2212608561,-2.38618524333,-2.52905699219,-3.2472404532,4.2542566414,,,,,,,,,,,,
2026-08-25T09:00:00Z,2026-08-25T11:00:00+02:00,2026-08-26T10:00:00Z,79930.76,79958,78888,79187.2,1475.2851,117334438.35,296448,608.55281,48390639.703,68943798.6468,0.412416340706,-0.930267530264,1.35635331102,2484.82,2492,2462.81,2474.67,14565.1871,36115178.1347,171431,6512.5372,16153748.1021,19961430.0326,0.447284187325,-0.408480292335,1.18523150385,0.03109,0.03127,0.03109,0.03124,0.482470247668,0.578964297202,0.0312508839812,-3.48277548118,2887847.3,28878.473,-0.531363170609,OKX_CONTRACT_OI_HISTORY,6141521.75,614152.175,1.03837019492,OKX_CONTRACT_OI_HISTORY,1.03,0.507389162562,0.492610837438,OKX_GLOBAL_ACCOUNT_RATIO,1.24,0.553571428571,0.446428571429,OKX_GLOBAL_ACCOUNT_RATIO,,,,,PRICE_DOWN_OI_DOWN,PRICE_DOWN_OI_UP,PASS,PASS,-1.9133700557,-1.35765905458,0.547151593177,0.555711001121,-0.514547159699,1.58938935661,0.256975348117,-0.357953904878,-0.636132315522,-0.614929252995,-1.61851784841,3.42571915459,2.10578218451,0.470549068646,-1.66824047844,-1.63523311586,-3.11709843019,4.33146064617,,,,,,,,,,,,
2026-08-25T10:00:00Z,2026-08-25T12:00:00+02:00,2026-08-26T10:00:00Z,79187.2,79484.01,78992,79309.63,836.94668,66363504.4454,211282,368.18052,29190950.6343,37172553.8111,0.439864514061,0.154608320537,0.62286054284,2474.67,2485.83,2469.87,2481.82,8631.7367,21394468.4993,90646,4250.0688,10534048.7889,10860419.7104,0.492372539623,0.288927412544,0.646187856041,0.03124,0.0313,0.03122,0.03129,0.160051216389,0.256245996156,0.0312927950868,-0.893204583733,2891336.48,28913.3648,0.120822870378,OKX_CONTRACT_OI_HISTORY,6210223.3,621022.33,1.11864050632,OKX_CONTRACT_OI_HISTORY,1.03,0.507389162562,0.492610837438,OKX_GLOBAL_ACCOUNT_RATIO,1.25,0.555555555556,0.444444444444,OKX_GLOBAL_ACCOUNT_RATIO,,,,,PRICE_UP_OI_UP,PRICE_UP_OI_UP,PASS,PASS,-1.5693134108,-0.762131729631,0.805412371134,0.807181681169,-0.959718126686,2.17734007471,0.723431546863,0.305545900593,-0.413749204328,-0.417885646271,-1.24893469444,4.73493988571,2.18045686254,0.674184650333,-1.4798488665,-1.5062722122,-3.83434467696,5.5074749664,,,,,,,,,,,,
2026-08-25T11:00:00Z,2026-08-25T13:00:00+02:00,2026-08-26T10:00:00Z,79309.63,79463.59,79044.18,79117.99,617.29432,48904938.3519,202400,329.25635,26085170.6308,22819767.7212,0.533385206276,-0.241635221347,0.530602000046,2481.82,2486.16,2474.76,2477.91,7247.1887,17969755.2188,111206,3778.3708,9368192.20784,8601563.01091,0.52133109738,-0.157545672128,0.460650729768,0.03129,0.03137,0.03125,0.03132,0.0958772770853,0.384,0.031319172795,0.264120972919,2890713.98,28907.1398,-0.0215298359186,OKX_CONTRACT_OI_HISTORY,6224272.27,622427.227,0.2262232664,OKX_CONTRACT_OI_HISTORY,1.04,0.509803921569,0.490196078431,OKX_GLOBAL_ACCOUNT_RATIO,1.25,0.555555555556,0.444444444444,OKX_GLOBAL_ACCOUNT_RATIO,,,,,PRICE_DOWN_OI_DOWN,PRICE_DOWN_OI_UP,PASS,PASS,-0.737462109089,-0.0415500173461,0.675024108004,0.695912091743,0.0738099198516,3.80334616529,0.158546195695,-0.177254251081,-0.349984091632,-0.335800446776,-1.57252948244,4.04327876673,0.859648932705,-0.652318597695,-1.50943396226,-1.5119675304,-3.36706308064,6.80250918018,,,,,,,,,,,,
2026-08-25T12:00:00Z,2026-08-25T14:00:00+02:00,2026-08-26T10:00:00Z,79118,79171.88,78640,78980,1007.3407,79480933.3297,334380,419.82325,33129946.6983,46350986.6313,0.416828858324,-0.174410396422,0.676347914547,2477.9,2481.37,2458.01,2473.5,16993.8847,41974904.0623,156966,7055.8755,17426141.1556,24548762.9066,0.415156187844,-0.17797256559,0.950362284938,0.03132,0.03138,0.03123,0.03133,0.0319284802043,0.480307396734,0.0313180552038,3.81402870427,2885846.76,28858.4676,-0.168374319759,OKX_CONTRACT_OI_HISTORY,6228804.78,622880.478,0.0728199185927,OKX_CONTRACT_OI_HISTORY,1.06,0.514563106796,0.485436893204,OKX_GLOBAL_ACCOUNT_RATIO,1.24,0.553571428571,0.446428571429,OKX_GLOBAL_ACCOUNT_RATIO,,,,,PRICE_DOWN_OI_DOWN,PRICE_DOWN_OI_UP,PASS,PASS,-1.18949185652,-0.455566197954,0.771952396269,0.733925658561,-0.600269510194,2.47432295319,-0.95308514586,-0.806461315121,0.159846547315,0.146623830738,-0.898879779885,3.96366058919,-0.22737496556,-1.55380610856,-1.29174543163,-1.326431143,-2.63147518793,6.81656847794,,,,,,,,,,,,
2026-08-25T13:00:00Z,2026-08-25T15:00:00+02:00,2026-08-26T10:00:00Z,78980.01,79222,78120.74,78647.99,1734.1222,136508936.071,474098,773.98228,60969826.5444,75539109.5269,0.44663615657,-0.420372246138,1.40968966756,2473.51,2477.08,2440,2460.73,27594.5647,67921246.5776,268239,11750.9436,28928795.3879,38992451.1897,0.42591673218,-0.516272488377,1.51967213115,0.03132,0.03135,0.03122,0.03129,-0.127673156719,0.416399743754,0.0312878943251,0.672999882148,2876543.24,28765.4324,-0.322384408242,OKX_CONTRACT_OI_HISTORY,6264057.27,626405.727,0.565959140559,OKX_CONTRACT_OI_HISTORY,1.08,0.519230769231,0.480769230769,OKX_GLOBAL_ACCOUNT_RATIO,1.28,0.561403508772,0.438596491228,OKX_GLOBAL_ACCOUNT_RATIO,,,,,PRICE_DOWN_OI_DOWN,PRICE_DOWN_OI_UP,PASS,PASS,-0.680930756486,-0.56330743089,0.160051216389,0.117623325596,-0.391435516691,1.99519801424,-1.47819060981,-1.41266591613,0.0639590661976,0.0655246936816,-2.56027439698,3.34484561951,0.0636148583443,-1.32727571647,-1.38670028364,-1.39089057481,-1.73800532256,6.91989144924,,,,,,,,,,,,
2026-08-25T14:00:00Z,2026-08-25T16:00:00+02:00,2026-08-26T16:00:00Z,78648,79386.94,78531.55,79235.99,1216.06528,96163900.5313,416847,660.39149,52220819.0583,43943081.473,0.543039734971,0.74762231716,1.08923101607,2460.73,2484,2454.33,2476.91,19279.4426,47658540.3226,268872,10148.4935,25086263.4838,22572276.8388,0.526374985764,0.657528457003,1.20888389092,0.03129,0.03131,0.03123,0.03126,-0.0958772770853,0.256163944925,0.0312599110581,0.0284523862426,2895942.18,28959.4218,0.674383744011,OKX_CONTRACT_OI_HISTORY,6204787.7,620478.77,-0.946184995528,OKX_CONTRACT_OI_HISTORY,1.11,0.526066350711,0.473933649289,OKX_GLOBAL_ACCOUNT_RATIO,1.25,0.555555555556,0.444444444444,OKX_GLOBAL_ACCOUNT_RATIO,,,,,UNAVAILABLE,UNAVAILABLE,PASS,PASS,-0.0928512716552,-0.197838682902,-0.0958772770853,-0.104987411247,0.159293116933,-0.0875266433656,-1.75281647293,-1.22742444242,0.546799614024,0.525392030518,1.10506869415,4.46191252918,-0.345776404046,-1.55991669846,-1.201011378,-1.21414029442,-1.46295455415,5.80605265672,,,,,,,,,,,,
2026-08-25T15:00:00Z,2026-08-25T17:00:00+02:00,2026-08-26T16:00:00Z,79236,79527.09,79020.04,79502.01,794.08262,62969457.1235,258208,468.63248,37165066.8593,25804390.2642,0.590207833402,0.335731275649,0.641672669363,2476.92,2483.85,2466.14,2482.88,13271.3533,32850892.8879,131611,4702.4735,11641289.4006,21209603.4873,0.354367518725,0.241026117219,0.718126302643,0.03126,0.03126,0.03118,0.03124,-0.0639795265515,0.256574727389,0.0312304053696,3.07220808094,2892258.41,28922.5841,-0.127204542461,OKX_CONTRACT_OI_HISTORY,6110642.8,611064.28,-1.51729445957,OKX_CONTRACT_OI_HISTORY,1.1,0.52380952381,0.47619047619,OKX_GLOBAL_ACCOUNT_RATIO,1.24,0.553571428571,0.446428571429,OKX_GLOBAL_ACCOUNT_RATIO,,,,,PRICE_UP_OI_DOWN,PRICE_UP_OI_DOWN,PASS,PASS,0.485376334763,0.200572256458,-0.255427841635,-0.284804078305,0.0534272851166,-1.82558643117,-1.22502718107,-0.656586470558,0.579523502898,0.568440710509,0.120028065027,2.84832023147,0.508217382021,-0.205386677599,-0.667726550079,-0.71360405962,-0.961653470461,2.59781313519,,,,,,,,,,,,
2026-08-25T16:00:00Z,2026-08-25T18:00:00+02:00,2026-08-26T16:00:00Z,79502.01,79563.71,79067.72,79156.02,676.1787,53614531.396,190786,324.24113,25702490.7237,27912040.6723,0.479394113023,-0.435196544087,0.627297713909,2482.89,2485.6,2467.1,2470.68,9753.9446,24146377.4309,132224,3713.958,9191538.24629,14954839.1846,0.380659097729,-0.491364866607,0.749868266386,0.03123,0.03126,0.0312,0.03122,-0.0640204865557,0.192307692308,0.0312127871007,2.3108795959,2881611.89,28816.1189,-0.368104038117,OKX_CONTRACT_OI_HISTORY,6072403.18,607240.318,-0.625787192143,OKX_CONTRACT_OI_HISTORY,1.09,0.521531100478,0.478468899522,OKX_GLOBAL_ACCOUNT_RATIO,1.24,0.553571428571,0.446428571429,OKX_GLOBAL_ACCOUNT_RATIO,5.60993670634e-05,OKX_FUNDING_HISTORY,0.0001,OKX_FUNDING_HISTORY,PRICE_DOWN_OI_DOWN,PRICE_DOWN_OI_DOWN,PASS,PASS,0.222866548493,-0.114008489994,-0.351101180977,-0.336875038487,-0.146746184125,-2.51094079079,-1.50280481008,-0.974352602616,0.579896907216,0.528452207465,-0.606675159996,-0.307362759881,0.137157864375,-0.312697957981,-0.414673046252,-0.449855822357,-2.03255366343,2.62616663665,,,,,,,,,,,,
2026-08-25T17:00:00Z,2026-08-25T19:00:00+02:00,2026-08-26T16:00:00Z,79156.02,79256.08,78752.06,79240.01,747.28203,59056059.9323,184548,468.72945,37045497.4615,22010562.4708,0.627293752816,0.106106901282,0.640008655012,2470.68,2471.47,2455.93,2471.03,13080.7242,32236955.1303,103225,5149.2768,12689382.5114,19547572.6189,0.393628444749,0.0141661404957,0.632754190877,0.03121,0.03123,0.03112,0.03118,-0.128122998078,0.353470437018,0.0311841202443,-1.32126360263,2859164.69,28591.6469,-0.77898068362,OKX_CONTRACT_OI_HISTORY,6057952.62,605795.262,-0.237971023525,OKX_CONTRACT_OI_HISTORY,1.08,0.519230769231,0.480769230769,OKX_GLOBAL_ACCOUNT_RATIO,1.24,0.553571428571,0.446428571429,OKX_GLOBAL_ACCOUNT_RATIO,,,,,PRICE_UP_OI_DOWN,PRICE_UP_OI_DOWN,PASS,PASS,0.752746510114,0.418574975719,-0.35155001598,-0.334171534396,-0.604147010841,-3.29027403672,-1.84795601243,-1.50275238866,0.354039266173,0.345203623772,-1.50265426789,0.207038657324,0.608002880608,0.0834356027007,-0.510529674537,-0.524567277908,-2.30864617529,0.549607323492,,,,,,,,,,,,
2026-08-25T18:00:00Z,2026-08-25T20:00:00+02:00,2026-08-26T16:00:00Z,79240.02,79380,79048.44,79128,469.50082,37196535.5184,120528,271.62983,21519192.2596,15677343.2588,0.578526789112,-0.141355358234,0.419439017392,2471.04,2474.8,2464.23,2467.44,8754.387,21629067.6147,63718,3326.2105,8217775.04167,13411292.5731,0.379941252579,-0.145283545728,0.428937233943,0.03119,0.03121,0.03116,0.03118,0,0.160462130937,0.0311828935396,-0.927925299096,2847641.59,28476.4159,-0.403023303985,OKX_CONTRACT_OI_HISTORY,6057199.5,605719.95,-0.0124319229159,OKX_CONTRACT_OI_HISTORY,1.07,0.51690821256,0.48309178744,OKX_GLOBAL_ACCOUNT_RATIO,1.24,0.553571428571,0.446428571429,OKX_GLOBAL_ACCOUNT_RATIO,,,,,PRICE_DOWN_OI_DOWN,PRICE_DOWN_OI_DOWN,PASS,PASS,-0.136289077728,-0.382331211065,-0.255918106206,-0.246042133337,-1.66787135232,-2.37861804684,-1.79473326971,-1.33712933048,0.451030927835,0.457603939239,-2.45644956973,-0.340373717015,0.25295093588,-0.258707111212,-0.542264752791,-0.511658047092,-3.30103954652,1.41239626914,,,,,,,,,,,,
2026-08-25T19:00:00Z,2026-08-25T21:00:00+02:00,2026-08-26T16:00:00Z,79128.01,79233.57,78728.35,78925.95,702.86873,55501396.2536,153843,364.96246,28820652.0905,26680744.1631,0.519277964807,-0.255345768881,0.641725629967,2467.44,2470.13,2455.54,2463.42,11226.2254,27654075.9454,67662,5363.4243,13214539.4612,14439536.4841,0.477851420071,-0.162921894757,0.594166659879,0.03119,0.03122,0.03117,0.03121,0.096215522771,0.160410651267,0.031211787758,-0.572782960275,2834556.28,28345.5628,-0.459513937637,OKX_CONTRACT_OI_HISTORY,6079645.26,607964.526,0.370563327161,OKX_CONTRACT_OI_HISTORY,1.06,0.514563106796,0.485436893204,OKX_GLOBAL_ACCOUNT_RATIO,1.25,0.555555555556,0.444444444444,OKX_GLOBAL_ACCOUNT_RATIO,,,,,PRICE_DOWN_OI_DOWN,PRICE_DOWN_OI_UP,PASS,PASS,-0.724585453877,-0.783767238046,-0.0960307298335,-0.0591817841689,-1.99505444605,-0.507271346314,-0.978398181613,-0.626074047778,0.32144005143,0.352324133834,-1.8703170447,1.39137462346,0.213248177963,-0.322893906288,-0.510041440867,-0.536142084251,-3.28481543849,1.7447653092,,,,,,,,,,,,
2026-08-25T20:00:00Z,2026-08-25T22:00:00+02:00,2026-08-26T16:00:00Z,78925.96,78976,78165.27,78206.13,777.55096,61060251.7331,249022,282.80558,22216259.4578,38843992.2753,0.363841596247,-0.912019430872,1.03719976916,2463.42,2464.24,2433.62,2436.44,16335.3831,39969209.41,160858,6567.3734,16074507.0571,23894702.3529,0.402172254452,-1.09522533713,1.25820793715,0.03121,0.03121,0.03113,0.03117,-0.128164049984,0.256986829425,0.0311540796099,5.11021038893,2817785.32,28177.8532,-0.591660857762,OKX_CONTRACT_OI_HISTORY,6101414.86,610141.486,0.35807352352,OKX_CONTRACT_OI_HISTORY,1.09,0.521531100478,0.478468899522,OKX_GLOBAL_ACCOUNT_RATIO,1.25,0.555555555556,0.444444444444,OKX_GLOBAL_ACCOUNT_RATIO,,,,,PRICE_DOWN_OI_DOWN,PRICE_DOWN_OI_UP,PASS,PASS,-1.2000224367,-1.38585328735,-0.160153747598,-0.185830850652,-2.21496066911,0.47776274302,-2.15766719125,-1.94702231952,0.257317465423,0.210644871721,-2.94456889799,0.378544346516,-0.920028586512,-1.56434331518,-0.574162679426,-0.644314728668,-4.00714284875,2.37518027906,,,,,,,,,,,,
2026-08-25T21:00:00Z,2026-08-25T23:00:00+02:00,2026-08-26T16:00:00Z,78206.14,78664,77851,78570,840.88883,65807214.8589,282674,335.00073,26225995.2852,39581219.5737,0.398527659033,0.465270433405,1.044302578,2436.44,2443.9,2414.64,2441.79,20143.916,48948191.0074,167709,8745.483,21263343.8097,27684847.1977,0.434405100007,0.219582669797,1.21177484014,0.03116,0.03118,0.03097,0.03107,-0.320821302534,0.678075556991,0.0310778923253,-2.53953042645,2878407.42,28784.0742,2.15140946224,OKX_CONTRACT_OI_HISTORY,5949938.07,594993.807,-2.4826502291,OKX_CONTRACT_OI_HISTORY,1.07,0.51690821256,0.48309178744,OKX_GLOBAL_ACCOUNT_RATIO,1.28,0.561403508772,0.438596491228,OKX_GLOBAL_ACCOUNT_RATIO,,,,,PRICE_UP_OI_UP,PRICE_UP_OI_DOWN,PASS,PASS,-0.845545072496,-1.18331222203,-0.35279025016,-0.337767149533,0.673019293618,-1.78302071303,-0.779418895983,-1.32866200342,-0.544174135723,-0.549243107435,-0.326882934565,-3.11948223582,-0.524446462287,-1.68185991077,-1.17684478372,-1.15741344849,-1.94011012434,0.199372218296,,,,,,,,,,,,
2026-08-25T22:00:00Z,2026-08-26T00:00:00+02:00,2026-08-26T16:00:00Z,78569.99,79000,78569.99,78889.51,577.33833,45504667.9586,165429,357.70407,28194228.2714,17310439.6872,0.619589803338,0.406656484663,0.547295475028,2441.8,2455.78,2441.8,2453.84,6387.4583,15641366.5212,90408,3464.226,8482336.29329,7159030.22792,0.54230148509,0.4934904312,0.57252846261,0.03108,0.03112,0.03104,0.0311,0.0965561635018,0.257731958763,0.0311047691892,-1.53326622763,2887045.24,28870.4524,0.300090249212,OKX_CONTRACT_OI_HISTORY,5950807.93,595080.793,0.0146196479656,OKX_CONTRACT_OI_HISTORY,1.06,0.514563106796,0.485436893204,OKX_GLOBAL_ACCOUNT_RATIO,1.29,0.563318777293,0.436681222707,OKX_GLOBAL_ACCOUNT_RATIO,,,,,PRICE_UP_OI_UP,PRICE_UP_OI_UP,PASS,PASS,-0.301397735315,-0.551178549428,-0.256574727389,-0.249780814113,1.38372926349,-1.75644817378,-0.52972129614,-1.12739844147,-0.607222754874,-0.597677145326,-0.148417177651,-4.177230954,0.189878079756,-0.825297260595,-1.01845957989,-1.01517534035,-1.39549823847,0.359919557149,,,,,,,,,,,,
2026-08-25T23:00:00Z,2026-08-26T01:00:00+02:00,2026-08-26T16:00:00Z,78889.51,78977.49,78396.88,78539.14,690.39348,54340963.7568,180410,392.52607,30897953.0122,23443010.7446,0.568594130028,-0.444127489193,0.740603452586,2453.85,2456.51,2437.07,2442.64,6578.7972,16110963.811,91264,2878.5337,7050215.27588,9060748.53516,0.437603569754,-0.456427476934,0.797679180327,0.0311,0.03116,0.03107,0.0311,0,0.289668490505,0.0311009262388,-0.297817115907,2896729.68,28967.2968,0.335444691542,OKX_CONTRACT_OI_HISTORY,6009839.16,600983.916,0.991986814133,OKX_CONTRACT_OI_HISTORY,1.05,0.512195121951,0.487804878049,OKX_GLOBAL_ACCOUNT_RATIO,1.26,0.557522123894,0.442477876106,OKX_GLOBAL_ACCOUNT_RATIO,,,,,PRICE_DOWN_OI_UP,PRICE_DOWN_OI_UP,PASS,PASS,-0.490092295373,-0.843542717036,-0.352451137456,-0.353450421663,2.19340855705,-1.14819363655,-0.731628798962,-1.42337695881,-0.702426564496,-0.691748159846,0.20810429678,-3.44511134311,-0.574242572894,-1.59810821372,-1.0499522749,-1.02386564083,-1.36769768708,0.458871968187,,,,,,,,,,,,
2026-08-26T00:00:00Z,2026-08-26T02:00:00+02:00,2026-08-27T02:00:00Z,78539.13,78721.48,78312,78631.79,680.65038,53433045.1424,247766,385.57778,30272844.3721,23160200.7703,0.566556599786,0.117979407208,0.522882827664,2442.65,2450.51,2435.81,2446.24,8066.5223,19700010.2863,115139,3344.8517,8170249.76244,11529760.5239,0.414733273928,0.146971526825,0.603495346517,0.0311,0.03114,0.03108,0.03112,0.064308681672,0.19305019305,0.0311100637541,3.19390084374,2923647.98,29236.4798,0.929265170508,OKX_CONTRACT_OI_HISTORY,6063861.64,606386.164,0.898900595536,OKX_CONTRACT_OI_HISTORY,1.06,0.514563106796,0.485436893204,OKX_GLOBAL_ACCOUNT_RATIO,1.27,0.559471365639,0.440528634361,OKX_GLOBAL_ACCOUNT_RATIO,8.39480914457e-05,OKX_FUNDING_HISTORY,7.9209396184e-05,OKX_FUNDING_HISTORY,UNAVAILABLE,UNAVAILABLE,PASS,PASS,0.544279585245,0.40222619888,-0.160410651267,-0.142053386364,3.75694554332,-0.615483799441,-0.440883768043,-1.10208206994,-0.670284072774,-0.661198301899,1.30988313461,-2.64807046979,-1.3897669162,-1.89965551951,-0.511508951407,-0.509888603309,0.39922908009,1.21062959382,1.22592189703,-0.765483081891,-1.95337114052,-1.99140497892,-0.797872844878,4.48493464741,,,,,,
2026-08-26T01:00:00Z,2026-08-26T03:00:00+02:00,2026-08-27T02:00:00Z,78631.7,78960,78607.29,78815.13,572.39774,45105670.9277,168124,323.18718,25466522.1468,19639148.7809,0.564596903738,0.233162694122,0.448698842054,2446.24,2462.32,2445,2455.99,6541.8205,16069315.0329,101994,4260.6178,10466458.7331,5602856.29978,0.65133197723,0.398570867944,0.708384458078,0.03112,0.03118,0.03112,0.03116,0.12853470437,0.192802056555,0.0311614026393,-0.450120725245,2933454.06,29334.5406,0.335405632521,OKX_CONTRACT_OI_HISTORY,6045600.05,604560.005,-0.301154463676,OKX_CONTRACT_OI_HISTORY,1.08,0.519230769231,0.480769230769,OKX_GLOBAL_ACCOUNT_RATIO,1.26,0.557522123894,0.442477876106,OKX_GLOBAL_ACCOUNT_RATIO,,,,,PRICE_UP_OI_UP,PRICE_UP_OI_DOWN,PASS,PASS,0.311989308897,0.581540591124,0.289668490505,0.269551282227,1.91239918357,1.60778110418,0.212516556367,-0.192625765525,-0.415468200703,-0.405142321892,1.97844479473,-3.48747162716,-1.26881545322,-1.60257052312,-0.351774864087,-0.333755069895,-0.632483217788,-0.259276549602,2.46097025432,1.09450893225,-1.32995566814,-1.36646132208,-1.07040129688,3.91612510482,,,,,,
2026-08-26T02:00:00Z,2026-08-26T04:00:00+02:00,2026-08-27T02:00:00Z,78815.13,79251.6,78748.56,79108,505.52805,39959522.9586,155111,317.81514,25121403.2028,14838119.7557,0.628671248875,0.371591089173,0.638792633161,2455.98,2469.82,2454.05,2465.21,4986.1029,12282745.3635,64928,3034.2788,7473561.59772,4809183.76577,0.608460191639,0.375408694661,0.642611193741,0.03116,0.0312,0.03111,0.03117,0.0320924261874,0.289296046287,0.0311625878546,2.37853975929,2935420.27,29354.2027,0.0670271277403,OKX_CONTRACT_OI_HISTORY,6098177.79,609817.779,0.869686045474,OKX_CONTRACT_OI_HISTORY,1.09,0.521531100478,0.478468899522,OKX_GLOBAL_ACCOUNT_RATIO,1.24,0.553571428571,0.446428571429,OKX_GLOBAL_ACCOUNT_RATIO,,,,,PRICE_UP_OI_UP,PRICE_UP_OI_UP,PASS,PASS,0.276956974381,0.463355393995,0.225080385852,0.186398419614,1.67558960732,2.47646809868,-0.161530132961,-0.472362742288,-0.287907869482,-0.310832609327,1.36322093282,-1.71818787611,-1.91151527912,-1.69398928895,0.257317465423,0.217525990168,2.48335415473,2.66706061295,2.10291371731,0.876920181031,-1.20443740095,-1.22599353628,-1.77093197744,4.54012228661,,,,,,
2026-08-26T03:00:00Z,2026-08-26T05:00:00+02:00,2026-08-27T02:00:00Z,79108.01,79184,78900,79088.62,453.50631,35851259.526,104987,283.03897,22376688.7272,13474570.7988,0.624153489251,-0.0244981544218,0.359949302915,2465.21,2468,2458.66,2465.57,4758.0286,11723068.2089,53873,2528.6829,6230550.34048,5492517.86841,0.531477786315,0.0146032183871,0.379881724191,0.03117,0.0312,0.03114,0.03118,0.0320821302535,0.19267822736,0.0311747758401,1.67576503608,2938141.77,29381.4177,0.0927124482928,OKX_CONTRACT_OI_HISTORY,6146579.98,614657.998,0.793715625664,OKX_CONTRACT_OI_HISTORY,1.08,0.519230769231,0.480769230769,OKX_GLOBAL_ACCOUNT_RATIO,1.22,0.54954954955,0.45045045045,OKX_GLOBAL_ACCOUNT_RATIO,,,,,PRICE_DOWN_OI_UP,PRICE_UP_OI_UP,PASS,PASS,0.699625689815,0.938738414175,0.257234726688,0.23911272436,1.42961527566,2.27528252187,-0.519974274864,-0.697174249259,-0.192061459667,-0.177199974395,1.58641979712,0.588108013776,-1.73863162973,-1.34918316802,0.386349001932,0.38944846171,1.70835201113,3.45317944478,2.8019178241,1.43707007208,-1.29787907566,-1.36484775202,-2.42088317912,4.93291359849,,,,,,
2026-08-26T04:00:00Z,2026-08-26T06:00:00+02:00,2026-08-27T02:00:00Z,79088.61,79200,78790.68,78826,482.93427,38153194.825,139395,248.3879,19624690.7082,18528504.1168,0.514365593713,-0.332057886457,0.519503068129,2465.56,2472.86,2455.68,2456.9,7464.6422,18396690.6823,75012,3125.9654,7706088.24896,10690602.4333,0.418884482108,-0.351642824986,0.699602554079,0.03117,0.03123,0.03117,0.03118,0,0.192492781521,0.0311686499378,3.64149945053,2944882.38,29448.8238,0.229417452515,OKX_CONTRACT_OI_HISTORY,6146991.24,614699.124,0.00669087527276,OKX_CONTRACT_OI_HISTORY,1.08,0.519230769231,0.480769230769,OKX_GLOBAL_ACCOUNT_RATIO,1.23,0.551569506726,0.448430493274,OKX_GLOBAL_ACCOUNT_RATIO,,,,,PRICE_DOWN_OI_UP,PRICE_DOWN_OI_UP,PASS,PASS,0.246986619534,0.435770815619,0.192802056555,0.188784196085,0.726298109255,1.37090199175,-0.41692343804,-0.557741188661,-0.128122998078,-0.14081775062,2.1956631363,1.22831205025,-1.91346270264,-1.52665942549,0.451030927835,0.386803277151,1.57566743346,0.917173916556,2.50796385419,0.771918886993,-1.67139703564,-1.7360449672,-2.86823131427,5.35138116295,,,,,,
2026-08-26T05:00:00Z,2026-08-26T07:00:00+02:00,2026-08-27T02:00:00Z,78826,79143.62,78638,79085.98,515.23689,40669940.9266,159065,316.28243,24964998.5786,15704942.348,0.613843984275,0.329815035648,0.642971591343,2456.89,2468,2451.49,2464.92,5957.0733,14655136.4615,77074,2657.0139,6537304.11473,8117832.3468,0.446075963324,0.326427612031,0.673467972539,0.03117,0.03119,0.03115,0.03117,-0.0320718409237,0.128410914928,0.0311675975944,0.770802297843,2928712.31,29287.1231,-0.549090520892,OKX_CONTRACT_OI_HISTORY,6172340.4,617234.04,0.412383213352,OKX_CONTRACT_OI_HISTORY,1.08,0.519230769231,0.480769230769,OKX_GLOBAL_ACCOUNT_RATIO,1.22,0.54954954955,0.45045045045,OKX_GLOBAL_ACCOUNT_RATIO,,,,,PRICE_UP_OI_DOWN,PRICE_UP_OI_UP,PASS,PASS,0.343652291127,0.363600828994,0.0320924261874,0.0199485378663,-0.161643915433,2.0964064601,-0.194384124888,-0.247265310417,-0.0320718409237,-0.0528811855287,2.43244540069,1.88822506836,-2.0387480042,-1.74630191372,0.321853878339,0.292446090479,0.893239888174,2.09917308151,2.510168582,0.653349231498,-1.79584120983,-1.8568193505,-2.85998897941,5.89306244211,,,,,,
2026-08-26T06:00:00Z,2026-08-26T08:00:00+02:00,2026-08-27T02:00:00Z,79085.98,79206,78816,78947.92,459.3577,36276505.2811,138853,239.46062,18912675.8327,17363829.4484,0.521347789324,-0.174569500182,0.494823386114,2464.91,2467.47,2453.59,2460.13,6025.7466,14824208.4927,58158,2345.8694,5769813.42758,9054395.0651,0.389215615149,-0.194326793567,0.565701686101,0.03117,0.03118,0.03112,0.03117,0,0.192802056555,0.0311614289521,2.7505310695,2931007.34,29310.0734,0.0783631083246,OKX_CONTRACT_OI_HISTORY,6198020.44,619802.044,0.416050287829,OKX_CONTRACT_OI_HISTORY,1.09,0.521531100478,0.478468899522,OKX_GLOBAL_ACCOUNT_RATIO,1.22,0.54954954955,0.45045045045,OKX_GLOBAL_ACCOUNT_RATIO,,,,,PRICE_DOWN_OI_UP,PRICE_DOWN_OI_UP,PASS,PASS,-0.202356272438,-0.20606763724,0,-0.00371136480214,-0.15033383959,1.6372538394,-0.227580628855,-0.296258470317,-0.0320718409237,-0.0686778414629,2.92753660758,2.32485226878,-2.01822943331,-1.62942644189,0.41881443299,0.388802991415,0.399173577456,1.97656536568,1.9151911596,0.147771219214,-1.70293282876,-1.76741994038,-2.61417876658,6.52682697761,,,,,,
2026-08-26T07:00:00Z,2026-08-26T09:00:00+02:00,2026-08-27T02:00:00Z,78947.92,79096,78867,78925.56,516.24118,40773752.547,133538,276.51082,21838634.3291,18935118.2179,0.535605210826,-0.028322468787,0.290362255443,2460.14,2468.66,2457.22,2461.78,9351.9319,23045643.4167,56986,4530.9964,11165165.2286,11880478.1882,0.484480516628,0.0670696264019,0.465566778717,0.03116,0.03122,0.03116,0.03118,0.0320821302535,0.192554557125,0.0311911629135,-3.57887057333,2932492.56,29324.9256,0.0506726810176,OKX_CONTRACT_OI_HISTORY,6183895.95,618389.595,-0.227887115519,OKX_CONTRACT_OI_HISTORY,1.09,0.521531100478,0.478468899522,OKX_GLOBAL_ACCOUNT_RATIO,1.2,0.545454545455,0.454545454545,OKX_GLOBAL_ACCOUNT_RATIO,,,,,PRICE_DOWN_OI_UP,PRICE_UP_OI_DOWN,PASS,PASS,-0.206173783283,-0.153716990392,0,0.0524567928909,-0.192271525414,0.607101349391,-0.000494134058571,-0.0665741124128,-0.096123037488,-0.0660799783542,3.45508327674,1.71474955432,-0.978887481073,-0.692231356951,0.225008036001,0.286656124122,1.5201452206,3.12998276793,2.09348035725,0.290877684711,-1.79527559055,-1.80260267254,-2.50409419012,6.24565488722,,,,,,
2026-08-26T08:00:00Z,2026-08-26T10:00:00+02:00,2026-08-27T02:00:00Z,78925.57,79119.37,78600,78707.59,995.42693,78538158.4963,176225,282.74175,22314411.6518,56223746.8445,0.284121910661,-0.276171622982,0.660776081425,2461.78,2470,2453.66,2456.29,11249.8754,27709924.2388,103887,5643.4042,13900716.0401,13809208.1987,0.501651174515,-0.223009367206,0.665943936813,0.03119,0.03123,0.03116,0.03123,0.160359204618,0.224646983312,0.0312077907607,7.11656889048,2939256.86,29392.5686,0.230667251889,OKX_CONTRACT_OI_HISTORY,6186191.74,618619.174,0.0371253012431,OKX_CONTRACT_OI_HISTORY,1.07,0.51690821256,0.48309178744,OKX_GLOBAL_ACCOUNT_RATIO,1.22,0.54954954955,0.45045045045,OKX_GLOBAL_ACCOUNT_RATIO,6.63611159815e-05,OKX_FUNDING_HISTORY,0.0001,OKX_FUNDING_HISTORY,PRICE_DOWN_OI_UP,PRICE_DOWN_OI_UP,PASS,PASS,-0.150216933499,-0.0248280353291,0.160359204618,0.12538889817,-0.191026984242,0.637718494618,0.641202933837,0.814713270181,0.192492781521,0.173510336345,4.31088696282,1.38946264015,-1.53029928274,-1.14817169855,0.45030556449,0.382127584188,1.23938102809,1.77326671893,2.16262747842,0.0590669860357,-1.94662480377,-2.10356049239,-2.04810510723,6.10296267749,,,,,,
2026-08-26T09:00:00Z,2026-08-26T11:00:00+02:00,2026-08-27T02:00:00Z,78707.59,78877.02,78244.83,78444.49,553.36821,43450154.3991,186883,235.00152,18458064.6291,24992089.77,0.42481010446,-0.334275258587,0.80796392554,2456.29,2461,2442.76,2447.87,9405.8872,23051926.9017,106151,5049.9077,12377284.3055,10674642.5962,0.536930572366,-0.342793399802,0.746696359855,0.03121,0.03123,0.03119,0.03121,-0.0640409862312,0.128246232767,0.0312051235211,1.56271738287,2953105.26,29531.0526,0.471153106367,OKX_CONTRACT_OI_HISTORY,6340741.25,634074.125,2.49829808864,OKX_CONTRACT_OI_HISTORY,1.08,0.519230769231,0.480769230769,OKX_GLOBAL_ACCOUNT_RATIO,1.22,0.54954954955,0.45045045045,OKX_GLOBAL_ACCOUNT_RATIO,,,,,PRICE_DOWN_OI_UP,PRICE_DOWN_OI_UP,PASS,PASS,-0.81112986145,-0.691706018857,0.128328521014,0.119423842593,0.832889933119,2.7283143684,-0.159742904416,0.248997661552,0.450595429675,0.408740565968,2.59511004179,6.56818903663,-0.937916734018,-1.08297267919,-0.0960307298335,-0.145055945168,2.25974413536,3.2438133106,1.148114967,-0.617519528395,-1.76266918477,-1.7656344954,-0.927792743794,7.71577845375,,,,,,
2026-08-26T10:00:00Z,2026-08-26T12:00:00+02:00,2026-08-27T02:00:00Z,78444.5,78879.75,78291.09,78727.45,367.28381,28870549.8051,151535,194.83731,15317196.5667,13553353.2384,0.530547449568,0.36071367154,0.751886325762,2447.86,2475.61,2444.69,2468.96,11974.6254,29475051.4463,104609,7084.2771,17436176.1499,12038875.2964,0.591557106581,0.861565360906,1.2647820378,0.03121,0.03139,0.03121,0.03136,0.48061518744,0.576738224928,0.0313608531713,-0.272049769946,2921575.89,29215.7589,-1.06766834312,OKX_CONTRACT_OI_HISTORY,6274242.18,627424.218,-1.0487586132,OKX_CONTRACT_OI_HISTORY,1.08,0.519230769231,0.480769230769,OKX_GLOBAL_ACCOUNT_RATIO,1.2,0.545454545455,0.454545454545,OKX_GLOBAL_ACCOUNT_RATIO,,,,,PRICE_UP_OI_DOWN,PRICE_UP_OI_DOWN,PASS,PASS,-0.279260048903,0.358924121896,0.609560474816,0.638184170799,-0.321781862204,1.22977555072,-0.205426551642,0.616177093861,0.836012861736,0.821603645503,1.19605503653,5.43513173009,-0.73405965959,-0.518168118558,0.223713646532,0.215891541032,1.04586270775,1.03086277107,1.43039134872,0.152523121856,-1.25944584383,-1.27786822687,-2.82858395027,6.59511224652,,,,,,
2026-08-26T11:00:00Z,2026-08-26T13:00:00+02:00,2026-08-27T02:00:00Z,78727.46,78782,78317,78487.26,413.44093,32467808.9019,144198,199.88935,15698362.5209,16769446.381,0.483505448993,-0.305090537036,0.593740822555,2468.97,2473.25,2456.32,2463.09,6721.3461,16573483.7508,102263,2933.4908,7233374.64851,9340109.10229,0.436442618659,-0.237751927937,0.689242443981,0.03136,0.03141,0.03134,0.03138,0.0637755102041,0.22335673261,0.0313820357597,-0.648702239873,2919746.69,29197.4669,-0.0626100457039,OKX_CONTRACT_OI_HISTORY,6229065.3,622906.53,-0.720037236433,OKX_CONTRACT_OI_HISTORY,1.1,0.52380952381,0.47619047619,OKX_GLOBAL_ACCOUNT_RATIO,1.19,0.543378995434,0.456621004566,OKX_GLOBAL_ACCOUNT_RATIO,,,,,PRICE_DOWN_OI_DOWN,PRICE_DOWN_OI_DOWN,PASS,PASS,-0.5553334053,0.0532135284225,0.641436818473,0.608546933722,-0.434642875957,0.730435155527,-0.0660562364192,0.837208921495,0.900321543408,0.903265157914,0.794586051951,3.64778713978,-0.797201748932,-0.598084676199,0.191570881226,0.199117072733,1.00434391645,0.0770054681429,0.0555940474468,-1.24650185632,-1.32075471698,-1.30209590377,-2.39653605741,6.88475295237,,,,,,
2026-08-26T12:00:00Z,2026-08-26T14:00:00+02:00,2026-08-27T14:00:00Z,78487.26,78713.79,77918.25,78319.59,1022.94925,80126099.0454,270220,470.75449,36882408.728,43243690.3174,0.460304559531,-0.213627026858,1.02099315629,2463.09,2472.05,2443.76,2455.01,12480.7434,30689048.0234,176472,5465.6568,13442918.8043,17246129.2191,0.438036357271,-0.328043230251,1.15764232167,0.03139,0.03143,0.0313,0.03135,-0.127429117553,0.415335463259,0.0313460527564,1.25924741651,2915745.28,29157.4528,-0.137046477823,OKX_CONTRACT_OI_HISTORY,6117043.49,611704.349,-1.79837270288,OKX_CONTRACT_OI_HISTORY,1.1,0.52380952381,0.47619047619,OKX_GLOBAL_ACCOUNT_RATIO,1.2,0.545454545455,0.454545454545,OKX_GLOBAL_ACCOUNT_RATIO,,,,,UNAVAILABLE,UNAVAILABLE,PASS,PASS,-0.492963893317,-0.0521111106587,0.384245917387,0.440852782658,-0.799915799125,-1.11778381444,-0.397040433646,0.358509385833,0.739074550129,0.755549819479,-0.27030271955,0.877029410585,-0.836173714865,-0.747523751769,0.0638365783594,0.0886499630958,1.03603976533,-1.79426541604,-1.06164743073,-2.28971479061,-1.22873345936,-1.22806735988,-1.62269855197,4.89999573115,,,,,,
2026-08-26T13:00:00Z,2026-08-26T15:00:00+02:00,2026-08-27T14:00:00Z,78319.58,78554,77913.19,78448.66,943.22287,73800842.8668,360394,436.08626,34128227.8768,39672614.99,0.462436830679,0.164799126247,0.82246664525,2455.01,2462.76,2437.11,2457.3,17671.007,43289872.5038,244896,9205.7051,22561714.7681,20728157.7357,0.521177667274,0.0932786424495,1.05247608848,0.03134,0.03138,0.03126,0.03132,-0.0956937799043,0.383877159309,0.0313236707931,-1.17189109999,2895310.77,28953.1077,-0.700833167429,OKX_CONTRACT_OI_HISTORY,6251164.79,625116.479,2.19258372479,OKX_CONTRACT_OI_HISTORY,1.1,0.52380952381,0.47619047619,OKX_GLOBAL_ACCOUNT_RATIO,1.22,0.54954954955,0.45045045045,OKX_GLOBAL_ACCOUNT_RATIO,,,,,PRICE_UP_OI_DOWN,PRICE_UP_OI_UP,PASS,PASS,0.00531586093555,0.385232875929,0.352451137456,0.379917014993,-1.9570751772,-1.41271274869,-0.464974174375,0.0533389793933,0.513478818999,0.518313153768,-1.30028591619,3.40023716918,-0.253445765111,-0.139389530749,0.0958772770853,0.114056234362,0.65243343952,-0.205816764507,-0.189992135931,-1.46481516382,-1.29215253703,-1.27482302789,-1.09691121095,6.69983238805,,,,,,
2026-08-26T14:00:00Z,2026-08-26T16:00:00+02:00,2026-08-27T14:00:00Z,78448.66,78603.41,77774,77790.48,1051.14695,82136106.3457,320531,433.93689,33936808.7347,48199297.611,0.413177714949,-0.838994573011,1.06643608404,2457.3,2462.14,2438.41,2439.38,12836.8844,31468163.7587,149991,5776.3976,14160303.1322,17307860.6265,0.449988224314,-0.729255687136,0.973175142818,0.03134,0.0314,0.03129,0.03135,0.095785440613,0.35155001598,0.0313583358786,-2.65826562487,2916346.3,29163.463,0.726537897692,OKX_CONTRACT_OI_HISTORY,6260976.73,626097.673,0.156961787597,OKX_CONTRACT_OI_HISTORY,1.1,0.52380952381,0.47619047619,OKX_GLOBAL_ACCOUNT_RATIO,1.25,0.555555555556,0.444444444444,OKX_GLOBAL_ACCOUNT_RATIO,,,,,PRICE_DOWN_OI_UP,PRICE_DOWN_OI_UP,PASS,PASS,-1.19014397138,-1.19807530296,-0.031887755102,-0.00793133157674,-0.178998944299,-0.211427127284,-1.66546999039,-1.04778091927,0.577478344562,0.61768907112,-0.649786682845,2.66963256248,-1.82430988746,-1.51519433488,0.287907869482,0.309115552587,0.704576221891,0.905575383345,-2.16377825838,-3.05147526389,-0.916561314791,-0.887697005512,-0.768685962189,6.76420622367,,,,,,
2026-08-26T15:00:00Z,2026-08-26T17:00:00+02:00,2026-08-27T14:00:00Z,77790.48,78167.26,77632.58,78011.65,712.24119,55494172.8618,238396,356.94528,27814682.8153,27679490.0465,0.501218080762,0.284314995871,0.688731457849,2439.38,2455.38,2432.32,2449.85,16157.0715,39492806.2555,157167,8320.3976,20337134.502,19155671.7535,0.514957948809,0.429207421558,0.948066043942,0.03136,0.03142,0.03131,0.0314,0.159489633174,0.351325455126,0.0314036429174,-1.16003020593,2915848.54,29158.4854,-0.0170679318843,OKX_CONTRACT_OI_HISTORY,6223197.9,622319.79,-0.603401539874,OKX_CONTRACT_OI_HISTORY,1.09,0.521531100478,0.478468899522,OKX_GLOBAL_ACCOUNT_RATIO,1.25,0.555555555556,0.444444444444,OKX_GLOBAL_ACCOUNT_RATIO,,,,,PRICE_UP_OI_DOWN,PRICE_UP_OI_DOWN,PASS,PASS,-0.605970956306,-0.537536184224,0.06373486297,0.0684347720816,-0.133509869652,-0.0941939073909,-1.36172561868,-0.637580762258,0.705580500321,0.724144856422,-0.75875269967,1.2465130243,-1.87461927063,-1.33030996262,0.512163892446,0.544309308008,0.815630094408,1.84195188107,-1.37592902959,-1.53296436079,-0.158982511924,-0.157035331197,-0.153866911162,4.48761548417,,,,,,
2026-08-26T16:00:00Z,2026-08-26T18:00:00+02:00,2026-08-27T14:00:00Z,78011.64,78161.73,77858,77991.3,600.54786,46858312.9487,165923,316.08281,24663148.2945,22195164.6541,0.526334533673,-0.0260858474343,0.390107631843,2449.85,2455.36,2438.1,2444.64,8549.4407,20927862.4973,81812,3546.6238,8680542.18043,12247320.3168,0.414783983867,-0.212666081597,0.707928304828,0.03139,0.03142,0.03129,0.03135,-0.15923566879,0.415468200703,0.0313450346385,1.58409827214,2948559.02,29485.5902,1.12181684169,OKX_CONTRACT_OI_HISTORY,6259667.62,625966.762,0.586028607575,OKX_CONTRACT_OI_HISTORY,1.08,0.519230769231,0.480769230769,OKX_GLOBAL_ACCOUNT_RATIO,1.23,0.551569506726,0.448430493274,OKX_GLOBAL_ACCOUNT_RATIO,5.65958949127e-05,OKX_FUNDING_HISTORY,8.98800248376e-05,OKX_FUNDING_HISTORY,PRICE_DOWN_OI_UP,PRICE_DOWN_OI_UP,PASS,PASS,-0.419167158561,-0.422401538079,0,-0.00323437951781,1.12539803203,2.3315860061,-1.05891457133,-0.499002808417,0.545221295702,0.559911762917,0.124848449805,1.83303303357,-1.47142314634,-1.05396085288,0.416399743754,0.417462293455,2.32325283749,3.08386044946,-1.33628345453,-1.3633630968,0,-0.0270796422731,0.243477813404,5.79101440036,,,,,,
2026-08-26T17:00:00Z,2026-08-26T19:00:00+02:00,2026-08-27T14:00:00Z,77991.29,78603,77991.29,78442.83,585.12324,45853184.7151,162916,308.18009,24150473.8998,21702710.8152,0.526691309445,0.578949190487,0.784331173391,2444.65,2467.03,2443.8,2460.84,10313.2664,25356132.5059,119762,4993.4285,12274032.3835,13082100.1224,0.484065635035,0.662674258787,0.950568786316,0.03135,0.03139,0.03131,0.03137,0.0637958532695,0.25550942191,0.0313711272273,-0.359319988297,2910353.64,29103.5364,-1.29573054977,OKX_CONTRACT_OI_HISTORY,6242595.45,624259.545,-0.272732851589,OKX_CONTRACT_OI_HISTORY,1.09,0.521531100478,0.478468899522,OKX_GLOBAL_ACCOUNT_RATIO,1.2,0.545454545455,0.454545454545,OKX_GLOBAL_ACCOUNT_RATIO,,,,,PRICE_UP_OI_DOWN,PRICE_UP_OI_DOWN,PASS,PASS,-0.00743161196125,0.144060554267,0.159642401022,0.151492166228,0.519559770781,-0.137083892169,-0.813228842837,-0.16552261331,0.641642605069,0.647706229527,-0.626851259419,1.13822384132,-1.00603217996,-0.412378643723,0.60936497755,0.593653536232,1.79034632664,3.04794113758,-0.404146003981,-0.32928711163,0.0957243139758,0.0748588923516,-0.559632610644,3.61430016878,,,,,,
2026-08-26T18:00:00Z,2026-08-26T20:00:00+02:00,2026-08-27T14:00:00Z,78442.84,78650.26,78280.01,78472.41,337.24489,26466240.3899,124570,164.82939,12935120.7271,13531119.6628,0.488740392913,0.0377089913763,0.472981544075,2460.84,2474.34,2458.85,2472.69,8857.6172,21853784.7909,91544,4918.632,12135447.9065,9718336.88442,0.55530188581,0.481542887794,0.629969294589,0.03137,0.03153,0.03136,0.03151,0.446286260759,0.542091836735,0.031510310439,-0.098519830628,2908903.26,29089.0326,-0.0498351808545,OKX_CONTRACT_OI_HISTORY,6248712.88,624871.288,0.0979949773936,OKX_CONTRACT_OI_HISTORY,1.09,0.521531100478,0.478468899522,OKX_GLOBAL_ACCOUNT_RATIO,1.18,0.54128440367,0.45871559633,OKX_GLOBAL_ACCOUNT_RATIO,,,,,PRICE_UP_OI_DOWN,PRICE_UP_OI_UP,PASS,PASS,0.876623977638,1.36551090851,0.510366826156,0.488886930871,-0.255217976,-0.195877584742,-0.602308458538,0.510542125823,1.09079242862,1.11285058436,-0.754146183749,0.817881136255,-0.828518350015,0.212771131213,1.05837075048,1.04128948123,2.15131251823,3.16174793318,-0.577663159055,-0.0464864340459,0.510366826156,0.531176725009,-1.22074270529,4.61880061217,,,,,,
2026-08-26T19:00:00Z,2026-08-26T21:00:00+02:00,2026-08-27T14:00:00Z,78472.41,78572,78292,78475.49,466.85134,36621232.7097,109473,267.17741,20958730.9,15662501.8098,0.572310906792,0.00392494636012,0.357635518316,2472.69,2483.52,2468,2470.79,13772.9042,34076962.2711,120281,7449.0883,18431363.6761,15645598.595,0.540874609933,-0.076839393535,0.628849270665,0.03151,0.0316,0.03148,0.03149,-0.0634719136782,0.381194409149,0.0314848623436,1.63178618984,2895171.59,28951.7159,-0.472056605966,OKX_CONTRACT_OI_HISTORY,6224666.06,622466.606,-0.384828371247,OKX_CONTRACT_OI_HISTORY,1.09,0.521531100478,0.478468899522,OKX_GLOBAL_ACCOUNT_RATIO,1.2,0.545454545455,0.454545454545,OKX_GLOBAL_ACCOUNT_RATIO,,,,,PRICE_UP_OI_DOWN,PRICE_DOWN_OI_DOWN,PASS,PASS,0.594577861127,0.854746208952,0.286624203822,0.260168347824,-0.709122909381,0.0235917292619,-0.570246191475,0.365995336708,0.994227068634,0.936241528182,-1.27267057755,0.65929488998,-0.570737507753,0.299177566148,0.897148349888,0.8699150739,2.13844087089,2.38534970049,-0.358706417126,-0.0246823662701,0.38253108065,0.334024050856,-1.21661840347,4.17173376377,,,,,,
2026-08-26T20:00:00Z,2026-08-26T22:00:00+02:00,2026-08-27T14:00:00Z,78475.49,78521.7,78200,78452.04,322.22426,25261198.9982,97769,179.41229,14065252.904,11195946.0942,0.556792767634,-0.0298819414826,0.411381074169,2470.79,2474.49,2460.29,2472.27,10682.7156,26371651.0386,86523,5000.4963,12344263.57,14027387.4685,0.468088385971,0.059899870082,0.577167732259,0.0315,0.03151,0.03146,0.03151,0.0635122261035,0.158931977114,0.0315131384729,-0.995925202345,2893488.08,28934.8808,-0.0581488850545,OKX_CONTRACT_OI_HISTORY,6184390.06,618439.006,-0.647038726444,OKX_CONTRACT_OI_HISTORY,1.09,0.521531100478,0.478468899522,OKX_GLOBAL_ACCOUNT_RATIO,1.19,0.543378995434,0.456621004566,OKX_GLOBAL_ACCOUNT_RATIO,,,,,PRICE_DOWN_OI_DOWN,PRICE_UP_OI_DOWN,PASS,PASS,0.590758199953,1.1302277636,0.510366826156,0.539469563644,-1.86772384838,-1.20258078495,-0.324682791075,0.65057464713,0.896573807237,0.975257438206,-1.5571548245,-0.0291242185132,0.314438267179,1.47058823529,1.09079242862,1.15614996811,2.68660495399,1.3599337515,-0.608483241278,-0.116760128638,0.510366826156,0.49172311264,-1.42819399304,3.76741490883,,,,,,
2026-08-26T21:00:00Z,2026-08-26T23:00:00+02:00,2026-08-27T14:00:00Z,78452.04,78845.06,78392.19,78724.01,428.48439,33716144.9452,162670,236.115,18579053.5268,15137091.4184,0.551043233352,0.346670398883,0.57769785485,2472.27,2505,2470.56,2496.82,20590.6791,51323814.1501,166653,12185.7785,30370297.3217,20953516.8284,0.591738899858,0.993014517023,1.39401593161,0.03152,0.03179,0.03151,0.03171,0.634719136782,0.888606791495,0.0317161181195,-1.92902532021,2892816.48,28928.1648,-0.0232107401666,OKX_CONTRACT_OI_HISTORY,6088540.02,608854.002,-1.54987054617,OKX_CONTRACT_OI_HISTORY,1.1,0.52380952381,0.47619047619,OKX_GLOBAL_ACCOUNT_RATIO,1.18,0.54128440367,0.45871559633,OKX_GLOBAL_ACCOUNT_RATIO,,,,,PRICE_UP_OI_DOWN,PRICE_UP_OI_DOWN,PASS,PASS,0.358452136416,1.46210237155,1.08383806184,1.10365023513,-0.602578317596,-2.46781056427,0.356328404965,1.99969769636,1.6020506248,1.6433692914,-2.04153847195,-3.97747234994,0.196016291205,2.25367455842,2.05986482137,2.05765826721,0.500591399949,2.32946878387,-0.329458171587,0.533910998728,0.858778625954,0.863369170315,-1.44923074882,2.53348531575,,,,,,
2026-08-26T22:00:00Z,2026-08-27T00:00:00+02:00,2026-08-28T00:00:00Z,78724,78975.85,78554,78700,931.26213,73316447.1794,177288,450.85342,35488170.7301,37828276.4494,0.484041058935,-0.0304862557797,0.537019120605,2496.82,2515.38,2489.49,2493.73,13587.5517,34014314.1017,157522,7732.3735,19363248.1535,14651065.9482,0.569267635254,-0.123757419438,1.03997204247,0.03171,0.03186,0.03169,0.03169,-0.0630715862504,0.536446828653,0.0316865311309,1.09474562202,2889852.36,28898.5236,-0.102464847684,OKX_CONTRACT_OI_HISTORY,5997523.49,599752.349,-1.49488267632,OKX_CONTRACT_OI_HISTORY,1.14,0.532710280374,0.467289719626,OKX_GLOBAL_ACCOUNT_RATIO,1.16,0.537037037037,0.462962962963,OKX_GLOBAL_ACCOUNT_RATIO,,,,,UNAVAILABLE,UNAVAILABLE,PASS,PASS,0.290025500682,0.850895178935,0.571247223104,0.560869678252,-0.654916932507,-4.01985808636,-0.0348671270313,1.00325643186,1.05229591837,1.03812355889,-1.08583624709,-4.41039223641,-0.240222052336,1.62561536204,1.89710610932,1.86583741438,0.0972315903162,0.78502886582,-0.0508001016002,0.786901942399,0.859325270528,0.837702043999,-1.29962351328,1.14777389539,,,,,,
2026-08-26T23:00:00Z,2026-08-27T01:00:00+02:00,2026-08-28T00:00:00Z,78700,79174.12,78654,79023.75,697.0881,55036509.1364,188697,376.16814,29697911.6964,25338597.44,0.539603840476,0.411372299873,0.661275968164,2493.72,2512.69,2488.33,2506.78,12579.7871,31465562.8078,114962,7087.4357,17729583.5033,13735979.3045,0.563459920028,0.523312467669,0.978969831172,0.03169,0.03174,0.03163,0.03172,0.0946670874093,0.347771103383,0.0317218557712,-0.585013443544,2906846.46,29068.4646,0.588061183859,OKX_CONTRACT_OI_HISTORY,6077142.97,607714.297,1.32753927738,OKX_CONTRACT_OI_HISTORY,1.13,0.530516431925,0.469483568075,OKX_GLOBAL_ACCOUNT_RATIO,1.16,0.537037037037,0.462962962963,OKX_GLOBAL_ACCOUNT_RATIO,,,,,PRICE_UP_OI_UP,PRICE_UP_OI_UP,PASS,PASS,0.69863851758,1.45661913801,0.730390600191,0.757980620428,0.403253128081,-2.36997597265,0.68353768497,1.77378820912,1.08349267049,1.09025052415,-0.441827027125,-2.43892659144,0.617029929281,2.62584744375,1.99356913183,2.00881751447,0.349248328895,1.11989369779,0.0392441078453,0.985775346351,0.922685332485,0.946531238505,-1.0232260195,1.58390454423,,,,,,
2026-08-27T00:00:00Z,2026-08-27T02:00:00+02:00,2026-08-28T00:00:00Z,79023.75,79028.49,78690.01,78690.01,527.82725,41623333.18,143223,276.48523,21801237.7914,19822095.3887,0.523774434331,-0.422328730287,0.430143546811,2506.78,2510.64,2492,2492.01,10038.4023,25105921.4182,118549,5053.6409,12637409.7083,12468511.7099,0.503363708418,-0.589202083948,0.747993579454,0.03172,0.03179,0.03164,0.03168,-0.126103404792,0.474083438685,0.0316686959374,3.56947524287,2921535.85,29215.3585,0.505337664102,OKX_CONTRACT_OI_HISTORY,6128853.84,612885.384,0.850907577052,OKX_CONTRACT_OI_HISTORY,1.11,0.526066350711,0.473933649289,OKX_GLOBAL_ACCOUNT_RATIO,1.11,0.526066350711,0.473933649289,OKX_GLOBAL_ACCOUNT_RATIO,4.42104724114e-05,OKX_FUNDING_HISTORY,7.12565076267e-05,OKX_FUNDING_HISTORY,PRICE_DOWN_OI_UP,PRICE_DOWN_OI_UP,PASS,PASS,0.303331819032,0.798456479268,0.539511266265,0.495124660236,0.969341128234,-0.898006423612,0.472959574993,1.50712217058,1.05263157895,1.03416259559,0.198596566021,0.1930728467,0.0740413005986,1.87103473085,1.79948586118,1.79699343025,-0.0722429654476,1.07179556293,-1.3167546171,-0.0641640031922,1.27877237852,1.25259061391,0.326697699716,2.29540063102,1.30087088614,1.09122919464,-0.189035916824,-0.209641691501,-0.869539403321,5.6047995409
2026-08-27T01:00:00Z,2026-08-27T03:00:00+02:00,2026-08-28T00:00:00Z,78690.02,79017.99,78546.13,78898.67,520.71745,41009933.2197,177349,195.56998,15407765.5258,25602167.6938,0.375708134986,0.265167077752,0.600742519078,2492,2506.15,2487.03,2497.87,10271.3186,25662013.2186,151808,5434.6014,13579517.7997,12082495.4189,0.529168061914,0.235151544336,0.768788474606,0.03167,0.03173,0.03162,0.03166,-0.0631313131313,0.347881087919,0.0316592155482,0.247779908482,2896650.99,28966.5099,-0.851773220582,OKX_CONTRACT_OI_HISTORY,6298815.54,629881.554,2.77314004277,OKX_CONTRACT_OI_HISTORY,1.11,0.526066350711,0.473933649289,OKX_GLOBAL_ACCOUNT_RATIO,1.1,0.52380952381,0.47619047619,OKX_GLOBAL_ACCOUNT_RATIO,,,,,PRICE_UP_OI_DOWN,PRICE_UP_OI_UP,PASS,PASS,0.221863698254,0.0420534920419,-0.157678965626,-0.179810206212,0.132552826165,3.45362795201,0.573636311952,1.65099906401,1.08556832695,1.07736275206,0.0462893314903,0.762269938496,0.105994876872,1.70521866946,1.60462130937,1.59922379259,-1.25459847835,4.18842609345,-1.16416545573,0.0753208145866,1.24720179085,1.23948627032,-1.87914657132,3.91828993719,2.56957363359,2.81839137236,0.25332488917,0.24881773877,-2.31157053685,8.26857520402
2026-08-27T02:00:00Z,2026-08-27T04:00:00+02:00,2026-08-28T00:00:00Z,78898.68,78978,78704.62,78717.76,429.02181,33792927.4222,112974,103.7905,8178870.01781,25614057.4043,0.242029046955,-0.229294105972,0.347349367801,2497.87,2504.95,2493.12,2494.73,4827.1326,12060648.143,65137,2336.5527,5838216.25165,6222431.89136,0.484071517751,-0.125707102451,0.474505840072,0.03166,0.03174,0.03166,0.03169,0.0947567909034,0.252684775742,0.0316920857504,-0.658129737487,2892914.89,28929.1489,-0.128979984572,OKX_CONTRACT_OI_HISTORY,6377036.55,637703.655,1.24183681048,OKX_CONTRACT_OI_HISTORY,1.11,0.526066350711,0.473933649289,OKX_GLOBAL_ACCOUNT_RATIO,1.09,0.521531100478,0.478468899522,OKX_GLOBAL_ACCOUNT_RATIO,,,,,PRICE_DOWN_OI_DOWN,PRICE_DOWN_OI_UP,PASS,PASS,0.0225667090216,0.0401005722352,0,0.0175338632136,0.105975310102,6.32782948883,1.19202246856,2.269019177,1.08452950558,1.07699670844,-0.803450879616,1.85370150705,-0.493300298326,1.19746390774,1.66827077318,1.69076420607,-1.44801684564,4.57282108858,-2.39538606687,-0.516810291543,1.92988099067,1.87857577532,0.999377922585,7.36184161168,1.59923973934,2.08488489144,0.443740095087,0.485645152099,-3.19330542972,9.32055504455
2026-08-27T03:00:00Z,2026-08-27T05:00:00+02:00,2026-08-28T00:00:00Z,78717.76,78990,78643.23,78830.68,357.29079,28153241.9322,117813,138.0677,10882914.1955,17270327.7368,0.386559893232,0.143449203839,0.440940688728,2494.73,2499.03,2489.2,2492.89,7708.3983,19221640.9957,78890,3081.5016,7685976.41255,11535664.5831,0.399860574562,-0.0737554765446,0.394905993894,0.03169,0.0317,0.03156,0.03162,-0.220889870622,0.443599493029,0.0316233476611,-1.05860427055,2897916.31,28979.1631,0.172885141464,OKX_CONTRACT_OI_HISTORY,6423674.4,642367.44,0.731340484476,OKX_CONTRACT_OI_HISTORY,1.11,0.526066350711,0.473933649289,OKX_GLOBAL_ACCOUNT_RATIO,1.1,0.52380952381,0.47619047619,OKX_GLOBAL_ACCOUNT_RATIO,,,,,PRICE_UP_OI_UP,PRICE_DOWN_OI_UP,PASS,PASS,-0.244318954745,-0.554097288155,-0.31525851198,-0.30977833341,-0.307210928506,5.70220960262,1.04988165229,1.75684225565,0.700636942675,0.706960603357,-0.614991819843,3.22143861117,-0.326140473813,1.10806020515,1.41116100064,1.43420067896,-1.36907825248,4.50810728733,-2.05910172211,-0.256072724654,1.80296200901,1.80302899745,0.315885082793,8.11695976631,2.46663916222,2.56105387881,0.0949667616334,0.0944147165919,-3.75681764647,9.66340192323
2026-08-27T04:00:00Z,2026-08-27T06:00:00+02:00,2026-08-28T00:00:00Z,78830.68,78900,78684.18,78783.99,181.61392,14309854.186,91731,77.98245,6143894.63663,8165959.54938,0.429347116803,-0.0592282091186,0.274286394038,2492.89,2495.75,2484.24,2487.38,6271.1001,15612786.448,67050,2161.2583,5380316.29813,10232470.1498,0.344609613157,-0.221028605354,0.46332077416,0.03162,0.03164,0.03157,0.03158,-0.126502213789,0.221729490022,0.0315721506362,2.48616697087,2886990.79,28869.9079,-0.377012957976,OKX_CONTRACT_OI_HISTORY,6391797.07,639179.707,-0.496247599349,OKX_CONTRACT_OI_HISTORY,1.11,0.526066350711,0.473933649289,OKX_GLOBAL_ACCOUNT_RATIO,1.11,0.526066350711,0.473933649289,OKX_GLOBAL_ACCOUNT_RATIO,,,,,PRICE_DOWN_OI_DOWN,PRICE_DOWN_OI_DOWN,PASS,PASS,0.119430662164,-0.185793796975,-0.315656565657,-0.305224459139,-1.18242807118,4.29025127478,1.01638259652,1.74831468028,0.7336523126,0.73193208376,-2.08807860322,2.1108061645,-0.053294598229,1.24058773251,1.28287363695,1.29388233074,-1.96583708718,3.98253097234,-1.96573752861,-0.30501124253,1.73969072165,1.66072628608,-0.421144708502,4.93623162419,2.4533326467,2.02208295052,-0.409965310628,-0.431249696186,-4.77768364654,9.54703254755
2026-08-27T05:00:00Z,2026-08-27T07:00:00+02:00,2026-08-28T00:00:00Z,78783.99,78928,78600,78912.55,297.32854,23409213.466,92406,109.8449,8650138.4037,14759075.0623,0.369518540906,0.163180361898,0.417302798982,2487.39,2497.94,2481.74,2496.63,6463.0769,16093596.0055,77022,3161.2756,7872511.72034,8221084.28512,0.489170457471,0.371877236289,0.652767816129,0.03158,0.03165,0.03157,0.03164,0.189993666878,0.253405131454,0.0316379333832,0.653208525092,2884228.28,28842.2828,-0.0956882165876,OKX_CONTRACT_OI_HISTORY,6332156.87,633215.687,-0.933074053304,OKX_CONTRACT_OI_HISTORY,1.11,0.526066350711,0.473933649289,OKX_GLOBAL_ACCOUNT_RATIO,1.11,0.526066350711,0.473933649289,OKX_GLOBAL_ACCOUNT_RATIO,,,,,PRICE_UP_OI_DOWN,PRICE_UP_OI_DOWN,PASS,PASS,0.017592185014,-0.0496422952355,-0.0631711939356,-0.0672344802496,-0.428864576467,0.529326978831,0.598805524992,1.45438143073,0.860694931463,0.855575905739,-0.897669604165,1.43468242844,-0.219292977086,1.28645148727,1.50786012191,1.50574446436,-1.51889381037,2.58923616721,-2.25357015009,-0.482315753389,1.83456710653,1.7712543967,-0.639221287565,4.74276179736,2.2853709815,1.94820573967,-0.315059861374,-0.337165241825,-4.33544259419,8.63488391343
2026-08-27T06:00:00Z,2026-08-27T08:00:00+02:00,2026-08-28T00:00:00Z,78912.54,78912.55,78604.78,78817.49,399.15003,31421828.556,109896,180.91549,14240468.5314,17181360.0245,0.453203049786,-0.120462461294,0.39154107422,2496.63,2496.63,2484.2,2493.11,4673.3062,11627833.4011,61023,1786.1855,4443997.3217,7183836.07943,0.382186187951,-0.140990054594,0.500362289671,0.03164,0.03164,0.03157,0.03162,-0.063211125158,0.221729490022,0.031631431044,-3.61382450032,2868826.64,28688.2664,-0.53399518016,OKX_CONTRACT_OI_HISTORY,6349743.71,634974.371,0.277738539349,OKX_CONTRACT_OI_HISTORY,1.12,0.528301886792,0.471698113208,OKX_GLOBAL_ACCOUNT_RATIO,1.13,0.530516431925,0.469483568075,OKX_GLOBAL_ACCOUNT_RATIO,,,,,PRICE_DOWN_OI_DOWN,PRICE_DOWN_OI_UP,PASS,PASS,0.12669313761,-0.0649368869577,-0.220889870622,-0.191630024567,-0.832663625303,-0.427986256406,0.439746912322,0.825821271571,0.34909552523,0.386074359248,-1.37772268164,1.6168262479,-0.165210179065,1.34057956287,1.44369586141,1.50578974193,-2.12147882236,2.44793110105,-2.18010529191,-0.310690636896,1.86855670103,1.86941465502,-1.73077362782,4.47288142504,1.74681688979,1.49033177285,-0.283822138127,-0.256485116939,-4.68019834003,9.13453030615
2026-08-27T07:00:00Z,2026-08-27T09:00:00+02:00,2026-08-28T00:00:00Z,78817.5,79095.99,78754,79082.17,345.94116,27291199.0695,90907,157.59858,12433665.0365,14857534.033,0.45559247891,0.335813789554,0.434250958681,2493.11,2499,2488.86,2497.16,6268.2625,15626367.3996,72178,2455.7045,6122547.48448,9503819.91509,0.391808750423,0.162447705877,0.407415443215,0.03163,0.03164,0.03158,0.03158,-0.126502213789,0.189993666878,0.0315767764086,1.02087411299,2887683.99,28876.8399,0.65731925858,OKX_CONTRACT_OI_HISTORY,6367985.94,636798.594,0.287290807836,OKX_CONTRACT_OI_HISTORY,1.1,0.52380952381,0.47619047619,OKX_GLOBAL_ACCOUNT_RATIO,1.12,0.528301886792,0.471698113208,OKX_GLOBAL_ACCOUNT_RATIO,,,,,PRICE_UP_OI_UP,PRICE_UP_OI_UP,PASS,PASS,0.319025536758,0.171287140628,-0.126502213789,-0.14773839613,-0.353092322394,-0.866925322367,0.773082143227,1.06726998248,0.285805017466,0.294187839248,-0.258623703889,2.30245090449,0.198427480274,1.43717147755,1.28287363695,1.23874399727,-1.52800285365,2.97692573563,-0.782402382562,0.734991568977,1.51076824172,1.51739395154,-0.0310854954046,6.2000857661,2.29606187785,1.73222957338,-0.535433070866,-0.563832304468,-3.99383441309,9.40850913054
2026-08-27T08:00:00Z,2026-08-27T10:00:00+02:00,2026-08-28T00:00:00Z,79082.18,80022,79048,79755.99,1705.62217,135896227.127,358346,884.24818,70443267.4045,65452959.7225,0.518360729313,0.852050468519,1.23216273657,2497.17,2546.84,2497.05,2531.05,40310.6579,101802501.994,307890,23765.8842,60017690.7064,41784811.2877,0.589550252015,1.35714171299,1.99395286438,0.03158,0.03188,0.03158,0.03174,0.506649778341,0.949968334389,0.0317349204743,1.60061081369,2867874.5,28678.745,-0.685999232208,OKX_CONTRACT_OI_HISTORY,6416976.79,641697.679,0.769330373239,OKX_CONTRACT_OI_HISTORY,1.06,0.514563106796,0.485436893204,OKX_GLOBAL_ACCOUNT_RATIO,1.02,0.50495049505,0.49504950495,OKX_GLOBAL_ACCOUNT_RATIO,4.18527563912e-05,OKX_FUNDING_HISTORY,8.92326527737e-05,OKX_FUNDING_HISTORY,PRICE_UP_OI_DOWN,PRICE_UP_OI_UP,PASS,PASS,1.2337532029,1.75566258473,0.506649778341,0.521909381824,-0.662152787817,0.393938038462,1.66209827048,2.37757202895,0.729927007299,0.71547375846,-0.885214636861,3.76086772897,1.33201893235,3.04361455691,1.6330451489,1.71159562456,-2.42858529894,3.73064818712,-0.218664226555,1.8604969374,2.09070440656,2.07916116396,-1.2193036963,5.57006924875,3.52345301823,3.10447931433,-0.345368916798,-0.418973703891,-4.42695042663,10.0612909311
2026-08-27T09:00:00Z,2026-08-27T11:00:00+02:00,2026-08-28T00:00:00Z,79756,80520,79683.09,79986,1131.87984,90693075.6164,309104,505.85634,40543886.9192,50149188.6973,0.447045010257,0.288392132052,1.05029812473,2531.05,2566.53,2525.45,2534.94,31437.4402,80030217.2949,295594,17283.5685,43987287.5879,36042929.707,0.549633489383,0.153691155844,1.62664079669,0.03174,0.03189,0.03166,0.03169,-0.157529930687,0.726468730259,0.0316922961518,-0.724514189683,2848367,28483.67,-0.680207589279,OKX_CONTRACT_OI_HISTORY,6319009.74,631900.974,-1.52668543468,OKX_CONTRACT_OI_HISTORY,1.05,0.512195121951,0.487804878049,OKX_GLOBAL_ACCOUNT_RATIO,1.04,0.509803921569,0.490196078431,OKX_GLOBAL_ACCOUNT_RATIO,,,,,PRICE_UP_OI_DOWN,PRICE_UP_OI_DOWN,PASS,PASS,1.36030327242,1.53446846349,0.158027812895,0.174165191069,-1.24335789399,-0.207624831,1.60305604351,1.52674201584,-0.0630715862504,-0.0763140276679,-1.53654683273,3.78530352503,1.96509659251,3.55696993713,1.53796859981,1.59187334462,-3.54671610994,-0.342728225978,1.00874888871,2.43547624532,1.4404609475,1.42672735661,-1.36711868387,2.88996762081,3.1357731276,2.91748542475,-0.251809883538,-0.218287702851,-4.44160267903,7.34660607716
2026-08-27T10:00:00Z,2026-08-27T12:00:00+02:00,2026-08-28T00:00:00Z,79986,80158.15,79342,79626,684.67175,54584954.7493,257610,278.50705,22203660.0661,32381294.6832,0.406772528585,-0.450078763784,1.02864813088,2534.94,2539.98,2486.97,2503.6,29729.6134,74672257.1564,285548,14578.3287,36605601.6015,38066655.5549,0.490216889049,-1.23632117525,2.13150942713,0.03169,0.0317,0.0313,0.03144,-0.788892395077,1.27795527157,0.0314419913094,-0.633328007668,2789154.63,27891.5463,-2.07881814387,OKX_CONTRACT_OI_HISTORY,6089889.07,608988.907,-3.62589518655,OKX_CONTRACT_OI_HISTORY,1.05,0.512195121951,0.487804878049,OKX_GLOBAL_ACCOUNT_RATIO,1.15,0.53488372093,0.46511627907,OKX_GLOBAL_ACCOUNT_RATIO,,,,,PRICE_DOWN_OI_DOWN,PRICE_DOWN_OI_DOWN,PASS,PASS,1.02580023799,0.420759613495,-0.569259962049,-0.605040624498,-2.77716362812,-4.09236422552,1.17662007624,0.395792647961,-0.788892395077,-0.780827428278,-3.48452853142,1.54006199649,1.14134269559,1.40301989502,0.255102040816,0.261677199426,-4.53252850468,-2.93825301465,0.398904899695,0.877581774665,0.479386385427,0.47867687497,-3.53406982227,-1.93767960002,2.58805971149,1.55768294662,-1.00755667506,-1.03037676487,-7.23290608112,3.46307814747
2026-08-27T11:00:00Z,2026-08-27T13:00:00+02:00,2026-08-28T00:00:00Z,79625.99,79766.3,79172.65,79477.67,621.11446,49375138.5188,199214,282.5508,22466242.4772,26908896.0415,0.45501122936,-0.186283374777,0.74981701383,2503.6,2510.18,2492.56,2501.73,11345.0037,28400780.7284,129514,4191.4559,10494399.1549,17906381.5736,0.369510938985,-0.0746924428822,0.706903745547,0.03144,0.03152,0.03144,0.03148,0.127226463104,0.254452926209,0.0314771432026,0.907578355778,2795610.97,27956.1097,0.231480174335,OKX_CONTRACT_OI_HISTORY,6094050.55,609405.055,0.0683342496418,OKX_CONTRACT_OI_HISTORY,1.05,0.512195121951,0.487804878049,OKX_GLOBAL_ACCOUNT_RATIO,1.2,0.545454545455,0.454545454545,OKX_GLOBAL_ACCOUNT_RATIO,,,,,PRICE_DOWN_OI_UP,PRICE_DOWN_OI_UP,PASS,PASS,0.500112730847,0.183007896971,-0.316656111463,-0.317104833876,-3.18847284948,-4.30175871274,0.574409592053,-0.20145365768,-0.756620428752,-0.775863249733,-3.82667235888,0.278215932774,1.26187358305,1.56876119021,0.31867431485,0.306887607162,-4.25159211329,-2.16749614103,0.454612155845,0.961293993729,0.510855683269,0.506681837884,-3.28994880358,-2.09215976344,1.3181691571,0.302704696534,-1.00628930818,-1.01546446056,-6.54623723269,4.56803005677
2026-08-27T12:00:00Z,2026-08-27T14:00:00+02:00,2026-08-28T00:00:00Z,79477.66,79596,79266,79282.31,505.96518,40179728.2055,207952,227.37949,18056048.8372,22123679.3683,0.449382055171,-0.245804890858,0.416319733555,2501.74,2507.55,2492.28,2494.9,11338.2583,28359287.0433,108527,4234.7926,10594895.5493,17764391.494,0.373595271741,-0.273011076335,0.612691992874,0.03147,0.03152,0.03145,0.03147,-0.0317662007624,0.222575516693,0.0314685583707,0.458117359412,2800753.7,28007.537,0.183957283584,OKX_CONTRACT_OI_HISTORY,6131901.68,613190.168,0.621116114634,OKX_CONTRACT_OI_HISTORY,1.06,0.514563106796,0.485436893204,OKX_GLOBAL_ACCOUNT_RATIO,1.22,0.54954954955,0.45045045045,OKX_GLOBAL_ACCOUNT_RATIO,,,,,PRICE_DOWN_OI_UP,PRICE_DOWN_OI_UP,PASS,PASS,-0.593911504327,-1.4282609984,-0.850661625709,-0.834349494073,-2.34043714256,-4.44251427626,0.752700374546,0.115970642172,-0.662878787879,-0.636729732373,-4.13420050964,0.049729363427,1.22921991803,1.62484063201,0.382775119617,0.395620713983,-3.94381432386,0.242898224024,0.382767789314,0.865170810592,0.446856048516,0.482403021279,-2.9486340432,-1.55572543084,0.154522505624,-0.702078374872,-0.850661625709,-0.856600880496,-5.5025166579,5.15479595778
2026-08-27T13:00:00Z,2026-08-27T15:00:00+02:00,2026-08-28T15:00:00Z,79282.31,79568,78920,79533.15,1143.32188,90621849.9647,417403,481.10835,38135157.9045,52486692.0602,0.420816369555,0.316388359522,0.821084642676,2494.9,2506.86,2482.54,2496.68,16255.4612,40540934.0605,262462,7780.0363,19409990.1689,21130943.8915,0.478775110114,0.0713455449116,0.97964181846,0.03147,0.03155,0.03139,0.0314,-0.222434064188,0.509716470213,0.0313916901317,2.6471554224,2788768.21,27887.6821,-0.42793802254,OKX_CONTRACT_OI_HISTORY,6158611.85,615861.185,0.435593579185,OKX_CONTRACT_OI_HISTORY,1.07,0.51690821256,0.48309178744,OKX_GLOBAL_ACCOUNT_RATIO,1.25,0.555555555556,0.444444444444,OKX_GLOBAL_ACCOUNT_RATIO,,,,,UNAVAILABLE,UNAVAILABLE,PASS,PASS,-0.566161578276,-1.50930594018,-0.91511517829,-0.943144361904,-2.09238451365,-2.53833902146,0.804170716693,-0.0476405897825,-0.821225521162,-0.851811306475,-3.72439691121,-2.22587388231,1.38242004389,1.60257192854,0.255427841635,0.220151884653,-3.67983157815,-1.48057111129,1.12547059372,1.4609485803,0.35155001598,0.335477986582,-3.05140659036,-1.68334061224,1.18980141859,0.114282048095,-1.04002521273,-1.07551937049,-4.73637830397,5.12006549391
2026-08-27T14:00:00Z,2026-08-27T16:00:00+02:00,2026-08-28T15:00:00Z,79533.16,80388,79354.47,80204.05,1464.1918,116997231.836,506222,702.27287,56111672.5538,60885559.2822,0.47959829197,0.843547627624,1.30242190516,2496.69,2523.46,2489.04,2517.44,24755.0865,62103865.0276,264428,12749.8657,32006302.2568,30097562.7708,0.515367316392,0.831504237628,1.38286246906,0.03139,0.03143,0.03134,0.03138,-0.0636942675159,0.287172941927,0.0313879411326,-2.52999475658,2805250.29,28052.5029,0.591016490395,OKX_CONTRACT_OI_HISTORY,6177619.59,617761.959,0.308636758785,OKX_CONTRACT_OI_HISTORY,1.01,0.502487562189,0.497512437811,OKX_GLOBAL_ACCOUNT_RATIO,1.25,0.555555555556,0.444444444444,OKX_GLOBAL_ACCOUNT_RATIO,,,,,PRICE_UP_OI_UP,PRICE_UP_OI_UP,PASS,PASS,0.725956345917,0.552803962294,-0.190839694657,-0.173152383623,0.577080231654,1.44059307143,1.88812537349,0.910318952352,-0.978226569896,-0.977806421135,-3.03032074338,-3.12711019353,3.10265472073,3.19999344096,0.0956937799043,0.0973387202244,-3.80942448433,-1.33137597526,1.22174279642,1.63631298675,0.383877159309,0.414570190322,-3.13168856154,-0.43785720501,0.871741894069,0.0508711687651,-0.821744627054,-0.820870725304,-4.54882793527,5.34277323183
2026-08-27T15:00:00Z,2026-08-27T17:00:00+02:00,2026-08-28T15:00:00Z,80204.06,80799.91,80094,80302.32,1415.34964,113895603.244,465136,684.4066,55076996.5052,58818606.739,0.483574386863,0.122524984711,0.881351911504,2517.44,2531.84,2513.62,2521.68,21621.0344,54541520.1717,254196,12411.2691,31307460.5159,23234059.6558,0.574011513016,0.168425066734,0.724851011688,0.03139,0.03144,0.03128,0.0314,0.06373486297,0.511508951407,0.0314023305927,-0.742171885408,2809293.97,28092.9397,0.144146852579,OKX_CONTRACT_OI_HISTORY,6176102.04,617610.204,-0.0245652872905,OKX_CONTRACT_OI_HISTORY,0.97,0.492385786802,0.507614213198,OKX_GLOBAL_ACCOUNT_RATIO,1.19,0.543378995434,0.456621004566,OKX_GLOBAL_ACCOUNT_RATIO,,,,,PRICE_UP_OI_UP,PRICE_UP_OI_DOWN,PASS,PASS,1.03758703545,0.797448165869,-0.254129606099,-0.240138869584,0.489445782937,1.34641958295,1.86683661742,1.15488449149,-0.695762175838,-0.711952125925,-3.05814007445,-3.85406146987,2.93631784483,2.93201624589,0,-0.00430159894211,-3.65432458299,-0.756779082986,1.00665379404,1.56270137904,0.512163892446,0.556047585008,-2.86850025963,1.07123329153,1.51998716561,1.354105121,-0.158982511924,-0.165882044613,-3.80256869779,3.69687506587
2026-08-27T16:00:00Z,2026-08-27T18:00:00+02:00,2026-08-28T15:00:00Z,80302.32,80624,80189.39,80374,957.98058,77046613.1901,300825,396.09147,31856748.8468,45189864.3433,0.413473708029,0.0892626763461,0.541979431443,2521.68,2533.24,2516.32,2522.31,13299.2104,33576580.1527,124181,5692.6514,14375410.129,19201170.0237,0.428138007612,0.0249833444371,0.672410504228,0.0314,0.03145,0.03137,0.03138,-0.0636942675159,0.255020720434,0.0313821633862,-0.689368079261,2799814.05,27998.1405,-0.337448487102,OKX_CONTRACT_OI_HISTORY,6192752.15,619275.215,0.26958929584,OKX_CONTRACT_OI_HISTORY,0.97,0.492385786802,0.507614213198,OKX_GLOBAL_ACCOUNT_RATIO,1.17,0.539170506912,0.460829493088,OKX_GLOBAL_ACCOUNT_RATIO,-4.0858109027e-06,OKX_FUNDING_HISTORY,1.40752443773e-05,OKX_FUNDING_HISTORY,PRICE_UP_OI_DOWN,PRICE_UP_OI_UP,PASS,PASS,1.37696542898,1.09864122811,-0.285986653956,-0.278324200879,-0.0335498976579,0.992358866393,2.01818922855,1.40428885012,-0.633312222926,-0.613900378432,-3.01964039172,-3.11406820054,3.05508434915,3.17715491852,0.0956937799043,0.122070569364,-5.04466653003,-1.06899397959,1.53870798456,2.08970809656,0.512491992313,0.551000111996,-2.83861405083,1.98190018733,1.67797630795,1.77047566403,0.0956937799043,0.0924993560832,-4.81347136038,4.66011482548
2026-08-27T17:00:00Z,2026-08-27T19:00:00+02:00,2026-08-28T15:00:00Z,80374,80848.74,80230,80442.46,973.76075,78514145.6145,266455,428.7885,34574472.3314,43939673.2831,0.440359785626,0.0851767984672,0.771207777639,2522.31,2533.78,2515.36,2518.07,14916.3393,37667678.8287,161451,6087.8834,15377922.4201,22289756.4086,0.408252456703,-0.1680998767,0.732300744227,0.03138,0.0314,0.03125,0.03131,-0.223072020395,0.48,0.0313027473302,2.31694353215,2812967.82,28129.6782,0.469808700331,OKX_CONTRACT_OI_HISTORY,6202010.26,620201.026,0.149499120516,OKX_CONTRACT_OI_HISTORY,0.93,0.481865284974,0.518134715026,OKX_GLOBAL_ACCOUNT_RATIO,1.17,0.539170506912,0.460829493088,OKX_GLOBAL_ACCOUNT_RATIO,,,,,PRICE_UP_OI_UP,PRICE_DOWN_OI_UP,PASS,PASS,1.14330942506,0.856737747729,-0.286624203822,-0.286571677335,0.8677526484,0.704678441458,1.93874104943,0.858757605252,-1.04298356511,-1.07998344418,-2.47069417127,-2.05532826605,2.54915586294,2.32562864713,-0.191265540325,-0.22352721581,-3.34618510485,-0.65013327109,1.51747835468,1.90365960753,0.416933932008,0.386181252847,-1.61574708031,2.37799218707,2.1347075474,1.9886835401,-0.0957243139758,-0.146024007302,-3.88709137243,2.94066912977
2026-08-27T18:00:00Z,2026-08-27T20:00:00+02:00,2026-08-28T15:00:00Z,80442.47,80442.47,79749.7,80150.69,662.82544,53060183.7033,190313,294.95062,23608285.7742,29451897.9291,0.444934113048,-0.36270646124,0.868680383751,2518.07,2518.21,2488.74,2506.69,24003.7481,59960011.4823,155630,8796.1841,21977179.0614,37982832.4209,0.36653060128,-0.451933425203,1.18413333655,0.03131,0.03132,0.03116,0.03127,-0.127754710955,0.513478818999,0.0312747151646,-1.50766030104,2775115.05,27751.1505,-1.34565243622,OKX_CONTRACT_OI_HISTORY,6040754.38,604075.438,-2.60005825917,OKX_CONTRACT_OI_HISTORY,0.94,0.484536082474,0.515463917526,OKX_GLOBAL_ACCOUNT_RATIO,1.2,0.545454545455,0.454545454545,OKX_GLOBAL_ACCOUNT_RATIO,,,,,PRICE_DOWN_OI_DOWN,PRICE_DOWN_OI_DOWN,PASS,PASS,-0.0665303061379,-0.427021100801,-0.350541746335,-0.360490794663,-1.07424425219,-2.21550077673,1.69150273626,0.544701196498,-1.10689437065,-1.14680153976,-3.26654767818,-4.86617010248,2.13868797964,1.37502072642,-0.761662964138,-0.76366725322,-4.59926639155,-3.32802137006,1.29245020726,1.59071750478,0.288646568313,0.298267297523,-2.54689846695,-0.27149708376,1.54867040803,1.32789509427,-0.255183413078,-0.220775313768,-5.76386388787,1.1370645707
2026-08-27T19:00:00Z,2026-08-27T21:00:00+02:00,2026-08-28T15:00:00Z,80150.69,80294.11,79886,79910.19,514.60852,41211931.8148,116971,237.64322,19031852.0795,22180079.7353,0.461804415406,-0.300059799859,0.510865483314,2506.69,2514.34,2497.51,2498.21,15462.8443,38784014.6277,107040,7513.6806,18845936.9119,19938077.7158,0.485920219783,-0.33829472332,0.673871175691,0.03127,0.03138,0.03125,0.03127,0,0.416,0.0312627213125,2.32823221427,2762593.51,27625.9351,-0.451207959829,OKX_CONTRACT_OI_HISTORY,5994416.53,599441.653,-0.767087139868,OKX_CONTRACT_OI_HISTORY,0.95,0.487179487179,0.512820512821,OKX_GLOBAL_ACCOUNT_RATIO,1.18,0.54128440367,0.45871559633,OKX_GLOBAL_ACCOUNT_RATIO,,,,,PRICE_DOWN_OI_DOWN,PRICE_DOWN_OI_DOWN,PASS,PASS,-0.488317149492,-0.930728720536,-0.414012738853,-0.442411571043,-1.66235575553,-2.94175045722,1.04703753071,0.0420477662625,-0.981633945535,-1.00498976445,-4.33186181151,-5.86636675269,1.82821413412,1.10976651193,-0.698634487139,-0.718447622195,-4.57928229394,-3.69898606256,1.24704232258,1.41226425051,0.192246074976,0.165221927931,-2.53876666721,-1.40187011503,1.46294979558,1.08481022902,-0.318775900542,-0.378139566556,-5.74018830627,0.318435850722
2026-08-27T20:00:00Z,2026-08-27T22:00:00+02:00,2026-08-28T15:00:00Z,79910.19,80120,79882.86,80096,282.87253,22629535.2381,98189,141.90755,11352149.0746,11277386.1635,0.501651887905,0.232523536735,0.296859676782,2498.22,2507.91,2495.06,2507.83,5372.936,13441937.3894,73725,2527.3327,6323396.53743,7118540.85199,0.470423001851,0.385075714211,0.515017674926,0.03127,0.03134,0.03122,0.03131,0.127918132395,0.384368994234,0.0313103026368,-0.0966572694328,2770588.08,27705.8808,0.289386403431,OKX_CONTRACT_OI_HISTORY,5961112.2,596111.22,-0.555589185925,OKX_CONTRACT_OI_HISTORY,0.96,0.489795918367,0.510204081633,OKX_GLOBAL_ACCOUNT_RATIO,1.2,0.545454545455,0.454545454545,OKX_GLOBAL_ACCOUNT_RATIO,,,,,PRICE_UP_OI_UP,PRICE_UP_OI_DOWN,PASS,PASS,-0.345882996989,-0.574076937411,-0.223072020395,-0.228193940421,-1.04385396594,-3.74050090153,0.426312807352,-0.917405819719,-1.35475740391,-1.34371862707,-3.39228303052,-7.10403987607,2.09549681563,1.43835422506,-0.634719136782,-0.65714259057,-4.24746868147,-3.61034569026,2.41652412669,2.93009472837,0.449149823548,0.513570601685,-1.67497643149,-2.29951024835,1.47426282741,1.31991467218,-0.127591706539,-0.154348155229,-5.61500058195,0.0210525167758
2026-08-27T21:00:00Z,2026-08-27T23:00:00+02:00,2026-08-28T15:00:00Z,80096,80184,79975.74,80184,278.41542,22293872.9034,85989,112.14464,8979664.24272,13314208.6607,0.402786195185,0.10986815821,0.260403967503,2507.84,2508.79,2499.22,2504.12,5887.8717,14741176.162,52711,2328.6226,5829449.79672,8911726.36524,0.395453506062,-0.147936662373,0.382919470875,0.03131,0.03131,0.03122,0.03124,-0.223570744171,0.288276745676,0.031229671755,3.30718975129,2768704.84,27687.0484,-0.0679725728121,OKX_CONTRACT_OI_HISTORY,5986807.16,598680.716,0.431043052671,OKX_CONTRACT_OI_HISTORY,0.96,0.489795918367,0.510204081633,OKX_GLOBAL_ACCOUNT_RATIO,1.2,0.545454545455,0.454545454545,OKX_GLOBAL_ACCOUNT_RATIO,,,,,PRICE_UP_OI_DOWN,PRICE_DOWN_OI_UP,PASS,PASS,-0.321297981191,-0.553995718943,-0.223570744171,-0.232697737753,-1.57353310924,-3.4698926796,0.247543320081,-1.21580786922,-1.42000631114,-1.4633511893,-2.79676600663,-5.25719366908,1.85456762175,0.292371897053,-1.48218227688,-1.56219572469,-4.29033921986,-1.67089088132,2.05421916762,2.55263556653,0.547151593177,0.49841639891,-3.81122488907,0.619655021048,1.51899942558,0.827843901496,-0.636132315522,-0.691155524085,-5.67739305348,0.820262659306
2026-08-27T22:00:00Z,2026-08-28T00:00:00+02:00,2026-08-29T00:00:00Z,80184,80432.36,80150,80303.21,534.24073,42882233.1678,113662,283.61881,22764257.914,20117975.2539,0.530855233795,0.148670557717,0.352289457268,2504.12,2516.98,2504.12,2515.15,9923.0584,24937034.6741,88624,6348.1895,15954832.0485,8982202.62561,0.639804702404,0.440474098685,0.513553663562,0.03124,0.03134,0.03124,0.03132,0.256081946223,0.320102432778,0.0313206657617,-0.212563067807,2760019.04,27600.1904,-0.313713469002,OKX_CONTRACT_OI_HISTORY,6006897.52,600689.752,0.335577202724,OKX_CONTRACT_OI_HISTORY,0.97,0.492385786802,0.507614213198,OKX_GLOBAL_ACCOUNT_RATIO,1.2,0.545454545455,0.454545454545,OKX_GLOBAL_ACCOUNT_RATIO,,,,,UNAVAILABLE,UNAVAILABLE,PASS,PASS,0.190291562056,0.337496858407,0.159897665494,0.14720529635,-0.543977807335,-0.560474038012,0.850488533896,0.461335676626,-0.381679389313,-0.38915285727,-1.04460289461,-1.36277605464,2.03711562897,0.858954257277,-1.16756074471,-1.17816137169,-4.49273194012,0.156298345736,1.79199997566,2.49853291168,0.707395498392,0.706532936019,-4.39986870452,0.942554198687,1.98528067056,1.65261532741,-0.318268618714,-0.33266534315,-5.73396685272,1.30586619273
2026-08-27T23:00:00Z,2026-08-28T01:00:00+02:00,2026-08-29T00:00:00Z,80303.21,80393.6,80134,80249.58,329.82531,26476519.5479,102595,176.77115,14190761.6957,12285757.8521,0.535975344873,-0.0667843788561,0.323957371403,2515.16,2516.81,2509.05,2510.94,4734.4987,11900238.6381,63351,2075.8567,5217420.7112,6682817.92687,0.43842992312,-0.167385643003,0.309280404934,0.03133,0.03135,0.03127,0.03129,-0.095785440613,0.255836264791,0.0312891357188,0.276224043585,2762553.13,27625.5313,0.0918142216874,OKX_CONTRACT_OI_HISTORY,5994623.29,599462.329,-0.20433559852,OKX_CONTRACT_OI_HISTORY,0.96,0.489795918367,0.510204081633,OKX_GLOBAL_ACCOUNT_RATIO,1.2,0.545454545455,0.454545454545,OKX_GLOBAL_ACCOUNT_RATIO,,,,,PRICE_DOWN_OI_UP,PRICE_DOWN_OI_DOWN,PASS,PASS,0.424714294885,0.509564848431,0.0639590661976,0.0848505535462,-0.00146166997981,0.00344920975988,0.971228774069,0.368145243492,-0.603557814485,-0.603083530578,-1.18249070971,-1.63154636123,1.55121719736,0.165949943753,-1.35561160151,-1.38526725361,-4.96391302346,-1.35786965038,2.17781860102,2.79615497986,0.610932475884,0.618336378839,-4.63200107785,-0.253182649234,1.59107006656,1.15336118374,-0.445434298441,-0.437708882821,-5.93634699332,0.204527534747
2026-08-28T00:00:00Z,2026-08-28T02:00:00+02:00,2026-08-29T00:00:00Z,80249.59,80705.37,80153.99,80576,516.59696,41529124.0429,158955,292.40267,23506213.9297,18022910.1132,0.566017571318,0.406756022898,0.6879008768,2510.94,2519.91,2506.02,2515.61,6319.2257,15883091.9076,103143,3127.6083,7861932.74033,8021159.16729,0.494987549405,0.185986124718,0.554265329088,0.03129,0.03129,0.03121,0.03122,-0.223713646532,0.256328099968,0.0312203385624,-0.10844288264,2811686.24,28116.8624,1.77853991174,OKX_CONTRACT_OI_HISTORY,5987156.14,598715.614,-0.124564124195,OKX_CONTRACT_OI_HISTORY,0.97,0.492385786802,0.507614213198,OKX_GLOBAL_ACCOUNT_RATIO,1.21,0.547511312217,0.452488687783,OKX_GLOBAL_ACCOUNT_RATIO,2.99828619064e-05,OKX_FUNDING_HISTORY,3.18649287208e-05,OKX_FUNDING_HISTORY,PRICE_UP_OI_UP,PRICE_UP_OI_DOWN,PASS,PASS,0.599280862964,0.310228364762,-0.287448099649,-0.289052498203,1.4833731617,0.436897329327,1.63175114348,0.830093390517,-0.7944073721,-0.80165775296,0.39034278523,-2.36053263007,2.39673371499,0.947026697325,-1.45202020202,-1.44970701767,-3.75999527783,-2.31197714449,2.4725495884,2.83578062659,0.321336760925,0.36323103819,-3.82952191118,-1.26496125001,1.04841999604,0.882255043892,-0.191815856777,-0.166164952147,-3.44558139619,-0.0696456514311
2026-08-28T01:00:00Z,2026-08-28T03:00:00+02:00,2026-08-29T00:00:00Z,80575.99,81478.87,80434.15,80500.38,1463.05089,118472216.996,336893,822.76071,66629305.5416,51842911.4539,0.562404479559,-0.0938492851469,1.29885129637,2515.61,2535.05,2507.83,2512.44,14664.416,36998503.5002,139258,7919.9591,19987535.7853,17010967.7149,0.540225519802,-0.126013173743,1.08540052555,0.03121,0.03125,0.03111,0.03121,-0.0320307495195,0.450016072003,0.0312102874545,-0.0921024979694,2853081.21,28530.8121,1.47224713096,OKX_CONTRACT_OI_HISTORY,6099158.79,609915.879,1.87071536771,OKX_CONTRACT_OI_HISTORY,0.92,0.479166666667,0.520833333333,OKX_GLOBAL_ACCOUNT_RATIO,1.19,0.543378995434,0.456621004566,OKX_GLOBAL_ACCOUNT_RATIO,,,,,PRICE_DOWN_OI_UP,PRICE_DOWN_OI_UP,PASS,PASS,0.394567494762,0.332252447966,-0.0960307298335,-0.0623150467963,3.04750325065,1.87665356504,1.21613440433,0.631238284442,-0.605095541401,-0.584896119892,2.30614361457,-0.965364621899,2.03008491778,0.583296969018,-1.42135186355,-1.44678794876,-1.50414323819,-3.16975070523,2.13823158066,2.29846212729,0.160462130937,0.160230546627,-2.73987075836,0.885912722592,0.842285914717,0.659057127633,-0.191877198593,-0.183228787084,-3.35502475342,0.624339209051
2026-08-28T02:00:00Z,2026-08-28T04:00:00+02:00,2026-08-29T00:00:00Z,80500.38,80500.38,79723.02,79926.11,1190.20509,95301649.7734,283107,511.68045,40963491.429,54338158.3444,0.429829824839,-0.713375514501,0.975075956731,2512.44,2512.44,2486.09,2492.26,14721.0814,36767940.583,162891,6027.3306,15050137.0754,21717803.5076,0.409327714219,-0.803203260575,1.0598972684,0.03122,0.03123,0.03116,0.03118,-0.096123037488,0.224646983312,0.0311820505214,-0.657596719444,2828610.87,28286.1087,-0.85768115938,OKX_CONTRACT_OI_HISTORY,6029759.37,602975.937,-1.1378523234,OKX_CONTRACT_OI_HISTORY,0.94,0.484536082474,0.515463917526,OKX_GLOBAL_ACCOUNT_RATIO,1.25,0.555555555556,0.444444444444,OKX_GLOBAL_ACCOUNT_RATIO,,,,,PRICE_DOWN_OI_DOWN,PRICE_DOWN_OI_DOWN,PASS,PASS,-0.469595175585,-0.910084885593,-0.446998722861,-0.440489710008,2.48519408765,0.380593308341,-0.346541103598,-1.0002224482,-0.6373486297,-0.653681344604,0.83274494555,-2.39348211469,1.53504113938,-0.0990087103614,-1.60934048596,-1.63404984974,-2.22281064065,-5.44574548502,1.03416847854,1.09726960381,0.0320821302535,0.0631011252709,-3.63864081377,-1.12194859442,-0.897115089059,-0.6153073147,0.289482148601,0.281807774359,-1.24564699687,1.51518896947
2026-08-28T03:00:00Z,2026-08-28T05:00:00+02:00,2026-08-29T00:00:00Z,79926.11,80060.01,79775.61,79810.49,530.69453,42406424.1591,135164,252.16982,20146775.9267,22259648.2324,0.475087827521,-0.144658610309,0.356499937763,2492.26,2495.6,2486.24,2489.92,5660.3707,14100368.4517,86599,2397.4112,5972224.45831,8128143.99337,0.423550950372,-0.0938906855625,0.376472102452,0.03119,0.03122,0.03116,0.03119,0.0320718409237,0.192554557125,0.0311979039347,-2.53348260185,2820231.19,28202.3119,-0.296247182279,OKX_CONTRACT_OI_HISTORY,6062505,606250.5,0.543066944975,OKX_CONTRACT_OI_HISTORY,0.96,0.489795918367,0.510204081633,OKX_GLOBAL_ACCOUNT_RATIO,1.3,0.565217391304,0.434782608696,OKX_GLOBAL_ACCOUNT_RATIO,,,,,PRICE_DOWN_OI_DOWN,PRICE_DOWN_OI_UP,PASS,PASS,-0.547155511593,-0.837136689845,-0.319590923618,-0.289981178253,2.08785341985,1.13237657674,-0.612472964667,-1.25947780845,-0.668789808917,-0.647004843779,0.389322730793,-1.83929992193,1.24292978318,-0.119138830835,-1.35989879823,-1.36206861401,-2.6807233781,-5.62247364219,0.912735612279,0.987601244337,0.0320718409237,0.074865632058,-4.0131004298,-1.36783349885,-0.841765127502,-0.374906473438,0.418544752093,0.466858654063,-2.37330630057,2.03811220071
2026-08-28T04:00:00Z,2026-08-28T06:00:00+02:00,2026-08-29T00:00:00Z,79810.48,79970.5,79603.81,79643.81,562.86792,44900561.0173,130968,316.49923,25252227.5538,19648333.4634,0.562403386098,-0.208844727053,0.460643780744,2489.91,2496.17,2477.49,2486.18,8312.1118,20667380.0297,106750,3172.4269,7889360.94901,12778019.0807,0.381730095333,-0.150205629097,0.753988916201,0.0312,0.03123,0.03112,0.03122,0.0961846745752,0.353470437018,0.0312162363905,1.20565767563,2793337.76,27933.3776,-0.953589553061,OKX_CONTRACT_OI_HISTORY,6056663.83,605666.383,-0.0963491164131,OKX_CONTRACT_OI_HISTORY,0.99,0.497487437186,0.502512562814,OKX_GLOBAL_ACCOUNT_RATIO,1.31,0.5670995671,0.4329004329,OKX_GLOBAL_ACCOUNT_RATIO,,,,,PRICE_DOWN_OI_DOWN,PRICE_DOWN_OI_DOWN,PASS,PASS,-1.1569077641,-1.16989517453,0,-0.0129874104318,-0.65257921524,1.16094667276,-0.908490307811,-1.43241710971,-0.50987890376,-0.523926801902,-0.231311432986,-2.19754184737,1.0913638672,-0.0482435333564,-1.13996200127,-1.13960740056,-3.24396705124,-5.24317709605,1.03748763098,1.1917456958,0.128287363695,0.154258064811,-5.14603303104,-1.46945727549,-0.895827010518,-0.353107627686,0.579896907216,0.542719382832,-3.65144996416,-0.565760837781
2026-08-28T05:00:00Z,2026-08-28T07:00:00+02:00,2026-08-29T00:00:00Z,79643.8,79872.6,79558.11,79686,326.58104,26025090.2242,109319,156.91806,12506675.9867,13518414.2375,0.480562252771,0.0529733572515,0.395295966684,2486.18,2497.44,2482.23,2493.32,6358.9477,15841016.1875,75205,3184.8837,7934550.5787,7906465.60876,0.500886463646,0.287187572903,0.612755465851,0.03122,0.03129,0.0312,0.03129,0.224215246637,0.288461538462,0.0312893105439,0.220348771918,2799927.63,27999.2763,0.235913826619,OKX_CONTRACT_OI_HISTORY,6077005.24,607700.524,0.335851725817,OKX_CONTRACT_OI_HISTORY,0.98,0.494949494949,0.505050505051,OKX_GLOBAL_ACCOUNT_RATIO,1.32,0.568965517241,0.431034482759,OKX_GLOBAL_ACCOUNT_RATIO,,,,,PRICE_UP_OI_UP,PRICE_UP_OI_UP,PASS,PASS,-1.01164739843,-0.761013198325,0.256328099968,0.25063420011,-1.86302373075,-0.363223040468,-0.940374026354,-0.982895630384,-0.0638773554775,-0.0425216040298,-0.46357409094,-2.01555648507,0.980135605807,-0.132578716109,-1.10619469027,-1.11271432192,-2.92281476416,-4.02945844897,0.758693260171,1.15216721029,0.384985563041,0.393473950124,-4.39731412199,-1.54455447726,-1.29552258773,-0.614255021465,0.708078532346,0.681267566261,-3.54335279756,0.522195732433
2026-08-28T06:00:00Z,2026-08-28T08:00:00+02:00,2026-08-29T00:00:00Z,79686,79999,79685.99,79904.21,359.1323,28686566.8232,137101,187.59997,14985274.8682,13701291.955,0.522379515141,0.273837311447,0.392804306002,2493.32,2505.37,2493.31,2503,7173.6332,17945905.0173,66578,4109.1113,10279106.4544,7666798.56293,0.57278284068,0.388237370253,0.483694366124,0.03129,0.03134,0.03129,0.03132,0.0958772770853,0.159795461809,0.0313250077812,-1.59865281662,2792028.56,27920.2856,-0.282116934572,OKX_CONTRACT_OI_HISTORY,6070830.16,607083.016,-0.101613866635,OKX_CONTRACT_OI_HISTORY,1,0.5,0.5,OKX_GLOBAL_ACCOUNT_RATIO,1.29,0.563318777293,0.436681222707,OKX_GLOBAL_ACCOUNT_RATIO,,,,,PRICE_UP_OI_DOWN,PRICE_UP_OI_DOWN,PASS,PASS,-0.0274003076091,0.430934172197,0.449005772931,0.458334479806,-1.29329595626,0.681134809531,-0.307520746234,-0.147206076539,0.159897665494,0.160314669695,0.609470587535,0.497881193441,1.37878026819,0.396693286698,-0.948766603416,-0.982086981489,-2.67698573797,-4.39251665482,1.21129220377,1.7425908387,0.481231953802,0.531298634924,-4.74167287483,-2.05211133508,-0.831383885316,0.0847701609034,0.90206185567,0.916154046219,-4.36142680262,-0.11610729132
2026-08-28T07:00:00Z,2026-08-28T09:00:00+02:00,2026-08-29T00:00:00Z,79904.21,79904.21,79573.36,79660,1018.10642,81126215.9538,143015,241.25446,19221637.9132,61904578.0406,0.23693497456,-0.305628451868,0.415779853961,2503.01,2503.42,2494.1,2496.48,9300.5858,23219642.6418,67304,4083.2326,10193489.5475,13026153.0944,0.43900286084,-0.260487415102,0.373681889259,0.03133,0.03136,0.0313,0.03132,0,0.191693290735,0.0313391915641,-6.12382234186,2830837.14,28308.3714,1.38997790195,OKX_CONTRACT_OI_HISTORY,6063894.92,606389.492,-0.114238741938,OKX_CONTRACT_OI_HISTORY,0.99,0.497487437186,0.502512562814,OKX_GLOBAL_ACCOUNT_RATIO,1.26,0.557522123894,0.442477876106,OKX_GLOBAL_ACCOUNT_RATIO,,,,,PRICE_DOWN_OI_UP,PRICE_DOWN_OI_DOWN,PASS,PASS,-0.188559173111,0.263462279913,0.416800256492,0.452021453024,0.37606668693,0.0229264965555,-0.313088981518,-0.0692495827012,0.159897665494,0.243839398817,2.47027402884,1.15905175512,0.730670390051,-0.0272309343414,-0.823305889804,-0.757901324393,-1.96859663997,-4.77530922438,0.930547721169,1.40954918799,0.449005772931,0.479001466817,-3.46651928079,-1.94054089801,-0.0574487750513,0.707560489564,0.675024108004,0.765009264615,-1.99907018735,1.12870327421
2026-08-28T08:00:00Z,2026-08-28T10:00:00+02:00,2026-08-29T10:00:00Z,79660,79840,79480,79516.78,526.20796,41943337.2368,119763,235.7211,18796904.4731,23146432.7637,0.448149949705,-0.179789103691,0.45294413689,2496.47,2503.66,2486.52,2488.05,10339.3477,25815302.3975,84921,4192.5255,10469057.2247,15346245.1727,0.405536881326,-0.337276234042,0.689316796165,0.03133,0.03137,0.03128,0.03129,-0.127673156719,0.287723785166,0.0312896221401,0.120762042561,2826257.4,28262.574,-0.161780412419,OKX_CONTRACT_OI_HISTORY,6080553.44,608055.344,0.274716501849,OKX_CONTRACT_OI_HISTORY,0.99,0.497487437186,0.502512562814,OKX_GLOBAL_ACCOUNT_RATIO,1.26,0.557522123894,0.442477876106,OKX_GLOBAL_ACCOUNT_RATIO,9.99821658119e-05,OKX_FUNDING_HISTORY,3.28234404449e-05,OKX_FUNDING_HISTORY,UNAVAILABLE,UNAVAILABLE,PASS,PASS,-0.15949764332,0.0752157929032,0.224215246637,0.234713436223,1.17850553096,0.394435132451,-0.723157211346,-0.788729698584,-0.0638773554775,-0.0655724872376,2.00929616358,2.00367374397,-0.299927315804,-1.69889966615,-1.41776937618,-1.39897235034,-1.45114787973,-5.24270791386,1.02809652792,1.29300693322,0.192122958694,0.2649104053,-3.84449081459,-1.70764671449,-0.517935708614,0.129989294999,0.643293663557,0.647925003613,-2.65275767629,0.0353388735802
2026-08-28T09:00:00Z,2026-08-28T11:00:00+02:00,2026-08-29T10:00:00Z,79516.77,79516.78,79259.43,79285.19,541.74443,42996339.9891,124282,283.24118,22482369.7949,20513970.1942,0.522890315795,-0.291246702897,0.324693225778,2488.05,2493.24,2483.4,2489.58,8732.645,21726642.5168,71773,3075.0931,7656350.86102,14070291.6558,0.352394570633,0.0614939410382,0.396230973665,0.0313,0.03141,0.03129,0.0314,0.35155001598,0.383509108341,0.0314003157462,-0.100555113713,2841958.02,28419.5802,0.555526895746,OKX_CONTRACT_OI_HISTORY,6121754.17,612175.417,0.677581907742,OKX_CONTRACT_OI_HISTORY,0.99,0.497487437186,0.502512562814,OKX_GLOBAL_ACCOUNT_RATIO,1.27,0.559471365639,0.440528634361,OKX_GLOBAL_ACCOUNT_RATIO,,,,,PRICE_DOWN_OI_UP,PRICE_UP_OI_UP,PASS,PASS,-0.502986722887,-0.150000802143,0.35155001598,0.352985920744,1.50112415584,0.736364841443,-1.12093435099,-0.580643100171,0.512163892446,0.540291250822,2.6457562013,2.2540731043,-0.87616582902,-1.78939146489,-0.91511517829,-0.913225635867,-0.225005415384,-3.12162155332,1.07171325864,1.70393035578,0.608779237424,0.632217097142,-3.76374122201,-3.45365110112,0.123744746626,0.602504576368,0.512163892446,0.478759829742,-1.58904800818,-0.321867784641
2026-08-28T10:00:00Z,2026-08-28T12:00:00+02:00,2026-08-29T10:00:00Z,79285.19,79571.99,79001.01,79565.89,548.77151,43482645.1832,129610,278.04255,22037183.1916,21445461.9916,0.506804107678,0.354038377155,0.722750253446,2489.57,2509.08,2482.17,2506.56,8473.1451,21135559.392,83955,5580.5922,13929199.8886,7206359.50342,0.659040985396,0.682042754199,1.08413202964,0.0314,0.03153,0.03137,0.0315,0.31847133758,0.510041440867,0.031502946803,-0.935405495978,2837956.83,28379.5683,-0.140789905123,OKX_CONTRACT_OI_HISTORY,6131688.5,613168.85,0.162279139673,OKX_CONTRACT_OI_HISTORY,1.06,0.514563106796,0.485436893204,OKX_GLOBAL_ACCOUNT_RATIO,1.28,0.561403508772,0.438596491228,OKX_GLOBAL_ACCOUNT_RATIO,,,,,PRICE_UP_OI_DOWN,PRICE_UP_OI_UP,PASS,PASS,-0.423406976929,0.14222932481,0.574712643678,0.565636301739,1.64497851698,1.0024714643,-0.91817002085,-0.341530326223,0.574712643678,0.576639694627,2.82381349079,2.07746144469,-0.0754904177028,0.118229749161,0.190839694656,0.193720166864,1.74971295873,0.686374242938,1.06499067352,1.52290843108,0.446428571429,0.45791775756,-2.86212178456,-2.27204618359,0.323113347017,0.996849086557,0.671140939597,0.67373573954,-1.8461929412,-1.26460509077
2026-08-28T11:00:00Z,2026-08-28T13:00:00+02:00,2026-08-29T10:00:00Z,79565.9,79770.29,79555.22,79604.13,394.07937,31391715.1291,96837,163.12457,12994111.8271,18397603.302,0.413934433771,0.0480607959014,0.270340525738,2506.57,2511.51,2502.43,2505.1,7415.1881,18593361.8678,89572,3077.6082,7717979.19215,10875382.6757,0.415093260004,-0.0582471594536,0.362847312412,0.0315,0.03153,0.03143,0.03147,-0.0952380952381,0.318167356029,0.0314694727522,0.167542613068,2824185.06,28241.8506,-0.485270595184,OKX_CONTRACT_OI_HISTORY,6125006.38,612500.638,-0.108976834032,OKX_CONTRACT_OI_HISTORY,1.04,0.509803921569,0.490196078431,OKX_GLOBAL_ACCOUNT_RATIO,1.2,0.545454545455,0.454545454545,OKX_GLOBAL_ACCOUNT_RATIO,,,,,PRICE_UP_OI_DOWN,PRICE_DOWN_OI_DOWN,PASS,PASS,-0.0701355761988,0.345286162917,0.478927203065,0.415421739116,-0.234986319277,1.00779219967,-0.804303274858,-0.232582220204,0.575263662512,0.571721054654,2.23097718305,2.17500055787,0.159113874375,0.134706782906,-0.0317662007624,-0.0244070914688,1.02210537541,0.507968054187,1.42299527337,1.70558120085,0.286806883365,0.282585927476,-3.2729424894,-1.67053827482,0.614449381234,1.09729570485,0.478927203065,0.482846323614,-2.30147017174,-1.5948192125
2026-08-28T12:00:00Z,2026-08-28T14:00:00+02:00,2026-08-29T10:00:00Z,79604.12,79727.36,79306.11,79421.05,400.05317,31801379.6784,113842,172.31828,13699285.0376,18102094.6408,0.430776437253,-0.229988067202,0.531169666499,2505.1,2508.41,2495.29,2499.11,4979.1026,12452913.5801,59393,2616.7052,6544816.22656,5908097.35349,0.525565056281,-0.239112211089,0.525790589471,0.03147,0.03148,0.03144,0.03147,0,0.127226463104,0.0314665948133,1.08215924869,2826592.13,28265.9213,0.0852306045413,OKX_CONTRACT_OI_HISTORY,6119076.69,611907.669,-0.0968111644645,OKX_CONTRACT_OI_HISTORY,1.01,0.502487562189,0.497512437811,OKX_GLOBAL_ACCOUNT_RATIO,1.2,0.545454545455,0.454545454545,OKX_GLOBAL_ACCOUNT_RATIO,,,,,PRICE_DOWN_OI_UP,PRICE_DOWN_OI_DOWN,PASS,PASS,-0.120389683787,0.444524828681,0.575263662512,0.564914512469,0.0118435780124,0.633548415948,-1.43336725576,-0.655904532102,0.800768737988,0.777462723657,0.530140589229,2.20339251082,0.174994901132,0.168744238246,0,-0.0062506628864,0.92255274,-0.209151918431,1.40636589134,1.79632669521,0.382775119617,0.389960803864,-3.05764535097,0.0332382792982,0.558432514561,1.03537497473,0.446856048516,0.476942460172,-2.05328400736,-1.76162351969
2026-08-28T13:00:00Z,2026-08-28T15:00:00+02:00,2026-08-29T10:00:00Z,79421.04,79635.01,79034.56,79330.75,843.2247,66877783.0056,217173,461.17816,36584174.9877,30293608.018,0.54703031924,-0.113697816889,0.759730932898,2499.1,2518.26,2495.22,2509.17,18227.1282,45675810.4863,148080,12780.7117,32035541.3775,13640269.1088,0.701367770739,0.402543305417,0.923365474788,0.03147,0.03166,0.03146,0.03164,0.540197013028,0.635727908455,0.0316292232205,3.40722230857,2842243.93,28422.4393,0.55373394109,OKX_CONTRACT_OI_HISTORY,6097823.08,609782.308,-0.347333610555,OKX_CONTRACT_OI_HISTORY,1.06,0.514563106796,0.485436893204,OKX_GLOBAL_ACCOUNT_RATIO,1.21,0.547511312217,0.452488687783,OKX_GLOBAL_ACCOUNT_RATIO,,,,,PRICE_DOWN_OI_UP,PRICE_UP_OI_DOWN,PASS,PASS,0.0574634430466,0.786879714651,0.764331210191,0.729416271604,0.010060317499,-0.390918833645,-1.45294966309,-0.130152361847,1.37776353733,1.32279730125,-0.379844778411,-0.0218999053146,-0.254485079492,0.500264351058,0.764331210191,0.75474943055,1.91753907005,-0.987053113276,1.12441691165,2.11085337566,1.02171136654,0.98643646401,-1.83285471632,-2.45301020132,0.868121359491,1.96852153629,1.11856823266,1.1004001768,-1.19237943387,-2.6537782596
2026-08-28T14:00:00Z,2026-08-28T16:00:00+02:00,2026-08-29T10:00:00Z,79330.34,79706.64,78423.03,79542.44,2930.13002,231632508.588,630673,1392.18807,110138064.129,121494444.46,0.47548621219,0.266844823728,1.63677684986,2509.17,2526.64,2468,2513,49210.4249,122900333.29,558263,23637.355,59105386.4777,63794946.8125,0.480921287155,0.152640116054,2.37601296596,0.03163,0.0317,0.03147,0.03159,-0.158027812895,0.730854782332,0.0315931972919,-1.01201910068,2850449.19,28504.4919,0.288689507378,OKX_CONTRACT_OI_HISTORY,5910309.07,591030.907,-3.07509758056,OKX_CONTRACT_OI_HISTORY,1.07,0.51690821256,0.48309178744,OKX_GLOBAL_ACCOUNT_RATIO,1.18,0.54128440367,0.45871559633,OKX_GLOBAL_ACCOUNT_RATIO,,,,,PRICE_UP_OI_UP,PRICE_UP_OI_DOWN,PASS,PASS,-0.0294724284489,0.256925826631,0.285714285714,0.28639825508,0.440188514073,-3.61041546713,-0.480030868511,0.832176418191,1.31494547787,1.3122072867,0.772051052749,-1.98101271826,-0.824908467839,-0.176369645354,0.669216061185,0.648538822485,1.61122521442,-4.32707964784,2.25215219137,3.01797997852,0.765550239234,0.765827787146,-2.25957767773,-5.60084592424,0.386756068802,1.45705738198,1.0556621881,1.07030131318,-1.57092190287,-4.74599042285
2026-08-28T15:00:00Z,2026-08-28T17:00:00+02:00,2026-08-29T10:00:00Z,79542.44,79838.73,78312.64,78331.13,1255.01594,99196388.1958,307203,600.0394,47463476.2279,51732911.968,0.4784798831,-1.52284742585,1.9487147924,2513,2519.25,2470,2471.89,33015.8405,82329665.6077,283252,11460.4035,28628914.6271,53700750.9806,0.347735101506,-1.63589335456,1.99392712551,0.0316,0.03164,0.03154,0.03155,-0.126622348845,0.317057704502,0.0315569301758,-2.19608679998,2889103.77,28891.0377,1.356087319,OKX_CONTRACT_OI_HISTORY,5993606.92,599360.692,1.40936538197,OKX_CONTRACT_OI_HISTORY,1.09,0.521531100478,0.478468899522,OKX_GLOBAL_ACCOUNT_RATIO,1.25,0.555555555556,0.444444444444,OKX_GLOBAL_ACCOUNT_RATIO,,,,,PRICE_DOWN_OI_UP,PRICE_DOWN_OI_UP,PASS,PASS,-1.59916325949,-1.32569558101,0.254210359072,0.273467678479,2.29867054109,-2.14529507151,-1.8535909252,-0.724119650431,1.1542160949,1.12947127477,2.44208986285,-1.13646223797,-2.45471114658,-1.97447733257,0.477707006369,0.480233814005,2.84092020459,-2.95485921084,0.409528576822,0.899646917158,0.477707006369,0.490118340337,-0.917220823822,-3.68927653739,-1.47276779543,-0.442631138033,0.992317541613,1.0301366574,-0.109071858486,-1.9152793549
2026-08-28T16:00:00Z,2026-08-28T18:00:00+02:00,2026-08-29T10:00:00Z,78331.13,78404,76888,77788.46,2955.61638,229617149.195,661307,1335.49859,103754417.622,125862731.573,0.451858312784,-0.692789699319,1.97169909479,2471.89,2473.95,2405.97,2442.29,77040.49,187961834.609,624880,34019.677,82955260.1324,105006574.477,0.441340979167,-1.19746428846,2.8254716393,0.03155,0.03156,0.03129,0.03141,-0.443740095087,0.862895493768,0.0313965593354,4.28093551544,2946443.15,29464.4315,1.98467706821,OKX_CONTRACT_OI_HISTORY,6058241.1,605824.11,1.07838536732,OKX_CONTRACT_OI_HISTORY,1.16,0.537037037037,0.462962962963,OKX_GLOBAL_ACCOUNT_RATIO,1.4,0.583333333333,0.416666666667,OKX_GLOBAL_ACCOUNT_RATIO,0.0001,OKX_FUNDING_HISTORY,4.23164362672e-05,OKX_FUNDING_HISTORY,PRICE_DOWN_OI_UP,PRICE_DOWN_OI_UP,PASS,PASS,-2.05561371954,-2.27360940495,-0.190657769304,-0.217995685412,4.24012430828,-0.994195580183,-2.3295595728,-1.76535890402,0.608584240871,0.564200668782,5.48109119464,0.0260418944203,-3.21688605768,-3.17248871075,0.0956022944551,0.044397346935,5.23710137107,-2.17207223447,-0.260080291007,-0.0961286733425,0.191387559809,0.163951617664,-0.0717594589645,-3.21784689264,-1.72767655574,-1.14907636764,0.608584240871,0.578600188104,2.24982622486,-0.233220350827
2026-08-28T17:00:00Z,2026-08-28T19:00:00+02:00,2026-08-29T19:00:00Z,77788.45,78131.86,77642.78,77904,722.76014,56273827.7337,254944,352.46987,27444898.773,28828928.9607,0.487702718622,0.148543903369,0.62991046946,2442.3,2448.22,2437.43,2443.79,13245.1975,32346336.0745,174030,6084.331,14857891.1706,17488444.9039,0.459337686233,0.0610080661671,0.44267937951,0.03139,0.03139,0.03133,0.03138,-0.0318572793883,0.191509735078,0.0313692493325,3.42713571952,2928082.55,29280.8255,-0.62314455312,OKX_CONTRACT_OI_HISTORY,6088908.17,608890.817,0.506204185238,OKX_CONTRACT_OI_HISTORY,1.16,0.537037037037,0.462962962963,OKX_GLOBAL_ACCOUNT_RATIO,1.39,0.581589958159,0.418410041841,OKX_GLOBAL_ACCOUNT_RATIO,,,,,UNAVAILABLE,UNAVAILABLE,PASS,PASS,-1.79848293379,-2.6056425033,-0.821744627054,-0.807159569505,3.02010038948,-0.146198239651,-2.23627738875,-1.98650794924,0.287631831256,0.24976943951,4.57707972974,0.195868351761,-3.15562204338,-2.94987827979,0.223570744171,0.20574376359,4.09228748305,-1.82363597057,-0.686907904776,-0.692852846995,0.0318775900542,-0.00594494221934,0.609166863997,-2.46191317747,-1.68602957016,-1.10237431355,0.641436818473,0.583655256617,2.41041938721,0.510990295596
2026-08-28T18:00:00Z,2026-08-28T20:00:00+02:00,2026-08-29T19:00:00Z,77904,77935.5,77270,77554,575.36359,44617320.7191,186420,238.76721,18513797.9381,26103522.781,0.414946429766,-0.449270897515,0.86126569173,2443.79,2445.02,2418.08,2428.68,20796.9807,50524852.1009,145747,9708.6231,23581879.236,26942972.8649,0.466738214075,-0.618301899918,1.11410706015,0.03138,0.03139,0.03128,0.03131,-0.223072020395,0.351662404092,0.0313159862805,-1.91157336495,2897687.69,28976.8769,-1.03804655371,OKX_CONTRACT_OI_HISTORY,6169925.11,616992.511,1.3305659691,OKX_CONTRACT_OI_HISTORY,1.16,0.537037037037,0.462962962963,OKX_GLOBAL_ACCOUNT_RATIO,1.39,0.581589958159,0.418410041841,OKX_GLOBAL_ACCOUNT_RATIO,,,,,PRICE_DOWN_OI_DOWN,PRICE_DOWN_OI_UP,PASS,PASS,-2.49984787995,-3.35535216872,-0.886356441912,-0.855504288773,1.65723003117,4.39259668023,-2.94128432031,-2.9692369157,-0.0319284802044,-0.0279525953881,3.78431408309,1.63231300149,-3.23976000706,-3.11207209507,0.127918132395,0.127687911983,4.4168489519,2.13832117438,-1.17036038526,-1.77984300499,-0.634719136782,-0.609482619725,-0.385560089063,-1.26086398132,-1.98918208472,-1.57085886587,0.416933932008,0.418323218854,1.75745782671,1.86101861099
2026-08-28T19:00:00Z,2026-08-28T21:00:00+02:00,2026-08-29T19:00:00Z,77554,77797.35,77376,77580.03,501.052,38888067.8634,167896,240.59738,18677052.2851,20211015.5783,0.480277198413,0.0335637104469,0.54454869727,2428.67,2443.1,2428.62,2435.69,11643.3318,28359361.1004,108858,4839.2265,11787578.1329,16571782.9675,0.41565034174,0.288634155179,0.59622336965,0.03131,0.03143,0.03131,0.0314,0.287448099649,0.383264132865,0.031395837305,1.32587480344,2912318.2,29123.182,0.504902928307,OKX_CONTRACT_OI_HISTORY,6150287.29,615028.729,-0.318282955626,OKX_CONTRACT_OI_HISTORY,1.17,0.539170506912,0.460829493088,OKX_GLOBAL_ACCOUNT_RATIO,1.39,0.581589958159,0.418410041841,OKX_GLOBAL_ACCOUNT_RATIO,,,,,PRICE_UP_OI_UP,PRICE_UP_OI_DOWN,PASS,PASS,-0.958878034825,-1.46446646089,-0.475435816165,-0.505588426061,0.803516655963,2.61412488492,-2.61105950289,-2.43502852016,0.255427841635,0.176030982731,2.87833796048,1.4247009742,-2.9159735448,-2.50259185577,0.415733930285,0.413381689032,5.41971482442,2.60026575097,-1.14106965117,-1.42059827019,-0.285805017466,-0.279528619015,0.592248489147,-1.1949037793,-1.70529464644,-1.12567081537,0.608779237424,0.579623831067,2.74335424379,1.16194328746
2026-08-28T20:00:00Z,2026-08-28T22:00:00+02:00,2026-08-29T19:00:00Z,77580.03,77609.83,77310.24,77407.34,264.10726,20461720.3561,119611,118.59606,9188001.15993,11273719.1961,0.449033658952,-0.222595943827,0.387516582538,2435.68,2436.12,2424.03,2427.61,5722.7458,13908631.283,52881,2354.4915,5722972.87953,8185658.40346,0.411469163506,-0.331733512885,0.498756203512,0.0314,0.03141,0.03136,0.03137,-0.0955414012739,0.15943877551,0.0313614962095,2.71153850907,2912925.21,29129.2521,0.0208428460874,OKX_CONTRACT_OI_HISTORY,6158659.58,615865.958,0.136128437668,OKX_CONTRACT_OI_HISTORY,1.18,0.54128440367,0.45871559633,OKX_GLOBAL_ACCOUNT_RATIO,1.4,0.583333333333,0.416666666667,OKX_GLOBAL_ACCOUNT_RATIO,,,,,PRICE_DOWN_OI_UP,PRICE_DOWN_OI_UP,PASS,PASS,-0.489944138244,-0.601075220387,-0.127347978351,-0.111131082144,-1.13757294112,1.65755172735,-2.65282371847,-2.4292116316,0.255672738894,0.223612086866,3.06652217877,1.28452353508,-3.35679684379,-3.1987814166,0.191632066432,0.158015427184,5.13743385484,3.31393493986,-1.33164159912,-1.8064369992,-0.444303395747,-0.474795400073,0.671754279354,-0.416055257679,-1.02139052271,-0.362414013889,0.641642605069,0.658976508823,3.37640661709,0.938220417944
2026-08-28T21:00:00Z,2026-08-28T23:00:00+02:00,2026-08-29T23:00:00Z,77407.34,77537.33,77255.69,77364,392.38715,30371849.8381,98500,169.82544,13145027.8325,17226822.0056,0.432803003523,-0.0559895224406,0.36455567221,2427.61,2432.14,2422.36,2424.9,4722.7755,11462597.8707,51138,1807.6521,4386566.53102,7076031.33968,0.382685197588,-0.111632428603,0.403738502948,0.03137,0.03139,0.03132,0.03135,-0.0637551801084,0.22349936143,0.0313440359857,1.90275887666,2922692.99,29226.9299,0.33532546481,OKX_CONTRACT_OI_HISTORY,6186636.03,618663.603,0.454261997056,OKX_CONTRACT_OI_HISTORY,1.19,0.543378995434,0.456621004566,OKX_GLOBAL_ACCOUNT_RATIO,1.42,0.586776859504,0.413223140496,OKX_GLOBAL_ACCOUNT_RATIO,,,,,UNAVAILABLE,UNAVAILABLE,PASS,PASS,-0.693160813309,-0.772979675013,-0.0956022944551,-0.0798188617043,-0.184064482745,1.60501451609,-2.4231385458,-2.59802858313,-0.15923566879,-0.174890037335,2.84082204705,1.05985732518,-3.51691110446,-3.1635864096,0.352112676056,0.353324694863,5.56173947383,3.33782038839,-1.72756697734,-2.88046395014,-1.13528855251,-1.1528969728,1.03278276401,1.61115817056,-1.53493699885,-0.691705674935,0.90119085935,0.843231323919,1.53854418566,3.97815838107
2026-08-28T22:00:00Z,2026-08-29T00:00:00+02:00,2026-08-29T23:00:00Z,77364,77773.2,77342,77758.69,339.14252,26322577.538,96411,213.33791,16562424.268,9760153.26998,0.629209819749,0.51017269014,0.557523725789,2424.91,2445,2422.68,2442.01,9336.5578,22745290.7495,61128,4672.0381,11382748.8682,11362541.8813,0.500444201552,0.705596107056,0.921293773837,0.03134,0.03144,0.03132,0.03143,0.255183413078,0.383141762452,0.031404978659,7.96731667766,2926388.13,29263.8813,0.126429290132,OKX_CONTRACT_OI_HISTORY,6149745.61,614974.561,-0.596292069246,OKX_CONTRACT_OI_HISTORY,1.21,0.547511312217,0.452488687783,OKX_GLOBAL_ACCOUNT_RATIO,1.45,0.591836734694,0.408163265306,OKX_GLOBAL_ACCOUNT_RATIO,,,,,PRICE_UP_OI_UP,PRICE_UP_OI_DOWN,PASS,PASS,0.263932227867,0.548857815768,0.383264132865,0.284925587901,0.99046008647,-0.327062316645,-2.27132506153,-2.57524256351,-0.222222222222,-0.303917501983,3.11601991493,0.294488377875,-3.16864045659,-2.90797765541,0.351213282248,0.260662801181,6.02782399646,2.37806770507,-1.19607369759,-2.074001596,-0.82044809088,-0.877927898417,1.26427808236,2.53808293129,-1.43342251714,-0.482101522512,1.06109324759,0.951320994627,1.36273895036,3.34303648076
2026-08-28T23:00:00Z,2026-08-29T01:00:00+02:00,2026-08-29T23:00:00Z,77758.69,77846.72,77640.74,77845.87,599.54517,46605143.04,63163,264.17857,20535646.6054,26069496.4346,0.440630481228,0.112116086318,0.265298862427,2442.01,2442.83,2436.47,2442.8,5671.1937,13835909.3228,44244,3202.5382,7812936.91941,6022972.40335,0.564685467153,0.0323503998755,0.261033380259,0.03141,0.03142,0.03138,0.03139,-0.127266942412,0.12746972594,0.0313799563162,3.20066849517,2930760.05,29307.6005,0.149396450703,OKX_CONTRACT_OI_HISTORY,6178436.35,617843.635,0.466535395437,OKX_CONTRACT_OI_HISTORY,1.22,0.54954954955,0.45045045045,OKX_GLOBAL_ACCOUNT_RATIO,1.44,0.590163934426,0.409836065574,OKX_GLOBAL_ACCOUNT_RATIO,,,,,PRICE_UP_OI_UP,PRICE_UP_OI_UP,PASS,PASS,0.342665502965,0.291909068888,-0.0318471337579,-0.0507564340771,0.633236093501,0.457686912378,-2.20875474677,-2.48692666959,-0.254210359072,-0.278171922824,3.77365462021,0.872325132174,-2.99529293487,-2.71372474054,0.319590923618,0.281568194331,6.08882117681,3.06629876654,-1.49053923662,-2.55227822146,-1.04035308953,-1.06173898484,0.822664365974,1.66679277582,-0.882706380538,0.00655028985035,0.932475884244,0.889256670389,1.17478583642,2.80535278086
2026-08-29T00:00:00Z,2026-08-29T02:00:00+02:00,2026-08-29T23:00:00Z,77845.88,77963.92,77722,77733.63,321.80979,25044555.3212,83797,164.85814,12830962.7037,12213592.6175,0.512325435174,-0.144182343906,0.311263220195,2442.79,2448.05,2441.02,2442.47,5333.4464,13038900.6676,45662,3348.4028,8187138.41666,4851762.25097,0.627900973047,-0.0135090879319,0.287994363012,0.03139,0.03143,0.03138,0.03141,0.0637145587767,0.159337157425,0.0314210207345,-3.5074400095,2900489.39,29004.8939,-1.03286040084,OKX_CONTRACT_OI_HISTORY,6180089.17,618008.917,0.0267514287819,OKX_CONTRACT_OI_HISTORY,1.2,0.545454545455,0.454545454545,OKX_GLOBAL_ACCOUNT_RATIO,1.43,0.588477366255,0.411522633745,OKX_GLOBAL_ACCOUNT_RATIO,0.0001,OKX_FUNDING_HISTORY,0.0001,OKX_FUNDING_HISTORY,PRICE_DOWN_OI_DOWN,PRICE_DOWN_OI_UP,PASS,PASS,0.421523333575,0.612124682301,0.127510360217,0.190601348725,-0.426918616287,0.347958670578,-2.12465083249,-2.26640684084,-0.190657769304,-0.141756008342,2.61435879679,0.997086375788,-3.52756403892,-2.90744590775,0.608584240871,0.620118131168,3.15835916315,3.22244861314,-1.21537664057,-1.98795349938,-0.852272727273,-0.772576858817,-0.72039027007,0.835969193222,-1.14223522064,-0.154114068938,0.931876606684,0.988121151702,-0.792112804223,1.91672463688
2026-08-29T01:00:00Z,2026-08-29T03:00:00+02:00,2026-08-29T23:00:00Z,77733.63,77849.29,77631.28,77794.11,235.06968,18275809.9943,70824,110.79332,8615791.64367,9660018.35067,0.471431452085,0.0778041627543,0.280827522102,2442.47,2445.92,2439.18,2443.78,3843.4627,9387533.89716,32183,1398.353,3416158.55412,5971375.34303,0.363903725041,0.053634230922,0.276322370633,0.03142,0.03143,0.0314,0.03142,0.0318369945877,0.0955414012739,0.0314134321994,2.09076185254,2880920.22,28809.2022,-0.674685108915,OKX_CONTRACT_OI_HISTORY,6186676.24,618667.624,0.106585355305,OKX_CONTRACT_OI_HISTORY,1.2,0.545454545455,0.454545454545,OKX_GLOBAL_ACCOUNT_RATIO,1.42,0.586776859504,0.413223140496,OKX_GLOBAL_ACCOUNT_RATIO,,,,,PRICE_UP_OI_DOWN,PRICE_UP_OI_UP,PASS,PASS,0.555956258725,0.778588807786,0.223285486443,0.222632549061,-1.42925617377,0.00064994933926,-1.93700425119,-2.60604104146,-0.695322376738,-0.669036790271,1.3607660339,1.45712918913,-3.36181021754,-2.73280157934,0.672861262416,0.629008638201,0.975752456762,1.4349101739,-1.39997290195,-2.16544495911,-0.758054327227,-0.765472057154,-0.543067496026,-1.78032360668,-1.29546192463,-0.497151861367,0.834403080873,0.798310063266,-1.79085265784,2.33353494828
2026-08-29T02:00:00Z,2026-08-29T04:00:00+02:00,2026-08-29T23:00:00Z,77794.11,77829.72,77584.53,77671.18,367.62079,28549355.9982,82768,169.09058,13130834.65,15418521.3482,0.459934530601,-0.158019675268,0.316029497118,2443.77,2444.95,2435.59,2438.73,3903.7061,9523629.21957,38494,1872.9794,4569150.55015,4954478.66941,0.479769890743,-0.206647079524,0.384301134427,0.03141,0.03142,0.03138,0.0314,-0.0636537237428,0.12746972594,0.0313981324862,0.594784990546,2887308.16,28873.0816,0.221732624029,OKX_CONTRACT_OI_HISTORY,6153231.14,615323.114,-0.540598840194,OKX_CONTRACT_OI_HISTORY,1.2,0.545454545455,0.454545454545,OKX_GLOBAL_ACCOUNT_RATIO,1.42,0.586776859504,0.413223140496,OKX_GLOBAL_ACCOUNT_RATIO,,,,,PRICE_DOWN_OI_UP,PRICE_DOWN_OI_DOWN,PASS,PASS,-0.112540476183,-0.134315584293,-0.0954502068088,-0.0217751081098,-1.33543358789,0.0566776289792,-2.35253029703,-2.95543175487,-0.601456157012,-0.602901457841,1.29309338785,4.11014156997,-2.82126829393,-2.1478497428,0.705580500321,0.673418551124,2.07512778172,2.04770642448,-1.32953478351,-2.24473189483,-0.91511517829,-0.915197111324,-0.193809020078,-3.50955194071,-1.81627648278,-1.07414784136,0.737888995829,0.742128641423,-1.63901947846,0.902783616612
2026-08-29T03:00:00Z,2026-08-29T05:00:00+02:00,2026-08-29T23:00:00Z,77671.18,77731.43,77507.16,77507.17,238.89187,18548329.0497,92320,103.55766,8041283.02174,10507046.028,0.433531397906,-0.211159403012,0.289353912593,2438.72,2441.62,2434.56,2435.23,3828.7446,9336710.9982,35004,1868.2847,4556268.827,4780442.1712,0.487995058204,-0.143517322541,0.289990799159,0.0314,0.03142,0.03138,0.03141,0.031847133758,0.12746972594,0.0314194157779,-2.99680235542,2886668.36,28866.6836,-0.0221590479625,OKX_CONTRACT_OI_HISTORY,6143447.98,614344.798,-0.158992239645,OKX_CONTRACT_OI_HISTORY,1.2,0.545454545455,0.454545454545,OKX_GLOBAL_ACCOUNT_RATIO,1.42,0.586776859504,0.413223140496,OKX_GLOBAL_ACCOUNT_RATIO,,,,,PRICE_DOWN_OI_DOWN,PRICE_DOWN_OI_DOWN,PASS,PASS,-0.435090519253,-0.309890289831,0.0637145587767,0.125200229422,-1.50444557889,-0.566298137878,-1.05189341709,-1.48307570321,-0.443740095087,-0.43118228612,-0.084296383719,2.5000147991,-2.88598654137,-2.19645611104,0.705354280218,0.689530430328,2.35573488569,1.335140837,-1.67892754445,-2.31297810974,-0.664136622391,-0.634050565291,-0.388139228217,-4.36240074684,-1.99959235602,-1.23054709459,0.737652341244,0.769045261431,-1.75190355093,-0.0509551654772
2026-08-29T04:00:00Z,2026-08-29T06:00:00+02:00,2026-08-29T23:00:00Z,77507.17,77678.67,77507.17,77648.91,229.90598,17844069.277,71140,104.75521,8130037.17375,9714032.1032,0.455615647281,0.182873403841,0.221269851551,2435.24,2441.13,2434.65,2440.45,3175.398,7743250.95028,29244,1735.8547,4232958.13967,3510292.81062,0.546664206913,0.214353469693,0.266157353213,0.03141,0.03143,0.0314,0.03143,0.0636739891754,0.0955414012739,0.031429288576,0.22635702432,2885277.71,28852.7771,-0.0481749140037,OKX_CONTRACT_OI_HISTORY,6161930.73,616193.073,0.300853039859,OKX_CONTRACT_OI_HISTORY,1.2,0.545454545455,0.454545454545,OKX_GLOBAL_ACCOUNT_RATIO,1.43,0.588477366255,0.411522633745,OKX_GLOBAL_ACCOUNT_RATIO,,,,,PRICE_UP_OI_DOWN,PRICE_UP_OI_UP,PASS,PASS,-0.108987577191,-0.0827031652385,0.0636739891754,0.026284411953,-0.524452185636,-0.293821650473,-0.179396789704,-0.0753391284409,0.0636739891754,0.104057661263,-2.0759076923,1.71154677221,-2.50477720742,-1.83936802645,0.67264573991,0.665409180969,3.29140110861,1.73803438584,-1.44074957361,-1.88672418368,-0.474984167194,-0.445974610067,-0.0593379101151,-3.59627093105,-1.49327633014,-0.66954291994,0.801796023092,0.823733410205,-2.02400851066,0.243037437613
2026-08-29T05:00:00Z,2026-08-29T07:00:00+02:00,2026-08-29T23:00:00Z,77648.91,77716.12,77604.06,77632.53,195.32253,15170676.3342,55572,107.49272,8349195.48524,6821480.84895,0.550350907324,-0.0210949516226,0.144399661564,2440.45,2442.03,2437.98,2438.62,3972.5746,9693802.0611,30816,2072.4308,5056892.46326,4636909.59784,0.521662442804,-0.0749861705833,0.166121133069,0.03142,0.03143,0.03141,0.03142,-0.0318167356029,0.0636739891754,0.0314123473755,2.43618357924,2888746.56,28887.4656,0.120225862071,OKX_CONTRACT_OI_HISTORY,6163417.79,616341.779,0.0241330203983,OKX_CONTRACT_OI_HISTORY,1.21,0.547511312217,0.452488687783,OKX_GLOBAL_ACCOUNT_RATIO,1.43,0.588477366255,0.411522633745,OKX_GLOBAL_ACCOUNT_RATIO,,,,,PRICE_DOWN_OI_UP,PRICE_DOWN_OI_UP,PASS,PASS,-0.207702099812,-0.211148303039,0,-0.00344620322682,0.271661115281,-0.375944191966,-0.348467344424,-0.211556639482,0.12746972594,0.136910704942,-1.34340440641,1.22369426373,-2.57695203674,-2.19386199926,0.415468200703,0.383090037482,3.17218663255,1.42195944527,-1.62207405539,-2.3235321213,-0.695322376738,-0.701458065905,0.156654729146,-2.6647962687,-1.83780993799,-1.06697174756,0.802053256336,0.770838190432,-1.3646185002,-0.144557970264
2026-08-29T06:00:00Z,2026-08-29T08:00:00+02:00,2026-08-29T23:00:00Z,77632.52,77632.53,77382.37,77466.82,305.02922,23629366.1682,58379,137.154,10624122.5423,13005243.6259,0.449615214671,-0.213454334156,0.323277769859,2438.62,2439.05,2430.45,2435.16,3603.2884,8769664.24567,38090,1376.0073,3349182.62873,5420481.61694,0.381905456686,-0.141883524288,0.353843938365,0.03142,0.03144,0.03138,0.03143,0.0318268618714,0.19120458891,0.0314348775385,-1.55163274692,2912817.81,29128.1781,0.83327663054,OKX_CONTRACT_OI_HISTORY,6224892.56,622489.256,0.997413644419,OKX_CONTRACT_OI_HISTORY,1.21,0.547511312217,0.452488687783,OKX_GLOBAL_ACCOUNT_RATIO,1.45,0.591836734694,0.408163265306,OKX_GLOBAL_ACCOUNT_RATIO,,,,,PRICE_DOWN_OI_UP,PRICE_DOWN_OI_UP,PASS,PASS,-0.263109173827,-0.146387668992,0.0955414012739,0.116721504836,0.883509780958,1.16461446628,-0.112411996802,0.266811601364,0.383264132865,0.379223598166,0.522144606964,0.8908933094,-3.05038996068,-2.7103475829,0.351213282248,0.340042377779,4.32621828195,2.53774847821,-1.71366786737,-2.32440606311,-0.600885515497,-0.610738195737,1.53342029758,-1.96623920117,-1.87604689269,-1.01498701288,0.83413538659,0.861059879804,-0.620589711659,0.433559718948
2026-08-29T07:00:00Z,2026-08-29T09:00:00+02:00,2026-08-30T09:00:00Z,77466.83,77672,77438.01,77626.01,933.89852,72475362.6852,95716,477.76825,37075780.001,35399582.6842,0.511563911201,0.205481494467,0.302164273075,2435.17,2438,2434.16,2436.41,3357.706,8180060.98453,29965,1838.8499,4479478.44004,3700582.54448,0.547609418624,0.0509204696181,0.157754625826,0.03143,0.03144,0.03138,0.03138,-0.159083678015,0.19120458891,0.0313865159371,-2.07603071733,2910743,29107.43,-0.0712303389823,OKX_CONTRACT_OI_HISTORY,6217508.23,621750.823,-0.118625822515,OKX_CONTRACT_OI_HISTORY,1.21,0.547511312217,0.452488687783,OKX_GLOBAL_ACCOUNT_RATIO,1.45,0.591836734694,0.408163265306,OKX_GLOBAL_ACCOUNT_RATIO,,,,,UNAVAILABLE,UNAVAILABLE,PASS,PASS,0.153327750194,0.0484553820378,-0.0955109837631,-0.104872368156,0.83399396805,1.20551602685,0.0592678296206,0.0295604120393,-0.0636942675159,-0.0297074175813,-0.0540874963457,1.09297235772,-2.55333919156,-2.40618791258,0.191570881226,0.147151278983,2.8226936432,2.53324491975,-1.84132529494,-2.43276361947,-0.633312222926,-0.591438324528,0.798529551012,-2.36303458296,-1.64655151006,-1.03055512678,0.641436818473,0.615996383278,-0.741674856969,0.54354536803
2026-08-29T08:00:00Z,2026-08-29T10:00:00+02:00,2026-08-30T09:00:00Z,77626.01,77634,77487.73,77633.99,281.67849,21845925.0965,56485,159.14473,12341644.5928,9504280.50367,0.564940351041,0.0102800594801,0.188765369691,2436.4,2436.4,2431.2,2434.15,3803.1816,9254120.62821,27449,2176.3984,5295530.34033,3958590.28788,0.572234851163,-0.0927594288318,0.213886146759,0.03138,0.0314,0.03135,0.03135,-0.0956022944551,0.159489633174,0.031354178756,-1.3327588686,2914287.23,29142.8723,0.121763755852,OKX_CONTRACT_OI_HISTORY,6245778.99,624577.899,0.454695980354,OKX_CONTRACT_OI_HISTORY,1.21,0.547511312217,0.452488687783,OKX_GLOBAL_ACCOUNT_RATIO,1.44,0.590163934426,0.409836065574,OKX_GLOBAL_ACCOUNT_RATIO,6.78146415375e-05,OKX_FUNDING_HISTORY,8.88727632534e-05,OKX_FUNDING_HISTORY,PRICE_UP_OI_UP,PRICE_DOWN_OI_UP,PASS,PASS,-0.0192146934194,-0.258149111844,-0.254533884823,-0.238934418425,1.00543250653,1.36074655289,0.292801690382,0.269400768657,-0.0637551801084,-0.0234009217251,0.0467578087939,1.41458395075,-2.36778954077,-2.16635517775,0.191754554171,0.201434363024,3.11471382614,2.7172781496,-2.66061520896,-3.82845064301,-1.22873345936,-1.16783543405,1.61836684276,-2.66788872085,-1.36403617491,-0.901359367176,0.384245917387,0.462676807734,-0.849521875404,0.96322992407
2026-08-29T09:00:00Z,2026-08-29T11:00:00+02:00,2026-08-30T09:00:00Z,77634,77754.23,77566.01,77650.03,212.52791,16503770.4074,45036,95.02491,7379302.54773,9124467.85968,0.44712828436,0.020661053232,0.242657834276,2434.14,2437.29,2433.65,2435.44,3585.173,8731864.93163,21327,1829.7554,4456458.41031,4275406.52133,0.510367309297,0.0529959123308,0.149569576562,0.03135,0.03139,0.03135,0.03137,0.0637958532695,0.127591706539,0.0313643149912,1.8125722662,2904891.03,29048.9103,-0.322418459762,OKX_CONTRACT_OI_HISTORY,6256450.76,625645.076,0.170863714792,OKX_CONTRACT_OI_HISTORY,1.21,0.547511312217,0.452488687783,OKX_GLOBAL_ACCOUNT_RATIO,1.45,0.591836734694,0.408163265306,OKX_GLOBAL_ACCOUNT_RATIO,,,,,PRICE_UP_OI_DOWN,PRICE_UP_OI_UP,PASS,PASS,0.0225420967216,-0.130401620589,-0.159134309357,-0.15294371731,0.558874572922,1.50943799641,0.3697197663,0.434657099262,0.0637958532695,0.0649373329623,-0.60909442288,1.12847643956,-2.06237760167,-2.17466399955,-0.0955414012739,-0.112286397882,2.21442433551,2.20029400495,-2.92047358288,-3.92514221244,-1.0097822657,-1.00466862956,1.98443634546,-0.990012400266,-1.01276711723,-0.507788403796,0.512656199936,0.504978713436,-1.63266208804,-1.32934757431
2026-08-29T10:00:00Z,2026-08-29T12:00:00+02:00,2026-08-30T09:00:00Z,77650.02,77732,77526,77635.17,228.16206,17717885.8377,48040,126.04868,9787566.32423,7930319.51344,0.552411637252,-0.0191371465021,0.265717307742,2435.43,2438.41,2431.43,2434.72,2840.5679,6917917.03382,23788,1569.0896,3820963.17067,3096953.86315,0.552328562484,-0.0295634464409,0.287073861884,0.03136,0.03138,0.03134,0.03135,-0.0637551801084,0.127632418634,0.0313610442278,-3.52163903857,2901492.4,29014.924,-0.11699681554,OKX_CONTRACT_OI_HISTORY,6265252.7,626525.27,0.140685835111,OKX_CONTRACT_OI_HISTORY,1.21,0.547511312217,0.452488687783,OKX_GLOBAL_ACCOUNT_RATIO,1.46,0.593495934959,0.406504065041,OKX_GLOBAL_ACCOUNT_RATIO,,,,,PRICE_DOWN_OI_DOWN,PRICE_DOWN_OI_UP,PASS,PASS,0.217318846959,-0.0180686279341,-0.254533884823,-0.235387474893,-0.388812851979,0.648366853098,-0.158850412732,-0.298524576066,-0.254533884823,-0.139674163334,-0.850732332625,1.87824175706,-2.42656746503,-2.86607940763,-0.47619047619,-0.439511942606,2.2387785934,2.17826133862,-2.50022605682,-2.75123821697,-0.286259541985,-0.251012160152,4.02766375129,2.87958660633,-1.3874195087,-1.38681874149,-0.031887755102,0.000600767203007,-0.687419760984,-0.143275948586
2026-08-29T11:00:00Z,2026-08-29T13:00:00+02:00,2026-08-30T09:00:00Z,77635.17,77724.99,77573.32,77584.67,269.60514,20930580.7822,42626,153.61847,11924501.9652,9006078.81696,0.569716726417,-0.065047838499,0.195518252925,2434.71,2438.5,2433.63,2435.87,2291.7896,5583717.07107,21176,1200.7115,2925251.66849,2658465.40258,0.523889665479,0.0472333574292,0.200112589013,0.03136,0.03139,0.03135,0.03139,0.127591706539,0.127591706539,0.0313962797032,-2.00014245423,2894116.61,28941.1661,-0.254206766146,OKX_CONTRACT_OI_HISTORY,6275780.05,627578.005,0.168027540214,OKX_CONTRACT_OI_HISTORY,1.21,0.547511312217,0.452488687783,OKX_GLOBAL_ACCOUNT_RATIO,1.45,0.591836734694,0.408163265306,OKX_GLOBAL_ACCOUNT_RATIO,,,,,PRICE_DOWN_OI_DOWN,PRICE_UP_OI_UP,PASS,PASS,-0.0532553457275,-0.0221637573315,0.031867431485,0.0310915883961,-0.571207763791,0.937221437341,-0.33553482028,-0.28369084657,0,0.0518439737106,-1.250305019,1.57553941621,-2.53687842578,-2.76356233284,-0.254210359072,-0.226683907061,2.47616740809,2.46160837468,-2.38180107696,-2.63257825585,-0.285895806862,-0.25077717889,3.52358182369,2.98208061303,-1.1499828125,-1.10511593161,0.031867431485,0.0448668808828,-0.877818616518,0.749947989789
2026-08-29T12:00:00Z,2026-08-29T14:00:00+02:00,2026-08-30T14:00:00Z,77584.66,77657.99,77506.63,77583.74,316.37633,24546251.4351,46809,215.65037,16731797.4319,7814454.00323,0.68164369114,-0.00118580142002,0.19528651936,2435.88,2438.96,2433.14,2434.33,2306.1732,5617247.21169,20157,1216.6689,2963850.13837,2653397.07332,0.527633915097,-0.0636320344188,0.239197086892,0.03139,0.03141,0.03138,0.03138,-0.0318572793883,0.0956022944551,0.0313768065319,1.01777984086,2892094.63,28920.9463,-0.0698651876366,OKX_CONTRACT_OI_HISTORY,6278405.24,627840.524,0.0418304972304,OKX_CONTRACT_OI_HISTORY,1.21,0.547511312217,0.452488687783,OKX_GLOBAL_ACCOUNT_RATIO,1.45,0.591836734694,0.408163265306,OKX_GLOBAL_ACCOUNT_RATIO,,,,,UNAVAILABLE,UNAVAILABLE,PASS,PASS,-0.0647268032984,0.00739477846476,0.0956937799043,0.0721215817632,-0.761510388254,0.522372790524,-0.192825164604,-0.333269190614,-0.0955109837631,-0.140444026011,-0.289425640685,1.590851965,-2.31337913563,-2.59212279572,-0.285986653956,-0.278743660083,2.31736653141,2.60380050899,-2.14243253003,-2.42775261534,-0.285986653956,-0.285320085304,3.26129819984,2.38920269185,-0.93954781939,-0.84235909426,0.0956937799043,0.0971887251294,-0.811135669574,2.63790424678
2026-08-29T13:00:00Z,2026-08-29T15:00:00+02:00,2026-08-30T14:00:00Z,77583.74,77722,77559.45,77704.32,195.58499,15189189.7606,46094,73.43337,5702638.6468,9486551.11381,0.37544060853,0.155419163861,0.209581166447,2434.33,2436.51,2432.42,2435.63,5762.1485,14025573.0962,31449,1598.4095,3891304.1125,10134268.9837,0.277443501653,0.053402784339,0.168145303854,0.03138,0.03139,0.03133,0.03135,-0.0956022944551,0.191509735078,0.0313448467215,1.64405923724,2891773.74,28917.7374,-0.0110954184096,OKX_CONTRACT_OI_HISTORY,6286785.7,628678.57,0.133480711736,OKX_CONTRACT_OI_HISTORY,1.21,0.547511312217,0.452488687783,OKX_GLOBAL_ACCOUNT_RATIO,1.46,0.593495934959,0.406504065041,OKX_GLOBAL_ACCOUNT_RATIO,,,,,PRICE_UP_OI_DOWN,PRICE_UP_OI_UP,PASS,PASS,0.0699162640375,0.00780146503301,-0.0637551801084,-0.0621147990045,-0.451558762946,0.484858606959,-0.115420049153,-0.333499742203,-0.2227880331,-0.21807969305,0.376737957707,1.6181460952,-2.05018860908,-2.93084964351,-0.916561314791,-0.880661034425,1.74263051377,3.0988537634,-2.29945626446,-2.4452472884,-0.15923566879,-0.145791023936,3.69358520477,2.08121331758,-0.948824364878,-0.881862206487,0.095785440613,0.0669621583908,-0.122164088106,0.569828363139
2026-08-29T14:00:00Z,2026-08-29T16:00:00+02:00,2026-08-30T14:00:00Z,77704.32,78150,77663.83,78014.37,456.42164,35546019.5652,101035,287.76562,22415388.0842,13130631.4809,0.630601917133,0.399012564552,0.625992820596,2435.63,2452.64,2435.05,2448.58,7417.4232,18128714.9154,62811,4816.7298,11772743.4037,6355971.51174,0.64939756947,0.531689952907,0.722367097185,0.03135,0.03143,0.03134,0.03139,0.127591706539,0.287172941927,0.0313862689656,1.18874735561,2866105.75,28661.0575,-0.887620965809,OKX_CONTRACT_OI_HISTORY,6256656.61,625665.661,-0.479244743462,OKX_CONTRACT_OI_HISTORY,1.26,0.557522123894,0.442477876106,OKX_GLOBAL_ACCOUNT_RATIO,1.49,0.598393574297,0.401606425703,OKX_GLOBAL_ACCOUNT_RATIO,,,,,PRICE_UP_OI_DOWN,PRICE_UP_OI_DOWN,PASS,PASS,0.488438422947,0.569264638234,0.127591706539,0.0808262152869,-1.21960167809,-0.137202606369,0.441849859884,0.403898750579,-0.0318471337579,-0.0379511093045,-0.734331384981,1.68083186942,-1.92107508897,-2.56346995623,-0.633111744223,-0.642394867256,0.549266412288,5.86005800878,-2.73013644573,-2.73531841871,0.031867431485,-0.00518197298295,2.16934154563,1.27940898349,0.287811567688,0.377145012257,0.127591706539,0.0893334445692,-1.72272236668,-0.0690007356089
2026-08-29T15:00:00Z,2026-08-29T17:00:00+02:00,2026-08-30T14:00:00Z,78014.37,78014.37,77806.9,77865.36,314.87544,24531865.2277,82597,169.03662,13168684.1795,11363181.0482,0.536799140924,-0.191003272859,0.266647302489,2448.59,2449.35,2441.03,2444.76,4594.7812,11232197.9758,41250,2387.4668,5836317.71278,5395880.26299,0.519606022381,-0.156008788767,0.340839727492,0.03139,0.03141,0.03134,0.0314,0.0318572793883,0.22335673261,0.0313972734474,0.868404260539,2870241.54,28702.4154,0.144299979162,OKX_CONTRACT_OI_HISTORY,6283173.06,628317.306,0.423811816004,OKX_CONTRACT_OI_HISTORY,1.25,0.555555555556,0.444444444444,OKX_GLOBAL_ACCOUNT_RATIO,1.47,0.595141700405,0.404858299595,OKX_GLOBAL_ACCOUNT_RATIO,,,,,PRICE_DOWN_OI_UP,PRICE_DOWN_OI_UP,PASS,PASS,0.361785388789,0.364962005362,0.0318572793883,0.00317661657276,-0.824951901299,0.117802248344,0.462137889953,0.39133880578,-0.0318369945877,-0.0707990841725,-0.569058095749,2.27437556979,-0.594616725177,-1.09754074817,-0.475435816165,-0.502924022996,-0.652874784072,4.83125009473,-3.03473174872,-3.05034738746,0,-0.0156156387344,2.16949776886,1.73363424546,-0.187523273767,-0.20776782252,0,-0.0202445487523,-1.56410730442,0.963735381129
2026-08-29T16:00:00Z,2026-08-29T18:00:00+02:00,2026-08-30T18:00:00Z,77865.36,78130.43,77858.29,78027.17,330.48346,25775696.5115,90610,159.61053,12448656.6084,13327039.9031,0.482961017286,0.207807425536,0.349532464687,2444.75,2457.77,2444.52,2450.98,8805.9659,21579671.0422,56676,5180.2508,12694987.7609,8884683.28129,0.588284582099,0.254831782391,0.542028700931,0.0314,0.03144,0.03138,0.03141,0.031847133758,0.19120458891,0.0314118787084,-0.598088519695,2876156.83,28761.5683,0.206090320886,OKX_CONTRACT_OI_HISTORY,6266489.34,626648.934,-0.265530168287,OKX_CONTRACT_OI_HISTORY,1.25,0.555555555556,0.444444444444,OKX_GLOBAL_ACCOUNT_RATIO,1.48,0.596774193548,0.403225806452,OKX_GLOBAL_ACCOUNT_RATIO,4.38328499472e-05,OKX_FUNDING_HISTORY,8.31669583314e-05,OKX_FUNDING_HISTORY,UNAVAILABLE,UNAVAILABLE,PASS,PASS,0.571550172755,0.683966430188,0.0956022944551,0.112416257433,-0.551081552957,-0.189791826817,0.487141416409,0.431477801225,-0.0636334712058,-0.0556636151836,-0.316117924052,1.69684818901,0.306870710643,0.355813601169,0,0.0489428905267,-2.38546330005,3.43743731163,-2.91988702814,-2.8279632559,0.0956022944551,0.0919237722391,2.72670893983,1.19070145573,0.0459923093986,0.259342888933,0.191387559809,0.213350579534,-2.45551096345,0.108978949269
2026-08-29T17:00:00Z,2026-08-29T19:00:00+02:00,2026-08-30T18:00:00Z,78027.17,78100,77896,78100,210.10626,16393221.3308,64164,108.48902,8465319.54496,7927901.78582,0.516391462919,0.0933392816887,0.261887645065,2450.99,2455.44,2445.57,2450.74,8009.9475,19635474.1761,43490,3605.2698,8837209.83438,10798264.3417,0.450063479758,-0.00979200156673,0.403586893853,0.03142,0.03144,0.03138,0.03139,-0.0636739891754,0.19120458891,0.0313795134443,3.34184776843,2879092.43,28790.9243,0.102066756909,OKX_CONTRACT_OI_HISTORY,6242135.23,624213.523,-0.388640412177,OKX_CONTRACT_OI_HISTORY,1.25,0.555555555556,0.444444444444,OKX_GLOBAL_ACCOUNT_RATIO,1.46,0.593495934959,0.406504065041,OKX_GLOBAL_ACCOUNT_RATIO,,,,,PRICE_UP_OI_UP,PRICE_DOWN_OI_DOWN,PASS,PASS,0.50921235782,0.620373373624,0.127591706539,0.111161015804,-0.438530505502,-0.710227326502,0.602157368825,0.497002402998,-0.0954805856142,-0.105154965826,-0.334197888236,1.27717189848,0.251591702608,0.284394321934,0.031867431485,0.032802619326,-1.67311266549,2.51649484147,-2.911969624,-2.67387324419,0.25550942191,0.238096379811,2.35070623737,0.646967165772,-0.437044405461,-0.410428959217,0.0637551801084,0.0266154462434,-1.07413784945,-0.00737225411587
2026-08-29T18:00:00Z,2026-08-29T20:00:00+02:00,2026-08-30T18:00:00Z,78099.99,78250,78018.02,78158.01,252.93546,19762803.4167,63302,142.19542,11109841.2123,8652962.20441,0.562159172361,0.0742765685019,0.297341562885,2450.74,2455.83,2445.6,2452.45,8539.113,20943123.9415,41544,4505.2387,11046487.2516,9896636.68993,0.527451744182,0.0697748435166,0.418302257115,0.03138,0.0314,0.03134,0.03138,-0.0318572793883,0.191448627951,0.0313781018734,0.604920793492,2863056.7,28630.567,-0.556971698196,OKX_CONTRACT_OI_HISTORY,6247868.93,624786.893,0.0918547866833,OKX_CONTRACT_OI_HISTORY,1.26,0.557522123894,0.442477876106,OKX_GLOBAL_ACCOUNT_RATIO,1.45,0.591836734694,0.408163265306,OKX_GLOBAL_ACCOUNT_RATIO,,,,,PRICE_UP_OI_DOWN,PRICE_UP_OI_UP,PASS,PASS,0.184119925598,0.15805078862,-0.0318572793883,-0.026069136978,-0.10638302512,-0.140453289157,0.892240058389,0.710014947683,-0.159083678015,-0.182225110706,-1.70834955174,0.369104683792,0.778825076721,0.978720951299,0.223570744171,0.199895874578,-1.19512499982,1.26328632213,-2.4861669937,-2.16380964539,0.351774864087,0.322357348308,3.16893708605,3.42862061543,-0.400650368709,-0.818541750078,-0.412567438908,-0.417891381369,-1.57607716387,-0.013505981411
2026-08-29T19:00:00Z,2026-08-29T21:00:00+02:00,2026-08-30T18:00:00Z,78158.01,78330,78138.87,78182,231.34566,18101311.5653,61519,115.78928,9059810.9931,9041500.57225,0.500505776081,0.030694230828,0.244602974166,2452.45,2458.9,2451.7,2453.51,3897.5449,9571616.23266,42426,2486.258,6105518.44537,3466097.78729,0.63787748035,0.0432220840384,0.293673777379,0.03138,0.03142,0.03136,0.03138,0,0.191326530612,0.0313820316697,-0.647399032407,2856401.43,28564.0143,-0.232453307683,OKX_CONTRACT_OI_HISTORY,6218455.72,621845.572,-0.470771879653,OKX_CONTRACT_OI_HISTORY,1.26,0.557522123894,0.442477876106,OKX_GLOBAL_ACCOUNT_RATIO,1.45,0.591836734694,0.408163265306,OKX_GLOBAL_ACCOUNT_RATIO,,,,,PRICE_UP_OI_DOWN,PRICE_UP_OI_DOWN,PASS,PASS,0.406650659549,0.357908342741,-0.0636942675159,-0.0487423168075,-0.482193216394,-1.03001046417,0.716241888511,0.701852315497,0,-0.0143895730143,-1.86693122684,0.0152390630611,0.775934219154,0.731620197973,-0.0636942675159,-0.0443140211814,-1.92000894682,1.10837797953,-2.1626653622,-1.78928112529,0.351774864087,0.373384236917,3.39564686808,3.73746450349,-0.373989381908,-0.699371456093,-0.349317243569,-0.325382074185,-1.33913168166,-0.0997698501436
2026-08-29T20:00:00Z,2026-08-29T22:00:00+02:00,2026-08-30T18:00:00Z,78181.99,78298,78117.95,78129.92,132.29288,10344245.0569,43422,63.60239,4973384.7159,5370860.34095,0.480787596249,-0.0666137985726,0.230484798948,2453.51,2458.24,2451.7,2452.82,2521.0013,6187780.37141,28707,1288.3825,3162644.36222,3025136.00919,0.511111282623,-0.0281229748401,0.266753681119,0.03138,0.03141,0.03135,0.03139,0.031867431485,0.191387559809,0.031394118924,-1.31200495756,2853525.23,28535.2523,-0.100693129817,OKX_CONTRACT_OI_HISTORY,6203752.82,620375.282,-0.236439731374,OKX_CONTRACT_OI_HISTORY,1.25,0.555555555556,0.444444444444,OKX_GLOBAL_ACCOUNT_RATIO,1.44,0.590163934426,0.409836065574,OKX_GLOBAL_ACCOUNT_RATIO,,,,,PRICE_DOWN_OI_DOWN,PRICE_DOWN_OI_DOWN,PASS,PASS,0.131684898991,0.0750720120115,-0.0636739891754,-0.0566128869794,-0.78686946984,-1.00114301,0.638805244971,0.767002855206,0.127591706539,0.128197610235,-2.08496950385,-0.672873152689,0.933477367909,1.03846993545,0.0637551801084,0.104992567542,-2.03918658111,0.732192442434,-2.4546544147,-2.19352986446,0.25550942191,0.261124550238,2.99348541195,4.07039176347,-0.410594804163,-0.786726368884,-0.380831482069,-0.376131564721,-1.38113062488,0.313090859602
2026-08-29T21:00:00Z,2026-08-29T23:00:00+02:00,2026-08-30T18:00:00Z,78129.92,78198,78062,78161.63,132.03751,10315284.6881,47059,66.003,5156425.28321,5158859.4049,0.499882013838,0.0405862440407,0.174220491404,2452.82,2454.09,2449.08,2451.47,2265.0166,5552845.30689,27799,1116.475,2737510.046,2815335.26089,0.492992311996,-0.0550386901607,0.204566612769,0.0314,0.0314,0.03136,0.03137,-0.0637145587767,0.127551020408,0.0313641104977,1.87778394188,2846130.46,28461.3046,-0.259145071586,OKX_CONTRACT_OI_HISTORY,6200768,620076.8,-0.048113135494,OKX_CONTRACT_OI_HISTORY,1.24,0.553571428571,0.446428571429,OKX_GLOBAL_ACCOUNT_RATIO,1.44,0.590163934426,0.409836065574,OKX_GLOBAL_ACCOUNT_RATIO,,,,,PRICE_UP_OI_DOWN,PRICE_DOWN_OI_DOWN,PASS,PASS,0.0789116517286,0.0297869215013,-0.0637145587767,-0.0491247302273,-1.1448736295,-0.662709609385,0.658853576747,0.658197286733,0,-0.000656290014289,-2.02281494876,-0.890005566031,1.03100925495,1.09571528723,0.0637958532695,0.0647060322777,-2.6195885186,0.228427370407,-2.52216152848,-2.10253502228,0.416133162612,0.419626506201,2.79645626653,3.57387225414,-0.714369097814,-1.81631034676,-1.07221696626,-1.10194124895,-1.6138604133,1.84326586721
2026-08-29T22:00:00Z,2026-08-30T00:00:00+02:00,2026-08-30T18:00:00Z,78161.62,78239.4,78086,78228.34,298.22816,23310723.8458,33251,119.45309,9336347.68081,13974376.165,0.400517278767,0.0853487830282,0.196450067874,2451.47,2453.25,2449.37,2452.64,1863.8534,4569155.15519,21896,1332.0882,3265529.81688,1303625.33831,0.71469006982,0.0477264661611,0.158408080445,0.03136,0.03138,0.03135,0.03135,-0.0637551801084,0.0956937799043,0.0313523206551,-0.740186085196,2843405.47,28434.0547,-0.0957436785944,OKX_CONTRACT_OI_HISTORY,6204165.9,620416.59,0.0547980508221,OKX_CONTRACT_OI_HISTORY,1.24,0.553571428571,0.446428571429,OKX_GLOBAL_ACCOUNT_RATIO,1.44,0.590163934426,0.409836065574,OKX_GLOBAL_ACCOUNT_RATIO,,,,,PRICE_UP_OI_DOWN,PRICE_UP_OI_UP,PASS,PASS,0.0899843790803,0.00774735468614,-0.0956022944551,-0.0822370243941,-0.686372365591,-0.699486984917,0.764048046781,0.736018926201,0,-0.0280291205799,-2.0019673324,-0.975009355967,0.603983940573,0.435297152755,-0.254533884823,-0.168686787818,-2.83566828164,0.884919368234,-2.58379459551,-2.48533884659,0.095785440613,0.098455748919,3.02122662168,3.28403105502,-0.599313850064,-1.64773251314,-1.07289365731,-1.04841866308,-1.60724093185,3.44546228697
2026-08-29T23:00:00Z,2026-08-30T01:00:00+02:00,2026-08-30T18:00:00Z,78228.33,78283.7,78190,78230,326.0928,25515685.4931,37321,164.56125,12876856.8393,12638828.6538,0.504664350201,0.00212199312934,0.119836296202,2452.63,2459.76,2452.63,2457.67,4001.9179,9826639.55416,36986,2327.1548,5714496.21484,4112143.33932,0.581531070041,0.205085132755,0.290708341658,0.03136,0.03143,0.03136,0.03141,0.191387559809,0.223214285714,0.0314159529592,-1.89488417892,2837877.18,28378.7718,-0.19442496184,OKX_CONTRACT_OI_HISTORY,6204540.26,620454.026,0.00603401014794,OKX_CONTRACT_OI_HISTORY,1.25,0.555555555556,0.444444444444,OKX_GLOBAL_ACCOUNT_RATIO,1.43,0.588477366255,0.411522633745,OKX_GLOBAL_ACCOUNT_RATIO,,,,,PRICE_UP_OI_DOWN,PRICE_UP_OI_UP,PASS,PASS,0.0613952060577,0.169553007732,0.0956022944551,0.108157801674,-0.648517039848,-0.223776780387,0.831775143208,0.894957448468,0.0637145587767,0.06318230526,-1.94323303372,-1.13515434627,0.493449427696,0.608727689537,0.0637145587767,0.115278261841,-3.16924171257,0.422500265783,-2.51662376302,-2.12151624491,0.383509108341,0.395107518103,2.7266100037,3.50175415276,-1.00444486626,-1.95908695617,-0.977301387137,-0.954642089916,-2.37264956884,2.09633524551
2026-08-30T00:00:00Z,2026-08-30T02:00:00+02:00,2026-08-30T18:00:00Z,78230,78330,78147.17,78179.86,185.20224,14486529.7153,55627,89.18648,6976550.44226,7509979.27301,0.481588798655,-0.0640930589288,0.2339560089,2457.67,2467.93,2454.53,2458.95,5489.2364,13515359.5873,67387,3130.6983,7707750.86306,5807608.72423,0.570295656085,0.0520818498822,0.545929363259,0.03141,0.03152,0.0314,0.03145,0.127347978351,0.382165605096,0.0314524738213,-0.786526769555,2840975.45,28409.7545,0.109175619785,OKX_CONTRACT_OI_HISTORY,6174738.92,617473.892,-0.48031503949,OKX_CONTRACT_OI_HISTORY,1.23,0.551569506726,0.448430493274,OKX_GLOBAL_ACCOUNT_RATIO,1.42,0.586776859504,0.413223140496,OKX_GLOBAL_ACCOUNT_RATIO,3.05346350577e-05,OKX_FUNDING_HISTORY,1.56800049537e-05,OKX_FUNDING_HISTORY,PRICE_DOWN_OI_UP,PRICE_UP_OI_DOWN,PASS,PASS,0.0639191746261,0.24991642273,0.19114367633,0.185997248104,-0.439799160283,-0.467683043503,0.768356874778,1.01136657725,0.223072020395,0.243009702473,-1.7675486642,-1.65115687881,0.574050124766,0.674726813431,0.127347978351,0.100676688665,-2.05185856584,-0.0865723754598,-2.97376389992,-2.25233641145,0.736707238949,0.721427488474,1.04169553428,3.13308648737,-0.648303386923,-1.32663994125,-0.72601010101,-0.678336554329,-2.75746744645,0.748673099373
2026-08-30T01:00:00Z,2026-08-30T03:00:00+02:00,2026-08-30T18:00:00Z,78179.86,78190,77994.02,78081.5,257.05271,20066684.7906,59042,116.30232,9078617.76606,10988067.0245,0.452422403641,-0.125812453489,0.251275674725,2458.94,2460.62,2453.08,2456.37,4329.9676,10637013.0194,46094,2270.1679,5577505.01013,5059508.00928,0.524348799795,-0.104922832916,0.307368695681,0.03145,0.03149,0.03144,0.03146,0.0317965023847,0.15903307888,0.0314590524004,0.301216836227,2840506.26,28405.0626,-0.0165151022336,OKX_CONTRACT_OI_HISTORY,6200227.15,620022.715,0.412782310803,OKX_CONTRACT_OI_HISTORY,1.19,0.543378995434,0.456621004566,OKX_GLOBAL_ACCOUNT_RATIO,1.41,0.585062240664,0.414937759336,OKX_GLOBAL_ACCOUNT_RATIO,,,,,PRICE_DOWN_OI_DOWN,PRICE_DOWN_OI_UP,PASS,PASS,-0.102518332844,0.199880071957,0.286898310488,0.302398404801,-0.197608650729,-0.00872230665621,0.48540415771,0.851525067436,0.350877192982,0.366120909727,-1.77287314325,-1.37683315657,0.369423854839,0.515185491329,0.127307447486,0.14576163649,-1.40281427161,0.219033766668,-3.0048056916,-2.23169508526,0.8010253124,0.773110606345,-0.440749809572,1.65708687837,-1.03572088097,-1.66141552603,-0.631711939356,-0.625694645055,-1.9382635393,-1.56518934987
2026-08-30T02:00:00Z,2026-08-30T04:00:00+02:00,2026-08-30T18:00:00Z,78081.49,78178.02,78014.74,78106.01,119.64466,9343393.41658,45798,58.39949,4560378.11045,4783015.30613,0.488085849233,0.0313902781068,0.209293782175,2456.37,2458.99,2453.6,2454.97,3370.9771,8280826.64122,36437,1729.5401,4248155.11952,4032671.5217,0.51301099559,-0.0569946709983,0.219677208999,0.03147,0.03148,0.03143,0.03143,-0.0953591862683,0.159083678015,0.0314312560583,-0.399620769296,2845740.04,28457.4004,0.184255182736,OKX_CONTRACT_OI_HISTORY,6219738.13,621973.813,0.314681696783,OKX_CONTRACT_OI_HISTORY,1.19,0.543378995434,0.456621004566,OKX_GLOBAL_ACCOUNT_RATIO,1.4,0.583333333333,0.416666666667,OKX_GLOBAL_ACCOUNT_RATIO,,,,,PRICE_UP_OI_UP,PRICE_DOWN_OI_UP,PASS,PASS,-0.156375553923,0.0949996738209,0.255183413078,0.251375227744,0.0821047164969,0.250996350694,0.117465538721,0.26096758121,0.127429117553,0.14350204249,-0.710570780579,-0.590067224418,0.559834419923,0.665920376589,0.0955414012739,0.106085956667,-1.43968422131,1.08084660704,-2.27722830499,-1.49623233531,0.801796023092,0.780995969683,0.605568273164,3.15068559693,-0.77714355693,-1.59375964533,-0.82044809088,-0.816616088402,-1.6307030035,-2.46663820674
2026-08-30T03:00:00Z,2026-08-30T05:00:00+02:00,2026-08-30T18:00:00Z,78106,78233.7,78065.99,78144.68,254.40453,19878537.2483,49034,165.11753,12902332.3327,6976204.91551,0.649058437832,0.0495096344058,0.214831067921,2454.97,2460.72,2454.17,2457.15,3413.0578,8388108.44409,34187,2072.231,5092545.99645,3295562.44763,0.607114944972,0.0887994557978,0.266892676546,0.03143,0.03147,0.03143,0.03145,0.0636334712059,0.127266942412,0.0314435992316,2.03563478013,2849563.21,28495.6321,0.134347127505,OKX_CONTRACT_OI_HISTORY,6228188.94,622818.894,0.135870832877,OKX_CONTRACT_OI_HISTORY,1.18,0.54128440367,0.45871559633,OKX_GLOBAL_ACCOUNT_RATIO,1.4,0.583333333333,0.416666666667,OKX_GLOBAL_ACCOUNT_RATIO,,,,,PRICE_UP_OI_UP,PRICE_UP_OI_UP,PASS,PASS,-0.109063019302,-0.0211582515146,0.127347978351,0.0879047677874,0.411787729305,0.381151205553,0.358721773071,0.506798213322,0.15923566879,0.148076440251,-0.720438670817,-0.875101154702,0.822517452256,0.900120317177,0.127347978351,0.0776028649211,-1.28539705198,1.37937132822,-2.08720683208,-1.31610654158,0.833600512985,0.771100290509,1.04005728693,2.73292871511,-0.870219564261,-1.43367737846,-0.537634408602,-0.563457814203,-1.66854715,-3.04320312374
2026-08-30T04:00:00Z,2026-08-30T06:00:00+02:00,2026-08-30T18:00:00Z,78144.68,78220,77990,78109.75,215.53426,16832328.554,42000,104.12096,8131989.28569,8700339.26833,0.483117309622,-0.0446991401078,0.294909603795,2457.14,2458.75,2451.55,2455.87,6970.6771,17112473.0242,36485,2668.6958,6551879.46952,10560593.5547,0.382871573282,-0.0520928718231,0.293691746038,0.03145,0.03146,0.03142,0.03144,-0.0317965023847,0.127307447486,0.0314412733366,-0.404988863416,2850424.88,28504.2488,0.0302386694556,OKX_CONTRACT_OI_HISTORY,6225420.05,622542.005,-0.0444573860343,OKX_CONTRACT_OI_HISTORY,1.18,0.54128440367,0.45871559633,OKX_GLOBAL_ACCOUNT_RATIO,1.38,0.579831932773,0.420168067227,OKX_GLOBAL_ACCOUNT_RATIO,,,,,PRICE_DOWN_OI_UP,PRICE_DOWN_OI_DOWN,PASS,PASS,-0.0896778275121,-0.125256715265,-0.0317965023847,-0.0355788877525,0.332612166712,0.82078174732,0.105834929038,0.199512031922,0.0955109837631,0.0936771028837,-0.894664356672,-0.655379555788,0.593491911219,0.631850683276,0.0318167356029,0.0383587720563,-1.20795408633,1.0303478371,-1.92615094632,-1.21913940262,0.70467648943,0.707011543702,2.04368840809,2.78629002264,-0.855808394574,-1.26679478005,-0.443318556048,-0.410986385476,-1.26657522174,-2.6029771937
2026-08-30T05:00:00Z,2026-08-30T07:00:00+02:00,2026-08-30T18:00:00Z,78109.74,78214,78109.74,78127.71,161.29313,12605166.6662,24796,81.30708,6354118.49173,6251048.17447,0.504088415488,0.0229932882899,0.133478872161,2455.86,2460,2455.11,2456.36,3102.5747,7622857.88068,22341,1369.8596,3365517.7937,4257340.08698,0.441503415961,0.0199521961668,0.199176411648,0.03143,0.03145,0.03143,0.03143,-0.0318066157761,0.0636334712059,0.0314403173983,-3.28158209709,2855527.72,28555.2772,0.179020329068,OKX_CONTRACT_OI_HISTORY,6261868.38,626186.838,0.585475834679,OKX_CONTRACT_OI_HISTORY,1.17,0.539170506912,0.460829493088,OKX_GLOBAL_ACCOUNT_RATIO,1.37,0.57805907173,0.42194092827,OKX_GLOBAL_ACCOUNT_RATIO,,,,,PRICE_UP_OI_UP,PRICE_UP_OI_UP,PASS,PASS,0.0591817523997,-0.000407104792832,-0.0953591862683,-0.0595888571926,0.528830378286,0.994176963339,0.0354801536492,0.229318491558,0.127429117553,0.193838337908,-0.818477022636,0.316128204099,0.637851168833,0.72746061297,0.0318268618714,0.0896094441362,-1.14993957795,1.59733760317,-1.9555379866,-1.48236086824,0.447427293065,0.473177118357,1.98576882503,3.04201054136,-0.994569304882,-1.61297428934,-0.663716814159,-0.61840498446,-0.995086283531,-1.11002445838
2026-08-30T06:00:00Z,2026-08-30T08:00:00+02:00,2026-08-30T18:00:00Z,78127.72,78310.71,78106.07,78280.34,208.68022,16321247.0738,41446,140.4713,10986808.8962,5334438.1776,0.673159890695,0.195359623365,0.262002684298,2456.35,2461.52,2455.01,2461.07,3315.4443,8150607.45819,25702,1732.999,4260248.03311,3890359.42508,0.522690861382,0.191747138042,0.265172035959,0.03143,0.03144,0.03142,0.03143,0,0.0636537237429,0.0314391838359,-2.92114324257,2850217.29,28502.1729,-0.18597017857,OKX_CONTRACT_OI_HISTORY,6261102.44,626110.244,-0.0122318125122,OKX_CONTRACT_OI_HISTORY,1.18,0.54128440367,0.45871559633,OKX_GLOBAL_ACCOUNT_RATIO,1.38,0.579831932773,0.420168067227,OKX_GLOBAL_ACCOUNT_RATIO,,,,,PRICE_UP_OI_DOWN,PRICE_UP_OI_DOWN,PASS,PASS,0.223196652857,0.248475541453,0,0.0252788885958,0.157331658446,0.665049060514,0.156516267495,0.351485249444,0.159337157425,0.19496898195,-0.44845112568,0.211808380558,1.05015282672,1.06399579494,0,0.0138429682176,-2.14913956462,0.581694859003,-2.03227089036,-1.67518977227,0.351213282248,0.357081118084,2.08410224858,3.13420528964,-0.681511172203,-1.28514185094,-0.600885515497,-0.603630678738,-0.648674609352,-1.39598185452
2026-08-30T07:00:00Z,2026-08-30T09:00:00+02:00,2026-08-30T18:00:00Z,78280.34,78291.27,78118,78118,137.5055,10751032.1587,24639,61.45122,4804403.54196,5946628.61669,0.4468783528,-0.207382849896,0.22180547377,2461.07,2461.29,2455,2455.28,3413.3024,8388862.48596,22175,1531.0336,3762621.47499,4626241.01097,0.448525825913,-0.235263523589,0.256211812627,0.03144,0.03145,0.03142,0.03144,0.0318167356029,0.0954805856143,0.0314304001639,3.05431559741,2853024.3,28530.243,0.0984840703145,OKX_CONTRACT_OI_HISTORY,6292735.83,629273.583,0.505236742301,OKX_CONTRACT_OI_HISTORY,1.17,0.539170506912,0.460829493088,OKX_GLOBAL_ACCOUNT_RATIO,1.37,0.57805907173,0.42194092827,OKX_GLOBAL_ACCOUNT_RATIO,,,,,PRICE_DOWN_OI_UP,PRICE_DOWN_OI_UP,PASS,PASS,-0.0341417995441,-0.076104429929,-0.0317965023847,-0.0419626303849,0.12146036936,1.03636692178,-0.0818602747436,0.0721415441551,0.19120458891,0.154001818899,-0.118230230686,1.19451055607,0.63379529619,0.77450018675,0.19120458891,0.14070489056,-1.98295418043,1.20993165135,-1.93572683907,-1.65032365571,0.383141762452,0.285403183359,0.78376674117,3.77382710319,-1.21920023186,-1.6771051915,-0.443318556048,-0.457904959637,-1.20025910453,-1.18169403496
2026-08-30T08:00:00Z,2026-08-30T10:00:00+02:00,2026-08-30T18:00:00Z,78118,78207.22,78034,78074.01,143.67594,11224795.3078,41261,66.63939,5206052.85964,6018742.44817,0.463799358195,-0.0563122455772,0.221980162493,2455.28,2459.9,2454.72,2456.86,2614.3275,6424074.94511,29075,1249.1003,3069275.17949,3354799.76562,0.477776988238,0.064351112704,0.211022031026,0.03143,0.03147,0.03143,0.03147,0.0954198473282,0.127266942412,0.0314683465087,0.525445894353,2861856.11,28618.5611,0.309559578585,OKX_CONTRACT_OI_HISTORY,6304990.27,630499.027,0.194739463582,OKX_CONTRACT_OI_HISTORY,1.17,0.539170506912,0.460829493088,OKX_GLOBAL_ACCOUNT_RATIO,1.37,0.57805907173,0.42194092827,OKX_GLOBAL_ACCOUNT_RATIO,6.42880437465e-05,OKX_FUNDING_HISTORY,6.94071199056e-05,OKX_FUNDING_HISTORY,PRICE_DOWN_OI_UP,PRICE_UP_OI_UP,PASS,PASS,-0.0457561315969,0.0403115800103,0.0954198473282,0.0860677116072,0.401036002745,1.27815021896,-0.071560293419,0.164708376481,0.254858235107,0.2362686699,0.291950458766,1.63187433377,0.566787820644,0.932974549637,0.382775119617,0.366186728993,-1.79910612311,0.948020736802,-1.81442206287,-1.25359217058,0.575263662512,0.56082989229,1.25957069586,3.69105924674,-2.10890743128,-2.93119456352,-0.850661625709,-0.822287132242,-0.209855417313,-1.74516012236
2026-08-30T09:00:00Z,2026-08-30T11:00:00+02:00,2026-08-30T18:00:00Z,78074.01,78118.87,77986,78000.01,165.26795,12897144.5235,43715,62.43516,4872563.08499,8024581.43847,0.377801696812,-0.0947818614671,0.170376734286,2456.87,2458.24,2451.79,2453.54,3814.7488,9365271.90432,30302,1529.2457,3754028.3321,5611243.57222,0.400845631654,-0.135131834944,0.263073101693,0.03147,0.03147,0.03144,0.03146,-0.031776294884,0.0954198473282,0.0314556369929,1.38703505955,2865796.07,28657.9607,0.137671491807,OKX_CONTRACT_OI_HISTORY,6324491.62,632449.162,0.309300239412,OKX_CONTRACT_OI_HISTORY,1.17,0.539170506912,0.460829493088,OKX_GLOBAL_ACCOUNT_RATIO,1.36,0.576271186441,0.423728813559,OKX_GLOBAL_ACCOUNT_RATIO,,,,,PRICE_DOWN_OI_UP,PRICE_DOWN_OI_UP,PASS,PASS,-0.163450330235,-0.114804018955,0.0954502068088,0.0486463112801,0.359595528633,1.00007276103,-0.206776649873,0.0844391324389,0.286898310488,0.291215782312,0.690959542311,1.99529509893,0.45071457152,0.74319219525,0.286898310488,0.29247762373,-1.34583223936,1.08753129546,-1.62095846652,-1.44763373742,0.191082802548,0.173324729101,0.838789659532,3.3117541863,-2.48292201135,-3.21112136776,-0.725781003471,-0.728199356412,0.611896921991,0.0867522005117
2026-08-30T10:00:00Z,2026-08-30T12:00:00+02:00,2026-08-30T18:00:00Z,78000.01,78145.29,77962.49,78145.29,168.30514,13137638.4941,40508,87.61223,6838866.30322,6298772.19085,0.520555220507,0.186256386377,0.234471731213,2453.54,2459.8,2452.5,2459.68,3869.6043,9505766.20201,32147,2353.9765,5782984.15171,3722782.0503,0.608365914836,0.250250658233,0.297655453619,0.03146,0.03148,0.03145,0.03148,0.0635727908455,0.0953895071542,0.0314757293754,1.35679925844,2858997.27,28589.9727,-0.237239490666,OKX_CONTRACT_OI_HISTORY,6303159.26,630315.926,-0.337297624564,OKX_CONTRACT_OI_HISTORY,1.17,0.539170506912,0.460829493088,OKX_GLOBAL_ACCOUNT_RATIO,1.36,0.576271186441,0.423728813559,OKX_GLOBAL_ACCOUNT_RATIO,,,,,PRICE_UP_OI_DOWN,PRICE_UP_OI_DOWN,PASS,PASS,-0.172520967589,-0.0564794987546,0.159083678015,0.116041468834,0.30804598761,0.671715890341,-0.106163571923,0.287037641072,0.414673046252,0.393201212995,0.548349511334,1.59559498562,0.65707333416,1.02516921864,0.414673046252,0.368095884477,-1.46459559915,0.60502842926,-1.78543845862,-1.87029235287,-0.0634920634921,-0.0848538942502,0.7413939415,2.79646886824,-1.85958104137,-1.75427384566,0.127226463104,0.105307195706,2.50407916609,3.5020373532
2026-08-30T11:00:00Z,2026-08-30T13:00:00+02:00,2026-08-30T18:00:00Z,78145.29,78242,78117.11,78166,172.04094,13449042.9723,45439,81.34751,6359040.19696,7090002.77531,0.472824736308,0.0265019171341,0.159875346131,2459.68,2461.81,2456.51,2460.41,4487.7731,11037528.1565,40562,2227.0473,5476801.60722,5560726.54931,0.496198200317,0.0296786573863,0.215753243423,0.03148,0.03148,0.03144,0.03147,-0.0317662007624,0.127226463104,0.0314767290126,-2.13777378567,2849336.2,28493.362,-0.337918126099,OKX_CONTRACT_OI_HISTORY,6312083.58,631208.358,0.141584872472,OKX_CONTRACT_OI_HISTORY,1.17,0.539170506912,0.460829493088,OKX_GLOBAL_ACCOUNT_RATIO,1.34,0.57264957265,0.42735042735,OKX_GLOBAL_ACCOUNT_RATIO,,,,,PRICE_UP_OI_DOWN,PRICE_UP_OI_UP,PASS,PASS,0.0614455055173,0.208937473526,0.0954198473282,0.147491968009,-0.129269841831,0.307461659327,-0.0818100472964,0.111487709904,0.191021967526,0.193297757201,0.403788440203,1.73330038155,0.749284620274,1.00744292594,0.254858235107,0.258158305663,-1.54729114388,0.578470400664,-1.80660224539,-1.78396072013,0,0.0226415252551,0.890562745205,3.05431845118,-1.65036292584,-1.65165705332,-0.0317662007624,-0.00129412748096,1.92177061031,3.57780146737
2026-08-30T12:00:00Z,2026-08-30T14:00:00+02:00,2026-08-30T18:00:00Z,78165.99,78850.81,78165.99,78785.06,814.10982,63968836.746,168381,444.15199,34898161.316,29070675.4301,0.54554941267,0.791981168283,0.876109929651,2460.42,2473.3,2458.73,2469.47,13608.0752,33562720.4003,111949,7034.509,17351815.3084,16210905.0919,0.516996688631,0.368231311042,0.592582349424,0.03147,0.03148,0.03129,0.03134,-0.413091833492,0.607222754874,0.0313443944829,-1.40199961935,2818220.38,28182.2038,-1.09203750684,OKX_CONTRACT_OI_HISTORY,6273552.64,627355.264,-0.610431397361,OKX_CONTRACT_OI_HISTORY,1.21,0.547511312217,0.452488687783,OKX_GLOBAL_ACCOUNT_RATIO,1.37,0.57805907173,0.42194092827,OKX_GLOBAL_ACCOUNT_RATIO,,,,,PRICE_UP_OI_DOWN,PRICE_UP_OI_DOWN,PASS,PASS,0.910738413462,0.513256758627,-0.413091833492,-0.397481654835,-1.52473528797,-0.498615043858,0.774112412071,0.427824884605,-0.349761526232,-0.346287527466,-0.800959754862,1.60028984675,1.54841723279,1.44351833975,-0.12746972594,-0.104898893038,-2.55435106562,-0.0772903279496,-0.800782664042,-1.18602222391,-0.413091833492,-0.38523955987,-0.296178210897,2.52449769509,-0.627189091741,-1.01927932983,-0.413091833492,-0.392090238092,0.623642128903,2.3100657413
2026-08-30T13:00:00Z,2026-08-30T15:00:00+02:00,2026-08-30T18:00:00Z,78785.06,78966.76,78590.14,78860,488.8202,38512958.5562,122217,228.1681,17978009.5113,20534949.0449,0.46680416632,0.0951195569312,0.479220421289,2469.47,2478.44,2460.87,2475.59,9825.3635,24279557.7044,115169,4841.1528,11966918.4264,12312639.2779,0.492880412904,0.247826456689,0.713975138874,0.03134,0.0314,0.03131,0.03139,0.159540523293,0.287448099649,0.0313922140502,-0.705286416572,2812732.55,28127.3255,-0.194726787122,OKX_CONTRACT_OI_HISTORY,6311293.4,631129.34,0.601585133109,OKX_CONTRACT_OI_HISTORY,1.2,0.545454545455,0.454545454545,OKX_GLOBAL_ACCOUNT_RATIO,1.36,0.576271186441,0.423728813559,OKX_GLOBAL_ACCOUNT_RATIO,,,,,PRICE_UP_OI_DOWN,PRICE_UP_OI_UP,PASS,PASS,1.1025511407,0.898701468083,-0.222504767959,-0.203849672616,-1.85161535238,-0.208684283149,0.997035149171,0.782455411848,-0.222504767959,-0.214579737323,-0.977773236803,1.79132550007,1.48727895695,1.64064328326,0.127591706539,0.153364326309,-2.73331170094,0.389828780071,-0.593401675895,-1.33829114807,-0.790139064475,-0.744889472174,-1.0383127109,3.50076276729,-0.84637663666,-0.844721790538,-0.0318471337579,0.00165484612249,0.859316307252,2.47915526613
2026-08-30T14:00:00Z,2026-08-30T16:00:00+02:00,2026-08-30T18:00:00Z,78860.01,78945.94,78722,78783.71,439.32977,34639082.7081,90956,196.72738,15510133.7154,19128948.9926,0.447763985154,-0.0967410601065,0.284469398643,2475.58,2479.71,2470.91,2477.12,11082.9787,27445075.982,87815,5421.7138,13425830.4886,14019245.4934,0.489189044235,0.0618034488748,0.356144092662,0.03139,0.03144,0.03136,0.03143,0.127429117553,0.255102040816,0.0314420328771,-3.82700353637,2812140.56,28121.4056,-0.0210467930909,OKX_CONTRACT_OI_HISTORY,6373418.4,637341.84,0.984346568328,OKX_CONTRACT_OI_HISTORY,1.18,0.54128440367,0.45871559633,OKX_GLOBAL_ACCOUNT_RATIO,1.31,0.5670995671,0.4329004329,OKX_GLOBAL_ACCOUNT_RATIO,,,,,PRICE_DOWN_OI_DOWN,PRICE_UP_OI_UP,PASS,PASS,0.816965424276,0.709035321668,-0.158831003812,-0.107930102608,-1.63892111726,1.11466547333,0.86766690553,0.90225135134,0,0.0345844458103,-1.18069393296,2.47084791655,0.986151653856,1.16557351608,0.127429117553,0.179421862223,-1.88287504744,1.86620102841,-0.953868148878,-1.42777556705,-0.506489395378,-0.473907418174,-1.34395063537,7.83561950001,-1.77090807758,-1.6016270497,0.159337157425,0.169281027883,0.245620507538,3.1694863555
2026-08-30T15:00:00Z,2026-08-30T17:00:00+02:00,2026-08-30T18:00:00Z,78783.7,78912.94,78626,78823.63,553.82108,43625230.3141,123696,252.6981,19905722.2531,23719508.061,0.456289218643,0.0506703733551,0.364942894208,2477.13,2484,2471.86,2481.11,9469.9076,23464353.705,67302,4044.2451,10022018.9873,13442334.7177,0.427116770968,0.161074150627,0.491128138325,0.03144,0.03148,0.03143,0.03147,0.127266942412,0.159083678015,0.0314767284887,-2.13760736122,2814856.93,28148.5693,0.0965943892932,OKX_CONTRACT_OI_HISTORY,6367823.85,636782.385,-0.0877794246177,OKX_CONTRACT_OI_HISTORY,1.17,0.539170506912,0.460829493088,OKX_GLOBAL_ACCOUNT_RATIO,1.3,0.565217391304,0.434782608696,OKX_GLOBAL_ACCOUNT_RATIO,,,,,PRICE_UP_OI_UP,PRICE_UP_OI_DOWN,PASS,PASS,0.841324872707,0.841323194102,0,-1.67860498834e-06,-1.21008079005,0.88307243232,0.86883713645,0.975113444438,0.0635930047695,0.106276307988,-1.21795087325,2.24198256259,1.2306756175,1.48685351527,0.222929936306,0.256177897772,-1.92961495498,1.34726179259,0.628741089271,0.372993943905,-0.253565768621,-0.255747145365,-2.56989176958,6.24360147395,-1.84140383491,-1.60884806954,0.222929936306,0.232555765367,0.198019860485,3.10425262987
2026-08-30T16:00:00Z,2026-08-30T18:00:00+02:00,2026-08-30T18:00:00Z,78823.62,79400,78750,79337.93,667.56388,52807026.2975,227923,364.53661,28835546.8378,23971479.4597,0.546055115381,0.652469316625,0.825396825397,2481.11,2534.98,2479.28,2529.28,40675.3274,102350124.205,284683,26027.3337,65503394.8211,36846729.3841,0.639993310509,1.9414697454,2.24661998645,0.03147,0.03199,0.03146,0.03188,1.30282809024,1.68467895741,0.0318798335172,0.0522219762122,2800768.39,28007.6839,-0.500506432489,OKX_CONTRACT_OI_HISTORY,6459338.07,645933.807,1.43713491698,OKX_CONTRACT_OI_HISTORY,1.21,0.547511312217,0.452488687783,OKX_GLOBAL_ACCOUNT_RATIO,1.18,0.54128440367,0.45871559633,OKX_GLOBAL_ACCOUNT_RATIO,3.48896038312e-05,OKX_FUNDING_HISTORY,1.21869737294e-05,OKX_FUNDING_HISTORY,PRICE_UP_OI_DOWN,PRICE_UP_OI_UP,PASS,PASS,0.701744721652,2.42197718539,1.72303765156,1.72023246374,-0.619255687875,2.96140704735,1.57237732805,2.98916473592,1.39949109415,1.41678740786,-1.74207327295,3.75746565085,1.67987638152,3.19464051114,1.49633874562,1.51476412962,-2.62115192098,3.07746043337,1.99190214075,3.56182107776,1.49633874562,1.569918937,-4.94408860392,6.62068351819,-1.28906113917,0.276333995425,1.59337157425,1.5653951346,0.0340858350932,4.30480525529
2026-08-30T17:00:00Z,2026-08-30T19:00:00+02:00,2026-08-30T18:00:00Z,79337.93,79337.93,78774.85,79021.02,460.72685,36409326.8677,156639,192.00166,15171903.8075,21237423.0601,0.41670377106,-0.399443242343,0.714796664164,2529.27,2529.27,2494.36,2505.73,17579.3243,44108259.2309,203965,6934.2534,17394785.8894,26713473.3415,0.394365730879,-0.931095015182,1.3995574015,0.03187,0.03188,0.03163,0.03171,-0.533249686324,0.790388871325,0.0317096640868,0.105933999275,2807618.17,28076.1817,0.244567884458,OKX_CONTRACT_OI_HISTORY,6355778.85,635577.885,-1.60324817927,OKX_CONTRACT_OI_HISTORY,1.2,0.545454545455,0.454545454545,OKX_GLOBAL_ACCOUNT_RATIO,1.2,0.545454545455,0.454545454545,OKX_GLOBAL_ACCOUNT_RATIO,,,,,PRICE_DOWN_OI_UP,PRICE_DOWN_OI_DOWN,PASS,PASS,0.204184630992,1.21748754842,1.01943294043,1.01330291743,-0.181829587744,0.704854729143,1.14339713784,2.00988454461,0.890868596882,0.866487406771,-1.6777826972,1.49971964118,1.17928297055,2.24381207309,1.01943294043,1.06452910254,-2.48252745397,1.82058888205,1.43384165126,2.53458766915,1.05162523901,1.10074601789,-4.1141046382,4.38289874882,-1.76702701533,-0.490057861775,1.27754710955,1.27696915356,-0.190178144306,2.47933466011
