anchor_id,bar_end_period,bar_end_timestamp,settled,ratio_close_proxy,macd_12_26,macd_signal_9,macd_histogram,rsi_14_wilder,regime_state,state_authority
JAN_FEB,1960-02,1960-02-29T23:59:59Z,True,0.000646952317,0.0,0.0,0.0,,UNCLEAR,SHADOW_CONTEXT_ONLY
JAN_FEB,1960-04,1960-04-30T23:59:59Z,True,0.000642508964,-3.54456e-07,-7.0891e-08,-2.83564e-07,,TURNING_NEGATIVE,SHADOW_CONTEXT_ONLY
JAN_FEB,1960-06,1960-06-30T23:59:59Z,True,0.00061496017,-2.825748e-06,-6.21862e-07,-2.203886e-06,,DECELERATING,SHADOW_CONTEXT_ONLY
JAN_FEB,1960-08,1960-08-31T23:59:59Z,True,0.000600741438,-5.864001e-06,-1.67029e-06,-4.193711e-06,,DECELERATING,SHADOW_CONTEXT_ONLY
JAN_FEB,1960-10,1960-10-31T23:59:59Z,True,0.000544755179,-1.2643714e-05,-3.864975e-06,-8.778739e-06,,DECELERATING,SHADOW_CONTEXT_ONLY
JAN_FEB,1960-12,1960-12-31T23:59:59Z,True,0.000566083278,-1.6109979e-05,-6.313976e-06,-9.796003e-06,,DECELERATING,SHADOW_CONTEXT_ONLY
JAN_FEB,1961-02,1961-02-28T23:59:59Z,True,0.000548309862,-2.0059947e-05,-9.06317e-06,-1.0996777e-05,,DECELERATING,SHADOW_CONTEXT_ONLY
JAN_FEB,1961-04,1961-04-30T23:59:59Z,True,0.000561639924,-2.1862681e-05,-1.1623072e-05,-1.0239609e-05,,CONTRACTION,SHADOW_CONTEXT_ONLY
JAN_FEB,1961-06,1961-06-30T23:59:59Z,True,0.000579413339,-2.160811e-05,-1.362008e-05,-7.98803e-06,,CONTRACTION,SHADOW_CONTEXT_ONLY
JAN_FEB,1961-08,1961-08-31T23:59:59Z,True,0.000565194607,-2.2296671e-05,-1.5355398e-05,-6.941273e-06,,CONTRACTION,SHADOW_CONTEXT_ONLY
JAN_FEB,1961-10,1961-10-31T23:59:59Z,True,0.000559862582,-2.3007396e-05,-1.6885798e-05,-6.121598e-06,,CONTRACTION,SHADOW_CONTEXT_ONLY
JAN_FEB,1961-12,1961-12-31T23:59:59Z,True,0.000564305936,-2.2947583e-05,-1.8098155e-05,-4.849428e-06,,CONTRACTION,SHADOW_CONTEXT_ONLY
JAN_FEB,1962-02,1962-02-28T23:59:59Z,True,0.000575858656,-2.1717626e-05,-1.8822049e-05,-2.895577e-06,,CONTRACTION,SHADOW_CONTEXT_ONLY
JAN_FEB,1962-04,1962-04-30T23:59:59Z,True,0.000574081315,-2.0648272e-05,-1.9187294e-05,-1.460979e-06,,CONTRACTION,SHADOW_CONTEXT_ONLY
JAN_FEB,1962-06,1962-06-30T23:59:59Z,True,0.000574081315,-1.9575152e-05,-1.9264865e-05,-3.10286e-07,32.627118939045,CONTRACTION,SHADOW_CONTEXT_ONLY
JAN_FEB,1962-08,1962-08-31T23:59:59Z,True,0.000574081315,-1.8511309e-05,-1.9114154e-05,6.02845e-07,32.627118939045,TURNING_POSITIVE,SHADOW_CONTEXT_ONLY
JAN_FEB,1962-10,1962-10-31T23:59:59Z,True,0.000574081315,-1.7466859e-05,-1.8784695e-05,1.317836e-06,32.627118939045,ACCELERATING,SHADOW_CONTEXT_ONLY
JAN_FEB,1962-12,1962-12-31T23:59:59Z,True,0.000574081315,-1.6449505e-05,-1.8317657e-05,1.868152e-06,32.627118939045,ACCELERATING,SHADOW_CONTEXT_ONLY
JAN_FEB,1963-02,1963-02-28T23:59:59Z,True,0.000574081315,-1.5464974e-05,-1.774712e-05,2.282146e-06,32.627118939045,ACCELERATING,SHADOW_CONTEXT_ONLY
JAN_FEB,1963-04,1963-04-30T23:59:59Z,True,0.000574081315,-1.4517379e-05,-1.7101172e-05,2.583793e-06,32.627118939045,ACCELERATING,SHADOW_CONTEXT_ONLY
JAN_FEB,1963-06,1963-06-30T23:59:59Z,True,0.000574081315,-1.3609521e-05,-1.6402842e-05,2.793321e-06,32.627118939045,ACCELERATING,SHADOW_CONTEXT_ONLY
JAN_FEB,1963-08,1963-08-31T23:59:59Z,True,0.000574081315,-1.2743142e-05,-1.5670902e-05,2.92776e-06,32.627118939045,ACCELERATING,SHADOW_CONTEXT_ONLY
JAN_FEB,1963-10,1963-10-31T23:59:59Z,True,0.000574081315,-1.1919134e-05,-1.4920548e-05,3.001414e-06,32.627118939045,ACCELERATING,SHADOW_CONTEXT_ONLY
JAN_FEB,1963-12,1963-12-31T23:59:59Z,True,0.000577635998,-1.0854148e-05,-1.4107268e-05,3.25312e-06,34.78082019431,ACCELERATING,SHADOW_CONTEXT_ONLY
JAN_FEB,1964-02,1964-02-29T23:59:59Z,True,0.000616737511,-6.776855e-06,-1.2641186e-05,5.86433e-06,52.694635834643,ACCELERATING,SHADOW_CONTEXT_ONLY
JAN_FEB,1964-04,1964-04-30T23:59:59Z,True,0.0007660342,8.404542e-06,-8.43204e-06,1.6836582e-05,77.784821417859,ACCELERATING,SHADOW_CONTEXT_ONLY
JAN_FEB,1964-06,1964-06-30T23:59:59Z,True,0.000718045979,1.63749e-05,-3.470652e-06,1.9845552e-05,65.719077599639,ACCELERATING,SHADOW_CONTEXT_ONLY
JAN_FEB,1964-08,1964-08-31T23:59:59Z,True,0.000887782095,3.5973078e-05,4.418094e-06,3.1554984e-05,78.451307248024,ACCELERATING,SHADOW_CONTEXT_ONLY
JAN_FEB,1964-10,1964-10-31T23:59:59Z,True,0.0012068149,7.6367736e-05,1.8808022e-05,5.7559713e-05,87.699057811987,ACCELERATING,SHADOW_CONTEXT_ONLY
JAN_FEB,1964-12,1964-12-31T23:59:59Z,True,0.001127723202,0.000100836375,3.5213693e-05,6.5622682e-05,78.683751693676,ACCELERATING,SHADOW_CONTEXT_ONLY
JAN_FEB,1965-02,1965-02-28T23:59:59Z,True,0.001048631504,0.00011254852,5.0680658e-05,6.1867862e-05,70.841220274677,EXPANSION,SHADOW_CONTEXT_ONLY
JAN_FEB,1965-04,1965-04-30T23:59:59Z,True,0.001197928192,0.000132351805,6.7014888e-05,6.5336917e-05,75.753886884294,ACCELERATING,SHADOW_CONTEXT_ONLY
JAN_FEB,1965-06,1965-06-30T23:59:59Z,True,0.001163270032,0.000143594163,8.2330743e-05,6.126342e-05,72.692098534758,EXPANSION,SHADOW_CONTEXT_ONLY
JAN_FEB,1965-08,1965-08-31T23:59:59Z,True,0.001075291627,0.000143747657,9.4614126e-05,4.9133532e-05,65.459442488205,EXPANSION,SHADOW_CONTEXT_ONLY
JAN_FEB,1965-10,1965-10-31T23:59:59Z,True,0.001245916414,0.00015584086,0.000106859473,4.8981388e-05,71.402267321348,EXPANSION,SHADOW_CONTEXT_ONLY
JAN_FEB,1965-12,1965-12-31T23:59:59Z,True,0.001349002222,0.000171762997,0.000119840177,5.192282e-05,74.28134438599,ACCELERATING,SHADOW_CONTEXT_ONLY
JAN_FEB,1966-02,1966-02-28T23:59:59Z,True,0.001665369015,0.00020751743,0.000137375628,7.0141802e-05,80.702347332227,ACCELERATING,SHADOW_CONTEXT_ONLY
JAN_FEB,1966-04,1966-04-30T23:59:59Z,True,0.00169469515,0.000235504698,0.000157001442,7.8503256e-05,81.17161042914,ACCELERATING,SHADOW_CONTEXT_ONLY
JAN_FEB,1966-06,1966-06-30T23:59:59Z,True,0.001507185619,0.000239790205,0.000173559195,6.623101e-05,69.529442356254,EXPANSION,SHADOW_CONTEXT_ONLY
JAN_FEB,1966-08,1966-08-31T23:59:59Z,True,0.001061961565,0.000204898695,0.000179827095,2.5071601e-05,50.872114368799,EXPANSION,SHADOW_CONTEXT_ONLY
JAN_FEB,1966-10,1966-10-31T23:59:59Z,True,0.001133055226,0.000180898304,0.000180041337,8.56967e-07,53.039090568241,EXPANSION,SHADOW_CONTEXT_ONLY
JAN_FEB,1966-12,1966-12-31T23:59:59Z,True,0.00107973498,0.000155779592,0.000175188988,-1.9409395e-05,51.214501913281,TURNING_NEGATIVE,SHADOW_CONTEXT_ONLY
JAN_FEB,1967-02,1967-02-28T23:59:59Z,True,0.001084178334,0.00013467888,0.000167086966,-3.2408086e-05,51.364651584769,DECELERATING,SHADOW_CONTEXT_ONLY
JAN_FEB,1967-04,1967-04-30T23:59:59Z,True,0.000884227412,0.000100661679,0.000153801909,-5.3140229e-05,44.697850981843,DECELERATING,SHADOW_CONTEXT_ONLY
JAN_FEB,1967-06,1967-06-30T23:59:59Z,True,0.000902000827,7.4280707e-05,0.000137897668,-6.3616961e-05,45.376530209972,DECELERATING,SHADOW_CONTEXT_ONLY
JAN_FEB,1967-08,1967-08-31T23:59:59Z,True,0.00092866095,5.4892084e-05,0.000121296552,-6.6404467e-05,46.43835391148,DECELERATING,SHADOW_CONTEXT_ONLY
JAN_FEB,1967-10,1967-10-31T23:59:59Z,True,0.001011307331,4.5668891e-05,0.000106171019,-6.0502129e-05,49.70247401738,CONTRACTION,SHADOW_CONTEXT_ONLY
JAN_FEB,1967-12,1967-12-31T23:59:59Z,True,0.001176600094,5.1108046e-05,9.5158425e-05,-4.4050379e-05,55.538426237963,CONTRACTION,SHADOW_CONTEXT_ONLY
JAN_FEB,1968-02,1968-02-29T23:59:59Z,True,0.001486055003,7.9472926e-05,9.2021325e-05,-1.2548399e-05,63.967623718026,CONTRACTION,SHADOW_CONTEXT_ONLY
JAN_FEB,1968-04,1968-04-30T23:59:59Z,True,0.001027233247,6.4189283e-05,8.6454917e-05,-2.2265634e-05,49.103346439782,DECELERATING,SHADOW_CONTEXT_ONLY
JAN_FEB,1968-06,1968-06-30T23:59:59Z,True,0.000862552515,3.8346492e-05,7.6833232e-05,-3.848674e-05,45.056433502565,DECELERATING,SHADOW_CONTEXT_ONLY
JAN_FEB,1968-08,1968-08-31T23:59:59Z,True,0.000842186449,1.6037651e-05,6.4674116e-05,-4.8636465e-05,44.567243485692,DECELERATING,SHADOW_CONTEXT_ONLY
JAN_FEB,1968-10,1968-10-31T23:59:59Z,True,0.00086132705,-9.6666e-08,5.1719959e-05,-5.1816625e-05,45.169766960972,DECELERATING,SHADOW_CONTEXT_ONLY
JAN_FEB,1968-12,1968-12-31T23:59:59Z,True,0.000898966342,-9.733846e-06,3.9429198e-05,-4.9163044e-05,46.403481369471,CONTRACTION,SHADOW_CONTEXT_ONLY
JAN_FEB,1969-02,1969-02-28T23:59:59Z,True,0.000929487621,-1.473867e-05,2.8595625e-05,-4.3334295e-05,47.43630554226,CONTRACTION,SHADOW_CONTEXT_ONLY
JAN_FEB,1969-04,1969-04-30T23:59:59Z,True,0.001003991298,-1.2548553e-05,2.0366789e-05,-3.2915342e-05,49.970698282154,CONTRACTION,SHADOW_CONTEXT_ONLY
JAN_FEB,1969-06,1969-06-30T23:59:59Z,True,0.001125035514,-1.033698e-06,1.6086692e-05,-1.7120389e-05,53.862850450087,CONTRACTION,SHADOW_CONTEXT_ONLY
JAN_FEB,1969-08,1969-08-31T23:59:59Z,True,0.001219104566,1.5503777e-05,1.5970109e-05,-4.66332e-07,56.683237846163,CONTRACTION,SHADOW_CONTEXT_ONLY
JAN_FEB,1969-10,1969-10-31T23:59:59Z,True,0.001208370074,2.7427494e-05,1.8261586e-05,9.165908e-06,56.260587062957,TURNING_POSITIVE,SHADOW_CONTEXT_ONLY
JAN_FEB,1969-12,1969-12-31T23:59:59Z,True,0.001510740302,6.0577575e-05,2.6724784e-05,3.3852791e-05,64.328945602735,ACCELERATING,SHADOW_CONTEXT_ONLY
JAN_FEB,1970-02,1970-02-28T23:59:59Z,True,0.001472527459,8.28112e-05,3.7942067e-05,4.4869133e-05,62.753493679768,ACCELERATING,SHADOW_CONTEXT_ONLY
JAN_FEB,1970-04,1970-04-30T23:59:59Z,True,0.001505062683,0.000101882392,5.0730132e-05,5.115226e-05,63.571523001061,ACCELERATING,SHADOW_CONTEXT_ONLY
JAN_FEB,1970-06,1970-06-30T23:59:59Z,True,0.001295681976,9.8960422e-05,6.037619e-05,3.8584232e-05,55.173427040792,EXPANSION,SHADOW_CONTEXT_ONLY
JAN_FEB,1970-08,1970-08-31T23:59:59Z,True,0.00112594586,8.2003172e-05,6.4701587e-05,1.7301586e-05,49.46827450533,EXPANSION,SHADOW_CONTEXT_ONLY
JAN_FEB,1970-10,1970-10-31T23:59:59Z,True,0.000934741329,5.2530285e-05,6.2267326e-05,-9.737041e-06,43.954497226928,TURNING_NEGATIVE,SHADOW_CONTEXT_ONLY
JAN_FEB,1970-12,1970-12-31T23:59:59Z,True,0.000879303695,2.4417981e-05,5.4697457e-05,-3.0279476e-05,42.476208082769,DECELERATING,SHADOW_CONTEXT_ONLY
JAN_FEB,1971-02,1971-02-28T23:59:59Z,True,0.000813475547,-3.136844e-06,4.3130597e-05,-4.6267441e-05,40.724725318256,DECELERATING,SHADOW_CONTEXT_ONLY
JAN_FEB,1971-04,1971-04-30T23:59:59Z,True,0.000998501358,-9.929742e-06,3.2518529e-05,-4.2448271e-05,47.302183723078,CONTRACTION,SHADOW_CONTEXT_ONLY
JAN_FEB,1971-06,1971-06-30T23:59:59Z,True,0.000835128352,-2.8171257e-05,2.0380572e-05,-4.8551829e-05,42.787436216979,DECELERATING,SHADOW_CONTEXT_ONLY
JAN_FEB,1971-08,1971-08-31T23:59:59Z,True,0.000794223663,-4.5405055e-05,7.223447e-06,-5.2628501e-05,41.713914820979,DECELERATING,SHADOW_CONTEXT_ONLY
JAN_FEB,1971-10,1971-10-31T23:59:59Z,True,0.000752993473,-6.16789e-05,-6.557023e-06,-5.5121877e-05,40.607972021072,DECELERATING,SHADOW_CONTEXT_ONLY
JAN_FEB,1971-12,1971-12-31T23:59:59Z,True,0.000750823463,-7.3899276e-05,-2.0025473e-05,-5.3873802e-05,40.547040508543,CONTRACTION,SHADOW_CONTEXT_ONLY
JAN_FEB,1972-02,1972-02-29T23:59:59Z,True,0.000720563879,-8.5045357e-05,-3.302945e-05,-5.2015907e-05,39.653532516592,CONTRACTION,SHADOW_CONTEXT_ONLY
JAN_FEB,1972-04,1972-04-30T23:59:59Z,True,0.000719188555,-9.2918577e-05,-4.5007275e-05,-4.7911301e-05,39.610807746835,CONTRACTION,SHADOW_CONTEXT_ONLY
JAN_FEB,1972-06,1972-06-30T23:59:59Z,True,0.000533274126,-0.000112858933,-5.8577607e-05,-5.4281326e-05,34.240162946734,DECELERATING,SHADOW_CONTEXT_ONLY
JAN_FEB,1972-08,1972-08-31T23:59:59Z,True,0.000486049854,-0.000130962756,-7.3054637e-05,-5.7908119e-05,33.015633524011,DECELERATING,SHADOW_CONTEXT_ONLY
JAN_FEB,1972-10,1972-10-31T23:59:59Z,True,0.000439276795,-0.000147385394,-8.7920788e-05,-5.9464606e-05,31.802496650767,DECELERATING,SHADOW_CONTEXT_ONLY
JAN_FEB,1972-12,1972-12-31T23:59:59Z,True,0.000497655629,-0.000153915527,-0.000101119736,-5.2795791e-05,35.012210097989,CONTRACTION,SHADOW_CONTEXT_ONLY
JAN_FEB,1973-02,1973-02-28T23:59:59Z,True,0.000522874664,-0.00015526593,-0.000111948975,-4.3316955e-05,36.404663864498,CONTRACTION,SHADOW_CONTEXT_ONLY
JAN_FEB,1973-04,1973-04-30T23:59:59Z,True,0.00054277276,-0.000152967213,-0.000120152622,-3.281459e-05,37.541783955542,CONTRACTION,SHADOW_CONTEXT_ONLY
JAN_FEB,1973-06,1973-06-30T23:59:59Z,True,0.000453333174,-0.00015655779,-0.000127433656,-2.9124134e-05,34.551256124447,CONTRACTION,SHADOW_CONTEXT_ONLY
JAN_FEB,1973-08,1973-08-31T23:59:59Z,True,0.000617127862,-0.000144520542,-0.000130851033,-1.3669509e-05,43.437465115207,CONTRACTION,SHADOW_CONTEXT_ONLY
JAN_FEB,1973-10,1973-10-31T23:59:59Z,True,0.000642286796,-0.000131435712,-0.000130967969,-4.67743e-07,44.679904568815,CONTRACTION,SHADOW_CONTEXT_ONLY
JAN_FEB,1973-12,1973-12-31T23:59:59Z,True,0.000652300953,-0.000118887372,-0.000128551849,9.664478e-06,45.195924020256,TURNING_POSITIVE,SHADOW_CONTEXT_ONLY
JAN_FEB,1974-02,1974-02-28T23:59:59Z,True,0.000475261126,-0.000121824044,-0.000127206288,5.382244e-06,38.379938080829,EXPANSION,SHADOW_CONTEXT_ONLY
JAN_FEB,1974-04,1974-04-30T23:59:59Z,True,0.000548289196,-0.000116910946,-0.00012514722,8.236273e-06,42.248889577025,ACCELERATING,SHADOW_CONTEXT_ONLY
JAN_FEB,1974-06,1974-06-30T23:59:59Z,True,0.000492808334,-0.000116155159,-0.000123348808,7.193649e-06,40.184607934502,EXPANSION,SHADOW_CONTEXT_ONLY
JAN_FEB,1974-08,1974-08-31T23:59:59Z,True,0.000361803669,-0.000124689827,-0.000123617012,-1.072815e-06,35.74361238826,TURNING_NEGATIVE,SHADOW_CONTEXT_ONLY
JAN_FEB,1974-10,1974-10-31T23:59:59Z,True,0.000273671472,-0.000136986054,-0.00012629082,-1.0695234e-05,33.093886808381,DECELERATING,SHADOW_CONTEXT_ONLY
JAN_FEB,1974-12,1974-12-31T23:59:59Z,True,0.000217893378,-0.000149508291,-0.000130934314,-1.8573976e-05,31.502201811973,DECELERATING,SHADOW_CONTEXT_ONLY
JAN_FEB,1975-02,1975-02-28T23:59:59Z,True,0.000218933917,-0.000157532355,-0.000136253922,-2.1278433e-05,31.5683237995,DECELERATING,SHADOW_CONTEXT_ONLY
JAN_FEB,1975-04,1975-04-30T23:59:59Z,True,0.000243156004,-0.000160091529,-0.000141021444,-1.9070085e-05,33.185211168735,CONTRACTION,SHADOW_CONTEXT_ONLY
JAN_FEB,1975-06,1975-06-30T23:59:59Z,True,0.000226258828,-0.000161620098,-0.000145141175,-1.6478923e-05,32.606431701023,CONTRACTION,SHADOW_CONTEXT_ONLY
JAN_FEB,1975-08,1975-08-31T23:59:59Z,True,0.000243675705,-0.000159586489,-0.000148030237,-1.1556252e-05,33.886402785175,CONTRACTION,SHADOW_CONTEXT_ONLY
JAN_FEB,1975-10,1975-10-31T23:59:59Z,True,0.000256440553,-0.000155156278,-0.000149455446,-5.700833e-06,34.862831691635,CONTRACTION,SHADOW_CONTEXT_ONLY
JAN_FEB,1975-12,1975-12-31T23:59:59Z,True,0.000257554689,-0.000149828276,-0.000149530012,-2.98264e-07,34.953130804054,CONTRACTION,SHADOW_CONTEXT_ONLY
JAN_FEB,1976-02,1976-02-29T23:59:59Z,True,0.000289428536,-0.000141403827,-0.000147904775,6.500948e-06,37.617523168586,TURNING_POSITIVE,SHADOW_CONTEXT_ONLY
JAN_FEB,1976-04,1976-04-30T23:59:59Z,True,0.000366923828,-0.000127010075,-0.000143725835,1.671576e-05,43.65998931672,ACCELERATING,SHADOW_CONTEXT_ONLY
JAN_FEB,1976-06,1976-06-30T23:59:59Z,True,0.000382622135,-0.000113033224,-0.000137587313,2.4554089e-05,44.825857332065,ACCELERATING,SHADOW_CONTEXT_ONLY
JAN_FEB,1976-08,1976-08-31T23:59:59Z,True,0.000435165916,-9.6603045e-05,-0.000129390459,3.2787414e-05,48.655674997807,ACCELERATING,SHADOW_CONTEXT_ONLY
JAN_FEB,1976-10,1976-10-31T23:59:59Z,True,0.000344551446,-8.9858013e-05,-0.00012148397,3.1625957e-05,43.099502973599,EXPANSION,SHADOW_CONTEXT_ONLY
JAN_FEB,1976-12,1976-12-31T23:59:59Z,True,0.000298732647,-8.7204482e-05,-0.000114628072,2.742359e-05,40.576336829709,EXPANSION,SHADOW_CONTEXT_ONLY
JAN_FEB,1977-02,1977-02-28T23:59:59Z,True,0.000326129102,-8.1946249e-05,-0.000108091708,2.6145459e-05,42.735063813902,EXPANSION,SHADOW_CONTEXT_ONLY
JAN_FEB,1977-04,1977-04-30T23:59:59Z,True,0.00029830113,-7.9112586e-05,-0.000102295883,2.3183297e-05,41.10174692983,EXPANSION,SHADOW_CONTEXT_ONLY
JAN_FEB,1977-06,1977-06-30T23:59:59Z,True,0.000289416749,-7.6699637e-05,-9.7176634e-05,2.0476997e-05,40.568649067533,EXPANSION,SHADOW_CONTEXT_ONLY
JAN_FEB,1977-08,1977-08-31T23:59:59Z,True,0.000248827814,-7.7172944e-05,-9.3175896e-05,1.6002952e-05,38.135117870856,EXPANSION,SHADOW_CONTEXT_ONLY
JAN_FEB,1977-10,1977-10-31T23:59:59Z,True,0.000236699415,-7.7631812e-05,-9.0067079e-05,1.2435267e-05,37.412932599744,EXPANSION,SHADOW_CONTEXT_ONLY
JAN_FEB,1977-12,1977-12-31T23:59:59Z,True,0.000245134277,-7.6433764e-05,-8.7340416e-05,1.0906652e-05,38.288220236904,EXPANSION,SHADOW_CONTEXT_ONLY
JAN_FEB,1978-02,1978-02-28T23:59:59Z,True,0.000212656917,-7.721487e-05,-8.5315307e-05,8.100437e-06,36.189583834232,EXPANSION,SHADOW_CONTEXT_ONLY
JAN_FEB,1978-04,1978-04-30T23:59:59Z,True,0.000228388387,-7.5691973e-05,-8.339064e-05,7.698667e-06,37.963339136352,EXPANSION,SHADOW_CONTEXT_ONLY
JAN_FEB,1978-06,1978-06-30T23:59:59Z,True,0.000225331166,-7.3880115e-05,-8.1488535e-05,7.60842e-06,37.743760789161,EXPANSION,SHADOW_CONTEXT_ONLY
JAN_FEB,1978-08,1978-08-31T23:59:59Z,True,0.000215308534,-7.2418156e-05,-7.9674459e-05,7.256304e-06,36.988441162256,EXPANSION,SHADOW_CONTEXT_ONLY
JAN_FEB,1978-10,1978-10-31T23:59:59Z,True,0.000206351701,-7.1161973e-05,-7.7971962e-05,6.809989e-06,36.289526303332,EXPANSION,SHADOW_CONTEXT_ONLY
JAN_FEB,1978-12,1978-12-31T23:59:59Z,True,0.000229238605,-6.7541086e-05,-7.5885787e-05,8.344701e-06,39.43852129492,ACCELERATING,SHADOW_CONTEXT_ONLY
JAN_FEB,1979-02,1979-02-28T23:59:59Z,True,0.000245793329,-6.2613904e-05,-7.323141e-05,1.0617506e-05,41.683798382673,ACCELERATING,SHADOW_CONTEXT_ONLY
JAN_FEB,1979-04,1979-04-30T23:59:59Z,True,0.000273294148,-5.5846231e-05,-6.9754374e-05,1.3908144e-05,45.311079314546,ACCELERATING,SHADOW_CONTEXT_ONLY
JAN_FEB,1979-06,1979-06-30T23:59:59Z,True,0.000209363188,-5.5007404e-05,-6.680498e-05,1.1797576e-05,39.205957783492,EXPANSION,SHADOW_CONTEXT_ONLY
JAN_FEB,1979-08,1979-08-31T23:59:59Z,True,0.000204187608,-5.4136205e-05,-6.4271225e-05,1.013502e-05,38.75075743534,EXPANSION,SHADOW_CONTEXT_ONLY
JAN_FEB,1979-10,1979-10-31T23:59:59Z,True,0.000164721474,-5.5985001e-05,-6.261398e-05,6.62898e-06,35.377653061394,EXPANSION,SHADOW_CONTEXT_ONLY
JAN_FEB,1979-12,1979-12-31T23:59:59Z,True,0.000151347467,-5.7862354e-05,-6.1663655e-05,3.801301e-06,34.288425139126,EXPANSION,SHADOW_CONTEXT_ONLY
JAN_FEB,1980-02,1980-02-29T23:59:59Z,True,0.000136481121,-5.9859734e-05,-6.1302871e-05,1.443137e-06,33.069587388266,EXPANSION,SHADOW_CONTEXT_ONLY
JAN_FEB,1980-04,1980-04-30T23:59:59Z,True,0.00012453423,-6.1695499e-05,-6.1381396e-05,-3.14103e-07,32.082618387286,TURNING_NEGATIVE,SHADOW_CONTEXT_ONLY
JAN_FEB,1980-06,1980-06-30T23:59:59Z,True,0.000103816264,-6.4083409e-05,-6.1921799e-05,-2.16161e-06,30.388806124639,DECELERATING,SHADOW_CONTEXT_ONLY
JAN_FEB,1980-08,1980-08-31T23:59:59Z,True,0.000103281401,-6.5266651e-05,-6.2590769e-05,-2.675881e-06,30.344265918156,DECELERATING,SHADOW_CONTEXT_ONLY
JAN_FEB,1980-10,1980-10-31T23:59:59Z,True,9.5992576e-05,-6.6031357e-05,-6.3278887e-05,-2.75247e-06,29.705307940084,DECELERATING,SHADOW_CONTEXT_ONLY
JAN_FEB,1980-12,1980-12-31T23:59:59Z,True,0.000108630916,-6.4869805e-05,-6.3597071e-05,-1.272735e-06,32.364723033116,CONTRACTION,SHADOW_CONTEXT_ONLY
JAN_FEB,1981-02,1981-02-28T23:59:59Z,True,0.000112034723,-6.2948972e-05,-6.3467451e-05,5.18479e-07,33.098825886083,TURNING_POSITIVE,SHADOW_CONTEXT_ONLY
JAN_FEB,1981-04,1981-04-30T23:59:59Z,True,0.000114192402,-6.0554555e-05,-6.2884872e-05,2.330316e-06,33.590885722662,ACCELERATING,SHADOW_CONTEXT_ONLY
JAN_FEB,1981-06,1981-06-30T23:59:59Z,True,0.000114698288,-5.7948152e-05,-6.1897528e-05,3.949376e-06,33.713985309851,ACCELERATING,SHADOW_CONTEXT_ONLY
JAN_FEB,1981-08,1981-08-31T23:59:59Z,True,0.000135565642,-5.3581088e-05,-6.023424e-05,6.653152e-06,38.756941401807,ACCELERATING,SHADOW_CONTEXT_ONLY
JAN_FEB,1981-10,1981-10-31T23:59:59Z,True,0.000118306832,-5.092576e-05,-5.8372544e-05,7.446784e-06,36.297332080012,ACCELERATING,SHADOW_CONTEXT_ONLY
JAN_FEB,1981-12,1981-12-31T23:59:59Z,True,0.000125551839,-4.7687075e-05,-5.623545e-05,8.548375e-06,38.073984279136,ACCELERATING,SHADOW_CONTEXT_ONLY
JAN_FEB,1982-02,1982-02-28T23:59:59Z,True,0.000132896674,-4.4020288e-05,-5.3792418e-05,9.772129e-06,39.903850585006,ACCELERATING,SHADOW_CONTEXT_ONLY
JAN_FEB,1982-04,1982-04-30T23:59:59Z,True,0.000135255691,-4.045761e-05,-5.1125456e-05,1.0667846e-05,40.51186002431,ACCELERATING,SHADOW_CONTEXT_ONLY
JAN_FEB,1982-06,1982-06-30T23:59:59Z,True,0.000128363555,-3.7755083e-05,-4.8451382e-05,1.0696299e-05,39.262049734428,ACCELERATING,SHADOW_CONTEXT_ONLY
JAN_FEB,1982-08,1982-08-31T23:59:59Z,True,0.000124072111,-3.5549799e-05,-4.5871065e-05,1.0321267e-05,38.466299786455,EXPANSION,SHADOW_CONTEXT_ONLY
JAN_FEB,1982-10,1982-10-31T23:59:59Z,True,0.00010768289,-3.4724288e-05,-4.364171e-05,8.917422e-06,35.506570926663,EXPANSION,SHADOW_CONTEXT_ONLY
JAN_FEB,1982-12,1982-12-31T23:59:59Z,True,0.000102956003,-3.4058875e-05,-4.1725143e-05,7.666267e-06,34.677818381495,EXPANSION,SHADOW_CONTEXT_ONLY
JAN_FEB,1983-02,1983-02-28T23:59:59Z,True,0.000104332844,-3.3039572e-05,-3.9988029e-05,6.948457e-06,35.15260875593,EXPANSION,SHADOW_CONTEXT_ONLY
JAN_FEB,1983-04,1983-04-30T23:59:59Z,True,0.000120319454,-3.0589168e-05,-3.8108256e-05,7.519088e-06,40.555316983365,ACCELERATING,SHADOW_CONTEXT_ONLY
JAN_FEB,1983-06,1983-06-30T23:59:59Z,True,0.00012810415,-2.769974e-05,-3.6026553e-05,8.326813e-06,43.043774145234,ACCELERATING,SHADOW_CONTEXT_ONLY
JAN_FEB,1983-08,1983-08-31T23:59:59Z,True,0.000122619476,-2.55578e-05,-3.3932803e-05,8.375002e-06,41.718695313607,ACCELERATING,SHADOW_CONTEXT_ONLY
JAN_FEB,1983-10,1983-10-31T23:59:59Z,True,0.000113282968,-2.4333178e-05,-3.2012878e-05,7.6797e-06,39.490067305381,EXPANSION,SHADOW_CONTEXT_ONLY
JAN_FEB,1983-12,1983-12-31T23:59:59Z,True,0.000113431494,-2.3084567e-05,-3.0227216e-05,7.142649e-06,39.545394538521,EXPANSION,SHADOW_CONTEXT_ONLY
JAN_FEB,1984-02,1984-02-29T23:59:59Z,True,0.000115227906,-2.1699935e-05,-2.8521759e-05,6.821825e-06,40.256916099479,EXPANSION,SHADOW_CONTEXT_ONLY
JAN_FEB,1984-04,1984-04-30T23:59:59Z,True,0.000125148635,-1.9576419e-05,-2.6732691e-05,7.156272e-06,44.165198798139,ACCELERATING,SHADOW_CONTEXT_ONLY
JAN_FEB,1984-06,1984-06-30T23:59:59Z,True,0.000112482679,-1.8699993e-05,-2.5126152e-05,6.426159e-06,40.520572704602,EXPANSION,SHADOW_CONTEXT_ONLY
JAN_FEB,1984-08,1984-08-31T23:59:59Z,True,0.000119587506,-1.7233462e-05,-2.3547614e-05,6.314152e-06,43.344881376818,EXPANSION,SHADOW_CONTEXT_ONLY
JAN_FEB,1984-10,1984-10-31T23:59:59Z,True,0.000116113566,-1.6165201e-05,-2.2071131e-05,5.90593e-06,42.287549347961,EXPANSION,SHADOW_CONTEXT_ONLY
JAN_FEB,1984-12,1984-12-31T23:59:59Z,True,0.00012839904,-1.4163988e-05,-2.0489702e-05,6.325715e-06,47.193417980941,ACCELERATING,SHADOW_CONTEXT_ONLY
JAN_FEB,1985-02,1985-02-28T23:59:59Z,True,0.000144490733,-1.1151005e-05,-1.8621963e-05,7.470958e-06,52.847308453968,ACCELERATING,SHADOW_CONTEXT_ONLY
JAN_FEB,1985-04,1985-04-30T23:59:59Z,True,0.000142866734,-8.792878e-06,-1.6656146e-05,7.863268e-06,52.239416558572,ACCELERATING,SHADOW_CONTEXT_ONLY
JAN_FEB,1985-06,1985-06-30T23:59:59Z,True,0.000140505296,-7.033517e-06,-1.473162e-05,7.698103e-06,51.315092892228,EXPANSION,SHADOW_CONTEXT_ONLY
JAN_FEB,1985-08,1985-08-31T23:59:59Z,True,0.000133839203,-6.106713e-06,-1.3006639e-05,6.899925e-06,48.695727314862,EXPANSION,SHADOW_CONTEXT_ONLY
JAN_FEB,1985-10,1985-10-31T23:59:59Z,True,0.000132142072,-5.446377e-06,-1.1494586e-05,6.048209e-06,48.023626181498,EXPANSION,SHADOW_CONTEXT_ONLY
JAN_FEB,1985-12,1985-12-31T23:59:59Z,True,0.000134363156,-4.689772e-06,-1.0133623e-05,5.443852e-06,49.01540996521,EXPANSION,SHADOW_CONTEXT_ONLY
JAN_FEB,1986-02,1986-02-28T23:59:59Z,True,0.000129001441,-4.471261e-06,-9.001151e-06,4.52989e-06,46.698864787193,EXPANSION,SHADOW_CONTEXT_ONLY
JAN_FEB,1986-04,1986-04-30T23:59:59Z,True,0.000131274968,-4.067744e-06,-8.014469e-06,3.946726e-06,47.824901338409,EXPANSION,SHADOW_CONTEXT_ONLY
JAN_FEB,1986-06,1986-06-30T23:59:59Z,True,0.000128131816,-3.955978e-06,-7.202771e-06,3.246793e-06,46.366522008355,EXPANSION,SHADOW_CONTEXT_ONLY
JAN_FEB,1986-08,1986-08-31T23:59:59Z,True,0.000107500876,-5.469103e-06,-6.856037e-06,1.386935e-06,38.144375012902,EXPANSION,SHADOW_CONTEXT_ONLY
JAN_FEB,1986-10,1986-10-31T23:59:59Z,True,9.6611507e-05,-7.460941e-06,-6.977018e-06,-4.83923e-07,34.651586998629,TURNING_NEGATIVE,SHADOW_CONTEXT_ONLY
JAN_FEB,1986-12,1986-12-31T23:59:59Z,True,0.000106276841,-8.165449e-06,-7.214704e-06,-9.50745e-07,39.910980630083,DECELERATING,SHADOW_CONTEXT_ONLY
JAN_FEB,1987-02,1987-02-28T23:59:59Z,True,0.000107039396,-8.56353e-06,-7.484469e-06,-1.079061e-06,40.31908859224,DECELERATING,SHADOW_CONTEXT_ONLY
JAN_FEB,1987-04,1987-04-30T23:59:59Z,True,0.000105382556,-8.909996e-06,-7.769575e-06,-1.140422e-06,39.688367623861,DECELERATING,SHADOW_CONTEXT_ONLY
JAN_FEB,1987-06,1987-06-30T23:59:59Z,True,0.000108654812,-8.818871e-06,-7.979434e-06,-8.39437e-07,41.630435485214,CONTRACTION,SHADOW_CONTEXT_ONLY
JAN_FEB,1987-08,1987-08-31T23:59:59Z,True,0.000118476584,-7.863474e-06,-7.956242e-06,9.2768e-08,47.133115912605,TURNING_POSITIVE,SHADOW_CONTEXT_ONLY
JAN_FEB,1987-10,1987-10-31T23:59:59Z,True,0.000131571051,-5.980758e-06,-7.561145e-06,1.580387e-06,53.435763002796,ACCELERATING,SHADOW_CONTEXT_ONLY
JAN_FEB,1987-12,1987-12-31T23:59:59Z,True,0.000183612911,-2.86051e-07,-6.106126e-06,5.820075e-06,69.168003853519,ACCELERATING,SHADOW_CONTEXT_ONLY
JAN_FEB,1988-02,1988-02-29T23:59:59Z,True,0.000163961767,2.61126e-06,-4.362649e-06,6.973909e-06,60.812871775105,ACCELERATING,SHADOW_CONTEXT_ONLY
JAN_FEB,1988-04,1988-04-30T23:59:59Z,True,0.000157306522,4.320573e-06,-2.626005e-06,6.946578e-06,58.24673072175,EXPANSION,SHADOW_CONTEXT_ONLY
JAN_FEB,1988-06,1988-06-30T23:59:59Z,True,0.000175172574,7.035754e-06,-6.93653e-07,7.729407e-06,62.786509109911,ACCELERATING,SHADOW_CONTEXT_ONLY
JAN_FEB,1988-08,1988-08-31T23:59:59Z,True,0.000158837013,7.77973e-06,1.001024e-06,6.778707e-06,56.714550475482,EXPANSION,SHADOW_CONTEXT_ONLY
JAN_FEB,1988-10,1988-10-31T23:59:59Z,True,0.000224678678,1.3526287e-05,3.506076e-06,1.002021e-05,69.512402900635,ACCELERATING,SHADOW_CONTEXT_ONLY
JAN_FEB,1988-12,1988-12-31T23:59:59Z,True,0.000259740013,2.0671344e-05,6.93913e-06,1.3732214e-05,73.932283018547,ACCELERATING,SHADOW_CONTEXT_ONLY
JAN_FEB,1989-02,1989-02-28T23:59:59Z,True,0.000248266669,2.5118501e-05,1.0575004e-05,1.4543497e-05,70.338698436205,ACCELERATING,SHADOW_CONTEXT_ONLY
JAN_FEB,1989-04,1989-04-30T23:59:59Z,True,0.000252553752,2.8658479e-05,1.4191699e-05,1.446678e-05,70.90771916213,EXPANSION,SHADOW_CONTEXT_ONLY
JAN_FEB,1989-06,1989-06-30T23:59:59Z,True,0.000215188728,2.8124688e-05,1.6978297e-05,1.1146391e-05,60.088048581319,EXPANSION,SHADOW_CONTEXT_ONLY
JAN_FEB,1989-08,1989-08-31T23:59:59Z,True,0.000235363844,2.8995377e-05,1.9381713e-05,9.613664e-06,63.340718060752,EXPANSION,SHADOW_CONTEXT_ONLY
JAN_FEB,1989-10,1989-10-31T23:59:59Z,True,0.000242471518,2.9914103e-05,2.1488191e-05,8.425913e-06,64.440210622103,EXPANSION,SHADOW_CONTEXT_ONLY
JAN_FEB,1989-12,1989-12-31T23:59:59Z,True,0.000183959194,2.5625352e-05,2.2315623e-05,3.309729e-06,50.904795754833,EXPANSION,SHADOW_CONTEXT_ONLY
JAN_FEB,1990-02,1990-02-28T23:59:59Z,True,0.000176029269,2.1340606e-05,2.212062e-05,-7.80014e-07,49.390656446717,TURNING_NEGATIVE,SHADOW_CONTEXT_ONLY
JAN_FEB,1990-04,1990-04-30T23:59:59Z,True,0.000223379515,2.1517641e-05,2.2000024e-05,-4.82383e-07,57.516449902563,CONTRACTION,SHADOW_CONTEXT_ONLY
JAN_FEB,1990-06,1990-06-30T23:59:59Z,True,0.000228416158,2.1812911e-05,2.1962601e-05,-1.4969e-07,58.283713040764,CONTRACTION,SHADOW_CONTEXT_ONLY
JAN_FEB,1990-08,1990-08-31T23:59:59Z,True,0.00023284299,2.2148806e-05,2.1999842e-05,1.48964e-07,58.984852430587,TURNING_POSITIVE,SHADOW_CONTEXT_ONLY
JAN_FEB,1990-10,1990-10-31T23:59:59Z,True,0.000224010342,2.1454965e-05,2.1890867e-05,-4.35902e-07,56.928895356234,TURNING_NEGATIVE,SHADOW_CONTEXT_ONLY
JAN_FEB,1990-12,1990-12-31T23:59:59Z,True,0.000205018939,1.9151872e-05,2.1343068e-05,-2.191196e-06,52.677336792226,DECELERATING,SHADOW_CONTEXT_ONLY
JAN_FEB,1991-02,1991-02-28T23:59:59Z,True,0.000209264876,1.7467908e-05,2.0568036e-05,-3.100128e-06,53.513220856051,DECELERATING,SHADOW_CONTEXT_ONLY
JAN_FEB,1991-04,1991-04-30T23:59:59Z,True,0.000214770376,1.6388682e-05,1.9732165e-05,-3.343483e-06,54.632226402477,DECELERATING,SHADOW_CONTEXT_ONLY
JAN_FEB,1991-06,1991-06-30T23:59:59Z,True,0.000188061621,1.3225757e-05,1.8430884e-05,-5.205126e-06,48.529172210501,DECELERATING,SHADOW_CONTEXT_ONLY
JAN_FEB,1991-08,1991-08-31T23:59:59Z,True,0.000195095685,1.1158083e-05,1.6976323e-05,-5.818241e-06,50.109875189384,DECELERATING,SHADOW_CONTEXT_ONLY
JAN_FEB,1991-10,1991-10-31T23:59:59Z,True,0.000204815095,1.018629e-05,1.5618317e-05,-5.432027e-06,52.290170179124,CONTRACTION,SHADOW_CONTEXT_ONLY
JAN_FEB,1991-12,1991-12-31T23:59:59Z,True,0.000191002842,8.206999e-06,1.4136053e-05,-5.929054e-06,49.012135120773,DECELERATING,SHADOW_CONTEXT_ONLY
JAN_FEB,1992-02,1992-02-29T23:59:59Z,True,0.000193825621,6.787924e-06,1.2666427e-05,-5.878504e-06,49.706050190708,CONTRACTION,SHADOW_CONTEXT_ONLY
JAN_FEB,1992-04,1992-04-30T23:59:59Z,True,0.000203227732,6.348784e-06,1.1402899e-05,-5.054115e-06,52.046981255082,CONTRACTION,SHADOW_CONTEXT_ONLY
JAN_FEB,1992-06,1992-06-30T23:59:59Z,True,0.000209697634,6.448495e-06,1.0412018e-05,-3.963523e-06,53.645870289938,CONTRACTION,SHADOW_CONTEXT_ONLY
JAN_FEB,1992-08,1992-08-31T23:59:59Z,True,0.000228696701,7.968724e-06,9.923359e-06,-1.954635e-06,58.067408021958,CONTRACTION,SHADOW_CONTEXT_ONLY
JAN_FEB,1992-10,1992-10-31T23:59:59Z,True,0.000203348021,7.046858e-06,9.348059e-06,-2.301201e-06,51.068280632247,DECELERATING,SHADOW_CONTEXT_ONLY
JAN_FEB,1992-12,1992-12-31T23:59:59Z,True,0.000204911562,6.369019e-06,8.752251e-06,-2.383232e-06,51.456947169529,DECELERATING,SHADOW_CONTEXT_ONLY
JAN_FEB,1993-02,1993-02-28T23:59:59Z,True,0.000209215788,6.108725e-06,8.223546e-06,-2.114821e-06,52.573748570533,CONTRACTION,SHADOW_CONTEXT_ONLY
JAN_FEB,1993-04,1993-04-30T23:59:59Z,True,0.000177344385,3.292727e-06,7.237382e-06,-3.944655e-06,44.423792063125,DECELERATING,SHADOW_CONTEXT_ONLY
JAN_FEB,1993-06,1993-06-30T23:59:59Z,True,0.000154932104,-7.38937e-07,5.642118e-06,-6.381055e-06,39.756508913281,DECELERATING,SHADOW_CONTEXT_ONLY
JAN_FEB,1993-08,1993-08-31T23:59:59Z,True,0.000159784879,-3.502112e-06,3.813272e-06,-7.315384e-06,41.197084856773,DECELERATING,SHADOW_CONTEXT_ONLY
JAN_FEB,1993-10,1993-10-31T23:59:59Z,True,0.000140649238,-7.153572e-06,1.619903e-06,-8.773475e-06,37.399326319672,DECELERATING,SHADOW_CONTEXT_ONLY
JAN_FEB,1993-12,1993-12-31T23:59:59Z,True,0.000140006251,-9.984172e-06,-7.00912e-07,-9.283261e-06,37.274983079915,DECELERATING,SHADOW_CONTEXT_ONLY
JAN_FEB,1994-02,1994-02-28T23:59:59Z,True,0.000151934785,-1.1136536e-05,-2.788037e-06,-8.348499e-06,41.181940309836,CONTRACTION,SHADOW_CONTEXT_ONLY
JAN_FEB,1994-04,1994-04-30T23:59:59Z,True,0.000155269876,-1.1646425e-05,-4.559714e-06,-7.086711e-06,42.264730631427,CONTRACTION,SHADOW_CONTEXT_ONLY
JAN_FEB,1994-06,1994-06-30T23:59:59Z,True,0.000190488651,-9.103714e-06,-5.468514e-06,-3.6352e-06,52.25948284452,CONTRACTION,SHADOW_CONTEXT_ONLY
JAN_FEB,1994-08,1994-08-31T23:59:59Z,True,0.000196934119,-6.493647e-06,-5.673541e-06,-8.20106e-07,53.834598142718,CONTRACTION,SHADOW_CONTEXT_ONLY
JAN_FEB,1994-10,1994-10-31T23:59:59Z,True,0.000203209382,-3.874129e-06,-5.313659e-06,1.439529e-06,55.378197190005,TURNING_POSITIVE,SHADOW_CONTEXT_ONLY
JAN_FEB,1994-12,1994-12-31T23:59:59Z,True,0.000244970655,1.553732e-06,-3.94018e-06,5.493912e-06,64.003985242342,ACCELERATING,SHADOW_CONTEXT_ONLY
JAN_FEB,1995-02,1995-02-28T23:59:59Z,True,0.000237442457,5.188083e-06,-2.114528e-06,7.302611e-06,61.688932381643,ACCELERATING,SHADOW_CONTEXT_ONLY
JAN_FEB,1995-04,1995-04-30T23:59:59Z,True,0.000231008943,7.463172e-06,-1.98988e-07,7.662159e-06,59.70155014413,ACCELERATING,SHADOW_CONTEXT_ONLY
JAN_FEB,1995-06,1995-06-30T23:59:59Z,True,0.000240089982,9.885011e-06,1.817812e-06,8.067199e-06,61.582904696246,ACCELERATING,SHADOW_CONTEXT_ONLY
JAN_FEB,1995-08,1995-08-31T23:59:59Z,True,0.000245992862,1.2140699e-05,3.882389e-06,8.25831e-06,62.798681186808,ACCELERATING,SHADOW_CONTEXT_ONLY
JAN_FEB,1995-10,1995-10-31T23:59:59Z,True,0.000228525284,1.2376195e-05,5.581151e-06,6.795045e-06,57.045548426278,EXPANSION,SHADOW_CONTEXT_ONLY
JAN_FEB,1995-12,1995-12-31T23:59:59Z,True,0.000235164788,1.2949309e-05,7.054782e-06,5.894527e-06,58.598154228669,EXPANSION,SHADOW_CONTEXT_ONLY
JAN_FEB,1996-02,1996-02-29T23:59:59Z,True,0.000194915121,1.0039959e-05,7.651818e-06,2.388142e-06,47.410502821585,EXPANSION,SHADOW_CONTEXT_ONLY
JAN_FEB,1996-04,1996-04-30T23:59:59Z,True,0.000205457063,8.487091e-06,7.818872e-06,6.68219e-07,50.097811742428,EXPANSION,SHADOW_CONTEXT_ONLY
JAN_FEB,1996-06,1996-06-30T23:59:59Z,True,0.00017555287,4.788218e-06,7.212742e-06,-2.424523e-06,43.333299572072,TURNING_NEGATIVE,SHADOW_CONTEXT_ONLY
JAN_FEB,1996-08,1996-08-31T23:59:59Z,True,0.000161464819,7.11841e-07,5.912561e-06,-5.20072e-06,40.555080397937,DECELERATING,SHADOW_CONTEXT_ONLY
JAN_FEB,1996-10,1996-10-31T23:59:59Z,True,0.000160089024,-2.599764e-06,4.210096e-06,-6.80986e-06,40.283462096952,DECELERATING,SHADOW_CONTEXT_ONLY
JAN_FEB,1996-12,1996-12-31T23:59:59Z,True,0.000191172589,-2.685099e-06,2.831057e-06,-5.516156e-06,48.651163069754,CONTRACTION,SHADOW_CONTEXT_ONLY
JAN_FEB,1997-02,1997-02-28T23:59:59Z,True,0.000215662724,-7.67728e-07,2.1113e-06,-2.879028e-06,54.107467513488,CONTRACTION,SHADOW_CONTEXT_ONLY
JAN_FEB,1997-04,1997-04-30T23:59:59Z,True,0.000216187247,7.85077e-07,1.846056e-06,-1.060979e-06,54.219670634416,CONTRACTION,SHADOW_CONTEXT_ONLY
JAN_FEB,1997-06,1997-06-30T23:59:59Z,True,0.000238338372,3.759757e-06,2.228796e-06,1.530961e-06,58.800753246278,TURNING_POSITIVE,SHADOW_CONTEXT_ONLY
JAN_FEB,1997-08,1997-08-31T23:59:59Z,True,0.000216092365,4.27289e-06,2.637615e-06,1.635275e-06,53.058466571418,ACCELERATING,SHADOW_CONTEXT_ONLY
JAN_FEB,1997-10,1997-10-31T23:59:59Z,True,0.000196382567,3.053931e-06,2.720878e-06,3.33053e-07,48.535948708889,EXPANSION,SHADOW_CONTEXT_ONLY
JAN_FEB,1997-12,1997-12-31T23:59:59Z,True,0.000189634346,1.525785e-06,2.481859e-06,-9.56075e-07,47.057037878215,TURNING_NEGATIVE,SHADOW_CONTEXT_ONLY
JAN_FEB,1998-02,1998-02-28T23:59:59Z,True,0.000174367976,-9.06699e-07,1.804148e-06,-2.710847e-06,43.80515526016,DECELERATING,SHADOW_CONTEXT_ONLY
JAN_FEB,1998-04,1998-04-30T23:59:59Z,True,0.000181874551,-2.203343e-06,1.002649e-06,-3.205993e-06,45.78891513101,DECELERATING,SHADOW_CONTEXT_ONLY
JAN_FEB,1998-06,1998-06-30T23:59:59Z,True,0.000176927654,-3.588748e-06,8.437e-08,-3.673118e-06,44.669780922844,DECELERATING,SHADOW_CONTEXT_ONLY
JAN_FEB,1998-08,1998-08-31T23:59:59Z,True,0.00017753076,-4.58517e-06,-8.49538e-07,-3.735632e-06,44.846766656022,DECELERATING,SHADOW_CONTEXT_ONLY
JAN_FEB,1998-10,1998-10-31T23:59:59Z,True,0.000166655791,-6.181109e-06,-1.915852e-06,-4.265257e-06,42.224030416305,DECELERATING,SHADOW_CONTEXT_ONLY
JAN_FEB,1998-12,1998-12-31T23:59:59Z,True,0.000157008647,-8.130621e-06,-3.158806e-06,-4.971815e-06,39.989799174909,DECELERATING,SHADOW_CONTEXT_ONLY
JAN_FEB,1999-02,1999-02-28T23:59:59Z,True,0.000152916396,-9.891808e-06,-4.505406e-06,-5.386401e-06,39.04597119093,DECELERATING,SHADOW_CONTEXT_ONLY
JAN_FEB,1999-04,1999-04-30T23:59:59Z,True,0.000161122604,-1.0504301e-05,-5.705185e-06,-4.799116e-06,42.002083692714,CONTRACTION,SHADOW_CONTEXT_ONLY
JAN_FEB,1999-06,1999-06-30T23:59:59Z,True,0.000169460322,-1.0199351e-05,-6.604018e-06,-3.595332e-06,44.9246551097,CONTRACTION,SHADOW_CONTEXT_ONLY
JAN_FEB,1999-08,1999-08-31T23:59:59Z,True,0.000199449532,-7.451896e-06,-6.773594e-06,-6.78302e-07,53.919131807276,CONTRACTION,SHADOW_CONTEXT_ONLY
JAN_FEB,1999-10,1999-10-31T23:59:59Z,True,0.000172419273,-7.370669e-06,-6.893009e-06,-4.77661e-07,46.541324926138,CONTRACTION,SHADOW_CONTEXT_ONLY
JAN_FEB,1999-12,1999-12-31T23:59:59Z,True,0.000193984581,-5.502725e-06,-6.614952e-06,1.112227e-06,52.165001069154,TURNING_POSITIVE,SHADOW_CONTEXT_ONLY
JAN_FEB,2000-02,2000-02-29T23:59:59Z,True,0.000186724539,-4.555675e-06,-6.203097e-06,1.647422e-06,50.248566740812,ACCELERATING,SHADOW_CONTEXT_ONLY
JAN_FEB,2000-04,2000-04-30T23:59:59Z,True,0.000186509777,-3.7789e-06,-5.718257e-06,1.939357e-06,50.189826813057,ACCELERATING,SHADOW_CONTEXT_ONLY
JAN_FEB,2000-06,2000-06-30T23:59:59Z,True,0.000190644737,-2.797397e-06,-5.134085e-06,2.336688e-06,51.368586244774,ACCELERATING,SHADOW_CONTEXT_ONLY
JAN_FEB,2000-08,2000-08-31T23:59:59Z,True,0.000210686325,-3.97775e-07,-4.186823e-06,3.789049e-06,56.715301176467,ACCELERATING,SHADOW_CONTEXT_ONLY
JAN_FEB,2000-10,2000-10-31T23:59:59Z,True,0.00021876112,2.130948e-06,-2.923269e-06,5.054217e-06,58.686135053758,ACCELERATING,SHADOW_CONTEXT_ONLY
JAN_FEB,2000-12,2000-12-31T23:59:59Z,True,0.000212444781,3.583988e-06,-1.621818e-06,5.205806e-06,56.518314021176,ACCELERATING,SHADOW_CONTEXT_ONLY
JAN_FEB,2001-02,2001-02-28T23:59:59Z,True,0.000209651679,4.458756e-06,-4.05703e-07,4.864459e-06,55.541279639486,EXPANSION,SHADOW_CONTEXT_ONLY
JAN_FEB,2001-04,2001-04-30T23:59:59Z,True,0.000199062252,4.248562e-06,5.2515e-07,3.723412e-06,51.879542738358,EXPANSION,SHADOW_CONTEXT_ONLY
JAN_FEB,2001-06,2001-06-30T23:59:59Z,True,0.000185238484,2.932714e-06,1.006663e-06,1.926051e-06,47.478951460335,EXPANSION,SHADOW_CONTEXT_ONLY
JAN_FEB,2001-08,2001-08-31T23:59:59Z,True,0.00016740989,4.46133e-07,8.94557e-07,-4.48424e-07,42.474891404512,TURNING_NEGATIVE,SHADOW_CONTEXT_ONLY
JAN_FEB,2001-10,2001-10-31T23:59:59Z,True,0.000151340945,-2.788981e-06,1.57849e-07,-2.94683e-06,38.532962837519,DECELERATING,SHADOW_CONTEXT_ONLY
JAN_FEB,2001-12,2001-12-31T23:59:59Z,True,0.00016588521,-4.131604e-06,-7.00041e-07,-3.431563e-06,43.632107880817,DECELERATING,SHADOW_CONTEXT_ONLY
JAN_FEB,2002-02,2002-02-28T23:59:59Z,True,0.000164133888,-5.27614e-06,-1.615261e-06,-3.660879e-06,43.167728222915,DECELERATING,SHADOW_CONTEXT_ONLY
JAN_FEB,2002-04,2002-04-30T23:59:59Z,True,0.000163216264,-6.18593e-06,-2.529395e-06,-3.656535e-06,42.910031279195,CONTRACTION,SHADOW_CONTEXT_ONLY
JAN_FEB,2002-06,2002-06-30T23:59:59Z,True,0.000159683893,-7.110018e-06,-3.445519e-06,-3.664498e-06,41.873748817989,DECELERATING,SHADOW_CONTEXT_ONLY
JAN_FEB,2002-08,2002-08-31T23:59:59Z,True,0.000148494018,-8.645632e-06,-4.485542e-06,-4.16009e-06,38.68645662997,DECELERATING,SHADOW_CONTEXT_ONLY
JAN_FEB,2002-10,2002-10-31T23:59:59Z,True,0.000145607443,-9.980491e-06,-5.584532e-06,-4.395959e-06,37.885344026628,DECELERATING,SHADOW_CONTEXT_ONLY
JAN_FEB,2002-12,2002-12-31T23:59:59Z,True,0.000149521533,-1.0600348e-05,-6.587695e-06,-4.012653e-06,39.708498042902,CONTRACTION,SHADOW_CONTEXT_ONLY
JAN_FEB,2003-02,2003-02-28T23:59:59Z,True,0.000145900432,-1.1254051e-05,-7.520966e-06,-3.733085e-06,38.580289785786,CONTRACTION,SHADOW_CONTEXT_ONLY
JAN_FEB,2003-04,2003-04-30T23:59:59Z,True,0.000150491517,-1.1271721e-05,-8.271117e-06,-3.000604e-06,40.874026145614,CONTRACTION,SHADOW_CONTEXT_ONLY
JAN_FEB,2003-06,2003-06-30T23:59:59Z,True,0.000147392038,-1.1404364e-05,-8.897766e-06,-2.506597e-06,39.793571107552,CONTRACTION,SHADOW_CONTEXT_ONLY
JAN_FEB,2003-08,2003-08-31T23:59:59Z,True,0.000152061442,-1.1005834e-05,-9.31938e-06,-1.686454e-06,42.269411813468,CONTRACTION,SHADOW_CONTEXT_ONLY
JAN_FEB,2003-10,2003-10-31T23:59:59Z,True,0.000157651132,-1.0122272e-05,-9.479958e-06,-6.42313e-07,45.175860183599,CONTRACTION,SHADOW_CONTEXT_ONLY
JAN_FEB,2003-12,2003-12-31T23:59:59Z,True,0.000168203323,-8.472898e-06,-9.278546e-06,8.05648e-07,50.266211720344,TURNING_POSITIVE,SHADOW_CONTEXT_ONLY
JAN_FEB,2004-02,2004-02-29T23:59:59Z,True,0.000211964434,-3.593182e-06,-8.141473e-06,4.548291e-06,64.844335642796,ACCELERATING,SHADOW_CONTEXT_ONLY
JAN_FEB,2004-04,2004-04-30T23:59:59Z,True,0.000227603358,1.518455e-06,-6.209488e-06,7.727943e-06,68.408248042164,ACCELERATING,SHADOW_CONTEXT_ONLY
JAN_FEB,2004-06,2004-06-30T23:59:59Z,True,0.000213201638,4.357139e-06,-4.096162e-06,8.453302e-06,62.158998109122,ACCELERATING,SHADOW_CONTEXT_ONLY
JAN_FEB,2004-08,2004-08-31T23:59:59Z,True,0.000220749364,7.133623e-06,-1.850205e-06,8.983829e-06,64.014386290861,ACCELERATING,SHADOW_CONTEXT_ONLY
JAN_FEB,2004-10,2004-10-31T23:59:59Z,True,0.000223056362,9.411671e-06,4.0217e-07,9.009501e-06,64.58594855623,ACCELERATING,SHADOW_CONTEXT_ONLY
JAN_FEB,2004-12,2004-12-31T23:59:59Z,True,0.0002213132,1.0950154e-05,2.511767e-06,8.438388e-06,63.761865723752,EXPANSION,SHADOW_CONTEXT_ONLY
JAN_FEB,2005-02,2005-02-28T23:59:59Z,True,0.000239268826,1.3463089e-05,4.702031e-06,8.761057e-06,68.255056577958,ACCELERATING,SHADOW_CONTEXT_ONLY
JAN_FEB,2005-04,2005-04-30T23:59:59Z,True,0.000246072728,1.5821248e-05,6.925875e-06,8.895373e-06,69.783922177405,ACCELERATING,SHADOW_CONTEXT_ONLY
JAN_FEB,2005-06,2005-06-30T23:59:59Z,True,0.000254312418,1.8145806e-05,9.169861e-06,8.975945e-06,71.569646900541,ACCELERATING,SHADOW_CONTEXT_ONLY
JAN_FEB,2005-08,2005-08-31T23:59:59Z,True,0.000269705491,2.0988189e-05,1.1533527e-05,9.454663e-06,74.590761567436,ACCELERATING,SHADOW_CONTEXT_ONLY
JAN_FEB,2005-10,2005-10-31T23:59:59Z,True,0.000268681097,2.2894228e-05,1.3805667e-05,9.088561e-06,74.026992244561,EXPANSION,SHADOW_CONTEXT_ONLY
JAN_FEB,2005-12,2005-12-31T23:59:59Z,True,0.000279138457,2.4960865e-05,1.6036707e-05,8.924159e-06,76.019560697701,EXPANSION,SHADOW_CONTEXT_ONLY
JAN_FEB,2006-02,2006-02-28T23:59:59Z,True,0.000279202741,2.63007e-05,1.8089505e-05,8.211194e-06,76.031733572221,EXPANSION,SHADOW_CONTEXT_ONLY
JAN_FEB,2006-04,2006-04-30T23:59:59Z,True,0.000325186595,3.0718932e-05,2.0615391e-05,1.0103541e-05,82.769556853296,ACCELERATING,SHADOW_CONTEXT_ONLY
JAN_FEB,2006-06,2006-06-30T23:59:59Z,True,0.000375642326,3.7855395e-05,2.4063391e-05,1.3792004e-05,87.065974738475,ACCELERATING,SHADOW_CONTEXT_ONLY
JAN_FEB,2006-08,2006-08-31T23:59:59Z,True,0.000378155383,4.3215713e-05,2.7893856e-05,1.5321857e-05,87.236681295235,ACCELERATING,SHADOW_CONTEXT_ONLY
JAN_FEB,2006-10,2006-10-31T23:59:59Z,True,0.000398082041,4.8512496e-05,3.2017584e-05,1.6494912e-05,88.529441228257,ACCELERATING,SHADOW_CONTEXT_ONLY
JAN_FEB,2006-12,2006-12-31T23:59:59Z,True,0.000329548742,4.6642504e-05,3.4942568e-05,1.1699936e-05,64.377977670891,EXPANSION,SHADOW_CONTEXT_ONLY
JAN_FEB,2007-02,2007-02-28T23:59:59Z,True,0.000265478698,3.9534872e-05,3.5861029e-05,3.673843e-06,50.506040305279,EXPANSION,SHADOW_CONTEXT_ONLY
JAN_FEB,2007-04,2007-04-30T23:59:59Z,True,0.000355743153,4.0716258e-05,3.6832075e-05,3.884183e-06,62.700217767075,ACCELERATING,SHADOW_CONTEXT_ONLY
JAN_FEB,2007-06,2007-06-30T23:59:59Z,True,0.000354371015,4.1068384e-05,3.7679336e-05,3.389047e-06,62.448341683527,EXPANSION,SHADOW_CONTEXT_ONLY
JAN_FEB,2007-08,2007-08-31T23:59:59Z,True,0.000351445902,4.0642908e-05,3.8272051e-05,2.370857e-06,61.877676444299,EXPANSION,SHADOW_CONTEXT_ONLY
JAN_FEB,2007-10,2007-10-31T23:59:59Z,True,0.000329902837,3.8127855e-05,3.8243212e-05,-1.15356e-07,57.695952282052,TURNING_NEGATIVE,SHADOW_CONTEXT_ONLY
JAN_FEB,2007-12,2007-12-31T23:59:59Z,True,0.000255180206,2.9762088e-05,3.6546987e-05,-6.784899e-06,46.066998418192,DECELERATING,SHADOW_CONTEXT_ONLY
JAN_FEB,2008-02,2008-02-29T23:59:59Z,True,0.000266100027,2.3739639e-05,3.3985517e-05,-1.0245878e-05,47.725194094122,DECELERATING,SHADOW_CONTEXT_ONLY
JAN_FEB,2008-04,2008-04-30T23:59:59Z,True,0.000296850215,2.1203666e-05,3.1429147e-05,-1.0225481e-05,52.183556776328,CONTRACTION,SHADOW_CONTEXT_ONLY
JAN_FEB,2008-06,2008-06-30T23:59:59Z,True,0.000289027921,1.8351154e-05,2.8813548e-05,-1.0462394e-05,50.992157327391,DECELERATING,SHADOW_CONTEXT_ONLY
JAN_FEB,2008-08,2008-08-31T23:59:59Z,True,0.000283045346,1.5429908e-05,2.613682e-05,-1.0706912e-05,50.050972454629,DECELERATING,SHADOW_CONTEXT_ONLY
JAN_FEB,2008-10,2008-10-31T23:59:59Z,True,0.000189858397,5.531626e-06,2.2015781e-05,-1.6484155e-05,38.218056604452,DECELERATING,SHADOW_CONTEXT_ONLY
JAN_FEB,2008-12,2008-12-31T23:59:59Z,True,0.000117095442,-8.090929e-06,1.5994439e-05,-2.4085368e-05,31.880226745514,DECELERATING,SHADOW_CONTEXT_ONLY
JAN_FEB,2009-02,2009-02-28T23:59:59Z,True,0.00010934043,-1.92903e-05,8.937491e-06,-2.8227791e-05,31.284754454842,DECELERATING,SHADOW_CONTEXT_ONLY
JAN_FEB,2009-04,2009-04-30T23:59:59Z,True,0.000154014632,-2.4281149e-05,2.293763e-06,-2.6574913e-05,38.420440683084,CONTRACTION,SHADOW_CONTEXT_ONLY
JAN_FEB,2009-06,2009-06-30T23:59:59Z,True,0.000164855003,-2.7049892e-05,-3.574968e-06,-2.3474924e-05,40.047348926866,CONTRACTION,SHADOW_CONTEXT_ONLY
JAN_FEB,2009-08,2009-08-31T23:59:59Z,True,0.000202057887,-2.5943122e-05,-8.048599e-06,-1.7894524e-05,45.380583492751,CONTRACTION,SHADOW_CONTEXT_ONLY
JAN_FEB,2009-10,2009-10-31T23:59:59Z,True,0.000187515496,-2.5940424e-05,-1.1626964e-05,-1.431346e-05,43.742522714473,CONTRACTION,SHADOW_CONTEXT_ONLY
JAN_FEB,2009-12,2009-12-31T23:59:59Z,True,0.000191334339,-2.5338055e-05,-1.4369182e-05,-1.0968873e-05,44.310995995109,CONTRACTION,SHADOW_CONTEXT_ONLY
JAN_FEB,2010-02,2010-02-28T23:59:59Z,True,0.000194517451,-2.4323437e-05,-1.6360033e-05,-7.963404e-06,44.811586390706,CONTRACTION,SHADOW_CONTEXT_ONLY
JAN_FEB,2010-04,2010-04-30T23:59:59Z,True,0.000209657465,-2.2043569e-05,-1.749674e-05,-4.546829e-06,47.240824590403,CONTRACTION,SHADOW_CONTEXT_ONLY
JAN_FEB,2010-06,2010-06-30T23:59:59Z,True,0.000163942819,-2.365289e-05,-1.872797e-05,-4.92492e-06,41.325791968237,DECELERATING,SHADOW_CONTEXT_ONLY
JAN_FEB,2010-08,2010-08-31T23:59:59Z,True,0.000186313919,-2.2859617e-05,-1.9554299e-05,-3.305318e-06,44.957841735393,CONTRACTION,SHADOW_CONTEXT_ONLY
JAN_FEB,2010-10,2010-10-31T23:59:59Z,True,0.000192183331,-2.1509383e-05,-1.9945316e-05,-1.564067e-06,45.90399541882,CONTRACTION,SHADOW_CONTEXT_ONLY
JAN_FEB,2010-12,2010-12-31T23:59:59Z,True,0.000204531634,-1.9221336e-05,-1.980052e-05,5.79184e-07,47.931845209519,TURNING_POSITIVE,SHADOW_CONTEXT_ONLY
JAN_FEB,2011-02,2011-02-28T23:59:59Z,True,0.00022322117,-1.5718757e-05,-1.8984168e-05,3.26541e-06,50.930055458641,ACCELERATING,SHADOW_CONTEXT_ONLY
JAN_FEB,2011-04,2011-04-30T23:59:59Z,True,0.000199368876,-1.4698188e-05,-1.8126972e-05,3.428784e-06,47.194958951386,ACCELERATING,SHADOW_CONTEXT_ONLY
JAN_FEB,2011-06,2011-06-30T23:59:59Z,True,0.000184444228,-1.4921665e-05,-1.748591e-05,2.564245e-06,44.972502012726,EXPANSION,SHADOW_CONTEXT_ONLY
JAN_FEB,2011-08,2011-08-31T23:59:59Z,True,0.000159159974,-1.6943685e-05,-1.7377465e-05,4.3378e-07,41.414389048136,EXPANSION,SHADOW_CONTEXT_ONLY
JAN_FEB,2011-10,2011-10-31T23:59:59Z,True,0.000138042682,-2.0019368e-05,-1.7905846e-05,-2.113522e-06,38.663065108084,TURNING_NEGATIVE,SHADOW_CONTEXT_ONLY
JAN_FEB,2011-12,2011-12-31T23:59:59Z,True,0.00014347427,-2.1767661e-05,-1.8678209e-05,-3.089452e-06,39.771388746121,DECELERATING,SHADOW_CONTEXT_ONLY
JAN_FEB,2012-02,2012-02-29T23:59:59Z,True,0.000150455271,-2.2332453e-05,-1.9409058e-05,-2.923396e-06,41.240973644191,CONTRACTION,SHADOW_CONTEXT_ONLY
JAN_FEB,2012-04,2012-04-30T23:59:59Z,True,0.000156347313,-2.2050433e-05,-1.9937333e-05,-2.1131e-06,42.515863484472,CONTRACTION,SHADOW_CONTEXT_ONLY
JAN_FEB,2012-06,2012-06-30T23:59:59Z,True,0.000144390937,-2.2531975e-05,-2.0456261e-05,-2.075713e-06,40.591227219656,CONTRACTION,SHADOW_CONTEXT_ONLY
JAN_FEB,2012-08,2012-08-31T23:59:59Z,True,0.000143419467,-2.2729972e-05,-2.0911003e-05,-1.818969e-06,40.431077020107,CONTRACTION,SHADOW_CONTEXT_ONLY
JAN_FEB,2012-10,2012-10-31T23:59:59Z,True,0.000143535335,-2.2616825e-05,-2.1252168e-05,-1.364657e-06,40.461249695285,CONTRACTION,SHADOW_CONTEXT_ONLY
JAN_FEB,2012-12,2012-12-31T23:59:59Z,True,0.000147044686,-2.1990487e-05,-2.1399832e-05,-5.90655e-07,41.42891532725,CONTRACTION,SHADOW_CONTEXT_ONLY
JAN_FEB,2013-02,2013-02-28T23:59:59Z,True,0.000154008063,-2.0693679e-05,-2.1258601e-05,5.64922e-07,43.394807343931,TURNING_POSITIVE,SHADOW_CONTEXT_ONLY
JAN_FEB,2013-04,2013-04-30T23:59:59Z,True,0.000151211392,-1.9664932e-05,-2.0939867e-05,1.274935e-06,42.773851239733,ACCELERATING,SHADOW_CONTEXT_ONLY
JAN_FEB,2013-06,2013-06-30T23:59:59Z,True,0.000162117898,-1.7764798e-05,-2.0304853e-05,2.540055e-06,46.018002067147,ACCELERATING,SHADOW_CONTEXT_ONLY
JAN_FEB,2013-08,2013-08-31T23:59:59Z,True,0.000165478779,-1.5805536e-05,-1.940499e-05,3.599454e-06,47.014813840031,ACCELERATING,SHADOW_CONTEXT_ONLY
JAN_FEB,2013-10,2013-10-31T23:59:59Z,True,0.000170112637,-1.372073e-05,-1.8268138e-05,4.547408e-06,48.428801748516,ACCELERATING,SHADOW_CONTEXT_ONLY
JAN_FEB,2013-12,2013-12-31T23:59:59Z,True,0.000183642868,-1.0851638e-05,-1.6784838e-05,5.9332e-06,52.421352938002,ACCELERATING,SHADOW_CONTEXT_ONLY
JAN_FEB,2014-02,2014-02-28T23:59:59Z,True,0.000171045197,-9.485051e-06,-1.5324881e-05,5.83983e-06,48.645172382099,EXPANSION,SHADOW_CONTEXT_ONLY
JAN_FEB,2014-04,2014-04-30T23:59:59Z,True,0.000159926506,-9.193233e-06,-1.4098551e-05,4.905318e-06,45.527930396744,EXPANSION,SHADOW_CONTEXT_ONLY
JAN_FEB,2014-06,2014-06-30T23:59:59Z,True,0.000165877103,-8.385142e-06,-1.2955869e-05,4.570727e-06,47.468124748704,EXPANSION,SHADOW_CONTEXT_ONLY
JAN_FEB,2014-08,2014-08-31T23:59:59Z,True,0.000168174938,-7.473163e-06,-1.1859328e-05,4.386165e-06,48.234870971761,EXPANSION,SHADOW_CONTEXT_ONLY
JAN_FEB,2014-10,2014-10-31T23:59:59Z,True,0.000171476369,-6.410123e-06,-1.0769487e-05,4.359364e-06,49.378105167748,EXPANSION,SHADOW_CONTEXT_ONLY
JAN_FEB,2014-12,2014-12-31T23:59:59Z,True,0.000166938394,-5.866211e-06,-9.788832e-06,3.922621e-06,47.81493578577,EXPANSION,SHADOW_CONTEXT_ONLY
JAN_FEB,2015-02,2015-02-28T23:59:59Z,True,0.000145225606,-7.105291e-06,-9.252124e-06,2.146832e-06,41.109168357923,EXPANSION,SHADOW_CONTEXT_ONLY
JAN_FEB,2015-04,2015-04-30T23:59:59Z,True,0.00015673662,-7.076852e-06,-8.817069e-06,1.740218e-06,45.474965317617,EXPANSION,SHADOW_CONTEXT_ONLY
JAN_FEB,2015-06,2015-06-30T23:59:59Z,True,0.000153491185,-7.232817e-06,-8.500219e-06,1.267402e-06,44.473893996006,EXPANSION,SHADOW_CONTEXT_ONLY
JAN_FEB,2015-08,2015-08-31T23:59:59Z,True,0.000142636427,-8.138493e-06,-8.427874e-06,2.8938e-07,41.206578222552,EXPANSION,SHADOW_CONTEXT_ONLY
JAN_FEB,2015-10,2015-10-31T23:59:59Z,True,0.000139979064,-8.967306e-06,-8.53576e-06,-4.31546e-07,40.423623558943,TURNING_NEGATIVE,SHADOW_CONTEXT_ONLY
JAN_FEB,2015-12,2015-12-31T23:59:59Z,True,0.00013409761,-9.983645e-06,-8.825337e-06,-1.158308e-06,38.672214432883,DECELERATING,SHADOW_CONTEXT_ONLY
JAN_FEB,2016-02,2016-02-29T23:59:59Z,True,0.000119204075,-1.1854236e-05,-9.431117e-06,-2.423119e-06,34.585753273076,DECELERATING,SHADOW_CONTEXT_ONLY
JAN_FEB,2016-04,2016-04-30T23:59:59Z,True,0.000122034817,-1.2958894e-05,-1.0136672e-05,-2.822222e-06,35.970641323201,DECELERATING,SHADOW_CONTEXT_ONLY
JAN_FEB,2016-06,2016-06-30T23:59:59Z,True,0.000113152304,-1.4385264e-05,-1.0986391e-05,-3.398873e-06,33.569037021791,DECELERATING,SHADOW_CONTEXT_ONLY
JAN_FEB,2016-08,2016-08-31T23:59:59Z,True,0.000110301285,-1.5566287e-05,-1.190237e-05,-3.663917e-06,32.811799263871,DECELERATING,SHADOW_CONTEXT_ONLY
JAN_FEB,2016-10,2016-10-31T23:59:59Z,True,0.000116140922,-1.5848356e-05,-1.2691567e-05,-3.156789e-06,35.996492293808,CONTRACTION,SHADOW_CONTEXT_ONLY
JAN_FEB,2016-12,2016-12-31T23:59:59Z,True,0.000152157026,-1.3015663e-05,-1.2756386e-05,-2.59277e-07,51.321677546355,CONTRACTION,SHADOW_CONTEXT_ONLY
JAN_FEB,2017-02,2017-02-28T23:59:59Z,True,0.000149745345,-1.0840375e-05,-1.2373184e-05,1.532809e-06,50.450561971446,TURNING_POSITIVE,SHADOW_CONTEXT_ONLY
JAN_FEB,2017-04,2017-04-30T23:59:59Z,True,0.00013953604,-9.82697e-06,-1.1863941e-05,2.036971e-06,46.82702650801,ACCELERATING,SHADOW_CONTEXT_ONLY
JAN_FEB,2017-06,2017-06-30T23:59:59Z,True,0.000141199911,-8.788273e-06,-1.1248807e-05,2.460535e-06,47.488976450661,ACCELERATING,SHADOW_CONTEXT_ONLY
JAN_FEB,2017-08,2017-08-31T23:59:59Z,True,0.000157238621,-6.594886e-06,-1.0318023e-05,3.723137e-06,53.498445939926,ACCELERATING,SHADOW_CONTEXT_ONLY
JAN_FEB,2017-10,2017-10-31T23:59:59Z,True,0.000165431617,-4.147693e-06,-9.083957e-06,4.936264e-06,56.252645697023,ACCELERATING,SHADOW_CONTEXT_ONLY
JAN_FEB,2017-12,2017-12-31T23:59:59Z,True,0.000168165475,-1.965024e-06,-7.660171e-06,5.695147e-06,57.164344283617,ACCELERATING,SHADOW_CONTEXT_ONLY
JAN_FEB,2018-02,2018-02-28T23:59:59Z,True,0.000163743097,-5.85344e-07,-6.245205e-06,5.659861e-06,55.161709317646,EXPANSION,SHADOW_CONTEXT_ONLY
JAN_FEB,2018-04,2018-04-30T23:59:59Z,True,0.000159641216,1.75056e-07,-4.961153e-06,5.136209e-06,53.29666779668,EXPANSION,SHADOW_CONTEXT_ONLY
JAN_FEB,2018-06,2018-06-30T23:59:59Z,True,0.000169006879,1.515935e-06,-3.665735e-06,5.18167e-06,56.881391440969,ACCELERATING,SHADOW_CONTEXT_ONLY
JAN_FEB,2018-08,2018-08-31T23:59:59Z,True,0.000156578318,1.557753e-06,-2.621038e-06,4.178791e-06,51.258721539257,EXPANSION,SHADOW_CONTEXT_ONLY
JAN_FEB,2018-10,2018-10-31T23:59:59Z,True,0.000159229322,1.784241e-06,-1.739982e-06,3.524223e-06,52.340884273183,EXPANSION,SHADOW_CONTEXT_ONLY
JAN_FEB,2018-12,2018-12-31T23:59:59Z,True,0.000151162897,1.29788e-06,-1.13241e-06,2.430289e-06,48.791178426359,EXPANSION,SHADOW_CONTEXT_ONLY
JAN_FEB,2019-02,2019-02-28T23:59:59Z,True,0.000148448412,6.85497e-07,-7.68828e-07,1.454325e-06,47.620766545737,EXPANSION,SHADOW_CONTEXT_ONLY
JAN_FEB,2019-04,2019-04-30T23:59:59Z,True,0.000155710874,7.77239e-07,-4.59615e-07,1.236854e-06,51.006968361838,EXPANSION,SHADOW_CONTEXT_ONLY
JAN_FEB,2019-06,2019-06-30T23:59:59Z,True,0.000134621524,-8.42081e-07,-5.36108e-07,-3.05973e-07,42.429064722335,TURNING_NEGATIVE,SHADOW_CONTEXT_ONLY
JAN_FEB,2019-08,2019-08-31T23:59:59Z,True,0.000118379833,-3.396817e-06,-1.10825e-06,-2.288567e-06,37.235541706299,DECELERATING,SHADOW_CONTEXT_ONLY
JAN_FEB,2019-10,2019-10-31T23:59:59Z,True,0.000119774392,-5.248433e-06,-1.936287e-06,-3.312147e-06,37.937990654992,DECELERATING,SHADOW_CONTEXT_ONLY
JAN_FEB,2019-12,2019-12-31T23:59:59Z,True,0.000127799749,-5.999119e-06,-2.748853e-06,-3.250266e-06,41.96344372557,CONTRACTION,SHADOW_CONTEXT_ONLY
JAN_FEB,2020-02,2020-02-29T23:59:59Z,True,0.000110780574,-7.876553e-06,-3.774393e-06,-4.10216e-06,36.549332081442,DECELERATING,SHADOW_CONTEXT_ONLY
JAN_FEB,2020-04,2020-04-30T23:59:59Z,True,9.3476759e-05,-1.0638076e-05,-5.14713e-06,-5.490947e-06,32.025193578531,DECELERATING,SHADOW_CONTEXT_ONLY
JAN_FEB,2020-06,2020-06-30T23:59:59Z,True,0.000103349024,-1.18929e-05,-6.496284e-06,-5.396617e-06,36.829496782389,CONTRACTION,SHADOW_CONTEXT_ONLY
JAN_FEB,2020-08,2020-08-31T23:59:59Z,True,0.000102662009,-1.2795298e-05,-7.756087e-06,-5.039211e-06,36.635444839093,CONTRACTION,SHADOW_CONTEXT_ONLY
JAN_FEB,2020-10,2020-10-31T23:59:59Z,True,0.000109909865,-1.2778312e-05,-8.760532e-06,-4.01778e-06,40.214326650107,CONTRACTION,SHADOW_CONTEXT_ONLY
JAN_FEB,2020-12,2020-12-31T23:59:59Z,True,0.000130105609,-1.1008326e-05,-9.210091e-06,-1.798236e-06,48.878711628912,CONTRACTION,SHADOW_CONTEXT_ONLY
JAN_FEB,2021-02,2021-02-28T23:59:59Z,True,0.000145728734,-8.249845e-06,-9.018041e-06,7.68197e-07,54.385928609286,TURNING_POSITIVE,SHADOW_CONTEXT_ONLY
JAN_FEB,2021-04,2021-04-30T23:59:59Z,True,0.00016479541,-4.473638e-06,-8.109161e-06,3.635523e-06,60.043266711202,ACCELERATING,SHADOW_CONTEXT_ONLY
JAN_FEB,2021-06,2021-06-30T23:59:59Z,True,0.00016326359,-1.586286e-06,-6.804586e-06,5.2183e-06,59.405796998415,ACCELERATING,SHADOW_CONTEXT_ONLY
JAN_FEB,2021-08,2021-08-31T23:59:59Z,True,0.000163271472,6.94591e-07,-5.30475e-06,5.999341e-06,59.408185068627,ACCELERATING,SHADOW_CONTEXT_ONLY
JAN_FEB,2021-10,2021-10-31T23:59:59Z,True,0.000172040559,3.173215e-06,-3.609157e-06,6.782372e-06,62.080848747779,ACCELERATING,SHADOW_CONTEXT_ONLY
JAN_FEB,2021-12,2021-12-31T23:59:59Z,True,0.000165960507,4.593977e-06,-1.968531e-06,6.562507e-06,59.171753892122,EXPANSION,SHADOW_CONTEXT_ONLY
JAN_FEB,2022-02,2022-02-28T23:59:59Z,True,0.000166628163,5.708016e-06,-4.33221e-07,6.141237e-06,59.396758333362,EXPANSION,SHADOW_CONTEXT_ONLY
JAN_FEB,2022-04,2022-04-30T23:59:59Z,True,0.000163160778,6.23919e-06,9.01261e-07,5.337929e-06,57.620756873684,EXPANSION,SHADOW_CONTEXT_ONLY
JAN_FEB,2022-06,2022-06-30T23:59:59Z,True,0.000152791385,5.757062e-06,1.872421e-06,3.884641e-06,52.559400367638,EXPANSION,SHADOW_CONTEXT_ONLY
JAN_FEB,2022-08,2022-08-31T23:59:59Z,True,0.000140661729,4.346111e-06,2.367159e-06,1.978952e-06,47.322921541684,EXPANSION,SHADOW_CONTEXT_ONLY
JAN_FEB,2022-10,2022-10-31T23:59:59Z,True,0.000143012441,3.378658e-06,2.569459e-06,8.09199e-07,48.395943030138,EXPANSION,SHADOW_CONTEXT_ONLY
JAN_FEB,2022-12,2022-12-31T23:59:59Z,True,0.000144878542,2.731041e-06,2.601775e-06,1.29266e-07,49.279212324181,EXPANSION,SHADOW_CONTEXT_ONLY
JAN_FEB,2023-02,2023-02-28T23:59:59Z,True,0.000149850012,2.589111e-06,2.599243e-06,-1.0132e-08,51.65337154314,TURNING_NEGATIVE,SHADOW_CONTEXT_ONLY
JAN_FEB,2023-04,2023-04-30T23:59:59Z,True,0.000136995264,1.422957e-06,2.363985e-06,-9.41029e-07,45.697082645187,DECELERATING,SHADOW_CONTEXT_ONLY
JAN_FEB,2023-06,2023-06-30T23:59:59Z,True,0.000134418886,2.87564e-07,1.948701e-06,-1.661137e-06,44.587347313899,DECELERATING,SHADOW_CONTEXT_ONLY
JAN_FEB,2023-08,2023-08-31T23:59:59Z,True,0.000135322005,-5.33223e-07,1.452316e-06,-1.985539e-06,45.090728179144,DECELERATING,SHADOW_CONTEXT_ONLY
JAN_FEB,2023-10,2023-10-31T23:59:59Z,True,0.000128845666,-1.686843e-06,8.24484e-07,-2.511328e-06,42.134773931014,DECELERATING,SHADOW_CONTEXT_ONLY
JAN_FEB,2023-12,2023-12-31T23:59:59Z,True,0.000128958147,-2.562481e-06,1.47091e-07,-2.709572e-06,42.205638672361,DECELERATING,SHADOW_CONTEXT_ONLY
JAN_FEB,2024-02,2024-02-29T23:59:59Z,True,0.000127688767,-3.320581e-06,-5.46443e-07,-2.774138e-06,41.586676746952,DECELERATING,SHADOW_CONTEXT_ONLY
JAN_FEB,2024-04,2024-04-30T23:59:59Z,True,0.000126281984,-3.988914e-06,-1.234937e-06,-2.753977e-06,40.871304478011,CONTRACTION,SHADOW_CONTEXT_ONLY
JAN_FEB,2024-06,2024-06-30T23:59:59Z,True,0.000129013905,-4.249149e-06,-1.83778e-06,-2.411369e-06,42.92460500405,CONTRACTION,SHADOW_CONTEXT_ONLY
JAN_FEB,2024-08,2024-08-31T23:59:59Z,True,0.000112979917,-5.683677e-06,-2.606959e-06,-3.076718e-06,35.198851977585,DECELERATING,SHADOW_CONTEXT_ONLY
JAN_FEB,2024-10,2024-10-31T23:59:59Z,True,0.000110238122,-6.961543e-06,-3.477876e-06,-3.483667e-06,34.069628194117,DECELERATING,SHADOW_CONTEXT_ONLY
JAN_FEB,2024-12,2024-12-31T23:59:59Z,True,0.000104727568,-8.322975e-06,-4.446896e-06,-3.876079e-06,31.857510077445,DECELERATING,SHADOW_CONTEXT_ONLY
JAN_FEB,2025-02,2025-02-28T23:59:59Z,True,0.000100250964,-9.651882e-06,-5.487893e-06,-4.163989e-06,30.14514487775,DECELERATING,SHADOW_CONTEXT_ONLY
JAN_FEB,2025-04,2025-04-30T23:59:59Z,True,8.8700002e-05,-1.1504501e-05,-6.691215e-06,-4.813286e-06,26.227731099984,DECELERATING,SHADOW_CONTEXT_ONLY
JAN_FEB,2025-06,2025-06-30T23:59:59Z,True,9.1232536e-05,-1.2622852e-05,-7.877542e-06,-4.74531e-06,28.423930310195,CONTRACTION,SHADOW_CONTEXT_ONLY
JAN_FEB,2025-08,2025-08-31T23:59:59Z,True,8.9302441e-05,-1.350917e-05,-9.003868e-06,-4.505302e-06,27.745996944522,CONTRACTION,SHADOW_CONTEXT_ONLY
JAN_FEB,2025-10,2025-10-31T23:59:59Z,True,8.2319207e-05,-1.4606695e-05,-1.0124433e-05,-4.482262e-06,25.38675409072,CONTRACTION,SHADOW_CONTEXT_ONLY
JAN_FEB,2025-12,2025-12-31T23:59:59Z,True,8.5067179e-05,-1.508091e-05,-1.1115729e-05,-3.965182e-06,27.981857230802,CONTRACTION,SHADOW_CONTEXT_ONLY
JAN_FEB,2026-02,2026-02-28T23:59:59Z,True,8.0243253e-05,-1.5665399e-05,-1.2025663e-05,-3.639736e-06,26.2554950324,CONTRACTION,SHADOW_CONTEXT_ONLY
JAN_FEB,2026-04,2026-04-30T23:59:59Z,True,8.5325382e-05,-1.5539396e-05,-1.2728409e-05,-2.810987e-06,31.079767687953,CONTRACTION,SHADOW_CONTEXT_ONLY
JAN_FEB,2026-06,2026-06-30T23:59:59Z,True,9.9695912e-05,-1.4117222e-05,-1.3006172e-05,-1.11105e-06,42.528699957757,CONTRACTION,SHADOW_CONTEXT_ONLY
FEB_MAR,1960-03,1960-03-31T23:59:59Z,True,0.000608739475,0.0,0.0,0.0,,UNCLEAR,SHADOW_CONTEXT_ONLY
FEB_MAR,1960-05,1960-05-31T23:59:59Z,True,0.000608739475,0.0,0.0,0.0,,EXPANSION,SHADOW_CONTEXT_ONLY
FEB_MAR,1960-07,1960-07-31T23:59:59Z,True,0.000623846878,1.205149e-06,2.4103e-07,9.64119e-07,,ACCELERATING,SHADOW_CONTEXT_ONLY
FEB_MAR,1960-09,1960-09-30T23:59:59Z,True,0.000574969985,-1.763391e-06,-1.59854e-07,-1.603537e-06,,TURNING_NEGATIVE,SHADOW_CONTEXT_ONLY
FEB_MAR,1960-11,1960-11-30T23:59:59Z,True,0.000570526632,-4.423531e-06,-1.01259e-06,-3.410941e-06,,DECELERATING,SHADOW_CONTEXT_ONLY
FEB_MAR,1961-01,1961-01-31T23:59:59Z,True,0.000539423155,-8.938464e-06,-2.597764e-06,-6.340699e-06,,DECELERATING,SHADOW_CONTEXT_ONLY
FEB_MAR,1961-03,1961-03-31T23:59:59Z,True,0.000551864546,-1.1381466e-05,-4.354505e-06,-7.026961e-06,,DECELERATING,SHADOW_CONTEXT_ONLY
FEB_MAR,1961-05,1961-05-31T23:59:59Z,True,0.000593632071,-9.833914e-06,-5.450387e-06,-4.383527e-06,,CONTRACTION,SHADOW_CONTEXT_ONLY
FEB_MAR,1961-07,1961-07-31T23:59:59Z,True,0.000562528595,-1.0990565e-05,-6.558422e-06,-4.432143e-06,,DECELERATING,SHADOW_CONTEXT_ONLY
FEB_MAR,1961-09,1961-09-30T23:59:59Z,True,0.000562528595,-1.1771525e-05,-7.601043e-06,-4.170482e-06,,CONTRACTION,SHADOW_CONTEXT_ONLY
FEB_MAR,1961-11,1961-11-30T23:59:59Z,True,0.000561639924,-1.2320131e-05,-8.544861e-06,-3.775271e-06,,CONTRACTION,SHADOW_CONTEXT_ONLY
FEB_MAR,1962-01,1962-01-31T23:59:59Z,True,0.000564305936,-1.2396877e-05,-9.315264e-06,-3.081613e-06,,CONTRACTION,SHADOW_CONTEXT_ONLY
FEB_MAR,1962-03,1962-03-31T23:59:59Z,True,0.000575858656,-1.1394146e-05,-9.73104e-06,-1.663106e-06,,CONTRACTION,SHADOW_CONTEXT_ONLY
FEB_MAR,1962-05,1962-05-31T23:59:59Z,True,0.000574081315,-1.0620465e-05,-9.908925e-06,-7.1154e-07,,CONTRACTION,SHADOW_CONTEXT_ONLY
FEB_MAR,1962-07,1962-07-31T23:59:59Z,True,0.000574081315,-9.893274e-06,-9.905795e-06,1.2521e-08,41.409691518584,TURNING_POSITIVE,SHADOW_CONTEXT_ONLY
FEB_MAR,1962-09,1962-09-30T23:59:59Z,True,0.000574081315,-9.210793e-06,-9.766794e-06,5.56002e-07,41.409691518584,ACCELERATING,SHADOW_CONTEXT_ONLY
FEB_MAR,1962-11,1962-11-30T23:59:59Z,True,0.000574081315,-8.57112e-06,-9.527659e-06,9.5654e-07,41.409691518584,ACCELERATING,SHADOW_CONTEXT_ONLY
FEB_MAR,1963-01,1963-01-31T23:59:59Z,True,0.000574081315,-7.972274e-06,-9.216582e-06,1.244308e-06,41.409691518584,ACCELERATING,SHADOW_CONTEXT_ONLY
FEB_MAR,1963-03,1963-03-31T23:59:59Z,True,0.000574081315,-7.412242e-06,-8.855714e-06,1.443473e-06,41.409691518584,ACCELERATING,SHADOW_CONTEXT_ONLY
FEB_MAR,1963-05,1963-05-31T23:59:59Z,True,0.000574081315,-6.888999e-06,-8.462371e-06,1.573372e-06,41.409691518584,ACCELERATING,SHADOW_CONTEXT_ONLY
FEB_MAR,1963-07,1963-07-31T23:59:59Z,True,0.000574081315,-6.400545e-06,-8.050006e-06,1.649461e-06,41.409691518584,ACCELERATING,SHADOW_CONTEXT_ONLY
FEB_MAR,1963-09,1963-09-30T23:59:59Z,True,0.000574081315,-5.944912e-06,-7.628987e-06,1.684075e-06,41.409691518584,ACCELERATING,SHADOW_CONTEXT_ONLY
FEB_MAR,1963-11,1963-11-30T23:59:59Z,True,0.000574081315,-5.520186e-06,-7.207227e-06,1.687041e-06,41.409691518584,ACCELERATING,SHADOW_CONTEXT_ONLY
FEB_MAR,1964-01,1964-01-31T23:59:59Z,True,0.000582968022,-4.415604e-06,-6.648902e-06,2.233298e-06,46.040965116263,ACCELERATING,SHADOW_CONTEXT_ONLY
FEB_MAR,1964-03,1964-03-31T23:59:59Z,True,0.00066205972,2.809438e-06,-4.757234e-06,7.566672e-06,69.299879956007,ACCELERATING,SHADOW_CONTEXT_ONLY
FEB_MAR,1964-05,1964-05-31T23:59:59Z,True,0.000735819394,1.432203e-05,-9.41381e-07,1.5263411e-05,78.574990151883,ACCELERATING,SHADOW_CONTEXT_ONLY
FEB_MAR,1964-07,1964-07-31T23:59:59Z,True,0.000759813505,2.5092713e-05,4.265437e-06,2.0827276e-05,80.625576883276,ACCELERATING,SHADOW_CONTEXT_ONLY
FEB_MAR,1964-09,1964-09-30T23:59:59Z,True,0.00103263543,5.5008898e-05,1.441413e-05,4.0594768e-05,91.079791449157,ACCELERATING,SHADOW_CONTEXT_ONLY
FEB_MAR,1964-11,1964-11-30T23:59:59Z,True,0.001244139072,9.4692708e-05,3.0469845e-05,6.4222863e-05,93.850213489102,ACCELERATING,SHADOW_CONTEXT_ONLY
FEB_MAR,1965-01,1965-01-31T23:59:59Z,True,0.000889559436,9.6419338e-05,4.3659744e-05,5.2759594e-05,60.132366062858,EXPANSION,SHADOW_CONTEXT_ONLY
FEB_MAR,1965-03,1965-03-31T23:59:59Z,True,0.001099285737,0.000113403618,5.7608519e-05,5.5795099e-05,67.556921081912,ACCELERATING,SHADOW_CONTEXT_ONLY
FEB_MAR,1965-05,1965-05-31T23:59:59Z,True,0.001225476986,0.000135484579,7.3183731e-05,6.2300849e-05,71.05036722388,ACCELERATING,SHADOW_CONTEXT_ONLY
FEB_MAR,1965-07,1965-07-31T23:59:59Z,True,0.001007752648,0.000133872171,8.5321419e-05,4.8550752e-05,59.204902978594,EXPANSION,SHADOW_CONTEXT_ONLY
FEB_MAR,1965-09,1965-09-30T23:59:59Z,True,0.001180154777,0.000144836155,9.7224366e-05,4.7611789e-05,64.282795955872,EXPANSION,SHADOW_CONTEXT_ONLY
FEB_MAR,1965-11,1965-11-30T23:59:59Z,True,0.001305457355,0.000161771265,0.000110133746,5.1637519e-05,67.453674462276,ACCELERATING,SHADOW_CONTEXT_ONLY
FEB_MAR,1966-01,1966-01-31T23:59:59Z,True,0.001492078216,0.0001880831,0.000125723617,6.2359483e-05,71.51038151113,ACCELERATING,SHADOW_CONTEXT_ONLY
FEB_MAR,1966-03,1966-03-31T23:59:59Z,True,0.001666257686,0.000220449047,0.000144668703,7.5780344e-05,74.682269968576,ACCELERATING,SHADOW_CONTEXT_ONLY
FEB_MAR,1966-05,1966-05-31T23:59:59Z,True,0.001478748154,0.000228336717,0.000161402305,6.6934412e-05,66.144645735525,EXPANSION,SHADOW_CONTEXT_ONLY
FEB_MAR,1966-07,1966-07-31T23:59:59Z,True,0.001393435761,0.000225108841,0.000174143613,5.0965228e-05,62.636172289234,EXPANSION,SHADOW_CONTEXT_ONLY
FEB_MAR,1966-09,1966-09-30T23:59:59Z,True,0.001002420624,0.000188822445,0.000177079379,1.1743066e-05,49.639859094563,EXPANSION,SHADOW_CONTEXT_ONLY
FEB_MAR,1966-11,1966-11-30T23:59:59Z,True,0.001157049337,0.000170576163,0.000175778736,-5.202573e-06,53.728593614604,TURNING_NEGATIVE,SHADOW_CONTEXT_ONLY
FEB_MAR,1967-01,1967-01-31T23:59:59Z,True,0.001105506433,0.000150225071,0.000170668003,-2.0442932e-05,52.207015445874,DECELERATING,SHADOW_CONTEXT_ONLY
FEB_MAR,1967-03,1967-03-31T23:59:59Z,True,0.000975760501,0.000122218414,0.000160978085,-3.8759671e-05,48.484780522624,DECELERATING,SHADOW_CONTEXT_ONLY
FEB_MAR,1967-05,1967-05-31T23:59:59Z,True,0.000920662913,9.4487824e-05,0.000147680033,-5.3192209e-05,46.953801659476,DECELERATING,SHADOW_CONTEXT_ONLY
FEB_MAR,1967-07,1967-07-31T23:59:59Z,True,0.000886004753,6.8920041e-05,0.000131928034,-6.3007993e-05,45.97046937648,DECELERATING,SHADOW_CONTEXT_ONLY
FEB_MAR,1967-09,1967-09-30T23:59:59Z,True,0.000941991012,5.2569029e-05,0.000116056233,-6.3487205e-05,47.869711334077,DECELERATING,SHADOW_CONTEXT_ONLY
FEB_MAR,1967-11,1967-11-30T23:59:59Z,True,0.001283240586,6.6381518e-05,0.00010612129,-3.9739772e-05,57.643163107462,CONTRACTION,SHADOW_CONTEXT_ONLY
FEB_MAR,1968-01,1968-01-31T23:59:59Z,True,0.001217355523,7.1190995e-05,9.9135231e-05,-2.7944236e-05,55.480457485997,CONTRACTION,SHADOW_CONTEXT_ONLY
FEB_MAR,1968-03,1968-03-31T23:59:59Z,True,0.001429919298,9.1104465e-05,9.7529078e-05,-6.424613e-06,60.614640974283,CONTRACTION,SHADOW_CONTEXT_ONLY
FEB_MAR,1968-05,1968-05-31T23:59:59Z,True,0.00083220766,5.7987259e-05,8.9620714e-05,-3.1633455e-05,44.925457483858,DECELERATING,SHADOW_CONTEXT_ONLY
FEB_MAR,1968-07,1968-07-31T23:59:59Z,True,0.000840591399,3.2048695e-05,7.810631e-05,-4.6057616e-05,45.139948810068,DECELERATING,SHADOW_CONTEXT_ONLY
FEB_MAR,1968-09,1968-09-30T23:59:59Z,True,0.000863121481,1.3158502e-05,6.5116749e-05,-5.1958247e-05,45.751393432443,DECELERATING,SHADOW_CONTEXT_ONLY
FEB_MAR,1968-11,1968-11-30T23:59:59Z,True,0.000855345612,-2.411758e-06,5.1611047e-05,-5.4022806e-05,45.562646150447,DECELERATING,SHADOW_CONTEXT_ONLY
FEB_MAR,1969-01,1969-01-31T23:59:59Z,True,0.000930142068,-8.616527e-06,3.9565532e-05,-4.8182059e-05,47.793729615458,CONTRACTION,SHADOW_CONTEXT_ONLY
FEB_MAR,1969-03,1969-03-31T23:59:59Z,True,0.000924424264,-1.383574e-05,2.8885278e-05,-4.2721018e-05,47.633013363838,CONTRACTION,SHADOW_CONTEXT_ONLY
FEB_MAR,1969-05,1969-05-31T23:59:59Z,True,0.001006884644,-1.1189159e-05,2.0870391e-05,-3.2059549e-05,50.232203419644,CONTRACTION,SHADOW_CONTEXT_ONLY
FEB_MAR,1969-07,1969-07-31T23:59:59Z,True,0.001076772744,-3.412996e-06,1.6013713e-05,-1.9426709e-05,52.389100510283,CONTRACTION,SHADOW_CONTEXT_ONLY
FEB_MAR,1969-09,1969-09-30T23:59:59Z,True,0.001197863167,1.2377969e-05,1.5286565e-05,-2.908595e-06,55.951202229414,CONTRACTION,SHADOW_CONTEXT_ONLY
FEB_MAR,1969-11,1969-11-30T23:59:59Z,True,0.001371074883,3.8426207e-05,1.9914493e-05,1.8511714e-05,60.503312328838,TURNING_POSITIVE,SHADOW_CONTEXT_ONLY
FEB_MAR,1970-01,1970-01-31T23:59:59Z,True,0.001444978665,6.4291924e-05,2.8789979e-05,3.5501945e-05,62.29377722218,ACCELERATING,SHADOW_CONTEXT_ONLY
FEB_MAR,1970-03,1970-03-31T23:59:59Z,True,0.001558728523,9.2898478e-05,4.1611679e-05,5.1286799e-05,64.929027262939,ACCELERATING,SHADOW_CONTEXT_ONLY
FEB_MAR,1970-05,1970-05-31T23:59:59Z,True,0.001380648776,0.000100046556,5.3298654e-05,4.6747902e-05,58.084867301496,EXPANSION,SHADOW_CONTEXT_ONLY
FEB_MAR,1970-07,1970-07-31T23:59:59Z,True,0.001214812937,9.1277701e-05,6.0894464e-05,3.0383237e-05,52.531578596495,EXPANSION,SHADOW_CONTEXT_ONLY
FEB_MAR,1970-09,1970-09-30T23:59:59Z,True,0.001077389877,7.240479e-05,6.3196529e-05,9.208261e-06,48.401906012548,EXPANSION,SHADOW_CONTEXT_ONLY
FEB_MAR,1970-11,1970-11-30T23:59:59Z,True,0.000912088441,4.3606756e-05,5.9278574e-05,-1.5671818e-05,43.928454000289,TURNING_NEGATIVE,SHADOW_CONTEXT_ONLY
FEB_MAR,1971-01,1971-01-31T23:59:59Z,True,0.000826697673,1.3735452e-05,5.016995e-05,-3.6434498e-05,41.780274421673,DECELERATING,SHADOW_CONTEXT_ONLY
FEB_MAR,1971-03,1971-03-31T23:59:59Z,True,0.000912368653,-2.990369e-06,3.9537886e-05,-4.2528255e-05,44.702013832595,DECELERATING,SHADOW_CONTEXT_ONLY
FEB_MAR,1971-05,1971-05-31T23:59:59Z,True,0.000845104223,-2.1426389e-05,2.7345031e-05,-4.877142e-05,42.882369479864,DECELERATING,SHADOW_CONTEXT_ONLY
FEB_MAR,1971-07,1971-07-31T23:59:59Z,True,0.000845862845,-3.5565873e-05,1.476285e-05,-5.0328723e-05,42.910594846591,DECELERATING,SHADOW_CONTEXT_ONLY
FEB_MAR,1971-09,1971-09-30T23:59:59Z,True,0.000782030274,-5.1330563e-05,1.544168e-06,-5.2874731e-05,41.071469865624,DECELERATING,SHADOW_CONTEXT_ONLY
FEB_MAR,1971-11,1971-11-30T23:59:59Z,True,0.000733463383,-6.6971135e-05,-1.2158893e-05,-5.4812242e-05,39.678057189524,DECELERATING,SHADOW_CONTEXT_ONLY
FEB_MAR,1972-01,1972-01-31T23:59:59Z,True,0.000728903217,-7.8825714e-05,-2.5492257e-05,-5.3333457e-05,39.542404746043,CONTRACTION,SHADOW_CONTEXT_ONLY
FEB_MAR,1972-03,1972-03-31T23:59:59Z,True,0.000717971923,-8.8087203e-05,-3.8011246e-05,-5.0075957e-05,39.196465578778,CONTRACTION,SHADOW_CONTEXT_ONLY
FEB_MAR,1972-05,1972-05-31T23:59:59Z,True,0.000625462643,-0.000101719171,-5.0752831e-05,-5.0966339e-05,36.302017091734,DECELERATING,SHADOW_CONTEXT_ONLY
FEB_MAR,1972-07,1972-07-31T23:59:59Z,True,0.000487759068,-0.000122225195,-6.5047304e-05,-5.7177891e-05,32.459582807001,DECELERATING,SHADOW_CONTEXT_ONLY
FEB_MAR,1972-09,1972-09-30T23:59:59Z,True,0.000507704444,-0.000135307204,-7.9099284e-05,-5.620792e-05,33.556589566495,CONTRACTION,SHADOW_CONTEXT_ONLY
FEB_MAR,1972-11,1972-11-30T23:59:59Z,True,0.000497161923,-0.000144855678,-9.2250563e-05,-5.2605115e-05,33.249182766397,CONTRACTION,SHADOW_CONTEXT_ONLY
FEB_MAR,1973-01,1973-01-31T23:59:59Z,True,0.000535458316,-0.000147630916,-0.000103326633,-4.4304283e-05,35.558580998714,CONTRACTION,SHADOW_CONTEXT_ONLY
FEB_MAR,1973-03,1973-03-31T23:59:59Z,True,0.000559122023,-0.000146235141,-0.000111908335,-3.4326806e-05,37.008793876851,CONTRACTION,SHADOW_CONTEXT_ONLY
FEB_MAR,1973-05,1973-05-31T23:59:59Z,True,0.000473260745,-0.000150324421,-0.000119591552,-3.0732869e-05,34.017441587444,CONTRACTION,SHADOW_CONTEXT_ONLY
FEB_MAR,1973-07,1973-07-31T23:59:59Z,True,0.000523834388,-0.000147780809,-0.000125229404,-2.2551406e-05,37.235460211717,CONTRACTION,SHADOW_CONTEXT_ONLY
FEB_MAR,1973-09,1973-09-30T23:59:59Z,True,0.000584624574,-0.000139254479,-0.000128034419,-1.1220061e-05,40.962639238978,CONTRACTION,SHADOW_CONTEXT_ONLY
FEB_MAR,1973-11,1973-11-30T23:59:59Z,True,0.000744191608,-0.000118258367,-0.000126079208,7.820842e-06,49.448473799466,TURNING_POSITIVE,SHADOW_CONTEXT_ONLY
FEB_MAR,1974-01,1974-01-31T23:59:59Z,True,0.000489940038,-0.000120742924,-0.000125011951,4.269028e-06,39.665232150469,EXPANSION,SHADOW_CONTEXT_ONLY
FEB_MAR,1974-03,1974-03-31T23:59:59Z,True,0.000507838315,-0.000119885744,-0.00012398671,4.100966e-06,40.556820095772,EXPANSION,SHADOW_CONTEXT_ONLY
FEB_MAR,1974-05,1974-05-31T23:59:59Z,True,0.000548795088,-0.000114580737,-0.000122105515,7.524778e-06,42.645459819737,ACCELERATING,SHADOW_CONTEXT_ONLY
FEB_MAR,1974-07,1974-07-31T23:59:59Z,True,0.000417395608,-0.00011960064,-0.00012160454,2.0039e-06,38.028810944668,EXPANSION,SHADOW_CONTEXT_ONLY
FEB_MAR,1974-09,1974-09-30T23:59:59Z,True,0.000298961708,-0.00013161836,-0.000123607304,-8.011056e-06,34.412714217513,TURNING_NEGATIVE,SHADOW_CONTEXT_ONLY
FEB_MAR,1974-11,1974-11-30T23:59:59Z,True,0.000242162784,-0.000144064997,-0.000127698843,-1.6366154e-05,32.801795349154,DECELERATING,SHADOW_CONTEXT_ONLY
FEB_MAR,1975-01,1975-01-31T23:59:59Z,True,0.000214013127,-0.000154420426,-0.000133043159,-2.1377266e-05,32.002232334849,DECELERATING,SHADOW_CONTEXT_ONLY
FEB_MAR,1975-03,1975-03-31T23:59:59Z,True,0.000234848724,-0.000159111778,-0.000138256883,-2.0854895e-05,33.298246820218,CONTRACTION,SHADOW_CONTEXT_ONLY
FEB_MAR,1975-05,1975-05-31T23:59:59Z,True,0.000233555449,-0.000161077266,-0.00014282096,-1.8256306e-05,33.255877331148,CONTRACTION,SHADOW_CONTEXT_ONLY
FEB_MAR,1975-07,1975-07-31T23:59:59Z,True,0.000230354234,-0.000161036908,-0.000146464149,-1.4572758e-05,33.14345869032,CONTRACTION,SHADOW_CONTEXT_ONLY
FEB_MAR,1975-09,1975-09-30T23:59:59Z,True,0.000261355604,-0.000156697066,-0.000148510732,-8.186333e-06,35.420218510719,CONTRACTION,SHADOW_CONTEXT_ONLY
FEB_MAR,1975-11,1975-11-30T23:59:59Z,True,0.000258465511,-0.000151741732,-0.000149156932,-2.584799e-06,35.299532236936,CONTRACTION,SHADOW_CONTEXT_ONLY
FEB_MAR,1976-01,1976-01-31T23:59:59Z,True,0.000283255327,-0.000144152562,-0.000148156058,4.003496e-06,37.273781204697,TURNING_POSITIVE,SHADOW_CONTEXT_ONLY
FEB_MAR,1976-03,1976-03-31T23:59:59Z,True,0.000310800907,-0.000134366499,-0.000145398146,1.1031648e-05,39.483473459624,ACCELERATING,SHADOW_CONTEXT_ONLY
FEB_MAR,1976-05,1976-05-31T23:59:59Z,True,0.00037030281,-0.000120421522,-0.000140402821,1.9981299e-05,44.067143060507,ACCELERATING,SHADOW_CONTEXT_ONLY
FEB_MAR,1976-07,1976-07-31T23:59:59Z,True,0.000434130731,-0.00010303196,-0.000132928649,2.9896689e-05,48.567447718114,ACCELERATING,SHADOW_CONTEXT_ONLY
FEB_MAR,1976-09,1976-09-30T23:59:59Z,True,0.000398069936,-9.111015e-05,-0.000124564949,3.3454799e-05,46.300856414745,ACCELERATING,SHADOW_CONTEXT_ONLY
FEB_MAR,1976-11,1976-11-30T23:59:59Z,True,0.00030601036,-8.8075193e-05,-0.000117266998,2.9191805e-05,41.035733716159,EXPANSION,SHADOW_CONTEXT_ONLY
FEB_MAR,1977-01,1977-01-31T23:59:59Z,True,0.00032894283,-8.28643e-05,-0.000110386459,2.7522158e-05,42.781251874891,EXPANSION,SHADOW_CONTEXT_ONLY
FEB_MAR,1977-03,1977-03-31T23:59:59Z,True,0.00031839032,-7.8679165e-05,-0.000104045,2.5365835e-05,42.162731749306,EXPANSION,SHADOW_CONTEXT_ONLY
FEB_MAR,1977-05,1977-05-31T23:59:59Z,True,0.000290087529,-7.6761357e-05,-9.8588271e-05,2.1826914e-05,40.47260348688,EXPANSION,SHADOW_CONTEXT_ONLY
FEB_MAR,1977-07,1977-07-31T23:59:59Z,True,0.000271448525,-7.58709e-05,-9.4044797e-05,1.8173897e-05,39.353795224941,EXPANSION,SHADOW_CONTEXT_ONLY
FEB_MAR,1977-09,1977-09-30T23:59:59Z,True,0.000247791032,-7.619583e-05,-9.0475004e-05,1.4279174e-05,37.920933618607,EXPANSION,SHADOW_CONTEXT_ONLY
FEB_MAR,1977-11,1977-11-30T23:59:59Z,True,0.000226940183,-7.7245392e-05,-8.7829081e-05,1.058369e-05,36.654211899803,EXPANSION,SHADOW_CONTEXT_ONLY
FEB_MAR,1978-01,1978-01-31T23:59:59Z,True,0.000226713782,-7.7205469e-05,-8.5704359e-05,8.49889e-06,36.639900050425,EXPANSION,SHADOW_CONTEXT_ONLY
FEB_MAR,1978-03,1978-03-31T23:59:59Z,True,0.000211976956,-7.7469944e-05,-8.4057476e-05,6.587532e-06,35.663766200749,EXPANSION,SHADOW_CONTEXT_ONLY
FEB_MAR,1978-05,1978-05-31T23:59:59Z,True,0.000230271763,-7.533489e-05,-8.2312959e-05,6.978069e-06,37.876452764333,ACCELERATING,SHADOW_CONTEXT_ONLY
FEB_MAR,1978-07,1978-07-31T23:59:59Z,True,0.000220028299,-7.3620752e-05,-8.0574517e-05,6.953765e-06,37.106927371264,EXPANSION,SHADOW_CONTEXT_ONLY
FEB_MAR,1978-09,1978-09-30T23:59:59Z,True,0.000211562328,-7.2114132e-05,-7.888244e-05,6.768308e-06,36.447844358458,EXPANSION,SHADOW_CONTEXT_ONLY
FEB_MAR,1978-11,1978-11-30T23:59:59Z,True,0.00022361286,-6.9150622e-05,-7.6936076e-05,7.785455e-06,38.132313757126,ACCELERATING,SHADOW_CONTEXT_ONLY
FEB_MAR,1979-01,1979-01-31T23:59:59Z,True,0.000227315718,-6.5745357e-05,-7.4697933e-05,8.952575e-06,38.670236185771,ACCELERATING,SHADOW_CONTEXT_ONLY
FEB_MAR,1979-03,1979-03-31T23:59:59Z,True,0.000263479865,-5.9443291e-05,-7.1647004e-05,1.2203713e-05,43.808888701904,ACCELERATING,SHADOW_CONTEXT_ONLY
FEB_MAR,1979-05,1979-05-31T23:59:59Z,True,0.000232191071,-5.6324331e-05,-6.858247e-05,1.2258139e-05,40.636478716991,ACCELERATING,SHADOW_CONTEXT_ONLY
FEB_MAR,1979-07,1979-07-31T23:59:59Z,True,0.000191260023,-5.6503983e-05,-6.6166772e-05,9.662789e-06,36.874613176697,EXPANSION,SHADOW_CONTEXT_ONLY
FEB_MAR,1979-09,1979-09-30T23:59:59Z,True,0.000183641936,-5.6608527e-05,-6.4255123e-05,7.646597e-06,36.202862885862,EXPANSION,SHADOW_CONTEXT_ONLY
FEB_MAR,1979-11,1979-11-30T23:59:59Z,True,0.000165832313,-5.7466033e-05,-6.2897305e-05,5.431272e-06,34.615261433519,EXPANSION,SHADOW_CONTEXT_ONLY
FEB_MAR,1980-01,1980-01-31T23:59:59Z,True,0.000119852064,-6.1150926e-05,-6.2548029e-05,1.397104e-06,30.853399358133,EXPANSION,SHADOW_CONTEXT_ONLY
FEB_MAR,1980-03,1980-03-31T23:59:59Z,True,0.000129466819,-6.2574084e-05,-6.255324e-05,-2.0844e-08,32.505198231175,TURNING_NEGATIVE,SHADOW_CONTEXT_ONLY
FEB_MAR,1980-05,1980-05-31T23:59:59Z,True,0.000123264168,-6.3470797e-05,-6.2736752e-05,-7.34046e-07,31.974540555031,DECELERATING,SHADOW_CONTEXT_ONLY
FEB_MAR,1980-07,1980-07-31T23:59:59Z,True,0.000105258422,-6.4886392e-05,-6.316668e-05,-1.719713e-06,30.421915314553,DECELERATING,SHADOW_CONTEXT_ONLY
FEB_MAR,1980-09,1980-09-30T23:59:59Z,True,9.5064039e-05,-6.6069258e-05,-6.3747195e-05,-2.322062e-06,29.547109148345,DECELERATING,SHADOW_CONTEXT_ONLY
FEB_MAR,1980-11,1980-11-30T23:59:59Z,True,0.000100028781,-6.5847031e-05,-6.4167162e-05,-1.679868e-06,30.593860649878,CONTRACTION,SHADOW_CONTEXT_ONLY
FEB_MAR,1981-01,1981-01-31T23:59:59Z,True,0.000104366963,-6.4576462e-05,-6.4249022e-05,-3.27439e-07,31.550853251107,CONTRACTION,SHADOW_CONTEXT_ONLY
FEB_MAR,1981-03,1981-03-31T23:59:59Z,True,0.000113318879,-6.2130974e-05,-6.3825413e-05,1.694438e-06,33.585852295667,TURNING_POSITIVE,SHADOW_CONTEXT_ONLY
FEB_MAR,1981-05,1981-05-31T23:59:59Z,True,0.000112879701,-5.9541983e-05,-6.2968727e-05,3.426743e-06,33.533180251194,ACCELERATING,SHADOW_CONTEXT_ONLY
FEB_MAR,1981-07,1981-07-31T23:59:59Z,True,0.000127912098,-5.5635865e-05,-6.1502154e-05,5.86629e-06,37.165580944064,ACCELERATING,SHADOW_CONTEXT_ONLY
FEB_MAR,1981-09,1981-09-30T23:59:59Z,True,0.000119790417,-5.2589372e-05,-5.9719598e-05,7.130226e-06,36.020232229253,ACCELERATING,SHADOW_CONTEXT_ONLY
FEB_MAR,1981-11,1981-11-30T23:59:59Z,True,0.000124338596,-4.9240392e-05,-5.7623757e-05,8.383365e-06,37.187628501705,ACCELERATING,SHADOW_CONTEXT_ONLY
FEB_MAR,1982-01,1982-01-31T23:59:59Z,True,0.000130488805,-4.5564788e-05,-5.5211963e-05,9.647175e-06,38.813434524853,ACCELERATING,SHADOW_CONTEXT_ONLY
FEB_MAR,1982-03,1982-03-31T23:59:59Z,True,0.00014232197,-4.1221828e-05,-5.2413936e-05,1.1192108e-05,41.927922304567,ACCELERATING,SHADOW_CONTEXT_ONLY
FEB_MAR,1982-05,1982-05-31T23:59:59Z,True,0.00014229375,-3.7351711e-05,-4.9401491e-05,1.204978e-05,41.922441833385,ACCELERATING,SHADOW_CONTEXT_ONLY
FEB_MAR,1982-07,1982-07-31T23:59:59Z,True,0.000132212714,-3.4698093e-05,-4.6460812e-05,1.1762718e-05,39.915261579664,EXPANSION,SHADOW_CONTEXT_ONLY
FEB_MAR,1982-09,1982-09-30T23:59:59Z,True,0.000101566731,-3.4668321e-05,-4.4102314e-05,9.433992e-06,34.506543582396,EXPANSION,SHADOW_CONTEXT_ONLY
FEB_MAR,1982-11,1982-11-30T23:59:59Z,True,0.00010822511,-3.3718763e-05,-4.2025603e-05,8.306841e-06,36.519234797025,EXPANSION,SHADOW_CONTEXT_ONLY
FEB_MAR,1983-01,1983-01-31T23:59:59Z,True,0.000101652111,-3.3114889e-05,-4.024346e-05,7.128572e-06,35.363870947402,EXPANSION,SHADOW_CONTEXT_ONLY
FEB_MAR,1983-03,1983-03-31T23:59:59Z,True,0.000118341324,-3.0933057e-05,-3.838138e-05,7.448322e-06,40.510189507751,ACCELERATING,SHADOW_CONTEXT_ONLY
FEB_MAR,1983-05,1983-05-31T23:59:59Z,True,0.000125408082,-2.8307402e-05,-3.6366584e-05,8.059182e-06,42.594414143772,ACCELERATING,SHADOW_CONTEXT_ONLY
FEB_MAR,1983-07,1983-07-31T23:59:59Z,True,0.000131514453,-2.5440555e-05,-3.4181378e-05,8.740823e-06,44.40688325293,ACCELERATING,SHADOW_CONTEXT_ONLY
FEB_MAR,1983-09,1983-09-30T23:59:59Z,True,0.00011784594,-2.3994895e-05,-3.2144082e-05,8.149187e-06,41.266135710267,EXPANSION,SHADOW_CONTEXT_ONLY
FEB_MAR,1983-11,1983-11-30T23:59:59Z,True,0.00011309615,-2.2967709e-05,-3.0308807e-05,7.341098e-06,40.202068746576,EXPANSION,SHADOW_CONTEXT_ONLY
FEB_MAR,1984-01,1984-01-31T23:59:59Z,True,0.000115359526,-2.172064e-05,-2.8591174e-05,6.870534e-06,40.983011471742,EXPANSION,SHADOW_CONTEXT_ONLY
FEB_MAR,1984-03,1984-03-31T23:59:59Z,True,0.000118493195,-2.0246084e-05,-2.6922156e-05,6.676072e-06,42.110249928921,EXPANSION,SHADOW_CONTEXT_ONLY
FEB_MAR,1984-05,1984-05-31T23:59:59Z,True,0.000117236182,-1.8960354e-05,-2.5329795e-05,6.369441e-06,41.76563886852,EXPANSION,SHADOW_CONTEXT_ONLY
FEB_MAR,1984-07,1984-07-31T23:59:59Z,True,0.000118961861,-1.7599283e-05,-2.3783693e-05,6.18441e-06,42.4617886302,EXPANSION,SHADOW_CONTEXT_ONLY
FEB_MAR,1984-09,1984-09-30T23:59:59Z,True,0.000118376173,-1.6379076e-05,-2.230277e-05,5.923693e-06,42.277066383312,EXPANSION,SHADOW_CONTEXT_ONLY
FEB_MAR,1984-11,1984-11-30T23:59:59Z,True,0.000122322153,-1.4921639e-05,-2.0826543e-05,5.904904e-06,44.043292523158,EXPANSION,SHADOW_CONTEXT_ONLY
FEB_MAR,1985-01,1985-01-31T23:59:59Z,True,0.000139503713,-1.2239116e-05,-1.9109058e-05,6.869942e-06,51.064535816379,ACCELERATING,SHADOW_CONTEXT_ONLY
FEB_MAR,1985-03,1985-03-31T23:59:59Z,True,0.000137687365,-1.0142841e-05,-1.7315815e-05,7.172973e-06,50.345347925519,ACCELERATING,SHADOW_CONTEXT_ONLY
FEB_MAR,1985-05,1985-05-31T23:59:59Z,True,0.000150694377,-7.347276e-06,-1.5322107e-05,7.974831e-06,55.210155806363,ACCELERATING,SHADOW_CONTEXT_ONLY
FEB_MAR,1985-07,1985-07-31T23:59:59Z,True,0.000144724379,-5.549528e-06,-1.3367591e-05,7.818063e-06,52.659993176138,EXPANSION,SHADOW_CONTEXT_ONLY
FEB_MAR,1985-09,1985-09-30T23:59:59Z,True,0.000131539781,-5.129557e-06,-1.1719984e-05,6.590428e-06,47.447563478653,EXPANSION,SHADOW_CONTEXT_ONLY
FEB_MAR,1985-11,1985-11-30T23:59:59Z,True,0.000132334668,-4.678653e-06,-1.0311718e-05,5.633065e-06,47.783141368007,EXPANSION,SHADOW_CONTEXT_ONLY
FEB_MAR,1986-01,1986-01-31T23:59:59Z,True,0.000127102969,-4.689406e-06,-9.187256e-06,4.49785e-06,45.714083954864,EXPANSION,SHADOW_CONTEXT_ONLY
FEB_MAR,1986-03,1986-03-31T23:59:59Z,True,0.000129897468,-4.421467e-06,-8.234098e-06,3.812631e-06,47.033391072943,EXPANSION,SHADOW_CONTEXT_ONLY
FEB_MAR,1986-05,1986-05-31T23:59:59Z,True,0.000129052145,-4.22859e-06,-7.432996e-06,3.204406e-06,46.663951294179,EXPANSION,SHADOW_CONTEXT_ONLY
FEB_MAR,1986-07,1986-07-31T23:59:59Z,True,0.000120123772,-4.741521e-06,-6.894701e-06,2.15318e-06,42.836694218005,EXPANSION,SHADOW_CONTEXT_ONLY
FEB_MAR,1986-09,1986-09-30T23:59:59Z,True,0.000100230582,-6.676277e-06,-6.851016e-06,1.7474e-07,35.792721919154,EXPANSION,SHADOW_CONTEXT_ONLY
FEB_MAR,1986-11,1986-11-30T23:59:59Z,True,0.000101828719,-7.988542e-06,-7.078521e-06,-9.1002e-07,36.693349589275,TURNING_NEGATIVE,SHADOW_CONTEXT_ONLY
FEB_MAR,1987-01,1987-01-31T23:59:59Z,True,0.00010261098,-8.863229e-06,-7.435463e-06,-1.427766e-06,37.15800749293,DECELERATING,SHADOW_CONTEXT_ONLY
FEB_MAR,1987-03,1987-03-31T23:59:59Z,True,0.000111485812,-8.739556e-06,-7.696282e-06,-1.043275e-06,42.329663434139,CONTRACTION,SHADOW_CONTEXT_ONLY
FEB_MAR,1987-05,1987-05-31T23:59:59Z,True,0.000102776706,-9.237809e-06,-8.004587e-06,-1.233222e-06,38.942747725328,DECELERATING,SHADOW_CONTEXT_ONLY
FEB_MAR,1987-07,1987-07-31T23:59:59Z,True,0.000116896659,-8.396526e-06,-8.082975e-06,-3.13551e-07,46.427022376126,CONTRACTION,SHADOW_CONTEXT_ONLY
FEB_MAR,1987-09,1987-09-30T23:59:59Z,True,0.000122453036,-7.19847e-06,-7.906074e-06,7.07604e-07,49.072522366314,TURNING_POSITIVE,SHADOW_CONTEXT_ONLY
FEB_MAR,1987-11,1987-11-30T23:59:59Z,True,0.000167746101,-2.564667e-06,-6.837793e-06,4.273126e-06,64.473272447132,ACCELERATING,SHADOW_CONTEXT_ONLY
FEB_MAR,1988-01,1988-01-31T23:59:59Z,True,0.000173644777,1.565583e-06,-5.157117e-06,6.7227e-06,65.918754421255,ACCELERATING,SHADOW_CONTEXT_ONLY
FEB_MAR,1988-03,1988-03-31T23:59:59Z,True,0.000165254734,4.1144e-06,-3.302814e-06,7.417214e-06,62.051488748017,ACCELERATING,SHADOW_CONTEXT_ONLY
FEB_MAR,1988-05,1988-05-31T23:59:59Z,True,0.000168827741,6.349476e-06,-1.372356e-06,7.721832e-06,63.045779556551,ACCELERATING,SHADOW_CONTEXT_ONLY
FEB_MAR,1988-07,1988-07-31T23:59:59Z,True,0.000157221684,7.102405e-06,3.22596e-07,6.779809e-06,57.752498270585,EXPANSION,SHADOW_CONTEXT_ONLY
FEB_MAR,1988-09,1988-09-30T23:59:59Z,True,0.000183457795,9.704278e-06,2.198933e-06,7.505345e-06,64.922195294419,ACCELERATING,SHADOW_CONTEXT_ONLY
FEB_MAR,1988-11,1988-11-30T23:59:59Z,True,0.00024475474,1.6521976e-05,5.063541e-06,1.1458435e-05,75.418428460919,ACCELERATING,SHADOW_CONTEXT_ONLY
FEB_MAR,1989-01,1989-01-31T23:59:59Z,True,0.000261300001,2.2995043e-05,8.649842e-06,1.4345201e-05,77.385447393173,ACCELERATING,SHADOW_CONTEXT_ONLY
FEB_MAR,1989-03,1989-03-31T23:59:59Z,True,0.000260312175,2.7725681e-05,1.246501e-05,1.5260672e-05,76.989332688771,ACCELERATING,SHADOW_CONTEXT_ONLY
FEB_MAR,1989-05,1989-05-31T23:59:59Z,True,0.000229629172,2.8668413e-05,1.570569e-05,1.2962723e-05,65.734099934578,EXPANSION,SHADOW_CONTEXT_ONLY
FEB_MAR,1989-07,1989-07-31T23:59:59Z,True,0.000207771225,2.7336661e-05,1.8031884e-05,9.304776e-06,59.105140401419,EXPANSION,SHADOW_CONTEXT_ONLY
FEB_MAR,1989-09,1989-09-30T23:59:59Z,True,0.00024779676,2.9174657e-05,2.0260439e-05,8.914218e-06,65.888800758562,EXPANSION,SHADOW_CONTEXT_ONLY
FEB_MAR,1989-11,1989-11-30T23:59:59Z,True,0.000204540884,2.6831596e-05,2.157467e-05,5.256926e-06,55.2268165839,EXPANSION,SHADOW_CONTEXT_ONLY
FEB_MAR,1990-01,1990-01-31T23:59:59Z,True,0.000179565682,2.2697767e-05,2.179929e-05,8.98478e-07,50.17801304169,EXPANSION,SHADOW_CONTEXT_ONLY
FEB_MAR,1990-03,1990-03-31T23:59:59Z,True,0.000207831374,2.1455162e-05,2.1730464e-05,-2.75302e-07,55.172783460552,TURNING_NEGATIVE,SHADOW_CONTEXT_ONLY
FEB_MAR,1990-05,1990-05-31T23:59:59Z,True,0.000231126649,2.209542e-05,2.1803455e-05,2.91965e-07,58.835553632416,TURNING_POSITIVE,SHADOW_CONTEXT_ONLY
FEB_MAR,1990-07,1990-07-31T23:59:59Z,True,0.000237260406,2.283455e-05,2.2009674e-05,8.24875e-07,59.767704307976,ACCELERATING,SHADOW_CONTEXT_ONLY
FEB_MAR,1990-09,1990-09-30T23:59:59Z,True,0.000242351255,2.3559525e-05,2.2319644e-05,1.23988e-06,60.56585447158,ACCELERATING,SHADOW_CONTEXT_ONLY
FEB_MAR,1990-11,1990-11-30T23:59:59Z,True,0.000210559139,2.1322917e-05,2.2120299e-05,-7.97382e-07,53.436333565858,TURNING_NEGATIVE,SHADOW_CONTEXT_ONLY
FEB_MAR,1991-01,1991-01-31T23:59:59Z,True,0.000198365663,1.8354894e-05,2.1367218e-05,-3.012324e-06,50.958664423813,DECELERATING,SHADOW_CONTEXT_ONLY
FEB_MAR,1991-03,1991-03-31T23:59:59Z,True,0.000206499667,1.6469214e-05,2.0387617e-05,-3.918403e-06,52.539548632009,DECELERATING,SHADOW_CONTEXT_ONLY
FEB_MAR,1991-05,1991-05-31T23:59:59Z,True,0.000200909293,1.435819e-05,1.9181732e-05,-4.823542e-06,51.315200377558,DECELERATING,SHADOW_CONTEXT_ONLY
FEB_MAR,1991-07,1991-07-31T23:59:59Z,True,0.00018898743,1.1589596e-05,1.7663305e-05,-6.073709e-06,48.708384820005,DECELERATING,SHADOW_CONTEXT_ONLY
FEB_MAR,1991-09,1991-09-30T23:59:59Z,True,0.000207207976,1.0741885e-05,1.6279021e-05,-5.537135e-06,52.666049296787,CONTRACTION,SHADOW_CONTEXT_ONLY
FEB_MAR,1991-11,1991-11-30T23:59:59Z,True,0.000205628541,9.829315e-06,1.4989079e-05,-5.159765e-06,52.289405037933,CONTRACTION,SHADOW_CONTEXT_ONLY
FEB_MAR,1992-01,1992-01-31T23:59:59Z,True,0.000187938805,7.591176e-06,1.3509499e-05,-5.918323e-06,48.137139075979,DECELERATING,SHADOW_CONTEXT_ONLY
FEB_MAR,1992-03,1992-03-31T23:59:59Z,True,0.000201358845,6.821684e-06,1.2171936e-05,-5.350252e-06,51.296838416454,CONTRACTION,SHADOW_CONTEXT_ONLY
FEB_MAR,1992-05,1992-05-31T23:59:59Z,True,0.000204618422,6.401089e-06,1.1017766e-05,-4.616678e-06,52.06080115869,CONTRACTION,SHADOW_CONTEXT_ONLY
FEB_MAR,1992-07,1992-07-31T23:59:59Z,True,0.000222041817,7.388516e-06,1.0291916e-05,-2.9034e-06,56.031046750786,CONTRACTION,SHADOW_CONTEXT_ONLY
FEB_MAR,1992-09,1992-09-30T23:59:59Z,True,0.000217634183,7.726336e-06,9.7788e-06,-2.052464e-06,54.794749310211,CONTRACTION,SHADOW_CONTEXT_ONLY
FEB_MAR,1992-11,1992-11-30T23:59:59Z,True,0.000200362098,6.52513e-06,9.128066e-06,-2.602936e-06,50.127173537041,DECELERATING,SHADOW_CONTEXT_ONLY
FEB_MAR,1993-01,1993-01-31T23:59:59Z,True,0.000213375523,6.547762e-06,8.612005e-06,-2.064244e-06,53.351379439509,CONTRACTION,SHADOW_CONTEXT_ONLY
FEB_MAR,1993-03,1993-03-31T23:59:59Z,True,0.000202926623,5.657344e-06,8.021073e-06,-2.363729e-06,50.52685894506,DECELERATING,SHADOW_CONTEXT_ONLY
FEB_MAR,1993-05,1993-05-31T23:59:59Z,True,0.000152127359,8.4289e-07,6.585436e-06,-5.742547e-06,39.561094624011,DECELERATING,SHADOW_CONTEXT_ONLY
FEB_MAR,1993-07,1993-07-31T23:59:59Z,True,0.000152898979,-2.877171e-06,4.692915e-06,-7.570086e-06,39.7749030684,DECELERATING,SHADOW_CONTEXT_ONLY
FEB_MAR,1993-09,1993-09-30T23:59:59Z,True,0.000163139926,-4.942018e-06,2.765928e-06,-7.707946e-06,42.673482140555,DECELERATING,SHADOW_CONTEXT_ONLY
FEB_MAR,1993-11,1993-11-30T23:59:59Z,True,0.000135557934,-8.70373e-06,4.71997e-07,-9.175726e-06,37.446098092572,DECELERATING,SHADOW_CONTEXT_ONLY
FEB_MAR,1994-01,1994-01-31T23:59:59Z,True,0.000145069188,-1.0793019e-05,-1.781006e-06,-9.012013e-06,40.167905350595,CONTRACTION,SHADOW_CONTEXT_ONLY
FEB_MAR,1994-03,1994-03-31T23:59:59Z,True,0.000155112391,-1.1505762e-05,-3.725958e-06,-7.779805e-06,42.988771672719,CONTRACTION,SHADOW_CONTEXT_ONLY
FEB_MAR,1994-05,1994-05-31T23:59:59Z,True,0.000175599944,-1.0298725e-05,-5.040511e-06,-5.258214e-06,48.33946131832,CONTRACTION,SHADOW_CONTEXT_ONLY
FEB_MAR,1994-07,1994-07-31T23:59:59Z,True,0.000198577522,-7.402707e-06,-5.51295e-06,-1.889756e-06,53.599303409196,CONTRACTION,SHADOW_CONTEXT_ONLY
FEB_MAR,1994-09,1994-09-30T23:59:59Z,True,0.000198840084,-5.02844e-06,-5.416048e-06,3.87608e-07,53.657367386792,TURNING_POSITIVE,SHADOW_CONTEXT_ONLY
FEB_MAR,1994-11,1994-11-30T23:59:59Z,True,0.000226958182,-8.67916e-07,-4.506422e-06,3.638505e-06,59.501969346593,ACCELERATING,SHADOW_CONTEXT_ONLY
FEB_MAR,1995-01,1995-01-31T23:59:59Z,True,0.000246940268,3.995657e-06,-2.806006e-06,6.801663e-06,63.066738909722,ACCELERATING,SHADOW_CONTEXT_ONLY
FEB_MAR,1995-03,1995-03-31T23:59:59Z,True,0.000238080016,7.053813e-06,-8.34042e-07,7.887855e-06,60.522800990015,ACCELERATING,SHADOW_CONTEXT_ONLY
FEB_MAR,1995-05,1995-05-31T23:59:59Z,True,0.000224025821,8.248287e-06,9.82423e-07,7.265863e-06,56.621309805686,EXPANSION,SHADOW_CONTEXT_ONLY
FEB_MAR,1995-07,1995-07-31T23:59:59Z,True,0.000247860867,1.0991501e-05,2.984239e-06,8.007262e-06,61.190548242862,ACCELERATING,SHADOW_CONTEXT_ONLY
FEB_MAR,1995-09,1995-09-30T23:59:59Z,True,0.000236808716,1.2133831e-05,4.814158e-06,7.319674e-06,58.132783933158,EXPANSION,SHADOW_CONTEXT_ONLY
FEB_MAR,1995-11,1995-11-30T23:59:59Z,True,0.000240506625,1.3185532e-05,6.488432e-06,6.6971e-06,58.873305248472,EXPANSION,SHADOW_CONTEXT_ONLY
FEB_MAR,1996-01,1996-01-31T23:59:59Z,True,0.000203926555,1.0941183e-05,7.378983e-06,3.562201e-06,49.538969024667,EXPANSION,SHADOW_CONTEXT_ONLY
FEB_MAR,1996-03,1996-03-31T23:59:59Z,True,0.000201151525,8.836734e-06,7.670533e-06,1.166202e-06,48.905492548035,EXPANSION,SHADOW_CONTEXT_ONLY
FEB_MAR,1996-05,1996-05-31T23:59:59Z,True,0.000210900616,7.864952e-06,7.709417e-06,1.55535e-07,51.263364406015,EXPANSION,SHADOW_CONTEXT_ONLY
FEB_MAR,1996-07,1996-07-31T23:59:59Z,True,0.000161283303,3.055878e-06,6.778709e-06,-3.722831e-06,40.914797936116,TURNING_NEGATIVE,SHADOW_CONTEXT_ONLY
FEB_MAR,1996-09,1996-09-30T23:59:59Z,True,0.000157628847,-1.038263e-06,5.215315e-06,-6.253578e-06,40.269992316308,DECELERATING,SHADOW_CONTEXT_ONLY
FEB_MAR,1996-11,1996-11-30T23:59:59Z,True,0.000183576341,-2.164206e-06,3.73941e-06,-5.903616e-06,46.693680711855,CONTRACTION,SHADOW_CONTEXT_ONLY
FEB_MAR,1997-01,1997-01-31T23:59:59Z,True,0.000213343566,-6.47098e-07,2.862109e-06,-3.509207e-06,52.945681146184,CONTRACTION,SHADOW_CONTEXT_ONLY
FEB_MAR,1997-03,1997-03-31T23:59:59Z,True,0.000213924765,5.95257e-07,2.408738e-06,-1.813481e-06,53.061436553838,CONTRACTION,SHADOW_CONTEXT_ONLY
FEB_MAR,1997-05,1997-05-31T23:59:59Z,True,0.000227308548,2.629481e-06,2.452887e-06,1.76594e-07,55.760368945569,TURNING_POSITIVE,SHADOW_CONTEXT_ONLY
FEB_MAR,1997-07,1997-07-31T23:59:59Z,True,0.000235196044,4.822482e-06,2.926806e-06,1.895676e-06,57.317956141135,ACCELERATING,SHADOW_CONTEXT_ONLY
FEB_MAR,1997-09,1997-09-30T23:59:59Z,True,0.000202894816,3.908952e-06,3.123235e-06,7.85717e-07,49.614063304601,EXPANSION,SHADOW_CONTEXT_ONLY
FEB_MAR,1997-11,1997-11-30T23:59:59Z,True,0.000194854134,2.507256e-06,3.000039e-06,-4.92784e-07,47.888582792488,TURNING_NEGATIVE,SHADOW_CONTEXT_ONLY
FEB_MAR,1998-01,1998-01-31T23:59:59Z,True,0.000181670134,3.28772e-07,2.465786e-06,-2.137014e-06,45.117861993582,DECELERATING,SHADOW_CONTEXT_ONLY
FEB_MAR,1998-03,1998-03-31T23:59:59Z,True,0.00018367864,-1.221541e-06,1.728321e-06,-2.949861e-06,45.633921061762,DECELERATING,SHADOW_CONTEXT_ONLY
FEB_MAR,1998-05,1998-05-31T23:59:59Z,True,0.000180275335,-2.693741e-06,8.43908e-07,-3.537649e-06,44.864117452536,DECELERATING,SHADOW_CONTEXT_ONLY
FEB_MAR,1998-07,1998-07-31T23:59:59Z,True,0.000175262253,-4.216381e-06,-1.6815e-07,-4.048231e-06,43.694857425653,DECELERATING,SHADOW_CONTEXT_ONLY
FEB_MAR,1998-09,1998-09-30T23:59:59Z,True,0.000177365155,-5.193529e-06,-1.173226e-06,-4.020304e-06,44.350059982303,CONTRACTION,SHADOW_CONTEXT_ONLY
FEB_MAR,1998-11,1998-11-30T23:59:59Z,True,0.000166519974,-6.765059e-06,-2.291592e-06,-4.473466e-06,41.65774579215,DECELERATING,SHADOW_CONTEXT_ONLY
FEB_MAR,1999-01,1999-01-31T23:59:59Z,True,0.000155083886,-8.8315e-06,-3.599574e-06,-5.231926e-06,38.971162804418,DECELERATING,SHADOW_CONTEXT_ONLY
FEB_MAR,1999-03,1999-03-31T23:59:59Z,True,0.000149862206,-1.0766407e-05,-5.03294e-06,-5.733466e-06,37.773300557557,DECELERATING,SHADOW_CONTEXT_ONLY
FEB_MAR,1999-05,1999-05-31T23:59:59Z,True,0.000170280266,-1.0530874e-05,-6.132527e-06,-4.398347e-06,44.904586717617,CONTRACTION,SHADOW_CONTEXT_ONLY
FEB_MAR,1999-07,1999-07-31T23:59:59Z,True,0.000199256648,-7.914824e-06,-6.488986e-06,-1.425837e-06,53.116196457691,CONTRACTION,SHADOW_CONTEXT_ONLY
FEB_MAR,1999-09,1999-09-30T23:59:59Z,True,0.000205400318,-5.284921e-06,-6.248173e-06,9.63252e-07,54.659212082922,TURNING_POSITIVE,SHADOW_CONTEXT_ONLY
FEB_MAR,1999-11,1999-11-30T23:59:59Z,True,0.000183436204,-4.916352e-06,-5.981809e-06,1.065457e-06,48.512138667575,ACCELERATING,SHADOW_CONTEXT_ONLY
FEB_MAR,2000-01,2000-01-31T23:59:59Z,True,0.000201953561,-3.094392e-06,-5.404326e-06,2.309934e-06,53.282334010076,ACCELERATING,SHADOW_CONTEXT_ONLY
FEB_MAR,2000-03,2000-03-31T23:59:59Z,True,0.000189122189,-2.655252e-06,-4.854511e-06,2.199259e-06,49.836772553325,EXPANSION,SHADOW_CONTEXT_ONLY
FEB_MAR,2000-05,2000-05-31T23:59:59Z,True,0.000202002944,-1.253413e-06,-4.134291e-06,2.880879e-06,53.114467418056,ACCELERATING,SHADOW_CONTEXT_ONLY
FEB_MAR,2000-07,2000-07-31T23:59:59Z,True,0.000198422535,-4.26438e-07,-3.392721e-06,2.966282e-06,52.095502377473,ACCELERATING,SHADOW_CONTEXT_ONLY
FEB_MAR,2000-09,2000-09-30T23:59:59Z,True,0.000222492024,2.146409e-06,-2.284895e-06,4.431304e-06,57.937489040895,ACCELERATING,SHADOW_CONTEXT_ONLY
FEB_MAR,2000-11,2000-11-30T23:59:59Z,True,0.000209890003,3.132423e-06,-1.201431e-06,4.333854e-06,54.209957314357,EXPANSION,SHADOW_CONTEXT_ONLY
FEB_MAR,2001-01,2001-01-31T23:59:59Z,True,0.00020986044,3.866885e-06,-1.87768e-07,4.054653e-06,54.201147573193,EXPANSION,SHADOW_CONTEXT_ONLY
FEB_MAR,2001-03,2001-03-31T23:59:59Z,True,0.000205661392,4.063285e-06,6.62443e-07,3.400842e-06,52.886480549591,EXPANSION,SHADOW_CONTEXT_ONLY
FEB_MAR,2001-05,2001-05-31T23:59:59Z,True,0.000192338412,3.108052e-06,1.151564e-06,1.956488e-06,48.838789133516,EXPANSION,SHADOW_CONTEXT_ONLY
FEB_MAR,2001-07,2001-07-31T23:59:59Z,True,0.000176988068,1.099702e-06,1.141192e-06,-4.149e-08,44.603054448269,TURNING_NEGATIVE,SHADOW_CONTEXT_ONLY
FEB_MAR,2001-09,2001-09-30T23:59:59Z,True,0.000156726353,-2.102643e-06,4.92425e-07,-2.595068e-06,39.707727853694,DECELERATING,SHADOW_CONTEXT_ONLY
FEB_MAR,2001-11,2001-11-30T23:59:59Z,True,0.000160926684,-4.252572e-06,-4.56574e-07,-3.795997e-06,41.149702842463,DECELERATING,SHADOW_CONTEXT_ONLY
FEB_MAR,2002-01,2002-01-31T23:59:59Z,True,0.00016588521,-5.492974e-06,-1.463854e-06,-4.02912e-06,42.886265266457,DECELERATING,SHADOW_CONTEXT_ONLY
FEB_MAR,2002-03,2002-03-31T23:59:59Z,True,0.000169799593,-6.089944e-06,-2.389072e-06,-3.700871e-06,44.28397587775,CONTRACTION,SHADOW_CONTEXT_ONLY
FEB_MAR,2002-05,2002-05-31T23:59:59Z,True,0.000158092831,-7.422126e-06,-3.395683e-06,-4.026443e-06,41.048541547329,DECELERATING,SHADOW_CONTEXT_ONLY
FEB_MAR,2002-07,2002-07-31T23:59:59Z,True,0.000157902315,-8.396474e-06,-4.395841e-06,-4.000633e-06,40.996047830539,CONTRACTION,SHADOW_CONTEXT_ONLY
FEB_MAR,2002-09,2002-09-30T23:59:59Z,True,0.000144207029,-1.0156667e-05,-5.548006e-06,-4.608661e-06,37.303056056499,DECELERATING,SHADOW_CONTEXT_ONLY
FEB_MAR,2002-11,2002-11-30T23:59:59Z,True,0.000154249844,-1.0618854e-05,-6.562176e-06,-4.056678e-06,41.467011621722,CONTRACTION,SHADOW_CONTEXT_ONLY
FEB_MAR,2003-01,2003-01-31T23:59:59Z,True,0.000143581316,-1.1711005e-05,-7.591942e-06,-4.119063e-06,38.538867901878,DECELERATING,SHADOW_CONTEXT_ONLY
FEB_MAR,2003-03,2003-03-31T23:59:59Z,True,0.000151321607,-1.181576e-05,-8.436705e-06,-3.379055e-06,41.752557888123,CONTRACTION,SHADOW_CONTEXT_ONLY
FEB_MAR,2003-05,2003-05-31T23:59:59Z,True,0.000143984634,-1.2348467e-05,-9.219058e-06,-3.129409e-06,39.636890847284,CONTRACTION,SHADOW_CONTEXT_ONLY
FEB_MAR,2003-07,2003-07-31T23:59:59Z,True,0.000151529759,-1.2023216e-05,-9.779889e-06,-2.243326e-06,42.844325307733,CONTRACTION,SHADOW_CONTEXT_ONLY
FEB_MAR,2003-09,2003-09-30T23:59:59Z,True,0.000146900326,-1.2000672e-05,-1.0224046e-05,-1.776626e-06,41.391079785961,CONTRACTION,SHADOW_CONTEXT_ONLY
FEB_MAR,2003-11,2003-11-30T23:59:59Z,True,0.000163891397,-1.0490837e-05,-1.0277404e-05,-2.13433e-07,48.319722362352,CONTRACTION,SHADOW_CONTEXT_ONLY
FEB_MAR,2004-01,2004-01-31T23:59:59Z,True,0.000182113111,-7.73478e-06,-9.768879e-06,2.034099e-06,54.528132298357,TURNING_POSITIVE,SHADOW_CONTEXT_ONLY
FEB_MAR,2004-03,2004-03-31T23:59:59Z,True,0.000229951749,-1.671143e-06,-8.149332e-06,6.478189e-06,66.056868816248,ACCELERATING,SHADOW_CONTEXT_ONLY
FEB_MAR,2004-05,2004-05-31T23:59:59Z,True,0.000221450275,2.420434e-06,-6.035379e-06,8.455813e-06,62.999981359716,ACCELERATING,SHADOW_CONTEXT_ONLY
FEB_MAR,2004-07,2004-07-31T23:59:59Z,True,0.000219443625,5.438427e-06,-3.740618e-06,9.179045e-06,62.267519336413,ACCELERATING,SHADOW_CONTEXT_ONLY
FEB_MAR,2004-09,2004-09-30T23:59:59Z,True,0.00022233226,7.971408e-06,-1.398212e-06,9.369621e-06,62.935567492152,ACCELERATING,SHADOW_CONTEXT_ONLY
FEB_MAR,2004-11,2004-11-30T23:59:59Z,True,0.000221266875,9.780107e-06,8.37452e-07,8.942656e-06,62.496082751947,EXPANSION,SHADOW_CONTEXT_ONLY
FEB_MAR,2005-01,2005-01-31T23:59:59Z,True,0.000232542503,1.1985205e-05,3.067002e-06,8.918203e-06,65.261009832385,EXPANSION,SHADOW_CONTEXT_ONLY
FEB_MAR,2005-03,2005-03-31T23:59:59Z,True,0.000242162784,1.4343692e-05,5.32234e-06,9.021352e-06,67.46490451746,ACCELERATING,SHADOW_CONTEXT_ONLY
FEB_MAR,2005-05,2005-05-31T23:59:59Z,True,0.000239467289,1.5813024e-05,7.420477e-06,8.392547e-06,66.197684848375,EXPANSION,SHADOW_CONTEXT_ONLY
FEB_MAR,2005-07,2005-07-31T23:59:59Z,True,0.000265113125,1.8829826e-05,9.702347e-06,9.127479e-06,71.653255642144,ACCELERATING,SHADOW_CONTEXT_ONLY
FEB_MAR,2005-09,2005-09-30T23:59:59Z,True,0.000263151784,2.0822372e-05,1.1926352e-05,8.89602e-06,70.713282005024,EXPANSION,SHADOW_CONTEXT_ONLY
FEB_MAR,2005-11,2005-11-30T23:59:59Z,True,0.000278366336,2.3359888e-05,1.4213059e-05,9.146829e-06,73.605817554741,ACCELERATING,SHADOW_CONTEXT_ONLY
FEB_MAR,2006-01,2006-01-31T23:59:59Z,True,0.000267716108,2.423217e-05,1.6216881e-05,8.015289e-06,68.505274362398,EXPANSION,SHADOW_CONTEXT_ONLY
FEB_MAR,2006-03,2006-03-31T23:59:59Z,True,0.000284956988,2.6014772e-05,1.8176459e-05,7.838313e-06,71.899938179114,EXPANSION,SHADOW_CONTEXT_ONLY
FEB_MAR,2006-05,2006-05-31T23:59:59Z,True,0.000370753443,3.3959095e-05,2.1332986e-05,1.2626109e-05,82.188490444903,ACCELERATING,SHADOW_CONTEXT_ONLY
FEB_MAR,2006-07,2006-07-31T23:59:59Z,True,0.000378343869,4.0401786e-05,2.5146746e-05,1.5255039e-05,82.788885994507,ACCELERATING,SHADOW_CONTEXT_ONLY
FEB_MAR,2006-09,2006-09-30T23:59:59Z,True,0.000395399048,4.6349586e-05,2.9387314e-05,1.6962271e-05,84.086863977632,ACCELERATING,SHADOW_CONTEXT_ONLY
FEB_MAR,2006-11,2006-11-30T23:59:59Z,True,0.000348131112,4.6710681e-05,3.2851988e-05,1.3858693e-05,68.637376980776,EXPANSION,SHADOW_CONTEXT_ONLY
FEB_MAR,2007-01,2007-01-31T23:59:59Z,True,0.00027948766,4.0985444e-05,3.4478679e-05,6.506765e-06,53.317018619915,EXPANSION,SHADOW_CONTEXT_ONLY
FEB_MAR,2007-03,2007-03-31T23:59:59Z,True,0.000306381118,3.8178136e-05,3.521857e-05,2.959566e-06,57.335036288536,EXPANSION,SHADOW_CONTEXT_ONLY
FEB_MAR,2007-05,2007-05-31T23:59:59Z,True,0.000358179618,3.9675673e-05,3.6109991e-05,3.565683e-06,63.798117729295,ACCELERATING,SHADOW_CONTEXT_ONLY
FEB_MAR,2007-07,2007-07-31T23:59:59Z,True,0.000372914317,4.1572231e-05,3.7202439e-05,4.369792e-06,65.403608521227,ACCELERATING,SHADOW_CONTEXT_ONLY
FEB_MAR,2007-09,2007-09-30T23:59:59Z,True,0.000333675307,3.9454203e-05,3.7652792e-05,1.801411e-06,58.023812095083,EXPANSION,SHADOW_CONTEXT_ONLY
FEB_MAR,2007-11,2007-11-30T23:59:59Z,True,0.000268855984,3.2174387e-05,3.6557111e-05,-4.382724e-06,48.323751516623,TURNING_NEGATIVE,SHADOW_CONTEXT_ONLY
FEB_MAR,2008-01,2008-01-31T23:59:59Z,True,0.000246765899,2.4341995e-05,3.4114088e-05,-9.772093e-06,45.530268838464,DECELERATING,SHADOW_CONTEXT_ONLY
FEB_MAR,2008-03,2008-03-31T23:59:59Z,True,0.00027115934,1.987402e-05,3.1266074e-05,-1.1392054e-05,49.033965865747,DECELERATING,SHADOW_CONTEXT_ONLY
FEB_MAR,2008-05,2008-05-31T23:59:59Z,True,0.00029329634,1.7912899e-05,2.8595439e-05,-1.068254e-05,52.048393456111,CONTRACTION,SHADOW_CONTEXT_ONLY
FEB_MAR,2008-07,2008-07-31T23:59:59Z,True,0.000278409206,1.4984696e-05,2.587329e-05,-1.0888595e-05,49.910467457469,DECELERATING,SHADOW_CONTEXT_ONLY
FEB_MAR,2008-09,2008-09-30T23:59:59Z,True,0.000261981212,1.1209258e-05,2.2940484e-05,-1.1731226e-05,47.587534550818,DECELERATING,SHADOW_CONTEXT_ONLY
FEB_MAR,2008-11,2008-11-30T23:59:59Z,True,0.000151920661,-6.56206e-07,1.8221146e-05,-1.8877352e-05,35.624824163957,DECELERATING,SHADOW_CONTEXT_ONLY
FEB_MAR,2009-01,2009-01-31T23:59:59Z,True,0.000116628986,-1.2760322e-05,1.2024852e-05,-2.4785174e-05,32.779305712308,DECELERATING,SHADOW_CONTEXT_ONLY
FEB_MAR,2009-03,2009-03-31T23:59:59Z,True,0.000126231643,-2.1332162e-05,5.353449e-06,-2.6685612e-05,34.316638452584,DECELERATING,SHADOW_CONTEXT_ONLY
FEB_MAR,2009-05,2009-05-31T23:59:59Z,True,0.000152972858,-2.5671688e-05,-8.51578e-07,-2.482011e-05,38.53248633128,CONTRACTION,SHADOW_CONTEXT_ONLY
FEB_MAR,2009-07,2009-07-31T23:59:59Z,True,0.00017369993,-2.7125605e-05,-6.106383e-06,-2.1019222e-05,41.658211589706,CONTRACTION,SHADOW_CONTEXT_ONLY
FEB_MAR,2009-09,2009-09-30T23:59:59Z,True,0.000193297033,-2.6392289e-05,-1.0163565e-05,-1.6228724e-05,44.5303111349,CONTRACTION,SHADOW_CONTEXT_ONLY
FEB_MAR,2009-11,2009-11-30T23:59:59Z,True,0.000184247392,-2.6238895e-05,-1.3378631e-05,-1.2860264e-05,43.46617944154,CONTRACTION,SHADOW_CONTEXT_ONLY
FEB_MAR,2010-01,2010-01-31T23:59:59Z,True,0.000205483255,-2.4125666e-05,-1.5528038e-05,-8.597629e-06,46.685807695487,CONTRACTION,SHADOW_CONTEXT_ONLY
FEB_MAR,2010-03,2010-03-31T23:59:59Z,True,0.000208558174,-2.1949774e-05,-1.6812385e-05,-5.137389e-06,47.155105880255,CONTRACTION,SHADOW_CONTEXT_ONLY
FEB_MAR,2010-05,2010-05-31T23:59:59Z,True,0.000176502551,-2.2552019e-05,-1.7960312e-05,-4.591707e-06,42.914167543944,CONTRACTION,SHADOW_CONTEXT_ONLY
FEB_MAR,2010-07,2010-07-31T23:59:59Z,True,0.000175592553,-2.2839453e-05,-1.893614e-05,-3.903313e-06,42.796498460649,CONTRACTION,SHADOW_CONTEXT_ONLY
FEB_MAR,2010-09,2010-09-30T23:59:59Z,True,0.000188652008,-2.1762592e-05,-1.950143e-05,-2.261161e-06,45.122064831984,CONTRACTION,SHADOW_CONTEXT_ONLY
FEB_MAR,2010-11,2010-11-30T23:59:59Z,True,0.000192296678,-2.0380148e-05,-1.9677174e-05,-7.02974e-07,45.784506109003,CONTRACTION,SHADOW_CONTEXT_ONLY
FEB_MAR,2011-01,2011-01-31T23:59:59Z,True,0.000218547665,-1.6970688e-05,-1.9135877e-05,2.165189e-06,50.426175036827,TURNING_POSITIVE,SHADOW_CONTEXT_ONLY
FEB_MAR,2011-03,2011-03-31T23:59:59Z,True,0.000207713521,-1.4970323e-05,-1.8302766e-05,3.332443e-06,48.577668219083,ACCELERATING,SHADOW_CONTEXT_ONLY
FEB_MAR,2011-05,2011-05-31T23:59:59Z,True,0.000184195077,-1.5108598e-05,-1.7663932e-05,2.555334e-06,44.743317158116,EXPANSION,SHADOW_CONTEXT_ONLY
FEB_MAR,2011-07,2011-07-31T23:59:59Z,True,0.000190812811,-1.4516845e-05,-1.7034515e-05,2.517669e-06,46.034119895638,EXPANSION,SHADOW_CONTEXT_ONLY
FEB_MAR,2011-09,2011-09-30T23:59:59Z,True,0.000145687843,-1.74875e-05,-1.7125112e-05,-3.62388e-07,39.293655954068,TURNING_NEGATIVE,SHADOW_CONTEXT_ONLY
FEB_MAR,2011-11,2011-11-30T23:59:59Z,True,0.000135592558,-2.042097e-05,-1.7784284e-05,-2.636687e-06,37.95471316883,DECELERATING,SHADOW_CONTEXT_ONLY
FEB_MAR,2012-01,2012-01-31T23:59:59Z,True,0.000151192233,-2.1242137e-05,-1.8475854e-05,-2.766283e-06,41.284192106512,DECELERATING,SHADOW_CONTEXT_ONLY
FEB_MAR,2012-03,2012-03-31T23:59:59Z,True,0.000157206177,-2.116368e-05,-1.9013419e-05,-2.150261e-06,42.563813767185,CONTRACTION,SHADOW_CONTEXT_ONLY
FEB_MAR,2012-05,2012-05-31T23:59:59Z,True,0.000155732701,-2.0978573e-05,-1.940645e-05,-1.572122e-06,42.320455978492,CONTRACTION,SHADOW_CONTEXT_ONLY
FEB_MAR,2012-07,2012-07-31T23:59:59Z,True,0.000147985425,-2.1212489e-05,-1.9767658e-05,-1.444831e-06,40.993340628346,CONTRACTION,SHADOW_CONTEXT_ONLY
FEB_MAR,2012-09,2012-09-30T23:59:59Z,True,0.000144163278,-2.145892e-05,-2.010591e-05,-1.35301e-06,40.321542920643,CONTRACTION,SHADOW_CONTEXT_ONLY
FEB_MAR,2012-11,2012-11-30T23:59:59Z,True,0.000139279274,-2.1797054e-05,-2.0444139e-05,-1.352915e-06,39.432279560269,CONTRACTION,SHADOW_CONTEXT_ONLY
FEB_MAR,2013-01,2013-01-31T23:59:59Z,True,0.000149694783,-2.0982707e-05,-2.0551853e-05,-4.30854e-07,42.352162547823,CONTRACTION,SHADOW_CONTEXT_ONLY
FEB_MAR,2013-03,2013-03-31T23:59:59Z,True,0.000149288879,-2.0137947e-05,-2.0469072e-05,3.31125e-07,42.266646125609,TURNING_POSITIVE,SHADOW_CONTEXT_ONLY
FEB_MAR,2013-05,2013-05-31T23:59:59Z,True,0.000159454811,-1.8435648e-05,-2.0062387e-05,1.626739e-06,45.248448882662,ACCELERATING,SHADOW_CONTEXT_ONLY
FEB_MAR,2013-07,2013-07-31T23:59:59Z,True,0.00016705421,-1.6285625e-05,-1.9307034e-05,3.021409e-06,47.434061926714,ACCELERATING,SHADOW_CONTEXT_ONLY
FEB_MAR,2013-09,2013-09-30T23:59:59Z,True,0.000165062854,-1.4574398e-05,-1.8360507e-05,3.786109e-06,46.905669566914,ACCELERATING,SHADOW_CONTEXT_ONLY
FEB_MAR,2013-11,2013-11-30T23:59:59Z,True,0.000172361038,-1.2485411e-05,-1.7185488e-05,4.700077e-06,49.141704572716,ACCELERATING,SHADOW_CONTEXT_ONLY
FEB_MAR,2014-01,2014-01-31T23:59:59Z,True,0.000182295377,-9.913974e-06,-1.5731185e-05,5.817211e-06,52.098930535747,ACCELERATING,SHADOW_CONTEXT_ONLY
FEB_MAR,2014-03,2014-03-31T23:59:59Z,True,0.000154818953,-9.978187e-06,-1.4580586e-05,4.602398e-06,44.407834668219,EXPANSION,SHADOW_CONTEXT_ONLY
FEB_MAR,2014-05,2014-05-31T23:59:59Z,True,0.000166279332,-9.000567e-06,-1.3464582e-05,4.464015e-06,47.864941016567,EXPANSION,SHADOW_CONTEXT_ONLY
FEB_MAR,2014-07,2014-07-31T23:59:59Z,True,0.000168755935,-7.93449e-06,-1.2358563e-05,4.424073e-06,48.60869768156,EXPANSION,SHADOW_CONTEXT_ONLY
FEB_MAR,2014-09,2014-09-30T23:59:59Z,True,0.000172791506,-6.686898e-06,-1.122423e-05,4.537332e-06,49.863818509205,ACCELERATING,SHADOW_CONTEXT_ONLY
FEB_MAR,2014-11,2014-11-30T23:59:59Z,True,0.000177700119,-5.241665e-06,-1.0027717e-05,4.786052e-06,51.418027930002,ACCELERATING,SHADOW_CONTEXT_ONLY
FEB_MAR,2015-01,2015-01-31T23:59:59Z,True,0.000144975518,-6.660136e-06,-9.354201e-06,2.694065e-06,42.057471023921,EXPANSION,SHADOW_CONTEXT_ONLY
FEB_MAR,2015-03,2015-03-31T23:59:59Z,True,0.00015670454,-6.759926e-06,-8.835346e-06,2.07542e-06,45.861670219941,EXPANSION,SHADOW_CONTEXT_ONLY
FEB_MAR,2015-05,2015-05-31T23:59:59Z,True,0.000163299738,-6.23496e-06,-8.315269e-06,2.080309e-06,47.931761102201,ACCELERATING,SHADOW_CONTEXT_ONLY
FEB_MAR,2015-07,2015-07-31T23:59:59Z,True,0.000150471341,-6.775956e-06,-8.007406e-06,1.23145e-06,44.377293140401,EXPANSION,SHADOW_CONTEXT_ONLY
FEB_MAR,2015-09,2015-09-30T23:59:59Z,True,0.00014423719,-7.619906e-06,-7.929906e-06,3.1e-07,42.719365321078,EXPANSION,SHADOW_CONTEXT_ONLY
FEB_MAR,2015-11,2015-11-30T23:59:59Z,True,0.000137473931,-8.733803e-06,-8.090686e-06,-6.43117e-07,40.932718209815,TURNING_NEGATIVE,SHADOW_CONTEXT_ONLY
FEB_MAR,2016-01,2016-01-31T23:59:59Z,True,0.000126680099,-1.036803e-05,-8.546154e-06,-1.821876e-06,38.187720163751,DECELERATING,SHADOW_CONTEXT_ONLY
FEB_MAR,2016-03,2016-03-31T23:59:59Z,True,0.000123764357,-1.1762848e-05,-9.189493e-06,-2.573355e-06,37.456981061652,DECELERATING,SHADOW_CONTEXT_ONLY
FEB_MAR,2016-05,2016-05-31T23:59:59Z,True,0.00011580557,-1.3356493e-05,-1.0022893e-05,-3.3336e-06,35.462236846001,DECELERATING,SHADOW_CONTEXT_ONLY
FEB_MAR,2016-07,2016-07-31T23:59:59Z,True,0.000113177573,-1.4662506e-05,-1.0950816e-05,-3.71169e-06,34.803160397758,DECELERATING,SHADOW_CONTEXT_ONLY
FEB_MAR,2016-09,2016-09-30T23:59:59Z,True,0.000110678687,-1.5717983e-05,-1.1904249e-05,-3.813734e-06,34.153169988672,DECELERATING,SHADOW_CONTEXT_ONLY
FEB_MAR,2016-11,2016-11-30T23:59:59Z,True,0.000136950769,-1.4270022e-05,-1.2377404e-05,-1.892618e-06,45.646557537556,CONTRACTION,SHADOW_CONTEXT_ONLY
FEB_MAR,2017-01,2017-01-31T23:59:59Z,True,0.000150168212,-1.1918576e-05,-1.2285638e-05,3.67062e-07,50.342627453995,TURNING_POSITIVE,SHADOW_CONTEXT_ONLY
FEB_MAR,2017-03,2017-03-31T23:59:59Z,True,0.000147179328,-1.017888e-05,-1.1864287e-05,1.685407e-06,49.305226239124,ACCELERATING,SHADOW_CONTEXT_ONLY
FEB_MAR,2017-05,2017-05-31T23:59:59Z,True,0.000139790907,-9.289261e-06,-1.1349282e-05,2.06002e-06,46.741113113309,ACCELERATING,SHADOW_CONTEXT_ONLY
FEB_MAR,2017-07,2017-07-31T23:59:59Z,True,0.000150488528,-7.633035e-06,-1.0606032e-05,2.972997e-06,50.735912084243,ACCELERATING,SHADOW_CONTEXT_ONLY
FEB_MAR,2017-09,2017-09-30T23:59:59Z,True,0.00015568308,-5.834055e-06,-9.651637e-06,3.817582e-06,52.595299243232,ACCELERATING,SHADOW_CONTEXT_ONLY
FEB_MAR,2017-11,2017-11-30T23:59:59Z,True,0.000165634506,-3.564267e-06,-8.434163e-06,4.869896e-06,56.019955220672,ACCELERATING,SHADOW_CONTEXT_ONLY
FEB_MAR,2018-01,2018-01-31T23:59:59Z,True,0.000165121839,-1.786221e-06,-7.104574e-06,5.318353e-06,55.796322244205,ACCELERATING,SHADOW_CONTEXT_ONLY
FEB_MAR,2018-03,2018-03-31T23:59:59Z,True,0.000159601916,-8.13145e-07,-5.846289e-06,5.033143e-06,53.327843192936,EXPANSION,SHADOW_CONTEXT_ONLY
FEB_MAR,2018-05,2018-05-31T23:59:59Z,True,0.00016291729,2.22977e-07,-4.632435e-06,4.855413e-06,54.626255677528,EXPANSION,SHADOW_CONTEXT_ONLY
FEB_MAR,2018-07,2018-07-31T23:59:59Z,True,0.000157049946,5.64163e-07,-3.593116e-06,4.157278e-06,51.875747821471,EXPANSION,SHADOW_CONTEXT_ONLY
FEB_MAR,2018-09,2018-09-30T23:59:59Z,True,0.000157101117,8.29126e-07,-2.708667e-06,3.537793e-06,51.898495503708,EXPANSION,SHADOW_CONTEXT_ONLY
FEB_MAR,2018-11,2018-11-30T23:59:59Z,True,0.000157835497,1.085853e-06,-1.949763e-06,3.035616e-06,52.247356325121,EXPANSION,SHADOW_CONTEXT_ONLY
FEB_MAR,2019-01,2019-01-31T23:59:59Z,True,0.000142974883,8.9155e-08,-1.54198e-06,1.631135e-06,45.11667226926,EXPANSION,SHADOW_CONTEXT_ONLY
FEB_MAR,2019-03,2019-03-31T23:59:59Z,True,0.000153939498,1.81921e-07,-1.1972e-06,1.379121e-06,50.486181696228,EXPANSION,SHADOW_CONTEXT_ONLY
FEB_MAR,2019-05,2019-05-31T23:59:59Z,True,0.00014577938,-3.98422e-07,-1.037444e-06,6.39022e-07,46.815305244408,EXPANSION,SHADOW_CONTEXT_ONLY
FEB_MAR,2019-07,2019-07-31T23:59:59Z,True,0.000130775482,-2.045458e-06,-1.239047e-06,-8.06411e-07,40.923334247812,TURNING_NEGATIVE,SHADOW_CONTEXT_ONLY
FEB_MAR,2019-09,2019-09-30T23:59:59Z,True,0.000118547269,-4.288031e-06,-1.848844e-06,-2.439187e-06,36.852501253211,DECELERATING,SHADOW_CONTEXT_ONLY
FEB_MAR,2019-11,2019-11-30T23:59:59Z,True,0.000123906441,-5.568654e-06,-2.592806e-06,-2.975848e-06,39.684297797648,DECELERATING,SHADOW_CONTEXT_ONLY
FEB_MAR,2020-01,2020-01-31T23:59:59Z,True,0.000120169807,-6.80661e-06,-3.435567e-06,-3.371043e-06,38.391563582919,DECELERATING,SHADOW_CONTEXT_ONLY
FEB_MAR,2020-03,2020-03-31T23:59:59Z,True,0.000101262136,-9.207254e-06,-4.589904e-06,-4.61735e-06,32.603911592041,DECELERATING,SHADOW_CONTEXT_ONLY
FEB_MAR,2020-05,2020-05-31T23:59:59Z,True,9.4977983e-05,-1.1484475e-05,-5.968818e-06,-5.515657e-06,30.934719974565,DECELERATING,SHADOW_CONTEXT_ONLY
FEB_MAR,2020-07,2020-07-31T23:59:59Z,True,0.000107304469,-1.2154435e-05,-7.205942e-06,-4.948494e-06,37.674972767879,CONTRACTION,SHADOW_CONTEXT_ONLY
FEB_MAR,2020-09,2020-09-30T23:59:59Z,True,0.000108506146,-1.2444961e-05,-8.253745e-06,-4.191215e-06,38.307071529641,CONTRACTION,SHADOW_CONTEXT_ONLY
FEB_MAR,2020-11,2020-11-30T23:59:59Z,True,0.000117829838,-1.1786987e-05,-8.960394e-06,-2.826594e-06,43.126722332113,CONTRACTION,SHADOW_CONTEXT_ONLY
FEB_MAR,2021-01,2021-01-31T23:59:59Z,True,0.000132810347,-9.94213e-06,-9.156741e-06,-7.85389e-07,49.89920825822,CONTRACTION,SHADOW_CONTEXT_ONLY
FEB_MAR,2021-03,2021-03-31T23:59:59Z,True,0.000162722962,-5.997237e-06,-8.52484e-06,2.527603e-06,60.112938642225,TURNING_POSITIVE,SHADOW_CONTEXT_ONLY
FEB_MAR,2021-05,2021-05-31T23:59:59Z,True,0.000170850557,-2.189809e-06,-7.257834e-06,5.068025e-06,62.358373879261,ACCELERATING,SHADOW_CONTEXT_ONLY
FEB_MAR,2021-07,2021-07-31T23:59:59Z,True,0.00016258792,1.59046e-07,-5.774458e-06,5.933504e-06,58.738192164479,ACCELERATING,SHADOW_CONTEXT_ONLY
FEB_MAR,2021-09,2021-09-30T23:59:59Z,True,0.000163402772,2.062507e-06,-4.207065e-06,6.269572e-06,58.991039913205,ACCELERATING,SHADOW_CONTEXT_ONLY
FEB_MAR,2021-11,2021-11-30T23:59:59Z,True,0.000166084372,3.744235e-06,-2.616805e-06,6.36104e-06,59.862723136945,ACCELERATING,SHADOW_CONTEXT_ONLY
FEB_MAR,2022-01,2022-01-31T23:59:59Z,True,0.000167540865,5.135346e-06,-1.066375e-06,6.201721e-06,60.355625151538,EXPANSION,SHADOW_CONTEXT_ONLY
FEB_MAR,2022-03,2022-03-31T23:59:59Z,True,0.000163357121,5.83298e-06,3.13496e-07,5.519484e-06,58.146709088615,EXPANSION,SHADOW_CONTEXT_ONLY
FEB_MAR,2022-05,2022-05-31T23:59:59Z,True,0.000157737859,5.864826e-06,1.423762e-06,4.441064e-06,55.223344201817,EXPANSION,SHADOW_CONTEXT_ONLY
FEB_MAR,2022-07,2022-07-31T23:59:59Z,True,0.000135415887,4.042271e-06,1.947464e-06,2.094807e-06,45.448397065393,EXPANSION,SHADOW_CONTEXT_ONLY
FEB_MAR,2022-09,2022-09-30T23:59:59Z,True,0.000143323933,3.199119e-06,2.197795e-06,1.001324e-06,48.89935307959,EXPANSION,SHADOW_CONTEXT_ONLY
FEB_MAR,2022-11,2022-11-30T23:59:59Z,True,0.000145149558,2.647706e-06,2.287777e-06,3.59929e-07,49.690592974879,EXPANSION,SHADOW_CONTEXT_ONLY
FEB_MAR,2023-01,2023-01-31T23:59:59Z,True,0.000148110234,2.421693e-06,2.31456e-06,1.07133e-07,51.015259562009,EXPANSION,SHADOW_CONTEXT_ONLY
FEB_MAR,2023-03,2023-03-31T23:59:59Z,True,0.000143989749,1.888321e-06,2.229312e-06,-3.40992e-07,49.07843524575,TURNING_NEGATIVE,SHADOW_CONTEXT_ONLY
FEB_MAR,2023-05,2023-05-31T23:59:59Z,True,0.000128301842,1.9746e-07,1.822942e-06,-1.625482e-06,42.467693985813,DECELERATING,SHADOW_CONTEXT_ONLY
FEB_MAR,2023-07,2023-07-31T23:59:59Z,True,0.000135143092,-5.83798e-07,1.341594e-06,-1.925392e-06,45.890543174231,DECELERATING,SHADOW_CONTEXT_ONLY
FEB_MAR,2023-09,2023-09-30T23:59:59Z,True,0.000134365072,-1.251306e-06,8.23014e-07,-2.07432e-06,45.558582855768,DECELERATING,SHADOW_CONTEXT_ONLY
FEB_MAR,2023-11,2023-11-30T23:59:59Z,True,0.000128395905,-2.236195e-06,2.11172e-07,-2.447367e-06,42.989193484048,DECELERATING,SHADOW_CONTEXT_ONLY
FEB_MAR,2024-01,2024-01-31T23:59:59Z,True,0.000127518138,-3.05237e-06,-4.41536e-07,-2.610834e-06,42.608647043212,DECELERATING,SHADOW_CONTEXT_ONLY
FEB_MAR,2024-03,2024-03-31T23:59:59Z,True,0.000125235454,-3.839133e-06,-1.121056e-06,-2.718077e-06,41.577876727788,DECELERATING,SHADOW_CONTEXT_ONLY
FEB_MAR,2024-05,2024-05-31T23:59:59Z,True,0.000134137878,-3.701626e-06,-1.63717e-06,-2.064457e-06,46.966317420287,CONTRACTION,SHADOW_CONTEXT_ONLY
FEB_MAR,2024-07,2024-07-31T23:59:59Z,True,0.000121728995,-4.541592e-06,-2.218054e-06,-2.323538e-06,41.254593805756,DECELERATING,SHADOW_CONTEXT_ONLY
FEB_MAR,2024-09,2024-09-30T23:59:59Z,True,0.000111747497,-5.944174e-06,-2.963278e-06,-2.980896e-06,37.322702726199,DECELERATING,SHADOW_CONTEXT_ONLY
FEB_MAR,2024-11,2024-11-30T23:59:59Z,True,0.00010648629,-7.39502e-06,-3.849627e-06,-3.545394e-06,35.407148443361,DECELERATING,SHADOW_CONTEXT_ONLY
FEB_MAR,2025-01,2025-01-31T23:59:59Z,True,0.000103192384,-8.710211e-06,-4.821744e-06,-3.888468e-06,34.222884557867,DECELERATING,SHADOW_CONTEXT_ONLY
FEB_MAR,2025-03,2025-03-31T23:59:59Z,True,0.000101558117,-9.771739e-06,-5.811743e-06,-3.959996e-06,33.622018312512,DECELERATING,SHADOW_CONTEXT_ONLY
FEB_MAR,2025-05,2025-05-31T23:59:59Z,True,8.9606964e-05,-1.1445429e-05,-6.93848e-06,-4.506949e-06,29.537784542692,DECELERATING,SHADOW_CONTEXT_ONLY
FEB_MAR,2025-07,2025-07-31T23:59:59Z,True,9.0991638e-05,-1.2515835e-05,-8.053951e-06,-4.461884e-06,30.589824818905,CONTRACTION,SHADOW_CONTEXT_ONLY
FEB_MAR,2025-09,2025-09-30T23:59:59Z,True,8.4661154e-05,-1.3716837e-05,-9.186528e-06,-4.530309e-06,28.495129919089,DECELERATING,SHADOW_CONTEXT_ONLY
FEB_MAR,2025-11,2025-11-30T23:59:59Z,True,8.2283042e-05,-1.4691183e-05,-1.0287459e-05,-4.403724e-06,27.727013667002,CONTRACTION,SHADOW_CONTEXT_ONLY
FEB_MAR,2026-01,2026-01-31T23:59:59Z,True,8.5150103e-05,-1.5058426e-05,-1.1241652e-05,-3.816774e-06,30.17090580049,CONTRACTION,SHADOW_CONTEXT_ONLY
FEB_MAR,2026-03,2026-03-31T23:59:59Z,True,8.0250301e-05,-1.5565415e-05,-1.2106405e-05,-3.45901e-06,28.403239854422,CONTRACTION,SHADOW_CONTEXT_ONLY
FEB_MAR,2026-05,2026-05-31T23:59:59Z,True,9.1832219e-05,-1.486133e-05,-1.265739e-05,-2.20394e-06,37.695435583625,CONTRACTION,SHADOW_CONTEXT_ONLY
FEB_MAR,2026-07,2026-07-31T23:59:59Z,True,0.00010342116,-1.3215863e-05,-1.2769085e-05,-4.46779e-07,45.339842657991,CONTRACTION,SHADOW_CONTEXT_ONLY
