timestamp_utc,timestamp_copenhagen,source_window_end_utc,btc_open,btc_high,btc_low,btc_close,btc_volume,btc_quote_volume,btc_trade_count,btc_taker_buy_base_volume,btc_taker_buy_quote_volume,btc_taker_sell_quote_volume,btc_taker_buy_quote_share,btc_return_1h_pct,btc_range_1h_pct,eth_open,eth_high,eth_low,eth_close,eth_volume,eth_quote_volume,eth_trade_count,eth_taker_buy_base_volume,eth_taker_buy_quote_volume,eth_taker_sell_quote_volume,eth_taker_buy_quote_share,eth_return_1h_pct,eth_range_1h_pct,ethbtc_open,ethbtc_high,ethbtc_low,ethbtc_close,ethbtc_return_1h_pct,ethbtc_range_1h_pct,derived_ethbtc_close,ethbtc_direct_minus_derived_bps,btc_open_interest,btc_open_interest_value,btc_oi_change_1h_pct,btc_open_interest_source,eth_open_interest,eth_open_interest_value,eth_oi_change_1h_pct,eth_open_interest_source,btc_long_short_ratio,btc_long_account,btc_short_account,btc_long_short_source,eth_long_short_ratio,eth_long_account,eth_short_account,eth_long_short_source,btc_funding_event_rate,btc_funding_source,eth_funding_event_rate,eth_funding_source,btc_price_oi_state,eth_price_oi_state,spot_status,derivatives_status,btc_return_4h_pct,eth_return_4h_pct,ethbtc_return_4h_pct,eth_minus_btc_return_4h_pct,btc_oi_change_4h_pct,eth_oi_change_4h_pct,btc_return_12h_pct,eth_return_12h_pct,ethbtc_return_12h_pct,eth_minus_btc_return_12h_pct,btc_oi_change_12h_pct,eth_oi_change_12h_pct,btc_return_24h_pct,eth_return_24h_pct,ethbtc_return_24h_pct,eth_minus_btc_return_24h_pct,btc_oi_change_24h_pct,eth_oi_change_24h_pct,btc_return_48h_pct,eth_return_48h_pct,ethbtc_return_48h_pct,eth_minus_btc_return_48h_pct,btc_oi_change_48h_pct,eth_oi_change_48h_pct,btc_return_72h_pct,eth_return_72h_pct,ethbtc_return_72h_pct,eth_minus_btc_return_72h_pct,btc_oi_change_72h_pct,eth_oi_change_72h_pct
2026-09-14T00:00:00Z,2026-09-14T02:00:00+02:00,2026-09-14T06:00:00Z,76842.01,77083.34,76388.72,76808,684.93231,52548907.1556,163998,262.57393,20154946.6611,32393960.4944,0.383546447531,-0.0442596439109,0.909322737703,2477.1,2491.63,2464.71,2484.42,11797.132,29233569.9145,146311,5507.6276,13661634.2813,15571935.6333,0.467326923164,0.295506842679,1.0922177457,0.03223,0.03236,0.03223,0.03236,0.403350915296,0.403350915296,0.0323458493907,4.37478365172,2800844.92,28008.4492,0.502977254271,OKX_CONTRACT_OI_HISTORY,6323126.68,632312.668,-1.53200332494,OKX_CONTRACT_OI_HISTORY,1.67,0.625468164794,0.374531835206,OKX_GLOBAL_ACCOUNT_RATIO,1.58,0.612403100775,0.387596899225,OKX_GLOBAL_ACCOUNT_RATIO,4.69356233016e-05,OKX_FUNDING_HISTORY,3.76153177377e-05,OKX_FUNDING_HISTORY,PRICE_DOWN_OI_UP,PRICE_UP_OI_DOWN,PASS,PASS,,,,,,,,,,,,,,,,,,,,,,,,,,,,,,
2026-09-14T01:00:00Z,2026-09-14T03:00:00+02:00,2026-09-14T06:00:00Z,76808.01,77170.76,76636.41,77118.97,548.46579,42144965.2412,148701,248.22034,19076988.5677,23067976.6736,0.452651662149,0.404866680554,0.697253433453,2484.41,2495.97,2473.7,2493.56,5615.9957,13948234.8434,128711,2782.8568,6913291.13414,7034943.70923,0.49563914085,0.367892707352,0.900270849335,0.03235,0.03236,0.03225,0.03234,-0.061804697157,0.341085271318,0.03233393807,1.87478865558,2793810.55,27938.1055,-0.251151713177,OKX_CONTRACT_OI_HISTORY,6322101.14,632210.114,-0.0162188748051,OKX_CONTRACT_OI_HISTORY,1.68,0.626865671642,0.373134328358,OKX_GLOBAL_ACCOUNT_RATIO,1.58,0.612403100775,0.387596899225,OKX_GLOBAL_ACCOUNT_RATIO,,,,,PRICE_UP_OI_DOWN,PRICE_UP_OI_DOWN,PASS,PASS,,,,,,,,,,,,,,,,,,,,,,,,,,,,,,
2026-09-14T02:00:00Z,2026-09-14T04:00:00+02:00,2026-09-14T06:00:00Z,77118.96,77725.5,77016,77600,1091.26668,84551511.8487,162243,693.66459,53739283.8681,30812227.9806,0.635580401735,0.62375055061,0.921237145528,2493.56,2513.57,2490.77,2511.42,12447.9087,31178953.8551,144472,6147.463,15399175.8571,15779777.9979,0.493896489559,0.716245047242,0.915379581415,0.03234,0.03238,0.03228,0.03236,0.0618429189858,0.309789343247,0.0323636597938,-1.1308343487,2796943.67,27969.4367,0.112145041474,OKX_CONTRACT_OI_HISTORY,6366177.87,636617.787,0.69718482865,OKX_CONTRACT_OI_HISTORY,1.64,0.621212121212,0.378787878788,OKX_GLOBAL_ACCOUNT_RATIO,1.46,0.593495934959,0.406504065041,OKX_GLOBAL_ACCOUNT_RATIO,,,,,PRICE_UP_OI_UP,PRICE_UP_OI_UP,PASS,PASS,,,,,,,,,,,,,,,,,,,,,,,,,,,,,,
2026-09-14T03:00:00Z,2026-09-14T05:00:00+02:00,2026-09-14T06:00:00Z,77600,77869.82,77504.01,77596.33,938.65006,72915421.9572,101761,738.90967,57395270.0077,15520151.9496,0.787148568397,-0.00472938144329,0.471988481628,2511.42,2520,2506.69,2512.96,9712.9319,24426821.4242,107445,6107.1712,15362795.4723,9064025.95193,0.628931419504,0.0613198907391,0.530979099929,0.03236,0.0324,0.03234,0.03239,0.0927070457355,0.185528756957,0.0323850367666,1.53256995734,2791934.5,27919.345,-0.179094418444,OKX_CONTRACT_OI_HISTORY,6363168.65,636316.865,-0.0472688646383,OKX_CONTRACT_OI_HISTORY,1.58,0.612403100775,0.387596899225,OKX_GLOBAL_ACCOUNT_RATIO,1.36,0.576271186441,0.423728813559,OKX_GLOBAL_ACCOUNT_RATIO,,,,,PRICE_DOWN_OI_DOWN,PRICE_UP_OI_DOWN,PASS,PASS,,,,,,,,,,,,,,,,,,,,,,,,,,,,,,
2026-09-14T04:00:00Z,2026-09-14T06:00:00+02:00,2026-09-14T06:00:00Z,77596.32,77700.78,77537.8,77681.78,479.27763,37205001.0298,68470,263.03135,20415228.9405,16789772.0893,0.548722708654,0.110121187432,0.210194253641,2512.96,2518.25,2511.15,2514.97,6870.8477,17279353.3027,57222,4121.7666,10365584.629,6913768.67375,0.59988267196,0.0799853559149,0.282738984131,0.03239,0.03242,0.03238,0.03238,-0.0308737264588,0.12353304509,0.0323752880019,1.45543048227,2800185,28001.85,0.295511947003,OKX_CONTRACT_OI_HISTORY,6426095.39,642609.539,0.988921455036,OKX_CONTRACT_OI_HISTORY,1.58,0.612403100775,0.387596899225,OKX_GLOBAL_ACCOUNT_RATIO,1.33,0.570815450644,0.429184549356,OKX_GLOBAL_ACCOUNT_RATIO,,,,,PRICE_UP_OI_UP,PRICE_UP_OI_UP,PASS,PASS,1.13761587335,1.22966326145,0.061804697157,0.0920473880988,-0.0235614615892,1.62844610287,,,,,,,,,,,,,,,,,,,,,,,,
2026-09-14T05:00:00Z,2026-09-14T07:00:00+02:00,2026-09-14T06:00:00Z,77681.79,77691.05,77494.34,77611.79,322.46252,25019736.4353,43345,155.76091,12084270.2362,12935466.199,0.482989509802,-0.090098347386,0.253837893193,2514.98,2516.3,2509.94,2516.28,5219.4826,13116110.3456,41609,1951.9836,4905068.75222,8211041.59338,0.373972818387,0.0520880964783,0.253392511375,0.03238,0.03243,0.03238,0.03242,0.12353304509,0.154416306362,0.0324213627852,-0.420335574739,2806291.68,28062.9168,0.218081305342,OKX_CONTRACT_OI_HISTORY,6461380.95,646138.095,0.549097980321,OKX_CONTRACT_OI_HISTORY,1.56,0.609375,0.390625,OKX_GLOBAL_ACCOUNT_RATIO,1.29,0.563318777293,0.436681222707,OKX_GLOBAL_ACCOUNT_RATIO,,,,,PRICE_DOWN_OI_UP,PRICE_UP_OI_UP,PASS,PASS,0.639038617865,0.911147114968,0.247371675943,0.272108497103,0.446742174411,2.20306203453,,,,,,,,,,,,,,,,,,,,,,,,
2026-09-14T06:00:00Z,2026-09-14T08:00:00+02:00,2026-09-14T13:00:00Z,77611.79,77895.35,77379.41,77593.15,418.88254,32529795.3498,80852,218.11364,16940950.3293,15588845.0206,0.520782567092,-0.0240169695867,0.666766520965,2516.29,2527.12,2508.12,2514.72,15248.0345,38440142.2903,76836,8542.9131,21536113.7367,16904028.5536,0.560250624831,-0.0619962802232,0.757539511666,0.03242,0.03248,0.03241,0.03241,-0.0308451573103,0.215982721382,0.0324090464171,0.294233552842,2797176.23,27971.7623,-0.324821901621,OKX_CONTRACT_OI_HISTORY,6412628.46,641262.846,-0.754521214231,OKX_CONTRACT_OI_HISTORY,1.55,0.607843137255,0.392156862745,OKX_GLOBAL_ACCOUNT_RATIO,1.28,0.561403508772,0.438596491228,OKX_GLOBAL_ACCOUNT_RATIO,,,,,PRICE_DOWN_OI_DOWN,PRICE_DOWN_OI_DOWN,PASS,PASS,-0.00882731958763,0.131399765869,0.154511742892,0.140227085457,0.00831479026533,0.729646436976,,,,,,,,,,,,,,,,,,,,,,,,
2026-09-14T07:00:00Z,2026-09-14T09:00:00+02:00,2026-09-14T13:00:00Z,77593.15,77892.24,77524.41,77892.24,453.51632,35265096.3086,83156,276.77451,21522290.3844,13742805.9241,0.610300059757,0.385459283455,0.474469912122,2514.73,2526.66,2511.5,2523.47,12486.2288,31480139.2889,66621,8700.8296,21935881.7656,9544257.52332,0.696816540875,0.347951262964,0.60362333267,0.0324,0.03246,0.03238,0.03239,-0.0617093489664,0.247066090179,0.0323969371018,-2.14128323301,2806755.75,28067.5575,0.342471092713,OKX_CONTRACT_OI_HISTORY,6450017.1,645001.71,0.583047033416,OKX_CONTRACT_OI_HISTORY,1.54,0.606299212598,0.393700787402,OKX_GLOBAL_ACCOUNT_RATIO,1.27,0.559471365639,0.440528634361,OKX_GLOBAL_ACCOUNT_RATIO,,,,,PRICE_UP_OI_UP,PRICE_UP_OI_UP,PASS,PASS,0.381345354864,0.418231885903,0,0.0368865310394,0.530859516941,1.36486167155,,,,,,,,,,,,,,,,,,,,,,,,
2026-09-14T08:00:00Z,2026-09-14T10:00:00+02:00,2026-09-14T13:00:00Z,77892.24,77999.99,77654,77728.8,526.80639,40986020.5376,112476,223.79305,17412355.7547,23573664.7829,0.424836457073,-0.209828347471,0.445553352049,2523.48,2532.91,2516.06,2518.64,19424.7351,49018862.532,81399,11703.0418,29534019.2133,19484843.3187,0.602503152619,-0.191403107626,0.669697860941,0.0324,0.03247,0.03239,0.03241,0.0617474529176,0.24698981167,0.0324029188666,2.18533811899,2792568.53,27925.6853,-0.505466854392,OKX_CONTRACT_OI_HISTORY,6401321.99,640132.199,-0.754960944212,OKX_CONTRACT_OI_HISTORY,1.52,0.603174603175,0.396825396825,OKX_GLOBAL_ACCOUNT_RATIO,1.27,0.559471365639,0.440528634361,OKX_GLOBAL_ACCOUNT_RATIO,5.66388203263e-05,OKX_FUNDING_HISTORY,3.34154173438e-05,OKX_FUNDING_HISTORY,PRICE_DOWN_OI_DOWN,PRICE_DOWN_OI_DOWN,PASS,PASS,0.0605289940576,0.145926193951,0.0926497838172,0.0853971998931,-0.271998814364,-0.385512484588,,,,,,,,,,,,,,,,,,,,,,,,
2026-09-14T09:00:00Z,2026-09-14T11:00:00+02:00,2026-09-14T13:00:00Z,77728.8,78374.01,77593.8,78141.57,718.66625,56055261.4612,145452,426.67772,33293006.8165,22762254.6446,0.593931879876,0.531038688363,1.00550559452,2518.65,2535,2511.24,2523.94,11832.2762,29844343.2714,107609,6123.0613,15448314.6902,14396028.5812,0.517629573878,0.210431026268,0.946146127013,0.0324,0.03241,0.0323,0.0323,-0.339401419315,0.340557275542,0.032299581388,0.129602922416,2783713.23,27837.1323,-0.317102334459,OKX_CONTRACT_OI_HISTORY,6416122.4,641612.24,0.231208647575,OKX_CONTRACT_OI_HISTORY,1.5,0.6,0.4,OKX_GLOBAL_ACCOUNT_RATIO,1.26,0.557522123894,0.442477876106,OKX_GLOBAL_ACCOUNT_RATIO,,,,,PRICE_UP_OI_DOWN,PRICE_UP_OI_UP,PASS,PASS,0.682602475732,0.304417632378,-0.370141887724,-0.378184843354,-0.804565332995,-0.700447015123,,,,,,,,,,,,,,,,,,,,,,,,
2026-09-14T10:00:00Z,2026-09-14T12:00:00+02:00,2026-09-14T13:00:00Z,78141.57,78167.87,77900,77906.6,344.15342,26846498.2663,88665,156.97418,12244156.4768,14602341.7895,0.456080206639,-0.300697823194,0.343863928113,2523.93,2525.45,2513,2513.17,6248.3239,15736848.4954,69691,2677.9239,6745733.60808,8991114.88734,0.428658483307,-0.426713788759,0.495423796259,0.03231,0.03233,0.03227,0.03227,-0.0928792569659,0.185931205454,0.0322587559976,3.48556603811,2783166.51,27831.6651,-0.0196399540767,OKX_CONTRACT_OI_HISTORY,6449663.58,644966.358,0.522764029564,OKX_CONTRACT_OI_HISTORY,1.48,0.596774193548,0.403225806452,OKX_GLOBAL_ACCOUNT_RATIO,1.27,0.559471365639,0.440528634361,OKX_GLOBAL_ACCOUNT_RATIO,,,,,PRICE_DOWN_OI_DOWN,PRICE_DOWN_OI_UP,PASS,PASS,0.403966071747,-0.0616370808678,-0.431965442765,-0.465603152615,-0.500852246982,0.577534161398,,,,,,,,,,,,,,,,,,,,,,,,
2026-09-14T11:00:00Z,2026-09-14T13:00:00+02:00,2026-09-14T13:00:00Z,77906.61,77924.02,77692.55,77776,354.582,27588099.6104,85831,164.99064,12836656.4461,14751443.1642,0.465296871746,-0.167636631556,0.297930753978,2513.18,2516.55,2505.86,2509.21,6925.0473,17394227.7696,76259,3447.4931,8661284.6452,8732943.12437,0.497940164975,-0.157569921653,0.426600049484,0.03227,0.03232,0.03226,0.03226,-0.0309885342423,0.18598884067,0.0322620088459,-0.622666098096,2790144.31,27901.4431,0.25071442815,OKX_CONTRACT_OI_HISTORY,6442463.99,644246.399,-0.111627372664,OKX_CONTRACT_OI_HISTORY,1.49,0.598393574297,0.401606425703,OKX_GLOBAL_ACCOUNT_RATIO,1.28,0.561403508772,0.438596491228,OKX_GLOBAL_ACCOUNT_RATIO,,,,,PRICE_DOWN_OI_UP,PRICE_DOWN_OI_DOWN,PASS,PASS,-0.149231810512,-0.56509488918,-0.401358443964,-0.415863078669,-0.591837747193,-0.117102170163,,,,,,,,,,,,,,,,,,,,,,,,
2026-09-14T12:00:00Z,2026-09-14T14:00:00+02:00,2026-09-14T13:00:00Z,77776,78082.67,77615.06,77698.01,416.3904,32418611.5367,132100,230.77756,17969448.402,14449163.1347,0.554294201701,-0.100275149146,0.602473282891,2509.21,2518.71,2499.53,2505.67,12822.6832,32176064.3956,127337,5995.4548,15053747.3125,17122317.0831,0.467855457006,-0.141080260321,0.767344260721,0.03226,0.03228,0.03223,0.03225,-0.0309981401116,0.155134967422,0.0322488310833,0.362467922752,2791980.41,27919.8041,0.065806632059,OKX_CONTRACT_OI_HISTORY,6457492.38,645749.238,0.233270842077,OKX_CONTRACT_OI_HISTORY,1.45,0.591836734694,0.408163265306,OKX_GLOBAL_ACCOUNT_RATIO,1.3,0.565217391304,0.434782608696,OKX_GLOBAL_ACCOUNT_RATIO,,,,,PRICE_DOWN_OI_UP,PRICE_DOWN_OI_UP,PASS,PASS,-0.0396120871543,-0.514960454849,-0.493674791731,-0.475348367694,-0.0210601814667,0.877481090433,1.15874648474,0.855330419172,-0.339925834363,-0.303416065569,-0.31649413849,2.12498826609,,,,,,,,,,,,,,,,,,
2026-09-14T13:00:00Z,2026-09-14T15:00:00+02:00,2026-09-14T19:00:00Z,77698.01,78490,77481.98,78168.01,1141.24574,89056536.6891,309443,633.09262,49417928.2792,39638608.4099,0.554905121134,0.604906097338,1.30097346506,2505.68,2517.77,2487.84,2500.64,22367.3815,56017843.5659,193940,10676.4122,26749475.6879,29268367.878,0.477517055015,-0.200744710995,1.20305164319,0.03224,0.03224,0.03198,0.032,-0.77519379845,0.813008130081,0.0319905802898,2.94452620129,2766223.56,27662.2356,-0.92252975371,OKX_CONTRACT_OI_HISTORY,6324444.25,632444.425,-2.06036836237,OKX_CONTRACT_OI_HISTORY,1.4,0.583333333333,0.416666666667,OKX_GLOBAL_ACCOUNT_RATIO,1.35,0.574468085106,0.425531914894,OKX_GLOBAL_ACCOUNT_RATIO,,,,,PRICE_UP_OI_DOWN,PRICE_DOWN_OI_DOWN,PASS,PASS,0.0338360235147,-0.923159821549,-0.928792569659,-0.956995845064,-0.628285622654,-1.42887158761,1.36028787729,0.283931407305,-1.05132962276,-1.07635646998,-0.987432379765,0.0370622036584,,,,,,,,,,,,,,,,,,
2026-09-14T14:00:00Z,2026-09-14T16:00:00+02:00,2026-09-14T19:00:00Z,78168.01,78712.29,78164.01,78521.06,1305.24797,102452583.099,277802,727.61598,57117905.0277,45334678.0709,0.557505758275,0.451655351083,0.7014481473,2500.63,2518,2495,2501.74,25705.1399,64433244.2419,190634,10082.6634,25273664.239,39159580.0029,0.39224571937,0.0439887388828,0.921843687375,0.032,0.03204,0.03186,0.03186,-0.4375,0.564971751412,0.0318607517525,-0.23594937923,2772505.94,27725.0594,0.227110349678,OKX_CONTRACT_OI_HISTORY,6286057.12,628605.712,-0.606964477551,OKX_CONTRACT_OI_HISTORY,1.32,0.568965517241,0.431034482759,OKX_GLOBAL_ACCOUNT_RATIO,1.39,0.581589958159,0.418410041841,OKX_GLOBAL_ACCOUNT_RATIO,,,,,PRICE_UP_OI_UP,PRICE_UP_OI_DOWN,PASS,PASS,0.788713664824,-0.454804092043,-1.27052990394,-1.24351775687,-0.383037448952,-2.53666657137,1.18693298969,-0.385439313217,-1.54511742892,-1.57237230291,-0.873729788058,-1.25853772289,,,,,,,,,,,,,,,,,,
2026-09-14T15:00:00Z,2026-09-14T17:00:00+02:00,2026-09-14T19:00:00Z,78521.05,78684.01,78301.41,78578.02,911.75735,71566976.2736,224966,458.30477,35973128.9075,35593847.3661,0.502649836287,0.0725410482233,0.488624662059,2501.75,2513.32,2496.49,2508.48,14284.4973,35791305.5316,160085,7320.6396,18346299.3536,17445006.178,0.51259095138,0.269412488908,0.674146501688,0.03186,0.03198,0.03186,0.03192,0.188323917137,0.376647834275,0.0319234310053,-1.07476081133,2754056.34,27540.5634,-0.66544852921,OKX_CONTRACT_OI_HISTORY,6287433.87,628743.387,0.0219016463535,OKX_CONTRACT_OI_HISTORY,1.29,0.563318777293,0.436681222707,OKX_GLOBAL_ACCOUNT_RATIO,1.38,0.579831932773,0.420168067227,OKX_GLOBAL_ACCOUNT_RATIO,,,,,PRICE_UP_OI_DOWN,PRICE_UP_OI_UP,PASS,PASS,1.03119214153,-0.0290928220436,-1.05393676379,-1.06028496358,-1.29340872695,-2.40637930209,1.26512426554,-0.178275818159,-1.45106514356,-1.4434000837,-1.35669944979,-1.19020544898,,,,,,,,,,,,,,,,,,
2026-09-14T16:00:00Z,2026-09-14T18:00:00+02:00,2026-09-14T19:00:00Z,78578.02,78904.72,78426.17,78769.42,663.13004,52191987.2356,143413,357.79118,28166465.5974,24025521.6382,0.539670303609,0.243579565889,0.610191725543,2508.49,2537.69,2504.48,2529.05,18083.5717,45647883.8215,161869,9362.6731,23641748.7073,22006135.1142,0.517915546748,0.820018497257,1.32602376541,0.03192,0.03217,0.03192,0.0321,0.563909774436,0.78320802005,0.0321070029461,-2.18112730077,2746686.43,27466.8643,-0.267602005557,OKX_CONTRACT_OI_HISTORY,6327371.06,632737.106,0.635190617122,OKX_CONTRACT_OI_HISTORY,1.28,0.561403508772,0.438596491228,OKX_GLOBAL_ACCOUNT_RATIO,1.33,0.570815450644,0.429184549356,OKX_GLOBAL_ACCOUNT_RATIO,4.62428221831e-05,OKX_FUNDING_HISTORY,3.79744349834e-05,OKX_FUNDING_HISTORY,PRICE_UP_OI_DOWN,PRICE_UP_OI_UP,PASS,PASS,1.37894136542,0.933083766019,-0.46511627907,-0.445857599404,-1.62228860338,-2.01504411222,1.40012239678,0.559847632377,-0.864731315627,-0.840274764406,-1.91053698238,-1.53630352506,,,,,,,,,,,,,,,,,,
2026-09-14T17:00:00Z,2026-09-14T19:00:00+02:00,2026-09-14T19:00:00Z,78769.42,79048.44,78698.37,78937.98,650.24334,51289622.6828,120285,385.03124,30371964.1291,20917658.5537,0.592165871778,0.213991673418,0.444824969056,2529.04,2535.57,2522.84,2533.37,11446.4946,28964446.9843,93849,6341.6246,16050506.7639,12913940.2204,0.55414511358,0.17081512821,0.504590065165,0.03211,0.03214,0.03203,0.03209,-0.0311526479751,0.343428036216,0.0320931698531,-0.987703335872,2734795.06,27347.9506,-0.432935113019,OKX_CONTRACT_OI_HISTORY,6338437.05,633843.705,0.174890802121,OKX_CONTRACT_OI_HISTORY,1.27,0.559471365639,0.440528634361,OKX_GLOBAL_ACCOUNT_RATIO,1.31,0.5670995671,0.4329004329,OKX_GLOBAL_ACCOUNT_RATIO,,,,,PRICE_UP_OI_DOWN,PRICE_UP_OI_UP,PASS,PASS,0.985019319284,1.30886493058,0.28125,0.323845611294,-1.1361518445,0.221249479747,1.70874811675,0.679177198086,-1.01789019124,-1.02957091866,-2.54772590139,-1.9027495972,,,,,,,,,,,,,,,,,,
2026-09-14T18:00:00Z,2026-09-14T20:00:00+02:00,2026-09-14T19:00:00Z,78937.98,79325,78838.57,79226.01,894.11691,70727334.8825,182842,542.81521,42934167.0128,27793167.8697,0.607037817615,0.364881391695,0.616994955642,2533.37,2544.66,2529.78,2538.86,24141.6665,61287138.3088,130602,14044.9517,35653017.9226,25634120.3863,0.581737358056,0.216707389761,0.588193439746,0.03209,0.03212,0.03204,0.03205,-0.124649423496,0.249687890137,0.0320457890029,1.31405630874,2712493.61,27124.9361,-0.815470611535,OKX_CONTRACT_OI_HISTORY,6334216.83,633421.683,-0.0665813980121,OKX_CONTRACT_OI_HISTORY,1.26,0.557522123894,0.442477876106,OKX_GLOBAL_ACCOUNT_RATIO,1.3,0.565217391304,0.434782608696,OKX_GLOBAL_ACCOUNT_RATIO,,,,,PRICE_UP_OI_DOWN,PRICE_UP_OI_DOWN,PASS,PASS,0.89778461982,1.48376729796,0.596359070935,0.58598267814,-2.16455189993,0.766135418127,2.10438679188,0.959947827194,-1.11076828139,-1.14443896468,-3.02743241887,-1.22276895487,,,,,,,,,,,,,,,,,,
2026-09-14T19:00:00Z,2026-09-14T21:00:00+02:00,2026-09-14T23:00:00Z,79226,79227.69,78951.67,78982,499.81096,39535320.266,104300,210.24396,16629861.7915,22905458.4745,0.420633035969,-0.307992286876,0.349606284452,2538.86,2549.61,2534.56,2540,14011.7822,35611283.2646,117351,6640.4525,16878999.2081,18732284.0564,0.473978965676,0.0449020426491,0.593791427309,0.03204,0.03218,0.03204,0.03215,0.312012480499,0.43695380774,0.0321592261528,-2.8688976378,2674494.82,26744.9482,-1.40088035083,OKX_CONTRACT_OI_HISTORY,6407895.45,640789.545,1.16318436797,OKX_CONTRACT_OI_HISTORY,1.24,0.553571428571,0.446428571429,OKX_GLOBAL_ACCOUNT_RATIO,1.25,0.555555555556,0.444444444444,OKX_GLOBAL_ACCOUNT_RATIO,,,,,PRICE_DOWN_OI_DOWN,PRICE_UP_OI_UP,PASS,PASS,0.51411323421,1.2565378237,0.720551378446,0.742424589492,-2.88888498192,1.91591009131,1.3990610618,0.655050386967,-0.740969435011,-0.744010674828,-4.71223511344,-0.653047105875,,,,,,,,,,,,,,,,,,
2026-09-14T20:00:00Z,2026-09-14T22:00:00+02:00,2026-09-14T23:00:00Z,78982.01,79600,78978.56,79100,622.99114,49429303.9183,149936,287.09574,22780011.9997,26649291.9186,0.460860465228,0.149401129371,0.786846455544,2540.01,2615,2540,2570.64,47220.5925,122050592.784,391298,27295.1508,70533151.6226,51517441.1611,0.577900934472,1.2062992126,2.95275590551,0.03217,0.03287,0.03216,0.03249,1.05754276827,2.20771144279,0.0324986093552,-2.64914573803,2654355.73,26543.5573,-0.753005384396,OKX_CONTRACT_OI_HISTORY,6203038.34,620303.834,-3.19694838342,OKX_CONTRACT_OI_HISTORY,1.23,0.551569506726,0.448430493274,OKX_GLOBAL_ACCOUNT_RATIO,1.19,0.543378995434,0.456621004566,OKX_GLOBAL_ACCOUNT_RATIO,,,,,PRICE_UP_OI_DOWN,PRICE_UP_OI_DOWN,PASS,PASS,0.419680632408,1.64449101441,1.21495327103,1.224810382,-3.36153042413,-1.96499808247,1.76408229639,2.06460629546,0.246837395865,0.300523999066,-4.94930736758,-3.09754220003,,,,,,,,,,,,,,,,,,
2026-09-14T21:00:00Z,2026-09-14T23:00:00+02:00,2026-09-14T23:00:00Z,79100,79117.93,78746,78757.83,574.15746,45303873.3855,129250,248.0915,19573743.7057,25730129.6798,0.432054529624,-0.432579013906,0.472316054149,2570.64,2571.64,2537.98,2547.13,20924.5372,53433968.3878,238791,9240.335,23601165.1643,29832803.2235,0.441688421736,-0.914558242305,1.32625158591,0.0325,0.0325,0.03225,0.03234,-0.461680517082,0.77519379845,0.032341292288,-0.399578348964,2647654.26,26476.5426,-0.252470681464,OKX_CONTRACT_OI_HISTORY,6024807.36,602480.736,-2.87328515851,OKX_CONTRACT_OI_HISTORY,1.22,0.54954954955,0.45045045045,OKX_GLOBAL_ACCOUNT_RATIO,1.25,0.555555555556,0.444444444444,OKX_GLOBAL_ACCOUNT_RATIO,,,,,PRICE_DOWN_OI_DOWN,PRICE_DOWN_OI_DOWN,PASS,PASS,-0.228217139582,0.543150033355,0.779058896853,0.771367172937,-3.18637404589,-4.94806034242,0.788645531437,0.918801556297,0.123839009288,0.13015602486,-4.8876791091,-6.09893352409,,,,,,,,,,,,,,,,,,
2026-09-14T22:00:00Z,2026-09-15T00:00:00+02:00,2026-09-14T23:00:00Z,78757.82,78854.01,78511,78557.98,419.77752,33015813.8427,90979,155.48269,12227704.5912,20788109.2516,0.370359023994,-0.253752547524,0.43689419317,2547.14,2556.53,2532.56,2533.27,10323.1487,26253832.8751,118868,4505.3342,11462063.1162,14791769.7589,0.436586275638,-0.544141838069,0.946473133904,0.03235,0.03242,0.03224,0.03225,-0.278293135436,0.558312655087,0.0322471377192,0.887607716509,2641996.26,26419.9626,-0.213698596734,OKX_CONTRACT_OI_HISTORY,6014636.87,601463.687,-0.168810210722,OKX_CONTRACT_OI_HISTORY,1.2,0.545454545455,0.454545454545,OKX_GLOBAL_ACCOUNT_RATIO,1.25,0.555555555556,0.444444444444,OKX_GLOBAL_ACCOUNT_RATIO,,,,,PRICE_DOWN_OI_DOWN,PRICE_DOWN_OI_DOWN,PASS,PASS,-0.843195309217,-0.220177560007,0.624024960998,0.62301774921,-2.59898676775,-5.04529555235,0.83610374474,0.79978672354,-0.0619770684847,-0.0363170212001,-5.07228904533,-6.74495195918,,,,,,,,,,,,,,,,,,
2026-09-14T23:00:00Z,2026-09-15T01:00:00+02:00,2026-09-15T01:00:00Z,78557.99,78568.01,78131.3,78189.21,432.95897,33918747.1198,75251,137.86828,10801471.5001,23117275.6197,0.318451370328,-0.46942398468,0.558943726778,2533.27,2534.7,2513.45,2515.75,10251.9556,25865818.4265,111209,3758.0033,9480765.80367,16385052.6228,0.366536470926,-0.691596237274,0.845451471086,0.03225,0.03226,0.03214,0.03218,-0.217054263566,0.373366521469,0.0321751556257,1.50562575773,2629319.39,26293.1939,-0.479821648196,OKX_CONTRACT_OI_HISTORY,5960611.27,596061.127,-0.898235440771,OKX_CONTRACT_OI_HISTORY,1.21,0.547511312217,0.452488687783,OKX_GLOBAL_ACCOUNT_RATIO,1.29,0.563318777293,0.436681222707,OKX_GLOBAL_ACCOUNT_RATIO,,,,,PRICE_DOWN_OI_DOWN,PRICE_DOWN_OI_DOWN,PASS,PASS,-1.00376035046,-0.954724409449,0.0933125972006,0.0490359410108,-1.68912011578,-6.98020408557,0.531282143592,0.260639802966,-0.247985120893,-0.270642340626,-5.7640359111,-7.47932345059,,,,,,,,,,,,,,,,,,
2026-09-15T00:00:00Z,2026-09-15T02:00:00+02:00,2026-09-15T01:00:00Z,78189.2,78250.46,77941.18,77952.93,446.37902,34843055.6485,78396,202.00291,15765461.4772,19077594.1714,0.452470691325,-0.302190033638,0.396812057503,2515.72,2517.46,2506.8,2515.93,11955.0141,30047749.7465,87384,6922.7237,17401965.3327,12645784.4139,0.57914371224,0.00715492397894,0.42524333812,0.03217,0.03229,0.03213,0.03228,0.310752019888,0.497976968565,0.0322749895354,1.5524295191,2633304.73,26333.0473,0.151573065454,OKX_CONTRACT_OI_HISTORY,6015566.51,601556.651,0.921973225743,OKX_CONTRACT_OI_HISTORY,1.24,0.553571428571,0.446428571429,OKX_GLOBAL_ACCOUNT_RATIO,1.39,0.581589958159,0.418410041841,OKX_GLOBAL_ACCOUNT_RATIO,2.67491342115e-05,OKX_FUNDING_HISTORY,5.80420581764e-05,OKX_FUNDING_HISTORY,PRICE_DOWN_OI_UP,PRICE_UP_OI_UP,PASS,PASS,-1.4501517067,-2.12826377867,-0.646352723915,-0.67811207197,-0.793073805522,-3.02225812133,0.328090770922,0.409471319048,0.093023255814,0.0813805481265,-5.68326623753,-6.84361426997,1.49063899594,1.26830407097,-0.247218788628,-0.222334924968,-5.9817731715,-4.86405200409,,,,,,,,,,,,
2026-09-15T01:00:00Z,2026-09-15T03:00:00+02:00,2026-09-15T07:00:00Z,77952.92,78080,77750,77917.86,504.32377,39295679.7549,91692,242.48701,18891414.1623,20404265.5926,0.480750410226,-0.044988687404,0.424437299035,2515.93,2520,2508.19,2515.36,11749.6357,29542445.9214,81591,4105.8225,10323965.6441,19218480.2773,0.349462115343,-0.0226556382729,0.470857470925,0.03227,0.0323,0.03223,0.03229,0.0309789343246,0.21718895439,0.0322822007689,2.41595397875,2633115.25,26331.1525,-0.00719552119587,OKX_CONTRACT_OI_HISTORY,6026104.73,602610.473,0.175182503302,OKX_CONTRACT_OI_HISTORY,1.3,0.565217391304,0.434782608696,OKX_GLOBAL_ACCOUNT_RATIO,1.46,0.593495934959,0.406504065041,OKX_GLOBAL_ACCOUNT_RATIO,,,,,PRICE_DOWN_OI_DOWN,PRICE_DOWN_OI_UP,PASS,PASS,-1.06652252862,-1.24728616129,-0.154607297464,-0.18076363267,-0.54912796658,0.021533800543,-0.320015822329,0.588649305778,0.90625,0.908665128107,-4.81191440651,-4.71724483934,1.03591891852,0.874252073341,-0.154607297464,-0.161666845182,-5.75183238534,-4.68193095057,,,,,,,,,,,,
2026-09-15T02:00:00Z,2026-09-15T04:00:00+02:00,2026-09-15T07:00:00Z,77917.86,78018.04,77776.25,77913.72,261.07651,20339171.4112,60434,134.7326,10495716.6897,9843454.72146,0.516034624889,-0.00531328760826,0.310878963694,2515.36,2519.92,2509.48,2512.57,6552.6444,16481130.8312,64490,2190.4914,5509817.21414,10971313.6171,0.334310628959,-0.110918516634,0.416022442897,0.03229,0.03233,0.03225,0.03226,-0.0929080210592,0.248062015504,0.0322481072653,3.68788610865,2643954.9,26439.549,0.411666371231,OKX_CONTRACT_OI_HISTORY,6053842.12,605384.212,0.460287221062,OKX_CONTRACT_OI_HISTORY,1.32,0.568965517241,0.431034482759,OKX_GLOBAL_ACCOUNT_RATIO,1.49,0.598393574297,0.401606425703,OKX_GLOBAL_ACCOUNT_RATIO,,,,,PRICE_DOWN_OI_UP,PRICE_DOWN_OI_UP,PASS,PASS,-0.820107645334,-0.8171256913,0.031007751938,0.00298195403389,0.0741348513491,0.651830706448,-0.773474020855,0.432898702503,1.25549278092,1.20637272336,-4.63663713557,-3.69412806099,0.404278350515,0.0457908275,-0.309023485785,-0.358487523015,-5.46985524381,-4.9061737887,,,,,,,,,,,,
2026-09-15T03:00:00Z,2026-09-15T05:00:00+02:00,2026-09-15T07:00:00Z,77913.73,77913.73,77658,77676.99,370.47729,28811166.2768,53406,218.58387,16998115.4518,11813050.825,0.589983594851,-0.303836089459,0.32930284066,2512.58,2512.58,2496,2498.62,13858.8186,34673409.9557,79696,5528.217,13826678.9697,20846730.986,0.398768941023,-0.555208412104,0.664262820513,0.03226,0.03226,0.03213,0.03217,-0.278983261004,0.404606286959,0.0321667974004,0.995622783777,2649953.8,26499.538,0.226891162175,OKX_CONTRACT_OI_HISTORY,6060241.78,606024.178,0.105712370312,OKX_CONTRACT_OI_HISTORY,1.34,0.57264957265,0.42735042735,OKX_GLOBAL_ACCOUNT_RATIO,1.53,0.604743083004,0.395256916996,OKX_GLOBAL_ACCOUNT_RATIO,,,,,PRICE_DOWN_OI_UP,PRICE_DOWN_OI_UP,PASS,PASS,-0.655103178559,-0.680910265328,-0.0310752019888,-0.0258070867697,0.784781418282,1.67148142174,-1.14666925942,-0.393066717694,0.78320802005,0.753602541725,-3.77997132767,-3.61343108647,0.103948215077,-0.570641792945,-0.679221982093,-0.674590008022,-5.08538792726,-4.76062928177,,,,,,,,,,,,
2026-09-15T04:00:00Z,2026-09-15T06:00:00+02:00,2026-09-15T07:00:00Z,77676.99,77744.31,77542,77567.12,784.69084,60924082.4869,89282,229.55433,17820828.7455,43103253.7414,0.292508775152,-0.1414447187,0.26090376828,2498.63,2500.56,2490,2490.72,11625.2287,29006374.1392,57240,4226.144,10544238.6445,18462135.4947,0.363514536284,-0.31617452834,0.424096385542,0.03217,0.0322,0.03211,0.03211,-0.186509170034,0.280286515104,0.0321105128049,-0.159700006422,2664444.87,26644.4487,0.546842363818,OKX_CONTRACT_OI_HISTORY,6080029.49,608002.949,0.326516840719,OKX_CONTRACT_OI_HISTORY,1.36,0.576271186441,0.423728813559,OKX_GLOBAL_ACCOUNT_RATIO,1.55,0.607843137255,0.392156862745,OKX_GLOBAL_ACCOUNT_RATIO,,,,,PRICE_DOWN_OI_UP,PRICE_DOWN_OI_UP,PASS,PASS,-0.494926874461,-1.0020151594,-0.526641883519,-0.507088284943,1.18254980691,1.07160281401,-1.52635375505,-1.51558885748,0.0311526479751,0.0107648975725,-2.99421000889,-3.90907325735,-0.147602179044,-0.964226213434,-0.833848054355,-0.81662403439,-4.84754150172,-5.38532155216,,,,,,,,,,,,
2026-09-15T05:00:00Z,2026-09-15T07:00:00+02:00,2026-09-15T07:00:00Z,77567.11,77666.66,77300.01,77630,461.79794,35781172.5411,98120,251.3956,19480395.054,16300777.4871,0.544431433364,0.0810652761118,0.474320766582,2490.71,2498,2479.2,2496.53,14518.9822,36108666.9202,90368,5721.4898,14236752.857,21871914.0633,0.394275227286,0.233265882958,0.758309131978,0.03212,0.03218,0.03206,0.03215,0.124571784491,0.374298190892,0.0321593456138,-2.9060335746,2672406.65,26724.0665,0.29881571541,OKX_CONTRACT_OI_HISTORY,6065622.22,606562.222,-0.236960528295,OKX_CONTRACT_OI_HISTORY,1.44,0.590163934426,0.409836065574,OKX_GLOBAL_ACCOUNT_RATIO,1.66,0.624060150376,0.375939849624,OKX_GLOBAL_ACCOUNT_RATIO,,,,,PRICE_UP_OI_UP,PRICE_UP_OI_DOWN,PASS,PASS,-0.369440331138,-0.748600597926,-0.433570764943,-0.379160266788,1.4922020599,0.655771709431,-1.65697171374,-1.45418947884,0.186974135245,0.202782234906,-2.2812828249,-4.30413409249,0.0234629300523,-0.784888804108,-0.832819247378,-0.80835173416,-4.77088789288,-6.12498679559,,,,,,,,,,,,
2026-09-15T06:00:00Z,2026-09-15T08:00:00+02:00,2026-09-15T07:00:00Z,77630,77727.83,77191.02,77286.7,361.46093,27988261.4253,65051,166.22866,12875907.7614,15112353.6639,0.460046716218,-0.442225943579,0.695430634289,2496.53,2501.02,2481.72,2486.05,14085.3476,35076576.0329,61988,7085.5123,17645850.2049,17430725.828,0.503066496239,-0.41978265833,0.777686443273,0.03215,0.03218,0.03212,0.03216,0.0311041990669,0.186799501868,0.0321665952874,-2.05035296957,2694740.77,26947.4077,0.835730595117,OKX_CONTRACT_OI_HISTORY,6132919.86,613291.986,1.10949277022,OKX_CONTRACT_OI_HISTORY,1.47,0.595141700405,0.404858299595,OKX_GLOBAL_ACCOUNT_RATIO,1.67,0.625468164794,0.374531835206,OKX_GLOBAL_ACCOUNT_RATIO,,,,,PRICE_DOWN_OI_UP,PRICE_DOWN_OI_UP,PASS,PASS,-0.804761985437,-1.05549298129,-0.309981401116,-0.250730995853,1.92082966317,1.30624054002,-2.44781985108,-2.08006743184,0.343213728549,0.367752419242,-0.654484122453,-3.17792989098,-0.394944656841,-1.14008716676,-0.77136686208,-0.745142509921,-3.66210247683,-4.36184010573,,,,,,,,,,,,
2026-09-15T07:00:00Z,2026-09-15T09:00:00+02:00,2026-09-15T13:00:00Z,77286.71,77310.71,76889.22,76930.01,884.1463,68176453.7713,99094,487.62694,37608126.2438,30568327.5275,0.551629252673,-0.461515370691,0.548178275186,2486.06,2486.06,2471,2474.3,15695.478,38893734.621,100714,6277.6667,15558735.3274,23334999.2936,0.400031919768,-0.472637316225,0.609469850263,0.03216,0.0322,0.0321,0.03215,-0.0310945273632,0.311526479751,0.0321630011487,-4.04226852039,2715706.45,27157.0645,0.778022147192,OKX_CONTRACT_OI_HISTORY,6233402,623340.2,1.6384062126,OKX_CONTRACT_OI_HISTORY,1.49,0.598393574297,0.401606425703,OKX_GLOBAL_ACCOUNT_RATIO,1.72,0.632352941176,0.367647058824,OKX_GLOBAL_ACCOUNT_RATIO,,,,,PRICE_DOWN_OI_UP,PRICE_DOWN_OI_UP,PASS,PASS,-0.961649003135,-0.97333728218,-0.0621697233447,-0.0116882790451,2.48127533393,2.85731537265,-2.59804765643,-2.58661417323,0,0.0114334831997,1.5409126872,-2.7231007647,-1.23533486776,-1.94850741241,-0.740969435011,-0.713172544651,-3.24393385495,-3.35836473984,,,,,,,,,,,,
2026-09-15T08:00:00Z,2026-09-15T10:00:00+02:00,2026-09-15T13:00:00Z,76930,77007.84,76703.59,77000.01,754.54393,57978632.0555,99409,409.70261,31483979.5427,26494652.5128,0.54302729172,0.0909917989092,0.396656792726,2474.29,2477.58,2465.6,2477.36,12572.331,31073032.6386,95827,5829.134,14407513.9136,16665518.7249,0.463666166132,0.123671341389,0.485885788449,0.03215,0.0322,0.03211,0.03217,0.0622083981338,0.280286515104,0.0321735023151,-1.08857130171,2778288.19,27782.8819,2.30443684368,OKX_CONTRACT_OI_HISTORY,6380218.3,638021.83,2.35531576497,OKX_CONTRACT_OI_HISTORY,1.6,0.615384615385,0.384615384615,OKX_GLOBAL_ACCOUNT_RATIO,1.88,0.652777777778,0.347222222222,OKX_GLOBAL_ACCOUNT_RATIO,3.32459151794e-05,OKX_FUNDING_HISTORY,-4.328449742e-07,OKX_FUNDING_HISTORY,PRICE_UP_OI_UP,PRICE_UP_OI_UP,PASS,PASS,-0.7311216402,-0.536391083703,0.186857676736,0.194730556497,4.27268438847,4.93729200646,-2.65485461441,-3.62866834718,-0.984918436442,-0.97381373277,4.66902226402,2.85634152634,-0.937606138265,-1.63897976686,-0.740512187596,-0.701373628593,-0.511369366466,-0.329677057848,,,,,,,,,,,,
2026-09-15T09:00:00Z,2026-09-15T11:00:00+02:00,2026-09-15T13:00:00Z,77000.01,77059.87,76869.99,76984.05,483.47069,37207941.8324,66613,296.24379,22798226.3934,14409715.439,0.612724737532,-0.0207272700354,0.247014472098,2477.37,2480.5,2473.2,2474.33,5861.634,14513027.753,52341,2813.9372,6967100.32903,7545927.42394,0.480058361882,-0.122307617787,0.295164159793,0.03217,0.03219,0.03214,0.03214,-0.0932545850171,0.155569383945,0.0321408135841,-0.253131150655,2805594.94,28055.9494,0.982862400606,OKX_CONTRACT_OI_HISTORY,6391314.86,639131.486,0.173921321783,OKX_CONTRACT_OI_HISTORY,1.66,0.624060150376,0.375939849624,OKX_GLOBAL_ACCOUNT_RATIO,1.95,0.661016949153,0.338983050847,OKX_GLOBAL_ACCOUNT_RATIO,,,,,PRICE_DOWN_OI_UP,PRICE_DOWN_OI_UP,PASS,PASS,-0.832088110267,-0.889234257149,-0.0311041990669,-0.0571461468823,4.98383320517,5.3694844187,-2.25219511508,-2.85811874541,-0.618429189858,-0.605923630335,5.96530605926,6.08330653746,-1.48131141977,-1.96557762863,-0.495356037152,-0.484266208855,0.786061932105,-0.386643808416,,,,,,,,,,,,
2026-09-15T10:00:00Z,2026-09-15T12:00:00+02:00,2026-09-15T13:00:00Z,76984.05,77176.07,76872.9,77053.8,603.90345,46491399.5948,96658,341.8292,26317759.8089,20173639.7859,0.566078028157,0.0906031833867,0.394378252934,2474.34,2486.33,2472,2483.68,9287.6093,23017204.1896,72911,5359.0157,13284469.1548,9732735.03475,0.577153899554,0.377880072585,0.579692556634,0.03214,0.03224,0.03214,0.03223,0.280024891101,0.31113876789,0.0322330631325,-0.950307608064,2814180.39,28141.8039,0.306011743805,OKX_CONTRACT_OI_HISTORY,6421621.45,642162.145,0.474183961577,OKX_CONTRACT_OI_HISTORY,1.71,0.630996309963,0.369003690037,OKX_GLOBAL_ACCOUNT_RATIO,1.99,0.665551839465,0.334448160535,OKX_GLOBAL_ACCOUNT_RATIO,,,,,PRICE_UP_OI_UP,PRICE_UP_OI_UP,PASS,PASS,-0.301345509641,-0.0953319522938,0.217661691542,0.206013557348,4.43232318781,4.70740848715,-1.91473864272,-1.95754893872,-0.062015503876,-0.0428102960038,6.51719809777,6.76656943381,-1.09464409947,-1.1734184317,-0.123954136969,-0.0787743322288,1.11433792727,-0.434784382971,,,,,,,,,,,,
2026-09-15T11:00:00Z,2026-09-15T13:00:00+02:00,2026-09-15T13:00:00Z,77053.8,77223.32,76843.75,76940.01,463.92838,35722065.4413,82474,254.92966,19631539.4066,16090526.0347,0.549563390696,-0.147676039339,0.493950386336,2483.68,2488.18,2472.56,2476.41,7929.0839,19653177.6112,67827,2768.0651,6861404.18666,12791773.4245,0.349124417557,-0.292710816208,0.631733911412,0.03224,0.03225,0.03217,0.0322,-0.093080980453,0.248678893379,0.0321862448419,4.27361382001,2806151.42,28061.5142,-0.285304027721,OKX_CONTRACT_OI_HISTORY,6391190.03,639119.003,-0.473889970577,OKX_CONTRACT_OI_HISTORY,1.73,0.6336996337,0.3663003663,OKX_GLOBAL_ACCOUNT_RATIO,1.98,0.664429530201,0.335570469799,OKX_GLOBAL_ACCOUNT_RATIO,,,,,PRICE_DOWN_OI_DOWN,PRICE_DOWN_OI_DOWN,PASS,PASS,0.0129988284156,0.0852766438993,0.155520995334,0.0722778154837,3.33043985663,2.5313308848,-1.59766290003,-1.56374838517,0.0621504039776,0.033914514861,6.72539177525,7.22373495764,-1.07486885415,-1.30718433292,-0.18598884067,-0.232315478772,0.573701867055,-0.795874995647,,,,,,,,,,,,
2026-09-15T12:00:00Z,2026-09-15T14:00:00+02:00,2026-09-15T13:00:00Z,76940.01,77143.15,76858.66,76957.65,512.54782,39444602.3729,96607,293.71817,22603002.8013,16841599.5716,0.57303157952,0.0229269530898,0.370146968474,2476.41,2485.99,2475.02,2479.19,11176.7508,27707956.9644,91078,4374.9363,10844537.7636,16863419.2008,0.391387130331,0.112259278552,0.443228741586,0.03219,0.03225,0.03218,0.03223,0.0931677018634,0.217526413922,0.0322149909723,4.65901967982,2859942.2,28599.422,1.91688800599,OKX_CONTRACT_OI_HISTORY,6400196.62,640019.662,0.140921955969,OKX_CONTRACT_OI_HISTORY,1.75,0.636363636364,0.363636363636,OKX_GLOBAL_ACCOUNT_RATIO,2.02,0.668874172185,0.331125827815,OKX_GLOBAL_ACCOUNT_RATIO,,,,,PRICE_UP_OI_UP,PRICE_UP_OI_UP,PASS,PASS,-0.0550129798684,0.0738689572771,0.186509170034,0.128881937146,2.93900432266,0.313129097793,-1.27677048188,-1.46029500026,-0.154894671623,-0.183524518379,8.60657968742,6.39391334732,-0.952868677074,-1.05680317041,-0.062015503876,-0.103934493335,2.43417861231,-0.887275688895,,,,,,,,,,,,
2026-09-15T13:00:00Z,2026-09-15T15:00:00+02:00,2026-09-15T18:00:00Z,76956.75,77126.01,76123.42,76618.77,2183.38695,167023488.242,327735,939.97624,71916599.569,95106888.6733,0.430577760804,-0.440346086451,1.31705853468,2479.18,2486.45,2433,2454.04,42103.599,103358529.391,271769,13974.3171,34302657.206,69055872.1847,0.331880275466,-1.0144442338,2.19687628442,0.03223,0.03224,0.03195,0.03203,-0.620539869687,0.907668231612,0.0320292273029,0.241247493931,2899302.44,28993.0244,1.37625998176,OKX_CONTRACT_OI_HISTORY,6441833.17,644183.317,0.6505511076,OKX_CONTRACT_OI_HISTORY,1.78,0.640287769784,0.359712230216,OKX_GLOBAL_ACCOUNT_RATIO,1.96,0.662162162162,0.337837837838,OKX_GLOBAL_ACCOUNT_RATIO,,,,,PRICE_DOWN_OI_UP,PRICE_DOWN_OI_UP,PASS,PASS,-0.474487897168,-0.820019965001,-0.34225264468,-0.345532067832,3.34002241963,0.79042123736,-1.66725574855,-2.4378220215,-0.805202849179,-0.770566272946,10.1092115129,6.89879214894,-1.98193608869,-1.86352293813,0.09375,0.118413150561,4.81085050118,1.85611439298,,,,,,,,,,,,
2026-09-15T14:00:00Z,2026-09-15T16:00:00+02:00,2026-09-15T18:00:00Z,76618.77,76696,75605,75942.01,2651.31183,201647625.162,363740,1166.16902,88745311.6167,112902313.545,0.440100951081,-0.883282255771,1.44302625488,2454.05,2458,2389.72,2408.39,50330.9911,121821022.953,370883,19734.4467,47763617.6449,74057405.3077,0.392080254189,-1.86019787779,2.85723850493,0.03202,0.03207,0.0316,0.03171,-0.999063378083,1.48734177215,0.0317135403711,-1.11635947666,2910825.73,29108.2573,0.39745042949,OKX_CONTRACT_OI_HISTORY,6335026.88,633502.688,-1.65801080502,OKX_CONTRACT_OI_HISTORY,1.73,0.6336996337,0.3663003663,OKX_GLOBAL_ACCOUNT_RATIO,2.07,0.674267100977,0.325732899023,OKX_GLOBAL_ACCOUNT_RATIO,,,,,PRICE_DOWN_OI_UP,PRICE_DOWN_OI_DOWN,PASS,PASS,-1.44287497826,-3.03138890678,-1.61340366119,-1.58851392852,3.43422690114,-1.34848450153,-2.53063260232,-4.14635214143,-1.70489770614,-1.61571953911,10.0936226257,4.64473229441,-3.28453283743,-3.73140294355,-0.470809792844,-0.446870106119,4.98898083515,0.779021874367,,,,,,,,,,,,
2026-09-15T15:00:00Z,2026-09-15T17:00:00+02:00,2026-09-15T18:00:00Z,75942.01,76603.59,75832,76512,1349.39662,102903397.791,205536,843.46483,64334892.7054,38568505.0857,0.62519697198,0.750559538785,1.01749920878,2408.38,2432.27,2398,2424.46,22902.8433,55430161.8575,241818,11043.3588,26725507.6974,28704654.1601,0.482147386943,0.667250735969,1.42910758966,0.03171,0.03181,0.03162,0.03169,-0.0630715862504,0.600885515497,0.0316873170222,0.846704008317,2891632.14,28916.3214,-0.659386434653,OKX_CONTRACT_OI_HISTORY,6441123.07,644112.307,1.67475516694,OKX_CONTRACT_OI_HISTORY,1.83,0.646643109541,0.353356890459,OKX_GLOBAL_ACCOUNT_RATIO,2.16,0.683544303797,0.316455696203,OKX_GLOBAL_ACCOUNT_RATIO,,,,,PRICE_UP_OI_DOWN,PRICE_UP_OI_UP,PASS,PASS,-0.556290543763,-2.09779479165,-1.58385093168,-1.54150424789,3.04619057228,0.781279226022,-1.49978777499,-2.96803835717,-1.49207336027,-1.46825058218,9.12009635791,6.28491904823,-2.62925942904,-3.34943870392,-0.720551378446,-0.72017927488,4.99538800285,2.44438674311,,,,,,,,,,,,
2026-09-15T16:00:00Z,2026-09-15T18:00:00+02:00,2026-09-15T18:00:00Z,76512.01,76576.47,76274,76388,598.21425,45720606.0554,91207,352.46518,26936903.7697,18783702.2857,0.589163313738,-0.162066081138,0.396557149225,2424.47,2425.85,2412.87,2422.34,11143.1108,26980694.3473,119710,4871.0446,11795544.6727,15185149.6746,0.437184622489,-0.0874421520669,0.537948584051,0.03168,0.03172,0.03164,0.03171,0.0631113916062,0.252844500632,0.031711001728,-0.315892896952,2875194.97,28751.9497,-0.568439179127,OKX_CONTRACT_OI_HISTORY,6432972.17,643297.217,-0.126544702087,OKX_CONTRACT_OI_HISTORY,1.81,0.644128113879,0.355871886121,OKX_GLOBAL_ACCOUNT_RATIO,2.12,0.679487179487,0.320512820513,OKX_GLOBAL_ACCOUNT_RATIO,8.25809944941e-05,OKX_FUNDING_HISTORY,-6.8499187956e-06,OKX_FUNDING_HISTORY,PRICE_DOWN_OI_DOWN,PRICE_DOWN_OI_DOWN,PASS,PASS,-0.740212311577,-2.2930876617,-1.61340366119,-1.55287535012,0.533324414738,0.512102236009,-1.52012863182,-2.74539089099,-1.24571784491,-1.22526225916,7.90971892017,5.80495013356,-3.02327984642,-4.21937091003,-1.21495327103,-1.19609106361,4.6786753157,1.66895712293,,,,,,,,,,,,
2026-09-15T17:00:00Z,2026-09-15T19:00:00+02:00,2026-09-15T18:00:00Z,76388.01,77343.44,76194.21,76962,1073.22598,82402510.3024,180086,636.97951,48926351.824,33476158.4785,0.593748317186,0.751426925695,1.50829045934,2422.34,2449,2413.01,2441.21,19208.1756,46744994.8212,163157,10706.2328,26066937.746,20678057.0752,0.557641258614,0.778998819323,1.49149817033,0.03172,0.03172,0.03163,0.03172,0.0315357931252,0.284539993677,0.031719679842,0.100933553442,2800874.29,28008.7429,-2.58489183431,OKX_CONTRACT_OI_HISTORY,6441445.75,644144.575,0.131721073496,OKX_CONTRACT_OI_HISTORY,1.83,0.646643109541,0.353356890459,OKX_GLOBAL_ACCOUNT_RATIO,2.18,0.685534591195,0.314465408805,OKX_GLOBAL_ACCOUNT_RATIO,,,,,PRICE_UP_OI_DOWN,PRICE_UP_OI_UP,PASS,PASS,0.447971169467,-0.522811364118,-0.967842647518,-0.970782533585,-3.39489073793,-0.00601412656578,-0.860492077805,-2.21587563538,-1.33748055988,-1.35538355758,4.8071890556,6.19596005766,-2.50320568122,-3.63784208386,-1.15300716734,-1.13463640264,2.41624065242,1.62514353598,,,,,,,,,,,,
2026-09-15T18:00:00Z,2026-09-15T20:00:00+02:00,2026-09-15T22:00:00Z,76962,77205.39,74967.97,76000,3667.98364,278417454.88,527139,1580.27954,120057188.04,158360266.84,0.431212863761,-1.24996751644,2.98450124767,2441.2,2446.88,2358.88,2403.14,78043.2442,187115504.42,605229,36063.7748,86488985.1384,100626519.282,0.46222244066,-1.55947255664,3.73058400597,0.03172,0.03174,0.03134,0.03162,-0.31525851198,1.27632418634,0.0316202631579,-0.083224448012,2748631.43,27486.3143,-1.86523401591,OKX_CONTRACT_OI_HISTORY,6234074.22,623407.422,-3.21933208861,OKX_CONTRACT_OI_HISTORY,1.77,0.638989169675,0.361010830325,OKX_GLOBAL_ACCOUNT_RATIO,2.12,0.679487179487,0.320512820513,OKX_GLOBAL_ACCOUNT_RATIO,,,,,PRICE_DOWN_OI_DOWN,PRICE_DOWN_OI_DOWN,PASS,PASS,0.0763608969528,-0.217987950457,-0.283822138127,-0.294348847409,-5.57210616659,-1.59356324625,-1.6648401342,-3.33500935219,-1.67910447761,-1.67016921798,1.99984579593,1.64936706021,-4.07190769799,-5.34570634064,-1.34165366615,-1.27379864265,1.33227300027,-1.58097855959,,,,,,,,,,,,
2026-09-15T19:00:00Z,2026-09-15T21:00:00+02:00,2026-09-15T22:00:00Z,76000,76305.99,75813.75,76186.48,1145.76186,87113128.3493,240022,650.82691,49483586.2933,37629542.056,0.568038219164,0.245368421053,0.649275362319,2403.14,2420.13,2398,2416.65,26279.876,63281789.3872,234548,10762.989,25916631.5539,37365157.8333,0.409543279431,0.562181146334,0.922852376981,0.03162,0.03172,0.03161,0.03172,0.316255534472,0.347991142044,0.0317201949742,-0.0614669066701,2765963.14,27659.6314,0.630557804543,OKX_CONTRACT_OI_HISTORY,6202271.19,620227.119,-0.510148401794,OKX_CONTRACT_OI_HISTORY,1.75,0.636363636364,0.363636363636,OKX_GLOBAL_ACCOUNT_RATIO,2.12,0.679487179487,0.320512820513,OKX_GLOBAL_ACCOUNT_RATIO,,,,,PRICE_UP_OI_UP,PRICE_UP_OI_DOWN,PASS,PASS,-0.425449602677,-0.32213358851,0.0946670874093,0.103316014166,-4.34595390823,-3.70823344631,-0.966501889185,-2.32995190559,-1.33748055988,-1.3634500164,1.85059360889,-0.499419257734,-3.53943936593,-4.8562992126,-1.33748055988,-1.31685984667,3.42002232781,-3.20892033281,,,,,,,,,,,,
2026-09-15T20:00:00Z,2026-09-15T22:00:00+02:00,2026-09-15T22:00:00Z,76186.48,76245.98,75613.2,75935.24,526.79495,39994943.0559,105342,240.19943,18229512.2966,21765430.7592,0.455795430717,-0.329769796426,0.836864462819,2416.66,2418.63,2395.65,2407.96,13352.1263,32107549.1639,84769,6060.6066,14574906.6804,17532642.4835,0.453940181045,-0.359588686819,0.959238619999,0.03172,0.03173,0.03164,0.0317,-0.063051702396,0.284450063211,0.0317107050692,-3.37585341949,2769364.37,27693.6437,0.122967293049,OKX_CONTRACT_OI_HISTORY,6181628.32,618162.832,-0.332827594403,OKX_CONTRACT_OI_HISTORY,1.77,0.638989169675,0.361010830325,OKX_GLOBAL_ACCOUNT_RATIO,2.11,0.67845659164,0.32154340836,OKX_GLOBAL_ACCOUNT_RATIO,,,,,PRICE_DOWN_OI_UP,PRICE_DOWN_OI_DOWN,PASS,PASS,-0.592710897,-0.593640859665,-0.0315357931252,-0.000929962665097,-3.68081473097,-3.907118566,-1.38281800223,-2.80136919947,-1.4609884986,-1.41855119724,-0.321198500289,-3.11258911,-4.0009608091,-6.32838514922,-2.43151738997,-2.32742434012,4.33282693424,-0.345153758956,,,,,,,,,,,,
2026-09-15T21:00:00Z,2026-09-15T23:00:00+02:00,2026-09-15T22:00:00Z,75935.24,75956.58,75392.35,75453.85,478.08145,36191376.2086,90779,202.99473,15368563.9706,20822812.2379,0.424647128147,-0.633948085237,0.748391580843,2407.97,2407.97,2390.41,2390.83,10490.4767,25167264.7984,85641,4151.2622,9959584.91778,15207679.8806,0.395735690691,-0.71139055466,0.73460201388,0.0317,0.03174,0.03166,0.03168,-0.0630914826498,0.252684775742,0.0316859908408,-1.89069068064,2780428.09,27804.2809,0.399503948265,OKX_CONTRACT_OI_HISTORY,6143393.85,614339.385,-0.618517775912,OKX_CONTRACT_OI_HISTORY,1.77,0.638989169675,0.361010830325,OKX_GLOBAL_ACCOUNT_RATIO,2.08,0.675324675325,0.324675324675,OKX_GLOBAL_ACCOUNT_RATIO,,,,,PRICE_DOWN_OI_UP,PRICE_DOWN_OI_DOWN,PASS,PASS,-1.95960344066,-2.06373069093,-0.126103404792,-0.104127250269,-0.729993490711,-4.6270963316,-1.98768446191,-3.3746509156,-1.4312383323,-1.38696645369,-0.897023645188,-3.8790298308,-4.19511304463,-6.1363181306,-2.04081632653,-1.94120508597,5.01477220821,1.96830343136,,,,,,,,,,,,
2026-09-15T22:00:00Z,2026-09-16T00:00:00+02:00,2026-09-16T01:00:00Z,75453.85,75747.98,75140.64,75668,703.17506,53057309.7276,121587,278.16855,20995732.3599,32061577.3677,0.395717997533,0.283815868905,0.808270996893,2390.83,2402.32,2381.78,2396.95,12787.8648,30609274.6889,135824,6627.3108,15866365.4253,14742909.2636,0.518351564568,0.255978049464,0.86238023663,0.03168,0.03175,0.03167,0.03167,-0.0315656565657,0.252604988949,0.0316771951155,-2.27138655374,2797555.63,27975.5563,0.616003703228,OKX_CONTRACT_OI_HISTORY,6165494.3,616549.43,0.359743336332,OKX_CONTRACT_OI_HISTORY,1.79,0.641577060932,0.358422939068,OKX_GLOBAL_ACCOUNT_RATIO,2.08,0.675324675325,0.324675324675,OKX_GLOBAL_ACCOUNT_RATIO,,,,,PRICE_UP_OI_UP,PRICE_UP_OI_UP,PASS,PASS,-0.436842105263,-0.257579666603,0.158127767236,0.17926243866,1.77994763016,-1.10008186588,-1.79848365687,-3.49199574824,-1.73751163512,-1.69351209137,-0.59074962142,-3.98851212259,-3.67878603803,-5.38118716126,-1.7984496124,-1.70240112323,5.88794815326,2.50817186907,,,,,,,,,,,,
2026-09-15T23:00:00Z,2026-09-16T01:00:00+02:00,2026-09-16T01:00:00Z,75667.99,75942.13,75562.01,75644.48,412.63788,31256714.0124,89531,224.44206,17000493.7115,14256220.3008,0.543898942954,-0.0310831527198,0.503057025614,2396.94,2412.75,2396.58,2398.26,9109.893,21900260.0332,96108,4677.4104,11246991.2086,10653268.8245,0.513555144624,0.054652787918,0.674711463836,0.03168,0.03178,0.03168,0.03171,0.126302494474,0.315656565657,0.0317043623011,1.77820920167,2784693,27846.93,-0.459781026767,OKX_CONTRACT_OI_HISTORY,6170004.27,617000.427,0.0731485551774,OKX_CONTRACT_OI_HISTORY,1.78,0.640287769784,0.359712230216,OKX_GLOBAL_ACCOUNT_RATIO,2.1,0.677419354839,0.322580645161,OKX_GLOBAL_ACCOUNT_RATIO,,,,,PRICE_DOWN_OI_DOWN,PRICE_UP_OI_UP,PASS,PASS,-0.711412313576,-0.760970765316,-0.031525851198,-0.0495584517398,0.67715508313,-0.520243617403,-1.68381834107,-3.15577792046,-1.52173913043,-1.47195957939,-0.764692163333,-3.46079147955,-3.25457950016,-4.67017787936,-1.46053449347,-1.4155983792,5.90927106805,3.51294507417,,,,,,,,,,,,
2026-09-16T00:00:00Z,2026-09-16T02:00:00+02:00,2026-09-16T01:00:00Z,75644.48,75915.49,75578.61,75772.1,340.54755,25804267.1407,77679,223.55155,16939034.1289,8865233.01184,0.656443139288,0.168710261476,0.445734580194,2398.26,2406,2397.44,2399.15,5792.053,13914667.4697,58369,3067.1927,7369105.88768,6545561.58203,0.529592669298,0.0371102382561,0.357047517352,0.03171,0.03175,0.03167,0.03168,-0.0946073793756,0.252604988949,0.0316627096253,5.46080070025,2795410.95,27954.1095,0.38488802895,OKX_CONTRACT_OI_HISTORY,6240982.12,624098.212,1.15036954423,OKX_CONTRACT_OI_HISTORY,1.79,0.641577060932,0.358422939068,OKX_GLOBAL_ACCOUNT_RATIO,2.13,0.680511182109,0.319488817891,OKX_GLOBAL_ACCOUNT_RATIO,5.79570681267e-05,OKX_FUNDING_HISTORY,-9.978293787e-07,OKX_FUNDING_HISTORY,PRICE_UP_OI_UP,PRICE_UP_OI_UP,PASS,PASS,-0.214840961851,-0.365869864948,-0.0630914826498,-0.151028903097,0.94052556905,0.960164489475,-1.54052261211,-3.22847381604,-1.70648464164,-1.68795120393,-2.25638301361,-2.48765013722,-2.79762415601,-4.64162357458,-1.85873605948,-1.84399941857,6.15599927168,3.74720501594,-1.3486876367,-3.43218940437,-2.10135970334,-2.08350176766,-0.194011812693,-1.29911298883,,,,,,
2026-09-16T01:00:00Z,2026-09-16T03:00:00+02:00,2026-09-16T07:00:00Z,75772.1,75964.01,75457.52,75489.14,471.46585,35677186.6395,94477,204.47996,15476667.2394,20200519.4001,0.433797300101,-0.373435604926,0.671225346394,2399.14,2407.59,2390.55,2391,7096.7056,17022152.1277,89675,2919.7846,7004961.19593,10017190.9317,0.411520302686,-0.339703645041,0.712806676288,0.03166,0.03171,0.03164,0.03167,-0.0315656565657,0.221238938053,0.0316734301119,-1.08296194061,2787821.69,27878.2169,-0.271489957496,OKX_CONTRACT_OI_HISTORY,6233773.2,623377.32,-0.115509383962,OKX_CONTRACT_OI_HISTORY,1.78,0.640287769784,0.359712230216,OKX_GLOBAL_ACCOUNT_RATIO,2.11,0.67845659164,0.32154340836,OKX_GLOBAL_ACCOUNT_RATIO,,,,,PRICE_DOWN_OI_DOWN,PRICE_DOWN_OI_DOWN,PASS,PASS,0.0467703105938,0.00711050137401,-0.0315656565657,-0.0396598092198,0.265915886355,1.47116320729,-1.47435151987,-2.56882528402,-1.12394630034,-1.09447376415,-3.84508868278,-3.22982549391,-3.11702605795,-4.94402391705,-1.92009910189,-1.8269978591,5.87541468229,3.44614770743,-2.11339700206,-4.11299507531,-2.07173778602,-1.99959807325,-0.214361707525,-1.39712949926,,,,,,
2026-09-16T02:00:00Z,2026-09-16T04:00:00+02:00,2026-09-16T07:00:00Z,75489.14,76111,75483.32,75886.35,431.22778,32706218.4931,99095,216.33294,16404681.5014,16301536.9917,0.501576833312,0.526181646791,0.831547949931,2391,2411.31,2388.21,2403,7862.2532,18875883.2646,72096,3649.9751,8766548.87705,10109334.3876,0.46443118736,0.501882057716,0.967251623601,0.03166,0.03169,0.03162,0.03166,-0.0315756236186,0.22137887413,0.0316657738842,-1.82338327091,2793054.39,27930.5439,0.187698518121,OKX_CONTRACT_OI_HISTORY,6228298.29,622829.829,-0.0878265831038,OKX_CONTRACT_OI_HISTORY,1.78,0.640287769784,0.359712230216,OKX_GLOBAL_ACCOUNT_RATIO,2.1,0.677419354839,0.322580645161,OKX_GLOBAL_ACCOUNT_RATIO,,,,,PRICE_UP_OI_UP,PRICE_UP_OI_DOWN,PASS,PASS,0.288563197124,0.252404096873,-0.0315756236186,-0.0361591002512,-0.160899034562,1.01863673769,-0.0732927664148,-0.223800962469,-0.157678965626,-0.150508196054,-4.0459770156,-1.68473776073,-2.60207059809,-4.3608735279,-1.8598884067,-1.75880292981,5.63925995863,2.88174297482,-2.20831185567,-4.31707958048,-2.16316440049,-2.10876772481,-0.13905464174,-2.16581413237,,,,,,
2026-09-16T03:00:00Z,2026-09-16T05:00:00+02:00,2026-09-16T07:00:00Z,75886.36,76076.01,75768.25,75824.01,369.27253,28032995.6235,80438,191.98436,14573339.513,13459656.1105,0.51986379582,-0.0821491612128,0.406185968397,2403.01,2411.53,2400.15,2401.96,6759.9141,16256593.3922,74662,2840.742,6832327.56428,9424265.82797,0.420280399431,-0.0432792342905,0.474137033102,0.03167,0.03171,0.03166,0.03169,0.0947567909034,0.157927984839,0.031678092467,3.75891730087,2796966.29,27969.6629,0.140058139004,OKX_CONTRACT_OI_HISTORY,6278862.4,627886.24,0.811844706943,OKX_CONTRACT_OI_HISTORY,1.8,0.642857142857,0.357142857143,OKX_GLOBAL_ACCOUNT_RATIO,2.12,0.679487179487,0.320512820513,OKX_GLOBAL_ACCOUNT_RATIO,,,,,PRICE_DOWN_OI_UP,PRICE_DOWN_OI_UP,PASS,PASS,0.237333907246,0.154278518593,-0.0630715862504,-0.0830553886535,0.440741223539,1.76431206911,-0.899192283563,-0.928041708257,0,-0.0288494246933,-3.27378606326,-2.51913630956,-2.38549408261,-3.86853543156,-1.49207336027,-1.48304134895,5.54773785113,3.6074570609,-2.28402554605,-4.41710174456,-2.16116085211,-2.1330761985,0.180225932951,-1.32490987804,,,,,,
2026-09-16T04:00:00Z,2026-09-16T06:00:00+02:00,2026-09-16T07:00:00Z,75824,76022.67,75805.7,75864.02,321.09965,24372258.4378,64857,175.5108,13320238.3048,11052020.133,0.546532785986,0.0527669269932,0.286218582508,2401.96,2410.45,2401.96,2403.89,5893.2703,14175780.2787,58321,2757.9488,6633704.81719,7542075.46152,0.467960471083,0.0803510466452,0.353461339906,0.03169,0.03171,0.03167,0.0317,0.0315556958031,0.126302494474,0.0316868259815,4.15756960593,2819681.22,28196.8122,0.812127413949,OKX_CONTRACT_OI_HISTORY,6277739.08,627773.908,-0.0178905019483,OKX_CONTRACT_OI_HISTORY,1.81,0.644128113879,0.355871886121,OKX_GLOBAL_ACCOUNT_RATIO,2.14,0.68152866242,0.31847133758,OKX_GLOBAL_ACCOUNT_RATIO,,,,,PRICE_UP_OI_UP,PRICE_UP_OI_DOWN,PASS,PASS,0.121311142228,0.197569972699,0.0631313131313,0.0762588304708,0.868218320458,0.588961148955,-0.685945436456,-0.761660212852,-0.0315357931252,-0.0757147763961,-1.93078210623,-2.41308505459,-2.1956468153,-3.48614055374,-1.27686079103,-1.29049373844,5.82621737638,3.25178669487,-2.3400081718,-4.41675248611,-2.10006176652,-2.07674431431,0.696247569357,-2.308654027,,,,,,
2026-09-16T05:00:00Z,2026-09-16T07:00:00+02:00,2026-09-16T07:00:00Z,75864.02,75981.36,75677.64,75962.01,372.63126,28271952.7863,66794,214.97869,16310732.0828,11961220.7035,0.576922726424,0.129165314467,0.401333868234,2403.88,2407.42,2393.61,2407.37,6006.6483,14429495.1601,59273,2670.9906,6418086.06226,8011409.09785,0.44478937004,0.14476535948,0.576952803506,0.0317,0.0317,0.03164,0.03168,-0.0630914826498,0.189633375474,0.031691762764,-3.71161558049,2820192.17,28201.9217,0.0181208427526,OKX_CONTRACT_OI_HISTORY,6294659.97,629465.997,0.269537962384,OKX_CONTRACT_OI_HISTORY,1.84,0.647887323944,0.352112676056,OKX_GLOBAL_ACCOUNT_RATIO,2.16,0.683544303797,0.316455696203,OKX_GLOBAL_ACCOUNT_RATIO,,,,,PRICE_UP_OI_UP,PRICE_UP_OI_UP,PASS,PASS,0.626407983983,0.684650773735,0.0315756236186,0.058242789752,1.16113882448,0.976724177261,-1.29932953925,-1.38619782813,-0.126103404792,-0.0868682888731,0.689708926565,-2.27877072472,-2.14864098931,-3.57135704358,-1.46189735614,-1.42271605427,5.5300535942,3.77599760903,-2.12568219339,-4.32821466609,-2.28254164096,-2.20253247271,0.495333043926,-2.58026854151,,,,,,
2026-09-16T06:00:00Z,2026-09-16T08:00:00+02:00,2026-09-16T07:00:00Z,75962.01,76038.83,75830,76030.01,399.86157,30371169.3465,61433,190.23273,14450087.1338,15921082.2126,0.475783035187,0.0895184316476,0.275392324937,2407.37,2409,2393.78,2406.77,5148.7045,12365235.0433,48786,2173.0812,5220106.89333,7145128.14997,0.422159940757,-0.0249234641954,0.635814485876,0.03169,0.03169,0.03157,0.03166,-0.0631313131313,0.380107697181,0.031655526548,1.4131661937,2826626.53,28266.2653,0.228153246734,OKX_CONTRACT_OI_HISTORY,6345868.76,634586.876,0.813527501788,OKX_CONTRACT_OI_HISTORY,1.83,0.646643109541,0.353356890459,OKX_GLOBAL_ACCOUNT_RATIO,2.18,0.685534591195,0.314465408805,OKX_GLOBAL_ACCOUNT_RATIO,,,,,PRICE_UP_OI_UP,PRICE_DOWN_OI_UP,PASS,PASS,0.189309408082,0.156887224303,0,-0.032422183779,1.20198661795,1.88768206861,0.0394868421053,0.151052373145,0.126502213789,0.11156553104,2.83759761854,1.79328214671,-1.62601068489,-3.18899458981,-1.55472636816,-1.56298390492,4.89419099114,3.47222701195,-2.01453349941,-4.29272443851,-2.31410058624,-2.27819093909,1.05285822481,-1.04106608416,,,,,,
2026-09-16T07:00:00Z,2026-09-16T09:00:00+02:00,2026-09-16T13:00:00Z,76030.01,76097.54,75739.36,75766.63,721.95197,54771237.0604,90906,308.80691,23427754.5542,31343482.5062,0.427738276723,-0.346415842902,0.472911310579,2406.77,2411.25,2396.72,2396.96,12461.5974,29914208.121,68191,6144.5787,14750462.766,15163745.355,0.493092202418,-0.407600227691,0.606245201776,0.03166,0.03168,0.03162,0.03164,-0.0631711939356,0.189753320683,0.031636090981,1.23562011882,2826170.23,28261.7023,-0.0161429178972,OKX_CONTRACT_OI_HISTORY,6340863.47,634086.347,-0.0788747796291,OKX_CONTRACT_OI_HISTORY,1.83,0.646643109541,0.353356890459,OKX_GLOBAL_ACCOUNT_RATIO,2.18,0.685534591195,0.314465408805,OKX_GLOBAL_ACCOUNT_RATIO,,,,,PRICE_DOWN_OI_DOWN,PRICE_DOWN_OI_DOWN,PASS,PASS,-0.0756752379622,-0.208163333278,-0.157778479015,-0.132488095316,1.0441291375,0.9874570591,-0.551082029252,-0.814764239753,-0.252206809584,-0.263682210501,2.17671338888,2.23454079569,-1.51225770021,-3.12573253041,-1.58631415241,-1.6134748302,4.06758911664,1.7239618109,-2.72891112131,-5.01333481278,-2.31552948441,-2.28442369146,0.691705361252,-1.69229985452,,,,,,
2026-09-16T08:00:00Z,2026-09-16T10:00:00+02:00,2026-09-16T13:00:00Z,75766.62,75766.62,75350,75736.01,690.76243,52177994.1451,99326,287.55075,21719758.4651,30458235.68,0.416262810041,-0.0404135699318,0.552913072329,2396.96,2403.52,2382.7,2402.97,19731.1776,47176703.1478,97804,7833.5096,18727248.6527,28449454.495,0.396959672957,0.2507342634,0.873798631804,0.03164,0.03175,0.03157,0.03173,0.284450063211,0.570161545771,0.0317282360135,0.555967407001,2843269.23,28432.6923,0.605023710833,OKX_CONTRACT_OI_HISTORY,6431503.99,643150.399,1.42946651397,OKX_CONTRACT_OI_HISTORY,1.81,0.644128113879,0.355871886121,OKX_GLOBAL_ACCOUNT_RATIO,2.17,0.684542586751,0.315457413249,OKX_GLOBAL_ACCOUNT_RATIO,2.38063433416e-05,OKX_FUNDING_HISTORY,3.390412665e-07,OKX_FUNDING_HISTORY,PRICE_DOWN_OI_UP,PRICE_UP_OI_UP,PASS,PASS,-0.168736114959,-0.0382713019315,0.0946372239748,0.130464813028,0.836548820934,2.44936764718,-0.262368302253,-0.207229355969,0.0946372239748,0.055138946284,2.66865786245,4.04223057526,-1.64155822837,-3.00279329609,-1.36773391358,-1.36123506772,2.33888767313,0.803823436574,-2.56377301592,-4.59255788838,-2.09811786486,-2.02878487246,1.81555795159,0.47149635727,,,,,,
2026-09-16T09:00:00Z,2026-09-16T11:00:00+02:00,2026-09-16T13:00:00Z,75736.01,75994,75730,75993,455.32651,34540652.3,69199,215.73746,16366333.8906,18174318.4094,0.473828164807,0.339323394512,0.348606892909,2402.97,2407.05,2399.12,2405.93,6227.1651,14966781.3589,40956,3137.8329,7542204.48962,7424576.86931,0.503929623127,0.123180896973,0.330537863883,0.03172,0.03173,0.03165,0.03166,-0.220611408761,0.252764612954,0.0316598897267,0.034830606046,2835189.52,28351.8952,-0.284169712623,OKX_CONTRACT_OI_HISTORY,6413670.53,641367.053,-0.277282887917,OKX_CONTRACT_OI_HISTORY,1.82,0.645390070922,0.354609929078,OKX_GLOBAL_ACCOUNT_RATIO,2.12,0.679487179487,0.320512820513,OKX_GLOBAL_ACCOUNT_RATIO,,,,,PRICE_UP_OI_DOWN,PRICE_UP_OI_DOWN,PASS,PASS,0.0407967087759,-0.0598163140689,-0.0631313131313,-0.100613022845,0.531784683311,1.89065907558,0.714542730424,0.631579827926,-0.0631313131313,-0.0829629024981,1.96953232479,4.39946854457,-1.28734458631,-2.76438470212,-1.49346608587,-1.47704011581,1.05484150895,0.349782016529,-2.74958642372,-4.67562620348,-1.98142414861,-1.92603977976,1.8491951486,-0.0382142023974,,,,,,
2026-09-16T10:00:00Z,2026-09-16T12:00:00+02:00,2026-09-16T13:00:00Z,75993.01,76046.05,75900,75990.2,314.78271,23918650.9633,49634,165.96013,12610620.7493,11308030.214,0.527229598719,-0.00368454989276,0.192424242424,2405.93,2407.21,2398.53,2406.55,6063.9353,14573203.4951,38016,2500.4602,6009840.37944,8563363.11566,0.412389793463,0.0257696607965,0.361888323265,0.03166,0.03167,0.03159,0.03166,0,0.253244697689,0.0316692152409,-2.90984188984,2838750.1,28387.501,0.125585255408,OKX_CONTRACT_OI_HISTORY,6389281.75,638928.175,-0.380262439206,OKX_CONTRACT_OI_HISTORY,1.77,0.638989169675,0.361010830325,OKX_GLOBAL_ACCOUNT_RATIO,2.1,0.677419354839,0.322580645161,OKX_GLOBAL_ACCOUNT_RATIO,,,,,PRICE_DOWN_OI_UP,PRICE_UP_OI_DOWN,PASS,PASS,-0.0523609032802,-0.00914088176268,0,0.0432200215175,0.428905972237,0.684114211023,0.425807474758,0.400508980162,-0.0315756236186,-0.0252984945958,1.47251656261,3.62967572608,-1.38033425996,-3.10547252464,-1.76853862861,-1.72513826468,0.873068055172,-0.503606452853,-2.4598686119,-4.24245076935,-1.89030058878,-1.78258215745,1.99713491091,-0.936201233615,,,,,,
2026-09-16T11:00:00Z,2026-09-16T13:00:00+02:00,2026-09-16T13:00:00Z,75990.2,76304.01,75874,76250,523.67545,39857261.221,100391,286.56468,21814711.6567,18042549.5643,0.547320889304,0.341886190588,0.56674223054,2406.55,2430,2402.99,2422.61,13762.9134,33249874.6085,80142,7965.1994,19234581.9994,14015292.6091,0.578485850725,0.667345369928,1.12401632966,0.03166,0.03184,0.03166,0.03177,0.347441566646,0.56854074542,0.0317719344262,-0.608847482675,2836237.26,28362.3726,-0.0885192395061,OKX_CONTRACT_OI_HISTORY,6358216.18,635821.618,-0.486213806427,OKX_CONTRACT_OI_HISTORY,1.8,0.642857142857,0.357142857143,OKX_GLOBAL_ACCOUNT_RATIO,2.15,0.68253968254,0.31746031746,OKX_GLOBAL_ACCOUNT_RATIO,,,,,PRICE_UP_OI_DOWN,PRICE_UP_OI_DOWN,PASS,PASS,0.63797215212,1.07010546692,0.410872313527,0.432133314804,0.356207488606,0.273664778971,0.800481409879,1.01531943993,0.189214758751,0.214838030048,1.85098536894,3.05043403155,-0.896815583985,-2.17249970724,-1.33540372671,-1.27568412325,1.07213886555,-0.515926609054,-1.96204484674,-3.45128546435,-1.51890886547,-1.48924061761,1.65199161329,-1.30769547382,,,,,,
2026-09-16T12:00:00Z,2026-09-16T14:00:00+02:00,2026-09-16T13:00:00Z,76250,76300,75794.02,75967.99,566.86511,43117393.8004,100453,248.28867,18888869.9123,24228523.8881,0.438080047225,-0.369849180328,0.667572454925,2422.6,2423.68,2402.99,2406.77,12388.9182,29876510.7078,85293,5971.1587,14400675.5895,15475835.1183,0.482006608146,-0.653840279698,0.861010657556,0.03178,0.03178,0.03167,0.03168,-0.28328611898,0.347331859804,0.0316813700086,-0.432433510471,2828359.98,28283.5998,-0.27773699017,OKX_CONTRACT_OI_HISTORY,6299417.15,629941.715,-0.924772425715,OKX_CONTRACT_OI_HISTORY,1.77,0.638989169675,0.361010830325,OKX_GLOBAL_ACCOUNT_RATIO,2.14,0.68152866242,0.31847133758,OKX_GLOBAL_ACCOUNT_RATIO,,,,,PRICE_DOWN_OI_DOWN,PRICE_DOWN_OI_DOWN,PASS,PASS,0.306300794034,0.158137638006,-0.157579577687,-0.148163156028,-0.524369969706,-2.05374730709,0.258525235542,0.317612487756,0,0.0590872522142,1.17868286951,0.936311447084,-1.28598001628,-2.92111536429,-1.70648464164,-1.63513534801,-1.10429574416,-1.57463084314,-2.22659499259,-3.94704809492,-1.76744186047,-1.72045310233,1.30300233733,-2.44793521537,,,,,,
2026-09-16T13:00:00Z,2026-09-16T15:00:00+02:00,2026-09-16T18:00:00Z,75967.98,75967.98,75585.09,75646.01,738.01439,55910038.2216,182099,363.50976,27539198.3005,28370839.9211,0.492562680628,-0.42383640794,0.506568160467,2406.76,2406.77,2390,2394.01,13701.1189,32868854.2506,158175,6038.3292,14484574.749,18384279.5016,0.440677811236,-0.530171142236,0.701673640167,0.03169,0.03172,0.03162,0.03164,-0.126262626263,0.316255534472,0.031647538317,-2.38195997511,2842087.23,28420.8723,0.485343099785,OKX_CONTRACT_OI_HISTORY,6255301.37,625530.137,-0.700315266469,OKX_CONTRACT_OI_HISTORY,1.79,0.641577060932,0.358422939068,OKX_GLOBAL_ACCOUNT_RATIO,2.16,0.683544303797,0.316455696203,OKX_GLOBAL_ACCOUNT_RATIO,,,,,PRICE_DOWN_OI_UP,PRICE_DOWN_OI_DOWN,PASS,PASS,-0.456607845459,-0.495442510796,-0.0631711939356,-0.0388346653368,0.243289203467,-2.46924377015,0.207804725289,0.125888749477,-0.0947268708557,-0.0819159758118,1.94652119232,0.345347341158,-1.26961056671,-2.44617039657,-1.21760849204,-1.17655982986,-1.97341295653,-2.89563226922,-3.22638378539,-4.26410838825,-1.125,-1.03772460287,2.74249959754,-1.09326412356,,,,,,
2026-09-16T14:00:00Z,2026-09-16T16:00:00+02:00,2026-09-16T18:00:00Z,75646.01,75830.48,75423.04,75697.82,705.96798,53398367.0941,172175,355.78017,26911349.7997,26487017.2944,0.503973272297,0.0684900631243,0.540206281794,2394.01,2398.87,2378.78,2390.43,17295.218,41324548.0893,161041,8358.6188,19971550.7421,21352997.3472,0.483285399732,-0.149539893317,0.844550567938,0.03164,0.03165,0.0315,0.03158,-0.189633375474,0.47619047619,0.0315785844295,0.448269139863,2843515.27,28435.1527,0.0502461706638,OKX_CONTRACT_OI_HISTORY,6299684.22,629968.422,0.709523768317,OKX_CONTRACT_OI_HISTORY,1.8,0.642857142857,0.357142857143,OKX_GLOBAL_ACCOUNT_RATIO,2.15,0.68253968254,0.31746031746,OKX_GLOBAL_ACCOUNT_RATIO,,,,,PRICE_UP_OI_UP,PRICE_DOWN_OI_UP,PASS,PASS,-0.384760140123,-0.669838565581,-0.252684775742,-0.285078425458,0.167861552871,-1.40230989187,-0.248437301306,-0.523096129838,-0.252684775742,-0.274658828531,1.806655831,1.14615464251,-0.32154798115,-0.745726398133,-0.409965310628,-0.424178416983,-2.31241806427,-0.557892818286,-3.59551946955,-4.44930328491,-0.878844946642,-0.85378381536,2.56119667682,0.216782948991,,,,,,
2026-09-16T15:00:00Z,2026-09-16T17:00:00+02:00,2026-09-16T18:00:00Z,75697.83,75950,75552.79,75788.41,560.83704,42479587.3589,135469,341.56346,25872003.3125,16607584.0464,0.60904554213,0.119673195344,0.525738361217,2390.43,2402.17,2384,2392.76,10794.45,25828983.0843,142726,5965.3526,14274358.385,11554624.6994,0.552648872716,0.0974720029451,0.76216442953,0.03158,0.03163,0.03154,0.03158,0,0.285351934052,0.0315715819873,2.66632591651,2823430.84,28234.3084,-0.706323972018,OKX_CONTRACT_OI_HISTORY,6292840.12,629284.012,-0.108641953485,OKX_CONTRACT_OI_HISTORY,1.8,0.642857142857,0.357142857143,OKX_GLOBAL_ACCOUNT_RATIO,2.18,0.685534591195,0.314465408805,OKX_GLOBAL_ACCOUNT_RATIO,,,,,PRICE_UP_OI_DOWN,PRICE_UP_OI_DOWN,PASS,PASS,-0.605363934426,-1.23214219375,-0.598048473403,-0.626778259323,-0.451528515636,-1.02821385982,-0.0469508273171,-0.383020533231,-0.347112653834,-0.336069705914,0.946187663921,0.222615485251,-0.945720932664,-1.30750765119,-0.347112653834,-0.361786718524,-2.35857455921,-2.30212881183,-3.55011490491,-4.61315218778,-1.06516290727,-1.06303728287,2.51899349307,0.0859849997913,,,,,,
2026-09-16T16:00:00Z,2026-09-16T18:00:00+02:00,2026-09-16T18:00:00Z,75788.41,75883.75,75650,75768,367.73923,27867711.854,102100,184.50683,13982310.2342,13885401.6198,0.501738725714,-0.0269302390695,0.308988764045,2392.76,2399.51,2387.07,2392.05,7038.5583,16846472.7048,119439,4088.0812,9784215.04877,7062257.65603,0.580787160625,-0.02967284642,0.521140980365,0.03157,0.03163,0.03155,0.03158,0,0.253565768621,0.0315707158695,2.94074120524,2819094.6,28190.946,-0.153580528291,OKX_CONTRACT_OI_HISTORY,6272949.12,627294.912,-0.316089390811,OKX_CONTRACT_OI_HISTORY,1.79,0.641577060932,0.358422939068,OKX_GLOBAL_ACCOUNT_RATIO,2.18,0.685534591195,0.314465408805,OKX_GLOBAL_ACCOUNT_RATIO,3.99717187267e-05,OKX_FUNDING_HISTORY,2.26156973371e-05,OKX_FUNDING_HISTORY,PRICE_DOWN_OI_DOWN,PRICE_DOWN_OI_DOWN,PASS,PASS,-0.263255615951,-0.611608088849,-0.315656565657,-0.348352472898,-0.327588428118,-0.420166332373,-0.126568563069,-0.492535016161,-0.378548895899,-0.365966453093,-0.0208044794511,-0.0763007181241,-0.811645808242,-1.25044378576,-0.409965310628,-0.438797977519,-1.95118489652,-2.48754457149,-3.81038733051,-5.41705383444,-1.6199376947,-1.60666650393,2.63620081306,-0.860103500868,,,,,,
2026-09-16T17:00:00Z,2026-09-16T19:00:00+02:00,2026-09-16T18:00:00Z,75768,75937.45,75353.07,75768.01,638.52702,48282809.6377,126916,331.2522,25054098.689,23228710.9487,0.518903081179,1.31981839235e-05,0.775522483689,2392.06,2396.69,2371.62,2390.77,16435.5645,39153343.8529,154516,8264.1363,19686379.8457,19466964.0072,0.50280200638,-0.0535105871533,1.05708334387,0.03157,0.03159,0.03145,0.03155,-0.0949968334389,0.445151033386,0.0315538180295,-1.21000556306,2790584.78,27905.8478,-1.01131122028,OKX_CONTRACT_OI_HISTORY,6172536.52,617253.652,-1.60072396698,OKX_CONTRACT_OI_HISTORY,1.77,0.638989169675,0.361010830325,OKX_GLOBAL_ACCOUNT_RATIO,2.16,0.683544303797,0.316455696203,OKX_GLOBAL_ACCOUNT_RATIO,,,,,PRICE_UP_OI_DOWN,PRICE_DOWN_OI_DOWN,PASS,PASS,0.161277508225,-0.135337780544,-0.284450063211,-0.296615288769,-1.81213473874,-1.32311530819,-0.255390819701,-0.689549176072,-0.410353535354,-0.434158356371,-1.04983590533,-1.9401119454,-1.55140199059,-2.0661884885,-0.535939470366,-0.514786497903,-0.367367790719,-4.17467196708,-4.01577288905,-5.62886589799,-1.6827672172,-1.61309300895,2.03999637179,-2.61737284273,,,,,,
2026-09-16T18:00:00Z,2026-09-16T20:00:00+02:00,2026-09-16T22:00:00Z,75770.45,76560.76,75064.82,75632,3097.10326,235005140.368,657230,1671.37514,126873635.859,108131504.509,0.539876002968,-0.179508475939,1.99286430048,2390.77,2430.64,2369.11,2398.05,77411.6843,185899483.288,759112,37991.6715,91245736.2626,94653747.0259,0.490833727176,0.30450440653,2.59717784316,0.03156,0.03177,0.03144,0.0317,0.475435816165,1.04961832061,0.0317068172202,-2.15008027356,2768009.9,27680.099,-0.808965925773,OKX_CONTRACT_OI_HISTORY,6162832.8,616283.28,-0.157207980359,OKX_CONTRACT_OI_HISTORY,1.76,0.63768115942,0.36231884058,OKX_GLOBAL_ACCOUNT_RATIO,2.13,0.680511182109,0.319488817891,OKX_GLOBAL_ACCOUNT_RATIO,,,,,PRICE_DOWN_OI_DOWN,PRICE_UP_OI_DOWN,PASS,PASS,-0.08695098485,0.31877109976,0.379987333756,0.40572208461,-2.65535306937,-2.17235364855,-0.523490658491,-0.362311313503,0.126342387871,0.161179344988,-2.07373097853,-2.88433257797,-0.484210526316,-0.211806220195,0.253004427577,0.272404306121,0.705022499142,-1.14277465243,-4.53640161861,-5.54619002229,-1.09204368175,-1.00978840368,2.04668832381,-2.70568618978,,,,,,
2026-09-16T19:00:00Z,2026-09-16T21:00:00+02:00,2026-09-16T22:00:00Z,75632.01,76180,75250,76080,958.02578,72641601.6801,288947,546.45122,41447546.7651,31194054.915,0.570575893241,0.592341865877,1.23588039867,2398.07,2418.99,2377.27,2408.6,25441.5034,61057191.7335,316075,13178.4084,31631844.7983,29425346.9352,0.518069107017,0.439940785221,1.75495421218,0.03172,0.03175,0.03159,0.03166,-0.1261829653,0.506489395378,0.0316587802313,0.385286058291,2826386.69,28263.8669,2.10898053508,OKX_CONTRACT_OI_HISTORY,6223985.82,622398.582,0.992287507784,OKX_CONTRACT_OI_HISTORY,1.73,0.6336996337,0.3663003663,OKX_GLOBAL_ACCOUNT_RATIO,2.09,0.676375404531,0.323624595469,OKX_GLOBAL_ACCOUNT_RATIO,,,,,PRICE_UP_OI_UP,PRICE_UP_OI_UP,PASS,PASS,0.384742205306,0.661997024357,0.25332488917,0.277254819051,0.104690008982,-1.09416890763,0.413598968306,0.485615112476,0.063211125158,0.0720161441701,0.00765912816227,-1.84324501786,-0.139762330534,-0.333105745557,-0.189155107188,-0.193343415023,2.18453923432,0.350107715945,-3.67425489352,-5.17322834646,-1.52410575428,-1.49897345294,5.67927329169,-2.87004729455,,,,,,
2026-09-16T20:00:00Z,2026-09-16T22:00:00+02:00,2026-09-16T22:00:00Z,76080,76422.01,76024,76178.34,511.84627,39014982.5113,105247,289.77247,22089200.5342,16925781.9771,0.566172252616,0.129258675079,0.523532042513,2408.58,2419.9,2404.75,2411.04,10187.2402,24572826.9103,86516,4946.9471,11932539.8536,12640287.0567,0.485598986927,0.101303661878,0.630003118827,0.03166,0.03168,0.03163,0.03164,-0.0631711939356,0.158077774265,0.03164994144,-3.14106111885,2825761.89,28257.6189,-0.022105963144,OKX_CONTRACT_OI_HISTORY,6209894.6,620989.46,-0.226401865421,OKX_CONTRACT_OI_HISTORY,1.72,0.632352941176,0.367647058824,OKX_GLOBAL_ACCOUNT_RATIO,2.09,0.676375404531,0.323624595469,OKX_GLOBAL_ACCOUNT_RATIO,,,,,PRICE_UP_OI_DOWN,PRICE_UP_OI_DOWN,PASS,PASS,0.541574279379,0.793879726594,0.189993666878,0.252305447215,0.236504656495,-1.0051814353,0.584041858028,0.335834404924,-0.283643239836,-0.248207453104,-0.615746824651,-3.44568533806,0.320141215067,0.12790910148,-0.18927444795,-0.192232113587,2.03647886175,0.457262690941,-3.69362831858,-6.20857062833,-2.6161895968,-2.51494230974,6.45754290063,0.110530672619,,,,,,
2026-09-16T21:00:00Z,2026-09-16T23:00:00+02:00,2026-09-16T22:00:00Z,76178.35,76213.34,75933.11,75976,320.44714,24376885.396,52029,121.20608,9221067.96217,15155817.4338,0.378270964989,-0.26561355892,0.369048495446,2411.04,2413.55,2400.01,2404.94,6842.0961,16468292.5196,49562,2062.5931,4964846.37951,11503446.1401,0.301479122598,-0.25300285354,0.564164315982,0.03166,0.03167,0.0316,0.03165,0.031605562579,0.221518987342,0.0316539433505,-1.24576912522,2814485.81,28144.8581,-0.399045653489,OKX_CONTRACT_OI_HISTORY,6180786.39,618078.639,-0.46873919567,OKX_CONTRACT_OI_HISTORY,1.72,0.632352941176,0.367647058824,OKX_GLOBAL_ACCOUNT_RATIO,2.09,0.676375404531,0.323624595469,OKX_GLOBAL_ACCOUNT_RATIO,,,,,PRICE_DOWN_OI_DOWN,PRICE_DOWN_OI_DOWN,PASS,PASS,0.274508991328,0.592696076996,0.316957210777,0.318187085669,0.856488223232,0.133654454263,-0.0223704814917,-0.0411483293363,-0.0315855969678,-0.0187778478445,-0.730240777696,-3.63105867242,0.692012402283,0.590171614042,-0.094696969697,-0.101840788241,1.22490921893,0.608662588025,-3.53213134491,-5.58236132431,-2.13358070501,-2.05022997941,6.30110783422,2.588946346,,,,,,
2026-09-16T22:00:00Z,2026-09-17T00:00:00+02:00,2026-09-17T00:00:00Z,75976.01,75986.01,75632.7,75675.88,525.52719,39801578.8722,79688,140.25893,10625612.8812,29175965.991,0.266964607494,-0.395019479836,0.467139213594,2404.94,2405.67,2388.55,2392.63,8657.144,20735376.2694,55235,4209.2271,10080852.2418,10654524.0276,0.486166834438,-0.511863081823,0.716752841682,0.03166,0.03166,0.03154,0.03162,-0.0947867298578,0.380469245403,0.0316168110632,1.00862063921,2818191.82,28181.9182,0.131676272335,OKX_CONTRACT_OI_HISTORY,6186446.17,618644.617,0.0915705485172,OKX_CONTRACT_OI_HISTORY,1.73,0.6336996337,0.3663003663,OKX_GLOBAL_ACCOUNT_RATIO,2.12,0.679487179487,0.320512820513,OKX_GLOBAL_ACCOUNT_RATIO,,,,,PRICE_DOWN_OI_UP,PRICE_DOWN_OI_UP,PASS,PASS,0.058017770256,-0.226016972123,-0.252365930599,-0.284034742379,1.81292415175,0.383157725778,-0.413632284163,-0.578421391619,-0.126342387871,-0.164789107456,-0.724201823894,-3.17462256223,0.0104139134112,-0.180229041073,-0.157878118093,-0.190642954484,0.737650746913,0.339824659314,-3.66875523021,-5.55171774031,-1.95348837209,-1.8829625101,6.66903139371,2.85651991489,,,,,,
2026-09-16T23:00:00Z,2026-09-17T01:00:00+02:00,2026-09-17T00:00:00Z,75675.88,76276.02,75643.61,76206.01,484.47864,36841693.1618,101112,255.35752,19421312.8796,17420380.2822,0.527155817576,0.700527037148,0.836038893437,2392.61,2422.65,2390.01,2418.26,12896.3043,31110506.2304,72322,7532.9727,18169859.3605,12940646.87,0.58404254903,1.07120616226,1.36568466241,0.03161,0.03178,0.0316,0.03173,0.347881087919,0.569620253165,0.031733192697,-1.00610645671,2827319.71,28273.1971,0.323891721466,OKX_CONTRACT_OI_HISTORY,6196116.31,619611.631,0.156311713289,OKX_CONTRACT_OI_HISTORY,1.73,0.6336996337,0.3663003663,OKX_GLOBAL_ACCOUNT_RATIO,2.07,0.674267100977,0.325732899023,OKX_GLOBAL_ACCOUNT_RATIO,,,,,PRICE_UP_OI_UP,PRICE_UP_OI_UP,PASS,PASS,0.165628286015,0.401062858092,0.221099178774,0.235434572077,0.0330110527091,-0.447775923757,-0.0576918032787,-0.179558410144,-0.125904941769,-0.121866606866,-0.314414810276,-2.54945515237,0.742327794441,0.833937938339,0.0630715862504,0.0916101438981,1.53075078653,0.423209431588,-2.53641135395,-3.87518632615,-1.3983840895,-1.3387749722,7.53047806794,3.95102162064,,,,,,
2026-09-17T00:00:00Z,2026-09-17T02:00:00+02:00,2026-09-17T06:00:00Z,76206,76511.18,76188,76342.77,472.88854,36121086.7453,91686,328.95545,25124453.0972,10996633.6481,0.695561937944,0.179460911285,0.424187536095,2418.26,2427.85,2415.87,2418.9,7956.4253,19274729.1437,67134,4822.4439,11682035.7262,7592693.41749,0.606080409178,0.0264653097682,0.495887609847,0.03173,0.03175,0.03169,0.03169,-0.126063662149,0.189334174819,0.0316847292808,1.66348877589,2835487.9,28354.879,0.288902240914,OKX_CONTRACT_OI_HISTORY,6292746.29,629274.629,1.55952495346,OKX_CONTRACT_OI_HISTORY,1.71,0.630996309963,0.369003690037,OKX_GLOBAL_ACCOUNT_RATIO,2.04,0.671052631579,0.328947368421,OKX_GLOBAL_ACCOUNT_RATIO,8.65523413528e-05,OKX_FUNDING_HISTORY,4.57572955238e-05,OKX_FUNDING_HISTORY,PRICE_UP_OI_UP,PRICE_UP_OI_UP,PASS,PASS,0.215848757009,0.326000398168,0.158027812895,0.11015164116,0.344190713111,1.33418834516,0.493339365699,0.503994980825,0.0315656565657,0.0106556151263,0.25201601106,-0.10589646377,0.753140007998,0.823208219578,0.0315656565657,0.0700682115801,1.43366935012,0.829423462601,-2.06555417481,-3.85662558179,-1.82775712515,-1.79107140699,7.67792529655,4.60770867614,-0.605705134882,-2.63723525008,-2.07045735476,-2.0315301152,1.23687604953,-0.480464674163
2026-09-17T01:00:00Z,2026-09-17T03:00:00+02:00,2026-09-17T06:00:00Z,76342.77,76774.08,76222,76374.21,638.81754,48865010.2484,96330,385.93998,29519886.1391,19345124.1093,0.604110916769,0.0411826817392,0.724305318674,2418.91,2445.3,2413.56,2427.57,15391.2125,37450970.6133,141204,7404.9726,18017968.7013,19433001.912,0.481108190421,0.358427384348,1.31506985532,0.03168,0.03185,0.03168,0.03179,0.315556958031,0.536616161616,0.031785206027,1.50824033911,2852163.69,28521.6369,0.58811007446,OKX_CONTRACT_OI_HISTORY,6276400.44,627640.044,-0.259757016201,OKX_CONTRACT_OI_HISTORY,1.72,0.632352941176,0.367647058824,OKX_GLOBAL_ACCOUNT_RATIO,2.05,0.672131147541,0.327868852459,OKX_GLOBAL_ACCOUNT_RATIO,,,,,PRICE_UP_OI_UP,PRICE_UP_OI_DOWN,PASS,PASS,0.524126039802,0.940979816544,0.44233807267,0.416853776742,1.33871273631,1.54695606622,0.962641651556,1.40183207255,0.474083438685,0.439190420992,0.354544360695,0.337299016498,1.17244679168,1.52948557089,0.378907483423,0.357038779207,2.30796683413,0.683811210841,-1.98112473828,-3.4901564786,-1.54846701765,-1.50903174031,8.31898413865,4.15352406263,-0.965728665723,-2.64641717063,-1.70068027211,-1.68068850491,2.08865772949,-0.722872016565
2026-09-17T02:00:00Z,2026-09-17T04:00:00+02:00,2026-09-17T06:00:00Z,76374.22,76485.13,76055.34,76370.01,496.68012,37888310.88,79646,277.72698,21188751.3304,16699559.5496,0.559242437528,-0.00549923855188,0.565101674649,2427.58,2433.07,2416.21,2429.07,7687.732,18646656.0757,68473,3981.5756,9656821.75206,8989834.32362,0.517884907238,0.061790185247,0.697787030101,0.03179,0.03183,0.03176,0.03181,0.062912865681,0.22040302267,0.0318065952852,1.07044300905,2860213.78,28602.1378,0.282245020797,OKX_CONTRACT_OI_HISTORY,6306379.87,630637.987,0.477653239091,OKX_CONTRACT_OI_HISTORY,1.76,0.63768115942,0.36231884058,OKX_GLOBAL_ACCOUNT_RATIO,2.08,0.675324675325,0.324675324675,OKX_GLOBAL_ACCOUNT_RATIO,,,,,PRICE_DOWN_OI_UP,PRICE_UP_OI_UP,PASS,PASS,0.917240737736,1.52301024396,0.600885515497,0.605769506222,1.4910965145,1.93865260772,0.887991226167,1.61644557674,0.728309056365,0.72845435057,0.587248824586,0.106285486164,0.637347823423,1.08489388265,0.473783954517,0.447546059224,2.40451422072,1.2536583247,-1.98130701499,-3.32329049539,-1.39491630502,-1.3419834804,8.179370987,4.17152851023,-1.58503865979,-3.27902143011,-1.69962917182,-1.69398277031,2.26211599034,-0.939307716829
2026-09-17T03:00:00Z,2026-09-17T05:00:00+02:00,2026-09-17T06:00:00Z,76370.01,76535.03,76370.01,76441.99,295.45137,22592349.7607,50742,132.96515,10166919.7712,12425429.9895,0.450016039892,0.0942516571623,0.216079584119,2429.08,2439.08,2429.08,2436.06,8751.6234,21314660.7715,49333,4210.954,10254436.543,11060224.2285,0.481097806478,0.287764453062,0.411678495562,0.03181,0.03187,0.03181,0.03187,0.188619930839,0.188619930839,0.0318680871599,0.600236857879,2866920,28669.2,0.234465690883,OKX_CONTRACT_OI_HISTORY,6336866.59,633686.659,0.483426635066,OKX_CONTRACT_OI_HISTORY,1.75,0.636363636364,0.363636363636,OKX_GLOBAL_ACCOUNT_RATIO,2.02,0.668874172185,0.331125827815,OKX_GLOBAL_ACCOUNT_RATIO,,,,,PRICE_UP_OI_UP,PRICE_UP_OI_UP,PASS,PASS,0.309660616007,0.736066427928,0.441222817523,0.426405811921,1.40063006882,2.2715887333,0.862374603188,1.80962570421,0.918302723243,0.94725110102,1.54029485631,0.699627976565,0.81501888386,1.41967393295,0.568002524456,0.604655049095,2.50105660015,0.923800942031,-1.589917426,-2.50378208771,-0.932545850171,-0.913864661715,8.18754651496,4.56458372524,-1.48762190171,-3.06013625366,-1.60543377586,-1.57251435196,2.68579008569,-0.413348465941
2026-09-17T04:00:00Z,2026-09-17T06:00:00+02:00,2026-09-17T06:00:00Z,76442,76598,76187,76539.81,275.54427,21035480.4981,55930,152.97681,11676470.2262,9359010.27194,0.555084549993,0.127966317988,0.539462112959,2436.07,2444.52,2425.03,2442.21,6792.8916,16533492.1335,60287,3010.6951,7330556.20074,9202935.93281,0.443376156805,0.252456836039,0.803701397508,0.03188,0.03192,0.03184,0.03191,0.125509883903,0.251256281407,0.0319077092039,0.717944402817,2874867.24,28748.6724,0.277204805157,OKX_CONTRACT_OI_HISTORY,6325667.11,632566.711,-0.176735297184,OKX_CONTRACT_OI_HISTORY,1.76,0.63768115942,0.36231884058,OKX_GLOBAL_ACCOUNT_RATIO,1.97,0.6632996633,0.3367003367,OKX_GLOBAL_ACCOUNT_RATIO,,,,,PRICE_UP_OI_UP,PRICE_UP_OI_DOWN,PASS,PASS,0.258099097007,0.9636611683,0.694225307668,0.705562071293,1.38880296403,0.523155050003,1.01864903389,2.09694613407,1.04496516783,1.07829710018,1.97838838044,0.840402002177,0.89079118138,1.59408292393,0.662460567823,0.703291742548,1.95717230758,0.76346005129,-1.32441426213,-1.94762960108,-0.622858922454,-0.623215338954,7.89741879703,4.04007283853,-1.47006157686,-2.89307625936,-1.4515132798,-1.4230146825,2.66704664156,-1.56281962693
2026-09-17T05:00:00Z,2026-09-17T07:00:00+02:00,2026-09-17T06:00:00Z,76539.82,76632.14,76318,76333.88,280.19303,21422072.4003,59687,117.16096,8956072.48017,12465999.9201,0.41807684676,-0.269049531218,0.411619801357,2442.21,2446.66,2436.26,2437.2,6820.6155,16650870.1218,51940,2763.4312,6746669.40468,9904200.71712,0.4051841949,-0.20514206395,0.426883830133,0.03192,0.03195,0.03191,0.03193,0.0626762770291,0.125352554058,0.0319281556237,0.57766453307,2870953.6,28709.536,-0.136132894958,OKX_CONTRACT_OI_HISTORY,6339291.08,633929.108,0.215376019052,OKX_CONTRACT_OI_HISTORY,1.75,0.636363636364,0.363636363636,OKX_GLOBAL_ACCOUNT_RATIO,1.9,0.655172413793,0.344827586207,OKX_GLOBAL_ACCOUNT_RATIO,,,,,PRICE_DOWN_OI_DOWN,PRICE_DOWN_OI_UP,PASS,PASS,-0.052805783523,0.396692989286,0.440390059767,0.449498772809,0.658794937537,1.00201764692,0.746845535471,1.9420521422,1.20443740095,1.19520660673,2.87999922368,2.70155647455,0.489547340835,1.23911156158,0.789141414141,0.749564220744,1.79992805242,0.70903130928,-1.6696122633,-2.37649858003,-0.684292379471,-0.706886316729,7.42951863258,4.5118019236,-1.64654107321,-3.14273451285,-1.5114127082,-1.49619343965,2.30417673476,-1.88953214405
2026-09-17T06:00:00Z,2026-09-17T08:00:00+02:00,2026-09-17T11:00:00Z,76333.87,76598.01,76308.42,76477.45,271.83524,20789762.7248,49450,142.08139,10865348.6495,9924414.07523,0.522629757414,0.188081622472,0.379499405177,2437.21,2446.83,2435.92,2441.57,5558.8776,13570893.1052,63081,3104.3566,7578987.11402,5991905.99116,0.558473716894,0.179304119481,0.447880061743,0.03193,0.03194,0.03191,0.03193,0,0.0940144155437,0.03192535839,1.45389442039,2873452.79,28734.5279,0.0870508670011,OKX_CONTRACT_OI_HISTORY,6385082.34,638508.234,0.722340391412,OKX_CONTRACT_OI_HISTORY,1.74,0.63503649635,0.36496350365,OKX_GLOBAL_ACCOUNT_RATIO,1.87,0.651567944251,0.348432055749,OKX_GLOBAL_ACCOUNT_RATIO,,,,,PRICE_UP_OI_UP,PRICE_UP_OI_UP,PASS,PASS,0.140683496048,0.514600237951,0.377239861679,0.373916741903,0.46286784899,1.24798175217,1.11784694309,1.81480786472,0.725552050473,0.696960921631,3.80933933798,3.60628865349,0.588504460278,1.44592129701,0.85281111813,0.85741683673,1.65661290952,0.617938717031,-1.04707537002,-1.78918364474,-0.715174129353,-0.742108274719,6.63188170044,4.11162196403,-1.43788465863,-2.90887255838,-1.48102437519,-1.47098789974,2.72691291961,-0.429560517529
2026-09-17T07:00:00Z,2026-09-17T09:00:00+02:00,2026-09-17T11:00:00Z,76477.46,76682.01,76425.34,76462.76,422.44395,32331811.8912,60662,209.00078,15994390.874,16337421.0171,0.494695160539,-0.0192082764266,0.335844106156,2441.57,2454.4,2441.34,2444.37,12204.3954,29882459.5119,69755,6573.3345,16096992.1864,13785467.3255,0.538676951272,0.114680308162,0.534952116461,0.03193,0.03201,0.03193,0.03196,0.0939555277169,0.250548073912,0.0319681110125,-2.53721981533,2883227.68,28832.2768,0.340179244775,OKX_CONTRACT_OI_HISTORY,6388540.01,638854.001,0.0541523165385,OKX_CONTRACT_OI_HISTORY,1.75,0.636363636364,0.363636363636,OKX_GLOBAL_ACCOUNT_RATIO,1.87,0.651567944251,0.348432055749,OKX_GLOBAL_ACCOUNT_RATIO,,,,,PRICE_DOWN_OI_UP,PRICE_UP_OI_UP,PASS,PASS,0.0271709305318,0.341124602842,0.282397238783,0.313953672311,0.568822290123,0.815441184789,0.503101997897,1.48509507598,0.947567909033,0.981993078081,2.01108327467,2.64387154404,0.918781790875,1.97792203458,1.01137800253,1.0591402437,2.01889643427,0.751893495666,-0.607370257719,-1.2096350483,-0.590979782271,-0.602264790578,6.16860596255,2.48881766329,-1.83520206891,-3.13457263213,-1.32757023773,-1.29937056322,2.7245666104,-0.95313065139
2026-09-17T08:00:00Z,2026-09-17T10:00:00+02:00,2026-09-17T11:00:00Z,76462.77,76591.46,76396.97,76574.63,422.26564,32302696.4646,58829,217.81315,16660736.1857,15641960.2788,0.515769208432,0.146306515747,0.254578159317,2444.37,2446.91,2437.63,2445.65,6354.1494,15519885.7823,58129,2909.97,7107542.77165,8412343.01068,0.457963600463,0.052365231123,0.380697644844,0.03197,0.03197,0.03189,0.03194,-0.0625782227785,0.250862339291,0.0319381236318,0.587501073335,2876397.69,28763.9769,-0.236886946091,OKX_CONTRACT_OI_HISTORY,6405796.84,640579.684,0.270121654916,OKX_CONTRACT_OI_HISTORY,1.75,0.636363636364,0.363636363636,OKX_GLOBAL_ACCOUNT_RATIO,1.89,0.653979238754,0.346020761246,OKX_GLOBAL_ACCOUNT_RATIO,5.06329180277e-05,OKX_FUNDING_HISTORY,8.0923889959e-06,OKX_FUNDING_HISTORY,PRICE_UP_OI_DOWN,PRICE_UP_OI_UP,PASS,PASS,0.0454926658428,0.140856027942,0.0940144155437,0.0953633620991,0.0532355017548,1.2667395961,0.520213488506,1.43548012476,0.94816687737,0.915266636253,1.79193442233,3.15467898602,1.10729361106,1.77613536582,0.661834226284,0.66884175476,1.16515381837,-0.399706663324,-0.552441486696,-1.27999160397,-0.714951818464,-0.72755011727,3.53129313054,0.400903837413,-1.48486789967,-2.89799256742,-1.45016970071,-1.41312466775,3.00186581276,0.0699050915887
2026-09-17T09:00:00Z,2026-09-17T11:00:00+02:00,2026-09-17T11:00:00Z,76574.63,76770,76468.04,76468.05,378.26739,28995345.7713,72458,201.22322,15425821.8528,13569523.9185,0.532010274149,-0.139184479246,0.394883927978,2445.66,2449.55,2438.27,2438.95,6829.9325,16699576.6864,53008,2882.0951,7046629.35663,9652947.32975,0.421964549699,-0.273955799072,0.462623089322,0.03194,0.03194,0.03187,0.0319,-0.125234815279,0.219642296831,0.0318950202078,1.56130711987,2876134.62,28761.3462,-0.00914581460392,OKX_CONTRACT_OI_HISTORY,6385121.64,638512.164,-0.322757660232,OKX_CONTRACT_OI_HISTORY,1.72,0.632352941176,0.367647058824,OKX_GLOBAL_ACCOUNT_RATIO,1.85,0.649122807018,0.350877192982,OKX_GLOBAL_ACCOUNT_RATIO,,,,,PRICE_DOWN_OI_DOWN,PRICE_DOWN_OI_DOWN,PASS,PASS,0.175767300182,0.0718037091745,-0.0939555277169,-0.103963591007,0.180463383316,0.722960334549,0.647638728019,1.41417249495,0.789889415482,0.766533766929,2.19041111456,3.30597495378,0.625123366626,1.37244225726,0.758054327227,0.74731889063,1.44417506171,-0.445125608908,-0.670268711506,-1.42988202867,-0.746733042937,-0.759613317165,2.51425032867,-0.0969005617101,-2.14165136431,-3.36735421603,-1.23839009288,-1.22570285172,3.32007582548,-0.483169710104
2026-09-17T10:00:00Z,2026-09-17T12:00:00+02:00,2026-09-17T11:00:00Z,76468.04,76470.49,76270,76402.01,413.8899,31601778.7537,68348,183.45197,14007844.4747,17593934.2789,0.443261266524,-0.0863628665829,0.262868755736,2438.95,2439.4,2430.66,2435.66,5426.3059,13208596.7895,55582,2629.8861,6400561.27536,6808035.51411,0.484575415344,-0.13489411427,0.359573120058,0.0319,0.0319,0.03186,0.03188,-0.0626959247649,0.125549278092,0.0318795277768,0.148127406945,2857325.52,28573.2552,-0.65397147509,OKX_CONTRACT_OI_HISTORY,6369791.08,636979.108,-0.240098166712,OKX_CONTRACT_OI_HISTORY,1.73,0.6336996337,0.3663003663,OKX_GLOBAL_ACCOUNT_RATIO,1.87,0.651567944251,0.348432055749,OKX_GLOBAL_ACCOUNT_RATIO,,,,,PRICE_DOWN_OI_DOWN,PRICE_DOWN_OI_DOWN,PASS,PASS,-0.0986434563391,-0.242057364728,-0.156592546195,-0.143413908389,-0.561250564343,-0.239484147357,0.95952633785,1.79843937425,0.822264389627,0.838913036395,1.38861023307,2.96365481832,0.541925142979,1.20961542457,0.694883133291,0.667690281591,0.654352068539,-0.30505259844,-0.845889495392,-1.93342137473,-1.08594477195,-1.08753187934,1.53313306259,-0.807122786722,-1.93127411542,-3.08415268366,-1.20855283545,-1.15287856825,2.66455527305,-1.23839792587
2026-09-17T11:00:00Z,2026-09-17T13:00:00+02:00,2026-09-17T16:00:00Z,76402.01,76488.73,76179,76482,329.95092,25188555.383,66298,153.12642,11689674.0431,13498881.3399,0.464086719757,0.104696198438,0.406581866394,2435.66,2443.3,2428.12,2442.61,6071.7982,14789987.8485,48103,2922.9748,7120410.61881,7669577.22968,0.481434514467,0.285343602966,0.625175032535,0.03188,0.03194,0.03187,0.03193,0.156838143036,0.219642296831,0.0319370570853,-2.20968554129,2862756.02,28627.5602,0.190055349381,OKX_CONTRACT_OI_HISTORY,6362062.13,636206.213,-0.121337574544,OKX_CONTRACT_OI_HISTORY,1.72,0.632352941176,0.367647058824,OKX_GLOBAL_ACCOUNT_RATIO,1.87,0.651567944251,0.348432055749,OKX_GLOBAL_ACCOUNT_RATIO,,,,,PRICE_UP_OI_UP,PRICE_UP_OI_DOWN,PASS,PASS,0.0251625758735,-0.072002192794,-0.0938673341677,-0.0971647686676,-0.710025786101,-0.414459015026,0.362163036747,1.00692233259,0.630318310747,0.644759295839,1.25335348085,2.67822312716,0.304262295082,0.82555590871,0.503619767076,0.521293613628,0.934997941604,0.0604878772775,-0.595281960582,-1.36487899823,-0.83850931677,-0.769597037645,2.01716128348,-0.455750804831,-1.66375231434,-2.65422184672,-1.02293862368,-0.990469532378,2.60243564248,-1.24799859378
2026-09-17T12:00:00Z,2026-09-17T14:00:00+02:00,2026-09-17T16:00:00Z,76482,77179.47,76398.93,76736.59,970.25031,74592028.2429,162931,611.06521,46985177.8538,27606850.3891,0.629895432,0.332875709317,1.0216635233,2442.6,2479.99,2439.32,2460.08,28480.2411,70131810.1221,229881,15557.8153,38308423.5217,31823386.6004,0.546234632402,0.715218557199,1.66726792713,0.03194,0.03214,0.03192,0.03206,0.407140620106,0.689223057644,0.0320587610161,0.386472797633,2836349.89,28363.4989,-0.922402391804,OKX_CONTRACT_OI_HISTORY,6404903.43,640490.343,0.673387010762,OKX_CONTRACT_OI_HISTORY,1.64,0.621212121212,0.378787878788,OKX_GLOBAL_ACCOUNT_RATIO,1.67,0.625468164794,0.374531835206,OKX_GLOBAL_ACCOUNT_RATIO,,,,,PRICE_UP_OI_DOWN,PRICE_UP_OI_UP,PASS,PASS,0.211506082367,0.590027191135,0.375704445836,0.378521108768,-1.39229009046,-0.0139468987593,0.515857624763,1.70242672289,1.16756074471,1.18656909813,0.0304000591926,1.78232420046,1.0117419192,2.21500184895,1.19949494949,1.20325992976,0.282492683269,1.67454031838,-0.287248895984,-0.77081627467,-0.527458889234,-0.483567378687,-0.824922615569,0.0735416469127,-1.2373804683,-1.81947343425,-0.589147286822,-0.582092965948,1.58917590686,-0.814386559137
2026-09-17T13:00:00Z,2026-09-17T15:00:00+02:00,2026-09-17T16:00:00Z,76736.59,76889.66,76000,76694.07,1013.37341,77441783.1026,171170,547.87537,41872406.9032,35569376.1994,0.540695283936,-0.0554103329324,1.17060526316,2460.08,2464.96,2432.82,2462.51,16260.3807,39846853.6949,182754,8038.8096,19696091.1565,20150762.5384,0.494294764333,0.0987772755358,1.32110061575,0.03207,0.03213,0.03199,0.03212,0.187149095446,0.437636761488,0.0321082190579,3.6691359629,2873849.1,28738.491,1.32209393955,OKX_CONTRACT_OI_HISTORY,6387400.36,638740.036,-0.273276095281,OKX_CONTRACT_OI_HISTORY,1.75,0.636363636364,0.363636363636,OKX_GLOBAL_ACCOUNT_RATIO,1.78,0.640287769784,0.359712230216,OKX_GLOBAL_ACCOUNT_RATIO,,,,,PRICE_DOWN_OI_UP,PRICE_UP_OI_DOWN,PASS,PASS,0.295574426182,0.965989462679,0.689655172414,0.670415036497,-0.0794649869344,0.0356879653745,0.418806296,1.43929938169,1.03806228374,1.02049308569,0.760314356291,1.76852833182,1.3854795514,2.86130801459,1.51706700379,1.47582846319,1.11755436866,2.11179257699,0.0982787899101,0.345145148408,0.280986575086,0.246866358498,-0.877912550579,-0.844989439551,-1.88560512158,-1.52480964873,0.375,0.360795472854,3.89070289026,0.995440982818
2026-09-17T14:00:00Z,2026-09-17T16:00:00+02:00,2026-09-17T16:00:00Z,76694.06,77088.05,76391.44,76502.46,941.27248,72271111.4633,206701,511.97079,39308943.4944,32962167.9689,0.543909491615,-0.249836786599,0.911895364193,2462.51,2483.74,2450.76,2461.42,27184.2208,67188312.4009,270643,14749.0881,36465873.7074,30722438.6935,0.542741325155,-0.0442637796395,1.34570500579,0.03212,0.03225,0.03208,0.03218,0.186799501868,0.529925187032,0.0321743902092,1.74355778372,2857984.5,28579.845,-0.552033159987,OKX_CONTRACT_OI_HISTORY,6303180.12,630318.012,-1.31853704564,OKX_CONTRACT_OI_HISTORY,1.66,0.624060150376,0.375939849624,OKX_GLOBAL_ACCOUNT_RATIO,1.63,0.619771863118,0.380228136882,OKX_GLOBAL_ACCOUNT_RATIO,,,,,PRICE_DOWN_OI_DOWN,PRICE_DOWN_OI_DOWN,PASS,PASS,0.131475598613,1.05761887948,0.941028858218,0.926143280869,0.0230628255474,-1.04573225658,0.173431953197,1.33178541582,1.16315624018,1.15835346262,-0.0779410271913,-0.0507383009898,1.06296323989,2.969758579,1.89993666878,1.90679533911,0.508850089629,0.055493257724,0.737997321904,2.20188590718,1.48218227688,1.46388858528,-1.81533471604,-0.502709153461,-2.57077527991,-1.61167827192,1.00439422473,0.959097007983,3.08307941804,0.272396506636
2026-09-17T15:00:00Z,2026-09-17T17:00:00+02:00,2026-09-17T16:00:00Z,76502.45,76862.85,76275,76780.01,472.36489,36159277.0241,126597,264.17411,20219674.8828,15939602.1413,0.559183605063,0.362798791045,0.77069813176,2461.41,2478.12,2448.62,2470.27,16883.7617,41560760.2952,168996,8363.5225,20584697.3565,20976062.9387,0.495291645541,0.359548553274,1.20476023229,0.03219,0.03224,0.0321,0.03218,0,0.436137071651,0.0321733482452,2.067473596,2878721.98,28787.2198,0.725598056952,OKX_CONTRACT_OI_HISTORY,6205474.73,620547.473,-1.55009674704,OKX_CONTRACT_OI_HISTORY,1.71,0.630996309963,0.369003690037,OKX_GLOBAL_ACCOUNT_RATIO,1.71,0.630996309963,0.369003690037,OKX_GLOBAL_ACCOUNT_RATIO,,,,,PRICE_UP_OI_UP,PRICE_UP_OI_DOWN,PASS,PASS,0.389647237258,1.13239526572,0.782962730974,0.742748028461,0.557712913307,-2.46126801028,0.442191523271,1.40431680665,0.972701600251,0.962125283375,0.411660597436,-2.07345157317,1.30837947385,3.23935538876,1.89993666878,1.9309759149,1.95829624075,-1.38833004389,0.350284922627,1.88949291801,1.54622909435,1.53920799538,-0.446466195385,-3.65849770978,-2.28818440577,-1.52323319301,0.814536340852,0.764951212757,4.5266190887,-1.30353879969
2026-09-17T16:00:00Z,2026-09-17T18:00:00+02:00,2026-09-17T20:00:00Z,76780.01,76811.39,76534,76753.46,596.54444,45746235.3288,112060,265.94379,20398611.1843,25347624.1445,0.445907975546,-0.0345793130269,0.362440222646,2470.27,2473.38,2454.8,2470.65,10097.4829,24897755.0275,98285,4831.7942,11915871.7956,12981883.232,0.478592217748,0.0153829338494,0.75688447124,0.03218,0.03221,0.03207,0.03218,0,0.436545057686,0.0321894283333,-2.92901544128,2890116.51,28901.1651,0.39581905023,OKX_CONTRACT_OI_HISTORY,6198151.58,619815.158,-0.118011116291,OKX_CONTRACT_OI_HISTORY,1.67,0.625468164794,0.374531835206,OKX_GLOBAL_ACCOUNT_RATIO,1.68,0.626865671642,0.373134328358,OKX_GLOBAL_ACCOUNT_RATIO,8.88704148709e-05,OKX_FUNDING_HISTORY,6.4613276465e-05,OKX_FUNDING_HISTORY,PRICE_DOWN_OI_UP,PRICE_UP_OI_DOWN,PASS,PASS,0.0219842971912,0.429660824038,0.374298190892,0.407676526847,1.89562719993,-3.22802447,0.279135785678,1.16451902171,0.846129739893,0.885383236028,0.530433885357,-2.01584319539,1.30062823356,3.28588449238,1.89993666878,1.98525625883,2.51931630815,-1.19238237979,0.478425930774,1.99435256818,1.48218227688,1.5159266374,0.518974892336,-3.65026590811,-2.55931807039,-2.30916747395,0.249221183801,0.250150596436,5.22193135821,-2.04223015807
2026-09-17T17:00:00Z,2026-09-17T19:00:00+02:00,2026-09-17T20:00:00Z,76753.46,76970.01,76576,76667.86,711.49403,54646191.774,113564,371.51614,28536259.6895,26109932.0845,0.522200335708,-0.111525916877,0.514534580025,2470.64,2477,2460.01,2462.85,10403.7281,25697348.1697,82722,5792.0307,14309226.6889,11388121.4808,0.556836705268,-0.315706393054,0.690647598993,0.03219,0.03219,0.03212,0.03212,-0.186451211933,0.217932752179,0.0321236304235,-1.13014109669,2867841.38,28678.4138,-0.77073467187,OKX_CONTRACT_OI_HISTORY,6192600.64,619260.064,-0.0895579904485,OKX_CONTRACT_OI_HISTORY,1.66,0.624060150376,0.375939849624,OKX_GLOBAL_ACCOUNT_RATIO,1.68,0.626865671642,0.373134328358,OKX_GLOBAL_ACCOUNT_RATIO,,,,,PRICE_DOWN_OI_DOWN,PRICE_DOWN_OI_DOWN,PASS,PASS,-0.0341747412805,0.0138070505297,0,0.0479817918103,-0.209047858498,-3.04974964807,0.437525250911,1.05243722304,0.59505167554,0.614911972132,-0.108403702519,-2.31398808082,1.18763842418,3.01492824488,1.80665610143,1.82728982069,2.76847349537,0.325054698907,-0.382188612562,0.886445656048,1.26103404792,1.26863426861,2.39093522473,-3.86318723557,-2.87582732672,-2.78364392094,0.0934870676223,0.0921834057758,4.86494662602,-2.30082603723
2026-09-17T18:00:00Z,2026-09-17T20:00:00+02:00,2026-09-17T20:00:00Z,76667.87,76781.85,76470.4,76575.96,293.0973,22461653.2298,75317,142.15698,10893874.7645,11567778.4652,0.48499879564,-0.119867699451,0.407281771771,2462.85,2463.74,2450.02,2452.05,6878.8247,16903741.9171,53000,2424.9889,5959205.16012,10944536.757,0.352537632752,-0.438516353006,0.559995428609,0.03212,0.03212,0.03201,0.03201,-0.342465753425,0.343642611684,0.032021146062,-3.4808441916,2856550.69,28565.5069,-0.39369994724,OKX_CONTRACT_OI_HISTORY,6170875.73,617087.573,-0.350820459173,OKX_CONTRACT_OI_HISTORY,1.66,0.624060150376,0.375939849624,OKX_GLOBAL_ACCOUNT_RATIO,1.7,0.62962962963,0.37037037037,OKX_GLOBAL_ACCOUNT_RATIO,,,,,PRICE_DOWN_OI_DOWN,PRICE_DOWN_OI_DOWN,PASS,PASS,0.096075341891,-0.380674569964,-0.52827843381,-0.476749911855,-0.050168571593,-2.0990101422,0.128809211081,0.429232010551,0.250548073912,0.300422799469,-0.588215684588,-3.35479792732,1.248096044,2.25182961156,0.977917981073,1.00373356756,3.19871652193,0.13050702917,0.757842105263,2.03525387618,1.23339658444,1.27741177092,3.92629069224,-1.01375902451,-3.34492422375,-3.41925115997,-0.1248049922,-0.0743269362202,5.31087260331,-2.57871027127
2026-09-17T19:00:00Z,2026-09-17T21:00:00+02:00,2026-09-17T20:00:00Z,76575.97,76677.42,76504.62,76594.01,292.32933,22387279.838,64173,153.77615,11776291.9041,10610987.9339,0.526026028588,0.0235713662617,0.225868712242,2452.05,2455.45,2445.08,2448.95,6036.9162,14796819.5759,58196,2841.212,6963900.04114,7832919.53474,0.470634922959,-0.126424828205,0.424117002307,0.03203,0.03205,0.03197,0.03198,-0.0937207122774,0.250234594933,0.0319731268803,2.14965515833,2853396.14,28533.9614,-0.110432137999,OKX_CONTRACT_OI_HISTORY,6125365.5,612536.55,-0.737500348269,OKX_CONTRACT_OI_HISTORY,1.68,0.626865671642,0.373134328358,OKX_GLOBAL_ACCOUNT_RATIO,1.72,0.632352941176,0.367647058824,OKX_GLOBAL_ACCOUNT_RATIO,,,,,PRICE_UP_OI_DOWN,PRICE_DOWN_OI_DOWN,PASS,PASS,-0.242250554539,-0.863063551758,-0.621504039776,-0.620812997219,-0.879759843985,-1.29094442384,0.171652187287,0.187369342612,0.0625782227785,0.0157171553248,-1.03465779713,-4.11947815288,0.675617770768,1.67524703147,1.01073910297,0.999629260703,0.955617647633,-1.58452031949,0.534911181091,1.3365609418,0.819672131148,0.801649760708,3.16103272439,-1.23996013144,-3.02346104176,-3.58464566929,-0.528771384137,-0.561184627535,6.68916307716,-4.40909113147
2026-09-17T20:00:00Z,2026-09-17T22:00:00+02:00,2026-09-17T23:00:00Z,76594.01,76732.99,76500,76556.01,198.7874,15226310.7231,44609,100.06026,7664927.72762,7561382.99553,0.50340019109,-0.0496122346904,0.304562091503,2448.96,2458.99,2447.55,2453.64,3355.9784,8233219.37815,30920,1852.8769,4545997.38957,3687221.98858,0.552153074122,0.19151064742,0.467406181692,0.03198,0.03205,0.03198,0.03204,0.187617260788,0.218886804253,0.0320502596726,-3.2011199687,2854538.38,28545.3838,0.0400308945535,OKX_CONTRACT_OI_HISTORY,6104025.09,610402.509,-0.34839406726,OKX_CONTRACT_OI_HISTORY,1.66,0.624060150376,0.375939849624,OKX_GLOBAL_ACCOUNT_RATIO,1.73,0.6336996337,0.3663003663,OKX_GLOBAL_ACCOUNT_RATIO,,,,,PRICE_DOWN_OI_UP,PRICE_UP_OI_DOWN,PASS,PASS,-0.257252246348,-0.68848278793,-0.435052827843,-0.431230541582,-1.2310275339,-1.51862194374,-0.0243161475282,0.326702512624,0.313087038197,0.351018660153,-0.759954371956,-4.71091665155,0.495770845098,1.76687238702,1.26422250316,1.27110154192,1.01836216639,-1.70485196319,0.817499226973,1.89704147909,1.07255520505,1.07954225212,3.0755797584,-1.25538492421,-3.21616940582,-4.55139576137,-1.38504155125,-1.33522635555,7.54166624079,-1.59620567491
2026-09-17T21:00:00Z,2026-09-17T23:00:00+02:00,2026-09-17T23:00:00Z,76556.01,76616.01,76395.51,76415.85,210.95396,16144026.8406,35573,93.0639,7122202.28024,9021824.56031,0.4411664048,-0.183081641794,0.288629528097,2453.63,2456,2447.63,2447.63,3527.8185,8648771.35245,22547,1548.8365,3796832.54571,4851938.80675,0.439002534693,-0.244942208311,0.341963450358,0.03205,0.03206,0.03202,0.03204,0,0.124921923798,0.0320303968352,2.9981410589,2851928.1,28519.281,-0.0914431565639,OKX_CONTRACT_OI_HISTORY,6110092.41,611009.241,0.0993986739986,OKX_CONTRACT_OI_HISTORY,1.66,0.624060150376,0.375939849624,OKX_GLOBAL_ACCOUNT_RATIO,1.74,0.63503649635,0.36496350365,OKX_GLOBAL_ACCOUNT_RATIO,,,,,PRICE_DOWN_OI_DOWN,PRICE_DOWN_OI_UP,PASS,PASS,-0.328703579309,-0.61798323081,-0.249066002491,-0.2892796515,-0.554887034931,-1.33236801138,-0.0682638042947,0.355890854671,0.438871473354,0.424154658966,-0.841633761913,-4.30734519257,0.578932820891,1.7750962602,1.23222748815,1.19616343931,1.33034211318,-1.14376999203,1.2749515101,2.37574398849,1.13636363636,1.10079247839,2.5715468153,-0.542069104034,-2.97364719165,-3.90635735121,-0.927643784787,-0.932710159564,7.71527623852,1.41556476256
2026-09-17T22:00:00Z,2026-09-18T00:00:00+02:00,2026-09-17T23:00:00Z,76415.85,76458.55,76259.98,76420,270.75161,20675777.3196,51149,143.02062,10922005.6838,9753771.63581,0.528251272731,0.00543081049285,0.260385591499,2447.63,2449.76,2436.41,2445.86,8409.4225,20542590.418,61228,3107.3918,7594096.54257,12948493.8755,0.369675702432,-0.0723148515094,0.547937334028,0.03203,0.03205,0.03196,0.03201,-0.0936329588015,0.281602002503,0.0320054959435,1.40727596837,2858222.54,28582.2254,0.220708228935,OKX_CONTRACT_OI_HISTORY,6111675.39,611167.539,0.0259076278029,OKX_CONTRACT_OI_HISTORY,1.69,0.628252788104,0.371747211896,OKX_GLOBAL_ACCOUNT_RATIO,1.77,0.638989169675,0.361010830325,OKX_GLOBAL_ACCOUNT_RATIO,,,,,PRICE_UP_OI_UP,PRICE_DOWN_OI_UP,PASS,PASS,-0.203667051644,-0.252441834383,0,-0.0487747827396,0.0585268801934,-0.95935070791,0.0235465009363,0.418777661907,0.407779171895,0.395231160971,0.0313936929384,-4.05218454983,0.983298773665,2.22474849851,1.23339658444,1.24144972485,1.42043986204,-1.20862249416,0.993815086959,2.04050981456,1.07357120303,1.0466947276,2.1685684942,-0.872905032124,-2.72153128174,-3.45048099887,-0.744186046512,-0.728949717131,8.18420083608,1.61337287849
2026-09-17T23:00:00Z,2026-09-18T01:00:00+02:00,2026-09-18T04:00:00Z,76419.99,76510.01,76384.04,76417.01,255.57512,19539934.6309,40648,135.27188,10341647.9022,9198286.72871,0.52925703681,-0.00391258832767,0.164916650127,2445.86,2450.94,2444.63,2447.28,4515.257,11054079.3766,40392,2345.0195,5740361.59643,5313717.78017,0.519298025721,0.0580572886429,0.258116770227,0.03201,0.03204,0.032,0.03202,0.0312402374258,0.125,0.032025330486,-1.6644593181,2863510.04,28635.1004,0.184992593334,OKX_CONTRACT_OI_HISTORY,6122772.82,612277.282,0.181577542848,OKX_CONTRACT_OI_HISTORY,1.69,0.628252788104,0.371747211896,OKX_GLOBAL_ACCOUNT_RATIO,1.79,0.641577060932,0.358422939068,OKX_GLOBAL_ACCOUNT_RATIO,,,,,PRICE_DOWN_OI_UP,PRICE_UP_OI_UP,PASS,PASS,-0.231088566847,-0.0681924906592,0.125078173859,0.162896076188,0.35445131008,-0.0423269435922,-0.0849742423054,0.191188933149,0.281866583151,0.276163175455,0.026338954306,-3.76119102754,0.276881049146,1.2000363898,0.913961550583,0.923155340655,1.28002255536,-1.18370098834,1.02126420857,2.04398188687,0.977609586881,1.0227176783,2.83036729722,-0.765501090974,-2.26655314717,-2.72165358243,-0.497203231821,-0.455100435264,8.90689244109,2.72055235033
2026-09-18T00:00:00Z,2026-09-18T02:00:00+02:00,2026-09-18T04:00:00Z,76417.01,76590,76296,76590,376.57511,28781072.483,59292,228.75546,17481938.8385,11299133.6445,0.607410959019,0.22637630025,0.385341302296,2447.28,2448.55,2436.89,2448.34,5702.1925,13931259.5615,55304,2956.2057,7222815.96837,6708443.59309,0.518461086487,0.0433133928279,0.478478716725,0.03203,0.03203,0.03194,0.03197,-0.156152404747,0.281778334377,0.0319668364016,0.98965013029,2859432.07,28594.3207,-0.142411583792,OKX_CONTRACT_OI_HISTORY,6152609.07,615260.907,0.487299641472,OKX_CONTRACT_OI_HISTORY,1.7,0.62962962963,0.37037037037,OKX_GLOBAL_ACCOUNT_RATIO,1.81,0.644128113879,0.355871886121,OKX_GLOBAL_ACCOUNT_RATIO,7.6118853958e-05,OKX_FUNDING_HISTORY,6.23463630662e-05,OKX_FUNDING_HISTORY,PRICE_UP_OI_DOWN,PRICE_UP_OI_UP,PASS,PASS,0.0443988656149,-0.216005607995,-0.21847690387,-0.26040447361,0.171435424876,0.795933491158,-0.191030120051,-0.477220253,-0.280723643169,-0.286190132949,0.813798751747,-3.9390814047,0.323842061272,1.21708214478,0.883559482487,0.893240083505,0.844446206242,-2.22696440539,1.0794210534,2.05030948461,0.915404040404,0.970888431213,2.2902221228,-1.41601190807,-1.74840124675,-2.68648173836,-0.960346964064,-0.938080491611,8.58720745168,2.27813223862
2026-09-18T01:00:00Z,2026-09-18T03:00:00+02:00,2026-09-18T04:00:00Z,76589.99,76763.86,76520,76744.01,577.60341,44255197.6323,75712,240.6148,18433036.0292,25822161.6031,0.416516861643,0.201083692388,0.318687924726,2448.34,2460.23,2445.8,2457.62,10697.0295,26262562.461,80793,4829.7803,11852941.584,14409620.877,0.451324641363,0.379032323942,0.589991004988,0.03197,0.03205,0.03194,0.03204,0.218955270566,0.344395742016,0.0320236067935,5.11910059326,2859819.99,28598.1999,0.0135663303238,OKX_CONTRACT_OI_HISTORY,6192571.15,619257.115,0.649514369357,OKX_CONTRACT_OI_HISTORY,1.7,0.62962962963,0.37037037037,OKX_GLOBAL_ACCOUNT_RATIO,1.84,0.647887323944,0.352112676056,OKX_GLOBAL_ACCOUNT_RATIO,,,,,PRICE_UP_OI_UP,PRICE_UP_OI_UP,PASS,PASS,0.429439703936,0.408149924621,0,-0.0212897793148,0.276721211871,1.34987712895,0.065115855763,-0.198577873795,-0.249066002491,-0.263693729558,-0.48816446208,-3.05021133825,0.484194861066,1.23786337778,0.786410821013,0.753668516715,0.268438309724,-1.33562685812,1.66231857986,2.78628189042,1.16829807389,1.12396331056,2.58260061102,-0.660948813473,-1.50652238139,-2.29549646969,-0.774233508826,-0.7889740883,8.60975378879,2.76242162157
2026-09-18T02:00:00Z,2026-09-18T04:00:00+02:00,2026-09-18T04:00:00Z,76744.01,77042.2,76644,76988.3,712.34227,54777694.8849,81696,431.5225,33177272.0942,21600422.7907,0.605671198174,0.318318002929,0.51954490893,2457.62,2467.08,2452.71,2462.87,7295.2385,17950672.6717,73764,4068.5777,10010025.1094,7940647.5623,0.557640668541,0.21362130842,0.585882554399,0.03202,0.03204,0.03198,0.032,-0.124843945069,0.187617260788,0.0319901855217,3.06796542246,2881617.6,28816.176,0.762202169235,OKX_CONTRACT_OI_HISTORY,6176684.26,617668.426,-0.256547556987,OKX_CONTRACT_OI_HISTORY,1.66,0.624060150376,0.375939849624,OKX_GLOBAL_ACCOUNT_RATIO,1.82,0.645390070922,0.354609929078,OKX_GLOBAL_ACCOUNT_RATIO,,,,,PRICE_UP_OI_UP,PRICE_UP_OI_DOWN,PASS,PASS,0.74365349385,0.695460901278,-0.0312402374258,-0.0481925925717,0.81851779113,1.06368329225,0.635064545637,0.0589090849997,-0.559353635799,-0.576155460637,0.82691491154,-2.00685777007,0.80959790368,1.39147904342,0.597296447658,0.58188113974,0.748329378373,-2.05657782553,1.45210568172,2.49146899709,1.0739102969,1.03936331537,3.17083728541,-0.828701959938,-1.18774973137,-1.97805434276,-0.805951642901,-0.790304611395,8.98890900144,2.02915995437
2026-09-18T03:00:00Z,2026-09-18T05:00:00+02:00,2026-09-18T04:00:00Z,76988.31,77597.83,76981.94,77383.47,920.49271,71207717.4591,119626,586.57548,45371997.4817,25835719.9774,0.637178091093,0.513285784983,0.800044789726,2462.87,2485.82,2461.78,2479.44,19694.9993,48750088.0028,141040,12703.1335,31445059.0349,17305028.9679,0.645025687606,0.672792311409,0.976529178074,0.03199,0.03204,0.03194,0.03204,0.125,0.313087038197,0.0320409513815,-0.296926725391,2868007.55,28680.0755,-0.472305902074,OKX_CONTRACT_OI_HISTORY,6219340.19,621934.019,0.690595928243,OKX_CONTRACT_OI_HISTORY,1.62,0.618320610687,0.381679389313,OKX_GLOBAL_ACCOUNT_RATIO,1.73,0.6336996337,0.3663003663,OKX_GLOBAL_ACCOUNT_RATIO,,,,,PRICE_UP_OI_DOWN,PRICE_UP_OI_UP,PASS,PASS,1.26471841806,1.31411199372,0.0624609618988,0.0493935756646,0.157062833277,1.57718361989,0.785959783022,0.371214482627,-0.435052827843,-0.414745300394,-0.372193983109,0.223439150158,1.23162675383,1.78074431664,0.533417006589,0.549117562813,0.037934438352,-1.85464532559,2.05668362831,3.22569901247,1.10444935311,1.16901538416,2.53993980028,-0.947977614544,-0.37787252055,-0.767623728298,-0.404103201741,-0.389751207748,8.2285868531,2.62528156096
2026-09-18T04:00:00Z,2026-09-18T06:00:00+02:00,2026-09-18T07:00:00Z,77383.47,77575.98,77216.76,77575.97,724.0507,55994365.0834,83301,426.2406,32961931.4904,23032433.5929,0.588665153027,0.24876113723,0.465209884486,2479.44,2483.11,2470,2482.56,14295.3378,35395535.6531,64510,8627.3169,21363648.4473,14031887.2057,0.603569010983,0.125834865937,0.530769230769,0.03205,0.03207,0.03198,0.03201,-0.0936329588015,0.281425891182,0.0320016623704,2.60537388824,2883383.62,28833.8362,0.536123762994,OKX_CONTRACT_OI_HISTORY,6250116.13,625011.613,0.494842524445,OKX_CONTRACT_OI_HISTORY,1.6,0.615384615385,0.384615384615,OKX_GLOBAL_ACCOUNT_RATIO,1.68,0.626865671642,0.373134328358,OKX_GLOBAL_ACCOUNT_RATIO,,,,,PRICE_UP_OI_UP,PRICE_UP_OI_UP,PASS,PASS,1.28733516125,1.39768169454,0.125117297466,0.110346533288,0.837633117824,1.58480831287,1.07162595667,0.482059377087,-0.52827843381,-0.58956657958,-0.23296258046,0.83838785369,1.35375303388,1.65219207193,0.313381385146,0.298439038056,0.29623559243,-1.1943559262,2.2566033279,3.27261230755,0.977917981073,1.01600897965,2.259205741,-0.440014305278,0.0114094734986,-0.327616111004,-0.311429461227,-0.339025584503,8.21704935482,2.79746406296
2026-09-18T05:00:00Z,2026-09-18T07:00:00+02:00,2026-09-18T07:00:00Z,77575.98,77715.48,77442.93,77493.8,717.75458,55663446.7308,97379,392.345,30429559.9846,25233886.7463,0.546670423262,-0.105921975581,0.351936580912,2482.55,2493,2477.18,2480.62,17005.3408,42271198.0653,93954,9574.1404,23800496.7823,18470701.283,0.56304287249,-0.0781451405001,0.638629409248,0.032,0.03212,0.03196,0.03201,0,0.500625782228,0.0320105608449,-0.175206198451,2880868.38,28808.6838,-0.0872322358548,OKX_CONTRACT_OI_HISTORY,6245494.02,624549.402,-0.0739523859055,OKX_CONTRACT_OI_HISTORY,1.56,0.609375,0.390625,OKX_GLOBAL_ACCOUNT_RATIO,1.65,0.622641509434,0.377358490566,OKX_GLOBAL_ACCOUNT_RATIO,,,,,PRICE_DOWN_OI_DOWN,PRICE_DOWN_OI_DOWN,PASS,PASS,0.977001332091,0.935864779746,-0.0936329588015,-0.0411365523447,0.736004016812,0.854618682904,1.07729627513,0.721521814158,-0.342465753425,-0.355774460969,0.454244090724,0.854138399598,1.51953496927,1.78155260135,0.250548073912,0.262017632077,0.345347970793,-1.47961434199,2.01652115314,3.04273958718,1.04166666667,1.02621843404,2.15149203822,-0.781073961649,-0.175447636223,-0.637284550957,-0.435458786936,-0.461836914734,7.80052429521,2.96543031326
2026-09-18T06:00:00Z,2026-09-18T08:00:00+02:00,2026-09-18T07:00:00Z,77493.8,77679.62,77402.32,77604,542.00013,42024527.6998,82898,336.42667,26086393.7249,15938133.9749,0.620742103546,0.142204924781,0.358257995368,2480.62,2489.34,2480.61,2487.53,10416.4365,25889280.1234,87707,6594.5403,16390022.7706,9499257.35288,0.633081441137,0.27855939241,0.351929565712,0.03201,0.03209,0.03201,0.03206,0.156201187129,0.249921899406,0.0320541466935,1.82606842932,2881608.98,28816.0898,0.025707526423,OKX_CONTRACT_OI_HISTORY,6280047.58,628004.758,0.553255833555,OKX_CONTRACT_OI_HISTORY,1.54,0.606299212598,0.393700787402,OKX_GLOBAL_ACCOUNT_RATIO,1.61,0.616858237548,0.383141762452,OKX_GLOBAL_ACCOUNT_RATIO,,,,,PRICE_UP_OI_UP,PRICE_UP_OI_UP,PASS,PASS,0.799731907316,1.00127087504,0.1875,0.20153896772,-0.000299137539972,1.67344347953,1.34251010369,1.44695254991,0.156201187129,0.104442446214,0.877221961708,1.76914679175,1.47304859145,1.88239534398,0.407140620106,0.409346752532,0.283846319953,-1.64500243547,2.07022200839,3.35553459616,1.26342387871,1.28531258777,1.94516146426,-1.03722882539,0.41054929244,0.0595321896181,-0.310945273632,-0.351017102822,6.93455237255,2.39898324711
2026-09-18T07:00:00Z,2026-09-18T09:00:00+02:00,2026-09-18T09:00:00Z,77604.01,77850,77566.11,77798.01,1203.27789,93573338.5057,114802,754.64519,58684883.9894,34888454.5163,0.627153897964,0.25,0.365997469771,2487.53,2498.68,2485.81,2490,14474.3691,36076267.4904,105145,7184.8807,17909720.9232,18166546.5672,0.496440518077,0.099295284881,0.517738684775,0.03206,0.03211,0.03201,0.03201,-0.155957579538,0.312402374258,0.0320059600496,1.26224939759,2886768.69,28867.6869,0.179056563046,OKX_CONTRACT_OI_HISTORY,6234696.89,623469.689,-0.722139273983,OKX_CONTRACT_OI_HISTORY,1.51,0.601593625498,0.398406374502,OKX_GLOBAL_ACCOUNT_RATIO,1.58,0.612403100775,0.387596899225,OKX_GLOBAL_ACCOUNT_RATIO,,,,,PRICE_UP_OI_UP,PRICE_UP_OI_DOWN,PASS,PASS,0.5356958017,0.425902623173,-0.0936329588015,-0.109793178527,0.654152392312,0.246918475768,1.57192448861,1.67622858776,0.093808630394,0.10430409915,1.16957297068,1.78489577479,1.74627491867,1.86673866886,0.156445556946,0.120463750193,0.122814095625,-2.40811076958,2.68110116551,3.8815833389,1.16940581542,1.20048217338,2.1441900193,-1.67432370216,1.12829830647,0.634522895364,-0.435458786936,-0.493775411109,6.2989959758,0.0207734075229
2026-09-18T08:00:00Z,2026-09-18T10:00:00+02:00,2026-09-18T09:00:00Z,77798,78279.8,77660,78272.15,1082.03924,84355126.5889,122469,601.47183,46895100.6368,37460025.9521,0.555924726014,0.609450036061,0.798094257018,2489.99,2507.11,2485.54,2505.4,17493.8586,43704260.9808,145255,10894.4841,27221179.5391,16483081.4417,0.622849555815,0.618473895582,0.867819467802,0.03201,0.03212,0.03198,0.03201,0,0.437773608505,0.0320088307271,0.365296958569,2839596.21,28395.9621,-1.6340928237,OKX_CONTRACT_OI_HISTORY,6230975.28,623097.528,-0.059691915512,OKX_CONTRACT_OI_HISTORY,1.5,0.6,0.4,OKX_GLOBAL_ACCOUNT_RATIO,1.54,0.606299212598,0.393700787402,OKX_GLOBAL_ACCOUNT_RATIO,5.9534112371e-05,OKX_FUNDING_HISTORY,9.66188692278e-05,OKX_FUNDING_HISTORY,PRICE_UP_OI_DOWN,PRICE_UP_OI_DOWN,PASS,PASS,0.89741707387,0.920018045888,0,0.0226009720185,-1.51861201181,-0.306247909669,2.24167900077,2.10951891883,-0.0936329588015,-0.132160081943,-0.523453112583,2.07977831231,2.21681776327,2.44311328277,0.219160926738,0.226295519495,-1.27942947973,-2.72911496207,3.34865805579,4.26264164763,0.882445635046,0.913983591836,-0.129182982788,-3.11791317104,1.65212965557,1.13185003391,-0.497357786758,-0.520279621661,2.20668324548,-2.33915225126
2026-09-18T09:00:00Z,2026-09-18T11:00:00+02:00,2026-09-18T14:00:00Z,78271.48,78490.79,77961.57,78212.01,1198.98878,93797887.7619,122803,618.04782,48357417.4176,45440470.3444,0.515549108529,-0.0768344807189,0.678821629682,2505.4,2521.65,2501.66,2508.42,32417.4596,81408450.1018,193389,18477.2057,46412032.8869,34996417.2149,0.570113210961,0.12053963439,0.799069417907,0.03201,0.03217,0.032,0.03206,0.156201187129,0.53125,0.0320720564527,-3.7591766929,2857208.21,28572.0821,0.620229028972,OKX_CONTRACT_OI_HISTORY,6217007.15,621700.715,-0.224172450898,OKX_CONTRACT_OI_HISTORY,1.46,0.593495934959,0.406504065041,OKX_GLOBAL_ACCOUNT_RATIO,1.52,0.603174603175,0.396825396825,OKX_GLOBAL_ACCOUNT_RATIO,,,,,PRICE_DOWN_OI_UP,PRICE_UP_OI_DOWN,PASS,PASS,0.926796724383,1.12068757004,0.156201187129,0.19389084566,-0.821286045703,-0.456118761923,2.35050712647,2.48362701879,0.0624219725343,0.133119892323,0.185141764268,1.74980561382,2.28063877659,2.84835687488,0.501567398119,0.567718098298,-0.658050213241,-2.63290974673,2.92001894911,4.25989118553,1.26342387871,1.33987223642,0.776621451394,-3.06631560009,1.59508365694,1.37774670315,-0.248911014312,-0.217336953791,1.83965508578,-2.7272590041
2026-09-18T10:00:00Z,2026-09-18T12:00:00+02:00,2026-09-18T14:00:00Z,78212,78369.86,78102,78285.34,396.04476,30981260.7332,68295,218.58894,17100634.7664,13880625.9668,0.551967039484,0.0937579791134,0.342961767944,2508.41,2521.1,2507.81,2513.79,11218.3519,28215768.5252,96282,6198.724,15590542.6915,12625225.8337,0.552547157367,0.214078981989,0.529944453527,0.03208,0.03219,0.03208,0.03211,0.155957579538,0.34289276808,0.0321106097259,-0.189883005342,2876159.71,28761.5971,0.663287328297,OKX_CONTRACT_OI_HISTORY,6315855.76,631585.576,1.58997098789,OKX_CONTRACT_OI_HISTORY,1.44,0.590163934426,0.409836065574,OKX_GLOBAL_ACCOUNT_RATIO,1.48,0.596774193548,0.403225806452,OKX_GLOBAL_ACCOUNT_RATIO,,,,,PRICE_UP_OI_UP,PRICE_UP_OI_UP,PASS,PASS,0.877970207721,1.05566566031,0.155957579538,0.177695452592,-0.189105115851,0.570189629041,2.44090552211,2.77734620951,0.312402374258,0.336440687399,0.627563800543,3.34082484705,2.46502677089,3.20775477694,0.721455457967,0.742728006047,0.659154508934,-0.846736091068,3.02031051372,4.45617169807,1.42135186355,1.43586118435,1.31781976864,-1.14920569906,1.59828587299,1.2123139857,-0.372323921812,-0.385971887289,2.20239328723,-1.64702467786
2026-09-18T11:00:00Z,2026-09-18T13:00:00+02:00,2026-09-18T14:00:00Z,78285.35,78450.01,78026,78062,564.41098,44120661.5054,98258,247.50423,19350198.8564,24770462.649,0.438574540729,-0.285289685144,0.543421423628,2513.79,2518.28,2499.76,2508.12,13469.6692,33774099.3889,135186,6801.3447,17053893.8984,16720205.4904,0.504940004531,-0.22555583402,0.740871123628,0.03211,0.03216,0.03202,0.03213,0.0622858922454,0.437226733292,0.0321298455074,0.0480838237404,2875475.14,28754.7514,-0.023801529436,OKX_CONTRACT_OI_HISTORY,6311560.45,631156.045,-0.0680083612296,OKX_CONTRACT_OI_HISTORY,1.39,0.581589958159,0.418410041841,OKX_GLOBAL_ACCOUNT_RATIO,1.44,0.590163934426,0.409836065574,OKX_GLOBAL_ACCOUNT_RATIO,,,,,PRICE_DOWN_OI_DOWN,PRICE_DOWN_OI_DOWN,PASS,PASS,0.339327445522,0.727710843373,0.37488284911,0.388383397851,-0.39121769746,1.2328355549,2.15264899791,2.48602530156,0.343535290443,0.333376303646,0.417847321394,3.08336819853,2.06584555843,2.68196723996,0.626370184779,0.616121681528,0.444296332315,-0.79379419704,2.37639344262,3.52966428769,1.13314447592,1.15327084507,1.38344843548,-0.733786469022,1.45826599191,1.28048263414,-0.217391304348,-0.177783357771,2.47041978939,-1.24592727843
2026-09-18T12:00:00Z,2026-09-18T14:00:00+02:00,2026-09-18T14:00:00Z,78062.01,78182.01,77982.88,78043.11,508.65462,39708299.859,80927,209.83449,16381489.6424,23326810.2165,0.412545732268,-0.0241987138428,0.255350918048,2508.12,2511.22,2500.4,2502.24,11306.4803,28314937.2131,95375,4916.2089,12312231.4725,16002705.7406,0.43483167135,-0.23443854361,0.432730763078,0.03213,0.03213,0.03204,0.03205,-0.248988484283,0.280898876405,0.0320622794248,-3.82986643967,2868873.21,28688.7321,-0.229594403657,OKX_CONTRACT_OI_HISTORY,6339676.32,633967.632,0.445466223808,OKX_CONTRACT_OI_HISTORY,1.37,0.57805907173,0.42194092827,OKX_GLOBAL_ACCOUNT_RATIO,1.43,0.588477366255,0.411522633745,OKX_GLOBAL_ACCOUNT_RATIO,,,,,PRICE_DOWN_OI_DOWN,PRICE_DOWN_OI_UP,PASS,PASS,-0.292620044294,-0.126127564461,0.124960949703,0.166492479833,1.03102687266,1.74452690173,1.89725812769,2.2014916229,0.250234594933,0.304233495203,0.330175355416,3.04045402319,1.70260367316,1.713765406,-0.0311915159077,0.0111617328401,1.14666107008,-1.01839334055,2.73157154744,3.96672719038,1.16792929293,1.23515564295,1.43239298698,0.639093570744,1.41046406693,0.929739148674,-0.558485882718,-0.480724918252,0.312279388024,-0.945600636875
2026-09-18T13:00:00Z,2026-09-18T15:00:00+02:00,2026-09-18T14:00:00Z,78043.12,80500,77972.3,80073.09,3127.05627,248583225.364,341061,1988.9151,157978832.627,90604392.7368,0.635516867222,2.60110085311,3.24179227751,2502.23,2578,2494.37,2554.63,54741.4793,138982770.531,410332,31205.8632,79195173.7538,59787596.7774,0.569820082383,2.09372402328,3.35275039389,0.03205,0.03208,0.03186,0.03191,-0.436817472699,0.690521029504,0.0319037269575,1.96624129522,2911864.08,29118.6408,1.49852805799,OKX_CONTRACT_OI_HISTORY,6163519.12,616351.912,-2.77864659185,OKX_CONTRACT_OI_HISTORY,1.24,0.553571428571,0.446428571429,OKX_GLOBAL_ACCOUNT_RATIO,1.36,0.576271186441,0.423728813559,OKX_GLOBAL_ACCOUNT_RATIO,,,,,PRICE_UP_OI_UP,PRICE_UP_OI_DOWN,PASS,PASS,2.37953224831,1.8421954856,-0.467872738615,-0.537336762704,1.91291169501,-0.860350144523,4.3379020721,3.94731488188,-0.405742821473,-0.390587190219,1.81983796819,-0.46914325724,4.40584258992,3.74089851412,-0.653798256538,-0.664944075798,1.32278970389,-3.50504473466,5.85236418947,6.70924515771,0.853350189633,0.85688096824,2.45512696667,-1.4672714322,4.50845138861,4.09895519225,-0.374648766781,-0.409496196354,0.433264216478,-4.32041691635
2026-09-18T14:00:00Z,2026-09-18T16:00:00+02:00,2026-09-18T18:00:00Z,80073.09,80989.99,80073.09,80937.83,3674.82612,295917272.661,409949,2071.56354,166775128.866,129142143.795,0.563587003105,1.07993834133,1.14507882736,2554.63,2586.28,2554.47,2582.57,56383.7424,144835452.667,464927,30356.1954,77990177.2047,66845275.462,0.538474356718,1.0937004576,1.24526809867,0.0319,0.03195,0.03183,0.03191,0,0.377002827521,0.031908070676,0.604650793588,2970176.88,29701.7688,2.0025934727,OKX_CONTRACT_OI_HISTORY,6217213.58,621721.358,0.871165627211,OKX_CONTRACT_OI_HISTORY,1.12,0.528301886792,0.471698113208,OKX_GLOBAL_ACCOUNT_RATIO,1.25,0.555555555556,0.444444444444,OKX_GLOBAL_ACCOUNT_RATIO,,,,,PRICE_UP_OI_UP,PRICE_UP_OI_UP,PASS,PASS,3.3882333525,2.73610763031,-0.622858922454,-0.652125722191,3.26884385707,-1.56181812486,5.13003923973,4.86018344452,-0.28125,-0.269855795211,3.07324885856,0.656166290747,5.79768284575,4.92195561911,-0.839030453698,-0.87572722664,3.92557692318,-1.36385980352,6.92227332306,8.03788439737,1.04496516783,1.11561107431,4.4544023145,-1.30912339603,6.57846691179,7.23221737343,0.630715862504,0.65375046164,2.03897984645,-1.85971270891
2026-09-18T15:00:00Z,2026-09-18T17:00:00+02:00,2026-09-18T18:00:00Z,80937.83,81154.67,80501,80725.6,1900.06383,153601586.886,247038,917.67957,74218755.1929,79382831.6928,0.483190028812,-0.262213602712,0.812002335375,2582.57,2597.66,2565.59,2584.06,33129.1085,85527566.6058,271311,16133.57,41663720.9316,43863845.6743,0.48713792038,0.0576944671393,1.25000487217,0.03191,0.03201,0.03184,0.032,0.282043246631,0.53391959799,0.0320104155311,-3.25379441654,2995096.78,29950.9678,0.83900390471,OKX_CONTRACT_OI_HISTORY,6299124.47,629912.447,1.31748554149,OKX_CONTRACT_OI_HISTORY,1.05,0.512195121951,0.487804878049,OKX_GLOBAL_ACCOUNT_RATIO,1.17,0.539170506912,0.460829493088,OKX_GLOBAL_ACCOUNT_RATIO,,,,,PRICE_DOWN_OI_UP,PRICE_UP_OI_UP,PASS,PASS,3.41215956547,3.02776581663,-0.404606286959,-0.384393748846,4.16006517796,-0.197034950366,4.31891978998,4.21950117769,-0.124843945069,-0.0994186122905,4.43127250484,1.2828415485,5.13882454561,4.60637905978,-0.559353635799,-0.532445485829,4.0425855921,1.50914706891,6.51443934501,7.99495143683,1.32995566814,1.48051209182,6.08004763453,0.0998650828586,5.50710999582,6.5829091839,0.978226569896,1.07579918808,3.57807061862,-2.20456275182
2026-09-18T16:00:00Z,2026-09-18T18:00:00+02:00,2026-09-18T18:00:00Z,80725.6,81258.01,80671.53,80846.74,1155.99511,93579466.3441,214129,513.87197,41598089.329,51981377.0151,0.444521548948,0.150063920243,0.726997492176,2584.07,2610,2578.93,2597.25,36481.5097,94729497.0675,283861,22500.1337,58423332.3233,36306164.7442,0.616738546408,0.510437064155,1.20476321575,0.03201,0.03214,0.03197,0.03212,0.375,0.531748514232,0.0321255996222,-1.74304052363,3004498.22,30044.9822,0.313894364375,OKX_CONTRACT_OI_HISTORY,6292055.88,629205.588,-0.112215436187,OKX_CONTRACT_OI_HISTORY,1.03,0.507389162562,0.492610837438,OKX_GLOBAL_ACCOUNT_RATIO,1.13,0.530516431925,0.469483568075,OKX_GLOBAL_ACCOUNT_RATIO,8.98885586635e-05,OKX_FUNDING_HISTORY,9.8214674002e-05,OKX_FUNDING_HISTORY,PRICE_UP_OI_UP,PRICE_UP_OI_DOWN,PASS,PASS,3.59241193745,3.79699788989,0.218408736349,0.204585952437,4.72746615386,-0.751149389911,4.21621540794,4.61982791957,0.343642611684,0.403612511625,4.20043310089,0.671023531846,5.33302342331,5.12415761035,-0.186451211933,-0.208865812963,3.95768508308,1.51503716532,6.70301446521,8.57841600301,1.7099430019,1.8754015378,6.57670799696,0.304589749327,5.83696392103,7.22070394742,1.29296751813,1.38374002639,4.49719936732,-2.19053162793
2026-09-18T17:00:00Z,2026-09-18T19:00:00+02:00,2026-09-18T18:00:00Z,80846.75,81019.01,80555.54,81019,719.2946,58113004.1701,150993,342.46122,27677960.0915,30435044.0786,0.476278252807,0.213069815802,0.575342180066,2597.26,2610,2585.26,2607.44,19339.7904,50205156.962,177613,11869.776,30823467.782,19381689.18,0.61395023235,0.39233804986,0.956963709646,0.03211,0.03224,0.03204,0.03219,0.217932752179,0.624219725343,0.0321830681692,2.1538750652,3002053.71,30020.5371,-0.0813616724326,OKX_CONTRACT_OI_HISTORY,6352669.23,635266.923,0.963331400038,OKX_CONTRACT_OI_HISTORY,1.01,0.502487562189,0.497512437811,OKX_GLOBAL_ACCOUNT_RATIO,1.09,0.521531100478,0.478468899522,OKX_GLOBAL_ACCOUNT_RATIO,,,,,PRICE_UP_OI_DOWN,PRICE_UP_OI_UP,PASS,PASS,1.18130822727,2.06722695655,0.877467878408,0.885918729275,3.09731592966,3.06886546983,4.54900908202,5.11243156953,0.562324273664,0.56342248751,4.20655559419,1.7160405511,5.67531166254,5.87084069269,0.217932752179,0.195529030153,4.67990771512,2.584836312,6.93035226872,9.06277057182,2.02852614897,2.1324183031,7.57794321519,2.9182931428,5.27143265508,6.80932816103,1.48171500631,1.53789550596,7.18273650189,-1.37820799003
2026-09-18T18:00:00Z,2026-09-18T20:00:00+02:00,2026-09-18T21:00:00Z,81019,81148,80796.92,80938.43,787.61867,63763582.394,133447,414.94314,33599411.0127,30164171.3813,0.526937316745,-0.0994458090078,0.434521513939,2607.44,2626.36,2601.48,2613.15,30243.9327,79021277.2681,193722,19314.5758,50463376.4238,28557900.8443,0.638604919692,0.218988739913,0.956378676753,0.03219,0.03239,0.03217,0.03228,0.279589934762,0.683866956792,0.0322856521927,-1.75068250961,2995854.99,29958.5499,-0.206482648174,OKX_CONTRACT_OI_HISTORY,6325578.55,632557.855,-0.426445624968,OKX_CONTRACT_OI_HISTORY,1.01,0.502487562189,0.497512437811,OKX_GLOBAL_ACCOUNT_RATIO,1.12,0.528301886792,0.471698113208,OKX_GLOBAL_ACCOUNT_RATIO,,,,,PRICE_DOWN_OI_DOWN,PRICE_UP_OI_DOWN,PASS,PASS,0.00074130971881,1.18409181552,1.15951112504,1.1833505058,0.864531340639,1.74298290714,4.29672439565,5.04998934686,0.686213349969,0.753264951212,3.96466039608,0.72500995287,5.69691845848,6.57001284639,0.843486410497,0.873094387912,4.87666122949,2.50698323494,7.0161175164,8.96978795271,1.82965299685,1.95367043632,8.23136831989,2.64076205345,6.49793421053,8.73898316369,2.08728652751,2.24104895317,8.99442381767,1.46780944164
2026-09-18T19:00:00Z,2026-09-18T21:00:00+02:00,2026-09-18T21:00:00Z,80938.44,81400,80912,81204.76,838.29021,68062771.6665,157676,415.38779,33730932.9729,34331838.6936,0.495585650525,0.329052589728,0.603124382045,2613.16,2646,2611.96,2636.71,33033.6693,86984674.5952,259780,20561.5372,54148065.3742,32836609.221,0.622501212152,0.901593861814,1.30323588416,0.03229,0.03252,0.03229,0.03248,0.619578686493,0.71229482812,0.0324698946219,3.11223001392,2980471.92,29804.7192,-0.513478457781,OKX_CONTRACT_OI_HISTORY,6203261.34,620326.134,-1.93369205731,OKX_CONTRACT_OI_HISTORY,1.03,0.507389162562,0.492610837438,OKX_GLOBAL_ACCOUNT_RATIO,1.13,0.530516431925,0.469483568075,OKX_GLOBAL_ACCOUNT_RATIO,,,,,PRICE_UP_OI_DOWN,PRICE_UP_OI_DOWN,PASS,PASS,0.593566353177,2.03749138952,1.5,1.44392503634,-0.488293403327,-1.52184848,4.37896804815,5.89196787149,1.46829115901,1.51299982333,3.24595560166,-0.50420334067,6.01972660786,7.66695930909,1.56347717323,1.64723270123,4.4534923917,1.27169293,6.73601472135,9.47064684879,2.59001895136,2.73463212745,5.45166839857,-0.332977622369,6.58683797965,9.10599383444,2.39596469105,2.51915585479,7.75530146797,0.0159643132276
2026-09-18T20:00:00Z,2026-09-18T22:00:00+02:00,2026-09-18T21:00:00Z,81204.77,81235,80941.65,81110.01,620.55238,50324328.4463,109366,235.30239,19081416.2999,31242912.1464,0.379168821304,-0.116680352236,0.362421571589,2636.71,2640,2624.64,2631.95,14297.7616,37644724.5182,130989,7424.5312,19550141.7658,18094582.7524,0.519332841879,-0.180528006493,0.585223116313,0.03246,0.03251,0.03242,0.03245,-0.0923645320197,0.277606415793,0.0324491391383,0.265295693307,2968790.91,29687.9091,-0.391918136239,OKX_CONTRACT_OI_HISTORY,6205396.48,620539.648,0.0344196364296,OKX_CONTRACT_OI_HISTORY,1.02,0.50495049505,0.49504950495,OKX_GLOBAL_ACCOUNT_RATIO,1.1,0.52380952381,0.47619047619,OKX_GLOBAL_ACCOUNT_RATIO,,,,,PRICE_DOWN_OI_DOWN,PRICE_DOWN_OI_UP,PASS,PASS,0.325640835982,1.33602849167,1.02739726027,1.01038765569,-1.1884616793,-1.37728274594,3.6256318499,5.05108964636,1.37457044674,1.42545779647,4.54975603732,-0.410510375191,5.9485858785,7.26716225689,1.27965043695,1.3185763784,4.00248708514,1.66073023137,6.47384807808,9.16243612715,2.5600505689,2.68858804907,5.06160906572,-0.0724347237713,6.81471474904,9.30206481835,2.36593059937,2.48735006931,7.20116652617,0.384496750203
2026-09-18T21:00:00Z,2026-09-18T23:00:00+02:00,2026-09-19T00:00:00Z,81110.01,81300,81092,81238.2,488.11936,39634279.6717,76837,225.13848,18281146.6718,21353132.9999,0.461245841308,0.158044611263,0.256498791496,2631.95,2640.21,2624.83,2626.68,13997.5231,36851159.7008,93988,8180.9884,21544667.4356,15306492.2651,0.5846401473,-0.200231767321,0.585942708671,0.03246,0.03247,0.03233,0.03234,-0.338983050847,0.433034333436,0.0323330649867,2.14486728494,2967891.31,29678.9131,-0.0303018982229,OKX_CONTRACT_OI_HISTORY,6207404.64,620740.464,0.0323615099611,OKX_CONTRACT_OI_HISTORY,1.02,0.50495049505,0.49504950495,OKX_GLOBAL_ACCOUNT_RATIO,1.08,0.519230769231,0.480769230769,OKX_GLOBAL_ACCOUNT_RATIO,,,,,PRICE_UP_OI_DOWN,PRICE_DOWN_OI_UP,PASS,PASS,0.270553820709,0.737888503666,0.465983224604,0.467334682958,-1.13796764815,-2.28667013409,3.86921394809,4.71452149162,0.873362445415,0.845307543528,3.87381989218,-0.154455508387,6.31066722414,7.31523963998,0.936329588015,1.00457241584,4.06613371494,1.59264743428,6.92613456881,9.22018844545,2.18009478673,2.29405387664,5.45056931731,0.430661218823,7.66607668131,9.86477499446,2.08333333333,2.19869831315,6.74224306229,1.04194508057
2026-09-18T22:00:00Z,2026-09-19T00:00:00+02:00,2026-09-19T00:00:00Z,81238.2,81370.57,81077.55,81139.02,440.33445,35761994.3996,68803,204.89217,16639702.8784,19122291.5212,0.46529012595,-0.122085422868,0.361407072611,2626.69,2634.71,2617.64,2620.03,18439.1116,48430834.4977,89312,8253.3994,21673830.8885,26757003.6092,0.447521318046,-0.253171303699,0.652114118061,0.03234,0.03239,0.03228,0.03229,-0.154607297464,0.340768277571,0.0322906290956,-0.194822960043,2996793.77,29967.9377,0.973838223206,OKX_CONTRACT_OI_HISTORY,6183481.76,618348.176,-0.385392630051,OKX_CONTRACT_OI_HISTORY,1.01,0.502487562189,0.497512437811,OKX_GLOBAL_ACCOUNT_RATIO,1.06,0.514563106796,0.485436893204,OKX_GLOBAL_ACCOUNT_RATIO,,,,,PRICE_DOWN_OI_UP,PRICE_DOWN_OI_DOWN,PASS,PASS,0.247830356976,0.263283776285,0.0309789343246,0.015453419309,0.0313359626261,-2.24638408767,3.64522910675,4.22628779651,0.560573030209,0.581058689762,4.19427542847,-2.0958996695,6.17511122743,7.12101264995,0.874726647923,0.94590142252,4.84816098329,1.17490484062,7.21912979406,9.50418577047,2.11891208096,2.28505597641,6.33746605652,-0.0479178177348,7.2302955014,9.30682742652,1.95768866435,2.07653192512,7.12186516913,0.291744005018
2026-09-18T23:00:00Z,2026-09-19T01:00:00+02:00,2026-09-19T00:00:00Z,81139.03,81200,80862.61,80883.87,631.39344,51140678.4794,76352,310.0479,25118736.2551,26021942.2243,0.491169397864,-0.314460292964,0.417238572933,2620.04,2622.38,2608.23,2612.14,11738.6971,30686515.5879,79643,5511.5166,14408899.4449,16277616.1429,0.469551500681,-0.301141589982,0.542513505327,0.03229,0.0323,0.03222,0.03229,0,0.248292985723,0.0322949433552,-1.53069016209,3002270.19,30022.7019,0.18274263831,OKX_CONTRACT_OI_HISTORY,6187336.77,618733.677,0.062343678685,OKX_CONTRACT_OI_HISTORY,0.99,0.497487437186,0.502512562814,OKX_GLOBAL_ACCOUNT_RATIO,1.03,0.507389162562,0.492610837438,OKX_GLOBAL_ACCOUNT_RATIO,,,,,PRICE_DOWN_OI_UP,PRICE_DOWN_OI_UP,PASS,PASS,-0.395161564421,-0.931843092339,-0.584975369458,-0.536681527918,0.731369748989,-0.256712866461,3.61490866235,4.14732947387,0.497976968565,0.532420811524,4.40953386229,-1.96819282623,5.84537395535,6.73645843549,0.843222985634,0.891084480134,4.84580630281,1.05448874061,6.13843973723,8.0173347779,1.76489127009,1.87889504066,6.18785627183,-0.141694241372,6.92633487599,8.91813231259,1.82907600126,1.9917974366,7.81332771692,0.280915526822
2026-09-19T00:00:00Z,2026-09-19T02:00:00+02:00,2026-09-19T05:00:00Z,80883.86,81668.99,80844.58,81668.98,754.37622,61284330.035,108783,481.1917,39098794.8889,22185535.1461,0.637990084358,0.970663248433,1.01974677832,2612.14,2626.99,2606.87,2626.78,13955.592,36521649.1703,91548,7560.8977,19790512.7489,16731136.4215,0.541884421937,0.560460005972,0.771806802794,0.03229,0.03229,0.03217,0.03217,-0.371632084237,0.373018340068,0.032163741974,1.94567721697,3072589.16,30725.8916,2.34219325876,OKX_CONTRACT_OI_HISTORY,6188976.43,618897.643,0.0265002546483,OKX_CONTRACT_OI_HISTORY,1.01,0.502487562189,0.497512437811,OKX_GLOBAL_ACCOUNT_RATIO,1.06,0.514563106796,0.485436893204,OKX_GLOBAL_ACCOUNT_RATIO,0.0001,OKX_FUNDING_HISTORY,0.0001,OKX_FUNDING_HISTORY,PRICE_UP_OI_UP,PRICE_UP_OI_UP,PASS,PASS,0.689150451344,-0.196432303045,-0.862865947612,-0.885582754389,3.49631392532,-0.264609200281,4.64598348272,4.97714048213,0.374414976599,0.331156999409,7.10090460917,-2.37709123295,6.63138790965,7.2882034358,0.625586487332,0.656815526149,7.45452540161,0.591088424215,6.97670519422,8.59398900327,1.51467339855,1.61728380905,8.3619210648,-1.64903930999,7.78238956027,9.48794364671,1.54671717172,1.70555408643,9.91547271431,-0.833293366333
2026-09-19T01:00:00Z,2026-09-19T03:00:00+02:00,2026-09-19T05:00:00Z,81668.99,81741,81050,81280.99,565.42177,45998018.8092,126630,215.5588,17540503.3652,28457515.444,0.381331714263,-0.475076338654,0.852560148057,2626.79,2627,2602.94,2612.79,13814.2159,36106901.9382,97129,6234.588,16302399.9117,19804502.0266,0.451503702521,-0.532591233373,0.924339400831,0.03216,0.0322,0.0321,0.03215,-0.0621697233447,0.311526479751,0.0321451547281,1.50731019332,3098945.45,30989.4545,0.857787638618,OKX_CONTRACT_OI_HISTORY,6237849.4,623784.94,0.789677752901,OKX_CONTRACT_OI_HISTORY,1.02,0.50495049505,0.49504950495,OKX_GLOBAL_ACCOUNT_RATIO,1.05,0.512195121951,0.487804878049,OKX_GLOBAL_ACCOUNT_RATIO,,,,,PRICE_DOWN_OI_UP,PRICE_DOWN_OI_UP,PASS,PASS,0.0526722650182,-0.528804422313,-0.587507730365,-0.581476687331,4.41573246158,0.490458762811,1.50849679961,2.27665063042,0.75211532435,0.768153830813,6.42479747887,1.20597143536,5.91183598564,6.31383208144,0.343320848939,0.401996095809,8.36155635096,0.731170444445,6.42465565274,7.6298520743,1.13243158226,1.20519642156,8.65244028122,-0.614222122513,7.6724281135,9.27603513174,1.51562993369,1.60360701824,11.1601025674,0.0653889685945
2026-09-19T02:00:00Z,2026-09-19T04:00:00+02:00,2026-09-19T05:00:00Z,81281,81445.71,81264,81304.72,394.3587,32077360.9701,70904,144.46652,11750967.4464,20326393.5237,0.366332113709,0.029195018417,0.223604548139,2612.79,2623.74,2612,2623.31,5463.8355,14310021.1801,52206,3242.9697,8494568.26896,5815452.91117,0.593609762141,0.402634731456,0.449464012251,0.03215,0.03227,0.03214,0.03227,0.373250388802,0.404480398258,0.0322651624654,1.49930583881,3102642.09,31026.4209,0.119287030367,OKX_CONTRACT_OI_HISTORY,6243184.64,624318.464,0.0855301187617,OKX_CONTRACT_OI_HISTORY,1.01,0.502487562189,0.497512437811,OKX_GLOBAL_ACCOUNT_RATIO,1.05,0.512195121951,0.487804878049,OKX_GLOBAL_ACCOUNT_RATIO,,,,,PRICE_UP_OI_UP,PRICE_UP_OI_UP,PASS,PASS,0.204217403661,0.125189406228,-0.0619386807061,-0.0790279974328,3.53205219056,0.965522052417,0.453298537902,1.57749838339,1.12817298652,1.12419984549,4.45984247241,0.417728290428,5.6065921705,6.51435114318,0.84375,0.90775897268,7.67015338885,1.0766355734,6.46158092686,7.99647601757,1.44608613644,1.53489509071,8.47588077839,-1.00208410059,7.14011149568,9.16812317936,1.92672141503,2.02801168368,11.0841987578,0.239011513368
2026-09-19T03:00:00Z,2026-09-19T05:00:00+02:00,2026-09-19T05:00:00Z,81304.73,81402.01,81114.08,81136.01,229.75185,18665023.137,46925,87.22655,7086090.79128,11578932.3457,0.379645433026,-0.20750332822,0.354969198936,2623.31,2632.3,2619.41,2620.18,4198.6476,11018780.9122,47661,2180.3731,5722799.18333,5295981.72884,0.51936772579,-0.119314911314,0.492095548234,0.03227,0.03234,0.03227,0.0323,0.092965602727,0.216919739696,0.0322936757674,1.95835018968,3109520.46,31095.2046,0.221693956327,OKX_CONTRACT_OI_HISTORY,6232956.51,623295.651,-0.163828728282,OKX_CONTRACT_OI_HISTORY,1.01,0.502487562189,0.497512437811,OKX_GLOBAL_ACCOUNT_RATIO,1.04,0.509803921569,0.490196078431,OKX_GLOBAL_ACCOUNT_RATIO,,,,,PRICE_DOWN_OI_UP,PRICE_DOWN_OI_DOWN,PASS,PASS,0.311730880335,0.307793609837,0.0309693403531,-0.00393727049783,3.57230572909,0.737308177909,0.508401300207,1.39780036067,0.9375,0.889399060466,3.82036669947,-1.05043106094,4.84927853455,5.67628174104,0.811485642946,0.827003206488,8.42093006345,0.218935121476,6.14063030018,7.55810612218,1.34923125196,1.417475822,8.46205893433,-1.63977067411,7.00569648057,9.08508051758,1.92489744399,2.079384037,11.174756418,-0.731117949009
2026-09-19T04:00:00Z,2026-09-19T06:00:00+02:00,2026-09-19T05:00:00Z,81136.02,81228.03,80911.12,81024,323.92635,26260930.5731,63706,128.50816,10420115.8091,15840814.764,0.396791567614,-0.138052142322,0.391676694131,2620.17,2627.68,2612.21,2619.66,6158.2074,16129404.3655,52009,3802.2078,9958701.03108,6170703.33438,0.617425219521,-0.019845964781,0.592218849174,0.03229,0.03236,0.03228,0.03232,0.061919504644,0.247831474597,0.0323319016588,-3.68108838552,3114796.12,31147.9612,0.169661530383,OKX_CONTRACT_OI_HISTORY,6226345.59,622634.559,-0.106063951985,OKX_CONTRACT_OI_HISTORY,1,0.5,0.5,OKX_GLOBAL_ACCOUNT_RATIO,1.03,0.507389162562,0.492610837438,OKX_GLOBAL_ACCOUNT_RATIO,,,,,PRICE_DOWN_OI_UP,PRICE_DOWN_OI_DOWN,PASS,PASS,-0.789749057721,-0.271054294612,0.466272925085,0.518694763109,1.37366103316,0.603801944032,0.219254357071,0.862835691597,0.622665006227,0.643581334526,3.67109220654,-1.04433735576,4.444714001,5.52252513534,0.9684473602,1.07781113435,8.02572707963,-0.380321573321,5.85863748551,7.26595992974,1.2848636791,1.40732244422,8.34573773222,-1.57013510627,6.80161689296,8.97586828016,1.95583596215,2.1742513872,10.4662505076,-0.81866240927
2026-09-19T05:00:00Z,2026-09-19T07:00:00+02:00,2026-09-19T09:00:00Z,81024.01,81146.01,81012,81040.01,235.78799,19113592.8169,47112,76.92008,6235422.27063,12878170.5462,0.326229732441,0.0197595774092,0.165419937787,2619.67,2633.33,2619.66,2628.93,6261.1269,16462544.907,53841,4048.1524,10644504.3536,5818040.55336,0.64658923719,0.353862715009,0.521823442737,0.03234,0.03247,0.03234,0.03244,0.371287128713,0.401978973408,0.0324399022162,0.0301430620042,3116552.2,31165.522,0.0563786499131,OKX_CONTRACT_OI_HISTORY,6294929.83,629492.983,1.10151675664,OKX_CONTRACT_OI_HISTORY,1,0.5,0.5,OKX_GLOBAL_ACCOUNT_RATIO,1.01,0.502487562189,0.497512437811,OKX_GLOBAL_ACCOUNT_RATIO,,,,,PRICE_UP_OI_UP,PRICE_UP_OI_UP,PASS,PASS,-0.296477688079,0.617730472024,0.902021772939,0.914208160104,0.568152950224,0.91506585587,0.0259321887458,0.824180038659,0.776638707673,0.798247849913,3.81400537967,-0.908899832646,4.57612092838,5.97874724867,1.34333020931,1.40262632029,8.18099923052,0.791543628762,6.1651916554,7.86681437715,1.59724397119,1.70162272176,8.55460011614,-0.69978250628,6.68492052804,9.20340454521,2.39898989899,2.51848401717,10.5085048158,0.00428712593352
2026-09-19T06:00:00Z,2026-09-19T08:00:00+02:00,2026-09-19T09:00:00Z,81040.01,81101.68,80925.76,81052.01,223.96356,18147436.4847,42451,89.87955,7283105.37402,10864331.1107,0.401329707375,0.0148075006407,0.217384427406,2628.93,2630.56,2620.48,2627.29,3837.199,10079083.4769,48984,1528.912,4015726.84508,6063356.63181,0.39842182618,-0.062382794521,0.384662351936,0.03244,0.03245,0.03238,0.03242,-0.0616522811344,0.216182828907,0.0324148654672,1.58400557228,3108654.02,31086.5402,-0.253426847784,OKX_CONTRACT_OI_HISTORY,6308006.79,630800.679,0.207737978868,OKX_CONTRACT_OI_HISTORY,1,0.5,0.5,OKX_GLOBAL_ACCOUNT_RATIO,1,0.5,0.5,OKX_GLOBAL_ACCOUNT_RATIO,,,,,PRICE_UP_OI_DOWN,PRICE_DOWN_OI_UP,PASS,PASS,-0.310818363313,0.151716724291,0.464828013635,0.462535087604,0.193768079772,1.03828660752,0.140328889503,0.541109389052,0.433705080545,0.400780499549,3.76516988895,-0.277788977895,4.44308283078,5.61842470242,1.12289457268,1.17534187163,7.87910648446,0.445206977238,5.98158019129,7.6065810114,1.53460695271,1.62500082011,8.18531735822,-1.20711912385,6.60528651778,9.16248748322,2.40050536955,2.55720096544,9.97752929178,-0.596639663251
2026-09-19T07:00:00Z,2026-09-19T09:00:00+02:00,2026-09-19T09:00:00Z,81052.02,81250,81032,81100.16,250.51895,20322067.1628,46836,121.73402,9875168.03733,10446899.1255,0.485933244793,0.0594062997327,0.269029519202,2627.3,2636,2623.46,2626.95,5876.9395,15445894.9863,57570,3029.737,7963044.82141,7482850.16493,0.515544410243,-0.0129410913908,0.477994709277,0.03242,0.03244,0.03238,0.0324,-0.0616903146206,0.185299567634,0.032391428081,2.64635413693,3104683.61,31046.8361,-0.127721192981,OKX_CONTRACT_OI_HISTORY,6320261.23,632026.123,0.194268021706,OKX_CONTRACT_OI_HISTORY,1,0.5,0.5,OKX_GLOBAL_ACCOUNT_RATIO,1,0.5,0.5,OKX_GLOBAL_ACCOUNT_RATIO,,,,,PRICE_UP_OI_DOWN,PRICE_DOWN_OI_UP,PASS,PASS,-0.0441850665321,0.258379195322,0.30959752322,0.302564261855,-0.155549708137,1.40069515743,-0.128810183048,-0.370158265414,-0.246305418719,-0.241348082366,4.16751753863,1.8861028673,4.24451730835,5.5,1.21836925961,1.25548269165,7.54874890929,1.37238973297,6.06491316819,7.46940929565,1.37672090113,1.40449612746,7.68083393262,-1.06876970158,7.03941827689,9.59507042254,2.40202275601,2.55565214565,9.85479844928,-0.324912215781
2026-09-19T08:00:00Z,2026-09-19T10:00:00+02:00,2026-09-19T09:00:00Z,81100.17,81413.27,81075.28,81312.01,342.31658,27813191.8662,71258,217.35258,17656410.9822,10156780.884,0.634821456922,0.261220199812,0.416884160005,2626.96,2662.85,2623.95,2645.23,22200.3901,58755612.4161,140016,14938.5585,39528598.4008,19227014.0153,0.672762937452,0.69586402482,1.48249776101,0.03239,0.0327,0.03237,0.03253,0.401234567901,1.01946246525,0.0325318486162,-0.568248129653,3091696.69,30916.9669,-0.418300916659,OKX_CONTRACT_OI_HISTORY,6286200.14,628620.014,-0.538919021864,OKX_CONTRACT_OI_HISTORY,1.01,0.502487562189,0.497512437811,OKX_GLOBAL_ACCOUNT_RATIO,1.03,0.507389162562,0.492610837438,OKX_GLOBAL_ACCOUNT_RATIO,0.0001,OKX_FUNDING_HISTORY,8.1149713026e-05,OKX_FUNDING_HISTORY,PRICE_UP_OI_DOWN,PRICE_UP_OI_DOWN,PASS,PASS,0.355462578989,0.976080865456,0.649752475248,0.620618286467,-0.741603273861,0.961311079426,0.249044476754,0.504568855791,0.246533127889,0.255524379037,4.13992711935,1.30215144609,3.88370576252,5.58114472739,1.62449234614,1.69743896487,8.87803974073,0.886295604113,6.18661820501,8.16061169832,1.84721352536,1.97399349331,7.48502200334,-1.86700738389,7.36241584419,10.0816905746,2.52127324299,2.71927473039,8.73738784139,-2.2592514943
2026-09-19T09:00:00Z,2026-09-19T11:00:00+02:00,2026-09-19T10:00:00Z,81312.01,81528.01,81246.5,81325.77,433.58513,35286239.4854,77431,198.68722,16172084.625,19114154.8604,0.458311366155,0.0169224693868,0.346488771824,2645.23,2660,2632.32,2640.88,10719.1682,28351867.6507,93013,4812.2327,12732579.8318,15619287.8189,0.44909139633,-0.164446947902,1.05154388524,0.03254,0.03262,0.0324,0.03248,-0.153704272979,0.679012345679,0.032472855775,2.20006058587,3084611.04,30846.1104,-0.229183219134,OKX_CONTRACT_OI_HISTORY,6299662.81,629966.281,0.214162287235,OKX_CONTRACT_OI_HISTORY,1.01,0.502487562189,0.497512437811,OKX_GLOBAL_ACCOUNT_RATIO,1.04,0.509803921569,0.490196078431,OKX_GLOBAL_ACCOUNT_RATIO,,,,,PRICE_UP_OI_DOWN,PRICE_DOWN_OI_UP,PASS,PASS,0.352615948591,0.454557557638,0.123304562269,0.101941609046,-1.02488769481,0.0751871764709,0.107794116561,0.540606392861,0.4329004329,0.4328122763,3.93274947794,1.48625996452,3.98117884964,5.28061488905,1.31004366812,1.29943603941,7.95891700171,1.32950884575,6.35261393484,8.27938252117,1.81818181818,1.92676858633,7.24849311817,-1.33840566896,7.01744897556,9.76545452278,2.59001895136,2.74800554722,8.79734910984,-1.77757369149
2026-09-19T10:00:00Z,2026-09-19T12:00:00+02:00,2026-09-19T12:00:00Z,81325.38,81330.29,81199.99,81216.7,532.29651,43260047.6581,50225,247.98007,20150816.541,23109231.1171,0.465806619083,-0.134114930606,0.160468000058,2640.88,2646.12,2637.92,2638.34,4453.4408,11767527.5696,65297,1876.073,4957221.14033,6810306.42929,0.421262759828,-0.0961800611917,0.310850973494,0.03248,0.03256,0.03247,0.03249,0.0307881773399,0.277178934401,0.0324851908536,1.48041192568,3091740.62,30917.4062,0.231133841757,OKX_CONTRACT_OI_HISTORY,6321930.34,632193.034,0.353471775738,OKX_CONTRACT_OI_HISTORY,1.01,0.502487562189,0.497512437811,OKX_GLOBAL_ACCOUNT_RATIO,1.04,0.509803921569,0.490196078431,OKX_GLOBAL_ACCOUNT_RATIO,,,,,PRICE_DOWN_OI_UP,PRICE_DOWN_OI_UP,PASS,PASS,0.203190519273,0.420585470199,0.215916101172,0.217394950927,-0.544074698927,0.220728202482,0.0957369216439,0.698846959768,0.619386807061,0.603110038124,3.16828107928,2.23900684717,3.74445585853,4.95467004006,1.18343195266,1.21021418153,7.49544294256,0.0961798405605,6.30178446876,8.32135848189,1.91342534504,2.01957401313,8.20400400162,-0.75137063993,6.87786056623,9.63163034219,2.62160454833,2.75376977596,8.91203914004,-1.05413116271
2026-09-19T11:00:00Z,2026-09-19T13:00:00+02:00,2026-09-19T12:00:00Z,81216.71,81374.15,81212.98,81302.63,328.56609,26710528.225,36519,162.30052,13193537.1114,13516991.1136,0.493945196449,0.105803363101,0.198453498443,2638.34,2643.02,2636.47,2639.67,4453.2327,11755486.3561,47591,2118.5451,5592210.51869,6163275.83742,0.4757106894,0.0504104853809,0.248438252664,0.0325,0.0325,0.03243,0.03247,-0.0615574022776,0.215849522047,0.0324672153902,0.857668193373,3098050.56,30980.5056,0.204090212458,OKX_CONTRACT_OI_HISTORY,6323209.06,632320.906,0.0202267334695,OKX_CONTRACT_OI_HISTORY,1.01,0.502487562189,0.497512437811,OKX_GLOBAL_ACCOUNT_RATIO,1.04,0.509803921569,0.490196078431,OKX_GLOBAL_ACCOUNT_RATIO,,,,,PRICE_UP_OI_UP,PRICE_UP_OI_UP,PASS,PASS,0.24965425469,0.48421172843,0.216049382716,0.234557473741,-0.213646568643,0.0466409518962,0.517729925633,1.05392513418,0.557448126355,0.536195208548,3.19026483089,2.1959737291,4.15135405191,5.24496435577,1.0582010582,1.09361030386,7.7404745012,0.184559905467,6.30296017364,8.0675998215,1.6911994989,1.76463964787,8.21916147783,-0.610699317393,6.6264,8.95975827723,2.20333648096,2.33335827723,9.23100841007,-0.550580839169
2026-09-19T12:00:00Z,2026-09-19T14:00:00+02:00,2026-09-19T14:00:00Z,81302.63,81369.86,81223.16,81330,317.04895,25774793.551,47682,134.53118,10937195.2321,14837598.3189,0.424336870456,0.0336643476355,0.180613509743,2639.67,2643.99,2637,2641.91,4844.6426,12795341.0288,56284,2237.1218,5908738.0765,6886602.95227,0.461788244894,0.084859092235,0.265073947668,0.03247,0.03253,0.03245,0.03248,0.0307976593779,0.246533127889,0.0324838313046,-1.1794497163,3096894.05,30968.9405,-0.0373302493811,OKX_CONTRACT_OI_HISTORY,6332692.48,633269.248,0.149977960716,OKX_CONTRACT_OI_HISTORY,1.01,0.502487562189,0.497512437811,OKX_GLOBAL_ACCOUNT_RATIO,1.05,0.512195121951,0.487804878049,OKX_GLOBAL_ACCOUNT_RATIO,,,,,PRICE_UP_OI_DOWN,PRICE_UP_OI_UP,PASS,PASS,0.0221246529264,-0.125508934951,-0.153704272979,-0.147633587877,0.168107046749,0.739593696742,-0.415065793646,0.57599037605,0.963630711843,0.991056169696,0.791023099229,2.32212954154,4.21163380086,5.58179870836,1.34165366615,1.3701649075,7.94809750411,-0.110160829157,5.98594490581,7.39122304966,1.31004366812,1.40527814384,9.18589631408,-1.12743229916,7.05824913888,9.76994062582,2.52525252525,2.71169148694,9.49433848233,0.52822871081
2026-09-19T13:00:00Z,2026-09-19T15:00:00+02:00,2026-09-19T14:00:00Z,81330.01,81366.46,81183.28,81364.01,395.12402,32114243.3211,56113,210.95913,17146444.4299,14967798.8912,0.533920237772,0.0418172875937,0.225637594342,2641.91,2643.5,2629.16,2638.47,7745.3725,20419904.1509,74259,2852.5269,7520473.61299,12899430.5379,0.368291327786,-0.13020882619,0.545421351306,0.03248,0.0325,0.03238,0.03243,-0.1539408867,0.370599135269,0.03242797399,0.624772311226,3100718.69,31007.1869,0.12349922013,OKX_CONTRACT_OI_HISTORY,6338388.1,633838.81,0.0899399428913,OKX_CONTRACT_OI_HISTORY,1,0.5,0.5,OKX_GLOBAL_ACCOUNT_RATIO,1.04,0.509803921569,0.490196078431,OKX_GLOBAL_ACCOUNT_RATIO,,,,,PRICE_UP_OI_UP,PRICE_DOWN_OI_UP,PASS,PASS,0.0470207659884,-0.0912574596347,-0.1539408867,-0.138278225623,0.522193877644,0.61472004404,0.10213950396,0.982857405302,0.870917573872,0.880717901342,0.0572207555315,1.61175260179,1.61217707472,3.28188426504,1.62958320276,1.66970719032,6.48569455206,2.83716131313,6.08904964882,7.14555473886,0.965130759651,1.05650509005,7.89427635571,-0.767327194753,7.55889173798,10.2113190839,2.49683944374,2.6524273459,9.10005355465,1.3282610235
2026-09-19T14:00:00Z,2026-09-19T16:00:00+02:00,2026-09-19T17:00:00Z,81364,81639.61,81342,81586.01,636.7659,51893289.7175,80538,384.06981,31298529.6843,20594760.0332,0.603132502385,0.272847909045,0.365874947751,2638.47,2644.13,2634.93,2639.02,6684.6028,17646878.1835,66775,2829.4506,7470549.34631,10176328.8372,0.423335462999,0.0208454141984,0.349155385532,0.03244,0.03245,0.03235,0.03235,-0.246685168054,0.309119010819,0.0323464770492,1.08912967692,3117601.69,31176.0169,0.544486671895,OKX_CONTRACT_OI_HISTORY,6348557.07,634855.707,0.160434637948,OKX_CONTRACT_OI_HISTORY,1,0.5,0.5,OKX_GLOBAL_ACCOUNT_RATIO,1.04,0.509803921569,0.490196078431,OKX_GLOBAL_ACCOUNT_RATIO,,,,,PRICE_UP_OI_UP,PRICE_UP_OI_UP,PASS,PASS,0.454721750576,0.0257737819993,-0.430901815943,-0.428947968577,0.836456649459,0.421180376372,0.345970074062,0.59886174337,0.247908273939,0.252891669308,0.482156805911,1.68779935363,0.800836889252,2.18580716108,1.37887809464,1.38497027183,4.96350271234,2.11257805945,6.64494971796,7.21534723859,0.52827843381,0.570397520629,9.08392575257,0.719905652958,7.77854633066,10.3993842112,2.43825205826,2.62083788055,9.63899940653,0.775798409781
2026-09-19T15:00:00Z,2026-09-19T17:00:00+02:00,2026-09-19T17:00:00Z,81586.02,81951,81566.79,81636.01,1013.35194,82819079.3421,128019,572.13567,46757656.2942,36061423.0479,0.564575900453,0.0612850168797,0.471037293487,2639.01,2652.1,2637.5,2641.16,8634.3148,22828584.1489,98889,4238.9144,11210150.226,11618433.9229,0.491057621132,0.0810907079143,0.55355450237,0.03235,0.0324,0.03231,0.03236,0.0309119010819,0.278551532033,0.0323528795687,2.20086477154,3100445.65,31004.4565,-0.550296083526,OKX_CONTRACT_OI_HISTORY,6287882.62,628788.262,-0.95572032087,OKX_CONTRACT_OI_HISTORY,1.02,0.50495049505,0.49504950495,OKX_GLOBAL_ACCOUNT_RATIO,1.05,0.512195121951,0.487804878049,OKX_GLOBAL_ACCOUNT_RATIO,,,,,PRICE_UP_OI_DOWN,PRICE_UP_OI_DOWN,PASS,PASS,0.410048235832,0.0564464497456,-0.338774253157,-0.353601786086,0.0773095839985,-0.558678981903,0.616249184548,0.800708348281,0.185758513932,0.184459163733,-0.291839533354,0.881220812497,1.12778350362,2.20970101313,1.125,1.08191750951,3.51737782577,-0.178466865571,6.32456286474,6.91786727767,0.559353635799,0.593304412931,7.70215642707,1.32798687587,7.71569162092,10.3813169729,2.46991766941,2.66562535195,9.81128370759,-0.0787800087951
2026-09-19T16:00:00Z,2026-09-19T18:00:00+02:00,2026-09-19T17:00:00Z,81636.01,81914.01,81472,81839.49,733.82297,60022233.151,117799,484.70091,39650686.5562,20371546.5949,0.660599988947,0.249252750104,0.54252994894,2641.17,2651.66,2636,2650,6451.5387,17070691.5457,76593,3395.1886,8983490.30698,8087201.23871,0.52625227765,0.334701419073,0.594081942337,0.03235,0.03238,0.03233,0.03238,0.061804697157,0.154655119084,0.0323804559388,-0.140806792454,3110728.81,31107.2881,0.331667158881,OKX_CONTRACT_OI_HISTORY,6324662.46,632466.246,0.584932038696,OKX_CONTRACT_OI_HISTORY,1.01,0.502487562189,0.497512437811,OKX_GLOBAL_ACCOUNT_RATIO,1.04,0.509803921569,0.490196078431,OKX_GLOBAL_ACCOUNT_RATIO,0.0001,OKX_FUNDING_HISTORY,3.68269314162e-05,OKX_FUNDING_HISTORY,PRICE_UP_OI_UP,PRICE_UP_OI_UP,PASS,PASS,0.626447805238,0.306217849965,-0.307881773399,-0.320229955273,0.446730168247,-0.126802620297,1.00647956161,1.15816556347,0.185643564356,0.151686001859,-0.130580296215,1.57904614479,1.22794066897,2.03099432092,0.809464508095,0.803053651942,3.53571818725,0.518218220274,6.62645045578,7.25922328132,0.621504039776,0.632772825539,7.63333586161,2.04110658423,8.01326417485,10.7836374658,2.5332488917,2.77037329092,10.344960045,0.824386409179
2026-09-19T17:00:00Z,2026-09-19T19:00:00+02:00,2026-09-19T20:00:00Z,81839.48,81857.21,81447.9,81464.01,484.00387,39505122.2217,79445,184.28196,15042642.7853,24462479.4365,0.380777021796,-0.458800513053,0.50254211588,2650.01,2668,2642.24,2645.41,10716.1997,28430176.7566,97435,5915.9599,15697440.6039,12732736.1527,0.552140098821,-0.17320754717,0.974930362117,0.03239,0.03259,0.03238,0.03249,0.339715873996,0.64854848672,0.0324733584806,5.12466838789,3095007.99,30950.0799,-0.50537417307,OKX_CONTRACT_OI_HISTORY,6272482.07,627248.207,-0.825030431743,OKX_CONTRACT_OI_HISTORY,1.01,0.502487562189,0.497512437811,OKX_GLOBAL_ACCOUNT_RATIO,1.06,0.514563106796,0.485436893204,OKX_GLOBAL_ACCOUNT_RATIO,,,,,PRICE_DOWN_OI_DOWN,PRICE_DOWN_OI_DOWN,PASS,PASS,0.122904463534,0.26303122643,0.185013876041,0.140126762897,-0.184173431096,-1.03979164671,0.523198355973,0.626871008357,0.154130702836,0.103672652384,-0.691283463823,-0.356600639026,0.549266221504,1.45621759273,0.931966449208,0.906951371231,3.09635632735,-1.26225932906,6.25575045397,7.41255050044,1.15193026152,1.15680004647,7.92117066112,1.28994964545,7.51768457427,10.650961824,2.9793977813,3.13327724975,10.9089396668,1.6191973863
2026-09-19T18:00:00Z,2026-09-19T20:00:00+02:00,2026-09-19T20:00:00Z,81464,81534.01,81334,81428.07,267.92194,21820564.3464,69068,96.98573,7898471.32221,13922093.0242,0.361973741688,-0.0441176416432,0.245911918755,2645.42,2647.46,2635.06,2638.9,7187.6765,18980031.3791,102260,2690.5389,7104393.52443,11875637.8547,0.374308839776,-0.246086617953,0.470577520056,0.03247,0.03248,0.03238,0.0324,-0.277008310249,0.308832612724,0.0324077434231,-2.38937436053,3093503.59,30935.0359,-0.0486073058571,OKX_CONTRACT_OI_HISTORY,6247896.75,624789.675,-0.391955205701,OKX_CONTRACT_OI_HISTORY,1,0.5,0.5,OKX_GLOBAL_ACCOUNT_RATIO,1.05,0.512195121951,0.487804878049,OKX_GLOBAL_ACCOUNT_RATIO,,,,,PRICE_DOWN_OI_DOWN,PRICE_DOWN_OI_DOWN,PASS,PASS,-0.19358711132,-0.00454714249987,0.15455950541,0.18903996882,-0.77296917298,-1.58556218193,0.463973688006,0.441900208961,-0.0616903146206,-0.0220734790454,-0.487363016358,-0.952916539267,0.604953666633,0.985400761533,0.371747211896,0.3804470949,3.25945682705,-1.22805842005,6.33633584221,7.62015456455,1.21836925961,1.28381872233,8.29507072392,1.24813759619,7.6635154432,10.043577073,2.20820189274,2.38006162984,11.7591230436,1.38027353265
2026-09-19T19:00:00Z,2026-09-19T21:00:00+02:00,2026-09-19T20:00:00Z,81428.07,81454.01,81309.68,81354.01,261.59782,21286841.0789,43098,112.77897,9176036.77912,12110804.2998,0.431066157027,-0.0909514372624,0.177506540427,2638.89,2640.56,2632,2634.88,4910.2309,12946039.2321,57637,2005.8709,5288578.47645,7657460.75563,0.408509381259,-0.15233620069,0.325227963526,0.0324,0.03242,0.03236,0.03239,-0.0308641975309,0.185414091471,0.0323878318967,0.669419100681,3089940.04,30899.4004,-0.11519462953,OKX_CONTRACT_OI_HISTORY,6247828.67,624782.867,-0.0010896466879,OKX_CONTRACT_OI_HISTORY,1,0.5,0.5,OKX_GLOBAL_ACCOUNT_RATIO,1.05,0.512195121951,0.487804878049,OKX_GLOBAL_ACCOUNT_RATIO,,,,,PRICE_DOWN_OI_DOWN,PRICE_DOWN_OI_DOWN,PASS,PASS,-0.345435794817,-0.237774311287,0.0927070457355,0.107661483529,-0.338841933901,-0.637002190095,0.313008013794,0.301870991073,-0.0308641975309,-0.011137022721,-0.474881561281,-1.14603743997,0.18379464455,-0.0694046747651,-0.277093596059,-0.253199319316,3.672845205,0.718449982312,6.21458518754,7.59223340615,1.28205128205,1.37764821862,8.28990747846,1.99927938994,6.93218980021,9.39466910238,2.30574857865,2.46247930217,9.32474494493,0.383080082274
2026-09-19T20:00:00Z,2026-09-19T22:00:00+02:00,2026-09-19T22:00:00Z,81354.01,81431.13,81080.24,81155.33,460.01461,37386221.3832,66451,174.09308,14143730.4348,23242490.9484,0.378313986049,-0.244216603459,0.432768822589,2634.88,2640.54,2632.3,2635.96,5698.0557,15022565.1739,54304,2073.3733,5466346.98912,9556218.18474,0.363875737989,0.0409885839203,0.313034228621,0.03239,0.03249,0.03236,0.03248,0.277863538129,0.40173053152,0.0324804298128,-0.132329777386,3077131.49,30771.3149,-0.414524224878,OKX_CONTRACT_OI_HISTORY,6205078.11,620507.811,-0.684246676054,OKX_CONTRACT_OI_HISTORY,0.99,0.497487437186,0.502512562814,OKX_GLOBAL_ACCOUNT_RATIO,1.04,0.509803921569,0.490196078431,OKX_GLOBAL_ACCOUNT_RATIO,,,,,PRICE_DOWN_OI_DOWN,PRICE_UP_OI_DOWN,PASS,PASS,-0.83597783906,-0.529811320755,0.308832612724,0.306166518306,-1.08004657597,-1.89076256253,-0.192689862174,-0.350442116565,-0.153704272979,-0.15775225439,-0.471107015352,-1.2904780025,0.0558747311214,0.152358517449,0.0924499229584,0.0964837863277,3.64931661691,-0.00513053438288,6.00778436598,7.43059291502,1.37328339576,1.42280854903,7.79786712834,1.65551449265,6.5333400544,9.32875439644,2.65486725664,2.79541434204,8.89563982335,-0.0775615418658
2026-09-19T21:00:00Z,2026-09-19T23:00:00+02:00,2026-09-19T22:00:00Z,81155.33,81222.15,80904.46,81100.41,489.7616,39692920.0392,90069,152.03342,12322878.452,27370041.5872,0.310455326538,-0.0676726962973,0.392673036814,2635.97,2639.17,2617.75,2627.98,7714.4908,20260145.449,92812,2599.8975,6828208.72677,13431936.7223,0.337026639021,-0.302736005099,0.818259956069,0.03248,0.03249,0.03236,0.03241,-0.215517241379,0.40173053152,0.032404028537,1.84281501381,3060424.41,30604.2441,-0.542943324141,OKX_CONTRACT_OI_HISTORY,6139000.39,613900.039,-1.06489747314,OKX_CONTRACT_OI_HISTORY,0.99,0.497487437186,0.502512562814,OKX_GLOBAL_ACCOUNT_RATIO,1.02,0.50495049505,0.49504950495,OKX_GLOBAL_ACCOUNT_RATIO,,,,,PRICE_DOWN_OI_DOWN,PRICE_DOWN_OI_DOWN,PASS,PASS,-0.446332067376,-0.658877073875,-0.24622960911,-0.2125450065,-1.11739873085,-2.12805199776,-0.277107735961,-0.488473539123,-0.215517241379,-0.211365803162,-0.784106316367,-2.55033364238,-0.169612325236,0.0494921345577,0.21645021645,0.219104459794,3.11780622451,-1.10197826575,6.13035122949,7.36835224278,1.15480649189,1.23800101329,7.31071410952,0.473118539953,6.74477466568,9.27424384808,2.40126382306,2.5294691824,8.73831373127,-0.676062839958
2026-09-19T22:00:00Z,2026-09-20T00:00:00+02:00,2026-09-20T00:00:00Z,81100.42,81268.01,80962,81261.35,319.56997,25918195.3948,44614,146.37587,11875960.1524,14042235.2424,0.458209376522,0.198445359277,0.377967441516,2627.97,2631.88,2619.5,2630.83,5157.2062,13539050.8534,64373,2420.2026,6354893.96883,7184156.8846,0.469375145837,0.108448313914,0.47260927658,0.0324,0.0324,0.03233,0.03238,-0.0925640234496,0.216517166718,0.0323749236261,1.56799565156,3063401.58,30634.0158,0.0972796449496,OKX_CONTRACT_OI_HISTORY,6157655.52,615765.552,0.303878951212,OKX_CONTRACT_OI_HISTORY,1,0.5,0.5,OKX_GLOBAL_ACCOUNT_RATIO,1.03,0.507389162562,0.492610837438,OKX_GLOBAL_ACCOUNT_RATIO,,,,,PRICE_UP_OI_UP,PRICE_UP_OI_UP,PASS,PASS,-0.204745120448,-0.305809238698,-0.0617283950617,-0.10106411825,-0.973071765532,-1.44434573123,0.0549763780109,-0.28464868061,-0.338565712527,-0.339625058621,-0.916604705346,-2.59849146013,0.150765932347,0.412209020507,0.278724063177,0.261443088161,2.22263576048,-0.41766501467,6.33518712379,7.56257512695,1.15588878475,1.22738800316,7.17855370352,0.752332659474,7.38077971475,9.95557190205,2.40354206199,2.5747921873,8.70096060388,-0.465382696444
2026-09-19T23:00:00Z,2026-09-20T01:00:00+02:00,2026-09-20T00:00:00Z,81261.35,81373.34,81221.33,81249.99,669.91377,54449574.8135,36713,309.91112,25187277.2827,29262297.5308,0.462579870807,-0.013979585621,0.187155270666,2630.84,2637.99,2629.61,2632.69,4318.9797,11375235.6113,38300,1865.0504,4912259.69106,6462975.92026,0.43183806111,0.0707001212545,0.318678435205,0.03238,0.03244,0.03237,0.0324,0.0617665225448,0.21624961384,0.0324023424495,-0.722925980651,3056144.14,30561.4414,-0.236907888518,OKX_CONTRACT_OI_HISTORY,6169044.53,616904.453,0.184956920097,OKX_CONTRACT_OI_HISTORY,1.01,0.502487562189,0.497512437811,OKX_GLOBAL_ACCOUNT_RATIO,1.03,0.507389162562,0.492610837438,OKX_GLOBAL_ACCOUNT_RATIO,,,,,PRICE_DOWN_OI_DOWN,PRICE_UP_OI_UP,PASS,PASS,-0.127860937648,-0.0831157396162,0.0308737264588,0.0447451980315,-1.09373967011,-1.26098432209,-0.0647457529972,-0.264426992768,-0.215583615645,-0.199681239771,-1.35267062911,-2.4380742205,0.452648964497,0.786711278875,0.340662743884,0.334062314378,1.79444042643,-0.295639960777,6.32448194453,7.57616619267,1.18675827608,1.25168424814,6.72720183653,0.755731289733,6.61887428564,8.86711933374,2.111566341,2.2482450481,8.09333409273,-0.43691529735
2026-09-20T00:00:00Z,2026-09-20T02:00:00+02:00,2026-09-20T06:00:00Z,81249.99,81330.01,81208.83,81293.37,451.18444,36675996.7316,41933,276.53138,22478568.8166,14197427.9151,0.612895921576,0.0533907758019,0.149220226421,2632.7,2632.97,2625.98,2627.37,3607.1637,9482508.73476,38671,1543.6207,4057466.05455,5425042.68021,0.427889514056,-0.202074684068,0.266186338053,0.03239,0.03239,0.03232,0.03232,-0.246913580247,0.216584158416,0.032319609828,0.120723004375,3058465.68,30584.6568,0.0759630401464,OKX_CONTRACT_OI_HISTORY,6178462.79,617846.279,0.152669671198,OKX_CONTRACT_OI_HISTORY,1,0.5,0.5,OKX_GLOBAL_ACCOUNT_RATIO,1.02,0.50495049505,0.49504950495,OKX_GLOBAL_ACCOUNT_RATIO,0.0001,OKX_FUNDING_HISTORY,6.32459051249e-05,OKX_FUNDING_HISTORY,PRICE_UP_OI_UP,PRICE_DOWN_OI_UP,PASS,PASS,0.170093572412,-0.325877479173,-0.492610837438,-0.495971051585,-0.606597737557,-0.428928041326,-0.0450387310955,-0.550359399071,-0.492610837438,-0.505320667976,-1.24086808846,-2.43545206856,-0.459917584375,0.0224609598063,0.466272925085,0.482378544182,-0.459660542446,-0.169876878979,6.14097140619,7.31230139605,1.09477635283,1.17132998986,6.96059934727,0.42020742267,6.48470051584,8.61838025549,1.98800883559,2.13367973964,7.86382407063,-1.81611485245
2026-09-20T01:00:00Z,2026-09-20T03:00:00+02:00,2026-09-20T06:00:00Z,81293.37,81300,81027.11,81097.99,269.37026,21852113.3172,49214,113.84446,9234300.79351,12617812.5237,0.422581590141,-0.240339402832,0.336788514363,2627.36,2627.37,2613.04,2619.8,5560.3965,14569161.1349,46840,2102.0615,5507770.62906,9061390.5058,0.378043085534,-0.28812082044,0.548403392217,0.03232,0.03234,0.03226,0.0323,-0.0618811881188,0.247985120893,0.0323041298557,-1.27842965112,3075409.74,30754.0974,0.554005235723,OKX_CONTRACT_OI_HISTORY,6157462.22,615746.222,-0.339899594993,OKX_CONTRACT_OI_HISTORY,0.99,0.497487437186,0.502512562814,OKX_GLOBAL_ACCOUNT_RATIO,1.01,0.502487562189,0.497512437811,OKX_GLOBAL_ACCOUNT_RATIO,,,,,PRICE_DOWN_OI_UP,PRICE_DOWN_OI_DOWN,PASS,PASS,-0.00298395532156,-0.311265686953,-0.339401419315,-0.308281731632,0.489648754305,0.300730230121,-0.326950453892,-0.707607060152,-0.400863398088,-0.38065660626,-0.816228511204,-2.85444622742,-0.225144895504,0.268295576759,0.466562986003,0.493440472263,-0.759474807793,-1.28870023698,5.67338089318,6.5990673904,0.811485642946,0.925686497222,7.53857762915,-0.566952387782,6.18504597298,7.91861820668,1.60427807487,1.7335722337,7.82725236924,-1.89500687754
2026-09-20T02:00:00Z,2026-09-20T04:00:00+02:00,2026-09-20T06:00:00Z,81098,81175.62,80263.66,80331.52,1157.59556,93383139.2084,134761,361.84192,29195207.0517,64187932.1567,0.312638954946,-0.945115902379,1.13620535121,2619.8,2624.04,2566.54,2574.23,21229.0752,55091520.7933,171483,7425.2253,19265014.6001,35826506.1932,0.349691101693,-1.73944575922,2.24037030399,0.0323,0.03233,0.03198,0.03205,-0.77399380805,1.09443402126,0.0320450801877,1.53527851047,3055658.79,30556.5879,-0.642221741809,OKX_CONTRACT_OI_HISTORY,6113869.31,611386.931,-0.707968777436,OKX_CONTRACT_OI_HISTORY,0.96,0.489795918367,0.510204081633,OKX_GLOBAL_ACCOUNT_RATIO,1,0.5,0.5,OKX_GLOBAL_ACCOUNT_RATIO,,,,,PRICE_DOWN_OI_DOWN,PRICE_DOWN_OI_DOWN,PASS,PASS,-1.14424631144,-2.15141229194,-1.01914762199,-1.0071659805,-0.25275138756,-0.711085734786,-1.53762881651,-2.45507802139,-0.927357032457,-0.917449204878,-1.9868766494,-3.69671025104,-1.196978478,-1.87091880106,-0.681747753331,-0.673940323054,-1.51429970448,-2.07130394913,4.34250399087,4.52155412182,0.15625,0.179050130951,6.03970457426,-1.01696877088,5.18725871582,5.97594964328,0.754479723357,0.788690927456,6.83323083633,-3.05263184217
2026-09-20T03:00:00Z,2026-09-20T05:00:00+02:00,2026-09-20T06:00:00Z,80331.52,80525.83,80126.04,80486.38,1168.06535,93874558.9802,127772,647.30402,52030132.6508,41844426.3294,0.554251686677,0.192776135694,0.498951402066,2574.24,2591.25,2564.33,2588.03,15305.7718,39498941.3697,158529,6893.6629,17791389.6427,21707551.727,0.450426999453,0.536082634419,1.0497868839,0.03205,0.03221,0.03197,0.03215,0.312012480499,0.750703784798,0.0321548813601,-1.5180774566,3054750,30547.5,-0.0297412133506,OKX_CONTRACT_OI_HISTORY,6198463.75,619846.375,1.38364815652,OKX_CONTRACT_OI_HISTORY,0.98,0.494949494949,0.505050505051,OKX_GLOBAL_ACCOUNT_RATIO,1.04,0.509803921569,0.490196078431,OKX_GLOBAL_ACCOUNT_RATIO,,,,,PRICE_UP_OI_DOWN,PRICE_UP_OI_UP,PASS,PASS,-0.939827807979,-1.69636379521,-0.771604938272,-0.756535987227,-0.0456176127871,0.476884546009,-1.4082388397,-2.01161610807,-0.648949320148,-0.603377268375,-1.47384134923,-1.42208236705,-0.800667915516,-1.22701493791,-0.46439628483,-0.426347022389,-1.76137963086,-0.553393240345,4.00978400167,4.37961797825,0.343320848939,0.369833976579,6.51122588572,-0.335669691032,5.29079632804,6.23835209313,0.878569187323,0.947555765095,6.55163032104,-2.18408953438
2026-09-20T04:00:00Z,2026-09-20T06:00:00+02:00,2026-09-20T06:00:00Z,80486.38,80541.11,80311.01,80432.4,299.2223,24065342.7768,64804,140.49289,11299543.6244,12765799.1523,0.469535951731,-0.0670672478996,0.286511152082,2588.03,2588.59,2575.81,2579.79,12258.6881,31644166.5992,94131,3710.146,9580116.78263,22064049.8165,0.302745112677,-0.318388890392,0.496154607677,0.03215,0.03215,0.03207,0.03207,-0.248833592535,0.249454318678,0.0320740149492,-1.25177630737,3062370.06,30623.7006,0.249449545789,OKX_CONTRACT_OI_HISTORY,6247075.87,624707.587,0.784260777519,OKX_CONTRACT_OI_HISTORY,0.99,0.497487437186,0.502512562814,OKX_GLOBAL_ACCOUNT_RATIO,1.04,0.509803921569,0.490196078431,OKX_GLOBAL_ACCOUNT_RATIO,,,,,PRICE_DOWN_OI_UP,PRICE_DOWN_OI_UP,PASS,PASS,-1.05909005864,-1.8109364117,-0.773514851485,-0.751846353061,0.127658126934,1.11052024318,-1.71932889611,-2.64943396226,-0.957381099444,-0.930105066153,-1.55457942346,-1.22673092028,-0.730154028436,-1.52195323057,-0.773514851485,-0.791799202136,-1.68312974526,0.332944577206,3.68210671423,3.91652165507,0.187441424555,0.234414940835,6.20751393462,-0.0486432561694,5.08570637946,5.63342218728,0.501410216233,0.547715807817,6.52213839273,-1.24241820876
2026-09-20T05:00:00Z,2026-09-20T07:00:00+02:00,2026-09-20T06:00:00Z,80432.4,80668.15,80408.7,80494.31,837.20344,67433830.0785,88214,604.45671,48690667.1026,18743162.9759,0.722051039455,0.0769714692089,0.322664089831,2579.79,2586,2573.91,2578.31,9920.3639,25586526.1426,69811,4907.1867,12661129.2586,12925396.884,0.494835804908,-0.0573690106559,0.469713393242,0.03208,0.03208,0.03199,0.03203,-0.124727159339,0.281337918099,0.0320309597039,-0.299617578956,3058750.6,30587.506,-0.118191463771,OKX_CONTRACT_OI_HISTORY,6243688.79,624368.879,-0.0542186467794,OKX_CONTRACT_OI_HISTORY,0.99,0.497487437186,0.502512562814,OKX_GLOBAL_ACCOUNT_RATIO,1.06,0.514563106796,0.485436893204,OKX_GLOBAL_ACCOUNT_RATIO,,,,,PRICE_UP_OI_DOWN,PRICE_DOWN_OI_DOWN,PASS,PASS,-0.744383430465,-1.58370868005,-0.835913312693,-0.839325249587,-0.541688471078,1.40035889656,-1.19034159993,-2.53646882714,-1.41582025239,-1.34612722721,-1.17147968978,-0.459041248403,-0.673371091637,-1.92549820649,-1.26387176326,-1.25212711486,-1.85466490823,-0.814004943404,3.8719355613,3.93812837113,0.0624804748516,0.0661928098365,6.17460420042,-0.0289045189095,5.45030594541,5.78984080092,0.31318509239,0.339534855512,6.54127604152,-1.50809118549
2026-09-20T06:00:00Z,2026-09-20T08:00:00+02:00,2026-09-20T11:00:00Z,80494.31,80607.5,80227.27,80309.44,458.02321,36819834.9225,64977,217.66375,17496980.5366,19322854.3859,0.475205295554,-0.229668407618,0.473941092599,2578.31,2586.01,2570,2574.4,9598.0358,24750942.9109,79050,5248.0532,13534440.1832,11216502.7277,0.546825235382,-0.151649724044,0.622957198444,0.03203,0.03208,0.03201,0.03206,0.0936621916953,0.218681661981,0.0320560073635,1.24551895587,3077592.62,30775.9262,0.616003802337,OKX_CONTRACT_OI_HISTORY,6155851.88,615585.188,-1.40681114889,OKX_CONTRACT_OI_HISTORY,0.99,0.497487437186,0.502512562814,OKX_GLOBAL_ACCOUNT_RATIO,1.07,0.51690821256,0.48309178744,OKX_GLOBAL_ACCOUNT_RATIO,,,,,PRICE_DOWN_OI_UP,PRICE_DOWN_OI_DOWN,PASS,PASS,-0.0274860976115,0.00660391651095,0.0312012480499,0.0340900141224,0.717810184559,0.686677582907,-1.37376459985,-2.44420023495,-1.04938271605,-1.0704356351,-0.514334945381,-1.47321368587,-0.916164818121,-2.01310095193,-1.11042566317,-1.09693613381,-0.999191283435,-2.41209172827,3.48621205093,3.49221918932,0,0.0060071383911,6.80118785582,-1.9776235517,5.01061423988,5.44035190472,0.407140620106,0.429737664833,7.10433909722,-3.59009403158
2026-09-20T07:00:00Z,2026-09-20T09:00:00+02:00,2026-09-20T11:00:00Z,80309.45,80420.01,80288,80311.61,229.11226,18406475.7935,42478,146.62109,11778737.2807,6627738.5128,0.639923547171,0.0027020484765,0.164420585891,2574.4,2578.63,2571.55,2576.76,5902.8042,15202978.848,58164,3806.9643,9805106.72987,5397872.11809,0.644946416616,0.091671845867,0.275320332095,0.03206,0.03208,0.03203,0.03208,0.0623830318153,0.156103652825,0.0320845267577,-1.41088498735,3092583.81,30925.8381,0.487107679638,OKX_CONTRACT_OI_HISTORY,6118138.76,611813.876,-0.61263852242,OKX_CONTRACT_OI_HISTORY,1,0.5,0.5,OKX_GLOBAL_ACCOUNT_RATIO,1.08,0.519230769231,0.480769230769,OKX_GLOBAL_ACCOUNT_RATIO,,,,,PRICE_UP_OI_UP,PRICE_UP_OI_DOWN,PASS,PASS,-0.217142328926,-0.435466358582,-0.217729393468,-0.218324029656,1.23852393813,-1.29588545226,-1.28131360704,-2.20579305319,-0.957085520222,-0.924479446157,0.0855605599389,-2.07575970549,-0.972316207514,-1.91058071147,-0.987654320988,-0.938264503957,-0.389727312665,-3.19800816208,3.23093097111,3.4843373494,0.218681661981,0.253406378284,7.12960206036,-1.86950756479,5.03362682697,5.41611949091,0.375469336671,0.382492663944,7.26117231227,-4.23259852136
2026-09-20T08:00:00Z,2026-09-20T10:00:00+02:00,2026-09-20T11:00:00Z,80311.6,80453.9,80165.49,80264.85,288.38791,23166693.2469,46452,172.29898,13842701.3473,9323991.89963,0.597525991291,-0.0582232133063,0.359768274353,2576.76,2584.1,2570,2575.19,7585.9288,19544534.0708,53524,3376.8187,8704025.77494,10840508.2958,0.445343221968,-0.0609292289542,0.548638132296,0.03209,0.03212,0.03205,0.03208,0,0.218408736349,0.0320836580396,-1.14015664864,3080542.49,30805.4249,-0.389361153643,OKX_CONTRACT_OI_HISTORY,6107708.23,610770.823,-0.170485345448,OKX_CONTRACT_OI_HISTORY,1,0.5,0.5,OKX_GLOBAL_ACCOUNT_RATIO,1.09,0.521531100478,0.478468899522,OKX_GLOBAL_ACCOUNT_RATIO,0.0001,OKX_FUNDING_HISTORY,4.44469896585e-05,OKX_FUNDING_HISTORY,PRICE_DOWN_OI_DOWN,PRICE_DOWN_OI_DOWN,PASS,PASS,-0.208311575932,-0.178309087174,0.0311817898347,0.0300024887583,0.593410647438,-2.23092600282,-1.09725387106,-2.30542193356,-1.2315270936,-1.2081680625,0.110849991659,-1.56919668494,-1.28782943627,-2.64778488071,-1.38333845681,-1.35995544444,-0.36077924578,-2.83942454941,2.54586082023,2.78558314042,0.218681661981,0.239722320189,8.48523037013,-1.97829464026,4.81911567839,5.29675137489,0.438321853475,0.477635696499,7.09723835163,-4.6534196673
2026-09-20T09:00:00Z,2026-09-20T11:00:00+02:00,2026-09-20T11:00:00Z,80264.85,80581.82,80256.82,80470.01,215.53752,17333113.2456,43008,141.97226,11414193.1988,5918920.04683,0.658519507548,0.255603791697,0.404950009233,2575.19,2587.39,2575,2579.77,5407.5044,13962195.5377,49234,3081.3555,7956127.37596,6006068.16174,0.569833544766,0.177850954687,0.481165048544,0.03208,0.03211,0.03206,0.03206,-0.0623441396509,0.155957579538,0.0320587756855,0.381896835764,3068575.68,30685.7568,-0.388464370767,OKX_CONTRACT_OI_HISTORY,6130345.52,613034.552,0.370634764261,OKX_CONTRACT_OI_HISTORY,1.02,0.50495049505,0.49504950495,OKX_GLOBAL_ACCOUNT_RATIO,1.11,0.526066350711,0.473933649289,OKX_GLOBAL_ACCOUNT_RATIO,,,,,PRICE_UP_OI_DOWN,PRICE_UP_OI_UP,PASS,PASS,-0.0301884692222,0.0566262396686,0.0936621916953,0.0868147088909,0.321212196902,-1.815325424,-0.777308030872,-1.83448884695,-1.07991360691,-1.05718081608,0.266344431621,-0.14098174703,-1.05226178615,-2.31400139347,-1.29310344828,-1.26173960733,-0.519850308258,-2.68771988449,2.88702463982,2.84441999346,0,-0.0426046463599,7.39769223889,-1.39394451235,5.23350601983,5.77379610078,0.501567398119,0.540290080947,6.69096149609,-3.99015295815
2026-09-20T10:00:00Z,2026-09-20T12:00:00+02:00,2026-09-20T11:00:00Z,80470.01,80515.83,80319.58,80319.58,199.82514,16061359.5186,52708,90.13614,7244231.55908,8817127.95956,0.451034767678,-0.186939208781,0.244336437018,2579.77,2581.49,2570.7,2571.21,6506.1085,16747395.8709,60804,1593.433,4103186.87971,12644208.9912,0.245004471819,-0.331812525923,0.419730034621,0.03206,0.03207,0.032,0.03201,-0.155957579538,0.21875,0.0320122440879,-0.701009252454,3064969.53,30649.6953,-0.117518691929,OKX_CONTRACT_OI_HISTORY,6058938.04,605893.804,-1.16481982569,OKX_CONTRACT_OI_HISTORY,1.03,0.507389162562,0.492610837438,OKX_GLOBAL_ACCOUNT_RATIO,1.14,0.532710280374,0.467289719626,OKX_GLOBAL_ACCOUNT_RATIO,,,,,PRICE_DOWN_OI_DOWN,PRICE_DOWN_OI_DOWN,PASS,PASS,0.0126261620054,-0.12391236793,-0.155957579538,-0.136538529936,-0.410161173313,-1.57433677563,-1.15893964351,-2.26620496193,-1.14268066708,-1.10726531842,0.0511832993179,-1.60316665457,-1.10460040854,-2.54440292002,-1.47737765466,-1.43980251148,-0.865890554558,-4.15999996609,2.59849417528,2.28420035086,-0.311429461227,-0.314293824418,6.56465005554,-4.06782120686,5.12757452324,5.56522667367,0.407779171895,0.437652150438,7.26707575131,-4.88011358765
2026-09-20T11:00:00Z,2026-09-20T13:00:00+02:00,2026-09-20T15:00:00Z,80319.58,80534.64,80286,80493.2,592.53775,47652777.3062,76381,424.26623,34121324.0415,13531453.2648,0.716040616524,0.216161488892,0.309692848068,2571.21,2580.82,2567.52,2579.08,4645.9855,11955738.2106,37888,1992.5398,5128626.99714,6827111.21346,0.428967823383,0.306081572489,0.518009596809,0.03201,0.03205,0.03198,0.03204,0.0937207122774,0.218886804253,0.0320409674358,-0.301937124867,3067965.17,30679.6517,0.0977380026352,OKX_CONTRACT_OI_HISTORY,6062002.35,606200.235,0.050575034433,OKX_CONTRACT_OI_HISTORY,1.03,0.507389162562,0.492610837438,OKX_GLOBAL_ACCOUNT_RATIO,1.16,0.537037037037,0.462962962963,OKX_GLOBAL_ACCOUNT_RATIO,,,,,PRICE_UP_OI_UP,PRICE_UP_OI_UP,PASS,PASS,0.226106785806,0.0900355485183,-0.124688279302,-0.136071237288,-0.796054093034,-0.917540647607,-0.931433960792,-2.03632026558,-1.11111111111,-1.10488630479,0.386795565212,-1.73515006221,-0.995576649857,-2.29536267791,-1.32429935325,-1.29978602805,-0.9711071339,-4.13092003635,3.11444749046,2.82921072357,-0.280112044818,-0.285236766886,6.69419906722,-3.953984153,5.24463272404,5.58705646829,0.344503601629,0.342423744246,7.16823748047,-4.71639185328
2026-09-20T12:00:00Z,2026-09-20T14:00:00+02:00,2026-09-20T15:00:00Z,80493.21,80534.01,80327.64,80493.76,317.39005,25527735.1042,54835,178.26001,14336937.0127,11190798.0916,0.561621975241,0.000695710942034,0.256910323769,2579.09,2583.01,2571.96,2580.32,5277.5764,13605174.9918,33030,2998.3397,7731382.18575,5873792.80602,0.568267750354,0.0480791600106,0.429633431313,0.03204,0.03207,0.03202,0.03206,0.0624219725343,0.156152404747,0.0320561494456,1.20119055001,3072888.97,30728.8897,0.160490739861,OKX_CONTRACT_OI_HISTORY,6066919.53,606691.953,0.0811147821479,OKX_CONTRACT_OI_HISTORY,1.04,0.509803921569,0.490196078431,OKX_GLOBAL_ACCOUNT_RATIO,1.17,0.539170506912,0.460829493088,OKX_GLOBAL_ACCOUNT_RATIO,,,,,PRICE_UP_OI_UP,PRICE_UP_OI_UP,PASS,PASS,0.285193331826,0.199208602084,-0.0623441396509,-0.0859847297421,-0.24844714932,-0.667823322006,-0.983610348544,-1.79076414818,-0.804455445545,-0.807153799635,0.471585805076,-1.8053561831,-1.02820607402,-2.33126790845,-1.29310344828,-1.30306183443,-0.775134041153,-4.19683966716,3.14012345228,3.12040411791,0.0312012480499,-0.0197193343713,7.11135505358,-4.30237722294,4.89619098269,4.88764593021,0,-0.00854505247139,8.33955926361,-5.27695544037
2026-09-20T13:00:00Z,2026-09-20T15:00:00+02:00,2026-09-20T15:00:00Z,80493.76,80650.58,80428,80564.57,263.56917,21228136.0491,55495,159.13168,12816628.1152,8411507.93389,0.603756640977,0.0879695519255,0.276744417367,2580.32,2586.61,2576.59,2580.78,5244.9497,13539528.2412,46223,2597.1396,6705655.85129,6833872.38991,0.495265103173,0.017827246233,0.388886085873,0.03206,0.03208,0.03202,0.03203,-0.093574547723,0.187382885696,0.0320336842858,-1.15012864328,3069038.64,30690.3864,-0.125300003924,OKX_CONTRACT_OI_HISTORY,6081927.77,608192.777,0.247378260512,OKX_CONTRACT_OI_HISTORY,1.04,0.509803921569,0.490196078431,OKX_GLOBAL_ACCOUNT_RATIO,1.17,0.539170506912,0.460829493088,OKX_GLOBAL_ACCOUNT_RATIO,,,,,PRICE_UP_OI_DOWN,PRICE_UP_OI_UP,PASS,PASS,0.117509616315,0.0391507770073,-0.093574547723,-0.0783588393082,0.0150871299351,-0.789804585109,-0.657747497811,-1.48942667379,-0.835913312693,-0.831679175981,-0.207162639733,-1.22671398218,-0.982547443274,-2.18649444564,-1.23342584027,-1.20394700237,-1.02170023041,-4.04614431862,0.613789226818,1.02363160223,0.376057662175,0.40984237541,5.39772996547,-1.32377864677,5.0466744039,4.80282313574,-0.280199252802,-0.243851268158,6.79192028558,-4.78242434767
2026-09-20T14:00:00Z,2026-09-20T16:00:00+02:00,2026-09-20T15:00:00Z,80564.58,80789.33,80414,80682.01,430.31363,34701961.1057,82378,257.42455,20762109.0962,13939852.0096,0.59829786083,0.145771273899,0.466747083841,2580.79,2588.92,2573.78,2585.61,8160.4914,21077700.2201,71541,3944.6638,10191387.8479,10886312.3722,0.483515172029,0.18715272127,0.588239865101,0.03203,0.03206,0.03199,0.03204,0.0312207305651,0.218818380744,0.0320469209927,-2.15964356574,3048302.79,30483.0279,-0.675646429789,OKX_CONTRACT_OI_HISTORY,6044303.61,604430.361,-0.618622276075,OKX_CONTRACT_OI_HISTORY,1.05,0.512195121951,0.487804878049,OKX_GLOBAL_ACCOUNT_RATIO,1.18,0.54128440367,0.45871559633,OKX_GLOBAL_ACCOUNT_RATIO,,,,,PRICE_UP_OI_DOWN,PRICE_UP_OI_DOWN,PASS,PASS,0.451234929266,0.560047604046,0.0937207122774,0.10881267478,-0.543781588589,-0.241534570966,0.436304454341,0.442073940557,-0.0312012480499,0.0057694862158,-0.240733684797,-1.1378342662,-1.10803310519,-2.02385734098,-0.958268933539,-0.915824235797,-2.22282725283,-4.79248208129,-0.316069753785,0.117712201412,0.407395800689,0.433781955197,2.63034536852,-2.78114894679,5.46328837007,5.04546156284,-0.435052827843,-0.417826807236,6.65917852249,-4.10707777775
2026-09-20T15:00:00Z,2026-09-20T17:00:00+02:00,2026-09-20T18:00:00Z,80682.01,80969.84,80666.66,80912,468.43514,37864242.4208,101888,271.36214,21935873.9183,15928368.5025,0.579329534038,0.285057350455,0.375843006268,2585.61,2616,2585.61,2613.11,15452.7449,40217799.5483,170074,8519.0943,22175021.0257,18042778.5226,0.551373304228,1.06357880732,1.17535127107,0.03205,0.03231,0.03205,0.03229,0.780274656679,0.811232449298,0.0322957039747,-1.76617134373,3058486.21,30584.8621,0.334068519486,OKX_CONTRACT_OI_HISTORY,5872987.66,587298.766,-2.83433727115,OKX_CONTRACT_OI_HISTORY,1.08,0.519230769231,0.480769230769,OKX_GLOBAL_ACCOUNT_RATIO,1.24,0.553571428571,0.446428571429,OKX_GLOBAL_ACCOUNT_RATIO,,,,,PRICE_UP_OI_UP,PRICE_UP_OI_DOWN,PASS,PASS,0.52029239737,1.31946275416,0.780274656679,0.79917035679,-0.308965697938,-3.11802403046,0.528809967599,0.969076865415,0.435458786936,0.440266897816,0.122308208528,-5.25091543852,-0.886875779451,-1.06203334898,-0.216316440049,-0.175157569532,-1.35333576965,-6.59832546302,0.230905685433,1.12419990248,0.90625,0.893294217046,2.11644012385,-6.76501650395,5.38159606908,5.78236387116,0.341827221877,0.400767802075,6.24458461946,-5.35796348332
2026-09-20T16:00:00Z,2026-09-20T18:00:00+02:00,2026-09-20T18:00:00Z,80912,81497.33,80811.03,81334.01,1104.23835,89666467.9149,197506,730.88621,59344951.4191,30321516.4959,0.661841073916,0.521566640301,0.849265255003,2613.11,2648.21,2606.69,2639.91,17520.7734,46048021.109,259589,8961.4873,23555168.1642,22492852.9447,0.511534862888,1.02559785084,1.59282461666,0.03229,0.0325,0.03225,0.03246,0.526478786002,0.77519379845,0.0324576397991,0.727163426026,3044728.83,30447.2883,-0.449810103934,OKX_CONTRACT_OI_HISTORY,5881776.46,588177.646,0.149647854019,OKX_CONTRACT_OI_HISTORY,1.08,0.519230769231,0.480769230769,OKX_GLOBAL_ACCOUNT_RATIO,1.22,0.54954954955,0.45045045045,OKX_GLOBAL_ACCOUNT_RATIO,7.85786760489e-05,OKX_FUNDING_HISTORY,2.62548422972e-05,OKX_FUNDING_HISTORY,PRICE_UP_OI_DOWN,PRICE_UP_OI_UP,PASS,PASS,1.04386973599,2.30940348484,1.24766063631,1.26553374885,-0.916406035979,-3.05168164972,1.12095374501,2.33042224367,1.21608980355,1.20946849866,-0.576064605334,-5.84752638837,-0.617648032753,-0.380754716981,0.247066090179,0.236893315772,-2.12168864698,-7.00252389437,0.602708284836,1.64250649726,1.05853051059,1.03979821242,1.3390126089,-6.5205940288,5.96787428215,6.85082872928,0.870105655687,0.882954447132,5.34969159427,-5.10434628641
2026-09-20T17:00:00Z,2026-09-20T19:00:00+02:00,2026-09-20T18:00:00Z,81334.01,81462,81068.08,81147.94,620.12017,50398379.0093,138244,320.33246,26035554.6596,24362824.3497,0.516595080465,-0.22877268685,0.485912581129,2639.9,2649.89,2618.81,2626.41,11750.1797,30950619.5182,165763,4831.5718,12730436.2569,18220183.2613,0.41131442456,-0.511381069809,1.18679858409,0.03245,0.03254,0.03228,0.03237,-0.277264325323,0.805452292441,0.0323657014583,1.32811632609,3037920.2,30379.202,-0.223620242726,OKX_CONTRACT_OI_HISTORY,5884853.23,588485.323,0.0523102164954,OKX_CONTRACT_OI_HISTORY,1.07,0.51690821256,0.48309178744,OKX_GLOBAL_ACCOUNT_RATIO,1.17,0.539170506912,0.460829493088,OKX_GLOBAL_ACCOUNT_RATIO,,,,,PRICE_DOWN_OI_DOWN,PRICE_DOWN_OI_UP,PASS,PASS,0.724102418718,1.76807011834,1.06150483921,1.04396769962,-1.01394748161,-3.24033016262,0.812020129125,1.86556310141,1.06150483921,1.05354297229,-0.681010083006,-5.74717241793,-0.387987284201,-0.718225152245,-0.369344413666,-0.330237868044,-1.84451187798,-6.17983177431,0.159147854207,0.727533519467,0.559179869525,0.56838566526,1.19473178913,-7.36408560028,5.84349165348,6.64108654607,0.778331257783,0.797594892597,5.93055184942,-4.96959884692
2026-09-20T18:00:00Z,2026-09-20T20:00:00+02:00,2026-09-20T21:00:00Z,81147.94,81314.01,81030.97,81036,239.43349,19431823.1492,65582,98.90205,8028405.42358,11403417.7256,0.413157600394,-0.137945584324,0.349298545976,2626.4,2640.15,2621.98,2626.46,6055.4034,15934829.1461,91356,3137.0004,8259209.51891,7675619.62721,0.518311771226,0.00190373932478,0.692987742088,0.03236,0.03247,0.03236,0.03241,0.123571207909,0.339925834363,0.0324110271978,-0.316928489297,3040780.04,30407.8004,0.0941380882882,OKX_CONTRACT_OI_HISTORY,5901113.95,590111.395,0.276314792646,OKX_CONTRACT_OI_HISTORY,1.06,0.514563106796,0.485436893204,OKX_GLOBAL_ACCOUNT_RATIO,1.15,0.53488372093,0.46511627907,OKX_GLOBAL_ACCOUNT_RATIO,,,,,PRICE_DOWN_OI_UP,PRICE_UP_OI_UP,PASS,PASS,0.438747125908,1.57989797379,1.15480649189,1.14115084788,-0.246784867457,-2.36900177819,0.90470061801,2.02221876942,1.09170305677,1.11751815141,-1.19614856628,-4.13814261561,-0.481492438664,-0.471408541438,0.0308641975309,0.0100838972263,-1.70433130158,-5.55039261812,0.120548421807,0.509346956738,0.402726146221,0.388798534931,1.4995735825,-6.71028897428,5.82433442558,7.11282396362,1.24960949703,1.28848953804,6.4493639355,-4.37153155894
2026-09-20T19:00:00Z,2026-09-20T21:00:00+02:00,2026-09-20T21:00:00Z,81036,81294.01,81036,81177.32,187.99727,15260008.5304,49177,105.55108,8566914.39335,6693094.13707,0.561396435413,0.174391628412,0.318389357816,2626.47,2638.72,2625.73,2633.34,5381.5325,14159856.5763,71345,2347.1827,6178095.73052,7981760.8458,0.436310614957,0.261949544253,0.494719563702,0.03241,0.03246,0.03238,0.03244,0.0925640234495,0.247066090179,0.0324393562143,0.19845823175,3038798.01,30387.9801,-0.0651816301714,OKX_CONTRACT_OI_HISTORY,5897656.64,589765.664,-0.0585874129748,OKX_CONTRACT_OI_HISTORY,1.05,0.512195121951,0.487804878049,OKX_GLOBAL_ACCOUNT_RATIO,1.15,0.53488372093,0.46511627907,OKX_GLOBAL_ACCOUNT_RATIO,,,,,PRICE_UP_OI_DOWN,PRICE_UP_OI_DOWN,PASS,PASS,0.327911805418,0.774173303076,0.464540105296,0.446261497657,-0.643723680546,0.420041407,1.07793879366,2.19578074792,1.12219451372,1.11784195426,-1.73918649597,-3.60374500561,-0.217186589819,-0.058446684479,0.154368632294,0.15873990534,-1.65511399373,-5.60469962439,-0.0337911225894,-0.127810794513,-0.12315270936,-0.0940196719235,1.95694143631,-4.92651660554,5.98390135208,7.52934931297,1.43839899937,1.54544796089,6.49758606599,-3.71747383891
2026-09-20T20:00:00Z,2026-09-20T22:00:00+02:00,2026-09-20T21:00:00Z,81177.32,81224.27,81078.18,81091.85,225.52232,18301581.7793,44003,85.55847,6943351.53422,11358230.2451,0.379385324064,-0.105288028725,0.180184113654,2633.35,2643,2630.05,2634.5,7084.0613,18671291.9878,68843,3293.5528,8679916.88416,9991375.10368,0.464880356957,0.0440505213911,0.49238607631,0.03244,0.03254,0.03243,0.03248,0.123304562269,0.339192106075,0.0324878517385,-2.41682292655,3036760.78,30367.6078,-0.0670406520373,OKX_CONTRACT_OI_HISTORY,5889149.22,588914.922,-0.144250852827,OKX_CONTRACT_OI_HISTORY,1.05,0.512195121951,0.487804878049,OKX_GLOBAL_ACCOUNT_RATIO,1.14,0.532710280374,0.467289719626,OKX_GLOBAL_ACCOUNT_RATIO,,,,,PRICE_DOWN_OI_DOWN,PRICE_UP_OI_DOWN,PASS,PASS,-0.297735227859,-0.204931228716,0.0616142945163,0.0928039991424,-0.261699824349,0.125349204448,1.03033893417,2.30313103111,1.24688279302,1.27279209694,-1.42123376458,-3.57841274943,-0.0782203707384,-0.0553877904065,0,0.0228325803319,-1.31195921043,-5.09145710013,-0.0223893450389,0.0968863390262,0.0924499229584,0.119275684065,2.28947986101,-5.09632641555,5.92486468404,7.37108948338,1.37328339576,1.44622479934,6.38360308191,-3.52023241766
2026-09-20T21:00:00Z,2026-09-20T23:00:00+02:00,2026-09-21T00:00:00Z,81091.86,81091.86,80579.43,80932.01,354.30196,28647834.5983,137601,140.36864,11348564.3094,17299270.2889,0.396140387869,-0.197109820531,0.635931527438,2634.5,2635.68,2608.31,2631.06,14028.1113,36778629.132,124120,6141.0322,16100049.4979,20678579.6341,0.437755562887,-0.130575061682,1.04933846054,0.03249,0.03251,0.03237,0.0325,0.0615763546798,0.43249922768,0.0325095101431,-2.92534187742,3005464.1,30054.641,-1.03059418464,OKX_CONTRACT_OI_HISTORY,5875164.89,587516.489,-0.237459257315,OKX_CONTRACT_OI_HISTORY,1.04,0.509803921569,0.490196078431,OKX_GLOBAL_ACCOUNT_RATIO,1.12,0.528301886792,0.471698113208,OKX_GLOBAL_ACCOUNT_RATIO,,,,,PRICE_DOWN_OI_DOWN,PRICE_DOWN_OI_DOWN,PASS,PASS,-0.266094247124,0.177047757205,0.401606425703,0.443142004329,-1.06836578525,-0.1646318034,0.574126932506,1.98816173535,1.37242669994,1.41403480284,-2.05670599592,-4.16258152444,-0.20764383312,0.117200283107,0.277692070349,0.324844116227,-1.7958394862,-4.29769479132,-0.376903968823,0.166750422587,0.494743351886,0.543654391409,1.26597594303,-5.35231339454,5.90997810009,7.49418825558,1.43570536829,1.58421015548,5.38358593262,-3.84490944221
2026-09-20T22:00:00Z,2026-09-21T00:00:00+02:00,2026-09-21T00:00:00Z,80932.01,81295.5,80774.56,81222.85,371.27801,30123495.8117,118297,186.25144,15110007.9871,15013487.8246,0.501602074392,0.359363371798,0.644930780186,2631.07,2647.2,2624.11,2639.64,9550.0296,25199667.6558,137808,4976.8293,13132643.9353,12067023.7205,0.521143537077,0.326104307769,0.879917381512,0.03251,0.03258,0.03248,0.0325,0,0.307881773399,0.0324987365009,0.388784076617,3010424.57,30104.2457,0.165048386371,OKX_CONTRACT_OI_HISTORY,5826120.78,582612.078,-0.834769932729,OKX_CONTRACT_OI_HISTORY,1.04,0.509803921569,0.490196078431,OKX_GLOBAL_ACCOUNT_RATIO,1.1,0.52380952381,0.47619047619,OKX_GLOBAL_ACCOUNT_RATIO,,,,,PRICE_UP_OI_UP,PRICE_UP_OI_DOWN,PASS,PASS,0.230576533886,0.501816132741,0.277692070349,0.271239598855,-0.998279046846,-1.27083073866,1.12459502403,2.66139288506,1.53077163386,1.53679786103,-1.77962486955,-3.84254234757,-0.0473779970429,0.334875305512,0.370599135269,0.382253302555,-1.72935244096,-5.38410664454,0.103316505425,0.748464712236,0.650356147414,0.645148206811,0.454846113752,-5.7792841294,6.28480764198,7.92277562902,1.53077163386,1.63796798704,5.32505876887,-4.67228037777
2026-09-20T23:00:00Z,2026-09-21T01:00:00+02:00,2026-09-21T00:00:00Z,81222.84,81332.01,81135.15,81178,245.01823,19901052.6921,63570,139.87078,11360535.0718,8540517.62032,0.570850961884,-0.0552184514579,0.242632200717,2639.63,2649.14,2632.23,2645.21,8367.3423,22101349.9609,88496,4698.4501,12411057.5166,9690292.44437,0.561552011009,0.21101362307,0.642421065028,0.0325,0.0326,0.03244,0.03258,0.246153846154,0.493218249075,0.0325853063638,-1.62845293947,3024350.75,30243.5075,0.462598536392,OKX_CONTRACT_OI_HISTORY,5846838.7,584683.87,0.355604025085,OKX_CONTRACT_OI_HISTORY,1.03,0.507389162562,0.492610837438,OKX_GLOBAL_ACCOUNT_RATIO,1.09,0.521531100478,0.478468899522,OKX_GLOBAL_ACCOUNT_RATIO,,,,,PRICE_DOWN_OI_UP,PRICE_UP_OI_UP,PASS,PASS,0.000837672394205,0.45075835251,0.431565967941,0.449920680116,-0.475426795478,-0.861663252068,0.85075509484,2.56409262218,1.68539325843,1.71333752734,-1.42160740371,-3.54938249075,-0.0886030878281,0.475559218898,0.555555555556,0.564162306726,-1.04031055289,-5.22294544047,0.363644815709,1.26601177579,0.898110870238,0.902366960076,0.735462120416,-5.50314428739,6.23027517041,8.08775456834,1.74890693317,1.85747939793,5.61690749302,-4.50668558367
