timestamp_utc,timestamp_copenhagen,source_window_end_utc,btc_open,btc_high,btc_low,btc_close,btc_volume,btc_quote_volume,btc_trade_count,btc_taker_buy_base_volume,btc_taker_buy_quote_volume,btc_taker_sell_quote_volume,btc_taker_buy_quote_share,btc_return_1h_pct,btc_range_1h_pct,eth_open,eth_high,eth_low,eth_close,eth_volume,eth_quote_volume,eth_trade_count,eth_taker_buy_base_volume,eth_taker_buy_quote_volume,eth_taker_sell_quote_volume,eth_taker_buy_quote_share,eth_return_1h_pct,eth_range_1h_pct,ethbtc_open,ethbtc_high,ethbtc_low,ethbtc_close,ethbtc_return_1h_pct,ethbtc_range_1h_pct,derived_ethbtc_close,ethbtc_direct_minus_derived_bps,btc_open_interest,btc_open_interest_value,btc_oi_change_1h_pct,btc_open_interest_source,eth_open_interest,eth_open_interest_value,eth_oi_change_1h_pct,eth_open_interest_source,btc_long_short_ratio,btc_long_account,btc_short_account,btc_long_short_source,eth_long_short_ratio,eth_long_account,eth_short_account,eth_long_short_source,btc_funding_event_rate,btc_funding_source,eth_funding_event_rate,eth_funding_source,btc_price_oi_state,eth_price_oi_state,spot_status,derivatives_status,btc_return_4h_pct,eth_return_4h_pct,ethbtc_return_4h_pct,eth_minus_btc_return_4h_pct,btc_oi_change_4h_pct,eth_oi_change_4h_pct,btc_return_12h_pct,eth_return_12h_pct,ethbtc_return_12h_pct,eth_minus_btc_return_12h_pct,btc_oi_change_12h_pct,eth_oi_change_12h_pct,btc_return_24h_pct,eth_return_24h_pct,ethbtc_return_24h_pct,eth_minus_btc_return_24h_pct,btc_oi_change_24h_pct,eth_oi_change_24h_pct,btc_return_48h_pct,eth_return_48h_pct,ethbtc_return_48h_pct,eth_minus_btc_return_48h_pct,btc_oi_change_48h_pct,eth_oi_change_48h_pct,btc_return_72h_pct,eth_return_72h_pct,ethbtc_return_72h_pct,eth_minus_btc_return_72h_pct,btc_oi_change_72h_pct,eth_oi_change_72h_pct
2026-09-21T00:00:00Z,2026-09-21T02:00:00+02:00,2026-09-21T05:00:00Z,81178.01,81849.15,81178.01,81607.72,855.46281,69830318.2752,232028,431.5587,35226923.611,34603394.6642,0.504464600493,0.529355244032,0.826750988353,2645.21,2707.7,2643.99,2689.19,54303.54,145572488.818,459625,31545.667,84531074.7674,61041414.0511,0.580680288243,1.6626279199,2.40961577011,0.03258,0.03307,0.03253,0.03295,1.13566605279,1.66000614817,0.0329526422255,-0.801825084876,3008585.17,30085.8517,-0.521288081417,OKX_CONTRACT_OI_HISTORY,5883575.54,588357.554,0.628319710616,OKX_CONTRACT_OI_HISTORY,1.05,0.512195121951,0.487804878049,OKX_GLOBAL_ACCOUNT_RATIO,1.1,0.52380952381,0.47619047619,OKX_GLOBAL_ACCOUNT_RATIO,9.25806509055e-05,OKX_FUNDING_HISTORY,3.61732078078e-05,OKX_FUNDING_HISTORY,PRICE_UP_OI_DOWN,PRICE_UP_OI_UP,PASS,PASS,,,,,,,,,,,,,,,,,,,,,,,,,,,,,,
2026-09-21T01:00:00Z,2026-09-21T03:00:00+02:00,2026-09-21T05:00:00Z,81607.72,82100,80850.22,80996.97,1183.18776,96538796.502,272029,599.958,49000008.5982,47538787.9038,0.50756804905,-0.748397332997,1.54579665955,2689.18,2701,2643.71,2649.46,24806.4815,66307330.8116,310106,11584.7121,30973148.0221,35334182.7895,0.467114987785,-1.47739653948,2.16703042316,0.03296,0.03296,0.0327,0.03271,-0.728376327769,0.795107033639,0.032710606335,-0.185363432548,3002480.16,30024.8016,-0.202919633483,OKX_CONTRACT_OI_HISTORY,5927178.41,592717.841,0.741094759531,OKX_CONTRACT_OI_HISTORY,1.05,0.512195121951,0.487804878049,OKX_GLOBAL_ACCOUNT_RATIO,1.1,0.52380952381,0.47619047619,OKX_GLOBAL_ACCOUNT_RATIO,,,,,PRICE_DOWN_OI_DOWN,PRICE_DOWN_OI_UP,PASS,PASS,,,,,,,,,,,,,,,,,,,,,,,,,,,,,,
2026-09-21T02:00:00Z,2026-09-21T04:00:00+02:00,2026-09-21T05:00:00Z,80996.98,81514.01,80952.35,81310.61,488.74903,39722881.8585,129829,236.30802,19204659.9248,20518221.9337,0.483465927603,0.387224361603,0.6938155594,2649.46,2669.54,2644.04,2661.7,13180.5321,35031666.228,128601,7029.5412,18681582.6177,16350083.6103,0.533277021312,0.461980931963,0.964433215836,0.03271,0.03274,0.03267,0.03273,0.061143381229,0.214263850627,0.0327349653385,-1.51683022129,3013222.03,30132.2203,0.357766560562,OKX_CONTRACT_OI_HISTORY,5985868.35,598586.835,0.990183455605,OKX_CONTRACT_OI_HISTORY,1.05,0.512195121951,0.487804878049,OKX_GLOBAL_ACCOUNT_RATIO,1.12,0.528301886792,0.471698113208,OKX_GLOBAL_ACCOUNT_RATIO,,,,,PRICE_UP_OI_UP,PRICE_UP_OI_UP,PASS,PASS,,,,,,,,,,,,,,,,,,,,,,,,,,,,,,
2026-09-21T03:00:00Z,2026-09-21T05:00:00+02:00,2026-09-21T05:00:00Z,81310.61,81576.01,81250,81425.23,378.81841,30843625.8304,77487,188.02039,15308285.4101,15535340.4203,0.496319255535,0.140965613221,0.401243076923,2661.7,2673.8,2658.33,2665.95,6447.9917,17194210.6288,84244,3735.3032,9960832.99791,7233377.63091,0.57931318936,0.159672389826,0.581944303378,0.03273,0.0328,0.03271,0.03273,0,0.27514521553,0.0327410803752,-3.38424239014,3023822.8,30238.228,0.351808459332,OKX_CONTRACT_OI_HISTORY,6020463.98,602046.398,0.577955076476,OKX_CONTRACT_OI_HISTORY,1.06,0.514563106796,0.485436893204,OKX_GLOBAL_ACCOUNT_RATIO,1.14,0.532710280374,0.467289719626,OKX_GLOBAL_ACCOUNT_RATIO,,,,,PRICE_UP_OI_UP,PRICE_UP_OI_UP,PASS,PASS,,,,,,,,,,,,,,,,,,,,,,,,,,,,,,
2026-09-21T04:00:00Z,2026-09-21T06:00:00+02:00,2026-09-21T05:00:00Z,81425.24,81509.25,81228.15,81400.01,436.96949,35546583.7773,73670,185.06041,15053536.449,20493047.3282,0.423487571784,-0.0309732008126,0.346062294906,2665.95,2670.36,2653.43,2664.06,7368.9152,19604774.0079,57004,4216.1815,11217625.5123,8387148.49559,0.572188463269,-0.0708940527767,0.638042081381,0.03274,0.03276,0.03266,0.03272,-0.0305530094714,0.306184935701,0.0327280058074,-2.44616412543,3030650.23,30306.5023,0.225788032288,OKX_CONTRACT_OI_HISTORY,6055319.7,605531.97,0.578954049319,OKX_CONTRACT_OI_HISTORY,1.06,0.514563106796,0.485436893204,OKX_GLOBAL_ACCOUNT_RATIO,1.13,0.530516431925,0.469483568075,OKX_GLOBAL_ACCOUNT_RATIO,,,,,PRICE_DOWN_OI_UP,PRICE_DOWN_OI_UP,PASS,PASS,-0.254522488804,-0.934482130307,-0.698027314112,-0.679959641503,0.733403202941,2.91904402064,,,,,,,,,,,,,,,,,,,,,,,,
2026-09-21T05:00:00Z,2026-09-21T07:00:00+02:00,2026-09-21T06:00:00Z,81400,81792.01,81302.05,81550,458.38404,37387506.2419,85251,248.61712,20280040.1226,17107466.1193,0.542428264443,0.184262876626,0.602641630808,2664.05,2675.91,2658.83,2665.41,8827.0553,23556783.5884,88552,4988.616,13315810.8988,10240972.6896,0.565264389717,0.0506745343573,0.642387817198,0.03273,0.03277,0.03267,0.03269,-0.0916870415648,0.306091215182,0.03268436542,1.7239374055,3034422.99,30344.2299,0.124486816811,OKX_CONTRACT_OI_HISTORY,6040165.16,604016.516,-0.250268206318,OKX_CONTRACT_OI_HISTORY,1.05,0.512195121951,0.487804878049,OKX_GLOBAL_ACCOUNT_RATIO,1.13,0.530516431925,0.469483568075,OKX_GLOBAL_ACCOUNT_RATIO,,,,,PRICE_UP_OI_UP,PRICE_UP_OI_DOWN,PASS,PASS,0.682778627398,0.60200946608,-0.061143381229,-0.0807691613182,1.06388146791,1.90624850788,,,,,,,,,,,,,,,,,,,,,,,,
2026-09-21T06:00:00Z,2026-09-21T08:00:00+02:00,2026-09-21T13:00:00Z,81550.01,81878.98,81400,81639.9,532.02348,43455229.709,108562,278.44611,22742642.8763,20712586.8328,0.523358017632,0.110239117106,0.588427518428,2665.41,2678.7,2654.39,2662.88,13562.0926,36196027.3623,119244,6344.7677,16935560.8647,19260466.4975,0.467884519349,-0.0949197309232,0.915841304405,0.03268,0.03272,0.03259,0.03262,-0.214132762313,0.398895366677,0.0326173843917,0.801906206813,3052083.64,30520.8364,0.582010156732,OKX_CONTRACT_OI_HISTORY,6075703.1,607570.31,0.588360401721,OKX_CONTRACT_OI_HISTORY,1.04,0.509803921569,0.490196078431,OKX_GLOBAL_ACCOUNT_RATIO,1.15,0.53488372093,0.46511627907,OKX_GLOBAL_ACCOUNT_RATIO,,,,,PRICE_UP_OI_UP,PRICE_DOWN_OI_UP,PASS,PASS,0.404977898948,0.0443325694105,-0.336083104186,-0.360645329538,1.2897028368,1.50078058432,,,,,,,,,,,,,,,,,,,,,,,,
2026-09-21T07:00:00Z,2026-09-21T09:00:00+02:00,2026-09-21T13:00:00Z,81639.91,81725.74,81458.42,81720.01,624.88244,50973941.1327,106218,192.09847,15671927.9931,35302013.1396,0.307449799738,0.0981260388609,0.328167425786,2662.89,2665.7,2646.58,2661.66,9810.7956,26047679.4325,107745,4386.2625,11645481.9013,14402197.5312,0.44708327786,-0.0458150573815,0.722441792804,0.03262,0.03266,0.03249,0.03256,-0.183936235438,0.52323791936,0.0325704805959,-3.21782045791,3057945.24,30579.4524,0.192052403911,OKX_CONTRACT_OI_HISTORY,6076135.11,607613.511,0.00711045278035,OKX_CONTRACT_OI_HISTORY,1.03,0.507389162562,0.492610837438,OKX_GLOBAL_ACCOUNT_RATIO,1.17,0.539170506912,0.460829493088,OKX_GLOBAL_ACCOUNT_RATIO,,,,,PRICE_UP_OI_UP,PRICE_DOWN_OI_UP,PASS,PASS,0.362025382059,-0.160918246779,-0.519401161014,-0.522943628838,1.12845369114,0.924698331971,,,,,,,,,,,,,,,,,,,,,,,,
2026-09-21T08:00:00Z,2026-09-21T10:00:00+02:00,2026-09-21T13:00:00Z,81720.01,84174.1,81720,83760,4553.74746,378715882.177,373451,2809.71607,233558019.704,145157862.473,0.616710390811,2.49631638567,3.00305922663,2661.66,2713.14,2660.91,2696.28,48475.6724,130677932.902,313717,25270.4478,68097145.4549,62580787.4474,0.52110669294,1.30069204932,1.96286232905,0.03257,0.03262,0.0322,0.0322,-1.10565110565,1.30434782609,0.0321905444126,2.93738039076,2985559.87,29855.5987,-2.36712446819,OKX_CONTRACT_OI_HISTORY,6062050.54,606205.054,-0.231801461703,OKX_CONTRACT_OI_HISTORY,1.01,0.502487562189,0.497512437811,OKX_GLOBAL_ACCOUNT_RATIO,1.11,0.526066350711,0.473933649289,OKX_GLOBAL_ACCOUNT_RATIO,0.0001,OKX_FUNDING_HISTORY,7.94075120523e-05,OKX_FUNDING_HISTORY,PRICE_UP_OI_DOWN,PRICE_UP_OI_DOWN,PASS,PASS,2.89925025808,1.20943222,-1.58924205379,-1.68981803808,-1.48781141267,0.111155815605,,,,,,,,,,,,,,,,,,,,,,,,
2026-09-21T09:00:00Z,2026-09-21T11:00:00+02:00,2026-09-21T13:00:00Z,83760,85299.87,83700,84653.71,3826.57309,323430565.886,385286,2143.751,181242520.803,142188045.083,0.560375363121,1.06698901624,1.91143369176,2696.27,2749.98,2691.94,2720.77,64736.5508,176245096.208,331713,34555.056,94088406.3349,82156689.8729,0.533849782827,0.908288456688,2.15606588557,0.0322,0.03236,0.03207,0.03216,-0.124223602484,0.904271905207,0.032139997172,6.22365580332,2964932.05,29649.3205,-0.690919656553,OKX_CONTRACT_OI_HISTORY,6087283.88,608728.388,0.416250901135,OKX_CONTRACT_OI_HISTORY,0.96,0.489795918367,0.510204081633,OKX_GLOBAL_ACCOUNT_RATIO,1.1,0.52380952381,0.47619047619,OKX_GLOBAL_ACCOUNT_RATIO,,,,,PRICE_UP_OI_DOWN,PRICE_UP_OI_UP,PASS,PASS,3.80589822195,2.07697877625,-1.62129091465,-1.7289194457,-2.29008744756,0.78008992721,,,,,,,,,,,,,,,,,,,,,,,,
2026-09-21T10:00:00Z,2026-09-21T12:00:00+02:00,2026-09-21T13:00:00Z,84653.7,84816.42,84130.21,84441.77,1696.63605,143292893.929,208194,937.00552,79140137.624,64152756.3052,0.552296317381,-0.250361147787,0.815652308487,2720.78,2726.51,2707.97,2715.96,21574.2797,58614235.5529,145558,11403.1,30977338.4703,27636897.0826,0.528495137369,-0.176788188638,0.684645694007,0.03214,0.03225,0.03211,0.03217,0.0310945273632,0.436001245718,0.0321637028689,1.9578377443,2927617.8,29276.178,-1.25851956708,OKX_CONTRACT_OI_HISTORY,6194972.16,619497.216,1.76906945894,OKX_CONTRACT_OI_HISTORY,0.95,0.487179487179,0.512820512821,OKX_GLOBAL_ACCOUNT_RATIO,1.12,0.528301886792,0.471698113208,OKX_GLOBAL_ACCOUNT_RATIO,,,,,PRICE_DOWN_OI_DOWN,PRICE_DOWN_OI_UP,PASS,PASS,3.43198607544,1.99333052935,-1.37952176579,-1.43865554608,-4.07806124212,1.96304951109,,,,,,,,,,,,,,,,,,,,,,,,
2026-09-21T11:00:00Z,2026-09-21T13:00:00+02:00,2026-09-21T13:00:00Z,84441.77,84917.36,84392.41,84887.19,1151.00512,97501084.4681,186872,668.18403,56592980.0657,40908104.4024,0.580434365161,0.527487758724,0.62203461188,2715.96,2730.36,2713.3,2725.38,25405.1089,69155984.6541,157155,16244.62,44221119.2948,24934865.3593,0.639440238122,0.346838686873,0.628754653006,0.03217,0.03219,0.0321,0.03211,-0.186509170034,0.280373831776,0.0321059043184,1.27567862096,2960516.6,29605.166,1.12373958103,OKX_CONTRACT_OI_HISTORY,6238738.26,623873.826,0.706477751145,OKX_CONTRACT_OI_HISTORY,0.97,0.492385786802,0.507614213198,OKX_GLOBAL_ACCOUNT_RATIO,1.16,0.537037037037,0.462962962963,OKX_GLOBAL_ACCOUNT_RATIO,,,,,PRICE_UP_OI_UP,PRICE_UP_OI_UP,PASS,PASS,3.87564808179,2.3939947251,-1.38206388206,-1.48165335669,-3.18608190642,2.67609503502,,,,,,,,,,,,,,,,,,,,,,,,
2026-09-21T12:00:00Z,2026-09-21T14:00:00+02:00,2026-09-21T13:00:00Z,84887.19,85473.68,84820,85323,2004.93408,170750404.918,257425,988.52954,84179232.5583,86571172.3598,0.4929958005,0.513399018156,0.770667295449,2725.38,2740.23,2718.66,2735.15,20722.292,56517932.0829,178384,10207.4057,27843596.2879,28674335.795,0.492650655495,0.358482119925,0.793405574805,0.03211,0.03211,0.03196,0.03205,-0.186857676736,0.469336670839,0.0320564208947,-2.00299800742,3000179.25,30001.7925,1.33972057444,OKX_CONTRACT_OI_HISTORY,6192486.43,619248.643,-0.741365129814,OKX_CONTRACT_OI_HISTORY,0.93,0.481865284974,0.518134715026,OKX_GLOBAL_ACCOUNT_RATIO,1.16,0.537037037037,0.462962962963,OKX_GLOBAL_ACCOUNT_RATIO,,,,,PRICE_UP_OI_UP,PRICE_UP_OI_DOWN,PASS,PASS,1.86604584527,1.44161585592,-0.465838509317,-0.424429989352,0.489669631043,2.15167935568,4.55260850322,1.70906481134,-2.73141122914,-2.84354369188,-0.279397774204,5.25039387869,,,,,,,,,,,,,,,,,,
2026-09-21T13:00:00Z,2026-09-21T15:00:00+02:00,2026-09-21T17:00:00Z,85323,85845.27,84778,85466.34,2331.00479,198724171.364,330657,1034.99464,88269325.0712,110454846.293,0.4441801139,0.167996905875,1.25889971455,2735.15,2744.88,2718.74,2732.26,30103.3157,82274309.6263,267415,13974.119,38195549.5296,44078760.0968,0.464246369286,-0.105661481089,0.961474800827,0.03206,0.0322,0.03195,0.03198,-0.218408736349,0.782472613459,0.0319688429386,3.48997972374,3001901.72,30019.0172,0.0574122362855,OKX_CONTRACT_OI_HISTORY,6280794.79,628079.479,1.42605657676,OKX_CONTRACT_OI_HISTORY,0.92,0.479166666667,0.520833333333,OKX_GLOBAL_ACCOUNT_RATIO,1.13,0.530516431925,0.469483568075,OKX_GLOBAL_ACCOUNT_RATIO,,,,,PRICE_UP_OI_UP,PRICE_DOWN_OI_UP,PASS,PASS,0.959946114588,0.422306920467,-0.559701492537,-0.537639194121,1.24689771558,3.17893684301,5.51794715284,3.12516512799,-2.23173341486,-2.39278202485,-0.0192654062367,5.96601545524,,,,,,,,,,,,,,,,,,
2026-09-21T14:00:00Z,2026-09-21T16:00:00+02:00,2026-09-21T17:00:00Z,85466.35,86125,85050,85844.14,2395.21576,205211978.07,329524,1156.48173,99056130.6921,106155847.378,0.482701505165,0.442045371312,1.26396237507,2732.27,2757.57,2712.2,2736.67,35963.8526,98425042.9492,366350,18233.0551,49905030.9816,48520011.9676,0.507035907592,0.161404844341,1.67281173955,0.03197,0.03203,0.03184,0.03188,-0.312695434647,0.596733668342,0.0318795202561,0.150486540211,3025637.48,30256.3748,0.790690775846,OKX_CONTRACT_OI_HISTORY,6284362.39,628436.239,0.0568017284322,OKX_CONTRACT_OI_HISTORY,0.91,0.476439790576,0.523560209424,OKX_GLOBAL_ACCOUNT_RATIO,1.15,0.53488372093,0.46511627907,OKX_GLOBAL_ACCOUNT_RATIO,,,,,PRICE_UP_OI_UP,PRICE_UP_OI_UP,PASS,PASS,1.66075391361,0.762529639612,-0.901460988499,-0.898224274002,3.34810370397,1.44294805031,5.57557002709,2.81662095653,-2.59700580507,-2.75894907055,0.412032365235,4.98664558835,,,,,,,,,,,,,,,,,,
2026-09-21T15:00:00Z,2026-09-21T17:00:00+02:00,2026-09-21T17:00:00Z,85844.13,86344.7,85799.99,85927.71,1968.31466,169301997.682,248314,971.85453,83592227.5131,85709770.1684,0.493746256145,0.0973508500406,0.634860213853,2736.66,2765.43,2728.32,2755.27,36216.3365,99443542.1475,280636,18610.5677,51118544.5896,48324997.5579,0.514045894642,0.679658124655,1.36017769177,0.03188,0.03212,0.0318,0.03208,0.627352572146,1.00628930818,0.0320649764785,4.68533682724,3098112.96,30981.1296,2.39537884096,OKX_CONTRACT_OI_HISTORY,6213051.21,621305.121,-1.13474009891,OKX_CONTRACT_OI_HISTORY,0.91,0.476439790576,0.523560209424,OKX_GLOBAL_ACCOUNT_RATIO,1.1,0.52380952381,0.47619047619,OKX_GLOBAL_ACCOUNT_RATIO,,,,,PRICE_UP_OI_UP,PRICE_UP_OI_DOWN,PASS,PASS,1.2257679869,1.09672779576,-0.0934288383681,-0.129040191144,4.64771452388,-0.411734695855,5.52958831065,3.35040042011,-1.98594561564,-2.17918789054,2.45682915017,3.1988768746,,,,,,,,,,,,,,,,,,
2026-09-21T16:00:00Z,2026-09-21T18:00:00+02:00,2026-09-21T17:00:00Z,85927.71,86103.73,85607.42,85961.91,1192.70075,102379310.363,175861,585.72855,50282295.5919,52097014.7707,0.49113727582,0.0398008977546,0.579751147739,2755.28,2769.11,2742.85,2754.65,25874.9158,71347360.9015,244147,14126.1181,38951638.3949,32395722.5065,0.545943646728,-0.0225023318949,0.957398326558,0.03206,0.03222,0.03199,0.03204,-0.124688279302,0.718974679587,0.0320450069106,-1.56246201877,3096532.78,30965.3278,-0.0510045960365,OKX_CONTRACT_OI_HISTORY,6270410.04,627041.004,0.923199054076,OKX_CONTRACT_OI_HISTORY,0.89,0.470899470899,0.529100529101,OKX_GLOBAL_ACCOUNT_RATIO,1.07,0.51690821256,0.48309178744,OKX_GLOBAL_ACCOUNT_RATIO,2.02484424372e-05,OKX_FUNDING_HISTORY,1.09616503395e-05,OKX_FUNDING_HISTORY,PRICE_UP_OI_DOWN,PRICE_DOWN_OI_UP,PASS,PASS,0.748813332865,0.712940789353,-0.0312012480499,-0.0358725435111,3.21159244068,1.25835738004,5.60429906581,3.40044893884,-2.0782396088,-2.20385012697,2.17387507631,3.55208891778,,,,,,,,,,,,,,,,,,
2026-09-21T17:00:00Z,2026-09-21T19:00:00+02:00,2026-09-21T19:00:00Z,85961.91,86108,85667.5,85897.21,651.02583,55917480.9742,140699,258.07724,22165981.7981,33751499.1761,0.396405228059,-0.0752658939291,0.514197332711,2754.65,2758.52,2735.17,2743.26,20139.5658,55326370.4597,180436,10360.887,28462860.044,26863510.4158,0.514453773263,-0.413482656599,0.853694651521,0.03204,0.03206,0.03191,0.03194,-0.312109862672,0.470072077719,0.0319365436898,1.08224302472,3090535.77,30905.3577,-0.193668545631,OKX_CONTRACT_OI_HISTORY,6285412.11,628541.211,0.239251817733,OKX_CONTRACT_OI_HISTORY,0.87,0.465240641711,0.534759358289,OKX_GLOBAL_ACCOUNT_RATIO,1.05,0.512195121951,0.487804878049,OKX_GLOBAL_ACCOUNT_RATIO,,,,,PRICE_DOWN_OI_DOWN,PRICE_DOWN_OI_UP,PASS,PASS,0.504139992423,0.402597117405,-0.125078173859,-0.101542875018,2.95259666262,0.0735148998555,5.33072961373,2.9207514041,-2.29427959621,-2.40997820963,1.84920758197,4.06026894139,,,,,,,,,,,,,,,,,,
2026-09-21T18:00:00Z,2026-09-21T20:00:00+02:00,2026-09-21T19:00:00Z,85897.2,86071.19,85800,86051.75,748.46369,64335956.5813,101453,350.25071,30105869.435,34230087.1464,0.467947801427,0.17991271195,0.316072261072,2743.26,2758.21,2738.18,2758.2,16940.1653,46579672.4035,156971,10028.4951,27576763.8465,19002908.557,0.592034302165,0.544607510772,0.731507789846,0.03194,0.03205,0.0319,0.03205,0.344395742016,0.470219435737,0.0320528054339,-0.875253788701,3113039.8,31130.398,0.728159506143,OKX_CONTRACT_OI_HISTORY,6283535.52,628353.552,-0.0298562762021,OKX_CONTRACT_OI_HISTORY,0.87,0.465240641711,0.534759358289,OKX_GLOBAL_ACCOUNT_RATIO,1.05,0.512195121951,0.487804878049,OKX_GLOBAL_ACCOUNT_RATIO,,,,,PRICE_UP_OI_UP,PRICE_UP_OI_DOWN,PASS,PASS,0.24184527913,0.786722549668,0.533249686324,0.544877270538,2.88872413096,-0.0131575798575,5.40403650666,3.57958300787,-1.74739423666,-1.82445349879,1.99719821571,3.42071389236,,,,,,,,,,,,,,,,,,
2026-09-21T19:00:00Z,2026-09-21T21:00:00+02:00,2026-09-21T23:00:00Z,86051.75,86895.7,85980.76,86490.11,1357.8892,117396320.52,174372,730.89739,63194010.2009,54202310.3189,0.538296344563,0.509414393083,1.06412178725,2758.21,2776.31,2754.99,2761.83,22874.9297,63246854.5949,223976,11691.8004,32328762.5625,30918092.0325,0.511152100282,0.131607570154,0.77386850769,0.03204,0.03214,0.03187,0.03193,-0.374414976599,0.847191716348,0.0319323215105,-0.727009627673,3039706.94,30397.0694,-2.35566728058,OKX_CONTRACT_OI_HISTORY,6267344.68,626734.468,-0.257670859796,OKX_CONTRACT_OI_HISTORY,0.91,0.476439790576,0.523560209424,OKX_GLOBAL_ACCOUNT_RATIO,1.07,0.51690821256,0.48309178744,OKX_GLOBAL_ACCOUNT_RATIO,,,,,PRICE_UP_OI_DOWN,PRICE_UP_OI_DOWN,PASS,PASS,0.654503651965,0.238089189081,-0.467581047382,-0.416414462884,-1.88521273285,0.873861620722,5.83712606007,3.76344086022,-1.93488943489,-2.07368519985,-0.596423368262,3.14689463842,,,,,,,,,,,,,,,,,,
2026-09-21T20:00:00Z,2026-09-21T22:00:00+02:00,2026-09-21T23:00:00Z,86490.11,87395.67,86490.11,87001.68,1271.53725,110657997.364,174192,648.63713,56442328.3198,54215669.0441,0.51006099572,0.591478031419,1.04700988356,2761.84,2807.34,2761.84,2784.45,32981.3029,92012235.6667,234834,17325.1286,48327484.6767,43684750.99,0.525228892946,0.819022170083,1.64745242302,0.03193,0.03222,0.03192,0.03201,0.250548073912,0.93984962406,0.0320045543948,1.70150945429,2991221.26,29912.2126,-1.59507745178,OKX_CONTRACT_OI_HISTORY,6155865.32,615586.532,-1.77873350983,OKX_CONTRACT_OI_HISTORY,0.96,0.489795918367,0.510204081633,OKX_GLOBAL_ACCOUNT_RATIO,1.09,0.521531100478,0.478468899522,OKX_GLOBAL_ACCOUNT_RATIO,,,,,PRICE_UP_OI_DOWN,PRICE_UP_OI_DOWN,PASS,PASS,1.20957061098,1.08180712613,-0.0936329588015,-0.127763484851,-3.40094962599,-1.82675007327,3.87020057307,3.2700609729,-0.590062111801,-0.60013960017,0.189625740113,1.54757502236,,,,,,,,,,,,,,,,,,
2026-09-21T21:00:00Z,2026-09-21T23:00:00+02:00,2026-09-21T23:00:00Z,87001.68,87001.68,86537.53,86588.29,569.97751,49425047.6779,86154,287.7443,24950995.3513,24474052.3266,0.504824912135,-0.475151744196,0.536356884695,2784.44,2784.44,2763.56,2768.71,11976.5823,33199076.755,106647,4740.7759,13139878.5338,20059198.2212,0.395790480283,-0.565282192174,0.755547192751,0.03199,0.03202,0.03193,0.03199,-0.0624804748516,0.281866583151,0.0319755708307,4.51256036204,2945370.45,29453.7045,-1.5328458183,OKX_CONTRACT_OI_HISTORY,6168596.63,616859.663,0.206815928195,OKX_CONTRACT_OI_HISTORY,0.95,0.487179487179,0.512820512821,OKX_GLOBAL_ACCOUNT_RATIO,1.1,0.52380952381,0.47619047619,OKX_GLOBAL_ACCOUNT_RATIO,,,,,PRICE_DOWN_OI_DOWN,PRICE_DOWN_OI_UP,PASS,PASS,0.80454301135,0.927728323236,0.156543519098,0.123185311885,-4.69709237502,-1.85851743618,2.28528672872,1.76200119819,-0.528606965174,-0.523285530531,-0.659765541676,1.33578048277,,,,,,,,,,,,,,,,,,
2026-09-21T22:00:00Z,2026-09-22T00:00:00+02:00,2026-09-21T23:00:00Z,86588.29,86758.01,86295.78,86453.74,657.63026,56883092.1536,105251,321.80228,27838216.5884,29044875.5652,0.489393518082,-0.155390526825,0.535634535084,2768.72,2783.97,2768,2779.21,11449.3123,31782846.3001,140151,5268.5179,14625034.5867,17157811.7134,0.460154966884,0.379237984477,0.576950867052,0.03198,0.03216,0.03198,0.03215,0.500156298843,0.562851782364,0.0321467874033,0.999352333937,2940280.07,29402.8007,-0.172826477566,OKX_CONTRACT_OI_HISTORY,6123375.04,612337.504,-0.733093646942,OKX_CONTRACT_OI_HISTORY,0.94,0.484536082474,0.515463917526,OKX_GLOBAL_ACCOUNT_RATIO,1.09,0.521531100478,0.478468899522,OKX_GLOBAL_ACCOUNT_RATIO,,,,,PRICE_DOWN_OI_DOWN,PRICE_UP_OI_DOWN,PASS,PASS,0.467149128286,0.761728663621,0.312012480499,0.294579535335,-5.54955095659,-2.54889113764,2.38267151435,2.32882663957,-0.0621697233447,-0.0538448747789,0.432511033373,-1.15572948757,,,,,,,,,,,,,,,,,,
2026-09-21T23:00:00Z,2026-09-22T01:00:00+02:00,2026-09-22T04:00:00Z,86453.73,86697.52,86364.05,86620,628.04576,54336816.3682,98225,291.48548,25219364.6702,29117451.698,0.46413033291,0.192310939932,0.386121308577,2779.21,2788,2766.66,2776.19,9348.3505,25953190.4795,112182,4289.3251,11918607.3151,14034583.1644,0.459234764392,-0.108663972856,0.771327159824,0.03215,0.03218,0.03201,0.03206,-0.279937791602,0.531084036239,0.0320502193489,3.05166433133,2947593.36,29475.9336,0.248727666273,OKX_CONTRACT_OI_HISTORY,6164718.48,616471.848,0.675174062179,OKX_CONTRACT_OI_HISTORY,0.94,0.484536082474,0.515463917526,OKX_GLOBAL_ACCOUNT_RATIO,1.09,0.521531100478,0.478468899522,OKX_GLOBAL_ACCOUNT_RATIO,,,,,PRICE_UP_OI_UP,PRICE_DOWN_OI_UP,PASS,PASS,0.150179020468,0.519945108859,0.407140620106,0.369766088391,-3.03034410284,-1.63747496332,2.04130917751,1.86432717639,-0.155714730614,-0.176982001116,-0.43651976145,-1.18645432642,,,,,,,,,,,,,,,,,,
2026-09-22T00:00:00Z,2026-09-22T02:00:00+02:00,2026-09-22T04:00:00Z,86620.01,86625.82,85867.68,85890.71,1126.88778,97231665.6629,175423,469.42129,40506487.9731,56725177.6898,0.416597696819,-0.841941814823,0.882916599121,2776.2,2777.55,2752.96,2754.49,13713.7297,37973034.4787,154448,5358.8114,14843635.5558,23129398.923,0.390899377928,-0.781646789305,0.893220388237,0.03204,0.03219,0.03202,0.03206,0,0.53091817614,0.0320697081209,-3.02719341874,2956840.5,29568.405,0.313718307467,OKX_CONTRACT_OI_HISTORY,6117384.84,611738.484,-0.76781511035,OKX_CONTRACT_OI_HISTORY,0.9,0.473684210526,0.526315789474,OKX_GLOBAL_ACCOUNT_RATIO,1.07,0.51690821256,0.48309178744,OKX_GLOBAL_ACCOUNT_RATIO,0.0001,OKX_FUNDING_HISTORY,2.07394154529e-05,OKX_FUNDING_HISTORY,PRICE_DOWN_OI_UP,PRICE_DOWN_OI_DOWN,PASS,PASS,-1.2769523531,-1.07597550683,0.156201187129,0.200976846271,-1.14938872827,-0.625102694742,0.665365727881,0.707091018774,0.0312012480499,0.041725290893,-1.44453868881,-1.21278570166,5.2482657278,2.4282404739,-2.70106221548,-2.8200252539,-1.71990045407,3.97393215079,,,,,,,,,,,,
2026-09-22T01:00:00Z,2026-09-22T03:00:00+02:00,2026-09-22T04:00:00Z,85890.72,85973.79,85395.27,85616.23,890.84342,76356818.5648,162002,382.86887,32817973.4269,43538845.1379,0.429797548454,-0.319568903319,0.677461409748,2754.49,2756.87,2736.75,2748.87,15535.6931,42684505.1783,192809,6917.9861,19009767.5064,23674737.6719,0.445355227312,-0.204030510185,0.735178587741,0.03207,0.03211,0.03199,0.03211,0.155957579538,0.375117224133,0.0321068797353,0.971836791117,2989274.65,29892.7465,1.09691916084,OKX_CONTRACT_OI_HISTORY,6188165.42,618816.542,1.15703984384,OKX_CONTRACT_OI_HISTORY,0.88,0.468085106383,0.531914893617,OKX_GLOBAL_ACCOUNT_RATIO,1.05,0.512195121951,0.487804878049,OKX_GLOBAL_ACCOUNT_RATIO,,,,,PRICE_DOWN_OI_UP,PRICE_DOWN_OI_UP,PASS,PASS,-1.12262293204,-0.716579201144,0.375117224133,0.406043730894,1.49061724986,0.317232446434,0.175378985458,0.607921647281,0.406504065041,0.432542661823,-0.420635689565,-1.47480331864,5.70300345803,3.7520853306,-1.83430143687,-1.95091812743,-0.439820058628,4.40322514267,,,,,,,,,,,,
2026-09-22T02:00:00Z,2026-09-22T04:00:00+02:00,2026-09-22T04:00:00Z,85616.23,85879.25,85300,85714.9,898.97691,76960114.7946,134382,373.77233,32014957.6262,44945157.1684,0.415994151147,0.115246840465,0.679073856975,2748.86,2750,2736.73,2740,9690.7103,26583599.5491,105223,4101.0439,11251231.1325,15332368.4165,0.423239565874,-0.322678045888,0.484885246261,0.03211,0.03211,0.03195,0.03197,-0.436001245718,0.500782472613,0.0319664375739,1.1144270073,3005005.71,30050.0571,0.52625007207,OKX_CONTRACT_OI_HISTORY,6202324.1,620232.41,0.228802545489,OKX_CONTRACT_OI_HISTORY,0.91,0.476439790576,0.523560209424,OKX_GLOBAL_ACCOUNT_RATIO,1.07,0.51690821256,0.48309178744,OKX_GLOBAL_ACCOUNT_RATIO,,,,,PRICE_UP_OI_UP,PRICE_DOWN_OI_UP,PASS,PASS,-0.854607331042,-1.41083257472,-0.559875583204,-0.556225243682,2.20134267686,1.28930629733,-0.150551918861,0.121680728769,0.282308657466,0.27223264763,-0.681898282143,-1.30543537926,5.41662398056,2.94172897021,-2.32202871983,-2.47489501035,-0.272675558528,3.61611277335,,,,,,,,,,,,
2026-09-22T03:00:00Z,2026-09-22T05:00:00+02:00,2026-09-22T04:00:00Z,85714.91,85750.01,85300.01,85692.83,703.23804,60148990.8394,159961,335.73906,28720130.8259,31428860.0135,0.477483170126,-0.0257481488049,0.527549762304,2740.01,2743.49,2726.1,2739.65,17325.371,47367335.1721,148795,6751.6072,18456998.4645,28910336.7076,0.389656677908,-0.0127737226277,0.637907633616,0.03196,0.032,0.03187,0.03198,0.0312793243666,0.407907122686,0.0319705861039,2.94454912124,3021143.78,30211.4378,0.537039578537,OKX_CONTRACT_OI_HISTORY,6109134.18,610913.418,-1.50250000641,OKX_CONTRACT_OI_HISTORY,0.91,0.476439790576,0.523560209424,OKX_GLOBAL_ACCOUNT_RATIO,1.06,0.514563106796,0.485436893204,OKX_GLOBAL_ACCOUNT_RATIO,,,,,PRICE_DOWN_OI_UP,PRICE_DOWN_OI_DOWN,PASS,PASS,-1.07038790118,-1.31619233554,-0.249532127261,-0.245804434361,2.49527024311,-0.901651878838,-0.273346048673,-0.566913587416,-0.311720698254,-0.293567538743,-2.48438907792,-1.67256033288,5.24112735082,2.76449295748,-2.29147571036,-2.47663439334,-0.0885971228208,1.47281339602,,,,,,,,,,,,
2026-09-22T04:00:00Z,2026-09-22T06:00:00+02:00,2026-09-22T09:00:00Z,85692.83,85730.23,85425.2,85452,594.93381,50912892.2041,106638,326.5338,27945919.0705,22966973.1336,0.548896710847,-0.281038681999,0.357072620257,2739.64,2743.2,2726.24,2729.41,10025.861,27406832.7195,118545,5283.745,14444650.9483,12962181.7712,0.527045612899,-0.373770372128,0.622102236047,0.03197,0.03201,0.03191,0.03193,-0.156347717323,0.313381385146,0.0319408556851,-3.39868323191,3034074.81,30340.7481,0.428017696,OKX_CONTRACT_OI_HISTORY,6109933.64,610993.364,0.0130863061188,OKX_CONTRACT_OI_HISTORY,0.91,0.476439790576,0.523560209424,OKX_GLOBAL_ACCOUNT_RATIO,1.07,0.51690821256,0.48309178744,OKX_GLOBAL_ACCOUNT_RATIO,,,,,PRICE_DOWN_OI_UP,PRICE_DOWN_OI_UP,PASS,PASS,-0.510777009528,-0.910513379972,-0.4054897068,-0.399736370445,2.61205533406,-0.121803682372,-0.5931813288,-0.916268854482,-0.343320848939,-0.323087525682,-2.01702918837,-2.55926484833,4.97787408134,2.45302282982,-2.41442542787,-2.52485125153,0.11299819313,0.901916706396,,,,,,,,,,,,
2026-09-22T05:00:00Z,2026-09-22T07:00:00+02:00,2026-09-22T09:00:00Z,85452.01,85600,85114,85397.37,844.33342,72078234.0839,122144,418.18448,35702733.3742,36375500.7097,0.495333075623,-0.0639306277208,0.570998895599,2729.42,2739.2,2715.91,2733.54,12613.3399,34383878.4036,139058,5610.3062,15299624.1063,19084254.2972,0.44496504806,0.151314753005,0.857539461911,0.03193,0.03202,0.03189,0.03201,0.250548073912,0.407651301348,0.0320096508827,0.109066265719,3035759.1,30357.591,0.0555124743282,OKX_CONTRACT_OI_HISTORY,6068114.93,606811.493,-0.684438039167,OKX_CONTRACT_OI_HISTORY,0.92,0.479166666667,0.520833333333,OKX_GLOBAL_ACCOUNT_RATIO,1.09,0.521531100478,0.478468899522,OKX_GLOBAL_ACCOUNT_RATIO,,,,,PRICE_DOWN_OI_UP,PRICE_UP_OI_DOWN,PASS,PASS,-0.255629102099,-0.557683702758,-0.311429461227,-0.302054600659,1.55504112009,-1.94000130656,-0.581904813905,-0.354322958815,0.219160926738,0.227581855089,-1.7724004534,-3.4571667887,4.71780502759,2.55607955249,-2.08014683389,-2.1617254751,0.0440317649979,0.462731883312,,,,,,,,,,,,
2026-09-22T06:00:00Z,2026-09-22T08:00:00+02:00,2026-09-22T09:00:00Z,85397.38,85581.52,85250,85384.01,582.94729,49784303.2043,98277,315.97936,26987410.0315,22796893.1728,0.542086728035,-0.0156445098953,0.388879765396,2733.55,2736.62,2725,2730.73,7315.9701,19980469.4512,75177,4218.614,11522132.8476,8458336.60356,0.576669776242,-0.102797105585,0.426422018349,0.032,0.03201,0.03196,0.03198,-0.0937207122774,0.156445556946,0.031981749276,-0.546960702816,3043374.11,30433.7411,0.250843685192,OKX_CONTRACT_OI_HISTORY,6032068.31,603206.831,-0.594033244522,OKX_CONTRACT_OI_HISTORY,0.93,0.481865284974,0.518134715026,OKX_GLOBAL_ACCOUNT_RATIO,1.11,0.526066350711,0.473933649289,OKX_GLOBAL_ACCOUNT_RATIO,,,,,PRICE_DOWN_OI_UP,PRICE_DOWN_OI_DOWN,PASS,PASS,-0.386035566745,-0.338321167883,0.0312793243666,0.0477143988619,1.27681620944,-2.74503214045,-0.775974922067,-0.995939380756,-0.218408736349,-0.219964458688,-2.23786698776,-4.00200188572,4.58612761652,2.54799315027,-1.96198651134,-2.03813446625,-0.2853634116,-0.718185027837,,,,,,,,,,,,
2026-09-22T07:00:00Z,2026-09-22T09:00:00+02:00,2026-09-22T09:00:00Z,85384.02,85500,85157.31,85344,1045.96764,89224029.14,124549,420.52605,35875498.1276,53348531.0124,0.402083367826,-0.0468588907923,0.402419944923,2730.72,2734.67,2722.53,2726.34,6817.957,18595619.9143,99272,3024.158,8247100.97847,10348518.9358,0.443496964149,-0.160762872931,0.445908768682,0.03198,0.032,0.03194,0.03194,-0.125078173859,0.187852222918,0.031945303712,-1.66024780475,3056591.63,30565.9163,0.434304805202,OKX_CONTRACT_OI_HISTORY,6073428.61,607342.861,0.685673601067,OKX_CONTRACT_OI_HISTORY,0.94,0.484536082474,0.515463917526,OKX_GLOBAL_ACCOUNT_RATIO,1.13,0.530516431925,0.469483568075,OKX_GLOBAL_ACCOUNT_RATIO,,,,,PRICE_DOWN_OI_UP,PRICE_DOWN_OI_UP,PASS,PASS,-0.407070229796,-0.48582848174,-0.125078173859,-0.078758251944,1.173325488,-0.58446203583,-1.32513416852,-1.28501754272,0.031318509239,0.0401166258031,0.555470982344,-3.09407061365,4.43464213967,2.43006244224,-1.90417690418,-2.00457969743,-0.04426534466,-0.0445431174752,,,,,,,,,,,,
2026-09-22T08:00:00Z,2026-09-22T10:00:00+02:00,2026-09-22T09:00:00Z,85344.01,86377.77,85327.42,86223.77,1208.65549,103781491.197,172253,751.30556,64498372.5857,39283118.611,0.621482422752,1.0308516123,1.23096420822,2726.35,2755.68,2721.57,2749.02,17834.3475,48845329.6081,129692,11418.4964,31268288.5371,17577041.071,0.640148992503,0.831884504501,1.25332069357,0.03195,0.03197,0.03188,0.0319,-0.125234815279,0.282308657466,0.0318823915957,5.52292453311,3039998.98,30399.9898,-0.542848113472,OKX_CONTRACT_OI_HISTORY,6071280.7,607128.07,-0.0353656910771,OKX_CONTRACT_OI_HISTORY,1,0.5,0.5,OKX_GLOBAL_ACCOUNT_RATIO,1.2,0.545454545455,0.454545454545,OKX_GLOBAL_ACCOUNT_RATIO,0.0001,OKX_FUNDING_HISTORY,7.74000801592e-05,OKX_FUNDING_HISTORY,PRICE_UP_OI_DOWN,PRICE_UP_OI_DOWN,PASS,PASS,0.903162009081,0.718470292114,-0.0939555277169,-0.184691716967,0.195254579105,-0.632624546803,-0.894132159287,-1.27242363842,-0.343642611684,-0.378291479133,1.6306958182,-1.37404922952,2.94146370583,1.95602830567,-0.931677018634,-0.985435400161,1.82341377733,0.152261350167,,,,,,,,,,,,
2026-09-22T09:00:00Z,2026-09-22T11:00:00+02:00,2026-09-22T14:00:00Z,86223.77,86271.22,85681.83,86253.99,951.86983,81830410.0789,182521,416.77532,35841661.6411,45988748.4378,0.437999291542,0.0350483399183,0.687882133236,2749.01,2754.34,2730.49,2750.77,12022.7477,32967580.4266,165453,6660.0773,18265523.0788,14702057.3478,0.554044999435,0.0636590494067,0.873469597032,0.03188,0.03193,0.03186,0.0319,0,0.21971123666,0.0318915101783,2.66209461351,3037814.43,30378.1443,-0.0718602214794,OKX_CONTRACT_OI_HISTORY,6082647.69,608264.769,0.187225571699,OKX_CONTRACT_OI_HISTORY,1.01,0.502487562189,0.497512437811,OKX_GLOBAL_ACCOUNT_RATIO,1.21,0.547511312217,0.452488687783,OKX_GLOBAL_ACCOUNT_RATIO,,,,,PRICE_UP_OI_DOWN,PRICE_UP_OI_UP,PASS,PASS,1.00309880738,0.630318195454,-0.343642611684,-0.372780611922,0.0677039887651,0.239493815916,-0.386079919121,-0.647955184906,-0.281337918099,-0.261875265785,3.13861979569,-1.39333052808,1.89038377645,1.10262903516,-0.808457711443,-0.787754741284,2.45814672211,-0.0761618825636,,,,,,,,,,,,
2026-09-22T10:00:00Z,2026-09-22T12:00:00+02:00,2026-09-22T14:00:00Z,86253.99,86262.01,85723.04,85904,634.44661,54518628.4071,115812,261.4662,22470036.73,32048591.677,0.412153375581,-0.405766736124,0.628734118622,2750.77,2752.33,2735.87,2742.27,7588.9588,20816648.3156,82557,3485.2802,9561154.30524,11255494.0104,0.459303253832,-0.309004387862,0.601636773677,0.03189,0.03195,0.03189,0.03193,0.0940438871473,0.188146754468,0.031922494878,2.35104493722,3057096.12,30570.9612,0.634722444188,OKX_CONTRACT_OI_HISTORY,6110421.45,611042.145,0.456606422326,OKX_CONTRACT_OI_HISTORY,1,0.5,0.5,OKX_GLOBAL_ACCOUNT_RATIO,1.21,0.547511312217,0.452488687783,OKX_GLOBAL_ACCOUNT_RATIO,,,,,PRICE_DOWN_OI_UP,PRICE_DOWN_OI_UP,PASS,PASS,0.609001615174,0.422597620417,-0.156347717323,-0.186403994757,0.450881472472,1.29894318123,-0.635877638145,-1.32915468784,-0.684292379471,-0.693277049698,3.9729565626,-0.211543306026,1.73164300085,0.968718243273,-0.746036680137,-0.762924757578,4.42265107146,-1.36482792523,,,,,,,,,,,,
2026-09-22T11:00:00Z,2026-09-22T13:00:00+02:00,2026-09-22T14:00:00Z,85904,86142.01,85774.27,85986.62,661.52703,56886037.2062,118965,301.52053,25929903.5137,30956133.6926,0.455821934294,0.0961771279568,0.428729967623,2742.26,2748.15,2734.74,2742.6,5930.9665,16264297.3316,87347,3256.5763,8931433.2479,7332864.08368,0.5491435053,0.0120338259909,0.490357401435,0.03192,0.03193,0.03188,0.03189,-0.125274036956,0.156838143036,0.0318956600457,-1.7745504266,3064338.36,30643.3836,0.236899322616,OKX_CONTRACT_OI_HISTORY,6095487.39,609548.739,-0.244403109052,OKX_CONTRACT_OI_HISTORY,1.01,0.502487562189,0.497512437811,OKX_GLOBAL_ACCOUNT_RATIO,1.22,0.54954954955,0.45045045045,OKX_GLOBAL_ACCOUNT_RATIO,,,,,PRICE_UP_OI_UP,PRICE_UP_OI_DOWN,PASS,PASS,0.752976190476,0.596403970158,-0.156543519098,-0.156572220318,0.25344340814,0.363201437219,-0.731216809051,-1.2099315969,-0.53025577043,-0.47871478785,3.96068879732,-1.12302111158,1.29516597263,0.631838495916,-0.685144814699,-0.663327476712,3.50687984658,-2.29615130544,,,,,,,,,,,,
2026-09-22T12:00:00Z,2026-09-22T14:00:00+02:00,2026-09-22T14:00:00Z,85986.62,86182.2,85782.52,86024.01,1020.45206,87734023.4871,136686,428.66274,36858846.6817,50875176.8054,0.420120327516,0.0434835094111,0.465922428019,2742.59,2756.79,2736.35,2756.61,10763.4549,29578745.0799,112339,5071.1362,13934362.0543,15644383.0257,0.471093753864,0.510829140232,0.74698046668,0.03188,0.03204,0.03188,0.03203,0.43900909376,0.501882057716,0.0320446582297,-4.5743130149,3066146.83,30661.4683,0.0590166550668,OKX_CONTRACT_OI_HISTORY,6066359.5,606635.95,-0.47785990088,OKX_CONTRACT_OI_HISTORY,1,0.5,0.5,OKX_GLOBAL_ACCOUNT_RATIO,1.22,0.54954954955,0.45045045045,OKX_GLOBAL_ACCOUNT_RATIO,,,,,PRICE_UP_OI_UP,PRICE_UP_OI_DOWN,PASS,PASS,-0.231676253544,0.276098391427,0.407523510972,0.50777464497,0.860126933332,-0.0810570329914,0.155197226801,0.076965245835,-0.093574547723,-0.0782319809663,3.69672730064,-0.834103809627,0.82159558384,0.78460047895,-0.0624024960998,-0.0369951048903,2.19878795575,-2.03677361954,,,,,,,,,,,,
2026-09-22T13:00:00Z,2026-09-22T15:00:00+02:00,2026-09-22T14:00:00Z,86024.01,86370,85569.46,86346.01,1218.84156,104794397.232,239904,590.0383,50736634.9922,54057762.2395,0.484154080108,0.374314101377,0.935544059762,2756.6,2764,2739.02,2759.19,19624.3201,54035889.5546,188278,10343.0392,28491439.9622,25544449.5924,0.527268824425,0.0935932177566,0.912005023695,0.03205,0.03209,0.03196,0.03196,-0.218545113956,0.40675844806,0.0319550376445,1.55291806653,3044842.23,30448.4223,-0.694832999893,OKX_CONTRACT_OI_HISTORY,6069389.68,606938.968,0.0499505510677,OKX_CONTRACT_OI_HISTORY,1,0.5,0.5,OKX_GLOBAL_ACCOUNT_RATIO,1.22,0.54954954955,0.45045045045,OKX_GLOBAL_ACCOUNT_RATIO,,,,,PRICE_UP_OI_DOWN,PRICE_UP_OI_UP,PASS,PASS,0.106684919735,0.306096111271,0.188087774295,0.199411191535,0.231343953422,-0.217964456856,0.852385114364,0.375426993637,-0.467144191841,-0.476958120727,1.85889844548,-1.91940150171,1.02925900419,0.985630942882,-0.0625390869293,-0.0436280613056,1.43044356562,-3.36589742331,,,,,,,,,,,,
2026-09-22T14:00:00Z,2026-09-22T16:00:00+02:00,2026-09-22T18:00:00Z,86346.01,86470.58,85461.53,86258.01,1551.74098,133432370.484,297564,642.55937,55257002.3741,78175368.1103,0.414119918379,-0.101915537267,1.18070668756,2759.2,2760.27,2716.02,2742.73,27521.7152,75353547.1379,241637,13461.1159,36874680.9283,38478866.2097,0.489355608712,-0.596551886604,1.62922217068,0.03196,0.03197,0.03172,0.0318,-0.500625782228,0.78814627995,0.0317968151595,1.00162247104,3018518.3,30185.183,-0.864541674463,OKX_CONTRACT_OI_HISTORY,6007864.52,600786.452,-1.01369599324,OKX_CONTRACT_OI_HISTORY,0.99,0.497487437186,0.502512562814,OKX_GLOBAL_ACCOUNT_RATIO,1.22,0.54954954955,0.45045045045,OKX_GLOBAL_ACCOUNT_RATIO,,,,,PRICE_DOWN_OI_DOWN,PRICE_DOWN_OI_DOWN,PASS,PASS,0.412099552989,0.0167744241085,-0.407140620106,-0.395325128881,-1.26191060031,-1.67839372193,0.633623792363,0.0996350364963,-0.531748514232,-0.533988755866,0.44966936186,-3.13526956774,0.482117940724,0.221437001904,-0.250941028858,-0.26068093882,-0.235295207937,-4.39977602883,,,,,,,,,,,,
2026-09-22T15:00:00Z,2026-09-22T17:00:00+02:00,2026-09-22T18:00:00Z,86258,86717.6,86124.3,86413.12,1020.77769,88149735.4266,194272,459.44212,39683166.1152,48466569.3115,0.45017907227,0.179820981263,0.688888037406,2742.73,2755.85,2736.88,2743.91,10507.2965,28845213.6922,161315,5298.4911,14547191.0692,14298022.6231,0.5043190605,0.0430228276207,0.693125018269,0.0318,0.03183,0.03174,0.03174,-0.188679245283,0.283553875236,0.0317533957806,-4.21869230405,3027078.97,30270.7897,0.283605038936,OKX_CONTRACT_OI_HISTORY,5940747.13,594074.713,-1.11715884698,OKX_CONTRACT_OI_HISTORY,0.96,0.489795918367,0.510204081633,OKX_GLOBAL_ACCOUNT_RATIO,1.22,0.54954954955,0.45045045045,OKX_GLOBAL_ACCOUNT_RATIO,,,,,PRICE_UP_OI_UP,PRICE_UP_OI_DOWN,PASS,PASS,0.496007402082,0.0477648946255,-0.470366886171,-0.448242507456,-1.21590325946,-2.53860356194,0.840548736691,0.155494314967,-0.750469043152,-0.685054421724,0.19645506577,-2.7563161168,0.56490508126,-0.412300790848,-1.05985037406,-0.977205872108,-2.29281472035,-4.38277539966,,,,,,,,,,,,
2026-09-22T16:00:00Z,2026-09-22T18:00:00+02:00,2026-09-22T18:00:00Z,86413.11,86588.3,86033.18,86421.13,1068.78379,92208431.1802,155149,411.03863,35466539.0841,56741892.0961,0.384634448609,0.00926942575388,0.645239429718,2743.9,2751,2729.56,2746.13,10526.9838,28831710.1224,134839,5321.7778,14574314.5681,14257395.5543,0.505496014848,0.0809064437245,0.785474581984,0.03175,0.03178,0.0317,0.03177,0.0945179584121,0.252365930599,0.0317761408581,-1.9325374254,3031659.48,30316.5948,0.15131782307,OKX_CONTRACT_OI_HISTORY,5951666.69,595166.669,0.183807857178,OKX_CONTRACT_OI_HISTORY,0.95,0.487179487179,0.512820512821,OKX_GLOBAL_ACCOUNT_RATIO,1.22,0.54954954955,0.45045045045,OKX_GLOBAL_ACCOUNT_RATIO,5.44099189888e-05,OKX_FUNDING_HISTORY,5.70862834719e-05,OKX_FUNDING_HISTORY,PRICE_UP_OI_UP,PRICE_UP_OI_UP,PASS,PASS,0.461638558816,-0.380177101585,-0.811738994692,-0.841815660401,-1.12477816335,-1.89063655064,1.13412208023,0.612586602965,-0.501096147823,-0.521535477267,-0.0796068044216,-2.59032191387,0.534213351006,-0.309295191767,-0.842696629213,-0.843508542773,-2.09503030031,-5.083293564,,,,,,,,,,,,
2026-09-22T17:00:00Z,2026-09-22T19:00:00+02:00,2026-09-22T18:00:00Z,86421.13,86660,86247.8,86570.24,1073.02563,92798635.4691,114179,421.07877,36421613.675,56377021.7941,0.392480056317,0.172538822392,0.477925234035,2746.13,2759.31,2742.83,2753.9,15534.5215,42734727.8267,139063,6314.9104,17375656.0703,25359071.7563,0.406593348174,0.282943633404,0.600839279139,0.03177,0.03185,0.03173,0.03181,0.125904941769,0.378190986448,0.0318111628199,-0.365538327463,3055678.58,30556.7858,0.792275654916,OKX_CONTRACT_OI_HISTORY,5956991.09,595699.109,0.0894606549279,OKX_CONTRACT_OI_HISTORY,0.94,0.484536082474,0.515463917526,OKX_GLOBAL_ACCOUNT_RATIO,1.2,0.545454545455,0.454545454545,OKX_GLOBAL_ACCOUNT_RATIO,,,,,PRICE_UP_OI_UP,PRICE_UP_OI_UP,PASS,PASS,0.259687737743,-0.19172293318,-0.469336670839,-0.451410670922,0.355892002982,-1.85189279196,1.37342637133,0.744821732991,-0.624804748516,-0.628604638336,0.656161419396,-1.83127447786,0.783529523252,0.387859699773,-0.407013149656,-0.395669823479,-1.12786884198,-5.2251310535,,,,,,,,,,,,
2026-09-22T18:00:00Z,2026-09-22T20:00:00+02:00,2026-09-22T21:00:00Z,86570.24,86649.06,86241.4,86461.44,1025.36943,88647817.6209,118937,453.92264,39239207.9315,49408609.6894,0.442641556042,-0.125678293141,0.47269640799,2753.91,2757.01,2742.91,2752.36,8710.8901,23958868.3364,96996,4231.8755,11639570.8642,12319297.4721,0.485814717992,-0.0559206942881,0.514052593778,0.03181,0.03184,0.03178,0.03182,0.0314366551399,0.188797986155,0.0318333814473,-4.2035896467,3071237.87,30712.3787,0.509192625881,OKX_CONTRACT_OI_HISTORY,5952258.11,595225.811,-0.0794525277693,OKX_CONTRACT_OI_HISTORY,0.94,0.484536082474,0.515463917526,OKX_GLOBAL_ACCOUNT_RATIO,1.19,0.543378995434,0.456621004566,OKX_GLOBAL_ACCOUNT_RATIO,,,,,PRICE_DOWN_OI_UP,PRICE_DOWN_OI_DOWN,PASS,PASS,0.235838967303,0.351110025413,0.062893081761,0.11527105811,1.74653802828,-0.925560318727,1.26186390168,0.792095886448,-0.500312695435,-0.469768015236,0.91555487406,-1.32309841166,0.476097232189,-0.211732289174,-0.717628705148,-0.687829521363,-1.34280101398,-5.27214987399,,,,,,,,,,,,
2026-09-22T19:00:00Z,2026-09-22T21:00:00+02:00,2026-09-22T21:00:00Z,86461.45,86584.55,86139.37,86192.44,1139.5808,98465390.6569,124071,444.13457,38380747.42,60084643.2369,0.389789215926,-0.311121350743,0.516813624246,2752.37,2763.86,2745.1,2751.74,13334.7394,36733257.7167,116765,6576.0436,18111888.1049,18621369.6118,0.493065119477,-0.0225261230362,0.683399511857,0.03183,0.03195,0.03183,0.03192,0.314267756128,0.377002827521,0.031925537785,-1.73459411136,3054137.28,30541.3728,-0.556797966287,OKX_CONTRACT_OI_HISTORY,5967057.35,596705.735,0.248632363155,OKX_CONTRACT_OI_HISTORY,0.93,0.481865284974,0.518134715026,OKX_GLOBAL_ACCOUNT_RATIO,1.17,0.539170506912,0.460829493088,OKX_GLOBAL_ACCOUNT_RATIO,,,,,PRICE_DOWN_OI_DOWN,PRICE_DOWN_OI_UP,PASS,PASS,-0.255377887062,0.285359213677,0.567107750473,0.540737100738,0.893875259554,0.442877291766,0.99414135733,0.931651958303,-0.0626174076393,-0.0624893990273,-0.0802969548143,-1.75142027396,-0.344166517998,-0.365337475514,-0.031318509239,-0.021170957516,0.474728001246,-4.79130070759,,,,,,,,,,,,
2026-09-22T20:00:00Z,2026-09-22T22:00:00+02:00,2026-09-22T21:00:00Z,86192.45,86378.32,86132,86264.01,646.72345,55787269.3306,66726,237.93125,20524111.3071,35263158.0235,0.367899550442,0.0830351246583,0.285979659128,2751.75,2758.74,2747.67,2751.53,8518.9581,23447239.1926,64200,5248.3684,14445439.4055,9001799.78705,0.616082741635,-0.00763153495605,0.402886809551,0.03192,0.03195,0.03189,0.0319,-0.062656641604,0.188146754468,0.0318966159816,1.06093337161,3048493.53,30484.9353,-0.184790318266,OKX_CONTRACT_OI_HISTORY,5970020.5,597002.05,0.0496584803228,OKX_CONTRACT_OI_HISTORY,0.94,0.484536082474,0.515463917526,OKX_GLOBAL_ACCOUNT_RATIO,1.16,0.537037037037,0.462962962963,OKX_GLOBAL_ACCOUNT_RATIO,,,,,PRICE_UP_OI_DOWN,PRICE_DOWN_OI_UP,PASS,PASS,-0.181807389003,0.196640362984,0.409191060749,0.378447751987,0.555275093099,0.308381012513,0.0466692653313,0.091305265149,0,0.0446359998177,0.279426080597,-1.66785567994,-0.847880178866,-1.18228016305,-0.343642611684,-0.334399984183,1.91467848821,-3.01898775134,,,,,,,,,,,,
2026-09-22T21:00:00Z,2026-09-22T23:00:00+02:00,2026-09-23T00:00:00Z,86264.01,86344.01,86178,86184.01,334.95129,28892203.1671,49702,123.88484,10686226.219,18205976.9481,0.369865397843,-0.0927385592207,0.192636171645,2751.53,2754.49,2746.96,2747.31,8557.0318,23532419.2533,47321,4800.6767,13202560.1056,10329859.1477,0.561037093699,-0.1533692164,0.274121210356,0.03189,0.0319,0.03185,0.03189,-0.0313479623824,0.156985871272,0.0318772589022,3.9969239001,3052391,30523.91,0.127849049429,OKX_CONTRACT_OI_HISTORY,5976115.43,597611.543,0.102092279248,OKX_CONTRACT_OI_HISTORY,0.93,0.481865284974,0.518134715026,OKX_GLOBAL_ACCOUNT_RATIO,1.16,0.537037037037,0.462962962963,OKX_GLOBAL_ACCOUNT_RATIO,,,,,PRICE_DOWN_OI_UP,PRICE_DOWN_OI_UP,PASS,PASS,-0.446146389337,-0.239296996986,0.251493241119,0.20684939235,-0.107589195458,0.321040265313,-0.0811324786251,-0.125782962589,-0.0313479623824,-0.0446504839636,0.479837407317,-1.75141263196,-0.466899161538,-0.772923130266,-0.312597686777,-0.306023968729,3.63351747486,-3.12034019316,,,,,,,,,,,,
2026-09-22T22:00:00Z,2026-09-23T00:00:00+02:00,2026-09-23T00:00:00Z,86184,86284.01,86000,86124.01,473.14621,40768809.3086,90952,193.56867,16679625.3721,24089183.9365,0.409127115923,-0.0696184825932,0.330244186047,2747.31,2760,2734.96,2753.08,16814.3309,46167381.3004,108472,8979.4335,24649169.1528,21518212.1475,0.533908756758,0.210023623108,0.915552695469,0.03188,0.03199,0.03181,0.03197,0.250862339291,0.565859792518,0.0319664632429,1.10639610909,3047977.49,30479.7749,-0.144591895337,OKX_CONTRACT_OI_HISTORY,6007361.17,600736.117,0.52284364929,OKX_CONTRACT_OI_HISTORY,0.93,0.481865284974,0.518134715026,OKX_GLOBAL_ACCOUNT_RATIO,1.14,0.532710280374,0.467289719626,OKX_GLOBAL_ACCOUNT_RATIO,,,,,PRICE_DOWN_OI_DOWN,PRICE_UP_OI_UP,PASS,PASS,-0.390266458666,0.0261593686872,0.471401634192,0.416425827354,-0.757361721383,0.925750513195,0.256111473272,0.39419896655,0.125274036956,0.138087493277,-0.298277503947,-1.68663128793,-0.38139472046,-0.940195235337,-0.559875583204,-0.558800514877,3.66282862299,-1.89460663837,,,,,,,,,,,,
2026-09-22T23:00:00Z,2026-09-23T01:00:00+02:00,2026-09-23T00:00:00Z,86124.01,86504.17,86095.31,86208.56,610.43797,52643416.1145,125706,304.93188,26292721.737,26350694.3775,0.499449383752,0.0981723911834,0.474892302496,2753.08,2774.41,2748.86,2753.63,16185.7807,44699555.4006,99881,9045.2597,24982113.2612,19717442.1394,0.558889524456,0.0199776250599,0.929476219233,0.03197,0.03206,0.03193,0.03194,-0.0938379730998,0.407140620106,0.031941491657,-0.466996655324,3044423.99,30444.2399,-0.116585506673,OKX_CONTRACT_OI_HISTORY,5942134.78,594213.478,-1.085774405,OKX_CONTRACT_OI_HISTORY,0.94,0.484536082474,0.515463917526,OKX_GLOBAL_ACCOUNT_RATIO,1.17,0.539170506912,0.460829493088,OKX_GLOBAL_ACCOUNT_RATIO,,,,,PRICE_UP_OI_DOWN,PRICE_UP_OI_DOWN,PASS,PASS,0.018702336307,0.0686838146046,0.062656641604,0.0499814782976,-0.31803711194,-0.417669355901,0.258109924544,0.402173120397,0.156788962057,0.144063195853,-0.64987503534,-2.51583836022,-0.474994227661,-0.812624496162,-0.374298190892,-0.337630268501,3.28507423426,-3.61060607588,,,,,,,,,,,,
2026-09-23T00:00:00Z,2026-09-23T02:00:00+02:00,2026-09-23T05:00:00Z,86208.57,86588.3,86133.4,86457.3,617.38252,53342409.5486,110803,272.91972,23577604.3838,29764805.1648,0.442004862235,0.28853283247,0.52813426615,2753.63,2766.99,2749,2760,8193.7863,22601786.4716,87242,5189.5402,14314456.7717,8287329.69985,0.633332979662,0.231331006708,0.654419789014,0.03195,0.03196,0.03189,0.03194,0,0.21950454688,0.0319232731071,5.23971739131,3050014.02,30500.1402,0.183615357728,OKX_CONTRACT_OI_HISTORY,6077902.5,607790.25,2.28483070524,OKX_CONTRACT_OI_HISTORY,0.93,0.481865284974,0.518134715026,OKX_GLOBAL_ACCOUNT_RATIO,1.16,0.537037037037,0.462962962963,OKX_GLOBAL_ACCOUNT_RATIO,2.13003233594e-05,OKX_FUNDING_HISTORY,8.17322756499e-05,OKX_FUNDING_HISTORY,PRICE_UP_OI_UP,PRICE_UP_OI_UP,PASS,PASS,0.224067951397,0.307828735285,0.12539184953,0.0837607838883,0.049876766509,1.80706247156,0.503684959583,0.122977134959,-0.280986575086,-0.380707824624,-0.52615908156,0.190278864944,0.659663891473,0.200037030448,-0.374298190892,-0.459626861025,3.15111755267,-0.645412067945,5.94255053321,2.63313488448,-3.06525037936,-3.30941564873,1.3770210135,3.30287184517,,,,,,
2026-09-23T01:00:00Z,2026-09-23T03:00:00+02:00,2026-09-23T05:00:00Z,86457.31,86845.39,86169.74,86370,781.39738,67648746.2186,122224,479.42476,41520141.6221,26128604.5964,0.61376069688,-0.100974700806,0.784091956179,2760.01,2775,2745.99,2754.19,10028.0111,27702116.6121,121423,4389.3845,12129813.1822,15572303.4299,0.437865934653,-0.210507246377,1.05644958649,0.03192,0.03199,0.03187,0.03188,-0.187852222918,0.37652965171,0.0318882713905,-2.59386607315,3024164.09,30241.6409,-0.847534792643,OKX_CONTRACT_OI_HISTORY,6045758.72,604575.872,-0.528863041156,OKX_CONTRACT_OI_HISTORY,0.95,0.487179487179,0.512820512821,OKX_GLOBAL_ACCOUNT_RATIO,1.18,0.54128440367,0.45871559633,OKX_GLOBAL_ACCOUNT_RATIO,,,,,PRICE_DOWN_OI_DOWN,PRICE_DOWN_OI_DOWN,PASS,PASS,0.215805692959,0.250426781106,-0.0313577924114,0.0346210881473,-0.924747517602,1.1653605225,0.0277835652163,-0.181212602249,-0.250312891114,-0.208996167466,-0.679120244598,-0.389346561119,0.880405502555,0.193534070363,-0.716287760822,-0.686871432191,1.16715404521,-2.30127493909,6.63361851684,3.95288096442,-2.537450321,-2.68073755242,0.722200608979,2.00061988686,,,,,,
2026-09-23T02:00:00Z,2026-09-23T04:00:00+02:00,2026-09-23T05:00:00Z,86370.01,86638.15,86260.01,86552.26,553.16487,47837612.7098,104923,409.24814,35391548.7525,12446063.9572,0.739826817179,0.211022345722,0.438372311805,2754.18,2763,2746.09,2762.2,6558.9222,18077793.3013,67682,3106.4633,8564073.73312,9513719.56821,0.473734464731,0.290829608705,0.615784624685,0.03189,0.03193,0.03183,0.03192,0.125470514429,0.314169022934,0.0319136669568,1.98442980233,3024770.81,30247.7081,0.020062403426,OKX_CONTRACT_OI_HISTORY,6053683.69,605368.369,0.13108313393,OKX_CONTRACT_OI_HISTORY,0.95,0.487179487179,0.512820512821,OKX_GLOBAL_ACCOUNT_RATIO,1.18,0.54128440367,0.45871559633,OKX_GLOBAL_ACCOUNT_RATIO,,,,,PRICE_UP_OI_UP,PRICE_UP_OI_UP,PASS,PASS,0.497248096088,0.331265346448,-0.156396621833,-0.16598274964,-0.761379638667,0.771095971911,0.341127739905,0.709876655741,0.377358490566,0.368748915836,0.207138383093,0.762653183131,0.97691299879,0.810218978102,-0.156396621833,-0.166694020688,0.657739182798,-2.39652761777,6.44645268311,3.77578239471,-2.47479376719,-2.6706702884,0.38327013028,1.13292401427,,,,,,
2026-09-23T03:00:00Z,2026-09-23T05:00:00+02:00,2026-09-23T05:00:00Z,86552.27,86975.51,86436.35,86704.27,495.62113,42987936.4788,83961,305.51221,26497039.642,16490896.8369,0.616383148678,0.175627996311,0.623765348722,2762.21,2784.4,2758.2,2774.01,13812.0898,38306798.4259,102677,7557.6917,20963093.7458,17343704.6801,0.547242124303,0.427557743827,0.949894858966,0.03192,0.03203,0.0319,0.032,0.250626566416,0.407523510972,0.03199392602,1.89847909705,3027590.08,30275.9008,0.0932060700493,OKX_CONTRACT_OI_HISTORY,6079915.48,607991.548,0.433319468662,OKX_CONTRACT_OI_HISTORY,0.94,0.484536082474,0.515463917526,OKX_GLOBAL_ACCOUNT_RATIO,1.12,0.528301886792,0.471698113208,OKX_GLOBAL_ACCOUNT_RATIO,,,,,PRICE_UP_OI_UP,PRICE_UP_OI_UP,PASS,PASS,0.575012504559,0.740113958665,0.187852222918,0.165101454107,-0.552942364641,2.31870708257,0.336928003525,1.096974755,0.819155639572,0.760046751477,0.0168845941934,2.34260686332,1.18030878429,1.25417480335,0.0625390869293,0.0738660190569,0.213372830604,-0.478278904,6.48329762163,4.05333933495,-2.23036969141,-2.42995828669,0.124586665594,0.987490336251,,,,,,
2026-09-23T04:00:00Z,2026-09-23T06:00:00+02:00,2026-09-23T05:00:00Z,86704.27,87278.54,86636,87166.95,876.93454,76322337.7794,138611,531.88187,46284970.2516,30037367.5278,0.606440677766,0.533630004612,0.741654739369,2774.02,2789,2767.8,2779.65,13038.1789,36254183.4763,96231,6513.0382,18112162.2889,18142021.1873,0.49958820065,0.203315777521,0.765951297059,0.032,0.032,0.03189,0.03189,-0.34375,0.344935716526,0.03188880648,0.374275538289,3007816.34,30078.1634,-0.653118139428,OKX_CONTRACT_OI_HISTORY,6195325.99,619532.599,1.89822556546,OKX_CONTRACT_OI_HISTORY,0.94,0.484536082474,0.515463917526,OKX_GLOBAL_ACCOUNT_RATIO,1.12,0.528301886792,0.471698113208,OKX_GLOBAL_ACCOUNT_RATIO,,,,,PRICE_UP_OI_DOWN,PRICE_UP_OI_UP,PASS,PASS,0.820809810161,0.711956521739,-0.156543519098,-0.108853288421,-1.38352413213,1.93197390054,0.863006535554,1.22062684578,0.377714825307,0.357620310225,-0.786471572988,4.09396750005,2.00691616346,1.84069084527,-0.125274036956,-0.166225318186,-0.865452292523,1.39759864888,7.08469200434,4.33886624175,-2.53667481663,-2.74582576259,-0.753432044845,2.31212053098,,,,,,
2026-09-23T05:00:00Z,2026-09-23T07:00:00+02:00,2026-09-23T11:00:00Z,87166.94,87166.95,86424,86496.01,734.60459,63752829.502,142309,285.36866,24763637.5818,38989191.9202,0.388431976671,-0.769718339348,0.859657039711,2779.65,2780.21,2755.57,2757.8,12107.6502,33507667.887,77869,5092.3475,14091133.964,19416533.9231,0.420534607525,-0.786070188693,0.894188861107,0.03189,0.03193,0.03186,0.03189,0,0.21971123666,0.0318835516228,2.02247769961,3020572.05,30205.7205,0.424085401438,OKX_CONTRACT_OI_HISTORY,6150065.85,615006.585,-0.730553001941,OKX_CONTRACT_OI_HISTORY,0.95,0.487179487179,0.512820512821,OKX_GLOBAL_ACCOUNT_RATIO,1.16,0.537037037037,0.462962962963,OKX_GLOBAL_ACCOUNT_RATIO,,,,,PRICE_DOWN_OI_UP,PRICE_DOWN_OI_DOWN,PASS,PASS,0.14589556559,0.131073019654,0.0313676286073,-0.0148225459362,-0.118777946338,1.72529429028,-0.085745401653,0.141617342678,0.251493241119,0.227362744331,-1.14889472439,3.24114569055,1.28650331972,0.887493872415,-0.37488284911,-0.399009447301,-0.500271908927,1.35051693887,6.0650030656,3.46625847431,-2.44723156929,-2.5987445913,-0.456460422481,1.81949809465,,,,,,
2026-09-23T06:00:00Z,2026-09-23T08:00:00+02:00,2026-09-23T11:00:00Z,86496,86609.93,86375,86469.66,728.90495,63055773.1066,79387,420.35006,36363352.9671,26692420.1396,0.57668554639,-0.030463832956,0.271988422576,2757.8,2762.07,2751.96,2754.29,11103.7763,30619601.2966,54078,7375.4557,20339400.4675,10280200.8291,0.664260787412,-0.127275364421,0.367374525793,0.03188,0.0319,0.03183,0.03184,-0.156788962057,0.219918316054,0.0318526752621,-3.97933986617,3037981.66,30379.8166,0.57636797639,OKX_CONTRACT_OI_HISTORY,6184795.97,618479.597,0.564711351831,OKX_CONTRACT_OI_HISTORY,0.96,0.489795918367,0.510204081633,OKX_GLOBAL_ACCOUNT_RATIO,1.21,0.547511312217,0.452488687783,OKX_GLOBAL_ACCOUNT_RATIO,,,,,PRICE_DOWN_OI_UP,PRICE_DOWN_OI_UP,PASS,PASS,-0.0954336720959,-0.286365940193,-0.250626566416,-0.190932268097,0.436755404949,2.16582640776,0.00950712826435,0.0701216410644,0.0628535512256,0.0606145128,-1.08282755709,3.90671667294,1.27149099697,0.862772958147,-0.437773608505,-0.408718038821,-0.177186563501,2.53192855503,5.91593081324,3.4327495043,-2.3911710607,-2.48318130895,-0.462044349479,1.7955595954,,,,,,
2026-09-23T07:00:00Z,2026-09-23T09:00:00+02:00,2026-09-23T11:00:00Z,86469.67,86469.67,86000,86124.77,902.10402,77824001.5492,137131,342.24121,29526696.9623,48297304.5869,0.379403479319,-0.398856662557,0.546127906977,2754.3,2754.3,2735.2,2742.92,13069.5411,35888833.7889,104242,5517.787,15149850.0777,20738983.7113,0.422132693605,-0.412810560979,0.698303597543,0.03185,0.03186,0.03179,0.03184,0,0.220195029884,0.0318482127732,-2.57872340426,3036119.22,30361.1922,-0.0613051758844,OKX_CONTRACT_OI_HISTORY,6194000.11,619400.011,0.148818813824,OKX_CONTRACT_OI_HISTORY,0.95,0.487179487179,0.512820512821,OKX_GLOBAL_ACCOUNT_RATIO,1.22,0.54954954955,0.45045045045,OKX_GLOBAL_ACCOUNT_RATIO,,,,,PRICE_DOWN_OI_DOWN,PRICE_DOWN_OI_UP,PASS,PASS,-0.66836385336,-1.12076019913,-0.5,-0.452396345774,0.281713830956,1.87641802547,-0.0785103658743,-0.320524468155,-0.250626566416,-0.24201410228,-0.589955799236,3.80326091553,0.914850487439,0.608141317664,-0.313087038197,-0.306709169775,-0.669779037509,1.98522955883,5.39006297234,3.05298197366,-2.2113022113,-2.33708099868,-0.71374790217,1.93980215822,,,,,,
2026-09-23T08:00:00Z,2026-09-23T10:00:00+02:00,2026-09-23T11:00:00Z,86124.77,86264.01,85688,85899.99,908.01386,78120204.2943,134515,303.90759,26143118.1207,51977086.1736,0.334652454597,-0.260993440099,0.672217813463,2742.92,2750.71,2726.75,2734.99,10936.624,29954348.6273,96696,4757.7133,13037150.2543,16917198.373,0.435233976093,-0.289107957943,0.878701751169,0.03184,0.03188,0.03181,0.03183,-0.0314070351759,0.220056585979,0.0318392353713,-2.90062596207,3045251.2,30452.512,0.300778043887,OKX_CONTRACT_OI_HISTORY,6261297.13,626129.713,1.08648722643,OKX_CONTRACT_OI_HISTORY,0.95,0.487179487179,0.512820512821,OKX_GLOBAL_ACCOUNT_RATIO,1.23,0.551569506726,0.448430493274,OKX_GLOBAL_ACCOUNT_RATIO,3.62440300664e-05,OKX_FUNDING_HISTORY,5.36087227332e-05,OKX_FUNDING_HISTORY,PRICE_DOWN_OI_UP,PRICE_DOWN_OI_UP,PASS,PASS,-1.45348667127,-1.60667709963,-0.188146754468,-0.153190428368,1.24458596431,1.06485340895,-0.421983629094,-0.601120104088,-0.219435736677,-0.179136474994,-0.106358434686,4.87898877399,-0.375511300422,-0.510363693243,-0.219435736677,-0.134852392821,0.172770452706,3.12975860266,2.55490687679,1.43568175412,-1.14906832298,-1.11922512267,1.99933455027,3.28678536553,,,,,,
2026-09-23T09:00:00Z,2026-09-23T11:00:00+02:00,2026-09-23T11:00:00Z,85899.99,86024.01,85734.01,85854.33,592.82384,50916803.6618,78620,263.40852,22624327.7479,28292475.914,0.444339120306,-0.0531548373871,0.338255495106,2735,2743.71,2731.29,2733.61,7585.2508,20764375.0681,78642,3999.8832,10950561.5148,9813813.55323,0.527372554143,-0.0504572228783,0.454730182441,0.03185,0.0319,0.03184,0.03184,0.0314169022934,0.188442211055,0.0318400947279,-0.0297511349456,3061044.99,30610.4499,0.518636689151,OKX_CONTRACT_OI_HISTORY,6326664.52,632666.452,1.04399118334,OKX_CONTRACT_OI_HISTORY,0.95,0.487179487179,0.512820512821,OKX_GLOBAL_ACCOUNT_RATIO,1.23,0.551569506726,0.448430493274,OKX_GLOBAL_ACCOUNT_RATIO,,,,,PRICE_DOWN_OI_UP,PRICE_DOWN_OI_UP,PASS,PASS,-0.741860809533,-0.877148451664,-0.156788962057,-0.135287642131,1.33990976974,2.87149234345,-0.382530355689,-0.498669607725,-0.156788962057,-0.116139252036,0.283515119786,5.86583532574,-0.463352477955,-0.623825328908,-0.188087774295,-0.160472850953,0.764712938703,4.01168771292,1.41827215842,0.47192522705,-0.995024875622,-0.946346931371,3.24165742685,3.93247045347,,,,,,
2026-09-23T10:00:00Z,2026-09-23T12:00:00+02:00,2026-09-23T11:00:00Z,85854.34,85934.02,85658.75,85923.07,574.90087,49338244.0045,95389,333.78046,28647399.6978,20690844.3066,0.580632737866,0.0800658510759,0.321356545595,2733.61,2738.81,2726,2738.33,8822.1874,24104492.0235,97050,3415.3711,9334149.06943,14770342.9541,0.387236912536,0.172665449717,0.469919295671,0.03184,0.03188,0.03181,0.03188,0.125628140704,0.220056585979,0.0318695549403,3.27744136025,3069933.38,30699.3338,0.290371099707,OKX_CONTRACT_OI_HISTORY,6392619.45,639261.945,1.04249134424,OKX_CONTRACT_OI_HISTORY,0.96,0.489795918367,0.510204081633,OKX_GLOBAL_ACCOUNT_RATIO,1.26,0.557522123894,0.442477876106,OKX_GLOBAL_ACCOUNT_RATIO,,,,,PRICE_UP_OI_UP,PRICE_UP_OI_UP,PASS,PASS,-0.632117669943,-0.579459679264,0.125628140704,0.0526579906794,1.05174170143,3.36023178465,-0.233314728378,-0.535763581153,-0.281513919299,-0.302448852774,0.720342918281,6.41310334268,0.022199199106,-0.143676589103,-0.156592546195,-0.165875788209,0.419916793457,4.61830664724,1.75422661083,0.82364983284,-0.901460988499,-0.930576777995,4.86113931948,3.19044678322,,,,,,
2026-09-23T11:00:00Z,2026-09-23T13:00:00+02:00,2026-09-23T16:00:00Z,85923.07,85966.04,85450.88,85649.95,706.12351,60460291.0973,114013,280.93579,24054099.7535,36406191.3438,0.397849552441,-0.317865737339,0.6028726679,2738.33,2739.67,2717,2727.96,15035.6586,40973489.9369,99658,5277.5206,14382812.9967,26590676.9402,0.35102728664,-0.378697965548,0.834376150166,0.03187,0.03188,0.0318,0.03185,-0.0941028858218,0.251572327044,0.0318501061588,-0.0333307673128,3102167.65,31021.6765,1.04999900682,OKX_CONTRACT_OI_HISTORY,6384506.47,638450.647,-0.126911668424,OKX_CONTRACT_OI_HISTORY,0.98,0.494949494949,0.505050505051,OKX_GLOBAL_ACCOUNT_RATIO,1.31,0.5670995671,0.4329004329,OKX_GLOBAL_ACCOUNT_RATIO,,,,,PRICE_DOWN_OI_UP,PRICE_DOWN_OI_DOWN,PASS,PASS,-0.551316421513,-0.545404167821,0.0314070351759,0.00591225369151,2.17542280833,3.07565961603,-0.647975096673,-0.932224009762,-0.281778334377,-0.284248913089,1.89670230525,7.44465930811,-0.391537660162,-0.533800043754,-0.125431169646,-0.142262383593,1.23450107514,4.74152535323,0.898557249922,0.0946656979944,-0.80971659919,-0.803891551928,4.78467339112,2.3365014515,,,,,,
2026-09-23T12:00:00Z,2026-09-23T14:00:00+02:00,2026-09-23T16:00:00Z,85649.96,85675.04,85267.32,85510.91,731.94616,62563289.3715,137527,331.71449,28356521.6123,34206767.7592,0.453245375958,-0.162335179413,0.478166781834,2727.95,2730.45,2712.86,2722.2,15884.267,43232037.338,118455,5933.4486,16149509.6336,27082527.7044,0.373554211831,-0.211146791009,0.648393208643,0.03185,0.03189,0.03179,0.03183,-0.0627943485087,0.314564328405,0.0318345343302,-1.42434317831,3109752.12,31097.5212,0.244489365364,OKX_CONTRACT_OI_HISTORY,6390723.81,639072.381,0.0973816853223,OKX_CONTRACT_OI_HISTORY,1,0.5,0.5,OKX_GLOBAL_ACCOUNT_RATIO,1.31,0.5670995671,0.4329004329,OKX_GLOBAL_ACCOUNT_RATIO,,,,,PRICE_DOWN_OI_UP,PRICE_DOWN_OI_UP,PASS,PASS,-0.452945337945,-0.467643391749,0,-0.0146980538044,2.11808208137,2.06709052953,-1.09463284188,-1.36956521739,-0.344395742016,-0.274932375514,1.95861722629,5.14686291858,-0.596461383281,-1.2482723345,-0.624414611302,-0.651810951217,1.42215270232,5.34693517587,0.220233700175,-0.473465806263,-0.686427457098,-0.693699506438,3.65221078041,3.20125659121,,,,,,
2026-09-23T13:00:00Z,2026-09-23T15:00:00+02:00,2026-09-23T16:00:00Z,85510.9,85878.01,85288,85792.01,1074.83799,92024842.2964,215242,552.75865,47329961.2122,44694881.0842,0.514317221645,0.32872998311,0.691785479786,2722.19,2723.95,2707.72,2716.1,19574.873,53142898.9664,143306,7966.857,21632525.0343,31510373.9322,0.407063322758,-0.224083461906,0.599397278891,0.03184,0.03184,0.03164,0.03166,-0.534087338988,0.63211125158,0.0316591253661,0.276265969588,3112360.94,31123.6094,0.0838915739689,OKX_CONTRACT_OI_HISTORY,6424085.41,642408.541,0.522031635099,OKX_CONTRACT_OI_HISTORY,1.03,0.507389162562,0.492610837438,OKX_GLOBAL_ACCOUNT_RATIO,1.36,0.576271186441,0.423728813559,OKX_GLOBAL_ACCOUNT_RATIO,,,,,PRICE_UP_OI_UP,PRICE_DOWN_OI_UP,PASS,PASS,-0.0725880686507,-0.640544920453,-0.565326633166,-0.567956851802,1.67641933286,1.53984599139,-0.669202269306,-1.38298374477,-0.69008782936,-0.713781475461,2.91640424842,6.25772061906,-0.641604632339,-1.56169020618,-0.938673341677,-0.920085573845,2.21747811216,5.84400983791,0.381050598399,-0.591451765205,-1.00062539087,-0.972502363605,3.67964145075,2.28140903804,,,,,,
2026-09-23T14:00:00Z,2026-09-23T16:00:00+02:00,2026-09-23T16:00:00Z,85792.01,85940.32,83864.07,84533.99,4612.32757,389805969.077,426698,1921.21673,162321919.755,227484049.322,0.416417224548,-1.46636032889,2.4757324561,2716.11,2723.57,2647.66,2676.36,74316.81,198566296.865,519499,35235.5611,94123004.8129,104443292.052,0.474012993639,-1.46312727808,2.86705996994,0.03166,0.03169,0.03142,0.03167,0.0315855969678,0.859325270528,0.0316601641541,3.10669454035,3116648.76,31166.4876,0.137767440302,OKX_CONTRACT_OI_HISTORY,6280456.85,628045.685,-2.23578222943,OKX_CONTRACT_OI_HISTORY,1.08,0.519230769231,0.480769230769,OKX_GLOBAL_ACCOUNT_RATIO,1.41,0.585062240664,0.414937759336,OKX_GLOBAL_ACCOUNT_RATIO,,,,,PRICE_DOWN_OI_UP,PRICE_DOWN_OI_DOWN,PASS,PASS,-1.61665545703,-2.26305814128,-0.658720200753,-0.646402684249,1.52170663716,-1.7545640074,-2.33185130001,-3.10766780103,-0.78320802005,-0.775816501016,3.03751774172,3.74603582897,-1.99867815174,-2.41985175354,-0.408805031447,-0.4211736018,3.25094798995,4.53725827359,-1.52619619697,-2.20377319881,-0.658720200753,-0.677577001846,3.00800345718,-0.0621469571235,,,,,,
2026-09-23T15:00:00Z,2026-09-23T17:00:00+02:00,2026-09-23T16:00:00Z,84534,84794.01,83950,83996.01,1886.75286,159273230.439,252474,758.87237,64079358.4295,95193872.0097,0.402323467998,-0.636406728229,1.00537224538,2676.37,2685,2654.78,2656.21,17387.3546,46426970.7104,218028,7321.1803,19551673.5384,26875297.1719,0.421127487735,-0.752888251207,1.13832407958,0.03165,0.0317,0.03154,0.03163,-0.126302494474,0.507292327204,0.0316230497139,2.19785446181,3074102.83,30741.0283,-1.3651178967,OKX_CONTRACT_OI_HISTORY,6141581.55,614158.155,-2.2112292675,OKX_CONTRACT_OI_HISTORY,1.08,0.519230769231,0.480769230769,OKX_GLOBAL_ACCOUNT_RATIO,1.39,0.581589958159,0.418410041841,OKX_GLOBAL_ACCOUNT_RATIO,,,,,PRICE_DOWN_OI_DOWN,PRICE_DOWN_OI_DOWN,PASS,PASS,-1.93104607767,-2.63017053036,-0.690737833595,-0.699124452691,-0.904684181076,-3.80491305227,-3.12356011993,-4.24656003403,-1.15625,-1.1229999141,1.53629615539,1.0142586719,-2.79715626516,-3.19616897056,-0.346565847511,-0.399012705397,1.55344014695,3.38062562848,-2.24805246177,-3.59529193146,-1.40274314214,-1.34723946969,-0.774992077758,-1.15031499958,,,,,,
2026-09-23T16:00:00Z,2026-09-23T18:00:00+02:00,2026-09-23T20:00:00Z,83996,84363.19,83500.01,84038,1490.08224,125158802.419,239856,672.93943,56536098.8419,68622703.5776,0.451714923353,0.0499904697854,1.03374837919,2656.2,2667.86,2635.39,2660.93,22843.6596,60599645.7277,230242,12266.0804,32541750.7808,28057894.9469,0.53699572646,0.177696793552,1.23207570796,0.03162,0.0317,0.03154,0.03166,0.094846664559,0.507292327204,0.0316634141698,-1.07826962754,3010686.79,30106.8679,-2.06291212451,OKX_CONTRACT_OI_HISTORY,6146592.08,614659.208,0.0815837086785,OKX_CONTRACT_OI_HISTORY,1.11,0.526066350711,0.473933649289,OKX_GLOBAL_ACCOUNT_RATIO,1.41,0.585062240664,0.414937759336,OKX_GLOBAL_ACCOUNT_RATIO,9.47238992798e-05,OKX_FUNDING_HISTORY,4.38692750094e-05,OKX_FUNDING_HISTORY,PRICE_UP_OI_DOWN,PRICE_UP_OI_UP,PASS,PASS,-1.72248196166,-2.25075306737,-0.534087338988,-0.528271105714,-3.18563429422,-3.82009514506,-3.58960592289,-4.27104131815,-0.721229225463,-0.681435395265,0.0954330210202,-0.786623820581,-2.75757792105,-3.1025479493,-0.346238589865,-0.344970028248,-0.69178910555,3.27513955591,-2.23809591946,-3.40224710943,-1.18601747815,-1.16415118997,-2.77232621448,-1.97463896635,,,,,,
2026-09-23T17:00:00Z,2026-09-23T19:00:00+02:00,2026-09-23T20:00:00Z,84038.01,84392.56,83699.27,84326.56,1153.11912,96946464.3559,184082,647.16125,54422465.7409,42523998.6151,0.561366173614,0.343368476166,0.82831068897,2660.92,2670.64,2648.47,2668.03,9801.699,26079679.3,141181,4848.2982,12906270.2048,13173409.0952,0.494878409214,0.266824005141,0.837087072914,0.03166,0.03169,0.03161,0.03164,-0.0631711939356,0.253084466941,0.0316392605129,0.233724508345,2986897.42,29868.9742,-0.790164226947,OKX_CONTRACT_OI_HISTORY,6166321.07,616632.107,0.320974448007,OKX_CONTRACT_OI_HISTORY,1.13,0.530516431925,0.469483568075,OKX_GLOBAL_ACCOUNT_RATIO,1.43,0.588477366255,0.411522633745,OKX_GLOBAL_ACCOUNT_RATIO,,,,,PRICE_UP_OI_DOWN,PRICE_UP_OI_UP,PASS,PASS,-1.70814275129,-1.76981701705,-0.0631711939356,-0.0616742657576,-4.03113656863,-4.0124675117,-2.50815037595,-3.25513090144,-0.783944810285,-0.746980525489,-1.1148427994,0.264309690278,-2.59174515399,-3.11812338865,-0.534423137378,-0.526378234656,-2.25092915368,3.51402204296,-1.82852271919,-2.74235763289,-0.93926111459,-0.9138349137,-3.35341046708,-1.89472126753,,,,,,
2026-09-23T18:00:00Z,2026-09-23T20:00:00+02:00,2026-09-23T20:00:00Z,84326.55,84411,84136,84330,661.4068,55728858.9367,119583,344.99088,29065595.2842,26663263.6524,0.521553748611,0.00407937902365,0.326851763811,2668.02,2672.51,2659.44,2669.05,7430.559,19800737.9187,107985,4449.9463,11858527.774,7942210.14476,0.598893224214,0.0382304546801,0.491456848058,0.03163,0.03166,0.0316,0.03165,0.031605562579,0.189873417722,0.03165006522,-0.020606582869,2966445.98,29664.4598,-0.684705134601,OKX_CONTRACT_OI_HISTORY,6146083.35,614608.335,-0.328197636326,OKX_CONTRACT_OI_HISTORY,1.13,0.530516431925,0.469483568075,OKX_GLOBAL_ACCOUNT_RATIO,1.44,0.590163934426,0.409836065574,OKX_GLOBAL_ACCOUNT_RATIO,,,,,PRICE_UP_OI_DOWN,PRICE_UP_OI_DOWN,PASS,PASS,-0.241311216944,-0.273132164582,-0.0631512472371,-0.0318209476381,-4.81936822422,-2.13954976858,-2.4744632973,-3.09480846243,-0.596733668342,-0.620345165135,-2.35471072594,-0.625932046712,-2.46519141944,-3.02685695185,-0.534255185418,-0.561665532417,-3.41204082639,3.2563312346,-2.00083089536,-3.23218040751,-1.248049922,-1.23134951215,-4.70902492156,-2.18749730247,,,,,,
2026-09-23T19:00:00Z,2026-09-23T21:00:00+02:00,2026-09-23T20:00:00Z,84330,84565.21,84228,84518,667.95349,56386836.2761,107988,339.699,28675336.467,27711499.809,0.508546646005,0.222933712795,0.400353801586,2669.05,2680.62,2664.34,2678.97,11209.5535,29984247.6098,89091,6981.4978,18678711.0554,11305536.5544,0.62295080065,0.371667821884,0.611033126403,0.03165,0.03171,0.0316,0.0317,0.157977883096,0.348101265823,0.0316970349511,0.935434140732,2966195.52,29661.9552,-0.00844309998185,OKX_CONTRACT_OI_HISTORY,6150984.62,615098.462,0.0797462338353,OKX_CONTRACT_OI_HISTORY,1.15,0.53488372093,0.46511627907,OKX_GLOBAL_ACCOUNT_RATIO,1.46,0.593495934959,0.406504065041,OKX_GLOBAL_ACCOUNT_RATIO,,,,,PRICE_UP_OI_DOWN,PRICE_UP_OI_UP,PASS,PASS,0.62144618536,0.856859962126,0.221308883971,0.235413776766,-3.51020495954,0.153105025529,-1.8656305265,-2.33145698744,-0.439698492462,-0.465826460942,-2.3030617355,-0.6944702815,-1.94267617902,-2.64450856549,-0.689223057644,-0.701832386465,-2.87943048847,3.08237811725,-2.28015665606,-3.00018466017,-0.720325712496,-0.720028004109,-2.41837195003,-1.85660859489,,,,,,
2026-09-23T20:00:00Z,2026-09-23T22:00:00+02:00,2026-09-23T23:00:00Z,84518,84569.94,84224.01,84232.86,422.98773,35679602.6123,76380,138.45005,11679545.1684,24000057.4439,0.327345158389,-0.337371920774,0.410726110049,2678.97,2680.18,2669.19,2671.36,5540.1241,14815079.7253,52420,2992.7456,8002885.95892,6812193.76635,0.54018514293,-0.284064397884,0.411735395382,0.0317,0.03173,0.03168,0.03171,0.0315457413249,0.157828282828,0.0317139890537,-1.25782148419,2944942.39,29449.4239,-0.716511432126,OKX_CONTRACT_OI_HISTORY,6153472.6,615347.26,0.0404484835145,OKX_CONTRACT_OI_HISTORY,1.14,0.532710280374,0.467289719626,OKX_GLOBAL_ACCOUNT_RATIO,1.43,0.588477366255,0.411522633745,OKX_GLOBAL_ACCOUNT_RATIO,,,,,PRICE_DOWN_OI_DOWN,PRICE_DOWN_OI_UP,PASS,PASS,0.231871296318,0.391968221637,0.157927984839,0.160096925318,-2.18370108171,0.111940403893,-1.94078020265,-2.32651673315,-0.377002827521,-0.385736530499,-3.29394205641,-1.72207975059,-2.35457405701,-2.91365167743,-0.595611285266,-0.559077620416,-3.39679710588,3.07288894569,-3.18249026915,-4.06148431468,-0.937207122774,-0.878994045523,-1.54715636114,-0.0388689465351,,,,,,
2026-09-23T21:00:00Z,2026-09-23T23:00:00+02:00,2026-09-23T23:00:00Z,84232.86,84516.01,84212.68,84419.48,416.52546,35150631.9204,66814,177.77182,15001134.6466,20149497.2738,0.426767139794,0.22155249151,0.360195163009,2671.37,2679.42,2668.45,2677.42,4865.0862,13013267.8533,55494,2868.3882,7672588.99335,5340678.8599,0.589597407805,0.226850742693,0.411100076824,0.03171,0.03172,0.03168,0.03172,0.0315357931252,0.126262626263,0.031715665626,1.36663504418,2939608.76,29396.0876,-0.181111522525,OKX_CONTRACT_OI_HISTORY,6135964.29,613596.429,-0.284527309019,OKX_CONTRACT_OI_HISTORY,1.14,0.532710280374,0.467289719626,OKX_GLOBAL_ACCOUNT_RATIO,1.43,0.588477366255,0.411522633745,OKX_GLOBAL_ACCOUNT_RATIO,,,,,PRICE_UP_OI_DOWN,PRICE_UP_OI_DOWN,PASS,PASS,0.110190668278,0.351945068084,0.252844500632,0.241754399806,-1.58320334951,-0.492299697914,-1.67126107676,-2.05552364822,-0.376884422111,-0.38426257146,-3.96714946682,-3.01423015867,-2.0473983515,-2.54394298423,-0.533082470994,-0.496544632724,-3.6948818156,2.67479538962,-2.50473822731,-3.29720339075,-0.844013754298,-0.792465163443,-0.195618517189,-0.529007519171,,,,,,
2026-09-23T22:00:00Z,2026-09-24T00:00:00+02:00,2026-09-23T23:00:00Z,84419.49,84670.01,84344.51,84563.01,361.03249,30517559.8491,76680,141.33789,11948138.3806,18569421.4685,0.391516832921,0.170020000123,0.385917233973,2677.43,2698.99,2676.38,2690.27,8753.3691,23542584.3967,107427,4552.0064,12239907.8754,11302676.5213,0.519905022708,0.479939643388,0.844797823926,0.03172,0.03189,0.03171,0.03182,0.31525851198,0.567644276254,0.0318137918695,1.95139595654,2936292.82,29362.9282,-0.112802085948,OKX_CONTRACT_OI_HISTORY,6116705.67,611670.567,-0.313864603668,OKX_CONTRACT_OI_HISTORY,1.16,0.537037037037,0.462962962963,OKX_GLOBAL_ACCOUNT_RATIO,1.45,0.591836734694,0.408163265306,OKX_GLOBAL_ACCOUNT_RATIO,,,,,PRICE_UP_OI_DOWN,PRICE_UP_OI_DOWN,PASS,PASS,0.276307363927,0.795039433506,0.537124802528,0.518732069579,-1.01647426595,-0.477990263507,-1.5828810586,-1.75508430321,-0.188205771644,-0.172203244604,-4.3532071696,-4.31613022108,-1.81250269234,-2.28144478184,-0.469189865499,-0.468942089506,-3.66422227088,1.82017523012,-2.18698462322,-3.20018998205,-1.02643856921,-1.01320535882,-0.135607830039,-0.108916568991,,,,,,
2026-09-23T23:00:00Z,2026-09-24T01:00:00+02:00,2026-09-24T04:00:00Z,84563.01,84566,84352,84397.6,199.98478,16893588.6516,56686,78.78097,6654885.29418,10238703.3575,0.393929639901,-0.195605619999,0.253698786039,2690.27,2690.66,2681.24,2684.71,3812.0916,10236201.8485,38265,2041.6245,5482243.99735,4753957.85112,0.535574041867,-0.206670705914,0.35132998165,0.03181,0.03182,0.03175,0.03181,-0.0314267756128,0.220472440945,0.0318102647469,-0.0832268662165,2931418.25,29314.1825,-0.166011031556,OKX_CONTRACT_OI_HISTORY,6141641.97,614164.197,0.407675329586,OKX_CONTRACT_OI_HISTORY,1.17,0.539170506912,0.460829493088,OKX_GLOBAL_ACCOUNT_RATIO,1.4,0.583333333333,0.416666666667,OKX_GLOBAL_ACCOUNT_RATIO,,,,,PRICE_DOWN_OI_DOWN,PRICE_DOWN_OI_UP,PASS,PASS,-0.142454861686,0.214261451229,0.347003154574,0.356716312916,-1.17245372955,-0.151888690627,-1.4621724823,-1.58543380401,-0.125588697017,-0.123261321719,-5.50419639635,-3.80396669878,-2.10067306541,-2.5028780192,-0.407013149656,-0.402204953784,-3.71189231103,3.35750024842,-2.56568921727,-3.29516351547,-0.779787897692,-0.729474298195,-0.548756494688,-0.37433193543,,,,,,
2026-09-24T00:00:00Z,2026-09-24T02:00:00+02:00,2026-09-24T04:00:00Z,84397.6,84494.5,84213.99,84318,498.25449,42029724.7244,103873,262.30297,22125723.4336,19904001.2907,0.526430367525,-0.0943154781653,0.333091924513,2684.7,2692.74,2679.11,2682.29,4216.5147,11325045.2693,73013,1867.0479,5015616.98025,6309428.28909,0.442878316242,-0.0901400896186,0.508751040457,0.03181,0.03188,0.0318,0.03182,0.0314366551399,0.251572327044,0.0318115942029,2.6423690205,2929894.79,29298.9479,-0.0519700660253,OKX_CONTRACT_OI_HISTORY,6112667.62,611266.762,-0.47176878987,OKX_CONTRACT_OI_HISTORY,1.16,0.537037037037,0.462962962963,OKX_GLOBAL_ACCOUNT_RATIO,1.37,0.57805907173,0.42194092827,OKX_GLOBAL_ACCOUNT_RATIO,4.9510158647e-06,OKX_FUNDING_HISTORY,3.00201060969e-05,OKX_FUNDING_HISTORY,PRICE_DOWN_OI_DOWN,PRICE_DOWN_OI_DOWN,PASS,PASS,0.101076943131,0.409154887398,0.346893724377,0.308077944267,-0.510964155058,-0.663121178113,-1.39503836411,-1.46609360076,-0.0314169022934,-0.0710552366536,-5.78365487214,-4.35093423322,-2.4744006579,-2.81557971014,-0.375704445836,-0.341179052248,-3.93831730649,0.571992064697,-1.83105949409,-2.62117488174,-0.748596381784,-0.790115387644,-0.911300761742,-0.0771117090616,3.32110736582,-0.256582837211,-3.42943854325,-3.57769020303,-2.61552774988,3.89375607473
2026-09-24T01:00:00Z,2026-09-24T03:00:00+02:00,2026-09-24T04:00:00Z,84318,84470.47,84064,84104.35,584.80296,49267816.0286,121489,248.66091,20949701.9005,28318114.1281,0.425220835613,-0.253385991129,0.483524457556,2682.29,2692,2674.66,2675.02,6030.9649,16173987.5291,90925,2510.2667,6732877.78864,9441109.74048,0.416278161246,-0.271037061615,0.648306700665,0.03182,0.03187,0.03179,0.0318,-0.0628535512256,0.251651462724,0.031805964852,-1.87538784757,2941221.46,29412.2146,0.386589649521,OKX_CONTRACT_OI_HISTORY,6100580.05,610058.005,-0.197746233747,OKX_CONTRACT_OI_HISTORY,1.15,0.53488372093,0.46511627907,OKX_GLOBAL_ACCOUNT_RATIO,1.33,0.570815450644,0.429184549356,OKX_GLOBAL_ACCOUNT_RATIO,,,,,PRICE_DOWN_OI_UP,PRICE_DOWN_OI_DOWN,PASS,PASS,-0.373290619653,-0.0896385326172,0.252206809584,0.283652087036,0.0548610421204,-0.576669588147,-1.96715288522,-1.51246272229,0.442198357549,0.454690162931,-5.49870285932,-5.03581972146,-2.62319092277,-2.87452935346,-0.250941028858,-0.251338430684,-2.74266301469,0.906773368554,-1.76588013745,-2.68655847676,-0.965431329804,-0.92067833931,-1.6075200718,-1.41536891882,3.83641511528,0.964724887336,-2.78202384592,-2.87169022795,-2.04026993471,2.92553434375
2026-09-24T02:00:00Z,2026-09-24T04:00:00+02:00,2026-09-24T04:00:00Z,84104.35,84372.01,83744.7,84365.54,649.85626,54628291.6347,114927,271.28291,22817680.6182,31810611.0165,0.417689807523,0.310554685935,0.749074269775,2675.02,2688.43,2664.32,2685.72,5997.5393,16062184.6788,86440,2921.3729,7828564.67308,8233620.00574,0.487391026166,0.399997009368,0.904921330771,0.0318,0.03187,0.0318,0.03184,0.125786163522,0.220125786164,0.0318343247729,1.7827383346,2944479.84,29444.7984,0.110783225415,OKX_CONTRACT_OI_HISTORY,6126288.51,612628.851,0.42141009198,OKX_CONTRACT_OI_HISTORY,1.16,0.537037037037,0.462962962963,OKX_GLOBAL_ACCOUNT_RATIO,1.32,0.568965517241,0.431034482759,OKX_GLOBAL_ACCOUNT_RATIO,,,,,PRICE_UP_OI_UP,PRICE_UP_OI_UP,PASS,PASS,-0.233518177747,-0.169128005739,0.0628535512256,0.0643901720078,0.27882164695,0.156666684928,-0.199268956783,0.349728736044,0.536785601516,0.548997692827,-5.52416820945,-2.45473129873,-2.52647360104,-2.7688074723,-0.250626566416,-0.242333871269,-2.65444805717,1.19934941629,-1.57424205127,-1.98102189781,-0.406631216766,-0.406779846545,-2.01416821933,-1.22592094147,3.75711115683,0.902430777323,-2.71921784296,-2.85468037951,-2.28135163342,2.34586114812
2026-09-24T03:00:00Z,2026-09-24T05:00:00+02:00,2026-09-24T04:00:00Z,84365.55,84480.01,83850,83934.01,368.89645,31033954.2451,87260,173.1866,14572406.9451,16461547.2999,0.469563331506,-0.51150031162,0.751353607633,2685.72,2690.83,2671.43,2676.76,5069.2176,13583277.4003,83231,2274.2189,6097322.01677,7485955.38354,0.448884450864,-0.333616311455,0.726202820212,0.03185,0.0319,0.0318,0.0319,0.188442211055,0.314465408805,0.0318912440857,2.74555432687,2958378.88,29583.7888,0.472037193503,OKX_CONTRACT_OI_HISTORY,6153096.61,615309.661,0.43759120969,OKX_CONTRACT_OI_HISTORY,1.16,0.537037037037,0.462962962963,OKX_GLOBAL_ACCOUNT_RATIO,1.31,0.5670995671,0.4329004329,OKX_GLOBAL_ACCOUNT_RATIO,,,,,PRICE_DOWN_OI_UP,PRICE_DOWN_OI_UP,PASS,PASS,-0.549292870887,-0.296121368788,0.282929896259,0.253171502099,0.919712838658,0.186507778473,-0.0738130299284,0.773658709214,0.853619981031,0.847471739142,-3.76447882194,0.187493398993,-3.1950675555,-3.50575520636,-0.3125,-0.310687650865,-2.28601620996,1.20365373895,-2.05247043422,-2.29554870148,-0.250156347717,-0.243078267252,-2.07752111685,0.719618013039,3.0810843273,0.405483973818,-2.53589978613,-2.67560035348,-2.16427761574,2.20303003956
2026-09-24T04:00:00Z,2026-09-24T06:00:00+02:00,2026-09-24T09:00:00Z,83934.01,84054.05,83781.89,84046,361.13702,30293174.3703,81695,180.98608,15182783.4587,15110390.9117,0.50119486565,0.133426247596,0.324843471543,2676.76,2683.63,2669.62,2682.14,5875.8005,15720315.7069,75990,2383.6121,6378095.85282,9342219.85407,0.405723140154,0.200989255667,0.524793790877,0.0319,0.03194,0.03186,0.03193,0.0940438871473,0.251098556183,0.0319127620589,5.4015823186,2998221.45,29982.2145,1.34677036364,OKX_CONTRACT_OI_HISTORY,6155502.7,615550.27,0.0391037253679,OKX_CONTRACT_OI_HISTORY,1.18,0.54128440367,0.45871559633,OKX_GLOBAL_ACCOUNT_RATIO,1.31,0.5670995671,0.4329004329,OKX_GLOBAL_ACCOUNT_RATIO,,,,,PRICE_UP_OI_UP,PRICE_UP_OI_UP,PASS,PASS,-0.322588296686,-0.0055922364845,0.345694531741,0.316996060202,2.33205165705,0.700759188343,0.00951950308195,0.797089739302,0.85281111813,0.78757023622,-0.414036426552,0.144968461938,-3.58042813245,-3.50799561096,0.125431169646,0.0724325214933,-0.318998533002,-0.642795715097,-1.6453681599,-1.73187611975,0,-0.0865079598449,-1.18169004541,0.745819229552,3.25060156627,0.678663393467,-2.41442542787,-2.5719381728,-1.07002714068,1.65446260418
2026-09-24T05:00:00Z,2026-09-24T07:00:00+02:00,2026-09-24T09:00:00Z,84046,84400,83959.55,83978.02,317.28584,26709454.9642,79892,158.24084,13322850.039,13386604.9252,0.498806510911,-0.0808842776575,0.524597856944,2682.15,2704.08,2681.65,2682.52,9016.574,24286061.1195,100443,4781.7094,12884020.2386,11402040.881,0.530510903977,0.0141677913905,0.836425335148,0.03192,0.03203,0.03192,0.03194,0.031318509239,0.344611528822,0.0319431203546,-0.976847143728,2963770.75,29637.7075,-1.14903787377,OKX_CONTRACT_OI_HISTORY,6109931.85,610993.185,-0.740327024794,OKX_CONTRACT_OI_HISTORY,1.2,0.545454545455,0.454545454545,OKX_GLOBAL_ACCOUNT_RATIO,1.3,0.565217391304,0.434782608696,OKX_GLOBAL_ACCOUNT_RATIO,,,,,PRICE_DOWN_OI_DOWN,PRICE_UP_OI_DOWN,PASS,PASS,-0.150206261626,0.280371735538,0.440251572327,0.430577997165,0.766664132799,0.153293620006,-0.413321733983,0.543097341484,0.94816687737,0.956419075467,-0.774270647701,-0.914471033212,-2.91110537931,-2.72971208935,0.156788962057,0.181393289965,-1.88048154653,-0.65257837849,-1.66205352694,-1.86644424446,-0.218681661981,-0.204390717518,-2.37134593453,0.689125378843,2.97733905579,0.641927508338,-2.29427959621,-2.33541154746,-2.328358315,1.155046065
2026-09-24T06:00:00Z,2026-09-24T08:00:00+02:00,2026-09-24T09:00:00Z,83978.02,84225.07,83918.84,84113.99,490.3723,41250959.9198,113388,186.06952,15649810.1135,25601149.8064,0.379380507602,0.161911414439,0.364912098404,2682.52,2690.69,2679.11,2686.1,4303.9473,11563602.7815,78054,2047.2693,5500783.19347,6062819.58806,0.475698041294,0.13345660051,0.432233092333,0.03195,0.03198,0.03193,0.03194,0,0.156592546195,0.031934045692,1.86456423812,2967517.58,29675.1758,0.126421046567,OKX_CONTRACT_OI_HISTORY,6143792.63,614379.263,0.554192433423,OKX_CONTRACT_OI_HISTORY,1.21,0.547511312217,0.452488687783,OKX_GLOBAL_ACCOUNT_RATIO,1.31,0.5670995671,0.4329004329,OKX_GLOBAL_ACCOUNT_RATIO,,,,,PRICE_UP_OI_UP,PRICE_UP_OI_UP,PASS,PASS,-0.298166763349,0.0141489060662,0.314070351759,0.312315669415,0.782404405934,0.285721444092,-0.256148464366,0.638804068863,0.916271721959,0.89495253323,0.036124035537,-0.037271215985,-2.72427346193,-2.47577415595,0.314070351759,0.248499305976,-2.31943730694,-0.662969970212,-1.48742135676,-1.63436150773,-0.125078173859,-0.146940150966,-2.49251413918,1.85217265883,3.03049121814,0.871988223277,-2.0846106683,-2.15850299487,-2.7707648274,1.12068560427
2026-09-24T07:00:00Z,2026-09-24T09:00:00+02:00,2026-09-24T09:00:00Z,84114,84612.01,83950,84524.02,983.17968,82974731.6315,124164,561.96919,47438031.1154,35536700.5161,0.571716595916,0.487469444738,0.788576533651,2686.09,2700,2679.7,2693.5,8133.7037,21899266.5841,82470,4669.4498,12577262.9044,9322003.67971,0.574323475907,0.275492349503,0.757547486659,0.03194,0.03195,0.03186,0.03186,-0.250469630557,0.282485875706,0.0318666812109,-2.09661332838,3036213.26,30362.1326,2.31492074261,OKX_CONTRACT_OI_HISTORY,6205822.61,620582.261,1.00963661594,OKX_CONTRACT_OI_HISTORY,1.23,0.551569506726,0.448430493274,OKX_GLOBAL_ACCOUNT_RATIO,1.29,0.563318777293,0.436681222707,OKX_GLOBAL_ACCOUNT_RATIO,,,,,PRICE_UP_OI_UP,PRICE_UP_OI_UP,PASS,PASS,0.702945087456,0.625382925627,-0.12539184953,-0.0775621618297,2.63098078905,0.856901871398,0.00712274308432,0.542372628286,0.504731861199,0.535249885202,2.36052342227,0.891531899164,-1.85864066749,-1.8017295437,0.0628140703518,0.0569111237894,0.00309737507604,0.190870193575,-0.960793963255,-1.20454528782,-0.250469630557,-0.243751324567,-0.666702408002,2.1798889639,3.43124040244,1.19624595177,-2.14987714988,-2.23499445067,-0.710672634543,2.13437485593
2026-09-24T08:00:00Z,2026-09-24T10:00:00+02:00,2026-09-24T09:00:00Z,84524.02,84622.01,83301,83660,1604.94809,134704970.937,222914,841.20038,70669389.7071,64035581.2302,0.524623473175,-1.0222182996,1.58582730099,2693.5,2695.8,2655.5,2669.3,17140.667,45857450.8385,128151,8034.5126,21510531.875,24346918.9635,0.469073868732,-0.898459253759,1.51760497082,0.03186,0.03193,0.03183,0.03191,0.156936597615,0.314169022934,0.0319065264164,1.0886749335,3051113.81,30511.1381,0.490760981658,OKX_CONTRACT_OI_HISTORY,6139623.27,613962.327,-1.06672949197,OKX_CONTRACT_OI_HISTORY,1.19,0.543378995434,0.456621004566,OKX_GLOBAL_ACCOUNT_RATIO,1.33,0.570815450644,0.429184549356,OKX_GLOBAL_ACCOUNT_RATIO,2.95458146601e-05,OKX_FUNDING_HISTORY,2.00868425887e-05,OKX_FUNDING_HISTORY,PRICE_DOWN_OI_UP,PRICE_DOWN_OI_DOWN,PASS,PASS,-0.459272303263,-0.478722214351,-0.0626370184779,-0.0194499110887,1.76412452789,-0.25797129453,-0.680090881397,-0.0771142788692,0.630715862504,0.602976602528,3.60521212097,-0.225065274525,-2.60767201486,-2.40183693542,0.251335218347,0.205835079444,0.192516466293,-1.9432692216,-2.97339121219,-2.89994252497,0.0313479623824,0.0734486872187,0.36561953057,1.12566974543,-0.119388729704,-1.00063791594,-0.900621118012,-0.88124918624,2.19570006479,1.27964505555
2026-09-24T09:00:00Z,2026-09-24T11:00:00+02:00,2026-09-24T12:00:00Z,83660.01,83743.43,82874.93,83263.95,1740.04754,144803102.711,240310,617.68403,51438092.623,93365010.0883,0.355227834624,-0.473404255319,1.04796468606,2669.3,2673.75,2600.15,2642.4,24958.8012,65933710.1838,177739,8856.0531,23417222.7563,42516487.4275,0.355163128102,-1.00775484209,2.83060592658,0.03192,0.03193,0.0317,0.03174,-0.532748354748,0.725552050473,0.0317352227465,1.50534741144,3004057.67,30040.5767,-1.54226105384,OKX_CONTRACT_OI_HISTORY,6152086.53,615208.653,0.202997145784,OKX_CONTRACT_OI_HISTORY,1.2,0.545454545455,0.454545454545,OKX_GLOBAL_ACCOUNT_RATIO,1.35,0.574468085106,0.425531914894,OKX_GLOBAL_ACCOUNT_RATIO,,,,,PRICE_DOWN_OI_DOWN,PRICE_DOWN_OI_UP,PASS,PASS,-0.850305830026,-1.49560860683,-0.626174076393,-0.645302776807,1.35931296306,0.689936991687,-1.36879544863,-1.30797558844,0.063051702396,0.0608198601938,2.19243155337,0.262749899413,-3.01718037984,-3.33661348912,-0.314070351759,-0.319433109286,-1.86169495013,-2.75940014597,-3.46655267774,-3.93962417796,-0.501567398119,-0.47307150022,-1.11121863359,1.14158905034,-1.64170005071,-2.88043458286,-1.30597014925,-1.23873453214,1.31961270411,1.06455771207
2026-09-24T10:00:00Z,2026-09-24T12:00:00+02:00,2026-09-24T12:00:00Z,83263.96,83566.66,83156,83512.2,948.52494,79071474.8996,142280,517.02802,43108584.2765,35962890.6231,0.545185028244,0.298148238223,0.493842897686,2642.41,2649.46,2633.4,2648.19,10043.7994,26521600.6158,125181,4860.5328,12834850.6524,13686749.9634,0.483939519276,0.219118982743,0.609857978279,0.03173,0.03173,0.03166,0.0317,-0.126023944549,0.221099178774,0.0317102171898,-3.2220497774,2968759.5,29687.595,-1.17501639041,OKX_CONTRACT_OI_HISTORY,6151474.88,615147.488,-0.00994215534875,OKX_CONTRACT_OI_HISTORY,1.24,0.553571428571,0.446428571429,OKX_GLOBAL_ACCOUNT_RATIO,1.41,0.585062240664,0.414937759336,OKX_GLOBAL_ACCOUNT_RATIO,,,,,PRICE_UP_OI_DOWN,PRICE_UP_OI_DOWN,PASS,PASS,-0.715445789696,-1.41133986076,-0.751408891672,-0.695894071069,0.0418504681613,0.125040841426,-1.24263552113,-1.56415527066,-0.377121307354,-0.321519749527,1.10570307494,0.56843032632,-2.80584713745,-3.29178733023,-0.564617314931,-0.485940192789,-3.29563764019,-3.77223408786,-2.78427081393,-3.43073439158,-0.720325712496,-0.646463577649,-2.88955978263,0.671859221756,-1.10084144375,-2.49525029824,-1.4609884986,-1.39440885448,1.40529614214,-0.702138425752
2026-09-24T11:00:00Z,2026-09-24T13:00:00+02:00,2026-09-24T12:00:00Z,83512.2,83616.01,83399.47,83494.58,547.2589,45703674.1831,83770,246.1254,20553264.167,25150410.0161,0.449707042909,-0.0210987137209,0.259641937773,2648.2,2652.54,2643.38,2647.68,6350.1261,16814495.8412,74765,3062.8633,8110533.83858,8703962.00262,0.482353673591,-0.0192584368946,0.346526038632,0.03171,0.03173,0.03169,0.03171,0.0315457413249,0.126222783212,0.0317108008688,-0.252553934009,2967541.13,29675.4113,-0.0410397002519,OKX_CONTRACT_OI_HISTORY,6196728.84,619672.884,0.735660323464,OKX_CONTRACT_OI_HISTORY,1.22,0.54954954955,0.45045045045,OKX_GLOBAL_ACCOUNT_RATIO,1.4,0.583333333333,0.416666666667,OKX_GLOBAL_ACCOUNT_RATIO,,,,,PRICE_DOWN_OI_DOWN,PRICE_DOWN_OI_UP,PASS,PASS,-1.21792598128,-1.70113235567,-0.470809792844,-0.483206374394,-2.2617689905,-0.146536093142,-1.06995933534,-1.37929236305,-0.314366551399,-0.309333027712,1.23226632706,0.896940431713,-2.51648716666,-2.94285839968,-0.43956043956,-0.426371233024,-4.33975642806,-2.94114558239,-2.89817183185,-3.46094946401,-0.564440263405,-0.562777632162,-3.15882969268,1.66092460738,-1.64054199462,-2.85097857913,-1.24571784491,-1.21043658452,0.237273792013,-0.673364040119
2026-09-24T12:00:00Z,2026-09-24T14:00:00+02:00,2026-09-24T14:00:00Z,83494.59,83670.01,83346.66,83604.26,495.65647,41393607.3616,106358,227.80973,19024288.1254,22369319.2362,0.459594834517,0.131361820133,0.387957957763,2647.68,2654.08,2639.37,2648.8,12545.8072,33174690.0759,115169,7121.9928,18829286.5689,14345403.507,0.567579878692,0.0423011844332,0.557329968894,0.03171,0.03172,0.03166,0.03167,-0.126143172501,0.189513581807,0.0316825960782,-3.9757090003,2961428,29614.28,-0.205999840683,OKX_CONTRACT_OI_HISTORY,6185308.8,618530.88,-0.184291426894,OKX_CONTRACT_OI_HISTORY,1.21,0.547511312217,0.452488687783,OKX_GLOBAL_ACCOUNT_RATIO,1.4,0.583333333333,0.416666666667,OKX_GLOBAL_ACCOUNT_RATIO,,,,,PRICE_UP_OI_DOWN,PRICE_UP_OI_DOWN,PASS,PASS,-0.0666268228544,-0.767991608287,-0.75211532435,-0.701364785432,-2.93944492356,0.744109662611,-0.846485922342,-1.24855999911,-0.471401634192,-0.402074076764,1.07625741742,1.18837117468,-2.22971548309,-2.69634854162,-0.502670436695,-0.466633058532,-4.76964446928,-3.2142683068,-2.81287747456,-3.91096310323,-1.12394630034,-1.09808562868,-3.41532339467,1.96080202632,-2.01439236783,-3.15704805952,-1.1856474259,-1.1426556917,-1.29163115837,-0.115908691624
2026-09-24T13:00:00Z,2026-09-24T15:00:00+02:00,2026-09-24T14:00:00Z,83604.26,84340.01,83600,84258.43,1073.28333,90133999.5943,253895,609.61496,51201104.5257,38932895.0686,0.568055392595,0.782460128228,0.885179425837,2648.8,2678.67,2648.8,2670.11,14965.3862,39880009.9404,154620,7539.7372,20092526.4764,19787483.464,0.503824510236,0.80451525219,1.12768045908,0.03168,0.03177,0.03168,0.03169,0.0631512472371,0.284090909091,0.0316895294631,0.148483395814,2928026.06,29280.2606,-1.12789978348,OKX_CONTRACT_OI_HISTORY,6106758.75,610675.875,-1.2699454876,OKX_CONTRACT_OI_HISTORY,1.24,0.553571428571,0.446428571429,OKX_GLOBAL_ACCOUNT_RATIO,1.41,0.585062240664,0.414937759336,OKX_GLOBAL_ACCOUNT_RATIO,,,,,PRICE_UP_OI_DOWN,PRICE_UP_OI_DOWN,PASS,PASS,1.19437043282,1.04866787769,-0.157529930687,-0.145702555135,-2.53096372814,-0.736787101075,0.18320098782,-0.183550029532,-0.345911949686,-0.366751017353,-0.448636737473,0.101280533152,-1.78755574091,-1.69323662604,0.0947567909034,0.0943191148687,-5.92267039568,-4.93963949337,-2.41769133281,-3.22848372167,-0.844806007509,-0.810792388859,-3.8365262032,0.615697326589,-1.41331663436,-2.27467371334,-0.906816760475,-0.861357078975,-2.46096197979,-2.77092383717
2026-09-24T14:00:00Z,2026-09-24T16:00:00+02:00,2026-09-24T17:00:00Z,84258.42,84942.45,83388.88,83673.77,2183.00027,184040622.426,292893,819.81302,69143755.6906,114896866.736,0.375698336482,-0.69388902689,1.86304217061,2670.11,2699.76,2644.97,2657.87,28303.5034,75703378.3771,299577,13682.54,36630892.823,39072485.5541,0.483873951312,-0.458408080566,2.0714790716,0.0317,0.0318,0.03166,0.03175,0.189334174819,0.442198357549,0.0317646736845,-4.61949794384,2873847.19,28738.4719,-1.85035477451,OKX_CONTRACT_OI_HISTORY,6085824.9,608582.49,-0.342798051421,OKX_CONTRACT_OI_HISTORY,1.25,0.555555555556,0.444444444444,OKX_GLOBAL_ACCOUNT_RATIO,1.41,0.585062240664,0.414937759336,OKX_GLOBAL_ACCOUNT_RATIO,,,,,PRICE_DOWN_OI_DOWN,PRICE_DOWN_OI_DOWN,PASS,PASS,0.193468738699,0.365532684588,0.157728706625,0.172063945889,-3.19703600106,-1.06722341033,-0.819967489096,-1.0369658788,-0.282663316583,-0.2169983897,-2.3988158805,-0.660491420441,-1.01760250522,-0.690863710413,0.252604988949,0.326738794804,-7.79046946567,-3.09900942954,-2.99594205802,-3.09399758635,-0.157232704403,-0.0980555283277,-4.79278558623,1.29763878231,-2.52826809145,-2.87941183994,-0.407779171895,-0.351143748486,-5.01680359935,-3.15923044661
2026-09-24T15:00:00Z,2026-09-24T17:00:00+02:00,2026-09-24T17:00:00Z,83673.77,84468.01,83508,84418,1011.03559,84994898.2258,199269,541.77042,45546385.1558,39448513.07,0.535871988867,0.889442414272,1.1496024333,2657.86,2685.72,2652.32,2683.58,12563.0803,33582339.2659,169288,7402.7936,19792043.6303,13790295.6356,0.589358694569,0.967315933435,1.25927489896,0.03176,0.0318,0.03173,0.03178,0.0944881889764,0.220611408761,0.0317891918785,-2.89151059406,2877599.58,28775.9958,0.130570268769,OKX_CONTRACT_OI_HISTORY,6125411.7,612541.17,0.650475500864,OKX_CONTRACT_OI_HISTORY,1.26,0.557522123894,0.442477876106,OKX_GLOBAL_ACCOUNT_RATIO,1.4,0.583333333333,0.416666666667,OKX_GLOBAL_ACCOUNT_RATIO,,,,,PRICE_UP_OI_UP,PRICE_UP_OI_UP,PASS,PASS,1.10596400389,1.35590403674,0.220750551876,0.249940032851,-3.03084425994,-1.15088366526,0.576631570444,0.254785636366,-0.376175548589,-0.321845934078,-2.73052584799,-0.449934589927,0.502392911282,1.03041551685,0.474233322795,0.528022605563,-6.39221460266,-0.26328478859,-2.30881606867,-2.19868727473,0.126023944549,0.110128793943,-4.93807368362,3.10844016685,-1.7569536067,-2.60192286055,-0.935162094763,-0.844969253854,-7.11766752365,-1.41057118375
2026-09-24T16:00:00Z,2026-09-24T18:00:00+02:00,2026-09-24T17:00:00Z,84418.01,84924.01,84044.02,84500.33,1160.39204,98121849.8188,242494,598.19476,50589478.1901,47532371.6287,0.515578113168,0.0975265938544,1.04705843438,2683.59,2706,2666,2687.63,21163.4634,56932527.8898,226512,11875.0468,31959126.736,24973401.1538,0.561350916963,0.150917803829,1.50037509377,0.03178,0.03186,0.03172,0.03181,0.0943989930774,0.441361916772,0.031806147976,1.21109416102,2876497.46,28764.9746,-0.0382999777892,OKX_CONTRACT_OI_HISTORY,6012388.21,601238.821,-1.84515744468,OKX_CONTRACT_OI_HISTORY,1.24,0.553571428571,0.446428571429,OKX_GLOBAL_ACCOUNT_RATIO,1.36,0.576271186441,0.423728813559,OKX_GLOBAL_ACCOUNT_RATIO,-3.2786158009e-06,OKX_FUNDING_HISTORY,4.16067943587e-05,OKX_FUNDING_HISTORY,PRICE_UP_OI_DOWN,PRICE_UP_OI_DOWN,PASS,PASS,1.07179945137,1.46594684385,0.44205873066,0.394147392486,-2.86789143616,-2.79566624062,0.540573019537,0.204687301931,-0.375822110868,-0.335885717606,-4.05987322918,-2.3249846028,0.550143982484,1.00340858271,0.473783954517,0.453264600229,-4.45710030169,-2.18338663528,-2.22260458756,-2.13027059899,0.125904941769,0.0923339885702,-5.11805567293,1.02024396128,-1.700264687,-2.43297696622,-0.717852684145,-0.732712279222,-7.1058611561,-4.11491159835
2026-09-24T17:00:00Z,2026-09-24T19:00:00+02:00,2026-09-24T19:00:00Z,84500.32,84562.01,84017.68,84110,702.81371,59249423.6024,152998,270.84589,22837625.3463,36411798.2561,0.38544890326,-0.461927190107,0.647875542386,2687.62,2690.32,2666.96,2669.72,10502.1328,28127722.7137,108215,5147.6443,13787871.2222,14339851.4915,0.490187967314,-0.666386370148,0.875903650598,0.0318,0.03182,0.03173,0.03174,-0.220056585979,0.283643239836,0.0317408155986,-0.256955785626,2860792.31,28607.9231,-0.545981709297,OKX_CONTRACT_OI_HISTORY,5995371.53,599537.153,-0.283026967083,OKX_CONTRACT_OI_HISTORY,1.24,0.553571428571,0.446428571429,OKX_GLOBAL_ACCOUNT_RATIO,1.37,0.57805907173,0.42194092827,OKX_GLOBAL_ACCOUNT_RATIO,,,,,PRICE_DOWN_OI_DOWN,PRICE_DOWN_OI_DOWN,PASS,PASS,-0.176160415047,-0.014606139822,0.157778479015,0.161554275225,-2.29621419421,-1.82399902403,0.157160171197,-0.477163264393,-0.626174076393,-0.63432343559,-3.47457508311,-1.87498523408,-0.25681113993,0.0633426160875,0.31605562579,0.320153756018,-4.22194311581,-2.77231007045,-2.84190040365,-3.05675587349,-0.220056585979,-0.214855469839,-6.37783932105,0.644292385537,-2.08063800908,-2.68075209787,-0.626174076393,-0.600114088788,-7.43377450053,-4.61450378947
2026-09-24T18:00:00Z,2026-09-24T20:00:00+02:00,2026-09-24T19:00:00Z,84110,84554,83888,84476.01,511.24518,43109187.1605,126333,245.65725,20712841.658,22396345.5025,0.480473955144,0.435156342884,0.79391569712,2669.71,2694.62,2660.38,2690.12,13179.6913,35333617.0433,111719,7663.0062,20546495.5311,14787121.5121,0.581499921335,0.764125076787,1.28703418309,0.03174,0.03188,0.0317,0.03184,0.315059861374,0.567823343849,0.0318447805478,-1.50120292032,2852556.72,28525.5672,-0.287877941059,OKX_CONTRACT_OI_HISTORY,5877996.97,587799.697,-1.95775290009,OKX_CONTRACT_OI_HISTORY,1.24,0.553571428571,0.446428571429,OKX_GLOBAL_ACCOUNT_RATIO,1.38,0.579831932773,0.420168067227,OKX_GLOBAL_ACCOUNT_RATIO,,,,,PRICE_UP_OI_DOWN,PRICE_UP_OI_DOWN,PASS,PASS,0.958771189585,1.21337762946,0.283464566929,0.25460643987,-0.7408351451,-3.41495086393,0.430392138097,0.149659357433,-0.313087038197,-0.280732780665,-3.87397401703,-4.32624725487,0.173141230879,0.789419456361,0.600315955766,0.616278225482,-3.83924941724,-4.36190602589,-2.29631845132,-2.26133209319,0.0628535512256,0.034986358138,-7.12029348609,-1.24761289964,-1.83115392772,-2.46827641215,-0.655226209048,-0.637122484429,-8.36748312694,-6.45398675171
2026-09-24T19:00:00Z,2026-09-24T21:00:00+02:00,2026-09-24T22:00:00Z,84476.01,84660,84298,84412.65,650.38242,54961752.3788,108993,303.64227,25659278.4688,29302473.91,0.466856993423,-0.0750035424258,0.429428930698,2690.13,2701.24,2682.91,2696.95,16362.5372,44078265.6178,101282,9564.7874,25770803.1063,18307462.5115,0.584660098239,0.253892019687,0.68321337652,0.03184,0.03195,0.03181,0.03195,0.345477386935,0.440113171959,0.0319495952325,0.126689408406,2856526.28,28565.2628,0.139157969136,OKX_CONTRACT_OI_HISTORY,5922873.51,592287.351,0.7634665385,OKX_CONTRACT_OI_HISTORY,1.23,0.551569506726,0.448430493274,OKX_GLOBAL_ACCOUNT_RATIO,1.33,0.570815450644,0.429184549356,OKX_GLOBAL_ACCOUNT_RATIO,,,,,PRICE_DOWN_OI_UP,PRICE_UP_OI_UP,PASS,PASS,-0.00633751095739,0.498215070913,0.534927627439,0.50455258187,-0.732322180837,-3.30652370681,-0.131761362037,0.128086133284,0.282485875706,0.25984749532,-5.91812776682,-4.55941327656,-0.124648003975,0.671153465698,0.788643533123,0.795801469673,-3.69730313665,-3.70853000117,-2.06490267592,-1.99110381068,0.093984962406,0.0737988652394,-6.47027235135,-0.740462801149,-2.40196249028,-2.3491670378,0.0626370184779,0.0527954524804,-6.02626054471,-5.49628570931
2026-09-24T20:00:00Z,2026-09-24T22:00:00+02:00,2026-09-24T22:00:00Z,84412.64,84500,84170,84371.63,604.1686,50959793.7735,98072,327.22778,27605343.1365,23354450.637,0.541708297706,-0.0485946123004,0.392063680646,2696.94,2697.38,2681.81,2688.27,10251.6823,27566838.5157,88323,6008.3457,16158404.0721,11408434.4436,0.586153688349,-0.321845047183,0.580578042441,0.03195,0.03197,0.03184,0.03186,-0.281690140845,0.408291457286,0.0318622503797,-0.706283967011,2864231.35,28642.3135,0.269735659495,OKX_CONTRACT_OI_HISTORY,5953035.44,595303.544,0.509244878336,OKX_CONTRACT_OI_HISTORY,1.24,0.553571428571,0.446428571429,OKX_GLOBAL_ACCOUNT_RATIO,1.32,0.568965517241,0.431034482759,OKX_GLOBAL_ACCOUNT_RATIO,,,,,PRICE_DOWN_OI_UP,PRICE_DOWN_OI_UP,PASS,PASS,-0.152307097499,0.0238128016133,0.157183275699,0.176119899112,-0.426425198373,-0.987174612266,0.850621563471,0.710673210205,-0.156690692573,-0.139948353266,-6.12505700009,-3.03907620703,0.164745682386,0.633010900815,0.473036896878,0.468265218429,-2.7406661765,-3.25730157635,-2.19370743373,-2.29908450935,-0.12539184953,-0.10537707562,-6.04436841301,-0.284505890725,-3.02298760208,-3.45418305231,-0.468603561387,-0.43119545023,-4.24542014655,-3.29490444408
2026-09-24T21:00:00Z,2026-09-24T23:00:00+02:00,2026-09-24T22:00:00Z,84371.62,84501.16,84290,84350,421.87972,35607585.5508,71742,252.84793,21338767.2395,14268818.3114,0.599275882073,-0.0256365794995,0.250516075454,2688.28,2693.02,2685.45,2686.72,5544.1434,14910660.133,42642,2472.9619,6650914.63674,8259745.49631,0.446050984825,-0.0576578989462,0.281889441248,0.03187,0.03188,0.03184,0.03185,-0.0313873195229,0.125628140704,0.0318520450504,-0.642046808002,2856555.77,28565.5577,-0.267980447878,OKX_CONTRACT_OI_HISTORY,5900555.46,590055.546,-0.881566732282,OKX_CONTRACT_OI_HISTORY,1.24,0.553571428571,0.446428571429,OKX_GLOBAL_ACCOUNT_RATIO,1.32,0.568965517241,0.431034482759,OKX_GLOBAL_ACCOUNT_RATIO,,,,,PRICE_DOWN_OI_DOWN,PRICE_DOWN_OI_DOWN,PASS,PASS,0.285340625372,0.636770897323,0.346565847511,0.351430271951,-0.148089743712,-1.58148781148,1.30434599848,1.67726309416,0.346565847511,0.372917095678,-4.91008882662,-4.08854896259,-0.0823032788167,0.347349313892,0.409836065574,0.429652592708,-2.82530760998,-3.83654172146,-2.12801655435,-2.20543003884,-0.125431169646,-0.0774134844911,-6.41579764847,-1.26436597293,-2.58498002444,-2.96130689021,-0.437636761488,-0.376326865777,-3.01539930232,-4.34525364645
2026-09-24T22:00:00Z,2026-09-25T00:00:00+02:00,2026-09-25T01:00:00Z,84350,84368.01,83948.43,84277.32,524.2865,44136761.8322,75906,208.60955,17562095.3262,26574666.5059,0.397901762549,-0.0861647895673,0.499806845703,2686.72,2688.28,2676.03,2685.53,9068.4852,24332307.8202,62302,4971.7134,13343042.1013,10989265.7189,0.548367306543,-0.044291924726,0.457767663292,0.03185,0.03189,0.03184,0.03187,0.0627943485086,0.157035175879,0.0318653939162,1.44548152506,2845713.92,28457.1392,-0.379542738632,OKX_CONTRACT_OI_HISTORY,5903161.32,590316.132,0.0441629608884,OKX_CONTRACT_OI_HISTORY,1.23,0.551569506726,0.448430493274,OKX_GLOBAL_ACCOUNT_RATIO,1.31,0.5670995671,0.4329004329,OKX_GLOBAL_ACCOUNT_RATIO,,,,,PRICE_DOWN_OI_DOWN,PRICE_DOWN_OI_UP,PASS,PASS,-0.235202870022,-0.170624358765,0.0942211055276,0.0645785112573,-0.239883047794,0.42811097264,0.916177516578,1.41001967381,0.536277602524,0.493842157237,-4.14467995808,-4.03665080073,-0.337842751813,-0.176190493891,0.157133878064,0.161652257922,-3.08480473688,-3.49116602173,-2.14422203518,-2.45361558691,-0.312793243666,-0.309393551727,-6.63599290558,-1.73453613078,-2.517438806,-3.3707420454,-0.870917573872,-0.853303239399,-3.21622933015,-3.59628013247
2026-09-24T23:00:00Z,2026-09-25T01:00:00+02:00,2026-09-25T01:00:00Z,84277.32,84473.58,84269.99,84410.24,270.91141,22861335.6983,48136,126.73544,10694307.1921,12167028.5063,0.467790129728,0.157717402499,0.241592528966,2685.53,2693.18,2685.02,2688.05,5220.6933,14042767.0454,47274,2132.3837,5734688.52717,8308078.51821,0.408373115401,0.0938362259963,0.303908350776,0.03186,0.0319,0.03185,0.03185,-0.0627549419517,0.156985871272,0.031845069982,1.54812596492,2843551.54,28435.5154,-0.0759872587614,OKX_CONTRACT_OI_HISTORY,5931150.65,593115.065,0.474141370746,OKX_CONTRACT_OI_HISTORY,1.25,0.555555555556,0.444444444444,OKX_GLOBAL_ACCOUNT_RATIO,1.3,0.565217391304,0.434782608696,OKX_GLOBAL_ACCOUNT_RATIO,,,,,PRICE_UP_OI_DOWN,PRICE_UP_OI_UP,PASS,PASS,-0.00285502232188,-0.33000241013,-0.312989045383,-0.327147387808,-0.454213920272,0.139748721394,1.09666998744,1.52473108533,0.441501103753,0.428061097886,-4.17819280571,-4.28578039894,0.0149767291961,0.124408222862,0.12574662056,0.109431493666,-2.99741294167,-3.42728086444,-2.08601094833,-2.3815835824,-0.281778334377,-0.295572634066,-6.59804451219,-0.184851579553,-2.5510967444,-3.17485474697,-0.655021834061,-0.623758002573,-3.52972093817,-3.78878339307
2026-09-25T00:00:00Z,2026-09-25T02:00:00+02:00,2026-09-25T01:00:00Z,84410.24,84718.02,84410.24,84590.01,583.04093,49335763.3048,106097,273.09282,23106911.9944,26228851.3104,0.4683602816,0.2129717911,0.364624007703,2688.06,2697.78,2688.05,2690.78,5029.1041,13539781.9585,75629,2372.3664,6386791.65196,7152990.30658,0.471705650174,0.101560610852,0.361972433548,0.03185,0.03186,0.03179,0.03181,-0.125588697017,0.220195029884,0.0318096664133,0.104869591715,2848320.65,28483.2065,0.167716671666,OKX_CONTRACT_OI_HISTORY,5941434.57,594143.457,0.173388278377,OKX_CONTRACT_OI_HISTORY,1.24,0.553571428571,0.446428571429,OKX_GLOBAL_ACCOUNT_RATIO,1.29,0.563318777293,0.436681222707,OKX_GLOBAL_ACCOUNT_RATIO,-3.7995722708e-06,OKX_FUNDING_HISTORY,-3.36740302821e-05,OKX_FUNDING_HISTORY,PRICE_UP_OI_UP,PRICE_UP_OI_UP,PASS,PASS,0.258831078646,0.0933685976483,-0.156936597615,-0.165462480997,-0.555496328884,-0.194873188929,1.17906671263,1.58486861975,0.44205873066,0.405801907123,-3.81935167764,-3.94279797316,0.32260015655,0.316520585023,-0.0314267756128,-0.00607957152767,-2.78420031594,-2.80128187307,-2.15978292174,-2.50797101449,-0.407013149656,-0.34818809275,-6.61286697954,-2.2453129184,-1.51436633834,-2.31295085479,-0.779787897692,-0.798584516448,-3.670128639,-2.8762334658
2026-09-25T01:00:00Z,2026-09-25T03:00:00+02:00,2026-09-25T06:00:00Z,84590.01,84796.51,84366,84610.73,553.77183,46853025.4402,103834,258.44715,21866960.2823,24986065.1579,0.466713943803,0.0244946182179,0.510288504848,2690.78,2698.48,2682.5,2689.58,4732.5025,12736387.7934,76333,2399.2517,6458642.24152,6277745.5519,0.507101569635,-0.0445967340325,0.595712954334,0.03181,0.03184,0.03179,0.0318,-0.0314366551399,0.157282164203,0.0317876940667,3.87128845396,2845833.92,28458.3392,-0.0873051283745,OKX_CONTRACT_OI_HISTORY,5970045.76,597004.576,0.465667082339,OKX_CONTRACT_OI_HISTORY,1.24,0.553571428571,0.446428571429,OKX_GLOBAL_ACCOUNT_RATIO,1.28,0.561403508772,0.438596491228,OKX_GLOBAL_ACCOUNT_RATIO,,,,,PRICE_UP_OI_DOWN,PRICE_DOWN_OI_UP,PASS,PASS,0.309104919976,0.106449499762,-0.156985871272,-0.202655420214,-0.375341875436,1.17769082031,0.418118400735,0.729183441881,0.347112653834,0.311065041146,-2.80708362275,-2.23871607831,0.602085385595,0.544294995925,0,-0.0577903896701,-3.24312675184,-2.13970292874,-2.03689938636,-2.34588027696,-0.250941028858,-0.308980890599,-5.89684172858,-1.25233181651,-1.17442685809,-2.15688628418,-0.965431329804,-0.982459426097,-4.79851291015,-3.52478715735
2026-09-25T02:00:00Z,2026-09-25T04:00:00+02:00,2026-09-25T06:00:00Z,84610.74,84888,84180,84226.16,577.26362,48833084.213,99516,175.97477,14888249.6766,33944834.5364,0.304880388297,-0.454516820739,0.841054882395,2689.58,2700.21,2674.62,2676.79,9445.2496,25401293.5379,76364,4073.77,10966117.5391,14435175.9988,0.431714925176,-0.475538931729,0.956771429212,0.03181,0.03183,0.03176,0.03178,-0.062893081761,0.22040302267,0.0317809811109,-0.308710059436,2858191.33,28581.9133,0.434228080323,OKX_CONTRACT_OI_HISTORY,6027027.3,602702.73,0.954457340709,OKX_CONTRACT_OI_HISTORY,1.23,0.551569506726,0.448430493274,OKX_GLOBAL_ACCOUNT_RATIO,1.29,0.563318777293,0.436681222707,OKX_GLOBAL_ACCOUNT_RATIO,,,,,PRICE_DOWN_OI_UP,PRICE_DOWN_OI_UP,PASS,PASS,-0.0607043508265,-0.325447863178,-0.282397238783,-0.264743512351,0.43846325916,2.09829908562,0.660171042849,0.71184820928,0.0944881889764,0.0516771664315,-0.544770092665,-0.96614018586,-0.165209634171,-0.332499292555,-0.188442211055,-0.167289658384,-2.93051794167,-1.62025033326,-2.68750925741,-3.0921004996,-0.438596491228,-0.404591242189,-5.50717692227,-0.44033337989,-1.7368508859,-2.30693430657,-0.594307162965,-0.570083420667,-4.88566059996,-2.8263082866
2026-09-25T03:00:00Z,2026-09-25T05:00:00+02:00,2026-09-25T06:00:00Z,84226.17,84385.1,84063.18,84231.19,421.10752,35475662.0632,79826,188.64732,15894593.8265,19581068.2367,0.448042204207,0.00597201629517,0.382950062084,2676.8,2681.65,2673,2679.09,6244.9976,16718480.012,73949,2660.1164,7121819.94932,9596660.06265,0.425984894812,0.0859238117297,0.323606434718,0.03177,0.03181,0.03176,0.0318,0.0629326620516,0.157430730479,0.0318063890585,-2.00873430904,2874835.99,28748.3599,0.582349397862,OKX_CONTRACT_OI_HISTORY,6026838.18,602683.818,-0.00313786532872,OKX_CONTRACT_OI_HISTORY,1.25,0.555555555556,0.444444444444,OKX_GLOBAL_ACCOUNT_RATIO,1.33,0.570815450644,0.429184549356,OKX_GLOBAL_ACCOUNT_RATIO,,,,,PRICE_UP_OI_UP,PRICE_UP_OI_DOWN,PASS,PASS,-0.212118814021,-0.333327133052,-0.156985871272,-0.121208319031,1.10018930763,1.6133046629,-0.221291667654,-0.167313812146,0.0629326620516,0.0539778555074,-0.0960380318098,-1.6092554236,0.354063865172,0.0870455326589,-0.313479623824,-0.267018332513,-2.82394153652,-2.05194941673,-2.85231627001,-3.421761277,-0.625,-0.56944500699,-5.0454019852,-0.872994043661,-1.7056736252,-2.21050134141,-0.562851782364,-0.504827716209,-4.84279467163,-1.34709760132
2026-09-25T04:00:00Z,2026-09-25T06:00:00+02:00,2026-09-25T06:00:00Z,84231.19,84298.01,84061.22,84208.01,494.24466,41602855.4713,61400,247.14484,20803021.4861,20799833.9853,0.500038308679,-0.0275194972314,0.281687560566,2679.1,2686.05,2671.94,2680.3,5099.5004,13661823.5423,49433,2414.2801,6468151.10586,7193672.43641,0.473447127014,0.0451645894688,0.528080720375,0.0318,0.03187,0.03179,0.03183,0.0943396226415,0.251651462724,0.0318295136057,0.152812371748,2869697.02,28696.9702,-0.17875698015,OKX_CONTRACT_OI_HISTORY,6005972.63,600597.263,-0.346210556461,OKX_CONTRACT_OI_HISTORY,1.26,0.557522123894,0.442477876106,OKX_GLOBAL_ACCOUNT_RATIO,1.33,0.570815450644,0.429184549356,OKX_GLOBAL_ACCOUNT_RATIO,,,,,PRICE_DOWN_OI_DOWN,PRICE_UP_OI_DOWN,PASS,PASS,-0.451589969076,-0.389478143884,0.0628733102798,0.0621118251916,0.750490293289,1.08623698939,-0.345939477396,-0.272730993478,0.0628733102798,0.0732084839186,-0.236413905959,-0.106706017242,0.192763486662,-0.068601937259,-0.31318509239,-0.261365423921,-4.28668903026,-2.42920972157,-3.3945664039,-3.57419099527,-0.188146754468,-0.179624591374,-4.59201308814,-3.05639058067,-1.45577634227,-1.79928995644,-0.31318509239,-0.343513614163,-5.41772369812,-1.70150800525
2026-09-25T05:00:00Z,2026-09-25T07:00:00+02:00,2026-09-25T06:00:00Z,84208,84347.86,84096.94,84194.01,303.94989,25594662.0158,52792,136.99885,11536481.4469,14058180.569,0.450737792112,-0.0166254967906,0.298369952581,2680.29,2685,2675.61,2679.94,4684.4313,12554503.9729,47887,2078.7285,5571531.44971,6982972.52322,0.443787461593,-0.0134313323136,0.350948008118,0.03183,0.03184,0.03181,0.03183,0,0.0943099654197,0.0318305304617,-0.166651865342,2864365.29,28643.6529,-0.185794178369,OKX_CONTRACT_OI_HISTORY,6024961.68,602496.168,0.316169439487,OKX_CONTRACT_OI_HISTORY,1.26,0.557522123894,0.442477876106,OKX_GLOBAL_ACCOUNT_RATIO,1.32,0.568965517241,0.431034482759,OKX_GLOBAL_ACCOUNT_RATIO,,,,,PRICE_DOWN_OI_DOWN,PRICE_DOWN_OI_UP,PASS,PASS,-0.492514365495,-0.358420273797,0.0943396226415,0.134094091697,0.651175385526,0.919857605916,0.0998811080728,0.382811680626,0.283553875236,0.282930572553,0.124894770848,0.493549896815,0.25719825259,-0.0961782204792,-0.344395742016,-0.35337647307,-3.35401987485,-1.39068932496,-2.66139443889,-2.82326492131,-0.188146754468,-0.161870482426,-5.17142969657,-2.0341923656,-1.40913004698,-1.96082735208,-0.562324273664,-0.551697305099,-5.64583039544,-0.711147539191
2026-09-25T06:00:00Z,2026-09-25T08:00:00+02:00,2026-09-25T07:00:00Z,84194,84284.01,83938,84036,402.77283,33861983.2091,72129,166.98447,14040021.1364,19821962.0726,0.414624892162,-0.187673683674,0.412220924968,2679.94,2682.99,2669.59,2674.52,6344.2249,16977629.2995,75486,2837.359,7593176.70374,9384452.59574,0.447245994703,-0.202243333806,0.5019497376,0.03183,0.03184,0.0318,0.03183,0,0.125786163522,0.0318258841449,1.29324140406,2869856.42,28698.5642,0.191704948359,OKX_CONTRACT_OI_HISTORY,6025418.45,602541.845,0.00758129303156,OKX_CONTRACT_OI_HISTORY,1.25,0.555555555556,0.444444444444,OKX_GLOBAL_ACCOUNT_RATIO,1.33,0.570815450644,0.429184549356,OKX_GLOBAL_ACCOUNT_RATIO,,,,,PRICE_DOWN_OI_UP,PRICE_DOWN_OI_UP,PASS,PASS,-0.225773085227,-0.0848030663593,0.157331655129,0.140970018867,0.408128380965,-0.0266939225578,-0.520869771193,-0.579899781422,-0.0314070351759,-0.0590300102294,0.606462962812,2.50802238845,-0.0927194156406,-0.431108298276,-0.344395742016,-0.338388882636,-3.29100527182,-1.92672811615,-2.81446694713,-2.8962091864,-0.0314070351759,-0.0817422392615,-5.53410977471,-2.57692445754,-1.57876164401,-2.05842393792,-0.46904315197,-0.479662293909,-5.70149063928,-0.110241788691
2026-09-25T07:00:00Z,2026-09-25T09:00:00+02:00,2026-09-25T12:00:00Z,84036.01,84096.01,83750.5,84043.96,1342.44951,112717117.207,95568,605.01731,50800180.4866,61916936.7208,0.450687364485,0.00947213099149,0.412546790765,2674.52,2680.8,2667.33,2672.04,10480.3521,28008769.374,75627,3270.5825,8744338.35318,19264431.0209,0.312200019801,-0.0927269192229,0.504999381404,0.03183,0.03188,0.03178,0.03179,-0.125667609174,0.314663310258,0.0317933614742,-1.05728806455,2875682.85,28756.8285,0.203021655,OKX_CONTRACT_OI_HISTORY,6051784.5,605178.45,0.437580397425,OKX_CONTRACT_OI_HISTORY,1.25,0.555555555556,0.444444444444,OKX_GLOBAL_ACCOUNT_RATIO,1.34,0.57264957265,0.42735042735,OKX_GLOBAL_ACCOUNT_RATIO,,,,,PRICE_UP_OI_UP,PRICE_DOWN_OI_UP,PASS,PASS,-0.22228108139,-0.263149054343,-0.0314465408805,-0.0408679729527,0.029457680471,0.413920521092,-0.436771028987,-0.923635959139,-0.500782472613,-0.486864930152,0.670624672146,2.17649405786,-0.567956895566,-0.796732875441,-0.21971123666,-0.228775979874,-5.28719151961,-2.48215457773,-2.41604128522,-2.58410744754,-0.157035175879,-0.168066162319,-5.28425790869,-2.2960220774,-1.52329396325,-1.99168115496,-0.469630557295,-0.4683871917,-5.91864409444,-0.356373827534
2026-09-25T08:00:00Z,2026-09-25T10:00:00+02:00,2026-09-25T12:00:00Z,84043.96,84512,84028.98,84417.06,686.85192,57858810.5824,85249,441.43062,37181781.2962,20677029.2862,0.642629548067,0.443934341028,0.574825494728,2672.05,2696.98,2672.04,2690.91,10493.7754,28186224.801,77320,6832.1578,18349543.408,9836681.39298,0.651011035978,0.706202002964,0.933369260939,0.03179,0.03192,0.03179,0.03188,0.283107895565,0.408933626927,0.0318763766471,1.13668907544,2878765.77,28787.6577,0.107206537049,OKX_CONTRACT_OI_HISTORY,6045464.45,604546.445,-0.104432832993,OKX_CONTRACT_OI_HISTORY,1.26,0.557522123894,0.442477876106,OKX_GLOBAL_ACCOUNT_RATIO,1.28,0.561403508772,0.438596491228,OKX_GLOBAL_ACCOUNT_RATIO,7.18624451426e-05,OKX_FUNDING_HISTORY,5.53081588177e-05,OKX_FUNDING_HISTORY,PRICE_UP_OI_UP,PRICE_UP_OI_DOWN,PASS,PASS,0.248254293149,0.395851210685,0.157084511467,0.147596917537,0.316017681895,0.657542457032,0.0538451135767,0.0982044214309,0.0627746390458,0.0443593078542,0.507445741071,1.55263664951,0.904924695195,0.80957554415,-0.0940144155437,-0.0953491510447,-5.6486925999,-1.53362536852,-1.7263447877,-1.61170607571,0.157084511467,0.114638711992,-5.46705079699,-3.44709212035,-2.09537346836,-2.1138442063,-0.0626959247649,-0.0184707379387,-5.3037257927,-0.425219179868
2026-09-25T09:00:00Z,2026-09-25T11:00:00+02:00,2026-09-25T12:00:00Z,84417.05,84870,84417.05,84570.01,698.57495,59137200.0768,83642,357.39532,30250832.5167,28886367.5601,0.511536435229,0.181183755985,0.536562222916,2690.9,2718,2690.74,2704.72,15922.8411,43031487.8498,102189,8174.688,22099515.2331,20931972.6167,0.513566142781,0.513209286078,1.01310420182,0.03188,0.03203,0.03184,0.03197,0.282308657466,0.596733668342,0.0319820229417,-3.75928118252,2865515.11,28655.1511,-0.460289619186,OKX_CONTRACT_OI_HISTORY,6168651.38,616865.138,2.03767520294,OKX_CONTRACT_OI_HISTORY,1.22,0.54954954955,0.45045045045,OKX_GLOBAL_ACCOUNT_RATIO,1.24,0.553571428571,0.446428571429,OKX_GLOBAL_ACCOUNT_RATIO,,,,,PRICE_UP_OI_DOWN,PRICE_UP_OI_UP,PASS,PASS,0.446587589782,0.924647566737,0.439836632108,0.478059976954,0.0401422264128,2.38490645471,0.260829875519,0.669961886613,0.376766091052,0.409132011094,0.313641347181,4.54357088612,1.56857799804,2.35846200424,0.724637681159,0.789884006197,-4.61184754819,0.269255803201,-1.49592920939,-1.05684424625,0.408291457286,0.439084963141,-6.3876839654,-2.4975741878,-1.95235026229,-1.67407671307,0.219435736677,0.278273549224,-5.67181847247,1.41391864831
2026-09-25T10:00:00Z,2026-09-25T12:00:00+02:00,2026-09-25T12:00:00Z,84570.02,84870,84394,84713.66,540.8531,45792628.5233,82006,264.18898,22369474.749,23423153.7743,0.488495102168,0.169859268079,0.564021138944,2704.73,2719.28,2692.9,2713.98,9469.9105,25650065.1163,92777,5381.6793,14580507.5903,11069557.526,0.56843939866,0.342364459168,0.979613056556,0.03197,0.03204,0.03192,0.03204,0.218955270566,0.375939849624,0.0320371000379,0.905188689673,2856905.68,28569.0568,-0.300449645858,OKX_CONTRACT_OI_HISTORY,6219776.85,621977.685,0.828794931835,OKX_CONTRACT_OI_HISTORY,1.21,0.547511312217,0.452488687783,OKX_GLOBAL_ACCOUNT_RATIO,1.24,0.553571428571,0.446428571429,OKX_GLOBAL_ACCOUNT_RATIO,,,,,PRICE_UP_OI_DOWN,PRICE_UP_OI_UP,PASS,PASS,0.806392498453,1.47540493247,0.659754948162,0.669012434021,-0.45126787214,3.225641532,0.517743089125,1.05938120222,0.533417006589,0.541638113095,0.393284789498,5.36349106583,1.43866405148,2.48433835941,1.07255520505,1.04567430793,-3.76769556443,1.11033486005,-1.40754980007,-0.889228106182,0.501882057716,0.51832169389,-6.93916361143,-2.70378365789,-1.38566306575,-1.03162708267,0.344503601629,0.354035983075,-6.5483855313,1.78965396896
2026-09-25T11:00:00Z,2026-09-25T13:00:00+02:00,2026-09-25T12:00:00Z,84713.67,85255,84567.02,84582.64,1799.94837,153038234.884,163756,1166.7973,99241244.3235,53796990.5602,0.6484735295,-0.154662187893,0.813532272983,2713.97,2743,2713.1,2717.53,22424.7026,61204104.7832,154355,12700.2002,34671136.8693,26532967.9139,0.56648384928,0.130804206369,1.10206037374,0.03204,0.03218,0.03203,0.03213,0.280898876405,0.468310958476,0.0321286968579,0.40560067414,2895455.76,28954.5576,1.34936481347,OKX_CONTRACT_OI_HISTORY,6127878.55,612787.855,-1.47751763795,OKX_CONTRACT_OI_HISTORY,1.23,0.551569506726,0.448430493274,OKX_GLOBAL_ACCOUNT_RATIO,1.25,0.555555555556,0.444444444444,OKX_GLOBAL_ACCOUNT_RATIO,,,,,PRICE_DOWN_OI_UP,PRICE_UP_OI_DOWN,PASS,PASS,0.640950283637,1.70244457418,1.06951871658,1.06149429055,0.687590079692,1.25738201682,0.204240622939,1.09670579044,0.879120879121,0.892465167504,1.82533072708,3.31685893023,1.30315045599,2.63815868987,1.32450331126,1.33500823388,-2.42912791574,-1.1110747586,-1.24613032465,-0.382336984413,0.879120879121,0.86379334024,-6.66346610893,-4.01954201481,-1.6327889153,-0.914096113177,0.752587017874,0.718692802121,-5.51122559455,0.531395734706
2026-09-25T12:00:00Z,2026-09-25T14:00:00+02:00,2026-09-25T13:00:00Z,84582.64,84704,83900,84471.8,1293.76547,109169220.486,234075,547.80335,46227268.1127,62941952.373,0.423445985114,-0.131043438701,0.958283671037,2717.53,2724,2686.58,2717.72,20320.0779,55042872.193,236936,10176.8178,27573701.6936,27469170.4993,0.500949543421,0.00699164314653,1.39284890083,0.03213,0.03219,0.03201,0.03217,0.124494242141,0.562324273664,0.0321731039234,-0.964757222967,2866386.56,28663.8656,-1.00395939049,OKX_CONTRACT_OI_HISTORY,6068774.28,606877.428,-0.964514383204,OKX_CONTRACT_OI_HISTORY,1.27,0.559471365639,0.440528634361,OKX_GLOBAL_ACCOUNT_RATIO,1.28,0.561403508772,0.438596491228,OKX_GLOBAL_ACCOUNT_RATIO,,,,,PRICE_DOWN_OI_DOWN,PRICE_UP_OI_DOWN,PASS,PASS,0.0648447126683,0.996317230974,0.909661229611,0.931472518306,-0.430017965651,0.385575503632,-0.139744634148,1.00119667903,1.13171958504,1.14094131318,0.634265317004,2.14324854544,1.03767439602,2.60193295077,1.57878118093,1.56425855475,-3.20931118366,-1.88405338792,-1.21517827374,-0.164572772023,1.06817467798,1.05060550172,-7.82588291957,-5.03776316379,-1.80439158788,-1.41079079014,0.437090227911,0.393600797746,-6.51502622267,0.0398060813903
2026-09-25T13:00:00Z,2026-09-25T15:00:00+02:00,2026-09-25T17:00:00Z,84471.79,84600.01,83530.06,83923.71,1647.67121,138575414.397,320091,702.70484,59122921.6988,79452492.6986,0.42664798771,-0.648843756141,1.28091611571,2717.71,2722.37,2680,2695.3,19983.8046,53950366.074,248292,8350.31,22551579.6938,31398786.3802,0.4180060551,-0.824956213296,1.58097014925,0.03217,0.03219,0.03207,0.03212,-0.155424308362,0.374181478017,0.0321160730382,1.22274032575,2854888.18,28548.8818,-0.401145475647,OKX_CONTRACT_OI_HISTORY,6039586.51,603958.651,-0.480950001653,OKX_CONTRACT_OI_HISTORY,1.28,0.561403508772,0.438596491228,OKX_GLOBAL_ACCOUNT_RATIO,1.33,0.570815450644,0.429184549356,OKX_GLOBAL_ACCOUNT_RATIO,,,,,PRICE_DOWN_OI_DOWN,PRICE_DOWN_OI_DOWN,PASS,PASS,-0.76421889982,-0.348280043775,0.469189865499,0.415938856045,-0.37085583541,-2.09227045021,-0.811977393411,0.212672610593,1.00628930818,1.024650004,0.318158411718,1.16482775502,-0.397254019568,0.943406825936,1.35689491953,1.3406608455,-2.4978561837,-1.09996550953,-2.17770862345,-0.765803910018,1.45293746052,1.41190471343,-8.27258679066,-5.98527067217,-2.80534097638,-2.31553463154,0.500625782228,0.489806344841,-6.23855147989,-0.491040641174
2026-09-25T14:00:00Z,2026-09-25T16:00:00+02:00,2026-09-25T17:00:00Z,83923.71,84030.01,83183,84016.01,2047.65742,171277495.134,358243,866.84619,72504758.8846,98772736.2496,0.423317487378,0.10998083855,1.01824892105,2695.31,2698.21,2671.94,2695.82,23021.2135,61842823.9951,302613,11182.8656,30052740.477,31790083.518,0.485953559938,0.0192928430973,0.983180760047,0.03211,0.03219,0.03206,0.03208,-0.124533001245,0.4054897068,0.0320869796126,-2.1752164462,2872029.43,28720.2943,0.600417561713,OKX_CONTRACT_OI_HISTORY,6004561.01,600456.101,-0.57993208545,OKX_CONTRACT_OI_HISTORY,1.32,0.568965517241,0.431034482759,OKX_GLOBAL_ACCOUNT_RATIO,1.32,0.568965517241,0.431034482759,OKX_GLOBAL_ACCOUNT_RATIO,,,,,PRICE_UP_OI_UP,PRICE_UP_OI_DOWN,PASS,PASS,-0.823538966443,-0.669127996522,0.124843945069,0.154410969921,0.529375194494,-3.46018587467,-0.249506804062,0.710926146616,0.943989930774,0.960432950678,0.484155831513,-0.372759054866,0.409017067117,1.42783507094,1.03937007874,1.01881800382,-0.0632517973233,-1.3352978657,-0.612747606022,0.727106966178,1.29460056836,1.3398545722,-7.84879365104,-4.39292628848,-2.59917890524,-1.71033969804,0.880503144654,0.888839207202,-4.85300586052,-0.0549864263584
2026-09-25T15:00:00Z,2026-09-25T17:00:00+02:00,2026-09-25T17:00:00Z,84016.01,84092.01,83363.63,83796.01,1178.04356,98648761.0992,255566,423.03073,35437411.7804,63211349.3189,0.359228148286,-0.261854853617,0.873738343688,2695.83,2699,2668.84,2686.9,14861.2646,39892245.4084,229200,7023.4511,18854469.2484,21037776.16,0.47263494585,-0.330882625695,1.13007898563,0.03209,0.03214,0.032,0.03206,-0.0623441396509,0.4375,0.0320647725351,-1.488404481,2878241.68,28782.4168,0.216301752869,OKX_CONTRACT_OI_HISTORY,5941026.24,594102.624,-1.05810849276,OKX_CONTRACT_OI_HISTORY,1.33,0.570815450644,0.429184549356,OKX_GLOBAL_ACCOUNT_RATIO,1.37,0.57805907173,0.42194092827,OKX_GLOBAL_ACCOUNT_RATIO,,,,,PRICE_DOWN_OI_UP,PRICE_DOWN_OI_DOWN,PASS,PASS,-0.930013534692,-1.12712647146,-0.217864923747,-0.197112936773,-0.594520566945,-3.04921692679,-0.516649473906,0.291516895662,0.817610062893,0.808166369569,0.118465540707,-1.42383016496,-0.736797839323,0.123715335485,0.881057268722,0.860513174808,0.0223137369237,-3.0101725244,-0.238106548156,1.15540563434,1.35946885868,1.3935121825,-6.37132720768,-3.26553198663,-3.02860260109,-2.07769205258,1.0081915564,0.950910548505,-4.91686181547,0.00469823060791
2026-09-25T16:00:00Z,2026-09-25T18:00:00+02:00,2026-09-25T17:00:00Z,83796.01,84115.87,83720,83742.22,787.15982,66076705.7191,172808,381.73824,32041973.1872,34034732.5319,0.484920863389,-0.0641916005308,0.472849976111,2686.91,2698.25,2681.93,2683.71,12417.9809,33412078.1494,153482,5219.0456,14044194.3177,19367883.8316,0.420332858523,-0.118724180282,0.608517000817,0.03207,0.03209,0.03202,0.03205,-0.0311915159077,0.218613366646,0.0320472755559,0.850132838497,2861305.77,28613.0577,-0.588411672226,OKX_CONTRACT_OI_HISTORY,5983713.77,598371.377,0.718521148966,OKX_CONTRACT_OI_HISTORY,1.31,0.5670995671,0.4329004329,OKX_GLOBAL_ACCOUNT_RATIO,1.32,0.568965517241,0.431034482759,OKX_GLOBAL_ACCOUNT_RATIO,3.41625964238e-05,OKX_FUNDING_HISTORY,4.806880535e-07,OKX_FUNDING_HISTORY,PRICE_DOWN_OI_DOWN,PRICE_DOWN_OI_UP,PASS,PASS,-0.863696523574,-1.25141662864,-0.373018340068,-0.387720105071,-0.17725418026,-1.40160938726,-0.553142153579,0.127224564414,0.691171850456,0.680366717993,-0.292408917789,-0.37061207853,-0.8971680939,-0.145853409882,0.754479723357,0.751314684018,-0.528131528404,-0.476922630384,-0.351959827697,0.856091667199,1.23183828174,1.2080514949,-4.96169247815,-2.64989620069,-3.09983218225,-2.27301693656,0.881334592383,0.826815245684,-5.61915713568,0.538455556556
2026-09-25T17:00:00Z,2026-09-25T19:00:00+02:00,2026-09-25T18:00:00Z,83742.23,83995.84,83628,83785.11,596.02916,49967104.9542,108969,321.41936,26944788.6648,23022316.2894,0.539250546725,0.0512166981004,0.43985268092,2683.72,2693.71,2678.28,2685.91,7513.6033,20181987.2792,66857,3627.7034,9745388.37124,10436598.9079,0.482875558112,0.0819760704398,0.576116014756,0.03205,0.03208,0.03202,0.03206,0.0312012480499,0.187382885696,0.0320571280506,0.895884821159,2850835.48,28508.3548,-0.365926987244,OKX_CONTRACT_OI_HISTORY,5960718.9,596071.89,-0.384290941777,OKX_CONTRACT_OI_HISTORY,1.31,0.5670995671,0.4329004329,OKX_GLOBAL_ACCOUNT_RATIO,1.33,0.570815450644,0.429184549356,OKX_GLOBAL_ACCOUNT_RATIO,,,,,PRICE_UP_OI_DOWN,PRICE_UP_OI_DOWN,PASS,PASS,-0.165149991582,-0.348384224391,-0.186799501868,-0.183234232809,-0.141956523145,-1.30584452875,-0.485664003888,0.222766181332,0.722588752749,0.708430185221,-0.47234932106,-1.06627698917,-0.386267982404,0.606430636921,1.0081915564,0.992698619325,-0.348044489815,-0.577989701332,-0.642087143125,0.670157382038,1.32743362832,1.31224452516,-4.55529336525,-3.33427610509,-3.2171910347,-2.46886234068,0.785916378497,0.748328694022,-6.70368609253,0.0625787405702
2026-09-25T18:00:00Z,2026-09-25T20:00:00+02:00,2026-09-25T22:00:00Z,83785.11,84081.41,83785.11,83968,341.90397,28707845.1808,65530,157.29907,13206197.1466,15501648.0342,0.460020494865,0.218284609282,0.353642789274,2685.91,2699.5,2685.91,2693.37,7084.5597,19084087.9743,65972,3841.4362,10348087.9611,8736000.01321,0.542236441952,0.277745717466,0.505973766805,0.03206,0.03212,0.03204,0.03208,0.0623830318153,0.249687890137,0.0320761480564,1.20087474057,2854641.84,28546.4184,0.1335173505,OKX_CONTRACT_OI_HISTORY,5941885.34,594188.534,-0.315961217363,OKX_CONTRACT_OI_HISTORY,1.31,0.5670995671,0.4329004329,OKX_GLOBAL_ACCOUNT_RATIO,1.32,0.568965517241,0.431034482759,OKX_GLOBAL_ACCOUNT_RATIO,,,,,PRICE_UP_OI_UP,PRICE_UP_OI_DOWN,PASS,PASS,-0.0571438705551,-0.0908814386717,0,-0.0337375681166,-0.605411275329,-1.04380103551,-0.0809177019373,0.704799365868,0.785422557336,0.785717067805,-0.530151261017,-1.3863453749,-0.601365997281,0.120812454463,0.753768844221,0.722178451744,0.0730965307501,1.08690716117,-0.429265978892,0.911185627845,1.35860979463,1.34045160674,-3.76895924462,-3.32240873369,-2.88387517025,-2.14325160953,0.817096165933,0.740623560721,-7.05240164286,-0.174266132421
2026-09-25T19:00:00Z,2026-09-25T21:00:00+02:00,2026-09-25T22:00:00Z,83968.01,84078.23,83934,84020.01,328.96659,27636486.565,62947,167.49005,14070092.2381,13566394.3269,0.509112915094,0.0619402629573,0.171837396049,2693.38,2696.44,2690.43,2693.34,4271.2503,11504354.7558,58749,1834.8901,4941817.79473,6562536.96108,0.429560622879,-0.00111384622238,0.223384366068,0.03208,0.03209,0.03204,0.03206,-0.0623441396509,0.156054931336,0.0320559352469,1.26801889104,2858319.53,28583.1953,0.128831923797,OKX_CONTRACT_OI_HISTORY,5920851.94,592085.194,-0.35398528912,OKX_CONTRACT_OI_HISTORY,1.31,0.5670995671,0.4329004329,OKX_GLOBAL_ACCOUNT_RATIO,1.32,0.568965517241,0.431034482759,OKX_GLOBAL_ACCOUNT_RATIO,,,,,PRICE_UP_OI_UP,PRICE_DOWN_OI_DOWN,PASS,PASS,0.267315830432,0.239681417247,0,-0.0276344131849,-0.692163904735,-0.339576012376,-0.0284969913365,0.797143755333,0.849323686694,0.825640746669,-0.60379815528,-2.16353639162,-0.465143553721,-0.133854910176,0.344287949922,0.331288643545,0.0627772974664,-0.0341315747599,-0.589211765541,0.536400183653,1.1356466877,1.12561194919,-3.63684690617,-3.74139579624,-2.52044146795,-2.12229353064,0.438596491228,0.398147937314,-6.411556916,-0.774341644295
2026-09-25T20:00:00Z,2026-09-25T22:00:00+02:00,2026-09-25T22:00:00Z,84020.01,84193.39,83817.89,83886,308.93872,25958148.4269,55988,148.69255,12494518.3849,13463630.042,0.481333189849,-0.15949771965,0.44799505213,2693.34,2696.41,2683.89,2684.74,4557.3516,12263883.6208,60964,1579.9511,4251445.19203,8012438.42881,0.346663856529,-0.319306140331,0.466487076594,0.03206,0.03207,0.032,0.03201,-0.155957579538,0.21875,0.0320046253248,1.67934325112,2831848.6,28318.486,-0.92610114867,OKX_CONTRACT_OI_HISTORY,5894574.57,589457.457,-0.443810624996,OKX_CONTRACT_OI_HISTORY,1.33,0.570815450644,0.429184549356,OKX_GLOBAL_ACCOUNT_RATIO,1.33,0.570815450644,0.429184549356,OKX_GLOBAL_ACCOUNT_RATIO,,,,,PRICE_DOWN_OI_DOWN,PRICE_DOWN_OI_DOWN,PASS,PASS,0.171693561503,0.0383797057059,-0.1248049922,-0.133313855797,-1.02950094704,-1.48969692446,-0.629090849646,-0.229290463078,0.407779171895,0.399800386568,-1.62976684275,-2.49591873789,-0.575584470752,-0.131311215019,0.470809792844,0.444273255732,-1.13059128412,-0.982034637442,-0.41178703893,0.50086847149,0.946073793756,0.91265551042,-3.84027172769,-4.20734838407,-2.75666526516,-2.42737676856,0.344827586207,0.329288496594,-7.10662259467,-1.26374658177
2026-09-25T21:00:00Z,2026-09-25T23:00:00+02:00,2026-09-25T22:00:00Z,83886.01,83921.36,83632.03,83792,365.84717,30648142.5215,56557,125.9564,10549045.2789,20099097.2426,0.344198519421,-0.112056839043,0.345955969262,2684.74,2685.6,2677.16,2681.48,4752.2653,12738200.906,45786,1466.4417,3930803.25277,8807397.65328,0.308583863746,-0.121427028316,0.315259454048,0.03201,0.03202,0.03197,0.032,-0.0312402374258,0.156396621833,0.0320016230666,-0.507182600653,2841823.06,28418.2306,0.352224338547,OKX_CONTRACT_OI_HISTORY,5890027.62,589002.762,-0.0771378824037,OKX_CONTRACT_OI_HISTORY,1.34,0.57264957265,0.42735042735,OKX_GLOBAL_ACCOUNT_RATIO,1.35,0.574468085106,0.425531914894,OKX_GLOBAL_ACCOUNT_RATIO,,,,,PRICE_DOWN_OI_UP,PRICE_DOWN_OI_DOWN,PASS,PASS,0.00822341821833,-0.164934789327,-0.187149095446,-0.173158207545,-0.316132588612,-1.1859522515,-0.919959687837,-0.859238664261,0.0938379730998,0.0607210235763,-0.826798990427,-4.51676943365,-0.661529342027,-0.195033349214,0.470957613815,0.466495992813,-0.515750826738,-0.178421168505,-0.743288160505,0.151638517677,0.882723833544,0.894926678183,-3.32648688936,-4.0081176874,-2.77546844246,-2.39616206398,0.344935716526,0.379306378481,-6.89845894579,-1.44053124489
2026-09-25T22:00:00Z,2026-09-26T00:00:00+02:00,2026-09-26T01:00:00Z,83792,84123.35,83765.26,84083.05,367.91947,30908925.1013,45404,191.31512,16074601.6732,14834323.4281,0.520063432181,0.347348195532,0.427492256336,2681.47,2694.4,2680.18,2692.14,3615.7417,9727957.17386,22248,1902.9079,5120069.67318,4607887.50068,0.526325268674,0.3975416561,0.530561380206,0.032,0.03206,0.03199,0.03202,0.0625,0.218818380744,0.0320176301882,0.740158387009,2838729.13,28387.2913,-0.108871310236,OKX_CONTRACT_OI_HISTORY,5878642.9,587864.29,-0.19328805796,OKX_CONTRACT_OI_HISTORY,1.32,0.568965517241,0.431034482759,OKX_GLOBAL_ACCOUNT_RATIO,1.36,0.576271186441,0.423728813559,OKX_GLOBAL_ACCOUNT_RATIO,,,,,PRICE_UP_OI_DOWN,PRICE_UP_OI_DOWN,PASS,PASS,0.13701648247,-0.045667695118,-0.187032418953,-0.182684177588,-0.557432802148,-1.06434972035,-0.74440178833,-0.804722216081,-0.0624219725343,-0.0603204277509,-0.636232064896,-5.4846654185,-0.230512788019,0.246133910252,0.470662064638,0.476646698272,-0.245449479335,-0.415343892381,-0.567576769086,0.0695097518093,0.628535512256,0.637086520895,-3.32268257905,-3.89200956926,-2.3697921172,-2.21352085664,0.156396621833,0.156271260563,-6.86515437488,-2.14267573328
2026-09-25T23:00:00Z,2026-09-26T01:00:00+02:00,2026-09-26T01:00:00Z,84083.05,84106,84020,84099.99,387.5335,32581702.1172,26603,224.71829,18893032.7292,13688669.388,0.579866351402,0.020146747769,0.102356581766,2692.14,2694.51,2690.7,2691.61,1926.9488,5188775.69559,13231,824.6818,2220654.56831,2968121.12728,0.427972743203,-0.0196869405009,0.14159884045,0.03201,0.03204,0.03201,0.03201,-0.0312304809494,0.0937207122774,0.0320048789542,1.60008285004,2833010.02,28330.1002,-0.20146726715,OKX_CONTRACT_OI_HISTORY,5886329.52,588632.952,0.130755008099,OKX_CONTRACT_OI_HISTORY,1.29,0.563318777293,0.436681222707,OKX_GLOBAL_ACCOUNT_RATIO,1.34,0.57264957265,0.42735042735,OKX_GLOBAL_ACCOUNT_RATIO,,,,,PRICE_UP_OI_DOWN,PRICE_DOWN_OI_UP,PASS,PASS,0.095191609713,-0.064232514276,-0.155957579538,-0.159424123989,-0.885468182768,-0.5830650783,-0.570625367097,-0.953807317675,-0.373482726424,-0.383181950578,-2.15668085359,-3.94180511296,-0.367550192962,0.132438012686,0.502354788069,0.499988205648,-0.370716684812,-0.755690297632,-0.352628510763,0.257010999326,0.628733102798,0.609639510089,-3.3570177166,-4.1570715331,-2.44589400403,-2.25229969168,0.219160926738,0.19359431235,-6.94430114512,-0.939144971734
2026-09-26T00:00:00Z,2026-09-26T02:00:00+02:00,2026-09-26T01:00:00Z,84100,84145.26,83798,83910.01,384.81627,32312893.1376,50730,156.35704,13126640.5345,19186252.6031,0.406235383461,-0.225897767645,0.41440129836,2691.62,2694.6,2681,2687.31,4418.3769,11871157.2333,32425,1881.7308,5056191.47673,6814965.75659,0.425922374488,-0.159755685259,0.507273405446,0.03201,0.03203,0.03198,0.03203,0.0624804748516,0.156347717323,0.0320260955755,1.21913846932,2844134.82,28441.3482,0.392684809495,OKX_CONTRACT_OI_HISTORY,5859558.71,585955.871,-0.45479631932,OKX_CONTRACT_OI_HISTORY,1.35,0.574468085106,0.425531914894,OKX_GLOBAL_ACCOUNT_RATIO,1.34,0.57264957265,0.42735042735,OKX_GLOBAL_ACCOUNT_RATIO,1.70028374203e-05,OKX_FUNDING_HISTORY,3.43398769675e-05,OKX_FUNDING_HISTORY,PRICE_DOWN_OI_UP,PRICE_DOWN_OI_DOWN,PASS,PASS,0.0286221777174,0.0957262155739,0.0624804748516,0.0671040378566,0.433858646257,-0.594035406358,-0.665062186434,-1.11895265149,-0.435188063413,-0.453890465053,-0.776299341845,-3.44741063594,-0.803877431862,-0.128958889244,0.691606413078,0.674918542618,-0.146957822322,-1.37804866881,-0.483870585166,0.187153514348,0.659962287869,0.671024099514,-2.92706653811,-4.14072751432,-2.94629834612,-2.63369565217,0.281778334377,0.312602693946,-6.75010667656,-3.59242008242
2026-09-26T01:00:00Z,2026-09-26T03:00:00+02:00,2026-09-26T07:00:00Z,83910.01,84086.01,83906.72,84076.66,380.38641,31941592.6316,44570,177.53842,14907873.4572,17033719.1744,0.466722922339,0.198605625241,0.213677760256,2687.31,2696.44,2687.1,2692.7,4083.4833,10991983.4075,51272,2265.186,6097367.94577,4894615.4617,0.554710439394,0.200572319531,0.347586617543,0.03203,0.03207,0.03202,0.03202,-0.0312207305651,0.156152404747,0.0320267241824,-2.0995536079,2840620.4,28406.204,-0.123567278713,OKX_CONTRACT_OI_HISTORY,5879162.4,587916.24,0.334559153176,OKX_CONTRACT_OI_HISTORY,1.35,0.574468085106,0.425531914894,OKX_GLOBAL_ACCOUNT_RATIO,1.33,0.570815450644,0.429184549356,OKX_GLOBAL_ACCOUNT_RATIO,,,,,PRICE_UP_OI_DOWN,PRICE_UP_OI_UP,PASS,PASS,0.339722169181,0.418425645539,0.0625,0.0787034763582,-0.042320016926,-0.184468065364,0.182248854346,-0.0964642154862,-0.311332503113,-0.278713069833,-0.499766684382,-2.65621015171,-0.631208358562,0.116003242142,0.691823899371,0.747211600704,-0.183198322409,-1.52232266977,-0.0329233862458,0.660929637909,0.691823899371,0.693853024155,-3.42038372044,-3.62945241576,-2.65525066574,-2.232598332,0.439146800502,0.422652333744,-6.06923713587,-2.75558995513
2026-09-26T02:00:00Z,2026-09-26T04:00:00+02:00,2026-09-26T07:00:00Z,84076.67,84138.6,83996,84010,353.25072,29686730.967,43716,149.05712,12526347.5785,17160383.3885,0.421951059293,-0.0792847860512,0.169769989047,2692.7,2695.81,2689,2691.15,2190.834,5898993.92317,30046,1082.1633,2913810.89148,2985183.03169,0.493950481968,-0.057563040814,0.253253997769,0.03203,0.03206,0.03201,0.03202,0,0.156201187129,0.0320336864659,-4.27252289913,2847183.09,28471.8309,0.231030165101,OKX_CONTRACT_OI_HISTORY,5923374.32,592337.432,0.752010524492,OKX_CONTRACT_OI_HISTORY,1.29,0.563318777293,0.436681222707,OKX_GLOBAL_ACCOUNT_RATIO,1.32,0.568965517241,0.431034482759,OKX_GLOBAL_ACCOUNT_RATIO,,,,,PRICE_DOWN_OI_UP,PRICE_DOWN_OI_UP,PASS,PASS,-0.0868783898776,-0.0367737190488,0,0.0501046708289,0.297807913783,0.76091405382,-0.00715339850107,-0.173231150448,-0.187032418953,-0.166077751947,-0.86511439404,-1.3520836888,-0.256642354347,0.536463450626,0.755191944619,0.793105804972,-0.385147064315,-1.71980272928,-0.421427990623,0.202180420893,0.565326633166,0.623608411515,-3.30437820216,-3.31218795309,-2.93725432473,-2.57222503801,0.31328320802,0.365029286715,-5.87111325635,-2.15256324369
2026-09-26T03:00:00Z,2026-09-26T05:00:00+02:00,2026-09-26T07:00:00Z,84010,84049.83,83909.98,83939,235.38951,19765901.7452,35737,139.10138,11680617.5345,8085284.21076,0.590947869975,-0.0845137483633,0.166666706392,2691.15,2691.51,2686.08,2687.98,1681.6161,4522041.5347,17349,818.1433,2200050.04724,2321991.48746,0.486516992459,-0.117793508351,0.202153323803,0.03203,0.03204,0.032,0.03203,0.0312304809494,0.125,0.0320230167145,2.18070818979,2854164.39,28541.6439,0.245200248081,OKX_CONTRACT_OI_HISTORY,5931190.11,593119.011,0.131948270998,OKX_CONTRACT_OI_HISTORY,1.32,0.568965517241,0.431034482759,OKX_GLOBAL_ACCOUNT_RATIO,1.33,0.570815450644,0.429184549356,OKX_GLOBAL_ACCOUNT_RATIO,,,,,PRICE_DOWN_OI_UP,PRICE_DOWN_OI_UP,PASS,PASS,-0.191426895532,-0.134863520347,0.0624804748516,0.0565633751858,0.74671003105,0.762114826354,0.170640583006,0.0401950202836,-0.093574547723,-0.130445562723,-0.836527737309,-0.165562810239,-0.346890504574,0.331829091221,0.723270440252,0.678719595796,-0.719053193709,-1.58703564196,0.00594514666941,0.41916346628,0.407523510972,0.413218319611,-3.52268908842,-3.6064198901,-3.18931236028,-3.10128658512,0.09375,0.0880257751553,-5.7281760548,-2.446174959
2026-09-26T04:00:00Z,2026-09-26T06:00:00+02:00,2026-09-26T07:00:00Z,83939.01,84045.65,83848.91,83976,366.5919,30778408.9909,45671,186.01741,15619178.0376,15159230.9532,0.507471911309,0.0440796292546,0.234636323835,2687.98,2691.51,2685,2689.54,3069.0763,8250929.02828,22625,1438.2157,3865761.6121,4385167.41618,0.46852440481,0.0580361461023,0.242458100559,0.03202,0.03203,0.03201,0.03203,0,0.0624804748516,0.0320274840431,0.785561843291,2857031.39,28570.3139,0.100449715162,OKX_CONTRACT_OI_HISTORY,5956410.14,595641.014,0.425210278751,OKX_CONTRACT_OI_HISTORY,1.35,0.574468085106,0.425531914894,OKX_GLOBAL_ACCOUNT_RATIO,1.34,0.57264957265,0.42735042735,OKX_GLOBAL_ACCOUNT_RATIO,,,,,PRICE_UP_OI_UP,PRICE_UP_OI_UP,PASS,PASS,0.0786437756354,0.0829826108637,0,0.0043388352283,0.453444397548,1.65287924899,0.2791662318,0.217236586665,-0.0624024960998,-0.0619296451349,-0.149385642206,-0.456299065254,-0.275520107885,0.344737529381,0.628338045869,0.620257637266,-0.441357743055,-0.825220044334,-0.0832877233896,0.275899095498,0.31318509239,0.359186818888,-4.70912713936,-3.23438344036,-3.66073379876,-3.24177504362,0.43900909376,0.418958755141,-5.01310362587,-3.8563886773
2026-09-26T05:00:00Z,2026-09-26T07:00:00+02:00,2026-09-26T07:00:00Z,83976.01,84012.93,83891.27,83919.69,196.5401,16500367.5494,36202,93.89638,7882885.55643,8617481.99301,0.47773999778,-0.0670548728208,0.14502104927,2689.54,2690.55,2685.37,2686.47,3062.3566,8230669.17166,26709,1251.0277,3362109.68762,4868559.48405,0.408485582095,-0.114145913428,0.192897068188,0.03202,0.03203,0.032,0.03201,-0.0624414611302,0.09375,0.0320123918475,-0.747163005728,2855891.68,28558.9168,-0.0398914063034,OKX_CONTRACT_OI_HISTORY,5957980.21,595798.021,0.0263593332746,OKX_CONTRACT_OI_HISTORY,1.36,0.576271186441,0.423728813559,OKX_GLOBAL_ACCOUNT_RATIO,1.35,0.574468085106,0.425531914894,OKX_GLOBAL_ACCOUNT_RATIO,,,,,PRICE_DOWN_OI_DOWN,PRICE_DOWN_OI_UP,PASS,PASS,-0.186698662863,-0.231366286627,-0.0312304809494,-0.0446676237637,0.537603686857,1.34062991694,0.160625199394,0.0208495444747,-0.155957579538,-0.139775654919,0.177358533506,-0.0459456324975,-0.325818903269,0.243662171541,0.565504241282,0.56948107481,-0.295828539383,-1.11173271396,-0.0694586512042,0.147249601121,0.219160926738,0.216708252326,-3.63992626623,-2.48696129074,-2.97854201598,-2.58648197839,0.376293508937,0.392060037596,-5.45195967102,-3.12331029756
2026-09-26T06:00:00Z,2026-09-26T08:00:00+02:00,2026-09-26T07:00:00Z,83919.69,83968.01,83876.58,83891.22,292.11571,24513350.8744,42208,136.64802,11467140.3401,13046210.5343,0.467791629095,-0.0339252921454,0.10900539817,2686.47,2687.4,2683.46,2685.69,3705.4967,9950858.16521,30525,1464.75,3933226.22972,6017631.93549,0.395265027842,-0.0290343834102,0.14682536725,0.03201,0.03201,0.03198,0.03201,0,0.093808630394,0.0320139580757,-1.23635937133,2853777.66,28537.7766,-0.0740231156106,OKX_CONTRACT_OI_HISTORY,5959099.01,595909.901,0.0187781758342,OKX_CONTRACT_OI_HISTORY,1.36,0.576271186441,0.423728813559,OKX_GLOBAL_ACCOUNT_RATIO,1.35,0.574468085106,0.425531914894,OKX_GLOBAL_ACCOUNT_RATIO,,,,,PRICE_DOWN_OI_DOWN,PRICE_DOWN_OI_UP,PASS,PASS,-0.141387930008,-0.202887241514,-0.0312304809494,-0.0614993115055,0.231617349203,0.603113834616,-0.0914395960366,-0.285144632932,-0.218204488778,-0.193705036895,-0.0302727994766,0.289700474092,-0.172283307154,0.417645035371,0.565504241282,0.589928342525,-0.560263568865,-1.10066114993,-0.264842982719,-0.0152637653103,0.219160926738,0.249579217409,-3.8328305371,-3.00618251824,-2.98190139755,-2.49066002491,0.53391959799,0.491241372647,-6.06336774265,-3.64922240111
2026-09-26T07:00:00Z,2026-09-26T09:00:00+02:00,2026-09-26T12:00:00Z,83891.23,84134.01,83891.23,84116.8,280.35605,23558940.0892,34583,182.38305,15326056.6264,8232883.46272,0.650541007721,0.268895839159,0.289398546189,2685.69,2691.57,2685.68,2691.16,2844.8476,7652871.4222,20252,1242.8596,3343177.18835,4309694.23385,0.436852653587,0.203672054481,0.219311310357,0.03201,0.03203,0.03199,0.032,-0.0312402374258,0.125039074711,0.0319931333574,2.14628635979,2842067.28,28420.6728,-0.410346614039,OKX_CONTRACT_OI_HISTORY,5920228.88,592022.888,-0.65228199657,OKX_CONTRACT_OI_HISTORY,1.29,0.563318777293,0.436681222707,OKX_GLOBAL_ACCOUNT_RATIO,1.34,0.57264957265,0.42735042735,OKX_GLOBAL_ACCOUNT_RATIO,,,,,PRICE_UP_OI_DOWN,PRICE_UP_OI_DOWN,PASS,PASS,0.211820488688,0.11830445167,-0.0936621916953,-0.0935160370182,-0.423840688448,-0.184806586818,0.115198748489,-0.0809403937119,-0.187149095446,-0.196139142201,-0.568594582566,-0.0105231477888,0.0866689289748,0.715558150327,0.660585089651,0.628889221352,-1.16895957425,-2.17383186728,-0.48178020875,-0.0868758121403,0.439422473321,0.39490439661,-6.39434596238,-4.6020285778,-2.33146631335,-1.88704008866,0.502512562814,0.444426224685,-6.39144664418,-4.41994228508
2026-09-26T08:00:00Z,2026-09-26T10:00:00+02:00,2026-09-26T12:00:00Z,84116.79,84336.96,84032.06,84220.01,377.1799,31748531.658,44287,240.59558,20250837.2026,11497694.4554,0.637851142873,0.122698438362,0.362837707418,2691.15,2697.79,2687.37,2691.01,4595.8277,12376910.3475,29374,1930.9628,5200593.54209,7176316.8054,0.420185118586,-0.0055738046047,0.387739686013,0.03199,0.032,0.03196,0.03196,-0.125,0.125156445557,0.0319521453393,2.4582576802,2842476.56,28424.7656,0.0144007850512,OKX_CONTRACT_OI_HISTORY,5972303.48,597230.348,0.879604506101,OKX_CONTRACT_OI_HISTORY,1.32,0.568965517241,0.431034482759,OKX_GLOBAL_ACCOUNT_RATIO,1.34,0.57264957265,0.42735042735,OKX_GLOBAL_ACCOUNT_RATIO,2.0707330059e-05,OKX_FUNDING_HISTORY,2.5723236544e-05,OKX_FUNDING_HISTORY,PRICE_UP_OI_UP,PRICE_DOWN_OI_UP,PASS,PASS,0.290571115557,0.0546561865598,-0.218545113956,-0.235914928997,-0.509438924995,0.266827495529,0.398171327754,0.233542167957,-0.156201187129,-0.164629159798,0.375301137215,1.31865173775,-0.23342438128,0.00371621496076,0.250941028858,0.237140596241,-1.26058223903,-1.21017947595,0.669387999044,0.813321844678,0.156690692573,0.143933845635,-6.83806842328,-2.72524522502,-1.95573945934,-1.60804975521,0.408419729815,0.347689704132,-6.65871636468,-4.61555559495
2026-09-26T09:00:00Z,2026-09-26T11:00:00+02:00,2026-09-26T12:00:00Z,84220.01,84220.01,83966.03,84021.95,300.20233,25230302.7251,57722,119.01774,10003364.8944,15226937.8307,0.396482158911,-0.235169765475,0.302479466994,2691,2691.01,2679.3,2682.6,4736.8771,12707143.0238,48760,1787.6791,4795703.12737,7911439.8964,0.377402152348,-0.312522064206,0.437054454522,0.03196,0.03196,0.03191,0.03193,-0.0938673341677,0.156690692573,0.0319273713595,0.823318795198,2835286.11,28352.8611,-0.252964267188,OKX_CONTRACT_OI_HISTORY,6027087.56,602708.756,0.917302347134,OKX_CONTRACT_OI_HISTORY,1.32,0.568965517241,0.431034482759,OKX_GLOBAL_ACCOUNT_RATIO,1.4,0.583333333333,0.416666666667,OKX_GLOBAL_ACCOUNT_RATIO,,,,,PRICE_DOWN_OI_DOWN,PRICE_DOWN_OI_UP,PASS,PASS,0.121854596937,-0.144055209997,-0.249921899406,-0.265909806933,-0.721510908285,1.1599123791,0.274429539813,0.0417679788773,-0.21875,-0.232661560936,-0.230026636493,2.32698297602,-0.648054789162,-0.817829572007,-0.125117297466,-0.169774782845,-1.05492376901,-2.29489091342,0.910357964041,1.52134423252,0.59861373661,0.610986268475,-5.61811984122,-2.03181423718,-2.13428955767,-1.86603063348,0.282663316583,0.268258924188,-7.37522253797,-4.73514849812
2026-09-26T10:00:00Z,2026-09-26T12:00:00+02:00,2026-09-26T12:00:00Z,84021.96,84184.95,84021.95,84179.92,213.98608,18003616.9591,38385,132.37199,11136616.715,6867000.24412,0.618576630478,0.188010394903,0.193996925803,2682.6,2690.32,2682.6,2687.35,4798.5135,12895009.3405,30220,2125.6249,5712063.66206,7182945.67844,0.442967004617,0.177067024528,0.287780511444,0.03193,0.03196,0.03192,0.03192,-0.031318509239,0.125313283208,0.0319238839856,-1.21663944034,2838046.83,28380.4683,0.0973700675309,OKX_CONTRACT_OI_HISTORY,5981274.25,598127.425,-0.760123518099,OKX_CONTRACT_OI_HISTORY,1.32,0.568965517241,0.431034482759,OKX_GLOBAL_ACCOUNT_RATIO,1.39,0.581589958159,0.418410041841,OKX_GLOBAL_ACCOUNT_RATIO,,,,,PRICE_UP_OI_UP,PRICE_UP_OI_DOWN,PASS,PASS,0.344136132482,0.0618090695501,-0.281162136832,-0.282327062932,-0.551228297162,0.372124040275,0.11520752399,-0.177925367923,-0.312304809494,-0.293132891913,-0.0240354034765,1.74583405976,-0.630051871209,-0.98121577904,-0.374531835206,-0.351163907831,-0.660114547429,-3.83458451568,0.799547850494,1.47874586038,0.694006309148,0.679198009886,-4.40293900533,-2.76682638424,-2.02873337743,-1.86171863873,0.125470514429,0.167014738695,-7.55347173039,-6.43468930408
2026-09-26T11:00:00Z,2026-09-26T13:00:00+02:00,2026-09-26T12:00:00Z,84179.92,84199.97,84130.79,84176,198.01949,16668166.644,31407,88.89172,7482213.22562,9185953.41837,0.448892393833,-0.00465669247488,0.0822291101748,2687.35,2690.71,2685.38,2689.49,2551.2744,6858695.11013,26824,1217.0935,3271572.79999,3587122.31014,0.476996388884,0.0796323515731,0.198482151502,0.03192,0.03196,0.03191,0.03195,0.093984962406,0.156690692573,0.0319507935754,-0.248374227084,2837909.07,28379.0907,-0.00485404252476,OKX_CONTRACT_OI_HISTORY,5961138.02,596113.802,-0.336654518057,OKX_CONTRACT_OI_HISTORY,1.32,0.568965517241,0.431034482759,OKX_GLOBAL_ACCOUNT_RATIO,1.39,0.581589958159,0.418410041841,OKX_GLOBAL_ACCOUNT_RATIO,,,,,PRICE_DOWN_OI_DOWN,PRICE_UP_OI_DOWN,PASS,PASS,0.0703783310825,-0.0620550245991,-0.15625,-0.132433355682,-0.146309344232,0.691006054482,0.0903805101522,-0.0787632680812,-0.187441424555,-0.169143778233,0.172927379904,1.27088535811,-0.480760591062,-1.03181933594,-0.560224089636,-0.551058744879,-1.98748296538,-2.72101557887,0.816124831097,1.57911832246,0.756859035005,0.762993491359,-4.36833237759,-3.8018578202,-1.7209000122,-1.41021129342,0.313971742543,0.31068871878,-8.51851382049,-6.63118522926
2026-09-26T12:00:00Z,2026-09-26T14:00:00+02:00,2026-09-26T17:00:00Z,84176,84204.88,84050,84051.9,235.98415,19851232.7428,32374,113.46421,9544878.47741,10306354.2654,0.480820440779,-0.14742919597,0.184271267103,2689.48,2692.38,2686.7,2688.9,6392.0694,17190822.4298,27578,2724.0252,7324769.8024,9866052.62743,0.426086060297,-0.0219372446077,0.211411769085,0.03194,0.032,0.03194,0.03199,0.125195618153,0.187852222918,0.0319909484497,-0.296474394734,2839014.8,28390.148,0.0389628410468,OKX_CONTRACT_OI_HISTORY,5977371.43,597737.143,0.272320653297,OKX_CONTRACT_OI_HISTORY,1.28,0.561403508772,0.438596491228,OKX_GLOBAL_ACCOUNT_RATIO,1.37,0.57805907173,0.42194092827,OKX_GLOBAL_ACCOUNT_RATIO,,,,,PRICE_DOWN_OI_UP,PRICE_DOWN_OI_UP,PASS,PASS,-0.19960814538,-0.0784092218163,0.0938673341677,0.121198923564,-0.121786756264,0.0848575431066,0.169097822775,0.0591669736651,-0.12488292226,-0.10993084911,-0.180020298756,2.01060738241,-0.497088969337,-1.06044772824,-0.559527510103,-0.563358758906,-0.954922144207,-1.50611714628,0.535427261721,1.51389308366,1.01041995579,0.97846582194,-4.1335869047,-3.36179448308,-1.70622672592,-1.22327529204,0.502670436695,0.48295143388,-8.7060739748,-6.46800569527
2026-09-26T13:00:00Z,2026-09-26T15:00:00+02:00,2026-09-26T17:00:00Z,84051.89,84125.45,83856.23,83939.1,442.96191,37191238.6953,46572,170.78942,14339728.3952,22851510.3001,0.385567378185,-0.13420279613,0.321049491493,2688.9,2691.95,2682,2686.73,4366.8652,11731439.5545,43223,1385.861,3723435.34766,8008004.20684,0.317389467026,-0.0807021458589,0.370991797166,0.03199,0.03201,0.03196,0.03201,0.0625195373554,0.156445556946,0.0320080868153,0.597719160467,2857008.59,28570.0859,0.633804022438,OKX_CONTRACT_OI_HISTORY,5992171.5,599217.15,0.247601645193,OKX_CONTRACT_OI_HISTORY,1.35,0.574468085106,0.425531914894,OKX_GLOBAL_ACCOUNT_RATIO,1.38,0.579831932773,0.420168067227,OKX_GLOBAL_ACCOUNT_RATIO,,,,,PRICE_DOWN_OI_UP,PRICE_DOWN_OI_UP,PASS,PASS,-0.0986051859068,0.153955118169,0.250548073912,0.252560304076,0.766147723977,-0.579318943891,-0.163612588797,-0.221710550748,-0.0312304809494,-0.0580979619514,0.576922914445,1.92219728443,0.0183380834808,-0.317960894891,-0.342465753425,-0.336298978372,0.074272961542,-0.785070466687,-0.378988784861,0.622446266259,1.0097822657,1.00143505112,-2.42543845392,-1.87640047185,-2.15976988999,-1.08132984794,1.10549589387,1.07844004205,-8.20445812432,-6.72335254646
2026-09-26T14:00:00Z,2026-09-26T16:00:00+02:00,2026-09-26T17:00:00Z,83939.11,84049.19,83919.1,84020,252.95346,21243720.453,26679,130.72184,10977877.8655,10265842.5875,0.516758723585,0.0963793988737,0.155018345049,2686.72,2690,2685.6,2688.67,2538.4219,6823513.76061,23642,1432.7786,3851599.06432,2971914.69629,0.564459778268,0.0722067345807,0.163836759011,0.032,0.03201,0.03199,0.03199,-0.0624804748516,0.0625195373554,0.0320003570578,-3.2365444625,2846724.83,28467.2483,-0.359948515241,OKX_CONTRACT_OI_HISTORY,5981719.14,598171.914,-0.174433592229,OKX_CONTRACT_OI_HISTORY,1.33,0.570815450644,0.429184549356,OKX_GLOBAL_ACCOUNT_RATIO,1.38,0.579831932773,0.420168067227,OKX_GLOBAL_ACCOUNT_RATIO,,,,,PRICE_UP_OI_DOWN,PRICE_UP_OI_DOWN,PASS,PASS,-0.189974046067,0.0491190205965,0.219298245614,0.239093066664,0.305773671818,0.00743804716863,0.0119033448399,-0.0921539118964,-0.0936914428482,-0.104057256736,-0.0160952065784,0.984992959216,0.00474909484514,-0.265225423062,-0.280548628429,-0.269974517908,-0.88107035867,-0.380408658717,0.41378558657,1.15882266627,0.755905511811,0.7450370797,-0.943764863155,-1.71062693572,-0.608027611142,0.459953070588,1.01041995579,1.06798068173,-8.66071061533,-4.75662387522
2026-09-26T15:00:00Z,2026-09-26T17:00:00+02:00,2026-09-26T17:00:00Z,84020.01,84190,84010.49,84155.99,441.81063,37153233.8146,38407,263.52041,22157595.2064,14995638.6081,0.596384027217,0.1618543204,0.213675696928,2688.66,2696,2688.66,2692.97,3508.3882,9445445.2816,29266,1997.9113,5379249.28481,4066195.99679,0.569507220087,0.159930374497,0.272998445322,0.032,0.03203,0.03198,0.03199,0,0.156347717323,0.0319997423832,-3.04451924826,2837281.1,28372.811,-0.33174017736,OKX_CONTRACT_OI_HISTORY,6000168.63,600016.863,0.30843123136,OKX_CONTRACT_OI_HISTORY,1.33,0.570815450644,0.429184549356,OKX_GLOBAL_ACCOUNT_RATIO,1.35,0.574468085106,0.425531914894,OKX_GLOBAL_ACCOUNT_RATIO,,,,,PRICE_UP_OI_DOWN,PRICE_UP_OI_UP,PASS,PASS,-0.0237716213648,0.129392561415,0.125195618153,0.15316418278,-0.0221279112371,0.654750986625,0.258509155458,0.185641262212,-0.12488292226,-0.0728678932464,-0.591531800311,1.16297941426,0.429590859994,0.225910901038,-0.218340611354,-0.203679958956,-1.42311121004,0.995491142621,-0.310372195503,0.349905722952,0.660792951542,0.660277918455,-1.4011150224,-2.04464738264,0.19046142787,1.38392672266,1.13815997471,1.19346529479,-7.703767346,-2.30254892569
2026-09-26T16:00:00Z,2026-09-26T18:00:00+02:00,2026-09-26T17:00:00Z,84156,84174.33,84098.18,84120,264.1412,22224526.0525,29084,132.46185,11145310.6153,11079215.4371,0.50148698735,-0.0427658209475,0.090548927456,2692.97,2694.08,2689.34,2691.58,2392.5758,6440100.8264,21762,847.128,2280229.99493,4159870.83147,0.354067437202,-0.0516158739236,0.176251422282,0.032,0.03201,0.03198,0.03199,0,0.093808630394,0.0319969091774,-2.15932649225,2835770.73,28357.7073,-0.0532330053586,OKX_CONTRACT_OI_HISTORY,5997258.86,599725.886,-0.0484948037202,OKX_CONTRACT_OI_HISTORY,1.28,0.561403508772,0.438596491228,OKX_GLOBAL_ACCOUNT_RATIO,1.34,0.57264957265,0.42735042735,OKX_GLOBAL_ACCOUNT_RATIO,-5.5621777386e-06,OKX_FUNDING_HISTORY,1.78456167672e-05,OKX_FUNDING_HISTORY,PRICE_DOWN_OI_DOWN,PRICE_DOWN_OI_DOWN,PASS,PASS,0.0810213689399,0.0996690096322,0,0.0186476406923,-0.114267456443,0.332711966002,0.171477565019,0.0758494017564,-0.12488292226,-0.0956281632622,-0.744152131979,0.685794279438,0.451122504276,0.293250761073,-0.1872074883,-0.157871743202,-0.892426117744,0.226365941297,-0.450092916797,0.146969634957,0.565859792518,0.597062551754,-1.41584446245,-0.251636279488,0.0975749065899,1.1518529236,1.04232469994,1.05427801701,-5.80983915633,-2.42952872187
2026-09-26T17:00:00Z,2026-09-26T19:00:00+02:00,2026-09-26T19:00:00Z,84120,84132.41,84041.92,84132.4,379.58461,31917065.6223,31817,169.92803,14287923.996,17629141.6263,0.447657819333,0.0147408464099,0.107672456793,2691.59,2691.8,2686.95,2690.57,2635.6134,7086727.85684,26626,1155.5872,3107113.86223,3979613.99461,0.438441255964,-0.0375244280311,0.180502056235,0.032,0.032,0.03196,0.03197,-0.0625195373554,0.125156445557,0.0319801883698,-3.18583794512,2832891.18,28328.9118,-0.101543822621,OKX_CONTRACT_OI_HISTORY,5969124.31,596912.431,-0.46912348886,OKX_CONTRACT_OI_HISTORY,1.28,0.561403508772,0.438596491228,OKX_GLOBAL_ACCOUNT_RATIO,1.35,0.574468085106,0.425531914894,OKX_GLOBAL_ACCOUNT_RATIO,,,,,PRICE_UP_OI_DOWN,PRICE_DOWN_OI_DOWN,PASS,PASS,0.230286004973,0.14292467051,-0.124960949703,-0.0873613344624,-0.844149019517,-0.384621668455,0.25346852449,0.152616630746,-0.124960949703,-0.100851893745,-0.805370181267,0.187044931457,0.414500858207,0.173497995093,-0.280723643169,-0.241002863114,-0.629440040503,0.141013359982,0.0266317917013,0.78098077701,0.724637681159,0.754348985309,-0.975293798941,-0.437791384048,-0.230247741637,0.844818086753,1.04298356511,1.07506582839,-5.15606056535,-3.19796451987
2026-09-26T18:00:00Z,2026-09-26T20:00:00+02:00,2026-09-26T19:00:00Z,84132.4,84162.52,83990,83998.68,395.31178,33229722.4995,32020,123.53558,10384318.9251,22845403.5744,0.312500922186,-0.158939956545,0.205405405405,2690.56,2691.04,2683.56,2685.01,1834.5019,4929275.48637,18364,944.2123,2537167.46549,2392108.02088,0.5147140736,-0.20664766202,0.278734218724,0.03197,0.03197,0.03194,0.03196,-0.0312793243666,0.093926111459,0.0319649070676,-1.535142141,2831234.67,28312.3467,-0.0584741839606,OKX_CONTRACT_OI_HISTORY,5951177.54,595117.754,-0.300660014232,OKX_CONTRACT_OI_HISTORY,1.32,0.568965517241,0.431034482759,OKX_GLOBAL_ACCOUNT_RATIO,1.36,0.576271186441,0.423728813559,OKX_GLOBAL_ACCOUNT_RATIO,,,,,PRICE_DOWN_OI_DOWN,PRICE_DOWN_OI_DOWN,PASS,PASS,-0.0253749107355,-0.136126783875,-0.0937793060331,-0.110751873139,-0.544139701764,-0.510582313967,0.128094453746,-0.025319377888,-0.156201187129,-0.153413831634,-0.789935050511,-0.132930665973,0.0365377286585,-0.310391813973,-0.374064837905,-0.346929542631,-0.819968714534,0.156384707349,-0.565047994099,-0.189954351479,0.376884422111,0.37509364262,-0.747471552468,1.2449916251,-0.392885094273,0.597965568273,0.979462875197,0.990850662546,-4.55802367249,-3.17121976551
2026-09-26T19:00:00Z,2026-09-26T21:00:00+02:00,2026-09-26T22:00:00Z,83998.68,84048.14,83976.74,84016.63,328.15515,27571747.9715,27537,126.11433,10595913.1465,16975834.8249,0.384303278757,0.0213693834237,0.085023543424,2685,2686.64,2682.15,2684.64,1682.4582,4516028.31895,13108,755.8251,2028762.15214,2487266.16681,0.44923592344,-0.0137802093847,0.167403016237,0.03196,0.03197,0.03192,0.03195,-0.0312891113892,0.15664160401,0.0319536739334,-1.14976868407,2834352.78,28343.5278,0.11013251685,OKX_CONTRACT_OI_HISTORY,5954459.16,595445.916,0.0551423643126,OKX_CONTRACT_OI_HISTORY,1.34,0.57264957265,0.42735042735,OKX_GLOBAL_ACCOUNT_RATIO,1.37,0.57805907173,0.42194092827,OKX_GLOBAL_ACCOUNT_RATIO,,,,,PRICE_UP_OI_UP,PRICE_DOWN_OI_UP,PASS,PASS,-0.16559724388,-0.309323906319,-0.125039074711,-0.143726662439,-0.103208666917,-0.761803089524,-0.119084415955,-0.242274706818,-0.15625,-0.123190290863,-0.271439738752,0.578191835043,-0.00402285122316,-0.323019002428,-0.343106674984,-0.318996151205,-0.838490929669,0.567607843273,-0.469147692911,-0.456441535809,0,0.012706157102,-0.776240014148,0.533282535017,-0.593210913652,0.211648506702,0.788643533123,0.804859420354,-4.4448432044,-3.19502440895
2026-09-26T20:00:00Z,2026-09-26T22:00:00+02:00,2026-09-26T22:00:00Z,84016.63,84097.88,83838,84030.34,225.50053,18932992.3482,42426,97.90799,8221444.53986,10711547.8083,0.434239046246,0.0163181979568,0.309978768578,2684.63,2685.47,2664.79,2676.87,8512.7107,22768906.1229,54238,3998.5934,10697815.3905,12071090.7324,0.469843185823,-0.28942428035,0.776046142473,0.03195,0.03195,0.03178,0.03185,-0.312989045383,0.534927627439,0.0318559939184,-1.88156690463,2823341.61,28233.4161,-0.388489748972,OKX_CONTRACT_OI_HISTORY,5920699.04,592069.904,-0.566972064009,OKX_CONTRACT_OI_HISTORY,1.34,0.57264957265,0.42735042735,OKX_GLOBAL_ACCOUNT_RATIO,1.37,0.57805907173,0.42194092827,OKX_GLOBAL_ACCOUNT_RATIO,,,,,PRICE_UP_OI_DOWN,PRICE_DOWN_OI_DOWN,PASS,PASS,-0.106585829767,-0.546519144889,-0.437636761488,-0.439933315122,-0.438297774517,-1.27658021418,-0.225207762383,-0.525453268475,-0.344180225282,-0.300245506092,-0.673178814182,-0.864062587791,0.172066852633,-0.293138255474,-0.499843798813,-0.465205108107,-0.300404124712,0.443195173626,-0.404508008201,-0.424064547088,-0.0313873195229,-0.0195565388866,-1.42759906598,-0.543191793933,-0.240428735294,0.206261978917,0.441501103753,0.446690714211,-4.12913951773,-3.78279997542
2026-09-26T21:00:00Z,2026-09-26T23:00:00+02:00,2026-09-26T22:00:00Z,84030.35,84262.85,84030.34,84158.75,273.42687,23011831.6255,39333,177.58588,14944993.8322,8066837.79332,0.649448252334,0.152813852711,0.276697678481,2676.87,2693.77,2676.06,2686.31,4150.5881,11145746.575,35332,2315.2984,6216811.16373,4928935.41131,0.55777431524,0.352650670372,0.661793831229,0.03185,0.03197,0.03184,0.03192,0.21978021978,0.408291457286,0.03191955679,0.138852180127,2842516.45,28425.1645,0.679154089328,OKX_CONTRACT_OI_HISTORY,5881814.48,588181.448,-0.656756233298,OKX_CONTRACT_OI_HISTORY,1.32,0.568965517241,0.431034482759,OKX_GLOBAL_ACCOUNT_RATIO,1.37,0.57805907173,0.42194092827,OKX_GLOBAL_ACCOUNT_RATIO,,,,,PRICE_UP_OI_UP,PRICE_UP_OI_DOWN,PASS,PASS,0.0313196818348,-0.158330762627,-0.156396621833,-0.189650444461,0.339768434028,-1.46269076443,0.162814597852,0.138298665474,-0.031318509239,-0.0245159323783,0.255012711927,-2.41033631176,0.437690949017,0.180124408909,-0.25,-0.257566540108,0.0243994782701,-0.13944145138,-0.226733847066,-0.0152602429728,0.21978021978,0.211473604093,-0.491477188979,-0.317613826818,-0.308850516492,0.33203606457,0.63051702396,0.640886581062,-3.30289905654,-4.1419701613
2026-09-26T22:00:00Z,2026-09-27T00:00:00+02:00,2026-09-27T01:00:00Z,84158.74,84420.59,84158.74,84276.01,558.3193,47068621.401,46506,294.4568,24821078.0647,22247543.3363,0.527338114563,0.139331917359,0.311138213334,2686.32,2692.82,2684.43,2688.85,2591.2534,6967774.50398,36911,1073.6932,2887100.16827,4080674.33571,0.414350402215,0.0945534953151,0.312543072459,0.03192,0.03192,0.03188,0.03191,-0.031328320802,0.125470514429,0.0319052836032,1.47824943749,2826508.88,28265.0888,-0.563147840358,OKX_CONTRACT_OI_HISTORY,5887255.9,588725.59,0.0925126084562,OKX_CONTRACT_OI_HISTORY,1.28,0.561403508772,0.438596491228,OKX_GLOBAL_ACCOUNT_RATIO,1.37,0.57805907173,0.42194092827,OKX_GLOBAL_ACCOUNT_RATIO,,,,,PRICE_UP_OI_DOWN,PRICE_UP_OI_UP,PASS,PASS,0.330159950133,0.143016227128,-0.156445556946,-0.187143723005,-0.166916223868,-1.07410070646,0.114148362222,0.0558170688597,-0.031328320802,-0.0583312933626,-0.406545440971,-1.57187826658,0.229487393714,-0.122207611788,-0.343535290443,-0.351695005502,-0.430483129611,0.146513407031,-0.00155439209506,0.12362550409,0.125509883903,0.125179896185,-0.674875990346,-0.269439019837,-0.339391892507,-0.0527828061867,0.282840980515,0.28660908632,-3.73886212071,-3.75119847805
2026-09-26T23:00:00Z,2026-09-27T01:00:00+02:00,2026-09-27T01:00:00Z,84276.01,84473.58,84276,84433.1,681.08059,57473481.8495,48724,300.54946,25358563.0366,32114918.8129,0.441221972649,0.18639942731,0.234443969813,2688.85,2697.07,2688.84,2696.33,4139.9837,11155582.6429,30105,2369.819,6385680.02282,4769902.62012,0.572420126067,0.278185841531,0.306079945255,0.03191,0.03194,0.03191,0.03192,0.0313381385146,0.0940144155437,0.031934513834,-4.54487395831,2819765.32,28197.6532,-0.238582657487,OKX_CONTRACT_OI_HISTORY,5895455.96,589545.596,0.139284925597,OKX_CONTRACT_OI_HISTORY,1.28,0.561403508772,0.438596491228,OKX_GLOBAL_ACCOUNT_RATIO,1.35,0.574468085106,0.425531914894,OKX_GLOBAL_ACCOUNT_RATIO,,,,,PRICE_UP_OI_DOWN,PRICE_UP_OI_UP,PASS,PASS,0.495699482352,0.4354401335,-0.093896713615,-0.0602593488523,-0.514666350037,-0.990907795562,0.305431476906,0.254323310367,-0.093896713615,-0.0511081665381,-0.639335142616,-1.10183759845,0.396088037585,0.175359728935,-0.281162136832,-0.220728308649,-0.467513348223,0.155044666952,0.027082022276,0.308029984561,0.21978021978,0.280947962285,-0.836496883049,-0.601817288185,0.0420628074732,0.432821422053,0.345803206539,0.39075861458,-3.80883655889,-4.00847218386
2026-09-27T00:00:00Z,2026-09-27T02:00:00+02:00,2026-09-27T01:00:00Z,84433.11,84443.26,84257.07,84306.01,184.36474,15549893.5709,27631,87.82532,7407148.7783,8142744.79259,0.476347233152,-0.15052153717,0.220978488808,2696.33,2696.46,2690.11,2693.5,3224.0599,8685766.22341,20614,1441.8464,3883904.2364,4801861.98702,0.447157353364,-0.10495747924,0.236049826959,0.03193,0.03196,0.03191,0.03196,0.125313283208,0.156690692573,0.0319490864293,3.41592574717,2824400.45,28244.0045,0.164379991736,OKX_CONTRACT_OI_HISTORY,5910342.39,591034.239,0.252506847664,OKX_CONTRACT_OI_HISTORY,1.28,0.561403508772,0.438596491228,OKX_GLOBAL_ACCOUNT_RATIO,1.33,0.570815450644,0.429184549356,OKX_GLOBAL_ACCOUNT_RATIO,-8.7510286654e-06,OKX_FUNDING_HISTORY,2.90877572136e-05,OKX_FUNDING_HISTORY,PRICE_DOWN_OI_UP,PRICE_DOWN_OI_UP,PASS,PASS,0.328060079252,0.621247950031,0.345368916797,0.293187870779,0.0375030777803,-0.174922757094,0.302325111033,0.171073673249,-0.0937793060331,-0.131251437783,-0.514768362602,-1.12137987048,0.471934158988,0.23034186603,-0.218545113956,-0.241592292958,-0.693861973815,0.866680965468,-0.335737045072,0.101085930474,0.471549827098,0.436822975546,-0.83980011169,-0.523310988848,-0.0142199767547,0.417926473275,0.43997485858,0.432146450029,-3.60061871027,-3.30993344605
2026-09-27T01:00:00Z,2026-09-27T03:00:00+02:00,2026-09-27T08:00:00Z,84306.01,84571.13,84281.84,84495.01,302.85952,25571344.8773,37535,198.11557,16729092.1894,8842252.68798,0.654212450288,0.224183305556,0.343241201189,2693.49,2705.55,2689.99,2701.55,9462.7331,25509421.6503,31259,5900.9233,15906741.0082,9602680.64215,0.623563373024,0.298867644329,0.578440812048,0.03196,0.03199,0.0319,0.03197,0.0312891113892,0.282131661442,0.0319728940206,-0.905148155691,2823548.04,28235.4804,-0.0301802104584,OKX_CONTRACT_OI_HISTORY,5909947.08,590994.708,-0.00668844499889,OKX_CONTRACT_OI_HISTORY,1.34,0.57264957265,0.42735042735,OKX_GLOBAL_ACCOUNT_RATIO,1.35,0.574468085106,0.425531914894,OKX_GLOBAL_ACCOUNT_RATIO,,,,,PRICE_UP_OI_DOWN,PRICE_UP_OI_DOWN,PASS,PASS,0.399554413534,0.567320971891,0.15664160401,0.167766558357,-0.66731047414,0.478297982632,0.662277770431,0.55159990025,-0.124960949703,-0.110677870181,-1.17117428758,-1.37219737452,0.497581611829,0.328666394325,-0.156152404747,-0.168915217504,-0.601008145967,0.523623569235,-0.136767523457,0.445050900141,0.534591194969,0.581818423598,-0.783105431536,-1.00667034083,0.464494404867,0.991768285845,0.534591194969,0.527273880977,-4.00083508163,-3.12483351481
2026-09-27T02:00:00Z,2026-09-27T04:00:00+02:00,2026-09-27T08:00:00Z,84495.01,84540.01,84448,84450,221.93995,18751329.8443,28380,101.82826,8602748.70677,10148581.1376,0.458780725324,-0.0532694179218,0.108954622963,2701.56,2706.09,2697.18,2697.87,4267.0781,11527710.6663,24750,2457.7431,6639705.18277,4888005.48357,0.575977778672,-0.136218097018,0.330345027028,0.03197,0.032,0.03193,0.03193,-0.125117297466,0.219229564673,0.0319463587922,-5.120706335,2828066.86,28280.6686,0.1600404858,OKX_CONTRACT_OI_HISTORY,5936152.11,593615.211,0.443405493235,OKX_CONTRACT_OI_HISTORY,1.34,0.57264957265,0.42735042735,OKX_GLOBAL_ACCOUNT_RATIO,1.33,0.570815450644,0.429184549356,OKX_GLOBAL_ACCOUNT_RATIO,,,,,PRICE_DOWN_OI_UP,PRICE_DOWN_OI_UP,PASS,PASS,0.2064525836,0.33545939714,0.0626762770291,0.12900681354,0.0551202938375,0.83054330966,0.511782908831,0.342176615204,-0.187558612066,-0.169606293627,-0.655418809833,-0.761771472941,0.523747172956,0.249707374171,-0.281074328545,-0.274039798785,-0.6714085254,0.215718090901,0.265760661533,0.787510413592,0.471994965387,0.521749752059,-1.05396967949,-1.507794564,0.100111965146,0.452392654484,0.282663316583,0.352280689338,-3.9536008506,-3.10361485081
2026-09-27T03:00:00Z,2026-09-27T05:00:00+02:00,2026-09-27T08:00:00Z,84450.01,84518.6,84372,84402.15,195.71508,16526039.2083,28140,86.02415,7263023.40172,9263015.80658,0.43948966296,-0.0566607460036,0.17375432608,2697.87,2700.85,2695.83,2696.69,4500.5623,12142686.3549,13539,1331.959,3593717.55082,8548968.80404,0.295957372676,-0.0437382082902,0.186213522366,0.03195,0.03196,0.03194,0.03195,0.0626370184779,0.0626174076393,0.0319504894129,-0.153178526269,2826622.65,28266.2265,-0.0510670387757,OKX_CONTRACT_OI_HISTORY,5929864.66,592986.466,-0.105917939492,OKX_CONTRACT_OI_HISTORY,1.33,0.570815450644,0.429184549356,OKX_GLOBAL_ACCOUNT_RATIO,1.32,0.568965517241,0.431034482759,OKX_GLOBAL_ACCOUNT_RATIO,,,,,PRICE_DOWN_OI_DOWN,PRICE_DOWN_OI_DOWN,PASS,PASS,-0.036656240266,0.0133514814581,0.093984962406,0.0500077217241,0.243187968565,0.583647816784,0.292504431354,0.13813744676,-0.125039074711,-0.154366984595,-0.375657174046,-1.17169990271,0.551769737547,0.324035149071,-0.249765844521,-0.227734588476,-0.964966842712,-0.0223471171117,0.202965196146,0.656939483183,0.471698113208,0.453974287036,-1.67708141152,-1.60902810236,0.557747687737,0.744556852314,0.156739811912,0.186809164577,-4.45366314946,-3.62796107633
2026-09-27T04:00:00Z,2026-09-27T06:00:00+02:00,2026-09-27T08:00:00Z,84402.15,84510,84305.35,84329.6,202.10127,17054577.5776,26801,84.73956,7151087.96527,9903489.6123,0.419306073853,-0.0859575259635,0.242748532566,2696.69,2700,2691.42,2692.02,2767.3122,7457345.14923,17970,909.4667,2451230.07345,5006115.07577,0.328700096938,-0.173175263008,0.318790824175,0.03194,0.03195,0.03192,0.03192,-0.093896713615,0.093984962406,0.0319225989451,-0.814139568057,2820594.12,28205.9412,-0.213276788113,OKX_CONTRACT_OI_HISTORY,5926444.23,592644.423,-0.0576814176397,OKX_CONTRACT_OI_HISTORY,1.3,0.565217391304,0.434782608696,OKX_GLOBAL_ACCOUNT_RATIO,1.32,0.568965517241,0.431034482759,OKX_GLOBAL_ACCOUNT_RATIO,,,,,PRICE_DOWN_OI_DOWN,PRICE_DOWN_OI_DOWN,PASS,PASS,0.0279813977675,-0.054947094858,-0.125156445557,-0.0829284926255,-0.134765946521,0.272434978171,0.249167855445,0.0163472755779,-0.218818380744,-0.232820579867,-0.535184662125,-1.18078328205,0.421072687435,0.0922090766451,-0.343428036216,-0.328863610789,-1.27535420603,-0.50308674681,0.144392439627,0.437264485319,0.282752120641,0.292872045692,-1.71108307455,-1.32415521847,0.33743426219,0.368362576152,-0.031318509239,0.0309283139621,-5.92442329435,-3.72119843275
2026-09-27T05:00:00Z,2026-09-27T07:00:00+02:00,2026-09-27T08:00:00Z,84329.61,84654.02,84325,84478.06,357.82469,30233936.758,37408,169.69443,14339149.9046,15894786.8533,0.474273331304,0.176047319091,0.39018084791,2692.01,2712.13,2691.01,2705.03,6217.0025,16805199.6121,38241,3600.8552,9733505.2271,7071694.38504,0.579196049541,0.483280213371,0.784835433536,0.03192,0.03203,0.03192,0.03202,0.31328320802,0.344611528822,0.0320205033117,-0.157184208678,2826076.06,28260.7606,0.194354088776,OKX_CONTRACT_OI_HISTORY,5948875.95,594887.595,0.378502169757,OKX_CONTRACT_OI_HISTORY,1.31,0.5670995671,0.4329004329,OKX_GLOBAL_ACCOUNT_RATIO,1.33,0.570815450644,0.429184549356,OKX_GLOBAL_ACCOUNT_RATIO,,,,,PRICE_UP_OI_UP,PRICE_UP_OI_UP,PASS,PASS,-0.0200603562269,0.128814939572,0.156396621833,0.148875295799,0.0895334509697,0.658700822072,0.410852418331,0.537432588634,0.156396621833,0.126580170303,-0.240571189183,-0.339218266339,0.665362324384,0.690869430889,0.0312402374258,0.0255071065047,-1.04400388183,-0.152807825456,0.337375544887,0.936214989888,0.596921143575,0.598839445,-1.33674395978,-1.26284172483,0.595441521484,0.839136334491,0.250469630557,0.243694813008,-4.64592917654,-2.63596884473
2026-09-27T06:00:00Z,2026-09-27T08:00:00+02:00,2026-09-27T08:00:00Z,84478.06,84636.91,84478.06,84511.69,440.61295,37260456.0779,41321,219.62545,18570932.9641,18689523.1139,0.498408632606,0.0398091528144,0.188036988539,2705.03,2711.87,2704.95,2707.25,3794.5589,10278906.4882,38600,2208.0899,5981882.35477,4297024.13344,0.581957075067,0.0820693300998,0.255827279617,0.03203,0.03204,0.03202,0.03203,0.0312304809494,0.0624609618988,0.0320340298484,-1.25798984209,2840923.17,28409.2317,0.525361302555,OKX_CONTRACT_OI_HISTORY,5996475.04,599647.504,0.800135864322,OKX_CONTRACT_OI_HISTORY,1.34,0.57264957265,0.42735042735,OKX_GLOBAL_ACCOUNT_RATIO,1.31,0.5670995671,0.4329004329,OKX_GLOBAL_ACCOUNT_RATIO,,,,,PRICE_UP_OI_UP,PRICE_UP_OI_UP,PASS,PASS,0.0730491415039,0.347681689629,0.31318509239,0.274632548125,0.454597102418,1.01619582656,0.610735787753,0.828302315448,0.219023779725,0.217566527695,0.342200528365,0.761151884573,0.73961256017,0.802773216566,0.0624804748516,0.0631606563961,-0.450437684063,0.627209414331,0.566055024037,1.22377099442,0.628338045869,0.657715970384,-1.00817761468,-0.480355185954,0.472810765486,0.787386917836,0.281778334377,0.31457615235,-4.26600370806,-2.39782816368
2026-09-27T07:00:00Z,2026-09-27T09:00:00+02:00,2026-09-27T08:00:00Z,84511.69,84791,84500,84791,475.5529,40237412.1134,43452,293.02981,24794559.2763,15442852.8371,0.616206609073,0.330498656458,0.344378698225,2707.26,2718.89,2705.66,2718.27,6772.1512,18362794.3113,51696,3769.9079,10225150.1445,8137644.16683,0.556840640436,0.407055129744,0.488974963595,0.03203,0.03208,0.03201,0.03207,0.12488292226,0.218681661981,0.032058473187,3.59555894006,2832610.88,28326.1088,-0.292591157965,OKX_CONTRACT_OI_HISTORY,6006825.19,600682.519,0.172603903643,OKX_CONTRACT_OI_HISTORY,1.32,0.568965517241,0.431034482759,OKX_GLOBAL_ACCOUNT_RATIO,1.31,0.5670995671,0.4329004329,OKX_GLOBAL_ACCOUNT_RATIO,,,,,PRICE_UP_OI_DOWN,PRICE_UP_OI_UP,PASS,PASS,0.460711012693,0.800240294583,0.37558685446,0.33952928189,0.211851058365,1.29784631543,0.921686575622,1.25268192383,0.37558685446,0.330995348211,-0.0614567111155,0.879442256516,0.801504574592,1.00737228556,0.21875,0.205867710966,-0.332729631932,1.46271895488,0.888868158997,1.73013877038,0.880780119534,0.841270611381,-1.49779973129,-0.742909963169,0.315862875429,0.919621310562,0.659133709981,0.603758435134,-6.70579971052,-3.20662436724
2026-09-27T08:00:00Z,2026-09-27T10:00:00+02:00,2026-09-27T13:00:00Z,84790.99,84883.98,84692.68,84800,957.18622,81163261.0684,68579,491.87651,41705562.0122,39457699.0562,0.513847786094,0.0106143340685,0.225875482982,2718.27,2724.12,2713.59,2714.59,12517.8877,34024540.8841,50742,6301.623,17127452.9024,16897087.9817,0.503385275963,-0.135380223451,0.388046830951,0.03207,0.03208,0.03201,0.03201,-0.187090739008,0.218681661981,0.0320116745283,-0.523099252558,2832855.58,28328.5558,0.00863867330765,OKX_CONTRACT_OI_HISTORY,6043530.54,604353.054,0.552508911181,OKX_CONTRACT_OI_HISTORY,1.34,0.57264957265,0.42735042735,OKX_GLOBAL_ACCOUNT_RATIO,1.29,0.563318777293,0.436681222707,OKX_GLOBAL_ACCOUNT_RATIO,-1.81443987004e-05,OKX_FUNDING_HISTORY,4.23029555095e-05,OKX_FUNDING_HISTORY,PRICE_UP_OI_UP,PRICE_DOWN_OI_UP,PASS,PASS,0.557811254886,0.838403875157,0.281954887218,0.280592620271,0.434711960613,1.97565868261,0.915931079179,1.40910839899,0.502354788069,0.493177319809,0.336975517461,2.07461144656,0.688660568908,0.876250924374,0.156445556946,0.187590355467,-0.338471744513,1.19262291741,0.453628685955,0.879999702703,0.407779171895,0.426371016748,-1.59478726885,-0.031989436312,1.36265837915,1.69669950923,0.313381385146,0.334041130081,-7.15339523831,-1.56512420672
2026-09-27T09:00:00Z,2026-09-27T11:00:00+02:00,2026-09-27T13:00:00Z,84800,84958.99,84590,84944.01,1322.2286,112117017.014,99052,666.05052,56482895.5588,55634121.4551,0.503785215333,0.169823113208,0.436209953895,2714.59,2716.85,2705.93,2716.15,8712.1409,23627366.2581,44865,4134.0106,11211278.2319,12416088.0262,0.474503933679,0.0574672418303,0.403558111259,0.03201,0.03202,0.03197,0.03198,-0.0937207122774,0.156396621833,0.0319757685092,1.32334296707,2823951.46,28239.5146,-0.314316058427,OKX_CONTRACT_OI_HISTORY,6051955.39,605195.539,0.139402786901,OKX_CONTRACT_OI_HISTORY,1.3,0.565217391304,0.434782608696,OKX_GLOBAL_ACCOUNT_RATIO,1.3,0.565217391304,0.434782608696,OKX_GLOBAL_ACCOUNT_RATIO,,,,,PRICE_UP_OI_DOWN,PRICE_UP_OI_UP,PASS,PASS,0.551563328987,0.411086013833,-0.124921923798,-0.140477315154,-0.0751784437111,1.73275490809,0.933069942222,1.11081744103,0.187969924812,0.177747498803,-0.653118120038,2.89266025949,1.09740371415,1.2506523522,0.156592546195,0.153248638047,-0.399770942341,0.412601107126,0.44223714766,0.422594575409,0.0312793243666,-0.0196425722514,-1.45047743266,-1.89175855161,2.0177519803,2.79102331214,0.756143667297,0.773271331842,-5.99543117293,-1.62759641809
2026-09-27T10:00:00Z,2026-09-27T12:00:00+02:00,2026-09-27T13:00:00Z,84944.01,85117.64,84800,84883,545.16779,46314057.6926,56194,271.11714,23032822.0813,23281235.6113,0.497318162753,-0.0718237813355,0.374575471698,2716.14,2719.51,2708.61,2710.28,7508.2027,20375386.796,40872,3471.3769,9420514.01335,10954872.7826,0.462347738851,-0.216114721205,0.402420429667,0.03198,0.03198,0.0319,0.03193,-0.156347717323,0.25078369906,0.0319295972103,0.126149327744,2815235.17,28152.3517,-0.308655801046,OKX_CONTRACT_OI_HISTORY,6054345.72,605434.572,0.0394968212083,OKX_CONTRACT_OI_HISTORY,1.3,0.565217391304,0.434782608696,OKX_GLOBAL_ACCOUNT_RATIO,1.29,0.563318777293,0.436681222707,OKX_GLOBAL_ACCOUNT_RATIO,,,,,PRICE_DOWN_OI_DOWN,PRICE_DOWN_OI_UP,PASS,PASS,0.439359335969,0.111921691754,-0.312207305651,-0.327437644215,-0.904213118864,0.965078310407,0.720240552442,0.796994997862,0.0626762770291,0.0767544454196,-0.398856344651,2.83816132402,0.835211057459,0.853256925968,0.031328320802,0.0180458685092,-0.803780253337,1.22167061642,0.199896923353,-0.136331144666,-0.343320848939,-0.336228068019,-1.45858893038,-2.65975989155,1.64143682001,2.34462028782,0.725552050473,0.70318346781,-5.17132930438,-1.57895727276
2026-09-27T11:00:00Z,2026-09-27T13:00:00+02:00,2026-09-27T13:00:00Z,84882.99,84946.01,84836.06,84898,251.99141,21389916.6761,36785,135.20903,11476372.8955,9913543.78054,0.536531912177,0.0176713829624,0.129602907066,2710.27,2711.88,2707.18,2709.8,5500.1574,14900906.1162,23094,2461.7298,6668937.47304,8231968.64318,0.447552479093,-0.0177103472704,0.173612393709,0.03193,0.03193,0.0319,0.03192,-0.031318509239,0.0940438871473,0.0319183019624,0.531994981177,2814591.63,28145.9163,-0.0228591915467,OKX_CONTRACT_OI_HISTORY,6073784.02,607378.402,0.321063594631,OKX_CONTRACT_OI_HISTORY,1.3,0.565217391304,0.434782608696,OKX_GLOBAL_ACCOUNT_RATIO,1.3,0.565217391304,0.434782608696,OKX_GLOBAL_ACCOUNT_RATIO,,,,,PRICE_UP_OI_DOWN,PRICE_DOWN_OI_UP,PASS,PASS,0.12619263837,-0.311595242562,-0.467726847521,-0.437787880932,-0.636135733546,1.11471247926,0.550613444253,0.499567931225,0,-0.0510455130284,-0.183479453531,3.02483915086,0.857726667934,0.755161759293,-0.093896713615,-0.102564908641,-0.821641547521,1.88967273735,0.372842465073,-0.284449481698,-0.653594771242,-0.657291946772,-2.7927945271,-0.882761131093,1.68085161935,2.34620497945,0.662251655629,0.665353360103,-5.15408189136,-1.98402775358
2026-09-27T12:00:00Z,2026-09-27T14:00:00+02:00,2026-09-27T13:00:00Z,84898,85044.51,84802.01,84802.01,294.04359,24987287.2674,36473,141.14636,11994983.5684,12992303.699,0.480043449297,-0.113065089873,0.285960203066,2709.81,2717.6,2707.35,2707.36,3703.6362,10049843.2634,23496,2015.3866,5468918.52931,4580924.73408,0.544179484792,-0.0900435456491,0.378598999021,0.03191,0.03195,0.03191,0.03193,0.031328320802,0.125352554058,0.0319256583659,1.35991999586,2810854.82,28108.5482,-0.132765619004,OKX_CONTRACT_OI_HISTORY,6111515.11,611151.511,0.621212243895,OKX_CONTRACT_OI_HISTORY,1.29,0.563318777293,0.436681222707,OKX_GLOBAL_ACCOUNT_RATIO,1.29,0.563318777293,0.436681222707,OKX_GLOBAL_ACCOUNT_RATIO,,,,,PRICE_DOWN_OI_DOWN,PRICE_DOWN_OI_UP,PASS,PASS,0.00237028301886,-0.266338563098,-0.249921899406,-0.268708846117,-0.776628365926,1.12491480849,0.588332907701,0.514572118062,-0.0938673341677,-0.0737607896393,-0.479593111522,3.40374054032,0.89243669685,0.686526088735,-0.187558612066,-0.205910608115,-0.991892680517,2.24419180857,0.390911523136,-0.381201889819,-0.746036680137,-0.772113412955,-1.93734302187,0.70427450467,1.43264230794,2.21081244337,0.820966214083,0.778170135431,-5.08447883926,-1.19304779092
2026-09-27T13:00:00Z,2026-09-27T15:00:00+02:00,2026-09-27T18:00:00Z,84802.01,85159.03,84637.73,85030.41,546.25175,46353208.1717,94774,308.43365,26174107.0639,20179101.1078,0.564666569937,0.269333238682,0.615919165129,2707.35,2715.7,2698.21,2709.67,11643.2363,31492470.6225,90209,5650.5587,15284964.9134,16207505.7091,0.485352994263,0.0853229714556,0.648207515353,0.03193,0.03193,0.03186,0.03187,-0.187911055434,0.21971123666,0.0318670696754,0.919546291616,2825198.01,28251.9801,0.510278577817,OKX_CONTRACT_OI_HISTORY,6044671.62,604467.162,-1.09373025832,OKX_CONTRACT_OI_HISTORY,1.27,0.559471365639,0.440528634361,OKX_GLOBAL_ACCOUNT_RATIO,1.3,0.565217391304,0.434782608696,OKX_GLOBAL_ACCOUNT_RATIO,,,,,PRICE_UP_OI_UP,PRICE_UP_OI_DOWN,PASS,PASS,0.101714058472,-0.238572980137,-0.343964978111,-0.340287038609,0.0441420476823,-0.120353993554,0.633646886366,0.300568192334,-0.312793243666,-0.333078694032,0.0584360519681,2.27962345815,1.30012115927,0.853826026434,-0.437363323961,-0.446295132835,-1.11342262363,0.876145150385,1.31869766005,0.533150298668,-0.778331257783,-0.785547361385,-1.03997663404,0.0841963268774,0.916205061025,1.48158690091,0.568002524456,0.565381839889,-3.51185569708,-1.01669531321
2026-09-27T14:00:00Z,2026-09-27T16:00:00+02:00,2026-09-27T18:00:00Z,85030.41,85048.14,84450,84538.02,539.04021,45669923.5355,112047,191.15617,16199354.7522,29470568.7833,0.354705099071,-0.57907518028,0.708277087034,2709.68,2710,2682.67,2688.26,11837.6393,31880988.9123,108356,4514.963,12159710.119,19721278.7933,0.381409439728,-0.790133115841,1.01876115959,0.03186,0.03187,0.03173,0.03179,-0.251019767807,0.441222817523,0.0317994199533,-2.96230349743,2779156.18,27791.5618,-1.62968506409,OKX_CONTRACT_OI_HISTORY,5971088.86,597108.886,-1.21731608639,OKX_CONTRACT_OI_HISTORY,1.2,0.545454545455,0.454545454545,OKX_GLOBAL_ACCOUNT_RATIO,1.34,0.57264957265,0.42735042735,OKX_GLOBAL_ACCOUNT_RATIO,,,,,PRICE_DOWN_OI_DOWN,PRICE_DOWN_OI_DOWN,PASS,PASS,-0.406418246292,-0.812462181029,-0.438459129345,-0.406043934737,-1.28156220782,-1.37515866867,0.104227353464,-0.356206933618,-0.438459129345,-0.460434287082,-1.729473963,0.588542027775,0.616543680076,-0.0152491752428,-0.625195373554,-0.631792855319,-2.37355747517,-0.17771279044,0.621322055165,-0.280434153616,-0.903990024938,-0.901756208781,-3.23371512248,-0.557445414315,1.03288043553,1.14339678013,0.125984251969,0.110516344599,-3.29492153687,-1.8852997233
2026-09-27T15:00:00Z,2026-09-27T17:00:00+02:00,2026-09-27T18:00:00Z,84538.01,84644.01,84364,84463.37,477.19429,40325131.8847,110219,250.76638,21191262.6063,19133869.2785,0.525510063224,-0.0883034639326,0.331906974539,2688.25,2694.02,2682.05,2689.76,9076.2458,24408483.6597,97218,3374.2977,9071936.16295,15336547.4968,0.371671435613,0.0557981742837,0.446300404541,0.0318,0.03187,0.03177,0.03184,0.157282164203,0.314762354422,0.0318452839379,-1.65925287015,2796231.02,27962.3102,0.61438936476,OKX_CONTRACT_OI_HISTORY,6012476.09,601247.609,0.693127015363,OKX_CONTRACT_OI_HISTORY,1.21,0.547511312217,0.452488687783,OKX_GLOBAL_ACCOUNT_RATIO,1.37,0.57805907173,0.42194092827,OKX_GLOBAL_ACCOUNT_RATIO,,,,,PRICE_DOWN_OI_UP,PRICE_UP_OI_UP,PASS,PASS,-0.511943744258,-0.739537973282,-0.250626566416,-0.227594229024,-0.652336552283,-1.00938607297,0.0725336973051,-0.256981707204,-0.344287949922,-0.329515404509,-1.07519233245,1.39314191363,0.365250292938,-0.119199248413,-0.468896530166,-0.484449541352,-1.44681046936,0.205118568476,0.796410234807,0.106442368529,-0.686213349969,-0.689967866278,-2.84933195742,1.20265164828,0.0537444620816,0.230289389547,0.188797986155,0.176544927465,-2.82765401293,-1.84372276561
2026-09-27T16:00:00Z,2026-09-27T18:00:00+02:00,2026-09-27T18:00:00Z,84463.38,84687.32,84380,84426,303.32281,25636573.8595,74184,139.93199,11828025.5495,13808548.31,0.461373099788,-0.0442440314659,0.364209528324,2689.76,2696.37,2684.81,2686.5,4202.606,11304280.3978,68455,1882.2636,5063743.89644,6240536.50135,0.447949247386,-0.121200404497,0.43057050592,0.03184,0.03185,0.0318,0.03182,-0.0628140703518,0.157232704403,0.0318207661147,-0.240759352318,2785217.93,27852.1793,-0.393854796733,OKX_CONTRACT_OI_HISTORY,6045813.01,604581.301,0.554462412839,OKX_CONTRACT_OI_HISTORY,1.27,0.559471365639,0.440528634361,OKX_GLOBAL_ACCOUNT_RATIO,1.38,0.579831932773,0.420168067227,OKX_GLOBAL_ACCOUNT_RATIO,-1.07439144441e-05,OKX_FUNDING_HISTORY,5.73824746084e-05,OKX_FUNDING_HISTORY,PRICE_DOWN_OI_DOWN,PRICE_DOWN_OI_UP,PASS,PASS,-0.443397509092,-0.77049228769,-0.344503601629,-0.327094778598,-0.912067383117,-1.07505420207,0.114313360908,-0.205050482537,-0.31328320802,-0.319363843445,-1.25421058454,2.01417199534,0.363766048502,-0.188736727127,-0.531416067521,-0.552502775629,-1.78268290399,0.809605707098,0.816529583285,0.103960562058,-0.717628705148,-0.712569021228,-2.6591998939,1.03780431998,-0.0879641535128,-0.0420444778485,0.0314366551399,0.0459196756643,-3.17328734926,0.55593216593
2026-09-27T17:00:00Z,2026-09-27T19:00:00+02:00,2026-09-27T18:00:00Z,84426,84574.01,84342,84574,248.02128,20944440.1399,40934,87.7679,7412462.25974,13531977.8802,0.353910737658,0.175301447421,0.275082402599,2686.5,2692,2685.81,2691.36,2782.2226,7480228.4033,39453,1312.9675,3529782.7191,3950445.6842,0.47188167644,0.180904522613,0.230470509828,0.03182,0.03186,0.03181,0.03182,0,0.157183275699,0.0318225459361,-0.800041614648,2795176.37,27951.7637,0.357546168748,OKX_CONTRACT_OI_HISTORY,6060298.86,606029.886,0.239601356774,OKX_CONTRACT_OI_HISTORY,1.28,0.561403508772,0.438596491228,OKX_GLOBAL_ACCOUNT_RATIO,1.39,0.581589958159,0.418410041841,OKX_GLOBAL_ACCOUNT_RATIO,,,,,PRICE_UP_OI_UP,PRICE_UP_OI_UP,PASS,PASS,-0.536760907068,-0.675728040684,-0.156887354879,-0.138967133615,-1.06263843786,0.258529180449,0.113567948885,-0.505354838948,-0.624609618988,-0.618922787833,-1.09337786188,1.87300779066,0.524886963881,0.0293618080927,-0.469189865499,-0.495525155788,-1.33131869894,1.52743593976,0.941563483058,0.202910745334,-0.748596381784,-0.738652737724,-1.95237888649,1.67060318848,0.551658542385,0.81057189518,0.252047889099,0.258913352795,-2.29362822917,1.08295757277
2026-09-27T18:00:00Z,2026-09-27T20:00:00+02:00,2026-09-27T22:00:00Z,84574,84820.74,84565.9,84818.87,245.93692,20831122.9574,43520,152.66497,12931636.8701,7899486.08728,0.62078443378,0.289533426349,0.30135078087,2691.35,2699.67,2689.88,2698.26,6255.7864,16866430.9016,47266,3088.1061,8324621.09141,8541809.81017,0.493561509248,0.256375958623,0.363956756435,0.03183,0.03186,0.03181,0.03182,0,0.157183275699,0.0318120248478,2.50696152335,2776376.7,27763.767,-0.672575448253,OKX_CONTRACT_OI_HISTORY,6003906.64,600390.664,-0.93051879623,OKX_CONTRACT_OI_HISTORY,1.27,0.559471365639,0.440528634361,OKX_GLOBAL_ACCOUNT_RATIO,1.4,0.583333333333,0.416666666667,OKX_GLOBAL_ACCOUNT_RATIO,,,,,PRICE_UP_OI_DOWN,PRICE_UP_OI_DOWN,PASS,PASS,0.33221738574,0.371987828558,0.0943692985216,0.0397704428187,-0.100011651738,0.549611314945,0.36347634274,-0.332071290054,-0.655635341867,-0.695547632795,-2.27202448421,0.123932809699,0.976432010598,0.493480471209,-0.438047559449,-0.48295153939,-1.93759883563,0.886028011189,1.01332650534,0.18155693425,-0.810473815461,-0.831769571086,-2.7416798459,1.04379833085,0.405866707009,0.302588732101,-0.0628140703518,-0.103277974908,-2.670587388,2.14205061082
2026-09-27T19:00:00Z,2026-09-27T21:00:00+02:00,2026-09-27T22:00:00Z,84818.87,84843,84666,84736.01,208.94856,17708491.0992,36639,90.35544,7657583.97934,10050907.1199,0.432424419248,-0.097690525705,0.209056764226,2698.27,2698.74,2690.45,2691.43,3388.7554,9129901.55926,25769,1662.9799,4479716.42618,4650185.13308,0.490664263695,-0.253126088665,0.308126893271,0.03181,0.03181,0.03177,0.03177,-0.157133878064,0.125904941769,0.0317625292954,2.3520496539,2790064.08,27900.6408,0.492994340429,OKX_CONTRACT_OI_HISTORY,5988397.93,598839.793,-0.258310312434,OKX_CONTRACT_OI_HISTORY,1.22,0.54954954955,0.45045045045,OKX_GLOBAL_ACCOUNT_RATIO,1.4,0.583333333333,0.416666666667,OKX_GLOBAL_ACCOUNT_RATIO,,,,,PRICE_DOWN_OI_UP,PRICE_DOWN_OI_DOWN,PASS,PASS,0.322790814527,0.0620873237761,-0.219849246231,-0.260703490751,-0.22054472452,-0.400469950143,-0.0648535811584,-0.987392716691,-0.935453695042,-0.922539135533,-1.50203475883,-0.306772037093,0.856235247712,0.252920317063,-0.56338028169,-0.603314930649,-1.56256836878,0.569972336497,0.852177951419,-0.0709156660503,-0.904553961323,-0.923093617469,-2.38795730441,1.14081538746,0.383070546891,-0.204675652126,-0.56338028169,-0.587746199016,-2.326679102,1.10629443444
2026-09-27T20:00:00Z,2026-09-27T22:00:00+02:00,2026-09-27T22:00:00Z,84736.02,84813,84548,84552,221.75687,18770830.0159,35807,90.80304,7688141.01624,11082688.9997,0.40957917203,-0.217156790838,0.31343142357,2691.43,2696.23,2685.34,2686.13,5185.4579,13949456.4521,37481,2387.5429,6422992.63541,7526463.81666,0.460447520481,-0.196921339214,0.405535239485,0.03176,0.03181,0.03176,0.03177,0,0.157430730479,0.0317689705743,0.32403494991,2788384.97,27883.8497,-0.0601817718823,OKX_CONTRACT_OI_HISTORY,6006783.06,600678.306,0.307012496746,OKX_CONTRACT_OI_HISTORY,1.28,0.561403508772,0.438596491228,OKX_GLOBAL_ACCOUNT_RATIO,1.4,0.583333333333,0.416666666667,OKX_GLOBAL_ACCOUNT_RATIO,,,,,PRICE_DOWN_OI_DOWN,PRICE_DOWN_OI_UP,PASS,PASS,0.149243124156,-0.0137725665364,-0.157133878064,-0.163015690692,0.113708875916,-0.645569916493,-0.292452830189,-1.04840878365,-0.749765698219,-0.755955953458,-1.56981564164,-0.608046567429,0.620799582627,0.345926399115,-0.251177394035,-0.274873183512,-1.23813001856,1.45395027544,0.793934625563,0.0517741010303,-0.749765698219,-0.742160524533,-1.53481474963,1.90358928651,0.213780390399,-0.0796050991902,-0.282485875706,-0.293385489589,-2.64805355196,0.902860742922
2026-09-27T21:00:00Z,2026-09-27T23:00:00+02:00,2026-09-27T22:00:00Z,84552.01,84719.82,84458,84688.07,248.48896,21023317.3328,41215,90.93988,7694307.23507,13329010.0978,0.365989206806,0.160930551613,0.310000236804,2686.13,2693.11,2675.28,2684.44,5329.4182,14301546.2014,55078,2271.6588,6096072.18234,8205474.01902,0.426252665027,-0.0629157933533,0.666472294489,0.03177,0.03179,0.03168,0.0317,-0.220333648096,0.347222222222,0.0316979711546,0.640055281549,2801160.26,28011.6026,0.458160911691,OKX_CONTRACT_OI_HISTORY,5954110.96,595411.096,-0.876877015099,OKX_CONTRACT_OI_HISTORY,1.28,0.561403508772,0.438596491228,OKX_GLOBAL_ACCOUNT_RATIO,1.4,0.583333333333,0.416666666667,OKX_GLOBAL_ACCOUNT_RATIO,,,,,PRICE_UP_OI_UP,PRICE_DOWN_OI_DOWN,PASS,PASS,0.134875966609,-0.257119077344,-0.377121307354,-0.391995043953,0.214079156658,-1.75218916514,-0.301304353303,-1.16746129632,-0.875547217011,-0.866156943017,-0.807067696553,-1.61674076715,0.628954208564,-0.0696122189918,-0.689223057644,-0.698566427556,-1.45491471122,1.22915267467,1.06939803323,0.110386801319,-0.9375,-0.959011231906,-1.43087022455,1.08799727496,0.400794309425,-0.0848618389709,-0.470957613815,-0.485656148396,-1.93924132628,0.907634889004
2026-09-27T22:00:00Z,2026-09-28T00:00:00+02:00,2026-09-28T00:00:00Z,84688.07,84756.01,84135.78,84195.27,432.15056,36449583.4528,116420,162.04712,13668331.7478,22781251.705,0.374992810701,-0.581900142488,0.737177452922,2684.44,2686.46,2669.78,2675.71,9098.8795,24343347.6497,105493,3470.4847,9285419.69631,15057927.9534,0.381435611483,-0.325207492065,0.624770580347,0.0317,0.03177,0.03166,0.03177,0.220820189274,0.347441566646,0.0317798137591,-3.08804803211,2783626.66,27836.2666,-0.625940623619,OKX_CONTRACT_OI_HISTORY,6043735.27,604373.527,1.50525091995,OKX_CONTRACT_OI_HISTORY,1.27,0.559471365639,0.440528634361,OKX_GLOBAL_ACCOUNT_RATIO,1.42,0.586776859504,0.413223140496,OKX_GLOBAL_ACCOUNT_RATIO,,,,,PRICE_DOWN_OI_DOWN,PRICE_DOWN_OI_UP,PASS,PASS,-0.73521375609,-0.835723762721,-0.157133878064,-0.100510006631,0.261130270975,0.663378569791,-0.810209346983,-1.27551396904,-0.501096147823,-0.465304622053,-1.12276623768,-0.175253454142,-0.0958042508182,-0.488684753705,-0.438733939204,-0.392880502887,-1.51714435795,2.65793389413,0.133463284217,-0.610295155527,-0.780762023735,-0.743758439744,-1.94109643705,2.80834153066,-0.0973571537396,-0.365663388605,-0.313774709758,-0.268306234865,-2.18178150529,2.38133336326
2026-09-27T23:00:00Z,2026-09-28T01:00:00+02:00,2026-09-28T00:00:00Z,84195.27,84532.01,84132,84472,392.42871,33107026.1657,84650,239.05146,20166544.8612,12940481.3044,0.609131873105,0.328676420896,0.475455237009,2675.7,2691.31,2673.89,2688.65,5618.1233,15076179.8745,63239,3109.5602,8344165.96614,6732013.90841,0.553466862002,0.483609957731,0.651485289223,0.03178,0.03184,0.03177,0.03182,0.157381177211,0.220333648096,0.0318288900464,-2.79307459134,2804554.39,28045.5439,0.751815259594,OKX_CONTRACT_OI_HISTORY,6006546.09,600654.609,-0.61533436424,OKX_CONTRACT_OI_HISTORY,1.25,0.555555555556,0.444444444444,OKX_GLOBAL_ACCOUNT_RATIO,1.43,0.588477366255,0.411522633745,OKX_GLOBAL_ACCOUNT_RATIO,,,,,PRICE_UP_OI_UP,PRICE_UP_OI_DOWN,PASS,PASS,-0.311567655829,-0.103290815663,0.157381177211,0.208276840166,0.519354021432,0.303055344888,-0.501778604914,-0.780500405934,-0.31328320802,-0.27872180102,-0.356614433619,-1.10701878398,0.0460719788803,-0.28483160444,-0.31328320802,-0.33090358332,-0.539439572936,1.88433482929,0.442342502062,-0.109971355434,-0.59356451109,-0.552313857496,-1.00443096915,2.04230105691,0.0731664783799,0.022321013374,-0.094191522763,-0.0508454650059,-1.37142406077,1.27117728834
