period,source_timestamp,copper_source_value,copper_source_unit,gold_source_value,gold_source_unit,copper_normalized_value,copper_normalized_unit,gold_normalized_value,gold_normalized_unit,ratio,change_1m_pct,change_2m_pct,change_6m_pct,ma_3m,ma_6m,ma_12m,ma_24m,distance_ma_12m_pct,roc_12m_pct,rsi_14m_wilder,zscore_24m_population
1960-01,1960-01-31T23:59:59Z,715.0,USD_PER_METRIC_TON,35.0,USD_PER_TROY_OUNCE,0.715,USD_PER_KILOGRAM,1125.276129901979,USD_PER_KILOGRAM,0.000635399597,,,,,,,,,,,
1960-02,1960-02-29T23:59:59Z,728.0,USD_PER_METRIC_TON,35.0,USD_PER_TROY_OUNCE,0.728,USD_PER_KILOGRAM,1125.276129901979,USD_PER_KILOGRAM,0.000646952317,1.818181818182,,,,,,,,,,
1960-03,1960-03-31T23:59:59Z,685.0,USD_PER_METRIC_TON,35.0,USD_PER_TROY_OUNCE,0.685,USD_PER_KILOGRAM,1125.276129901979,USD_PER_KILOGRAM,0.000608739475,-5.906593406593,-4.195804195804,,0.000630363796,,,,,,,
1960-04,1960-04-30T23:59:59Z,723.0,USD_PER_METRIC_TON,35.0,USD_PER_TROY_OUNCE,0.723,USD_PER_KILOGRAM,1125.276129901979,USD_PER_KILOGRAM,0.000642508964,5.547445255474,-0.686813186813,,0.000632733585,,,,,,,
1960-05,1960-05-31T23:59:59Z,685.0,USD_PER_METRIC_TON,35.0,USD_PER_TROY_OUNCE,0.685,USD_PER_KILOGRAM,1125.276129901979,USD_PER_KILOGRAM,0.000608739475,-5.255878284924,0.0,,0.000619995971,,,,,,,
1960-06,1960-06-30T23:59:59Z,692.0,USD_PER_METRIC_TON,35.0,USD_PER_TROY_OUNCE,0.692,USD_PER_KILOGRAM,1125.276129901979,USD_PER_KILOGRAM,0.00061496017,1.021897810219,-4.287690179806,,0.000622069536,0.000626216666,,,,,,
1960-07,1960-07-31T23:59:59Z,702.0,USD_PER_METRIC_TON,35.0,USD_PER_TROY_OUNCE,0.702,USD_PER_KILOGRAM,1125.276129901979,USD_PER_KILOGRAM,0.000623846878,1.445086705202,2.481751824818,-1.818181818182,0.000615848841,0.000624291213,,,,,,
1960-08,1960-08-31T23:59:59Z,676.0,USD_PER_METRIC_TON,35.0,USD_PER_TROY_OUNCE,0.676,USD_PER_KILOGRAM,1125.276129901979,USD_PER_KILOGRAM,0.000600741438,-3.703703703704,-2.312138728324,-7.142857142857,0.000613182828,0.0006165894,,,,,,
1960-09,1960-09-30T23:59:59Z,647.0,USD_PER_METRIC_TON,35.0,USD_PER_TROY_OUNCE,0.647,USD_PER_KILOGRAM,1125.276129901979,USD_PER_KILOGRAM,0.000574969985,-4.289940828402,-7.834757834758,-5.547445255474,0.000599852767,0.000610961151,,,,,,
1960-10,1960-10-31T23:59:59Z,613.0,USD_PER_METRIC_TON,35.0,USD_PER_TROY_OUNCE,0.613,USD_PER_KILOGRAM,1125.276129901979,USD_PER_KILOGRAM,0.000544755179,-5.255023183926,-9.319526627219,-15.21438450899,0.000573488867,0.000594668854,,,,,,
1960-11,1960-11-30T23:59:59Z,642.0,USD_PER_METRIC_TON,35.0,USD_PER_TROY_OUNCE,0.642,USD_PER_KILOGRAM,1125.276129901979,USD_PER_KILOGRAM,0.000570526632,4.730831973899,-0.772797527048,-6.277372262774,0.000563417265,0.000588300047,,,,,,
1960-12,1960-12-31T23:59:59Z,637.0,USD_PER_METRIC_TON,35.0,USD_PER_TROY_OUNCE,0.637,USD_PER_KILOGRAM,1125.276129901979,USD_PER_KILOGRAM,0.000566083278,-0.778816199377,3.915171288744,-7.947976878613,0.00056045503,0.000580153898,0.000603185282,,-6.151012891344,,,
1961-01,1961-01-31T23:59:59Z,607.0,USD_PER_METRIC_TON,35.0,USD_PER_TROY_OUNCE,0.607,USD_PER_KILOGRAM,1125.276129901979,USD_PER_KILOGRAM,0.000539423155,-4.709576138148,-5.451713395639,-13.532763532764,0.000558677688,0.000566083278,0.000595187245,,-9.369167599851,-15.104895104895,,
1961-02,1961-02-28T23:59:59Z,617.0,USD_PER_METRIC_TON,35.0,USD_PER_TROY_OUNCE,0.617,USD_PER_KILOGRAM,1125.276129901979,USD_PER_KILOGRAM,0.000548309862,1.64744645799,-3.139717425432,-8.727810650888,0.000551272098,0.000557344682,0.000586967041,,-6.585919757759,-15.247252747253,,
1961-03,1961-03-31T23:59:59Z,621.0,USD_PER_METRIC_TON,35.0,USD_PER_TROY_OUNCE,0.621,USD_PER_KILOGRAM,1125.276129901979,USD_PER_KILOGRAM,0.000551864546,0.64829821718,2.306425041186,-4.018547140649,0.000546532521,0.000553493775,0.000582227463,,-5.214958025948,-9.343065693431,35.126582278481,
1961-04,1961-04-30T23:59:59Z,632.0,USD_PER_METRIC_TON,35.0,USD_PER_TROY_OUNCE,0.632,USD_PER_KILOGRAM,1125.276129901979,USD_PER_KILOGRAM,0.000561639924,1.771336553945,2.431118314425,3.099510603589,0.000553938111,0.000556307899,0.000575488377,,-2.406382704929,-12.586445366528,37.470671046457,
1961-05,1961-05-31T23:59:59Z,668.0,USD_PER_METRIC_TON,35.0,USD_PER_TROY_OUNCE,0.668,USD_PER_KILOGRAM,1125.276129901979,USD_PER_KILOGRAM,0.000593632071,5.696202531646,7.568438003221,4.04984423676,0.000569045514,0.000560158806,0.000574229426,,3.378901212278,-2.481751824818,44.534276840319,
1961-06,1961-06-30T23:59:59Z,652.0,USD_PER_METRIC_TON,35.0,USD_PER_TROY_OUNCE,0.652,USD_PER_KILOGRAM,1125.276129901979,USD_PER_KILOGRAM,0.000579413339,-2.395209580838,3.164556962025,2.354788069074,0.000578228445,0.000562380483,0.000571267191,,1.425978739953,-5.780346820809,42.249886086154,
1961-07,1961-07-31T23:59:59Z,633.0,USD_PER_METRIC_TON,35.0,USD_PER_TROY_OUNCE,0.633,USD_PER_KILOGRAM,1125.276129901979,USD_PER_KILOGRAM,0.000562528595,-2.914110429448,-5.239520958084,4.283360790774,0.000578524668,0.00056623139,0.000566157334,,-0.640941792021,-9.82905982906,39.648970787402,
1961-08,1961-08-31T23:59:59Z,636.0,USD_PER_METRIC_TON,35.0,USD_PER_TROY_OUNCE,0.636,USD_PER_KILOGRAM,1125.276129901979,USD_PER_KILOGRAM,0.000565194607,0.473933649289,-2.453987730061,3.079416531605,0.000569045514,0.000569045514,0.000563195098,,0.355029585799,-5.917159763314,40.274165406076,
1961-09,1961-09-30T23:59:59Z,633.0,USD_PER_METRIC_TON,35.0,USD_PER_TROY_OUNCE,0.633,USD_PER_KILOGRAM,1125.276129901979,USD_PER_KILOGRAM,0.000562528595,-0.471698113208,0.0,1.932367149758,0.000563417265,0.000570822855,0.000562158315,,0.065867474641,-2.163833075734,39.829817082877,
1961-10,1961-10-31T23:59:59Z,630.0,USD_PER_METRIC_TON,35.0,USD_PER_TROY_OUNCE,0.63,USD_PER_KILOGRAM,1125.276129901979,USD_PER_KILOGRAM,0.000559862582,-0.473933649289,-0.943396226415,-0.316455696203,0.000562528595,0.000570526632,0.000563417265,,-0.630914826498,2.773246329527,39.362124789698,
1961-11,1961-11-30T23:59:59Z,632.0,USD_PER_METRIC_TON,35.0,USD_PER_TROY_OUNCE,0.632,USD_PER_KILOGRAM,1125.276129901979,USD_PER_KILOGRAM,0.000561639924,0.31746031746,-0.157977883096,-5.389221556886,0.0005613437,0.000565194607,0.000562676706,,-0.18425901553,-1.557632398754,39.869049422559,
1961-12,1961-12-31T23:59:59Z,635.0,USD_PER_METRIC_TON,35.0,USD_PER_TROY_OUNCE,0.635,USD_PER_KILOGRAM,1125.276129901979,USD_PER_KILOGRAM,0.000564305936,0.474683544304,0.793650793651,-2.60736196319,0.000561936148,0.000562676706,0.000562528595,0.000582856938,0.315955766193,-0.313971742543,40.670262063808,-0.58878175894
1962-01,1962-01-31T23:59:59Z,635.0,USD_PER_METRIC_TON,35.0,USD_PER_TROY_OUNCE,0.635,USD_PER_KILOGRAM,1125.276129901979,USD_PER_KILOGRAM,0.000564305936,0.0,0.474683544304,0.315955766193,0.000563417265,0.00056297293,0.00056460216,0.000579894703,-0.052465897167,4.612850082372,40.670262063808,-0.524528845053
1962-02,1962-02-28T23:59:59Z,648.0,USD_PER_METRIC_TON,35.0,USD_PER_TROY_OUNCE,0.648,USD_PER_KILOGRAM,1125.276129901979,USD_PER_KILOGRAM,0.000575858656,2.047244094488,2.047244094488,1.88679245283,0.000568156843,0.000564750272,0.000566897893,0.000576932467,1.580666231221,5.024311183144,44.393869286128,-0.040944812645
1962-03,1962-03-31T23:59:59Z,648.0,USD_PER_METRIC_TON,35.0,USD_PER_TROY_OUNCE,0.648,USD_PER_KILOGRAM,1125.276129901979,USD_PER_KILOGRAM,0.000575858656,0.0,2.047244094488,2.369668246445,0.00057200775,0.000566971949,0.000568897402,0.000575562433,1.223639677167,4.347826086957,44.393869286128,0.011674565886
1962-04,1962-04-30T23:59:59Z,646.0,USD_PER_METRIC_TON,35.0,USD_PER_TROY_OUNCE,0.646,USD_PER_KILOGRAM,1125.276129901979,USD_PER_KILOGRAM,0.000574081315,-0.308641975309,-0.308641975309,2.539682539683,0.000575266209,0.000569341737,0.000569934184,0.000572711281,0.727650727651,2.215189873418,43.902244054823,0.064653804069
1962-05,1962-05-31T23:59:59Z,646.0,USD_PER_METRIC_TON,35.0,USD_PER_TROY_OUNCE,0.646,USD_PER_KILOGRAM,1125.276129901979,USD_PER_KILOGRAM,0.000574081315,0.0,-0.308641975309,2.215189873418,0.000574673762,0.000571415302,0.000568304955,0.000571267191,1.016419077404,-3.293413173653,43.902244054823,0.141965089532
1962-06,1962-06-30T23:59:59Z,646.0,USD_PER_METRIC_TON,35.0,USD_PER_TROY_OUNCE,0.646,USD_PER_KILOGRAM,1125.276129901979,USD_PER_KILOGRAM,0.000574081315,0.0,0.0,1.732283464567,0.000574081315,0.000573044532,0.000567860619,0.000569563905,1.095461658842,-0.920245398773,43.902244054823,0.256232415451
1962-07,1962-07-31T23:59:59Z,646.0,USD_PER_METRIC_TON,35.0,USD_PER_TROY_OUNCE,0.646,USD_PER_KILOGRAM,1125.276129901979,USD_PER_KILOGRAM,0.000574081315,0.0,0.0,1.732283464567,0.000574081315,0.000574673762,0.000568823346,0.00056749034,0.924358807447,2.053712480253,43.902244054823,0.485109078362
1962-08,1962-08-31T23:59:59Z,646.0,USD_PER_METRIC_TON,35.0,USD_PER_TROY_OUNCE,0.646,USD_PER_KILOGRAM,1125.276129901979,USD_PER_KILOGRAM,0.000574081315,0.0,0.0,-0.308641975309,0.000574081315,0.000574377538,0.000569563905,0.000566379501,0.793134832922,1.572327044025,43.902244054823,0.653016969364
1962-09,1962-09-30T23:59:59Z,646.0,USD_PER_METRIC_TON,35.0,USD_PER_TROY_OUNCE,0.646,USD_PER_KILOGRAM,1125.276129901979,USD_PER_KILOGRAM,0.000574081315,0.0,0.0,-0.308641975309,0.000574081315,0.000574081315,0.000570526632,0.000566342473,0.623052959502,2.053712480253,43.902244054823,0.657587201506
1962-10,1962-10-31T23:59:59Z,646.0,USD_PER_METRIC_TON,35.0,USD_PER_TROY_OUNCE,0.646,USD_PER_KILOGRAM,1125.276129901979,USD_PER_KILOGRAM,0.000574081315,0.0,0.0,0.0,0.000574081315,0.000574081315,0.000571711526,0.000567564396,0.414507772021,2.539682539683,43.902244054823,0.594703206267
1962-11,1962-11-30T23:59:59Z,646.0,USD_PER_METRIC_TON,35.0,USD_PER_TROY_OUNCE,0.646,USD_PER_KILOGRAM,1125.276129901979,USD_PER_KILOGRAM,0.000574081315,0.0,0.0,0.0,0.000574081315,0.000574081315,0.000572748309,0.000567712507,0.232738557021,2.215189873418,43.902244054823,0.577871390579
1962-12,1962-12-31T23:59:59Z,646.0,USD_PER_METRIC_TON,35.0,USD_PER_TROY_OUNCE,0.646,USD_PER_KILOGRAM,1125.276129901979,USD_PER_KILOGRAM,0.000574081315,0.0,0.0,0.0,0.000574081315,0.000574081315,0.000573562923,0.000568045759,0.090380890897,1.732283464567,43.902244054823,0.544353439769
1963-01,1963-01-31T23:59:59Z,646.0,USD_PER_METRIC_TON,35.0,USD_PER_TROY_OUNCE,0.646,USD_PER_KILOGRAM,1125.276129901979,USD_PER_KILOGRAM,0.000574081315,0.0,0.0,0.0,0.000574081315,0.000574081315,0.000574377538,0.000569489849,-0.051572975761,1.732283464567,43.902244054823,0.488810651285
1963-02,1963-02-28T23:59:59Z,646.0,USD_PER_METRIC_TON,35.0,USD_PER_TROY_OUNCE,0.646,USD_PER_KILOGRAM,1125.276129901979,USD_PER_KILOGRAM,0.000574081315,0.0,0.0,0.0,0.000574081315,0.000574081315,0.000574229426,0.00057056366,-0.025793139025,-0.308641975309,43.902244054823,0.422664947765
1963-03,1963-03-31T23:59:59Z,646.0,USD_PER_METRIC_TON,35.0,USD_PER_TROY_OUNCE,0.646,USD_PER_KILOGRAM,1125.276129901979,USD_PER_KILOGRAM,0.000574081315,0.0,0.0,0.0,0.000574081315,0.000574081315,0.000574081315,0.000571489358,0.0,-0.308641975309,43.902244054823,0.351567974024
1963-04,1963-04-30T23:59:59Z,646.0,USD_PER_METRIC_TON,35.0,USD_PER_TROY_OUNCE,0.646,USD_PER_KILOGRAM,1125.276129901979,USD_PER_KILOGRAM,0.000574081315,0.0,0.0,0.0,0.000574081315,0.000574081315,0.000574081315,0.00057200775,0.0,0.0,43.902244054823,0.292301691731
1963-05,1963-05-31T23:59:59Z,646.0,USD_PER_METRIC_TON,35.0,USD_PER_TROY_OUNCE,0.646,USD_PER_KILOGRAM,1125.276129901979,USD_PER_KILOGRAM,0.000574081315,0.0,0.0,0.0,0.000574081315,0.000574081315,0.000574081315,0.000571193135,0.0,0.0,43.902244054823,0.524210595055
1963-06,1963-06-30T23:59:59Z,646.0,USD_PER_METRIC_TON,35.0,USD_PER_TROY_OUNCE,0.646,USD_PER_KILOGRAM,1125.276129901979,USD_PER_KILOGRAM,0.000574081315,0.0,0.0,0.0,0.000574081315,0.000574081315,0.000574081315,0.000570970967,0.0,0.0,43.902244054823,0.589506344747
1963-07,1963-07-31T23:59:59Z,646.0,USD_PER_METRIC_TON,35.0,USD_PER_TROY_OUNCE,0.646,USD_PER_KILOGRAM,1125.276129901979,USD_PER_KILOGRAM,0.000574081315,0.0,0.0,0.0,0.000574081315,0.000574081315,0.000574081315,0.00057145233,0.0,0.0,43.902244054823,0.525378491445
1963-08,1963-08-31T23:59:59Z,646.0,USD_PER_METRIC_TON,35.0,USD_PER_TROY_OUNCE,0.646,USD_PER_KILOGRAM,1125.276129901979,USD_PER_KILOGRAM,0.000574081315,0.0,0.0,0.0,0.000574081315,0.000574081315,0.000574081315,0.00057182261,0.0,0.0,43.902244054823,0.465350666172
1963-09,1963-09-30T23:59:59Z,646.0,USD_PER_METRIC_TON,35.0,USD_PER_TROY_OUNCE,0.646,USD_PER_KILOGRAM,1125.276129901979,USD_PER_KILOGRAM,0.000574081315,0.0,0.0,0.0,0.000574081315,0.000574081315,0.000574081315,0.000572303973,0.0,0.0,43.902244054823,0.398014876084
1963-10,1963-10-31T23:59:59Z,646.0,USD_PER_METRIC_TON,35.0,USD_PER_TROY_OUNCE,0.646,USD_PER_KILOGRAM,1125.276129901979,USD_PER_KILOGRAM,0.000574081315,0.0,0.0,0.0,0.000574081315,0.000574081315,0.000574081315,0.00057289642,0.0,0.0,43.902244054823,0.325246251273
1963-11,1963-11-30T23:59:59Z,646.0,USD_PER_METRIC_TON,35.0,USD_PER_TROY_OUNCE,0.646,USD_PER_KILOGRAM,1125.276129901979,USD_PER_KILOGRAM,0.000574081315,0.0,0.0,0.0,0.000574081315,0.000574081315,0.000574081315,0.000573414812,0.0,0.0,43.902244054823,0.238919342941
1963-12,1963-12-31T23:59:59Z,650.0,USD_PER_METRIC_TON,35.0,USD_PER_TROY_OUNCE,0.65,USD_PER_KILOGRAM,1125.276129901979,USD_PER_KILOGRAM,0.000577635998,0.61919504644,0.61919504644,0.61919504644,0.000575266209,0.000574673762,0.000574377538,0.000573970231,0.567302733368,0.61919504644,48.886187477286,1.680381485271
1964-01,1964-01-31T23:59:59Z,656.0,USD_PER_METRIC_TON,35.0,USD_PER_TROY_OUNCE,0.656,USD_PER_KILOGRAM,1125.276129901979,USD_PER_KILOGRAM,0.000582968022,0.923076923077,1.547987616099,1.547987616099,0.000578228445,0.00057615488,0.000575118097,0.000574747818,1.364924027814,1.547987616099,55.301224709152,4.310882787462
1964-02,1964-02-29T23:59:59Z,694.0,USD_PER_METRIC_TON,35.0,USD_PER_TROY_OUNCE,0.694,USD_PER_KILOGRAM,1125.276129901979,USD_PER_KILOGRAM,0.000616737511,5.792682926829,6.769230769231,7.430340557276,0.000592447177,0.000583264246,0.00057867278,0.000576451103,6.577937036089,7.430340557276,75.916714804963,4.678542229846
1964-03,1964-03-31T23:59:59Z,745.0,USD_PER_METRIC_TON,35.0,USD_PER_TROY_OUNCE,0.745,USD_PER_KILOGRAM,1125.276129901979,USD_PER_KILOGRAM,0.00066205972,7.348703170029,13.567073170732,15.325077399381,0.000620588418,0.000597927314,0.000586004314,0.000580042814,12.978642739795,15.325077399381,85.54950400731,4.283579531741
1964-04,1964-04-30T23:59:59Z,862.0,USD_PER_METRIC_TON,35.0,USD_PER_TROY_OUNCE,0.862,USD_PER_KILOGRAM,1125.276129901979,USD_PER_KILOGRAM,0.0007660342,15.704697986577,24.207492795389,33.43653250774,0.000681610477,0.000629919461,0.000602000388,0.000588040851,27.248124000492,33.43653250774,92.731802222968,4.263980264691
1964-05,1964-05-31T23:59:59Z,828.0,USD_PER_METRIC_TON,35.0,USD_PER_TROY_OUNCE,0.828,USD_PER_KILOGRAM,1125.276129901979,USD_PER_KILOGRAM,0.000735819394,-3.944315545244,11.140939597315,28.173374613003,0.000721304438,0.000656875808,0.000615478561,0.000594779938,19.552400433161,28.173374613003,80.249349273405,2.766585855865
1964-06,1964-06-30T23:59:59Z,808.0,USD_PER_METRIC_TON,35.0,USD_PER_TROY_OUNCE,0.808,USD_PER_KILOGRAM,1125.276129901979,USD_PER_KILOGRAM,0.000718045979,-2.415458937198,-6.264501160093,24.307692307692,0.000739966524,0.000680277471,0.000627475616,0.000600778466,14.434084739762,25.077399380805,73.943989418968,2.080116668456
1964-07,1964-07-31T23:59:59Z,855.0,USD_PER_METRIC_TON,35.0,USD_PER_TROY_OUNCE,0.855,USD_PER_KILOGRAM,1125.276129901979,USD_PER_KILOGRAM,0.000759813505,5.816831683168,3.260869565217,30.335365853659,0.000737892959,0.000709751718,0.000642953299,0.000608517307,18.175535590878,32.352941176471,78.265790323037,2.35071355723
1964-08,1964-08-31T23:59:59Z,999.0,USD_PER_METRIC_TON,35.0,USD_PER_TROY_OUNCE,0.999,USD_PER_KILOGRAM,1125.276129901979,USD_PER_KILOGRAM,0.000887782095,16.842105263158,23.638613861386,43.948126801153,0.000788547193,0.000754925815,0.000669095031,0.000621588173,32.684006640841,54.643962848297,85.953240320291,3.143304543101
1964-09,1964-09-30T23:59:59Z,1162.0,USD_PER_METRIC_TON,35.0,USD_PER_TROY_OUNCE,1.162,USD_PER_KILOGRAM,1125.276129901979,USD_PER_KILOGRAM,0.00103263543,16.316316316316,35.906432748538,55.973154362416,0.000893410343,0.000816688434,0.000707307874,0.000640694594,45.995183750393,79.876160990712,90.185119522309,3.342164134529
1964-10,1964-10-31T23:59:59Z,1358.0,USD_PER_METRIC_TON,35.0,USD_PER_TROY_OUNCE,1.358,USD_PER_KILOGRAM,1125.276129901979,USD_PER_KILOGRAM,0.0012068149,16.867469879518,35.935935935936,57.54060324826,0.001042410808,0.000890151884,0.000760035672,0.000667058494,58.78398129202,110.216718266254,92.939599397676,3.332939884464
1964-11,1964-11-30T23:59:59Z,1400.0,USD_PER_METRIC_TON,35.0,USD_PER_TROY_OUNCE,1.4,USD_PER_KILOGRAM,1125.276129901979,USD_PER_KILOGRAM,0.001244139072,3.092783505155,20.481927710843,69.082125603865,0.001161196467,0.00097487183,0.000815873819,0.000694977567,52.491603884905,116.71826625387,93.369045382356,2.78211588427
1964-12,1964-12-31T23:59:59Z,1269.0,USD_PER_METRIC_TON,35.0,USD_PER_TROY_OUNCE,1.269,USD_PER_KILOGRAM,1125.276129901979,USD_PER_KILOGRAM,0.001127723202,-9.357142857143,-6.553755522828,57.054455445545,0.001192892391,0.001043151367,0.000861714419,0.000718045979,30.869714678584,95.230769230769,77.529192234963,1.917974596026
1965-01,1965-01-31T23:59:59Z,1001.0,USD_PER_METRIC_TON,35.0,USD_PER_TROY_OUNCE,1.001,USD_PER_KILOGRAM,1125.276129901979,USD_PER_KILOGRAM,0.000889559436,-21.118991331757,-28.5,17.076023391813,0.00108714057,0.001064775689,0.000887263704,0.0007311909,0.258743009765,52.591463414634,56.435634845203,0.739895959252
1965-02,1965-02-28T23:59:59Z,1180.0,USD_PER_METRIC_TON,35.0,USD_PER_TROY_OUNCE,1.18,USD_PER_KILOGRAM,1125.276129901979,USD_PER_KILOGRAM,0.001048631504,17.882117882118,-7.013396375099,18.118118118118,0.001021971381,0.001091583924,0.00092325487,0.000750963825,13.579850806128,70.028818443804,63.565760710978,1.350344381175
1965-03,1965-03-31T23:59:59Z,1237.0,USD_PER_METRIC_TON,35.0,USD_PER_TROY_OUNCE,1.237,USD_PER_KILOGRAM,1125.276129901979,USD_PER_KILOGRAM,0.001099285737,4.830508474576,23.576423576424,6.454388984509,0.001012492226,0.001102692308,0.000959690371,0.000772847343,14.545875453353,66.040268456376,65.502030412816,1.43337686607
1965-04,1965-04-30T23:59:59Z,1348.0,USD_PER_METRIC_TON,35.0,USD_PER_TROY_OUNCE,1.348,USD_PER_KILOGRAM,1125.276129901979,USD_PER_KILOGRAM,0.001197928192,8.973322554567,14.237288135593,-0.736377025037,0.001115281811,0.001101211191,0.000995681537,0.000798840962,20.312383785794,56.380510440835,68.961357795812,1.670523881054
1965-05,1965-05-31T23:59:59Z,1379.0,USD_PER_METRIC_TON,35.0,USD_PER_TROY_OUNCE,1.379,USD_PER_KILOGRAM,1125.276129901979,USD_PER_KILOGRAM,0.001225476986,2.299703264095,11.479385610348,-1.5,0.001174230305,0.001098100843,0.001036486336,0.000825982449,18.233781080309,66.545893719807,69.870056371198,1.606801087396
1965-06,1965-06-30T23:59:59Z,1309.0,USD_PER_METRIC_TON,35.0,USD_PER_TROY_OUNCE,1.309,USD_PER_KILOGRAM,1125.276129901979,USD_PER_KILOGRAM,0.001163270032,-5.07614213198,-2.893175074184,3.152088258471,0.001195558403,0.001104025315,0.001073588341,0.000850531979,8.353452438436,62.004950495049,65.226385058203,1.242933539366
1965-07,1965-07-31T23:59:59Z,1134.0,USD_PER_METRIC_TON,35.0,USD_PER_TROY_OUNCE,1.134,USD_PER_KILOGRAM,1125.276129901979,USD_PER_KILOGRAM,0.001007752648,-13.368983957219,-17.766497461929,13.286713286713,0.001132166556,0.001123724183,0.001094249936,0.000868601618,-7.904710341094,32.631578947368,55.326536439326,0.564201710941
1965-08,1965-08-31T23:59:59Z,1210.0,USD_PER_METRIC_TON,35.0,USD_PER_TROY_OUNCE,1.21,USD_PER_KILOGRAM,1125.276129901979,USD_PER_KILOGRAM,0.001075291627,6.701940035273,-7.563025210084,2.542372881356,0.001082104769,0.001128167537,0.00110987573,0.000889485381,-3.116033896043,21.121121121121,58.287491263797,0.767835611984
1965-09,1965-09-30T23:59:59Z,1328.0,USD_PER_METRIC_TON,35.0,USD_PER_TROY_OUNCE,1.328,USD_PER_KILOGRAM,1125.276129901979,USD_PER_KILOGRAM,0.001180154777,9.752066115702,17.10758377425,7.356507679871,0.001087733017,0.00114164571,0.001122169009,0.000914738442,5.167293605227,14.285714285714,62.449051336362,1.108837436846
1965-10,1965-10-31T23:59:59Z,1402.0,USD_PER_METRIC_TON,35.0,USD_PER_TROY_OUNCE,1.402,USD_PER_KILOGRAM,1125.276129901979,USD_PER_KILOGRAM,0.001245916414,5.572289156626,15.867768595041,4.005934718101,0.001167120939,0.001149643747,0.001125427469,0.000942731571,10.706060406659,3.240058910162,64.819478044797,1.278380397479
1965-11,1965-11-30T23:59:59Z,1469.0,USD_PER_METRIC_TON,35.0,USD_PER_TROY_OUNCE,1.469,USD_PER_KILOGRAM,1125.276129901979,USD_PER_KILOGRAM,0.001305457355,4.778887303852,10.617469879518,6.526468455402,0.001243842848,0.001162973809,0.001130537326,0.000973205572,15.472291366435,4.928571428571,66.859312390633,1.414962648614
1965-12,1965-12-31T23:59:59Z,1518.0,USD_PER_METRIC_TON,35.0,USD_PER_TROY_OUNCE,1.518,USD_PER_KILOGRAM,1125.276129901979,USD_PER_KILOGRAM,0.001349002222,3.335602450647,8.273894436519,15.966386554622,0.00130012533,0.001193929174,0.001148977244,0.001005345832,17.408959071866,19.621749408983,68.306640060604,1.486191028451
1966-01,1966-01-31T23:59:59Z,1679.0,USD_PER_METRIC_TON,35.0,USD_PER_TROY_OUNCE,1.679,USD_PER_KILOGRAM,1125.276129901979,USD_PER_KILOGRAM,0.001492078216,10.606060606061,14.2954390742,48.059964726631,0.001382179264,0.001274650102,0.001199187142,0.001043225423,24.424133885012,67.732267732268,72.548750293993,1.923176049012
1966-02,1966-02-28T23:59:59Z,1874.0,USD_PER_METRIC_TON,35.0,USD_PER_TROY_OUNCE,1.874,USD_PER_KILOGRAM,1125.276129901979,USD_PER_KILOGRAM,0.001665369015,11.614055985706,23.451910408432,54.876033057851,0.001502149818,0.001372996333,0.001250581935,0.001086918402,33.167525315331,58.813559322034,76.628981112952,2.339945110286
1966-03,1966-03-31T23:59:59Z,1875.0,USD_PER_METRIC_TON,35.0,USD_PER_TROY_OUNCE,1.875,USD_PER_KILOGRAM,1125.276129901979,USD_PER_KILOGRAM,0.001666257686,0.053361792956,11.673615247171,41.189759036145,0.001607901639,0.001454013485,0.001297829597,0.001128759984,28.388017118402,51.576394502829,76.648149871115,2.094998128868
1966-04,1966-04-30T23:59:59Z,1907.0,USD_PER_METRIC_TON,35.0,USD_PER_TROY_OUNCE,1.907,USD_PER_KILOGRAM,1125.276129901979,USD_PER_KILOGRAM,0.00169469515,1.706666666667,1.760939167556,36.01997146933,0.001675440617,0.001528809941,0.001339226844,0.001167454191,26.542800265428,41.46884272997,77.290049581339,1.962323058649
1966-05,1966-05-31T23:59:59Z,1664.0,USD_PER_METRIC_TON,35.0,USD_PER_TROY_OUNCE,1.664,USD_PER_KILOGRAM,1125.276129901979,USD_PER_KILOGRAM,0.001478748154,-12.742527530152,-11.253333333333,13.274336283186,0.001613233663,0.001557691741,0.001360332775,0.001198409556,8.704883227176,20.667150108774,63.104472596929,1.078970950385
1966-06,1966-06-30T23:59:59Z,1696.0,USD_PER_METRIC_TON,35.0,USD_PER_TROY_OUNCE,1.696,USD_PER_KILOGRAM,1125.276129901979,USD_PER_KILOGRAM,0.001507185619,1.923076923077,-11.064499213424,11.725955204216,0.001560209641,0.00158405564,0.001388992407,0.001231290374,8.50927703135,29.564553093965,64.040451452767,1.119054613837
1966-07,1966-07-31T23:59:59Z,1568.0,USD_PER_METRIC_TON,35.0,USD_PER_TROY_OUNCE,1.568,USD_PER_KILOGRAM,1125.276129901979,USD_PER_KILOGRAM,0.001393435761,-7.547169811321,-5.769230769231,-6.611078022633,0.001459789844,0.001567615231,0.001421132666,0.001257691301,-1.948931735279,38.271604938272,57.73159630562,0.595737982203
1966-08,1966-08-31T23:59:59Z,1195.0,USD_PER_METRIC_TON,35.0,USD_PER_TROY_OUNCE,1.195,USD_PER_KILOGRAM,1125.276129901979,USD_PER_KILOGRAM,0.001061961565,-23.788265306122,-29.540094339623,-36.232657417289,0.001320860981,0.001467047322,0.001420021828,0.001264948779,-25.215123859192,-1.239669421488,44.098283440095,-0.928810271746
1966-09,1966-09-30T23:59:59Z,1128.0,USD_PER_METRIC_TON,35.0,USD_PER_TROY_OUNCE,1.128,USD_PER_KILOGRAM,1125.276129901979,USD_PER_KILOGRAM,0.001002420624,-5.606694560669,-28.061224489796,-39.84,0.001152605983,0.001356407812,0.001405210648,0.001263689829,-28.664031620553,-15.060240963855,42.17181973657,-1.187789918033
1966-10,1966-10-31T23:59:59Z,1275.0,USD_PER_METRIC_TON,35.0,USD_PER_TROY_OUNCE,1.275,USD_PER_KILOGRAM,1125.276129901979,USD_PER_KILOGRAM,0.001133055226,13.031914893617,6.694560669456,-33.141059255375,0.001065812472,0.001262801158,0.001395805549,0.001260616509,-18.824278438031,-9.058487874465,47.582396049576,-0.576555488192
1966-11,1966-11-30T23:59:59Z,1302.0,USD_PER_METRIC_TON,35.0,USD_PER_TROY_OUNCE,1.302,USD_PER_KILOGRAM,1125.276129901979,USD_PER_KILOGRAM,0.001157049337,2.117647058824,15.425531914894,-21.754807692308,0.001097508396,0.001209184689,0.001383438215,0.00125698777,-16.364220330817,-11.368277739959,48.534859407614,-0.449768277807
1966-12,1966-12-31T23:59:59Z,1215.0,USD_PER_METRIC_TON,35.0,USD_PER_TROY_OUNCE,1.215,USD_PER_KILOGRAM,1125.276129901979,USD_PER_KILOGRAM,0.00107973498,-6.68202764977,-4.705882352941,-28.360849056604,0.001123279848,0.001137942915,0.001360999278,0.001254988261,-20.666013712047,-19.9604743083,45.656070541853,-0.78390036375
1967-01,1967-01-31T23:59:59Z,1244.0,USD_PER_METRIC_TON,35.0,USD_PER_TROY_OUNCE,1.244,USD_PER_KILOGRAM,1125.276129901979,USD_PER_KILOGRAM,0.001105506433,2.38683127572,-4.454685099846,-20.663265306122,0.001114096917,0.001089954694,0.001328784962,0.001263986052,-16.803210165524,-25.908278737344,46.789046025037,-0.744868385149
1967-02,1967-02-28T23:59:59Z,1220.0,USD_PER_METRIC_TON,35.0,USD_PER_TROY_OUNCE,1.22,USD_PER_KILOGRAM,1125.276129901979,USD_PER_KILOGRAM,0.001084178334,-1.929260450161,0.411522633745,2.092050209205,0.001089806582,0.001093657489,0.001280352406,0.00126546717,-15.321880964775,-34.898612593383,45.935521407151,-0.857657180705
1967-03,1967-03-31T23:59:59Z,1098.0,USD_PER_METRIC_TON,35.0,USD_PER_TROY_OUNCE,1.098,USD_PER_KILOGRAM,1125.276129901979,USD_PER_KILOGRAM,0.000975760501,-10.0,-11.736334405145,-2.659574468085,0.001055148422,0.001089214135,0.001222810974,0.001260320286,-20.203488372093,-41.44,41.764761943209,-1.312575465944
1967-04,1967-04-30T23:59:59Z,995.0,USD_PER_METRIC_TON,35.0,USD_PER_TROY_OUNCE,0.995,USD_PER_KILOGRAM,1125.276129901979,USD_PER_KILOGRAM,0.000884227412,-9.380692167577,-18.44262295082,-21.960784313725,0.000981388749,0.001047742833,0.001155271995,0.00124724942,-23.461538461538,-47.823807026744,38.579906386499,-1.583444349288
1967-05,1967-05-31T23:59:59Z,1036.0,USD_PER_METRIC_TON,35.0,USD_PER_TROY_OUNCE,1.036,USD_PER_KILOGRAM,1125.276129901979,USD_PER_KILOGRAM,0.000920662913,4.120603015075,-5.646630236794,-20.430107526882,0.000926883609,0.001008345095,0.001108764892,0.001234548833,-16.965001335827,-37.740384615385,40.524154430493,-1.316761888538
1967-06,1967-06-30T23:59:59Z,1015.0,USD_PER_METRIC_TON,35.0,USD_PER_TROY_OUNCE,1.015,USD_PER_KILOGRAM,1125.276129901979,USD_PER_KILOGRAM,0.000902000827,-2.027027027027,2.010050251256,-16.460905349794,0.000902297051,0.000978722737,0.001058332826,0.001223662616,-14.771534532223,-40.153301886792,39.828717672335,-1.301290544985
1967-07,1967-07-31T23:59:59Z,997.0,USD_PER_METRIC_TON,35.0,USD_PER_TROY_OUNCE,0.997,USD_PER_KILOGRAM,1125.276129901979,USD_PER_KILOGRAM,0.000886004753,-1.773399014778,-3.764478764479,-19.855305466238,0.000902889498,0.000942139123,0.001016046909,0.001218589787,-12.798833819242,-36.415816326531,39.207631047359,-1.315853755484
1967-08,1967-08-31T23:59:59Z,1045.0,USD_PER_METRIC_TON,35.0,USD_PER_TROY_OUNCE,1.045,USD_PER_KILOGRAM,1125.276129901979,USD_PER_KILOGRAM,0.00092866095,4.81444332999,2.955665024631,-14.344262295082,0.00090555551,0.000916219559,0.001004938524,0.001212480176,-7.59027266028,-12.55230125523,41.81337900525,-1.100659734237
1967-09,1967-09-30T23:59:59Z,1060.0,USD_PER_METRIC_TON,35.0,USD_PER_TROY_OUNCE,1.06,USD_PER_KILOGRAM,1125.276129901979,USD_PER_KILOGRAM,0.000941991012,1.435406698565,6.318956870612,-3.460837887067,0.000918885572,0.000910591311,0.000999902723,0.001202556686,-5.791734557843,-6.028368794326,42.640789845114,-0.989095647189
1967-10,1967-10-31T23:59:59Z,1138.0,USD_PER_METRIC_TON,35.0,USD_PER_TROY_OUNCE,1.138,USD_PER_KILOGRAM,1125.276129901979,USD_PER_KILOGRAM,0.001011307331,7.358490566038,8.8995215311,14.371859296482,0.000960653098,0.000931771298,0.000989757065,0.001192781307,2.177328843996,-10.745098039216,46.871503403227,-0.682262614485
1967-11,1967-11-30T23:59:59Z,1444.0,USD_PER_METRIC_TON,35.0,USD_PER_TROY_OUNCE,1.444,USD_PER_KILOGRAM,1125.276129901979,USD_PER_KILOGRAM,0.001283240586,26.88927943761,36.22641509434,39.382239382239,0.00107884631,0.00099220091,0.001000273003,0.001191855609,28.289035315022,10.906298003072,59.49391276265,0.344027037818
1967-12,1967-12-31T23:59:59Z,1324.0,USD_PER_METRIC_TON,35.0,USD_PER_TROY_OUNCE,1.324,USD_PER_KILOGRAM,1125.276129901979,USD_PER_KILOGRAM,0.001176600094,-8.310249307479,16.34446397188,30.443349753695,0.001157049337,0.001037967454,0.001008345095,0.001184672187,16.68625146886,8.971193415638,54.068831804969,-0.030621376038
1968-01,1968-01-31T23:59:59Z,1409.0,USD_PER_METRIC_TON,36.0,USD_PER_TROY_OUNCE,1.409,USD_PER_KILOGRAM,1157.426876470607,USD_PER_KILOGRAM,0.001217355523,3.463830144344,-5.134272083718,37.398306029199,0.001225732067,0.001093192583,0.001017665853,0.001173225408,19.622321899629,10.117452661665,55.730286164612,0.1724752192
1968-02,1968-02-29T23:59:59Z,1720.0,USD_PER_METRIC_TON,36.0,USD_PER_TROY_OUNCE,1.72,USD_PER_KILOGRAM,1157.426876470607,USD_PER_KILOGRAM,0.001486055003,22.072391767211,26.300772071165,60.021265284423,0.001293336873,0.001186091591,0.001051155575,0.001165753991,41.373459598776,37.067395264117,64.77670925818,1.314254973166
1968-03,1968-03-31T23:59:59Z,1701.0,USD_PER_METRIC_TON,37.0,USD_PER_TROY_OUNCE,1.701,USD_PER_KILOGRAM,1189.577623039235,USD_PER_KILOGRAM,0.001429919298,-3.777498428661,17.461109086375,51.79755226925,0.001377776608,0.001267412972,0.001089002142,0.001155906558,31.305462437976,46.544085068675,61.929466148129,1.204302998037
1968-04,1968-04-30T23:59:59Z,1255.0,USD_PER_METRIC_TON,38.0,USD_PER_TROY_OUNCE,1.255,USD_PER_KILOGRAM,1221.728369607863,USD_PER_KILOGRAM,0.001027233247,-28.161453015254,-30.875152998776,1.574784941264,0.001314402516,0.001270067292,0.001100919295,0.001128095645,-6.693138012706,16.172970113727,46.231166513431,-0.506917289995
1968-05,1968-05-31T23:59:59Z,1097.0,USD_PER_METRIC_TON,41.0,USD_PER_TROY_OUNCE,1.097,USD_PER_KILOGRAM,1318.180609313747,USD_PER_KILOGRAM,0.00083220766,-18.985521329317,-41.800375675714,-35.147962975475,0.001096453402,0.001194895137,0.001093548024,0.001101156458,-23.898389301008,-9.607778510218,40.832670847181,-1.390908191933
1968-06,1968-06-30T23:59:59Z,1137.0,USD_PER_METRIC_TON,41.0,USD_PER_TROY_OUNCE,1.137,USD_PER_KILOGRAM,1318.180609313747,USD_PER_KILOGRAM,0.000862552515,3.646308113036,-16.031483820814,-26.691106034927,0.000907331141,0.001142553874,0.001090260664,0.001074296745,-20.885661253935,-4.373423044575,41.968158507612,-1.180546684312
1968-07,1968-07-31T23:59:59Z,1054.0,USD_PER_METRIC_TON,39.0,USD_PER_TROY_OUNCE,1.054,USD_PER_KILOGRAM,1253.879116176491,USD_PER_KILOGRAM,0.000840591399,-2.546061385112,1.007409485076,-30.949391275864,0.000845117191,0.001079759854,0.001086476218,0.001051261563,-22.631403736723,-5.125633310187,41.349677164049,-1.223012460403
1968-08,1968-08-31T23:59:59Z,1056.0,USD_PER_METRIC_TON,39.0,USD_PER_TROY_OUNCE,1.056,USD_PER_KILOGRAM,1253.879116176491,USD_PER_KILOGRAM,0.000842186449,0.189753320683,-2.361139300453,-43.327370304114,0.000848443454,0.000972448428,0.00107927001,0.001042104267,-21.967029451124,-9.311740890688,41.417204773241,-1.128119751292
1968-09,1968-09-30T23:59:59Z,1110.0,USD_PER_METRIC_TON,40.0,USD_PER_TROY_OUNCE,1.11,USD_PER_KILOGRAM,1286.029862745119,USD_PER_KILOGRAM,0.000863121481,2.485795454545,2.680265654649,-39.638447971781,0.00084863311,0.000877982125,0.001072697549,0.001036300136,-19.537293413372,-8.372641509434,42.355315769825,-0.958559487971
1968-10,1968-10-31T23:59:59Z,1080.0,USD_PER_METRIC_TON,39.0,USD_PER_TROY_OUNCE,1.08,USD_PER_KILOGRAM,1253.879116176491,USD_PER_KILOGRAM,0.00086132705,-0.2079002079,2.272727272727,-16.150781489427,0.000855544993,0.000850331092,0.001060199192,0.001024978129,-18.757997893732,-14.830336622955,42.29280016014,-0.895493323368
1968-11,1968-11-30T23:59:59Z,1100.0,USD_PER_METRIC_TON,40.0,USD_PER_TROY_OUNCE,1.1,USD_PER_KILOGRAM,1286.029862745119,USD_PER_KILOGRAM,0.000855345612,-0.694444444444,-0.900900900901,2.78030993619,0.000859931381,0.000854187418,0.001024541277,0.00101240714,-16.514284898687,-33.34487534626,42.069897408992,-0.855421672257
1968-12,1968-12-31T23:59:59Z,1185.0,USD_PER_METRIC_TON,41.0,USD_PER_TROY_OUNCE,1.185,USD_PER_KILOGRAM,1318.180609313747,USD_PER_KILOGRAM,0.000898966342,5.09977827051,4.369918699187,4.221635883905,0.000871879668,0.000860256389,0.001001405131,0.001004875113,-10.229505179968,-23.596271461204,44.372457014571,-0.574352588035
1969-01,1969-01-31T23:59:59Z,1256.0,USD_PER_METRIC_TON,42.0,USD_PER_TROY_OUNCE,1.256,USD_PER_KILOGRAM,1350.331355882375,USD_PER_KILOGRAM,0.000930142068,3.467952581877,8.744588744589,10.653293575495,0.000894818007,0.0008751815,0.000977470677,0.000997568265,-4.841946661051,-23.593227212816,46.023726004874,-0.36696981083
1969-02,1969-02-28T23:59:59Z,1285.0,USD_PER_METRIC_TON,43.0,USD_PER_TROY_OUNCE,1.285,USD_PER_KILOGRAM,1382.482102451003,USD_PER_KILOGRAM,0.000929487621,-0.070359946675,3.395152585615,10.366014799154,0.00091953201,0.000889731696,0.000931090062,0.000991122819,-0.172103770062,-37.452677122769,45.992861361291,-0.336254696527
1969-03,1969-03-31T23:59:59Z,1278.0,USD_PER_METRIC_TON,43.0,USD_PER_TROY_OUNCE,1.278,USD_PER_KILOGRAM,1382.482102451003,USD_PER_KILOGRAM,0.000924424264,-0.544747081712,-0.61472374463,7.102451288498,0.000928017984,0.000899948826,0.000888965476,0.000988983809,3.988770023334,-35.351298141996,45.737298104895,-0.35131601908
1969-04,1969-04-30T23:59:59Z,1388.0,USD_PER_METRIC_TON,43.0,USD_PER_TROY_OUNCE,1.388,USD_PER_KILOGRAM,1382.482102451003,USD_PER_KILOGRAM,0.001003991298,8.607198748044,8.015564202335,16.56330749354,0.000952634394,0.000923726201,0.000887028646,0.000993973971,13.185893337141,-2.26257759659,50.401289084059,0.054897279476
1969-05,1969-05-31T23:59:59Z,1392.0,USD_PER_METRIC_TON,43.0,USD_PER_TROY_OUNCE,1.392,USD_PER_KILOGRAM,1382.482102451003,USD_PER_KILOGRAM,0.001006884644,0.28818443804,8.920187793427,17.716701902748,0.000978433402,0.000948982706,0.000901585062,0.000997566543,11.679384114368,20.989591062305,50.567676050926,0.051242571534
1969-06,1969-06-30T23:59:59Z,1483.0,USD_PER_METRIC_TON,41.0,USD_PER_TROY_OUNCE,1.483,USD_PER_KILOGRAM,1318.180609313747,USD_PER_KILOGRAM,0.001125035514,11.734300532661,12.056301398749,25.147679324895,0.001045303819,0.000986660902,0.000923458645,0.001006859655,21.828467410013,30.430958663149,56.922717000198,0.647823623183
1969-07,1969-07-31T23:59:59Z,1454.0,USD_PER_METRIC_TON,42.0,USD_PER_TROY_OUNCE,1.454,USD_PER_KILOGRAM,1350.331355882375,USD_PER_KILOGRAM,0.001076772744,-4.289888578493,6.941023535851,15.764331210191,0.001069564301,0.001011099348,0.000943140424,0.001014808321,14.168867874198,28.097045269721,53.875797101444,0.342094961675
1969-08,1969-08-31T23:59:59Z,1607.0,USD_PER_METRIC_TON,41.0,USD_PER_TROY_OUNCE,1.607,USD_PER_KILOGRAM,1318.180609313747,USD_PER_KILOGRAM,0.001219104566,13.218371523468,8.361429534727,31.158773844548,0.001140304275,0.001059368839,0.000974550267,0.001026910138,25.094067232745,44.754711751663,60.577616776493,1.040909516484
1969-09,1969-09-30T23:59:59Z,1579.0,USD_PER_METRIC_TON,41.0,USD_PER_TROY_OUNCE,1.579,USD_PER_KILOGRAM,1318.180609313747,USD_PER_KILOGRAM,0.001197863167,-1.742377100187,11.245680544838,29.579373258521,0.001164580159,0.001104941989,0.001002445408,0.001037571478,19.494104959665,38.782685124149,59.195271077646,0.858073134319
1969-10,1969-10-31T23:59:59Z,1554.0,USD_PER_METRIC_TON,40.0,USD_PER_TROY_OUNCE,1.554,USD_PER_KILOGRAM,1286.029862745119,USD_PER_KILOGRAM,0.001208370074,0.877137428752,-0.88052271313,20.356628242075,0.001208445936,0.001139005118,0.00103136566,0.001045782426,17.162139584183,40.291666666667,59.685325224044,0.856731718404
1969-11,1969-11-30T23:59:59Z,1631.0,USD_PER_METRIC_TON,37.0,USD_PER_TROY_OUNCE,1.631,USD_PER_KILOGRAM,1189.577623039235,USD_PER_KILOGRAM,0.001371074883,13.464816167519,14.460058538589,36.17000621311,0.001259102708,0.001199703492,0.001074343099,0.001049442188,27.619834321928,60.29484029484,66.412354918551,1.648611615822
1969-12,1969-12-31T23:59:59Z,1700.0,USD_PER_METRIC_TON,35.0,USD_PER_TROY_OUNCE,1.7,USD_PER_KILOGRAM,1125.276129901979,USD_PER_KILOGRAM,0.001510740302,10.186563895945,25.022982165839,34.283787689047,0.001363395086,0.001263987623,0.001125324262,0.001063364697,34.24933173111,68.053044002411,70.900965652552,2.084534768022
1970-01,1970-01-31T23:59:59Z,1626.0,USD_PER_METRIC_TON,35.0,USD_PER_TROY_OUNCE,1.626,USD_PER_KILOGRAM,1125.276129901979,USD_PER_KILOGRAM,0.001444978665,-4.352941176471,5.39020758518,34.195323246217,0.001442264616,0.001325355276,0.001168227312,0.001072848994,23.68985473688,55.350318471338,66.401327812363,1.64700853219
1970-02,1970-02-28T23:59:59Z,1657.0,USD_PER_METRIC_TON,35.0,USD_PER_TROY_OUNCE,1.657,USD_PER_KILOGRAM,1125.276129901979,USD_PER_KILOGRAM,0.001472527459,1.906519065191,-2.529411764706,20.787625566717,0.001476082142,0.001367592425,0.001213480632,0.001072285347,21.347421648165,58.42356864925,67.336523455194,1.77944026681
1970-03,1970-03-31T23:59:59Z,1754.0,USD_PER_METRIC_TON,35.0,USD_PER_TROY_OUNCE,1.754,USD_PER_KILOGRAM,1125.276129901979,USD_PER_KILOGRAM,0.001558728523,5.853952926976,7.872078720787,30.125757712838,0.001492078216,0.001427736651,0.00126633932,0.001077652398,23.089325149683,68.616141292198,70.13745150056,2.049582701883
1970-04,1970-04-30T23:59:59Z,1742.0,USD_PER_METRIC_TON,36.0,USD_PER_TROY_OUNCE,1.742,USD_PER_KILOGRAM,1157.426876470607,USD_PER_KILOGRAM,0.001505062683,-3.442924109971,2.209481660296,24.553124553125,0.001512106222,0.001477185419,0.001308095269,0.001097561958,15.057574084143,49.907941082293,66.324315380246,1.633897866065
1970-05,1970-05-31T23:59:59Z,1598.0,USD_PER_METRIC_TON,36.0,USD_PER_TROY_OUNCE,1.598,USD_PER_KILOGRAM,1157.426876470607,USD_PER_KILOGRAM,0.001380648776,-8.266360505166,-11.424680096288,0.698276449349,0.001481479994,0.001478781068,0.00133924228,0.001120413671,3.091785307213,37.120849297573,58.397764849637,1.044410352872
1970-06,1970-06-30T23:59:59Z,1458.0,USD_PER_METRIC_TON,35.0,USD_PER_TROY_OUNCE,1.458,USD_PER_KILOGRAM,1125.276129901979,USD_PER_KILOGRAM,0.001295681976,-6.154121222957,-13.911759881909,-14.235294117647,0.001393797812,0.001442938014,0.001353462818,0.001138460732,-4.269111866702,15.168095559195,53.679473873452,0.640418314488
1970-07,1970-07-31T23:59:59Z,1367.0,USD_PER_METRIC_TON,35.0,USD_PER_TROY_OUNCE,1.367,USD_PER_KILOGRAM,1125.276129901979,USD_PER_KILOGRAM,0.001214812937,-6.241426611797,-12.011442875022,-15.928659286593,0.001297047896,0.001404577059,0.001364966168,0.001154053296,-11.00050934512,12.819807427785,49.57402727781,0.25545503939
1970-08,1970-08-31T23:59:59Z,1267.0,USD_PER_METRIC_TON,35.0,USD_PER_TROY_OUNCE,1.267,USD_PER_KILOGRAM,1125.276129901979,USD_PER_KILOGRAM,0.00112594586,-7.315288953914,-13.100137174211,-23.536511768256,0.001212146924,0.001346813459,0.001357202942,0.001165876605,-17.039241127245,-7.64156813939,45.459498640888,-0.174417335338
1970-09,1970-09-30T23:59:59Z,1247.0,USD_PER_METRIC_TON,36.0,USD_PER_TROY_OUNCE,1.247,USD_PER_KILOGRAM,1157.426876470607,USD_PER_KILOGRAM,0.001077389877,-4.312461632904,-11.312281557344,-30.880210312936,0.001139382891,0.001266590351,0.001347163501,0.001174804454,-20.025306801636,-10.057349940187,43.34275184148,-0.440794805082
1970-10,1970-10-31T23:59:59Z,1142.0,USD_PER_METRIC_TON,38.0,USD_PER_TROY_OUNCE,1.142,USD_PER_KILOGRAM,1221.728369607863,USD_PER_KILOGRAM,0.000934741329,-13.240197526696,-16.98168072114,-37.893528309868,0.001046025689,0.001171536793,0.001324361106,0.001177863383,-29.419451763087,-22.644448960238,37.777478244387,-1.119803679216
1970-11,1970-11-30T23:59:59Z,1085.0,USD_PER_METRIC_TON,37.0,USD_PER_TROY_OUNCE,1.085,USD_PER_KILOGRAM,1189.577623039235,USD_PER_KILOGRAM,0.000912088441,-2.423439201022,-15.342768590563,-33.937692385752,0.000974739882,0.001093443403,0.001286112236,0.001180227667,-29.081738280042,-33.476394849785,36.965750356336,-1.253742264906
1970-12,1970-12-31T23:59:59Z,1046.0,USD_PER_METRIC_TON,37.0,USD_PER_TROY_OUNCE,1.046,USD_PER_KILOGRAM,1189.577623039235,USD_PER_KILOGRAM,0.000879303695,-3.594470046083,-5.93079945094,-32.135839543247,0.000908711155,0.001024047023,0.001233492518,0.00117940839,-28.714306547279,-41.796502384738,35.767896505213,-1.395954427681
1971-01,1971-01-31T23:59:59Z,1010.0,USD_PER_METRIC_TON,38.0,USD_PER_TROY_OUNCE,1.01,USD_PER_KILOGRAM,1221.728369607863,USD_PER_KILOGRAM,0.000826697673,-5.982690953004,-9.362114964831,-31.948561968198,0.000872696603,0.000959361146,0.001181969102,0.001175098207,-30.057590242887,-42.78824367191,33.871260477673,-1.577245058743
1971-02,1971-02-28T23:59:59Z,1020.0,USD_PER_METRIC_TON,39.0,USD_PER_TROY_OUNCE,1.02,USD_PER_KILOGRAM,1253.879116176491,USD_PER_KILOGRAM,0.000813475547,-1.599390708302,-7.486395058097,-27.751806204845,0.000839825638,0.00090728276,0.00112704811,0.001170264371,-27.822464720536,-44.756510839794,33.391987041847,-1.56907810669
1971-03,1971-03-31T23:59:59Z,1144.0,USD_PER_METRIC_TON,39.0,USD_PER_TROY_OUNCE,1.144,USD_PER_KILOGRAM,1253.879116176491,USD_PER_KILOGRAM,0.000912368653,12.156862745098,10.36303630363,-15.316760224539,0.000850847291,0.000879779223,0.001073184787,0.001169762054,-14.984943543335,-41.467122767009,40.206789738062,-1.129202152084
1971-04,1971-04-30T23:59:59Z,1252.0,USD_PER_METRIC_TON,39.0,USD_PER_TROY_OUNCE,1.252,USD_PER_KILOGRAM,1253.879116176491,USD_PER_KILOGRAM,0.000998501358,9.440559440559,22.745098039216,6.821141497149,0.000908115186,0.000890405895,0.001030971344,0.001169533306,-3.14945570001,-33.657157996997,45.442416602317,-0.749772981518
1971-05,1971-05-31T23:59:59Z,1114.0,USD_PER_METRIC_TON,41.0,USD_PER_TROY_OUNCE,1.114,USD_PER_KILOGRAM,1318.180609313747,USD_PER_KILOGRAM,0.000845104223,-15.36273669446,-7.372505543237,-7.344048555693,0.000918658078,0.000879241858,0.000986342631,0.001162792455,-14.319406169239,-38.789340333954,38.908222246092,-1.351280117959
1971-06,1971-06-30T23:59:59Z,1074.0,USD_PER_METRIC_TON,40.0,USD_PER_TROY_OUNCE,1.074,USD_PER_KILOGRAM,1286.029862745119,USD_PER_KILOGRAM,0.000835128352,-1.180430879713,-16.361821086262,-5.023900573614,0.000892911311,0.000871879301,0.000947963162,0.00115071299,-11.902868651338,-35.545267489712,38.520305416486,-1.293325581408
1971-07,1971-07-31T23:59:59Z,1115.0,USD_PER_METRIC_TON,41.0,USD_PER_TROY_OUNCE,1.115,USD_PER_KILOGRAM,1318.180609313747,USD_PER_KILOGRAM,0.000845862845,1.285370395603,0.089766606822,2.318280608549,0.000842031807,0.000875073496,0.000917217321,0.001141091744,-7.779451477966,-30.370938676468,39.222496740913,-1.175354318599
1971-08,1971-08-31T23:59:59Z,1098.0,USD_PER_METRIC_TON,43.0,USD_PER_TROY_OUNCE,1.098,USD_PER_KILOGRAM,1382.482102451003,USD_PER_KILOGRAM,0.000794223663,-6.104911878194,-4.89801221255,-2.366621067031,0.00082507162,0.000871864849,0.000889573805,0.001123388373,-10.718631868372,-29.461647179751,37.031329278611,-1.266588944717
1971-09,1971-09-30T23:59:59Z,1056.0,USD_PER_METRIC_TON,42.0,USD_PER_TROY_OUNCE,1.056,USD_PER_KILOGRAM,1350.331355882375,USD_PER_KILOGRAM,0.000782030274,-1.535258912308,-7.546444586803,-14.285714285714,0.000807372261,0.000850141786,0.000864960504,0.001106062003,-9.587747673466,-27.414365906748,36.512632835862,-1.208745511301
1971-10,1971-10-31T23:59:59Z,1041.0,USD_PER_METRIC_TON,43.0,USD_PER_TROY_OUNCE,1.041,USD_PER_KILOGRAM,1382.482102451003,USD_PER_KILOGRAM,0.000752993473,-3.713002114165,-5.191256830601,-24.587636525745,0.000776415803,0.000809223805,0.00084981485,0.001087087978,-11.393231903387,-19.443652506822,35.246529016065,-1.209813189371
1971-11,1971-11-30T23:59:59Z,1014.0,USD_PER_METRIC_TON,43.0,USD_PER_TROY_OUNCE,1.014,USD_PER_KILOGRAM,1382.482102451003,USD_PER_KILOGRAM,0.000733463383,-2.593659942363,-6.210359408034,-13.210304371425,0.000756162377,0.000790616998,0.000834929428,0.001060520832,-12.152649280324,-19.584181759726,34.382935662377,-1.175544384366
1971-12,1971-12-31T23:59:59Z,1038.0,USD_PER_METRIC_TON,43.0,USD_PER_TROY_OUNCE,1.038,USD_PER_KILOGRAM,1382.482102451003,USD_PER_KILOGRAM,0.000750823463,2.366863905325,-0.28818443804,-10.094842146291,0.000745760107,0.000776566184,0.000824222742,0.00102885763,-8.905272239939,-14.611587887412,35.886677830087,-1.036508777448
1972-01,1972-01-31T23:59:59Z,1078.0,USD_PER_METRIC_TON,46.0,USD_PER_TROY_OUNCE,1.078,USD_PER_KILOGRAM,1478.934342156887,USD_PER_KILOGRAM,0.000728903217,-2.91949401022,-0.621730554841,-13.8272567752,0.000737730021,0.000757072912,0.000816073204,0.000999021153,-10.68163819957,-11.829530779165,34.802149178524,-1.038938005566
1972-02,1972-02-29T23:59:59Z,1112.0,USD_PER_METRIC_TON,48.0,USD_PER_TROY_OUNCE,1.112,USD_PER_KILOGRAM,1543.235835294143,USD_PER_KILOGRAM,0.000720563879,-1.144094001237,-4.03018625562,-9.274438372799,0.000733430187,0.000744796282,0.000808330565,0.000967689338,-10.857771546239,-11.421568627451,34.376511165554,-1.004673808159
1972-03,1972-03-31T23:59:59Z,1108.0,USD_PER_METRIC_TON,48.0,USD_PER_TROY_OUNCE,1.108,USD_PER_KILOGRAM,1543.235835294143,USD_PER_KILOGRAM,0.000717971923,-0.359712230216,-1.499690785405,-8.191287878788,0.000722479673,0.00073411989,0.000792130838,0.000932657813,-9.361952783579,-21.306818181818,34.236358067451,-0.986919484349
1972-04,1972-04-30T23:59:59Z,1133.0,USD_PER_METRIC_TON,49.0,USD_PER_TROY_OUNCE,1.133,USD_PER_KILOGRAM,1575.386581862771,USD_PER_KILOGRAM,0.000719188555,0.169454063214,-0.190867713992,-4.489403830697,0.000719241452,0.000728485737,0.000768854771,0.000899913057,-6.459765541628,-27.973202060377,34.371611744836,-0.973067076909
1972-05,1972-05-31T23:59:59Z,1106.0,USD_PER_METRIC_TON,55.0,USD_PER_TROY_OUNCE,1.106,USD_PER_KILOGRAM,1768.291061274539,USD_PER_KILOGRAM,0.000625462643,-13.032175238707,-12.88480472596,-14.72476241707,0.00068754104,0.000710485613,0.000750551306,0.000868446968,-16.666237517876,-25.989880855231,29.361707273674,-1.478391788113
1972-06,1972-06-30T23:59:59Z,1063.0,USD_PER_METRIC_TON,62.0,USD_PER_TROY_OUNCE,1.063,USD_PER_KILOGRAM,1993.346287254935,USD_PER_KILOGRAM,0.000533274126,-14.739252172899,-25.850582239558,-28.974765367642,0.000625975108,0.000674227391,0.000725396787,0.000836679975,-26.485182190339,-36.144650687812,25.434729057263,-1.997145667421
1972-07,1972-07-31T23:59:59Z,1035.0,USD_PER_METRIC_TON,66.0,USD_PER_TROY_OUNCE,1.035,USD_PER_KILOGRAM,2121.949273529447,USD_PER_KILOGRAM,0.000487759068,-8.535020952707,-22.016274864376,-33.083150615618,0.000548831946,0.000634036699,0.000695554806,0.000806386063,-29.874818777248,-42.33591520587,23.746106588214,-2.18437902863
1972-08,1972-08-31T23:59:59Z,1047.0,USD_PER_METRIC_TON,67.0,USD_PER_TROY_OUNCE,1.047,USD_PER_KILOGRAM,2154.100020098075,USD_PER_KILOGRAM,0.000486049854,-0.350421804023,-8.855534182334,-32.545903575647,0.000502361016,0.000594951028,0.000669873655,0.00077972373,-27.441562999867,-38.801892178452,23.682520892229,-2.046780729647
1972-09,1972-09-30T23:59:59Z,1061.0,USD_PER_METRIC_TON,65.0,USD_PER_TROY_OUNCE,1.061,USD_PER_KILOGRAM,2089.798526960818,USD_PER_KILOGRAM,0.000507704444,4.455220042613,4.089186176143,-29.286309358512,0.000493837789,0.000559906448,0.000647013169,0.000755986837,-21.531049348818,-35.078671328671,26.372478185826,-1.781895946066
1972-10,1972-10-31T23:59:59Z,918.0,USD_PER_METRIC_TON,65.0,USD_PER_TROY_OUNCE,0.918,USD_PER_KILOGRAM,2089.798526960818,USD_PER_KILOGRAM,0.000439276795,-13.477851083883,-9.623098964073,-38.920496978749,0.000477677031,0.000513254488,0.000620870113,0.000735342481,-29.248197572577,-41.662602527156,23.547979690146,-2.0035398564
1972-11,1972-11-30T23:59:59Z,1007.0,USD_PER_METRIC_TON,63.0,USD_PER_TROY_OUNCE,1.007,USD_PER_KILOGRAM,2025.497033823563,USD_PER_KILOGRAM,0.000497161923,13.177369713317,-2.076507637299,-20.512930910761,0.000481381054,0.000491871035,0.000601178324,0.000718053876,-17.302087792336,-32.217212986444,30.344204274665,-1.469365095754
1972-12,1972-12-31T23:59:59Z,1024.0,USD_PER_METRIC_TON,64.0,USD_PER_TROY_OUNCE,1.024,USD_PER_KILOGRAM,2057.647780392191,USD_PER_KILOGRAM,0.000497655629,0.099304865938,13.289760348584,-6.679209783631,0.000478031449,0.000485934619,0.000580081005,0.000702151874,-14.209287196982,-33.718689788054,30.401032962426,-1.340065162863
1973-01,1973-01-31T23:59:59Z,1119.0,USD_PER_METRIC_TON,65.0,USD_PER_TROY_OUNCE,1.119,USD_PER_KILOGRAM,2089.798526960818,USD_PER_KILOGRAM,0.000535458316,7.596153846154,7.703002062486,9.779264214047,0.000510091956,0.000493884494,0.000563960596,0.0006900169,-5.053948893689,-26.539175110604,34.788118177905,-1.004994982079
1973-02,1973-02-28T23:59:59Z,1244.0,USD_PER_METRIC_TON,74.0,USD_PER_TROY_OUNCE,1.244,USD_PER_KILOGRAM,2379.155246078471,USD_PER_KILOGRAM,0.000522874664,-2.350071250876,5.067567567568,7.576344252562,0.00051866287,0.000500021962,0.000547486495,0.00067790853,-4.495422484768,-27.435349018083,34.019397432536,-1.000035092481
1973-03,1973-03-31T23:59:59Z,1510.0,USD_PER_METRIC_TON,84.0,USD_PER_TROY_OUNCE,1.51,USD_PER_KILOGRAM,2700.66271176475,USD_PER_KILOGRAM,0.000559122023,6.932322768336,4.419336993064,10.127462860733,0.000539151668,0.000508591558,0.000534249003,0.000663189921,4.6556979687,-22.124806601341,38.252067757021,-0.699804987285
1973-04,1973-04-30T23:59:59Z,1588.0,USD_PER_METRIC_TON,91.0,USD_PER_TROY_OUNCE,1.588,USD_PER_KILOGRAM,2925.717937745146,USD_PER_KILOGRAM,0.00054277276,-2.924095771778,3.805519239603,23.560535325241,0.000541589816,0.000525840886,0.000519547687,0.000644201229,4.470248528368,-24.529839092946,37.096133038759,-0.762954648411
1973-05,1973-05-31T23:59:59Z,1552.0,USD_PER_METRIC_TON,102.0,USD_PER_TROY_OUNCE,1.552,USD_PER_KILOGRAM,3279.376150000054,USD_PER_KILOGRAM,0.000473260745,-12.80683558058,-15.356447214647,-4.807523803961,0.000525051843,0.000521857356,0.000506864196,0.000628707751,-6.629675351742,-24.334290678297,32.587218050589,-1.193304974744
1973-06,1973-06-30T23:59:59Z,1749.0,USD_PER_METRIC_TON,120.0,USD_PER_TROY_OUNCE,1.749,USD_PER_KILOGRAM,3858.089588235357,USD_PER_KILOGRAM,0.000453333174,-4.210695876289,-16.478274559194,-8.90625,0.000489788893,0.00051447028,0.00050020245,0.000612799618,-9.370061131851,-14.990592662277,31.408605071349,-1.252026636091
1973-07,1973-07-31T23:59:59Z,2021.0,USD_PER_METRIC_TON,120.0,USD_PER_TROY_OUNCE,2.021,USD_PER_KILOGRAM,3858.089588235357,USD_PER_KILOGRAM,0.000523834388,15.551743853631,10.686211340206,-2.170837056896,0.000483476103,0.000512532959,0.000503208726,0.000599381766,4.098828374294,7.3961352657,39.715799237218,-0.636026592706
1973-08,1973-08-31T23:59:59Z,2123.0,USD_PER_METRIC_TON,107.0,USD_PER_TROY_OUNCE,2.123,USD_PER_KILOGRAM,3440.129882843194,USD_PER_KILOGRAM,0.000617127862,17.809726840141,36.131193792982,18.025963878955,0.000531431808,0.000528241826,0.000514131894,0.000592002774,20.032985628091,26.96801720983,48.588996884976,0.224855119363
1973-09,1973-09-30T23:59:59Z,1936.0,USD_PER_METRIC_TON,103.0,USD_PER_TROY_OUNCE,1.936,USD_PER_KILOGRAM,3311.526896568682,USD_PER_KILOGRAM,0.000584624574,-5.266864530409,11.604848123826,4.561177907799,0.000575195608,0.000532492251,0.000520541905,0.000583777537,12.310760877859,15.150572367157,46.046091830152,0.008107335429
1973-10,1973-10-31T23:59:59Z,2065.0,USD_PER_METRIC_TON,100.0,USD_PER_TROY_OUNCE,2.065,USD_PER_KILOGRAM,3215.074656862798,USD_PER_KILOGRAM,0.000642286796,9.863119834711,4.076778144136,18.334382871537,0.000614679744,0.000549077923,0.000537459405,0.000579164759,19.504243573644,46.214596949891,50.950386520165,0.636205688928
1973-11,1973-11-30T23:59:59Z,2273.0,USD_PER_METRIC_TON,95.0,USD_PER_TROY_OUNCE,2.273,USD_PER_KILOGRAM,3054.320924019658,USD_PER_KILOGRAM,0.000744191608,15.865936026507,27.293932144411,57.247693977211,0.000657034326,0.000594233067,0.000558045212,0.000579611768,33.356866527863,49.687973658078,58.184409500647,1.646915763974
1973-12,1973-12-31T23:59:59Z,2244.0,USD_PER_METRIC_TON,107.0,USD_PER_TROY_OUNCE,2.244,USD_PER_KILOGRAM,3440.129882843194,USD_PER_KILOGRAM,0.000652300953,-12.347714535938,1.559141001561,43.889966496209,0.000679593119,0.000627394363,0.000570932322,0.000575506663,14.251887236691,31.07476635514,50.895170241009,0.810910220163
1974-01,1974-01-31T23:59:59Z,2032.0,USD_PER_METRIC_TON,129.0,USD_PER_TROY_OUNCE,2.032,USD_PER_KILOGRAM,4147.44630735301,USD_PER_KILOGRAM,0.000489940038,-24.890491785157,-34.164799448872,-6.470432551235,0.000628810866,0.000621745305,0.000567139132,0.000565549864,-13.612020417641,-8.500807060568,41.098174285933,-0.835284749259
1974-02,1974-02-28T23:59:59Z,2292.0,USD_PER_METRIC_TON,150.0,USD_PER_TROY_OUNCE,2.292,USD_PER_KILOGRAM,4822.611985294197,USD_PER_KILOGRAM,0.000475261126,-2.996062992126,-27.140819964349,-22.988224211022,0.000539167372,0.000598100849,0.000563171337,0.000555328916,-15.609851908443,-9.106109324759,40.342087259322,-0.929024692882
1974-03,1974-03-31T23:59:59Z,2743.0,USD_PER_METRIC_TON,168.0,USD_PER_TROY_OUNCE,2.743,USD_PER_KILOGRAM,5401.325423529501,USD_PER_KILOGRAM,0.000507838315,6.854587384692,3.65315663667,-13.134285222353,0.000491013159,0.000585303139,0.000558897695,0.000546573349,-9.135729249598,-9.172185430464,42.854747868523,-0.486361193789
1974-04,1974-04-30T23:59:59Z,3032.0,USD_PER_METRIC_TON,172.0,USD_PER_TROY_OUNCE,3.032,USD_PER_KILOGRAM,5529.928409804013,USD_PER_KILOGRAM,0.000548289196,7.965307039483,15.365883355656,-14.634833042401,0.000510462879,0.000569636872,0.000559357398,0.000539452542,-1.978735272759,1.016343506532,45.901585911485,0.124338504881
1974-05,1974-05-31T23:59:59Z,2876.0,USD_PER_METRIC_TON,163.0,USD_PER_TROY_OUNCE,2.876,USD_PER_KILOGRAM,5240.571690686361,USD_PER_KILOGRAM,0.000548795088,0.09226734869,8.064923765793,-26.256211217844,0.000534974199,0.000537070786,0.000565651926,0.000536258061,-2.98007272455,15.960407311365,45.94040599128,0.182174168347
1974-06,1974-06-30T23:59:59Z,2440.0,USD_PER_METRIC_TON,154.0,USD_PER_TROY_OUNCE,2.44,USD_PER_KILOGRAM,4951.214971568708,USD_PER_KILOGRAM,0.000492808334,-10.201759297726,-10.11890484186,-24.450772044355,0.000529964206,0.000510488682,0.000568941523,0.000534571986,-13.38154910222,8.707758793522,42.320978872861,-0.602086254905
1974-07,1974-07-31T23:59:59Z,1919.0,USD_PER_METRIC_TON,143.0,USD_PER_TROY_OUNCE,1.919,USD_PER_KILOGRAM,4597.556759313801,USD_PER_KILOGRAM,0.000417395608,-15.302648171501,-23.943268136592,-14.806797533175,0.00048633301,0.000498397944,0.000560071625,0.000531640176,-25.474601837575,-20.319166237029,37.980391733396,-1.571691589311
1974-08,1974-08-31T23:59:59Z,1803.0,USD_PER_METRIC_TON,155.0,USD_PER_TROY_OUNCE,1.803,USD_PER_KILOGRAM,4983.365718137336,USD_PER_KILOGRAM,0.000361803669,-13.318764813663,-26.583289264939,-23.872656645837,0.000424002537,0.000479488368,0.000538794609,0.000526463251,-32.849426642133,-41.372981021987,35.120769471314,-2.062741423916
1974-09,1974-09-30T23:59:59Z,1461.0,USD_PER_METRIC_TON,152.0,USD_PER_TROY_OUNCE,1.461,USD_PER_KILOGRAM,4886.913478431453,USD_PER_KILOGRAM,0.000298961708,-17.369077852702,-28.374496036861,-41.130533223324,0.000359386995,0.0004446756,0.00051498937,0.000517765637,-41.947984655428,-48.862616898652,32.171943684093,-2.381914616401
1974-10,1974-10-31T23:59:59Z,1399.0,USD_PER_METRIC_TON,159.0,USD_PER_TROY_OUNCE,1.399,USD_PER_KILOGRAM,5111.968704411848,USD_PER_KILOGRAM,0.000273671472,-8.459356260681,-24.359121938628,-50.086291299514,0.00031147895,0.00039890598,0.000484271426,0.000510865415,-43.487999239582,-57.3910792331,31.042336785185,-2.302025350745
1974-11,1974-11-30T23:59:59Z,1417.0,USD_PER_METRIC_TON,182.0,USD_PER_TROY_OUNCE,1.417,USD_PER_KILOGRAM,5851.435875490292,USD_PER_KILOGRAM,0.000242162784,-11.513325844991,-18.998728854992,-55.873733359825,0.000271598655,0.000347800596,0.000442435691,0.000500240451,-45.265992604353,-67.459619131419,29.645729497048,-2.220825040985
1974-12,1974-12-31T23:59:59Z,1289.0,USD_PER_METRIC_TON,184.0,USD_PER_TROY_OUNCE,1.289,USD_PER_KILOGRAM,5915.737368627548,USD_PER_KILOGRAM,0.000217893378,-10.021938571998,-20.381405973211,-55.785370634355,0.000244575878,0.000301981436,0.000406235059,0.000488583691,-46.362734295422,-66.596188870805,28.579174928614,-2.095304174429
1975-01,1975-01-31T23:59:59Z,1211.0,USD_PER_METRIC_TON,176.0,USD_PER_TROY_OUNCE,1.211,USD_PER_KILOGRAM,5658.531396078524,USD_PER_KILOGRAM,0.000214013127,-1.780802595388,-11.624270225188,-48.726550286608,0.000224689763,0.000268084356,0.00038324115,0.000475190141,-44.157059557568,-56.318506173944,28.403231097229,-1.867453062107
1975-02,1975-02-28T23:59:59Z,1267.0,USD_PER_METRIC_TON,180.0,USD_PER_TROY_OUNCE,1.267,USD_PER_KILOGRAM,5787.134382353036,USD_PER_KILOGRAM,0.000218933917,2.299293513166,0.477545039221,-39.48819868121,0.000216946808,0.000244272731,0.00036188055,0.000462525943,-39.501054283852,-53.933973240256,29.000185651597,-1.640765705427
1975-03,1975-03-31T23:59:59Z,1344.0,USD_PER_METRIC_TON,178.0,USD_PER_TROY_OUNCE,1.344,USD_PER_KILOGRAM,5722.832889215781,USD_PER_KILOGRAM,0.000234848724,7.26922838165,9.735662791453,-21.445216067185,0.000222598589,0.000233587234,0.000339131417,0.000449014556,-30.749935887961,-53.755217571182,31.00384529565,-1.393226882696
1975-04,1975-04-30T23:59:59Z,1329.0,USD_PER_METRIC_TON,170.0,USD_PER_TROY_OUNCE,1.329,USD_PER_KILOGRAM,5465.626916666756,USD_PER_KILOGRAM,0.000243156004,3.537289915966,11.063651980129,-11.150401547324,0.000232312882,0.000228501322,0.000313703651,0.000436530524,-22.488628000851,-55.651870246779,32.081298201136,-1.226120508273
1975-05,1975-05-31T23:59:59Z,1254.0,USD_PER_METRIC_TON,167.0,USD_PER_TROY_OUNCE,1.254,USD_PER_KILOGRAM,5369.174676960873,USD_PER_KILOGRAM,0.000233555449,-3.948311052838,-0.550684345595,-3.554359171565,0.000237186725,0.000227066766,0.000287433681,0.000426542804,-18.744578699213,-57.442139365219,31.469669618079,-1.186993594806
1975-06,1975-06-30T23:59:59Z,1193.0,USD_PER_METRIC_TON,164.0,USD_PER_TROY_OUNCE,1.193,USD_PER_KILOGRAM,5272.722437254988,USD_PER_KILOGRAM,0.000226258828,-3.124149064457,-6.949108994476,3.83924009915,0.000234323427,0.000228461008,0.000265221222,0.000417081373,-14.690526568781,-54.087864854058,30.986150619207,-1.140670841986
1975-07,1975-07-31T23:59:59Z,1222.0,USD_PER_METRIC_TON,165.0,USD_PER_TROY_OUNCE,1.222,USD_PER_KILOGRAM,5304.873183823616,USD_PER_KILOGRAM,0.000230354234,1.810053595469,-1.370644241458,7.635562895678,0.00023005617,0.000231184526,0.000249634441,0.000404853033,-7.723376157478,-44.811533784957,31.621193101774,-1.027989203996
1975-08,1975-08-31T23:59:59Z,1277.0,USD_PER_METRIC_TON,163.0,USD_PER_TROY_OUNCE,1.277,USD_PER_KILOGRAM,5240.571690686361,USD_PER_KILOGRAM,0.000243675705,5.783036960429,7.697766624327,11.301029919476,0.000233429589,0.000235308157,0.000239790444,0.000389292526,1.620273326303,-32.64974190936,33.756449406073,-0.873712408998
1975-09,1975-09-30T23:59:59Z,1210.0,USD_PER_METRIC_TON,144.0,USD_PER_TROY_OUNCE,1.21,USD_PER_KILOGRAM,4629.707505882429,USD_PER_KILOGRAM,0.000261355604,7.255503349865,13.458128750682,11.286789021164,0.000245128514,0.000239725971,0.000236656602,0.000375822986,10.436641668383,-12.578903338657,36.586676615869,-0.700688605129
1975-10,1975-10-31T23:59:59Z,1179.0,USD_PER_METRIC_TON,143.0,USD_PER_TROY_OUNCE,1.179,USD_PER_KILOGRAM,4597.556759313801,USD_PER_KILOGRAM,0.000256440553,-1.880598740103,5.238457705177,5.463385373092,0.000253823954,0.000241940062,0.000235220692,0.000359746059,9.021256178572,-6.296205581409,36.124600400885,-0.665936402759
1975-11,1975-11-30T23:59:59Z,1180.0,USD_PER_METRIC_TON,142.0,USD_PER_TROY_OUNCE,1.18,USD_PER_KILOGRAM,4565.406012745173,USD_PER_KILOGRAM,0.000258465511,0.789640301521,-1.105808404144,10.665588426893,0.00025875389,0.000246091739,0.000236579253,0.000339507472,9.251131819962,6.732135934875,36.480535012468,-0.605325417732
1975-12,1975-12-31T23:59:59Z,1151.0,USD_PER_METRIC_TON,139.0,USD_PER_TROY_OUNCE,1.151,USD_PER_KILOGRAM,4468.953773039289,USD_PER_KILOGRAM,0.000257554689,-0.352396049262,0.434461591033,13.831885036815,0.000257486918,0.000251307716,0.000239884362,0.000323059711,7.366185477595,18.202164412768,36.382330958693,-0.556468688449
1976-01,1976-01-31T23:59:59Z,1193.0,USD_PER_METRIC_TON,131.0,USD_PER_TROY_OUNCE,1.193,USD_PER_KILOGRAM,4211.747800490265,USD_PER_KILOGRAM,0.000283255327,9.978710845531,9.591150213482,22.965105383491,0.000266425176,0.000260124565,0.000245654545,0.000314447848,15.306365035408,32.354183344785,41.192863946749,-0.276915058544
1976-02,1976-02-29T23:59:59Z,1219.0,USD_PER_METRIC_TON,131.0,USD_PER_TROY_OUNCE,1.219,USD_PER_KILOGRAM,4211.747800490265,USD_PER_KILOGRAM,0.000289428536,2.179379715004,12.375564560522,18.776115298858,0.000276746184,0.000267750037,0.000251529097,0.000306704823,15.067616221789,32.199039625972,42.321059778824,-0.160565441913
1976-03,1976-03-31T23:59:59Z,1329.0,USD_PER_METRIC_TON,133.0,USD_PER_TROY_OUNCE,1.329,USD_PER_KILOGRAM,4276.049293627521,USD_PER_KILOGRAM,0.000310800907,7.384334503198,9.724646906453,18.918784564718,0.000294494923,0.000275990921,0.000257858446,0.000298494931,20.531598842729,32.34089688507,46.171357328908,0.124152756167
1976-04,1976-04-30T23:59:59Z,1510.0,USD_PER_METRIC_TON,128.0,USD_PER_TROY_OUNCE,1.51,USD_PER_KILOGRAM,4115.295560784381,USD_PER_KILOGRAM,0.000366923828,18.057515048909,26.775276866284,43.08338634436,0.000322384424,0.0002944048,0.000268172431,0.000290938041,36.823843733234,50.900583145222,54.719313068866,0.885544379968
1976-05,1976-05-31T23:59:59Z,1512.0,USD_PER_METRIC_TON,127.0,USD_PER_TROY_OUNCE,1.512,USD_PER_KILOGRAM,4083.144814215753,USD_PER_KILOGRAM,0.00037030281,0.920894821922,19.144700591884,43.269718403844,0.000349342515,0.00031304435,0.000279568044,0.000283500863,32.455342360176,58.550276909166,55.180783062446,1.252939841642
1976-06,1976-06-30T23:59:59Z,1550.0,USD_PER_METRIC_TON,126.0,USD_PER_TROY_OUNCE,1.55,USD_PER_KILOGRAM,4050.994067647125,USD_PER_KILOGRAM,0.000382622135,3.326824556983,4.278355933985,48.559568629073,0.000373282925,0.000333888924,0.00029259832,0.000278909771,30.767030784169,69.108157373036,56.905195011297,1.788562967432
1976-07,1976-07-31T23:59:59Z,1647.0,USD_PER_METRIC_TON,118.0,USD_PER_TROY_OUNCE,1.647,USD_PER_KILOGRAM,3793.788095098102,USD_PER_KILOGRAM,0.000434130731,13.462001093494,17.236682808717,53.264807421825,0.000395685226,0.000359034825,0.000309579695,0.000279607068,40.232301592582,88.462231962052,63.26862704691,2.587374525324
1976-08,1976-08-31T23:59:59Z,1539.0,USD_PER_METRIC_TON,110.0,USD_PER_TROY_OUNCE,1.539,USD_PER_KILOGRAM,3536.582122549078,USD_PER_KILOGRAM,0.000435165916,0.238450074516,13.732551319648,50.353493921993,0.000417306261,0.000383324388,0.000325537212,0.000282663828,33.676243364932,78.584039296647,63.385641869498,2.329931176078
1976-09,1976-09-30T23:59:59Z,1459.0,USD_PER_METRIC_TON,114.0,USD_PER_TROY_OUNCE,1.459,USD_PER_KILOGRAM,3665.185108823589,USD_PER_KILOGRAM,0.000398069936,-8.524560263557,-8.306437009342,28.07875595686,0.000422455528,0.000397869226,0.000336930073,0.000286793338,18.146157600963,52.309699869509,56.446094221044,1.604305935543
1976-10,1976-10-31T23:59:59Z,1285.0,USD_PER_METRIC_TON,116.0,USD_PER_TROY_OUNCE,1.285,USD_PER_KILOGRAM,3729.486601960846,USD_PER_KILOGRAM,0.000344551446,-13.444494339533,-20.822970580986,-6.097282484586,0.000392595766,0.000394140496,0.000344272648,0.00028974667,0.080981697178,34.359188090433,48.24044009342,0.780216770665
1976-11,1976-11-30T23:59:59Z,1279.0,USD_PER_METRIC_TON,130.0,USD_PER_TROY_OUNCE,1.279,USD_PER_KILOGRAM,4179.597053921637,USD_PER_KILOGRAM,0.00030601036,-11.185872493265,-23.126482838614,-17.362128612129,0.000349543914,0.000383425087,0.000348234718,0.000292406986,-12.125258061216,18.395045632334,43.352779593659,0.195460431709
1976-12,1976-12-31T23:59:59Z,1287.0,USD_PER_METRIC_TON,134.0,USD_PER_TROY_OUNCE,1.287,USD_PER_KILOGRAM,4308.20004019615,USD_PER_KILOGRAM,0.000298732647,-2.378257267221,-13.298100935014,-21.924891670679,0.000316431484,0.000369443506,0.000351666215,0.000295775289,-15.052218867408,15.988044140721,42.477583682707,0.043591270115
1977-01,1977-01-31T23:59:59Z,1396.0,USD_PER_METRIC_TON,132.0,USD_PER_TROY_OUNCE,1.396,USD_PER_KILOGRAM,4243.898547058893,USD_PER_KILOGRAM,0.00032894283,10.112782840056,7.494017580022,-24.229544994572,0.000311228612,0.000351912189,0.000355473507,0.000300564026,-7.463475049049,16.129441946709,47.239083296122,0.430425789454
1977-02,1977-02-28T23:59:59Z,1426.0,USD_PER_METRIC_TON,136.0,USD_PER_TROY_OUNCE,1.426,USD_PER_KILOGRAM,4372.501533333405,USD_PER_KILOGRAM,0.000326129102,-0.855385133996,9.170894465012,-25.056377326759,0.00031793486,0.000333739387,0.000358531887,0.000305030492,-9.037629908529,12.680355160932,46.850100318583,0.3304469241
1977-03,1977-03-31T23:59:59Z,1515.0,USD_PER_METRIC_TON,148.0,USD_PER_TROY_OUNCE,1.515,USD_PER_KILOGRAM,4758.310492156941,USD_PER_KILOGRAM,0.00031839032,-2.372919904477,-3.208007434368,-20.01648667173,0.000324487418,0.000320459451,0.000359164338,0.000308511392,-11.352468538979,2.441888841437,45.734651359992,0.158868129914
1977-04,1977-04-30T23:59:59Z,1429.0,USD_PER_METRIC_TON,149.0,USD_PER_TROY_OUNCE,1.429,USD_PER_KILOGRAM,4790.461238725569,USD_PER_KILOGRAM,0.00029830113,-6.309610826854,-8.532808720126,-13.423341080615,0.000314273517,0.000312751065,0.00035344578,0.000310809106,-15.602011264882,-18.702164540646,42.880521599209,-0.205968533762
1977-05,1977-05-31T23:59:59Z,1371.0,USD_PER_METRIC_TON,147.0,USD_PER_TROY_OUNCE,1.371,USD_PER_KILOGRAM,4726.159745588313,USD_PER_KILOGRAM,0.000290087529,-2.753459676383,-8.889337913383,-5.203363597198,0.000302259659,0.00031009726,0.000346761173,0.000313164609,-16.343711261076,-21.662077529424,41.733763628853,-0.392804206542
1977-06,1977-06-30T23:59:59Z,1312.0,USD_PER_METRIC_TON,141.0,USD_PER_TROY_OUNCE,1.312,USD_PER_KILOGRAM,4533.255266176545,USD_PER_KILOGRAM,0.000289416749,-0.23123360802,-2.978326360248,-3.118473331239,0.000292601802,0.00030854461,0.000338994058,0.000315796189,-14.624831353182,-24.359643102265,41.635834912083,-0.469760495682
1977-07,1977-07-31T23:59:59Z,1248.0,USD_PER_METRIC_TON,143.0,USD_PER_TROY_OUNCE,1.248,USD_PER_KILOGRAM,4597.556759313801,USD_PER_KILOGRAM,0.000271448525,-6.208425720621,-6.425303361846,-17.478510028653,0.000283650934,0.000298962226,0.000325437207,0.000317508451,-16.589585139068,-37.473091571452,38.996138766119,-0.8511788172
1977-08,1977-08-31T23:59:59Z,1160.0,USD_PER_METRIC_TON,145.0,USD_PER_TROY_OUNCE,1.16,USD_PER_KILOGRAM,4661.858252451057,USD_PER_KILOGRAM,0.000248827814,-8.333333333333,-14.024390243902,-23.702664796634,0.000269897696,0.000286078678,0.000309909032,0.000317723122,-19.709402270239,-42.820012995452,35.909526272986,-1.27988606917
1977-09,1977-09-30T23:59:59Z,1195.0,USD_PER_METRIC_TON,150.0,USD_PER_TROY_OUNCE,1.195,USD_PER_KILOGRAM,4822.611985294197,USD_PER_KILOGRAM,0.000247791032,-0.416666666667,-8.715277777778,-22.173817381738,0.000256022457,0.00027431213,0.00029738579,0.000317157932,-16.676909268886,-37.751884852639,35.769779146033,-1.273129650187
1977-10,1977-10-31T23:59:59Z,1210.0,USD_PER_METRIC_TON,159.0,USD_PER_TROY_OUNCE,1.21,USD_PER_KILOGRAM,5111.968704411848,USD_PER_KILOGRAM,0.000236699415,-4.47619799479,-4.874213836478,-20.650848770526,0.00024443942,0.000264045177,0.000288398121,0.000316335384,-17.92615922442,-31.302155984632,34.234832473019,-1.433986587191
1977-11,1977-11-30T23:59:59Z,1182.0,USD_PER_METRIC_TON,162.0,USD_PER_TROY_OUNCE,1.182,USD_PER_KILOGRAM,5208.420944117733,USD_PER_KILOGRAM,0.000226940183,-4.123048668503,-8.414690841469,-21.76837669179,0.000237143543,0.000253520619,0.00028180894,0.000315021829,-19.470197452317,-25.839052500507,32.897186323337,-1.538954405339
1977-12,1977-12-31T23:59:59Z,1261.0,USD_PER_METRIC_TON,160.0,USD_PER_TROY_OUNCE,1.261,USD_PER_KILOGRAM,5144.119450980476,USD_PER_KILOGRAM,0.000245134277,8.017131979695,3.563533057851,-15.30059070122,0.000236257958,0.000246140207,0.000277342409,0.000314504312,-11.613129174215,-17.941919191919,37.778252670543,-1.200063128468
1978-01,1978-01-31T23:59:59Z,1261.0,USD_PER_METRIC_TON,173.0,USD_PER_TROY_OUNCE,1.261,USD_PER_KILOGRAM,5562.079156372641,USD_PER_KILOGRAM,0.000226713782,-7.514450867052,-0.099762330918,-16.480009633911,0.000232929414,0.000238684417,0.000268823321,0.000312148414,-15.66439226804,-31.078059525978,35.00221680983,-1.420688069132
1978-02,1978-02-28T23:59:59Z,1217.0,USD_PER_METRIC_TON,178.0,USD_PER_TROY_OUNCE,1.217,USD_PER_KILOGRAM,5722.832889215781,USD_PER_KILOGRAM,0.000212656917,-6.200269092659,-13.248803785118,-14.536516853933,0.000228168325,0.000232655934,0.000259367306,0.000308949597,-18.009358778748,-34.793639787573,33.008857668182,-1.523082811455
1978-03,1978-03-31T23:59:59Z,1254.0,USD_PER_METRIC_TON,184.0,USD_PER_TROY_OUNCE,1.254,USD_PER_KILOGRAM,5915.737368627548,USD_PER_KILOGRAM,0.000211976956,-0.319745632525,-6.500189635555,-14.453338184464,0.000217115885,0.000226686921,0.000250499526,0.000304831932,-15.378300403501,-33.422298751614,32.911220685256,-1.404353478486
1978-04,1978-04-30T23:59:59Z,1285.0,USD_PER_METRIC_TON,175.0,USD_PER_TROY_OUNCE,1.285,USD_PER_KILOGRAM,5626.380649509896,USD_PER_KILOGRAM,0.000228388387,7.742082478925,7.397581875807,-3.511216056671,0.000217674087,0.00022530175,0.000244673464,0.000299059622,-6.655841060912,-23.436968909327,37.700963344344,-1.062840167073
1978-05,1978-05-31T23:59:59Z,1303.0,USD_PER_METRIC_TON,176.0,USD_PER_TROY_OUNCE,1.303,USD_PER_KILOGRAM,5658.531396078524,USD_PER_KILOGRAM,0.000230271763,0.824637424832,8.630564013339,1.468043377942,0.000223545702,0.000225857014,0.000239688817,0.000293224995,-3.928866498233,-20.619902526358,38.245846968732,-0.951989113935
1978-06,1978-06-30T23:59:59Z,1333.0,USD_PER_METRIC_TON,184.0,USD_PER_TROY_OUNCE,1.333,USD_PER_KILOGRAM,5915.737368627548,USD_PER_KILOGRAM,0.000225331166,-2.145550402082,-1.338605988834,-8.078474640554,0.000227997105,0.000222556495,0.000234348351,0.000286671205,-3.847769821443,-22.143011002121,37.323629535154,-0.947734112399
1978-07,1978-07-31T23:59:59Z,1337.0,USD_PER_METRIC_TON,189.0,USD_PER_TROY_OUNCE,1.337,USD_PER_KILOGRAM,6076.491101470688,USD_PER_KILOGRAM,0.000220028299,-2.353366119308,-4.448423865154,-2.948864804535,0.000225210409,0.000221442248,0.000230063332,0.00027775027,-4.361857025082,-18.942901234568,36.31156082195,-0.991601668768
1978-08,1978-08-31T23:59:59Z,1426.0,USD_PER_METRIC_TON,206.0,USD_PER_TROY_OUNCE,1.426,USD_PER_KILOGRAM,6623.053793137364,USD_PER_KILOGRAM,0.000215308534,-2.14507192599,-4.447956649357,1.246898708427,0.000220222666,0.000221884184,0.000227270059,0.000268589546,-5.263133007619,-13.470873786408,35.391700508825,-1.079848369443
1978-09,1978-09-30T23:59:59Z,1442.0,USD_PER_METRIC_TON,212.0,USD_PER_TROY_OUNCE,1.442,USD_PER_KILOGRAM,6815.958272549132,USD_PER_KILOGRAM,0.000211562328,-1.7399243166,-3.847673614541,-0.195600493515,0.000215633053,0.000221815079,0.000224251,0.000260818395,-5.658245605775,-14.620667877161,34.641580843126,-1.157407509718
1978-10,1978-10-31T23:59:59Z,1506.0,USD_PER_METRIC_TON,227.0,USD_PER_TROY_OUNCE,1.506,USD_PER_KILOGRAM,7298.219471078552,USD_PER_KILOGRAM,0.000206351701,-2.462927774078,-4.159999011436,-9.648776975951,0.000211074187,0.000218142298,0.000221722024,0.000255060073,-6.932249335325,-12.82120362617,33.575631878629,-1.214134707498
1978-11,1978-11-30T23:59:59Z,1481.0,USD_PER_METRIC_TON,206.0,USD_PER_TROY_OUNCE,1.481,USD_PER_KILOGRAM,6623.053793137364,USD_PER_KILOGRAM,0.00022361286,8.36492218827,5.695972422337,-2.89175837686,0.000213842296,0.000217032481,0.000221444747,0.000251626843,0.979076072143,-1.466167266276,40.146092890769,-0.716030151745
1978-12,1978-12-31T23:59:59Z,1533.0,USD_PER_METRIC_TON,208.0,USD_PER_TROY_OUNCE,1.533,USD_PER_KILOGRAM,6687.355286274619,USD_PER_KILOGRAM,0.000229238605,2.51584168701,11.091212074778,1.734087367996,0.000219734389,0.000217683721,0.000220120108,0.000248731258,4.142509930593,-6.484475080827,42.154415310339,-0.511772749332
1979-01,1979-01-31T23:59:59Z,1659.0,USD_PER_METRIC_TON,227.0,USD_PER_TROY_OUNCE,1.659,USD_PER_KILOGRAM,7298.219471078552,USD_PER_KILOGRAM,0.000227315718,-0.838814796934,1.655923637737,3.312037271951,0.000226722394,0.000218898291,0.000220170269,0.000244496795,3.24541939727,0.265504965991,41.640121428948,-0.499350128016
1979-02,1979-02-28T23:59:59Z,1944.0,USD_PER_METRIC_TON,246.0,USD_PER_TROY_OUNCE,1.944,USD_PER_KILOGRAM,7909.083655882483,USD_PER_KILOGRAM,0.000245793329,8.128611123363,7.22161233354,14.158656313071,0.000234115884,0.00022397909,0.000222931637,0.000241149472,10.255023486009,15.582099124196,48.182309125724,0.155223670656
1979-03,1979-03-31T23:59:59Z,2050.0,USD_PER_METRIC_TON,242.0,USD_PER_TROY_OUNCE,2.05,USD_PER_KILOGRAM,7780.48066960797,USD_PER_KILOGRAM,0.000263479865,7.195694316906,15.909215448916,24.540067170253,0.000245529637,0.000232632013,0.000227223546,0.000238861536,15.956233330983,24.296466184243,53.549872682289,0.95682467743
1979-04,1979-04-30T23:59:59Z,2100.0,USD_PER_METRIC_TON,239.0,USD_PER_TROY_OUNCE,2.1,USD_PER_KILOGRAM,7684.028429902087,USD_PER_KILOGRAM,0.000273294148,3.724869884682,11.188594452193,32.440947507043,0.000260855781,0.000243789088,0.000230965693,0.000237819578,18.326728139048,19.662015857252,56.257583836268,1.494948737038
1979-05,1979-05-31T23:59:59Z,1926.0,USD_PER_METRIC_TON,258.0,USD_PER_TROY_OUNCE,1.926,USD_PER_KILOGRAM,8294.89261470602,USD_PER_KILOGRAM,0.000232191071,-15.039867109635,-11.875212705615,3.836188621767,0.000256321695,0.000245218789,0.000231125635,0.000235407226,0.46097685471,0.833496939085,44.545808236642,-0.152500676137
1979-06,1979-06-30T23:59:59Z,1878.0,USD_PER_METRIC_TON,279.0,USD_PER_TROY_OUNCE,1.878,USD_PER_KILOGRAM,8970.058292647205,USD_PER_KILOGRAM,0.000209363188,-9.831507721167,-23.392729134665,-8.67018776873,0.000238282802,0.00024190622,0.00022979497,0.000232071661,-8.891309715976,-7.086449031613,39.613392286993,-1.230891847678
1979-07,1979-07-31T23:59:59Z,1814.0,USD_PER_METRIC_TON,295.0,USD_PER_TROY_OUNCE,1.814,USD_PER_KILOGRAM,9484.470237745254,USD_PER_KILOGRAM,0.000191260023,-8.646775328965,-17.628174666033,-15.861505297249,0.000210938094,0.000235896937,0.000227397614,0.000228730473,-15.891807336683,-13.074806992635,36.191020255901,-2.050327407779
1979-08,1979-08-31T23:59:59Z,1976.0,USD_PER_METRIC_TON,301.0,USD_PER_TROY_OUNCE,1.976,USD_PER_KILOGRAM,9677.374717157021,USD_PER_KILOGRAM,0.000204187608,6.759167347357,-2.472057996243,-16.927115376728,0.000201603607,0.000228962651,0.00022647087,0.000226870465,-9.839350147703,-5.165111153565,40.166393874333,-1.23233180131
1979-09,1979-09-30T23:59:59Z,2096.0,USD_PER_METRIC_TON,355.0,USD_PER_TROY_OUNCE,2.096,USD_PER_KILOGRAM,11413.515031862933,USD_PER_KILOGRAM,0.000183641936,-10.062154302332,-3.983104803019,-30.301339745792,0.000193029856,0.000215656329,0.000224144171,0.000224197586,-18.069724785351,-13.197241702643,36.296101562455,-2.050254223452
1979-10,1979-10-31T23:59:59Z,2076.0,USD_PER_METRIC_TON,392.0,USD_PER_TROY_OUNCE,2.076,USD_PER_KILOGRAM,12603.092654902168,USD_PER_KILOGRAM,0.000164721474,-10.302909331672,-19.328368999422,-39.727405247813,0.000184183673,0.000197560884,0.000220674986,0.000221198505,-25.355620319334,-20.174404423124,33.130175752925,-2.46917898555
1979-11,1979-11-30T23:59:59Z,2090.0,USD_PER_METRIC_TON,392.0,USD_PER_TROY_OUNCE,2.09,USD_PER_KILOGRAM,12603.092654902168,USD_PER_KILOGRAM,0.000165832313,0.674373795761,-9.698015656644,-28.579375675504,0.000171398574,0.00018650109,0.00021585994,0.000218652344,-23.175966517432,-25.839545811572,33.496939358743,-2.082963710493
1979-12,1979-12-31T23:59:59Z,2214.0,USD_PER_METRIC_TON,455.0,USD_PER_TROY_OUNCE,2.214,USD_PER_KILOGRAM,14628.58968872573,USD_PER_KILOGRAM,0.000151347467,-8.734633787265,-8.119164072921,-27.710564196187,0.000160633751,0.000176831804,0.000209369012,0.00021474456,-27.712575008233,-33.978194017333,31.101500812825,-2.259445461546
1980-01,1980-01-31T23:59:59Z,2601.0,USD_PER_METRIC_TON,675.0,USD_PER_TROY_OUNCE,2.601,USD_PER_KILOGRAM,21701.753933823886,USD_PER_KILOGRAM,0.000119852064,-20.809996988859,-27.726953748006,-37.335538404998,0.000145677281,0.000164930477,0.000200413707,0.000210291988,-40.197671314562,-47.275065300382,26.640429821251,-2.682500292535
1980-02,1980-02-29T23:59:59Z,2918.0,USD_PER_METRIC_TON,665.0,USD_PER_TROY_OUNCE,2.918,USD_PER_KILOGRAM,21380.246468137604,USD_PER_KILOGRAM,0.000136481121,13.874652027994,-9.822659630105,-33.15896015342,0.000135893551,0.000153646062,0.000191304357,0.000207117997,-28.657599228634,-44.473220087255,32.172276733248,-1.920089098294
1980-03,1980-03-31T23:59:59Z,2306.0,USD_PER_METRIC_TON,554.0,USD_PER_TROY_OUNCE,2.306,USD_PER_KILOGRAM,17811.5135990199,USD_PER_KILOGRAM,0.000129466819,-5.139393729447,8.022185302237,-29.50040648166,0.000128600001,0.000144616876,0.000180136603,0.000203680074,-28.128533190941,-50.862727833055,31.106737664382,-1.860094632376
1980-04,1980-04-30T23:59:59Z,2070.0,USD_PER_METRIC_TON,517.0,USD_PER_TROY_OUNCE,2.07,USD_PER_KILOGRAM,16621.935975980665,USD_PER_KILOGRAM,0.00012453423,-3.809924828175,-8.753511519906,-24.397088583536,0.000130160723,0.000137919002,0.000167739943,0.000199352818,-25.75755780314,-54.4321635811,30.345608216756,-1.759265988209
1980-05,1980-05-31T23:59:59Z,2037.0,USD_PER_METRIC_TON,514.0,USD_PER_TROY_OUNCE,2.037,USD_PER_KILOGRAM,16525.483736274782,USD_PER_KILOGRAM,0.000123264168,-1.01984999718,-4.790919307103,-25.669391022657,0.000125755072,0.000130824311,0.000158662701,0.000194894168,-22.31055751808,-46.912615004182,30.141105970938,-1.605645247856
1980-06,1980-06-30T23:59:59Z,2006.0,USD_PER_METRIC_TON,601.0,USD_PER_TROY_OUNCE,2.006,USD_PER_KILOGRAM,19322.598687745416,USD_PER_KILOGRAM,0.000103816264,-15.777418914802,-16.636362905624,-31.405351213801,0.000117204887,0.000122902444,0.000149867124,0.000189831047,-30.727793428438,-50.413315400849,27.126513171484,-1.804721060231
1980-07,1980-07-31T23:59:59Z,2176.0,USD_PER_METRIC_TON,643.0,USD_PER_TROY_OUNCE,2.176,USD_PER_KILOGRAM,20672.93004362779,USD_PER_KILOGRAM,0.000105258422,1.389145161715,-14.607445004585,-12.176379105297,0.000110779618,0.000120470171,0.000142700324,0.000185048969,-26.238133558886,-44.965800813099,27.703955893087,-1.593032396771
1980-08,1980-08-31T23:59:59Z,2082.0,USD_PER_METRIC_TON,627.0,USD_PER_TROY_OUNCE,2.082,USD_PER_KILOGRAM,20158.51809852974,USD_PER_KILOGRAM,0.000103281401,-1.878254292147,-0.515200809056,-24.325503146614,0.000104118696,0.000114936884,0.000134291473,0.000180381172,-23.091616356635,-49.418379404529,27.383614515956,-1.476322121251
1980-09,1980-09-30T23:59:59Z,2060.0,USD_PER_METRIC_TON,674.0,USD_PER_TROY_OUNCE,2.06,USD_PER_KILOGRAM,21669.60318725526,USD_PER_KILOGRAM,9.5064039e-05,-7.956284900675,-9.68509993018,-26.572661692759,0.000101201288,0.000109203087,0.000126909982,0.000175527076,-25.093331864073,-48.234024962059,26.036042131435,-1.477296953973
1980-10,1980-10-31T23:59:59Z,2040.0,USD_PER_METRIC_TON,661.0,USD_PER_TROY_OUNCE,2.04,USD_PER_KILOGRAM,21251.643481863095,USD_PER_KILOGRAM,9.5992576e-05,0.976748968171,-7.057248863176,-22.918722182025,9.8112672e-05,0.000104446145,0.000121182574,0.00017092878,-20.786815256383,-41.724309812598,26.476333270898,-1.33107144531
1980-11,1980-11-30T23:59:59Z,2010.0,USD_PER_METRIC_TON,625.0,USD_PER_TROY_OUNCE,2.01,USD_PER_KILOGRAM,20094.21660539249,USD_PER_KILOGRAM,0.000100028781,4.204705882353,5.222524271845,-18.850073637703,9.7028465e-05,0.000100573581,0.000115698946,0.000165779443,-13.54391302386,-39.680765550239,28.469616824525,-1.155708226899
1980-12,1980-12-31T23:59:59Z,1879.0,USD_PER_METRIC_TON,538.0,USD_PER_TROY_OUNCE,1.879,USD_PER_KILOGRAM,17297.10165392185,USD_PER_KILOGRAM,0.000108630916,8.599659694095,13.165955973467,4.637666924876,0.000101550758,0.000101376023,0.000112139233,0.000160754123,-3.128536836517,-28.224159874808,32.659808879231,-0.924347078753
1981-01,1981-01-31T23:59:59Z,1869.0,USD_PER_METRIC_TON,557.0,USD_PER_TROY_OUNCE,1.869,USD_PER_KILOGRAM,17907.965838725784,USD_PER_KILOGRAM,0.000104366963,-3.925175066381,4.336932929607,-0.846924833668,0.00010434222,0.000101227446,0.000110848808,0.000155631258,-5.847465431468,-12.92017916048,31.669489331719,-0.920529410216
1981-02,1981-02-28T23:59:59Z,1801.0,USD_PER_METRIC_TON,500.0,USD_PER_TROY_OUNCE,1.801,USD_PER_KILOGRAM,16075.37328431399,USD_PER_KILOGRAM,0.000112034723,7.346923488497,3.133368813199,8.475216138329,0.000108344201,0.000102686333,0.000108811609,0.000150057983,2.962105753434,-17.911925976696,35.459453646646,-0.717191043649
1981-03,1981-03-31T23:59:59Z,1818.0,USD_PER_METRIC_TON,499.0,USD_PER_TROY_OUNCE,1.818,USD_PER_KILOGRAM,16043.222537745361,USD_PER_KILOGRAM,0.000113318879,1.146212469358,8.577347310994,19.202677199058,0.000109906855,0.000105728806,0.000107465947,0.000143801275,5.446313602874,-12.472646941759,36.098693858678,-0.636728848828
1981-04,1981-04-30T23:59:59Z,1821.0,USD_PER_METRIC_TON,496.0,USD_PER_TROY_OUNCE,1.821,USD_PER_KILOGRAM,15946.770298039477,USD_PER_KILOGRAM,0.000114192402,0.770853295007,1.925901380953,18.959618121442,0.000113182002,0.000108762111,0.000106604128,0.000137172035,7.118180117267,-8.30440626461,36.55899538348,-0.577063835574
1981-05,1981-05-31T23:59:59Z,1742.0,USD_PER_METRIC_TON,480.0,USD_PER_TROY_OUNCE,1.742,USD_PER_KILOGRAM,15432.35835294143,USD_PER_KILOGRAM,0.000112879701,-1.149551528464,-0.387559589292,12.847222222222,0.000113463661,0.000110903931,0.000105738756,0.000132200728,6.75338526955,-8.424562264768,36.137716477357,-0.55556774181
1981-06,1981-06-30T23:59:59Z,1700.0,USD_PER_METRIC_TON,461.0,USD_PER_TROY_OUNCE,1.7,USD_PER_KILOGRAM,14821.494168137498,USD_PER_KILOGRAM,0.000114698288,1.611083577607,0.443011813251,5.585308103378,0.000113923463,0.000111915159,0.000106645591,0.000128256357,7.550894959153,10.482003014817,37.217085349949,-0.437911920205
1981-07,1981-07-31T23:59:59Z,1682.0,USD_PER_METRIC_TON,409.0,USD_PER_TROY_OUNCE,1.682,USD_PER_KILOGRAM,13149.655346568843,USD_PER_KILOGRAM,0.000127912098,11.520494750467,13.317183127058,22.559950603136,0.000118496696,0.000115839349,0.000108533397,0.000125616861,17.855057471216,21.521959945347,44.55043533867,0.081857457175
1981-08,1981-08-31T23:59:59Z,1787.0,USD_PER_METRIC_TON,410.0,USD_PER_TROY_OUNCE,1.787,USD_PER_KILOGRAM,13181.806093137471,USD_PER_KILOGRAM,0.000135565642,5.983440155448,18.193256814921,21.003236684227,0.000126058676,0.000119761168,0.000111223751,0.000122757612,21.885515277689,31.258522527588,48.316049615774,0.5590225784
1981-09,1981-09-30T23:59:59Z,1710.0,USD_PER_METRIC_TON,444.0,USD_PER_TROY_OUNCE,1.71,USD_PER_KILOGRAM,14274.931476470823,USD_PER_KILOGRAM,0.000119790417,-11.636594624843,-6.349423144905,5.710908928731,0.000127756052,0.000120839758,0.000113284282,0.000120097132,5.743193237934,26.010233534505,41.986852013578,-0.016081293353
1981-10,1981-10-31T23:59:59Z,1666.0,USD_PER_METRIC_TON,438.0,USD_PER_TROY_OUNCE,1.666,USD_PER_KILOGRAM,14082.026997059054,USD_PER_KILOGRAM,0.000118306832,-1.238484338701,-12.730961561557,3.603068212307,0.000124554297,0.000121525496,0.000115143804,0.000118163189,2.747024372773,23.245814307458,41.437098122887,0.008627711445
1981-11,1981-11-30T23:59:59Z,1651.0,USD_PER_METRIC_TON,413.0,USD_PER_TROY_OUNCE,1.651,USD_PER_KILOGRAM,13278.258332843356,USD_PER_KILOGRAM,0.000124338596,5.098407401702,3.796780085808,10.151422066423,0.000120811948,0.000123435312,0.000117169621,0.000116434284,6.118458554387,24.302820040235,44.612392882999,0.587344376939
1981-12,1981-12-31T23:59:59Z,1655.0,USD_PER_METRIC_TON,410.0,USD_PER_TROY_OUNCE,1.655,USD_PER_KILOGRAM,13181.806093137471,USD_PER_KILOGRAM,0.000125551839,0.975757486224,6.123912979826,9.462697274032,0.000122732422,0.000125244237,0.000118579698,0.000115359466,5.879708801432,15.576526175054,45.255363620606,0.885023436203
1982-01,1982-01-31T23:59:59Z,1611.0,USD_PER_METRIC_TON,384.0,USD_PER_TROY_OUNCE,1.611,USD_PER_KILOGRAM,12345.886682353144,USD_PER_KILOGRAM,0.000130488805,3.932212990937,4.946339339794,2.014435939358,0.00012679308,0.000125673689,0.000120756519,0.000115802663,8.059429508871,25.028842295345,47.905495355638,1.236227488295
1982-02,1982-02-28T23:59:59Z,1598.0,USD_PER_METRIC_TON,374.0,USD_PER_TROY_OUNCE,1.598,USD_PER_KILOGRAM,12024.379216666865,USD_PER_KILOGRAM,0.000132896674,1.845268325715,5.850041197473,-1.96876430788,0.000129645773,0.000125228861,0.000122495014,0.000115653311,8.491495985776,18.620968149008,49.197222237727,1.48151714837
1982-03,1982-03-31T23:59:59Z,1510.0,USD_PER_METRIC_TON,330.0,USD_PER_TROY_OUNCE,1.51,USD_PER_KILOGRAM,10609.746367647233,USD_PER_KILOGRAM,0.00014232197,7.09219858156,9.068337001298,18.809144072302,0.000135235816,0.000128984119,0.000124911939,0.000116188943,13.937843929529,25.594226089276,54.004919059402,2.086555272901
1982-04,1982-04-30T23:59:59Z,1522.0,USD_PER_METRIC_TON,350.0,USD_PER_TROY_OUNCE,1.522,USD_PER_KILOGRAM,11252.761299019792,USD_PER_KILOGRAM,0.000135255691,-4.964995269631,1.775075987842,14.326187617904,0.000136824778,0.000131808929,0.000126667213,0.00011663567,6.780348079377,18.445438142308,50.171492855641,1.432695754783
1982-05,1982-05-31T23:59:59Z,1528.0,USD_PER_METRIC_TON,334.0,USD_PER_TROY_OUNCE,1.528,USD_PER_KILOGRAM,10738.349353921745,USD_PER_KILOGRAM,0.00014229375,5.203521996742,-0.019827893881,14.440531414458,0.000139957137,0.000134801455,0.000129118383,0.00011742857,10.204098316302,26.057872773397,53.696910675443,1.785767654147
1982-06,1982-06-30T23:59:59Z,1300.0,USD_PER_METRIC_TON,315.0,USD_PER_TROY_OUNCE,1.3,USD_PER_KILOGRAM,10127.485169117814,USD_PER_KILOGRAM,0.000128363555,-9.789744868279,-5.095634399182,2.239485925287,0.000135304332,0.000135270074,0.000130257156,0.000118451373,-1.453740181881,11.914098972923,46.660220241197,0.718924318803
1982-07,1982-07-31T23:59:59Z,1441.0,USD_PER_METRIC_TON,339.0,USD_PER_TROY_OUNCE,1.441,USD_PER_KILOGRAM,10899.103086764884,USD_PER_KILOGRAM,0.000132212714,2.998638529612,-7.084665400238,1.321116439523,0.000134290006,0.000135557392,0.00013061554,0.000119574469,1.222805272779,3.362165423239,48.66215587463,0.918149725139
1982-08,1982-08-31T23:59:59Z,1452.0,USD_PER_METRIC_TON,364.0,USD_PER_TROY_OUNCE,1.452,USD_PER_KILOGRAM,11702.871750980585,USD_PER_KILOGRAM,0.000124072111,-6.157201577049,-3.343195266272,-6.640168342296,0.000128216127,0.000134086632,0.000129657746,0.000120440748,-4.307984315548,-8.47820338587,44.83000091743,0.271797537682
1982-09,1982-09-30T23:59:59Z,1427.0,USD_PER_METRIC_TON,437.0,USD_PER_TROY_OUNCE,1.427,USD_PER_KILOGRAM,14049.876250490426,USD_PER_KILOGRAM,0.000101566731,-18.138951402941,-23.179301178148,-28.635943443406,0.000119283852,0.000127294092,0.000128139106,0.000120711694,-20.737131399072,-15.212975229837,36.315516094932,-1.483966855389
1982-10,1982-10-31T23:59:59Z,1461.0,USD_PER_METRIC_TON,422.0,USD_PER_TROY_OUNCE,1.461,USD_PER_KILOGRAM,13567.615051961007,USD_PER_KILOGRAM,0.00010768289,6.021813568385,-13.209431671302,-20.385686082792,0.000111107244,0.000122698625,0.000127253777,0.00012119879,-15.379415433078,-8.979990100306,39.669080766335,-1.111687694703
1982-11,1982-11-30T23:59:59Z,1444.0,USD_PER_METRIC_TON,415.0,USD_PER_TROY_OUNCE,1.444,USD_PER_KILOGRAM,13342.559825980612,USD_PER_KILOGRAM,0.00010822511,0.503533641754,6.555669067299,-23.942471456507,0.00010582491,0.000117020518,0.000125910987,0.000121540304,-14.046333365825,-12.959360154123,39.970878613186,-1.14160136873
1982-12,1982-12-31T23:59:59Z,1473.0,USD_PER_METRIC_TON,445.0,USD_PER_TROY_OUNCE,1.473,USD_PER_KILOGRAM,14307.08222303945,USD_PER_KILOGRAM,0.000102956003,-4.868654486601,-4.389636158088,-19.793431287813,0.000106288001,0.000112785926,0.000124028,0.000121303849,-16.989709726992,-17.997216470349,37.982468952938,-1.532018354992
1983-01,1983-01-31T23:59:59Z,1572.0,USD_PER_METRIC_TON,481.0,USD_PER_TROY_OUNCE,1.572,USD_PER_KILOGRAM,15464.509099510058,USD_PER_KILOGRAM,0.000101652111,-1.266455237942,-6.07345039478,-23.114723114723,0.000104277741,0.000107692493,0.000121624942,0.00012119073,-16.42165718962,-22.098979082219,37.485516452095,-1.6084747256
1983-02,1983-02-28T23:59:59Z,1647.0,USD_PER_METRIC_TON,491.0,USD_PER_TROY_OUNCE,1.647,USD_PER_KILOGRAM,15786.016565196338,USD_PER_KILOGRAM,0.000104332844,2.637163601312,1.337309866808,-15.909511706586,0.000102980319,0.000104402615,0.000119244623,0.000120869819,-12.505200703957,-21.493261689128,39.245492804837,-1.324858743107
1983-03,1983-03-31T23:59:59Z,1598.0,USD_PER_METRIC_TON,420.0,USD_PER_TROY_OUNCE,1.598,USD_PER_KILOGRAM,13503.313558823751,USD_PER_KILOGRAM,0.000118341324,13.426721022349,16.417969223313,16.515834084159,0.00010810876,0.00010719838,0.000117246236,0.000121079087,0.934006586608,-16.849574266793,47.554623828568,-0.220867213192
1983-04,1983-04-30T23:59:59Z,1675.0,USD_PER_METRIC_TON,433.0,USD_PER_TROY_OUNCE,1.675,USD_PER_KILOGRAM,13921.273264215915,USD_PER_KILOGRAM,0.000120319454,1.671546708212,15.322701643831,11.734978572998,0.000114331207,0.000109304474,0.00011600155,0.000121334381,3.722281681215,-11.042963403568,48.623169346272,-0.082421380738
1983-05,1983-05-31T23:59:59Z,1766.0,USD_PER_METRIC_TON,438.0,USD_PER_TROY_OUNCE,1.766,USD_PER_KILOGRAM,14082.026997059054,USD_PER_KILOGRAM,0.000125408082,4.229264635725,5.971505477738,15.877066494643,0.000121356287,0.000112168303,0.000114594411,0.000121856397,9.436473805519,-11.866767075474,51.368136736414,0.290894910329
1983-06,1983-06-30T23:59:59Z,1701.0,USD_PER_METRIC_TON,413.0,USD_PER_TROY_OUNCE,1.701,USD_PER_KILOGRAM,13278.258332843356,USD_PER_KILOGRAM,0.00012810415,2.149835883064,6.470022767518,24.426110670027,0.000124610562,0.000116359661,0.000114572794,0.000122414975,11.810270258565,-0.202086049544,52.80681593024,0.467250204011
1983-07,1983-07-31T23:59:59Z,1704.0,USD_PER_METRIC_TON,403.0,USD_PER_TROY_OUNCE,1.704,USD_PER_KILOGRAM,12956.750867157076,USD_PER_KILOGRAM,0.000131514453,2.66213276966,4.869200138261,29.377000738734,0.000128342228,0.000121336718,0.000114514605,0.000122565073,14.845134859001,-0.528134756157,54.634962809443,0.729692743364
1983-08,1983-08-31T23:59:59Z,1640.0,USD_PER_METRIC_TON,416.0,USD_PER_TROY_OUNCE,1.64,USD_PER_KILOGRAM,13374.710572549238,USD_PER_KILOGRAM,0.000122619476,-6.763497652582,-4.281418170307,17.52720564196,0.000127412693,0.00012438449,0.000114393552,0.000122025649,7.190897907243,-1.170798898072,49.273516499405,0.049643187846
1983-09,1983-09-30T23:59:59Z,1561.0,USD_PER_METRIC_TON,412.0,USD_PER_TROY_OUNCE,1.561,USD_PER_KILOGRAM,13246.107586274728,USD_PER_KILOGRAM,0.00011784594,-3.892967085011,-10.393164000182,-0.418605781499,0.00012399329,0.000124301926,0.000115750153,0.000121944629,1.81061269179,16.028092066321,46.628993229681,-0.342032667657
1983-10,1983-10-31T23:59:59Z,1435.0,USD_PER_METRIC_TON,394.0,USD_PER_TROY_OUNCE,1.435,USD_PER_KILOGRAM,12667.394148039424,USD_PER_KILOGRAM,0.000113282968,-3.87198106121,-7.61421319797,-5.848170315933,0.000117916128,0.000123129178,0.000116216826,0.000121735302,-2.524469765905,5.200526723578,44.187659350097,-0.699206711656
1983-11,1983-11-30T23:59:59Z,1389.0,USD_PER_METRIC_TON,382.0,USD_PER_TROY_OUNCE,1.389,USD_PER_KILOGRAM,12281.585189215888,USD_PER_KILOGRAM,0.00011309615,-0.164912344711,-4.030508031165,-9.817495093476,0.000114741686,0.000121077189,0.000116622746,0.000121266866,-3.023935190514,4.500841177068,44.085888043442,-0.669958425773
1983-12,1983-12-31T23:59:59Z,1415.0,USD_PER_METRIC_TON,388.0,USD_PER_TROY_OUNCE,1.415,USD_PER_KILOGRAM,12474.489668627655,USD_PER_KILOGRAM,0.000113431494,0.296512361485,0.131111031287,-11.45369309745,0.000113270204,0.000118631747,0.000117495704,0.000120761852,-3.459028416867,10.174725820788,44.333729528522,-0.597969621369
1984-01,1984-01-31T23:59:59Z,1376.0,USD_PER_METRIC_TON,371.0,USD_PER_TROY_OUNCE,1.376,USD_PER_KILOGRAM,11927.92697696098,USD_PER_KILOGRAM,0.000115359526,1.69973236311,2.001284641164,-12.283765485998,0.00011396239,0.000115939259,0.000118637988,0.000120131465,-2.763417147396,13.484633375171,45.820672911094,-0.39337788701
1984-02,1984-02-29T23:59:59Z,1430.0,USD_PER_METRIC_TON,386.0,USD_PER_TROY_OUNCE,1.43,USD_PER_KILOGRAM,12410.1881754904,USD_PER_KILOGRAM,0.000115227906,-0.114095071695,1.583697980556,-6.028055099204,0.000114672975,0.000114707331,0.00011954591,0.000119395267,-3.612004722851,10.442600929308,45.730867484073,-0.351174840666
1984-03,1984-03-31T23:59:59Z,1501.0,USD_PER_METRIC_TON,394.0,USD_PER_TROY_OUNCE,1.501,USD_PER_KILOGRAM,12667.394148039424,USD_PER_KILOGRAM,0.000118493195,2.833765219552,2.716436961398,0.54923792831,0.000116360209,0.000114815206,0.000119558566,0.000118402401,-0.891087556875,0.128333005089,48.431180921385,0.008359273479
1984-04,1984-04-30T23:59:59Z,1533.0,USD_PER_METRIC_TON,381.0,USD_PER_TROY_OUNCE,1.533,USD_PER_KILOGRAM,12249.43444264726,USD_PER_KILOGRAM,0.000125148635,5.616727955641,8.609658058477,10.474361436528,0.000119623245,0.000116792818,0.000119960998,0.000117981274,4.32443647138,4.01363262428,53.50892524111,0.690144592152
1984-05,1984-05-31T23:59:59Z,1421.0,USD_PER_METRIC_TON,377.0,USD_PER_TROY_OUNCE,1.421,USD_PER_KILOGRAM,12120.831456372747,USD_PER_KILOGRAM,0.000117236182,-6.322444678609,-1.060831240711,3.660630226505,0.00012029267,0.000117482823,0.000119280006,0.000116937208,-1.713467689183,-6.516247059848,47.518405022128,0.032984206778
1984-06,1984-06-30T23:59:59Z,1367.0,USD_PER_METRIC_TON,378.0,USD_PER_TROY_OUNCE,1.367,USD_PER_KILOGRAM,12152.982202941375,USD_PER_KILOGRAM,0.000112482679,-4.054637728107,-10.120730179439,-0.836464935405,0.000118289165,0.000117324687,0.000117978217,0.000116275505,-4.658095135152,-12.194351906286,44.309048358021,-0.431931373323
1984-07,1984-07-31T23:59:59Z,1331.0,USD_PER_METRIC_TON,348.0,USD_PER_TROY_OUNCE,1.331,USD_PER_KILOGRAM,11188.459805882536,USD_PER_KILOGRAM,0.000118961861,5.760159422849,1.471968097584,3.122702820102,0.000116226907,0.000117925076,0.000116932168,0.000115723386,1.735787018903,-9.544648157142,49.332231614755,0.39706695964
1984-08,1984-08-31T23:59:59Z,1338.0,USD_PER_METRIC_TON,348.0,USD_PER_TROY_OUNCE,1.338,USD_PER_KILOGRAM,11188.459805882536,USD_PER_KILOGRAM,0.000119587506,0.525920360631,6.31637363469,3.783457921389,0.000117010682,0.000118651676,0.000116679503,0.000115536528,2.492299104997,-2.472666105971,49.803061342896,0.505570264467
1984-09,1984-09-30T23:59:59Z,1294.0,USD_PER_METRIC_TON,340.0,USD_PER_TROY_OUNCE,1.294,USD_PER_KILOGRAM,10931.253833333512,USD_PER_KILOGRAM,0.000118376173,-1.012925349512,-0.492332169532,-0.098757690951,0.00011897518,0.000118632173,0.00011672369,0.000116236921,1.415722845197,0.449937822663,48.8564446556,0.286081262225
1984-10,1984-10-31T23:59:59Z,1273.0,USD_PER_METRIC_TON,341.0,USD_PER_TROY_OUNCE,1.273,USD_PER_KILOGRAM,10963.40457990214,USD_PER_KILOGRAM,0.000116113566,-1.911370775109,-2.904935365517,-7.219470763439,0.000118025748,0.000117126328,0.000116959573,0.000116588199,-0.723332705588,2.498697211522,47.057261241508,-0.06535297522
1984-11,1984-11-30T23:59:59Z,1345.0,USD_PER_METRIC_TON,342.0,USD_PER_TROY_OUNCE,1.345,USD_PER_KILOGRAM,10995.555326470769,USD_PER_KILOGRAM,0.000122322153,5.34699540157,3.333423719009,4.338226518678,0.000118937297,0.00011797399,0.000117728406,0.000117175576,3.901986571661,8.15766317642,52.253222054238,0.721682416849
1984-12,1984-12-31T23:59:59Z,1321.0,USD_PER_METRIC_TON,320.0,USD_PER_TROY_OUNCE,1.321,USD_PER_KILOGRAM,10288.238901960953,USD_PER_KILOGRAM,0.00012839904,4.967936802974,10.580567556952,14.150054864667,0.000122278253,0.000120626717,0.000118975702,0.000118235703,7.920388953276,13.195229681979,56.729569311818,1.489524846285
1985-01,1985-01-31T23:59:59Z,1359.0,USD_PER_METRIC_TON,303.0,USD_PER_TROY_OUNCE,1.359,USD_PER_KILOGRAM,9741.676210294278,USD_PER_KILOGRAM,0.000139503713,8.648563569453,14.046155544923,17.267594528048,0.000130074969,0.000124050358,0.000120987717,0.000119812853,15.304029014552,20.92951300944,63.469357847525,2.745006207249
1985-02,1985-02-28T23:59:59Z,1389.0,USD_PER_METRIC_TON,299.0,USD_PER_TROY_OUNCE,1.389,USD_PER_KILOGRAM,9613.073224019765,USD_PER_KILOGRAM,0.000144490733,3.574830007309,12.532565022444,20.824272237803,0.000137464495,0.000128200896,0.000123426286,0.000121486098,17.066418884092,25.395607736745,66.028475071618,2.874516520951
1985-03,1985-03-31T23:59:59Z,1390.0,USD_PER_METRIC_TON,314.0,USD_PER_TROY_OUNCE,1.39,USD_PER_KILOGRAM,10095.334422549186,USD_PER_KILOGRAM,0.000137687365,-4.708515038542,-1.302006439729,16.313411236574,0.000140560604,0.000131419428,0.000125025801,0.000122292183,10.127161621033,16.198542797371,59.86695944203,1.790594991449
1985-04,1985-04-30T23:59:59Z,1502.0,USD_PER_METRIC_TON,327.0,USD_PER_TROY_OUNCE,1.502,USD_PER_KILOGRAM,10513.29412794135,USD_PER_KILOGRAM,0.000142866734,3.761687897389,-1.123946781505,23.040519277106,0.000141681611,0.00013587829,0.000126502309,0.000123231653,12.936068691454,14.157644960711,62.719156900275,2.063817649545
1985-05,1985-05-31T23:59:59Z,1531.0,USD_PER_METRIC_TON,316.0,USD_PER_TROY_OUNCE,1.531,USD_PER_KILOGRAM,10159.635915686442,USD_PER_KILOGRAM,0.000150694377,5.478981611017,9.446771696567,23.19467319185,0.000143749492,0.000140606994,0.000129290492,0.000124285249,16.554879243254,28.539137173857,66.584310406103,2.404478270425
1985-06,1985-06-30T23:59:59Z,1432.0,USD_PER_METRIC_TON,317.0,USD_PER_TROY_OUNCE,1.432,USD_PER_KILOGRAM,10191.78666225507,USD_PER_KILOGRAM,0.000140505296,-6.761420650407,-1.65289603347,9.428618506676,0.000144688802,0.000142624703,0.00013162571,0.000124801963,6.746087873301,24.912828063018,58.135235135947,1.373472557377
1985-07,1985-07-31T23:59:59Z,1475.0,USD_PER_METRIC_TON,317.0,USD_PER_TROY_OUNCE,1.475,USD_PER_KILOGRAM,10191.78666225507,USD_PER_KILOGRAM,0.000144724379,3.002793296089,-3.961658840328,3.742313772188,0.000145308017,0.000143494814,0.000133772586,0.000125352377,8.18687401738,21.656115868385,60.377304784882,1.608326084802
1985-08,1985-08-31T23:59:59Z,1420.0,USD_PER_METRIC_TON,330.0,USD_PER_TROY_OUNCE,1.42,USD_PER_KILOGRAM,10609.746367647233,USD_PER_KILOGRAM,0.000133839203,-7.521314843349,-4.744371085153,-7.371773894452,0.000139689626,0.000141719559,0.000134960228,0.000125819866,-0.830633293311,11.917380078815,52.556853471286,0.660191930657
1985-09,1985-09-30T23:59:59Z,1366.0,USD_PER_METRIC_TON,323.0,USD_PER_TROY_OUNCE,1.366,USD_PER_KILOGRAM,10384.691141666837,USD_PER_KILOGRAM,0.000131539781,-1.718048227445,-9.110143254447,-4.464886295298,0.000136701121,0.000140694962,0.000136057195,0.000126390442,-3.320231573219,11.120149678679,51.052523123735,0.426253620005
1985-10,1985-10-31T23:59:59Z,1385.0,USD_PER_METRIC_TON,326.0,USD_PER_TROY_OUNCE,1.385,USD_PER_KILOGRAM,10481.143381372722,USD_PER_KILOGRAM,0.000132142072,0.457877103001,-1.268037673896,-7.506759902951,0.000132507019,0.000138907518,0.000137392904,0.000127176238,-3.821763771604,13.804162911628,51.444557193279,0.420381030774
1985-11,1985-11-30T23:59:59Z,1370.0,USD_PER_METRIC_TON,322.0,USD_PER_TROY_OUNCE,1.37,USD_PER_KILOGRAM,10352.540395098209,USD_PER_KILOGRAM,0.000132334668,0.145749714106,0.604294171676,-12.183406290696,0.000132005507,0.000135847567,0.00013822728,0.000127977843,-4.262987606078,8.185365628391,51.578112969556,0.37957894297
1985-12,1985-12-31T23:59:59Z,1391.0,USD_PER_METRIC_TON,322.0,USD_PER_TROY_OUNCE,1.391,USD_PER_KILOGRAM,10352.540395098209,USD_PER_KILOGRAM,0.000134363156,1.532846715328,1.68083054914,-4.371465005725,0.000132946632,0.000134823877,0.00013872429,0.000128849996,-3.143742067408,4.644984742408,53.043095474206,0.495361618275
1986-01,1986-01-31T23:59:59Z,1418.0,USD_PER_METRIC_TON,347.0,USD_PER_TROY_OUNCE,1.418,USD_PER_KILOGRAM,11156.30905931391,USD_PER_KILOGRAM,0.000127102969,-5.403406418785,-3.953385641263,-12.175841352025,0.000131266931,0.000131886975,0.000137690894,0.000129339306,-7.68963404803,-8.889185767633,47.503517839027,-0.207484970991
1986-02,1986-02-28T23:59:59Z,1406.0,USD_PER_METRIC_TON,339.0,USD_PER_TROY_OUNCE,1.406,USD_PER_KILOGRAM,10899.103086764884,USD_PER_KILOGRAM,0.000129001441,1.493648871858,-3.990465465943,-3.614608001994,0.000130155855,0.000131080681,0.00013640012,0.000129913203,-5.424247023833,-10.719921167369,49.00330920802,-0.087917658307
1986-03,1986-03-31T23:59:59Z,1445.0,USD_PER_METRIC_TON,346.0,USD_PER_TROY_OUNCE,1.445,USD_PER_KILOGRAM,11124.158312745281,USD_PER_KILOGRAM,0.000129897468,0.694587194435,2.198610760087,-1.248529523777,0.000128667292,0.000130806962,0.000135750962,0.000130388381,-4.311935453284,-5.657670395476,49.733242755932,-0.048633777886
1986-04,1986-04-30T23:59:59Z,1435.0,USD_PER_METRIC_TON,340.0,USD_PER_TROY_OUNCE,1.435,USD_PER_KILOGRAM,10931.253833333512,USD_PER_KILOGRAM,0.000131274968,1.060451862406,1.76240481968,-0.656190273944,0.000130057959,0.000130662445,0.000134784981,0.000130643645,-2.604157515769,-8.113691548524,50.896848068652,0.062908113118
1986-05,1986-05-31T23:59:59Z,1419.0,USD_PER_METRIC_TON,342.0,USD_PER_TROY_OUNCE,1.419,USD_PER_KILOGRAM,10995.555326470769,USD_PER_KILOGRAM,0.000129052145,-1.693257534079,-0.650761852729,-2.480471251121,0.00013007486,0.000130115358,0.000132981462,0.000131135977,-2.954785693514,-14.361671651369,48.928574912889,-0.215982095256
1986-06,1986-06-30T23:59:59Z,1413.0,USD_PER_METRIC_TON,343.0,USD_PER_TROY_OUNCE,1.413,USD_PER_KILOGRAM,11027.706073039397,USD_PER_KILOGRAM,0.000128131816,-0.713145421261,-2.394327566766,-4.637685412051,0.00012948631,0.000129076801,0.000131950339,0.000131788024,-2.8939094483,-8.806415622913,48.099191533297,-0.412557629269
1986-07,1986-07-31T23:59:59Z,1344.0,USD_PER_METRIC_TON,348.0,USD_PER_TROY_OUNCE,1.344,USD_PER_KILOGRAM,11188.459805882536,USD_PER_KILOGRAM,0.000120123772,-6.249847475413,-6.918422395568,-5.490978065269,0.000125769244,0.000127913602,0.000129900288,0.000131836437,-7.526169426253,-16.998246639392,41.506318239541,-1.33173864595
1986-08,1986-08-31T23:59:59Z,1303.0,USD_PER_METRIC_TON,377.0,USD_PER_TROY_OUNCE,1.303,USD_PER_KILOGRAM,12120.831456372747,USD_PER_KILOGRAM,0.000107500876,-10.508241758242,-16.101340151417,-16.666918209568,0.000118585488,0.000124330174,0.000127705428,0.000131332828,-15.821216039491,-19.679082452273,33.671678631177,-2.438403677257
1986-09,1986-09-30T23:59:59Z,1347.0,USD_PER_METRIC_TON,418.0,USD_PER_TROY_OUNCE,1.347,USD_PER_KILOGRAM,13439.012065686495,USD_PER_KILOGRAM,0.000100230582,-6.763009176468,-16.560577580314,-22.838694723597,0.000109285077,0.000119385693,0.000125096328,0.000130576761,-19.8772787617,-23.802076400905,30.142586668895,-2.6794991233
1986-10,1986-10-31T23:59:59Z,1317.0,USD_PER_METRIC_TON,424.0,USD_PER_TROY_OUNCE,1.317,USD_PER_KILOGRAM,13631.916545098264,USD_PER_KILOGRAM,9.6611507e-05,-3.610749254108,-10.129563127181,-26.405233055026,0.000101447655,0.00011360845,0.000122135447,0.000129764176,-20.89806107537,-26.88815475785,28.539088070232,-2.565777765861
1986-11,1986-11-30T23:59:59Z,1303.0,USD_PER_METRIC_TON,398.0,USD_PER_TROY_OUNCE,1.303,USD_PER_KILOGRAM,12795.997134313935,USD_PER_KILOGRAM,0.000101828719,5.40019764731,1.594460796932,-21.094903693945,9.9556936e-05,0.000109071212,0.000119593285,0.000128910283,-14.854149746957,-23.052121923486,33.990628960738,-1.932258035326
1986-12,1986-12-31T23:59:59Z,1336.0,USD_PER_METRIC_TON,391.0,USD_PER_TROY_OUNCE,1.336,USD_PER_KILOGRAM,12570.94190833354,USD_PER_KILOGRAM,0.000106276841,4.368239337511,10.004330542755,-17.056633416775,0.000101572356,0.000105428716,0.000117252759,0.000127988524,-9.360903201618,-20.903285829069,38.311560477898,-1.474162206294
1987-01,1987-01-31T23:59:59Z,1346.0,USD_PER_METRIC_TON,408.0,USD_PER_TROY_OUNCE,1.346,USD_PER_KILOGRAM,13117.504600000215,USD_PER_KILOGRAM,0.00010261098,-3.449351297405,0.768212119844,-14.578956582633,0.00010357218,0.000102509918,0.00011521176,0.000126451327,-10.937060443306,-19.269407339805,36.20797544236,-1.552319736494
1987-02,1987-02-28T23:59:59Z,1380.0,USD_PER_METRIC_TON,401.0,USD_PER_TROY_OUNCE,1.38,USD_PER_KILOGRAM,12892.44937401982,USD_PER_KILOGRAM,0.000107039396,4.315733696961,0.717517583287,-0.429279831886,0.000105309073,0.000102433004,0.000113381589,0.000124890855,-5.593670759315,-17.024650322983,40.460917443993,-1.16308775142
1987-03,1987-03-31T23:59:59Z,1466.0,USD_PER_METRIC_TON,409.0,USD_PER_TROY_OUNCE,1.466,USD_PER_KILOGRAM,13149.655346568843,USD_PER_KILOGRAM,0.000111485812,4.153998795223,8.649008017961,11.229336949084,0.000107045396,0.000104308876,0.000111847285,0.000123799123,-0.323184299766,-14.173991759799,44.464424337267,-0.803157029017
1987-04,1987-04-30T23:59:59Z,1484.0,USD_PER_METRIC_TON,438.0,USD_PER_TROY_OUNCE,1.484,USD_PER_KILOGRAM,14082.026997059054,USD_PER_KILOGRAM,0.000105382556,-5.474468469479,-1.547879028522,9.078679578258,0.000107969255,0.000105770717,0.000109689584,0.000122237283,-3.926560134788,-19.723799977726,40.444363110293,-1.107551748942
1987-05,1987-05-31T23:59:59Z,1520.0,USD_PER_METRIC_TON,460.0,USD_PER_TROY_OUNCE,1.52,USD_PER_KILOGRAM,14789.34342156887,USD_PER_KILOGRAM,0.000102776706,-2.472752841908,-7.811851236728,0.930961994061,0.000106548358,0.000105928715,0.000107499964,0.000120240713,-4.393729572092,-20.360327235959,38.830147309564,-1.206167666677
1987-06,1987-06-30T23:59:59Z,1572.0,USD_PER_METRIC_TON,450.0,USD_PER_TROY_OUNCE,1.572,USD_PER_KILOGRAM,14467.83595588259,USD_PER_KILOGRAM,0.000108654812,5.719298245614,3.105121293801,2.2375249501,0.000105604691,0.000106325044,0.00010587688,0.000118913609,2.623738296941,-15.200754895022,44.236748847036,-0.732098349299
1987-07,1987-07-31T23:59:59Z,1695.0,USD_PER_METRIC_TON,451.0,USD_PER_TROY_OUNCE,1.695,USD_PER_KILOGRAM,14499.986702451219,USD_PER_KILOGRAM,0.000116896659,7.585348927743,13.738475901505,13.922173937395,0.000109442726,0.00010870599,0.000105607954,0.000117754121,10.689256441909,-2.686490338929,50.802731001308,-0.066267671795
1987-08,1987-08-31T23:59:59Z,1756.0,USD_PER_METRIC_TON,461.0,USD_PER_TROY_OUNCE,1.756,USD_PER_KILOGRAM,14821.494168137498,USD_PER_KILOGRAM,0.000118476584,1.351557150993,9.039426404597,10.685026250432,0.000114676018,0.000110612188,0.000106522596,0.000117114012,11.222020730675,10.209877755821,51.970235955892,0.109002637459
1987-09,1987-09-30T23:59:59Z,1811.0,USD_PER_METRIC_TON,460.0,USD_PER_TROY_OUNCE,1.811,USD_PER_KILOGRAM,14789.34342156887,USD_PER_KILOGRAM,0.000122453036,3.356318708527,4.753238425035,9.837327243609,0.000119275426,0.000112440059,0.000108374467,0.000116735398,12.990669083929,22.171330815661,54.872914299688,0.468986059546
1987-10,1987-10-31T23:59:59Z,1967.0,USD_PER_METRIC_TON,465.0,USD_PER_TROY_OUNCE,1.967,USD_PER_KILOGRAM,14950.09715441201,USD_PER_KILOGRAM,0.000131571051,7.446132654091,11.05236730595,24.850882531954,0.00012416689,0.000116804808,0.000111287763,0.000116711605,18.225982848332,36.185694107658,60.73301767979,1.221801049973
1987-11,1987-11-30T23:59:59Z,2524.0,USD_PER_METRIC_TON,468.0,USD_PER_TROY_OUNCE,2.524,USD_PER_KILOGRAM,15046.549394117894,USD_PER_KILOGRAM,0.000167746101,27.494687992909,36.98811158778,63.21412505623,0.000140590063,0.000127633041,0.000116780878,0.000118187081,43.641753964373,64.733586529442,74.74519257944,3.172126223254
1987-12,1987-12-31T23:59:59Z,2869.0,USD_PER_METRIC_TON,486.0,USD_PER_TROY_OUNCE,2.869,USD_PER_KILOGRAM,15625.262832353197,USD_PER_KILOGRAM,0.000183612911,9.458824910489,39.554187300332,68.987371595514,0.000160976688,0.000140126057,0.00012322555,0.000120239155,49.005551804112,72.768506197482,78.388013878688,3.140051668054
1988-01,1988-01-31T23:59:59Z,2663.0,USD_PER_METRIC_TON,477.0,USD_PER_TROY_OUNCE,2.663,USD_PER_KILOGRAM,15335.906113235545,USD_PER_KILOGRAM,0.000173644777,-5.428885220674,3.5164309422,48.545543372727,0.000175001263,0.000149584077,0.000129145034,0.000122178397,34.45718539065,69.226312297326,71.418339438269,2.255984233025
1988-02,1988-02-29T23:59:59Z,2330.0,USD_PER_METRIC_TON,442.0,USD_PER_TROY_OUNCE,2.33,USD_PER_KILOGRAM,14210.629983333567,USD_PER_KILOGRAM,0.000163961767,-5.576332615718,-10.702485139161,38.391706779085,0.000173739818,0.000157164941,0.000133888564,0.000123635077,22.461367447522,53.178896976851,65.340791092101,1.661452583104
1988-03,1988-03-31T23:59:59Z,2359.0,USD_PER_METRIC_TON,444.0,USD_PER_TROY_OUNCE,2.359,USD_PER_KILOGRAM,14274.931476470823,USD_PER_KILOGRAM,0.000165254734,0.788578277849,-4.831728085577,34.953562065655,0.000167620426,0.000164298557,0.000138369308,0.000125108296,19.43019460379,48.22938559296,65.759793707377,1.565668637734
1988-04,1988-04-30T23:59:59Z,2286.0,USD_PER_METRIC_TON,452.0,USD_PER_TROY_OUNCE,2.286,USD_PER_KILOGRAM,14532.137449019847,USD_PER_KILOGRAM,0.000157306522,-4.80967261514,-4.05902237077,19.560131551125,0.000162174341,0.000168587802,0.000142696305,0.000126192944,10.238679240519,49.271879397944,60.886882119986,1.177722154421
1988-05,1988-05-31T23:59:59Z,2448.0,USD_PER_METRIC_TON,451.0,USD_PER_TROY_OUNCE,2.448,USD_PER_KILOGRAM,14499.986702451219,USD_PER_KILOGRAM,0.000168827741,7.324056776717,2.16212100847,0.644807629462,0.000163796332,0.000168768075,0.000148200558,0.000127850261,13.918424672138,64.266542186953,64.942212860853,1.476165207073
1988-06,1988-06-30T23:59:59Z,2540.0,USD_PER_METRIC_TON,451.0,USD_PER_TROY_OUNCE,2.54,USD_PER_KILOGRAM,14499.986702451219,USD_PER_KILOGRAM,0.000175172574,3.758169934641,11.357477211136,-4.596810155813,0.000167102279,0.000167361353,0.000153743705,0.000129810292,13.938046835383,61.219342935969,66.973066256081,1.546797456339
1988-07,1988-07-31T23:59:59Z,2214.0,USD_PER_METRIC_TON,438.0,USD_PER_TROY_OUNCE,2.214,USD_PER_KILOGRAM,14082.026997059054,USD_PER_KILOGRAM,0.000157221684,-10.247546111531,-6.874496373892,-9.457867581623,0.000167074,0.00016462417,0.000157104124,0.000131356039,0.074829661438,34.496302582131,56.925686760238,0.869436050887
1988-08,1988-08-31T23:59:59Z,2201.0,USD_PER_METRIC_TON,431.0,USD_PER_TROY_OUNCE,2.201,USD_PER_KILOGRAM,13856.971771078659,USD_PER_KILOGRAM,0.000158837013,1.027420947063,-9.325410599777,-3.125578801669,0.000163743757,0.000163770045,0.000160467493,0.000133495044,-1.01608121244,34.06616492873,57.542938195689,0.850307065573
1988-09,1988-09-30T23:59:59Z,2436.0,USD_PER_METRIC_TON,413.0,USD_PER_TROY_OUNCE,2.436,USD_PER_KILOGRAM,13278.258332843356,USD_PER_KILOGRAM,0.000183457795,15.500658406425,16.687336364889,11.015152930357,0.000166505497,0.000166803888,0.000165551223,0.000136962845,10.816333736139,49.818903312151,65.62786262724,1.521264995275
1988-10,1988-10-31T23:59:59Z,2940.0,USD_PER_METRIC_TON,407.0,USD_PER_TROY_OUNCE,2.94,USD_PER_KILOGRAM,13085.353853431587,USD_PER_KILOGRAM,0.000224678678,22.468863848174,41.45234408751,42.828583773466,0.000188991162,0.000178032581,0.000173310191,0.000142298977,29.639622289668,70.766042652164,74.412954093645,2.420434608796
1988-11,1988-11-30T23:59:59Z,3305.0,USD_PER_METRIC_TON,420.0,USD_PER_TROY_OUNCE,3.305,USD_PER_KILOGRAM,13503.313558823751,USD_PER_KILOGRAM,0.00024475474,8.935455134435,33.41201423098,44.973058667912,0.000217630404,0.000190687081,0.000179727578,0.000148254228,36.180959390424,45.907856010867,77.437578149103,2.498252226951
1988-12,1988-12-31T23:59:59Z,3499.0,USD_PER_METRIC_TON,419.0,USD_PER_TROY_OUNCE,3.499,USD_PER_KILOGRAM,13471.162812255123,USD_PER_KILOGRAM,0.000259740013,6.12256687813,15.605101229036,48.276642925601,0.00024305781,0.000204781654,0.000186071503,0.000154648527,39.59150558575,41.460647144898,79.395453787553,2.413740341251
1989-01,1989-01-31T23:59:59Z,3394.0,USD_PER_METRIC_TON,404.0,USD_PER_TROY_OUNCE,3.394,USD_PER_KILOGRAM,12988.901613725704,USD_PER_KILOGRAM,0.000261300001,0.600595926983,6.75993469241,66.198449113204,0.000255264918,0.00022212804,0.000193376105,0.000161260569,35.125278538769,50.479619873365,79.593971449629,2.126563359784
1989-02,1989-02-28T23:59:59Z,3097.0,USD_PER_METRIC_TON,388.0,USD_PER_TROY_OUNCE,3.097,USD_PER_KILOGRAM,12474.489668627655,USD_PER_KILOGRAM,0.000248266669,-4.987880371061,-4.417241450429,56.302781772109,0.000256435561,0.000237032983,0.000200401514,0.000167145039,23.884627768117,51.417415158621,73.244601918602,1.665872843317
1989-03,1989-03-31T23:59:59Z,3264.0,USD_PER_METRIC_TON,390.0,USD_PER_TROY_OUNCE,3.264,USD_PER_KILOGRAM,12538.791161764912,USD_PER_KILOGRAM,0.000260312175,4.851841732694,-0.378042699787,41.892130857648,0.000256626282,0.000249842046,0.000208322967,0.000173346137,24.956061600506,57.52176606776,75.212646265201,1.716989293273
1989-04,1989-04-30T23:59:59Z,3118.0,USD_PER_METRIC_TON,384.0,USD_PER_TROY_OUNCE,3.118,USD_PER_KILOGRAM,12345.886682353144,USD_PER_KILOGRAM,0.000252553752,-2.980430453431,1.726805510709,12.406639739229,0.000253710865,0.000254487892,0.000216260236,0.000179478271,16.782334166848,60.548811606882,71.561445762112,1.434010663472
1989-05,1989-05-31T23:59:59Z,2739.0,USD_PER_METRIC_TON,371.0,USD_PER_TROY_OUNCE,2.739,USD_PER_KILOGRAM,11927.92697696098,USD_PER_KILOGRAM,0.000229629172,-9.077109004494,-11.787002536864,-6.17988753461,0.000247498366,0.000251966964,0.000221327022,0.00018476379,3.751078447346,36.01388668675,61.986152590538,0.91041551416
1989-06,1989-06-30T23:59:59Z,2546.0,USD_PER_METRIC_TON,368.0,USD_PER_TROY_OUNCE,2.546,USD_PER_KILOGRAM,11831.474737255096,USD_PER_KILOGRAM,0.000215188728,-6.288593107608,-14.794879660875,-17.152260894417,0.000232457217,0.00024454175,0.000224661702,0.000189202703,-4.216550254257,22.843846285519,56.827945292448,0.553265148552
1989-07,1989-07-31T23:59:59Z,2505.0,USD_PER_METRIC_TON,375.0,USD_PER_TROY_OUNCE,2.505,USD_PER_KILOGRAM,12056.529963235493,USD_PER_KILOGRAM,0.000207771225,-3.446975648075,-9.518802482658,-20.485562757808,0.000217529708,0.000235620287,0.000228874163,0.000192989143,-9.220323534247,32.151761517615,54.327123844926,0.331514531335
1989-08,1989-08-31T23:59:59Z,2762.0,USD_PER_METRIC_TON,365.0,USD_PER_TROY_OUNCE,2.762,USD_PER_KILOGRAM,11735.022497549213,USD_PER_KILOGRAM,0.000235363844,13.280288737593,9.375544770739,-5.197163848355,0.000219441266,0.000233469816,0.000235251399,0.000197859446,0.047797518161,48.179470103876,61.17226831872,0.882032549487
1989-09,1989-09-30T23:59:59Z,2884.0,USD_PER_METRIC_TON,362.0,USD_PER_TROY_OUNCE,2.884,USD_PER_KILOGRAM,11638.570257843328,USD_PER_KILOGRAM,0.00024779676,5.282424058153,19.264233963013,-4.807848553786,0.00023031061,0.000231383913,0.00024061298,0.000203082101,2.985616262244,35.070172096272,63.804610185401,1.101568838751
1989-10,1989-10-31T23:59:59Z,2861.0,USD_PER_METRIC_TON,367.0,USD_PER_TROY_OUNCE,2.861,USD_PER_KILOGRAM,11799.323990686467,USD_PER_KILOGRAM,0.000242471518,-2.149036117714,3.019866739538,-3.99211399748,0.000241877374,0.000229703541,0.000242095716,0.000207702954,0.155228553423,7.919238540103,61.86983615809,0.904403871939
1989-11,1989-11-30T23:59:59Z,2591.0,USD_PER_METRIC_TON,394.0,USD_PER_TROY_OUNCE,2.591,USD_PER_KILOGRAM,12667.394148039424,USD_PER_KILOGRAM,0.000204540884,-15.643335811375,-17.456190992488,-10.925566594945,0.000231603054,0.00022552216,0.000238744562,0.00020923607,-14.326473968206,-16.430266401468,50.194491864655,-0.125062488332
1989-12,1989-12-31T23:59:59Z,2419.0,USD_PER_METRIC_TON,409.0,USD_PER_TROY_OUNCE,2.419,USD_PER_KILOGRAM,13149.655346568843,USD_PER_KILOGRAM,0.000183959194,-10.062384462296,-24.131627681603,-14.512625394454,0.000210323865,0.000220317237,0.000232429494,0.000209250498,-20.853764593655,-29.175642918585,45.209173298035,-0.673843015019
1990-01,1990-01-31T23:59:59Z,2367.0,USD_PER_METRIC_TON,410.0,USD_PER_TROY_OUNCE,2.367,USD_PER_KILOGRAM,13181.806093137471,USD_PER_KILOGRAM,0.000179565682,-2.388308008752,-12.210371737064,-13.575288447495,0.000189355253,0.000215616314,0.0002256183,0.000209497203,-20.411738898387,-31.279876970838,44.199979888374,-0.802089749672
1990-02,1990-02-28T23:59:59Z,2360.0,USD_PER_METRIC_TON,417.0,USD_PER_TROY_OUNCE,2.36,USD_PER_KILOGRAM,13406.861319117867,USD_PER_KILOGRAM,0.000176029269,-1.969425726846,-4.310697783237,-25.209723604172,0.000179851382,0.000205727218,0.000219598517,0.000210000015,-19.840410749335,-29.096696811101,43.360940536445,-0.923685766719
1990-03,1990-03-31T23:59:59Z,2626.0,USD_PER_METRIC_TON,393.0,USD_PER_TROY_OUNCE,2.626,USD_PER_KILOGRAM,12635.243401470796,USD_PER_KILOGRAM,0.000207831374,18.066373398887,15.741143866416,-16.128292271478,0.000187808775,0.00019906632,0.000215225117,0.000211774042,-3.435353056318,-20.160716958539,52.156454456936,-0.110799713651
1990-04,1990-04-30T23:59:59Z,2686.0,USD_PER_METRIC_TON,374.0,USD_PER_TROY_OUNCE,2.686,USD_PER_KILOGRAM,12024.379216666865,USD_PER_KILOGRAM,0.000223379515,7.481132728657,26.89907550077,-7.873915668393,0.000202413386,0.00019588432,0.00021279393,0.000214527083,4.974570788202,-11.551693976325,55.772584448249,0.262114903602
1990-05,1990-05-31T23:59:59Z,2742.0,USD_PER_METRIC_TON,369.0,USD_PER_TROY_OUNCE,2.742,USD_PER_KILOGRAM,11863.625483823724,USD_PER_KILOGRAM,0.000231126649,3.468148605537,11.208738134601,12.997775288444,0.000220779179,0.000200315281,0.00021291872,0.000217122871,8.551586508834,0.652128098499,57.496410890932,0.430458362517
1990-06,1990-06-30T23:59:59Z,2585.0,USD_PER_METRIC_TON,352.0,USD_PER_TROY_OUNCE,2.585,USD_PER_KILOGRAM,11317.062792157049,USD_PER_KILOGRAM,0.000228416158,-1.1727297593,2.254746835443,24.166752790409,0.000227640774,0.000207724775,0.000214021006,0.000219341354,6.726046205667,6.14689709348,56.664258631328,0.289086645143
1990-07,1990-07-31T23:59:59Z,2769.0,USD_PER_METRIC_TON,363.0,USD_PER_TROY_OUNCE,2.769,USD_PER_KILOGRAM,11670.721004411957,USD_PER_KILOGRAM,0.000237260406,3.871988746263,2.653851022659,32.130150450233,0.000232267737,0.000217340562,0.000216478438,0.000222676301,9.60001752336,14.193101400505,58.761564928904,0.507174357451
1990-08,1990-08-31T23:59:59Z,2957.0,USD_PER_METRIC_TON,395.0,USD_PER_TROY_OUNCE,2.957,USD_PER_KILOGRAM,12699.544894608052,USD_PER_KILOGRAM,0.00023284299,-1.86184291729,1.938055480743,32.27515554602,0.000232839851,0.000226809515,0.000216268367,0.000225759883,7.66391466687,-1.071045564121,57.270693630299,0.277423010969
1990-09,1990-09-30T23:59:59Z,3031.0,USD_PER_METRIC_TON,389.0,USD_PER_TROY_OUNCE,3.031,USD_PER_KILOGRAM,12506.640415196283,USD_PER_KILOGRAM,0.000242351255,4.083552339314,2.145680092021,16.609561885593,0.000237484883,0.000232562829,0.000215814574,0.000228213777,12.296055796052,-2.197569071805,59.644096930244,0.58563534188
1990-10,1990-10-31T23:59:59Z,2744.0,USD_PER_METRIC_TON,381.0,USD_PER_TROY_OUNCE,2.744,USD_PER_KILOGRAM,12249.43444264726,USD_PER_KILOGRAM,0.000224010342,-7.56790505113,-3.793392075568,0.282401408685,0.000233068196,0.000232667966,0.000214276143,0.00022818593,4.542829086723,-7.613750308475,53.473990806491,-0.172939002412
1990-11,1990-11-30T23:59:59Z,2586.0,USD_PER_METRIC_TON,382.0,USD_PER_TROY_OUNCE,2.586,USD_PER_KILOGRAM,12281.585189215888,USD_PER_KILOGRAM,0.000210559139,-6.004724253202,-13.118197474267,-8.898805091251,0.000225640245,0.000229240048,0.000214777664,0.000226761113,-1.964136078991,2.942323508076,49.434899285308,-0.671333093527
1990-12,1990-12-31T23:59:59Z,2485.0,USD_PER_METRIC_TON,377.0,USD_PER_TROY_OUNCE,2.485,USD_PER_KILOGRAM,12120.831456372747,USD_PER_KILOGRAM,0.000205018939,-2.631184853763,-8.477913711904,-10.24324171793,0.00021319614,0.000225340512,0.000216532643,0.000224481068,-5.317306577223,11.448052168783,47.832348494259,-0.828639018012
1991-01,1991-01-31T23:59:59Z,2449.0,USD_PER_METRIC_TON,384.0,USD_PER_TROY_OUNCE,2.449,USD_PER_KILOGRAM,12345.886682353144,USD_PER_KILOGRAM,0.000198365663,-3.24520036888,-5.790998002062,-16.393271487902,0.000204647914,0.000218858055,0.000218099308,0.000221858804,-9.048008954408,10.469696169554,45.907670291707,-1.033538156543
1991-02,1991-02-28T23:59:59Z,2449.0,USD_PER_METRIC_TON,364.0,USD_PER_TROY_OUNCE,2.449,USD_PER_KILOGRAM,11702.871750980585,USD_PER_KILOGRAM,0.000209264876,5.494505494505,2.07099741305,-10.126185954728,0.000204216492,0.000214928369,0.000220868942,0.000220233729,-5.253824471904,18.880727323524,49.493024615351,-0.494715592965
1991-03,1991-03-31T23:59:59Z,2410.0,USD_PER_METRIC_TON,363.0,USD_PER_TROY_OUNCE,2.41,USD_PER_KILOGRAM,11670.721004411957,USD_PER_KILOGRAM,0.000206499667,-1.321391651396,4.100509906219,-14.793233919835,0.000204710069,0.000208953104,0.000220757966,0.000217991542,-6.458792741067,-0.640763377037,48.612658660917,-0.555803592779
1991-04,1991-04-30T23:59:59Z,2472.0,USD_PER_METRIC_TON,358.0,USD_PER_TROY_OUNCE,2.472,USD_PER_KILOGRAM,11509.967271568816,USD_PER_KILOGRAM,0.000214770376,4.005192517212,2.630876586271,-4.12479437106,0.000210178306,0.00020741311,0.000220040538,0.000216417234,-2.395086873695,-3.854041439785,51.39736010408,-0.084965936178
1991-05,1991-05-31T23:59:59Z,2306.0,USD_PER_METRIC_TON,357.0,USD_PER_TROY_OUNCE,2.306,USD_PER_KILOGRAM,11477.816525000188,USD_PER_KILOGRAM,0.000200909293,-6.453908424211,-2.707207364274,-4.582962341936,0.000207393112,0.000205804802,0.000217522425,0.000215220573,-7.637434360661,-13.073938546972,46.81829140003,-0.737068844077
1991-06,1991-06-30T23:59:59Z,2219.0,USD_PER_METRIC_TON,367.0,USD_PER_TROY_OUNCE,2.219,USD_PER_KILOGRAM,11799.323990686467,USD_PER_KILOGRAM,0.000188061621,-6.394762153463,-12.435958484343,-8.271097977511,0.000201247097,0.000202978583,0.000214159547,0.000214090277,-12.186207044451,-17.667111136877,42.994766936043,-1.291056211621
1991-07,1991-07-31T23:59:59Z,2236.0,USD_PER_METRIC_TON,368.0,USD_PER_TROY_OUNCE,2.236,USD_PER_KILOGRAM,11831.474737255096,USD_PER_KILOGRAM,0.00018898743,0.492289907322,-5.93395301482,-4.727750457152,0.000192652781,0.000201415544,0.000210136799,0.000213307618,-10.064571995947,-20.345988977342,43.3537720863,-1.172229916919
1991-08,1991-08-31T23:59:59Z,2233.0,USD_PER_METRIC_TON,356.0,USD_PER_TROY_OUNCE,2.233,USD_PER_KILOGRAM,11445.665778431561,USD_PER_KILOGRAM,0.000195095685,3.23209583727,3.740297026194,-6.770936084896,0.000190714912,0.000199054012,0.00020699119,0.000211629778,-5.746865754166,-16.211484460792,45.779971099386,-0.805659360912
1991-09,1991-09-30T23:59:59Z,2325.0,USD_PER_METRIC_TON,349.0,USD_PER_TROY_OUNCE,2.325,USD_PER_KILOGRAM,11220.610552451164,USD_PER_KILOGRAM,0.000207207976,6.208385034588,9.641141826122,0.343007288162,0.00019709703,0.000199172063,0.000204062584,0.000209938579,1.541385973752,-14.500968502173,50.323566737756,-0.143000206098
1991-10,1991-10-31T23:59:59Z,2364.0,USD_PER_METRIC_TON,359.0,USD_PER_TROY_OUNCE,2.364,USD_PER_KILOGRAM,11542.118018137444,USD_PER_KILOGRAM,0.000204815095,-1.154820738611,4.981868578065,-4.635313843741,0.000202372918,0.00019751285,0.00020246298,0.000208369562,1.161750796093,-8.568911050294,49.442079403207,-0.198963537843
1991-11,1991-11-30T23:59:59Z,2380.0,USD_PER_METRIC_TON,360.0,USD_PER_TROY_OUNCE,2.38,USD_PER_KILOGRAM,11574.268764706072,USD_PER_KILOGRAM,0.000205628541,0.397161120511,-0.762246117085,2.348944781729,0.000205883871,0.000198299391,0.000202052097,0.000208414881,1.77006049727,-2.341668814987,49.764223451155,-0.156040444155
1991-12,1991-12-31T23:59:59Z,2223.0,USD_PER_METRIC_TON,362.0,USD_PER_TROY_OUNCE,2.223,USD_PER_KILOGRAM,11638.570257843328,USD_PER_KILOGRAM,0.000191002842,-7.112679325874,-6.743767002272,1.563966646665,0.00020048216,0.000198789595,0.000200884089,0.000208708366,-4.918879550778,-6.836488544527,44.298781271844,-1.011361781588
1992-01,1992-01-31T23:59:59Z,2139.0,USD_PER_METRIC_TON,354.0,USD_PER_TROY_OUNCE,2.139,USD_PER_KILOGRAM,11381.364285294305,USD_PER_KILOGRAM,0.000187938805,-1.604184298208,-8.602763139154,-0.554864922228,0.000194856729,0.000198614824,0.000200015184,0.000209057246,-6.037731165912,-5.256382750483,43.227676108741,-1.24237616987
1992-02,1992-02-29T23:59:59Z,2206.0,USD_PER_METRIC_TON,354.0,USD_PER_TROY_OUNCE,2.206,USD_PER_KILOGRAM,11381.364285294305,USD_PER_KILOGRAM,0.000193825621,3.132304815334,1.477872575107,-0.650995215577,0.000190922423,0.000198403147,0.000198728579,0.000209798761,-2.46716316922,-7.377852830511,45.932551605227,-1.004994622717
1992-03,1992-03-31T23:59:59Z,2227.0,USD_PER_METRIC_TON,344.0,USD_PER_TROY_OUNCE,2.227,USD_PER_KILOGRAM,11059.856819608025,USD_PER_KILOGRAM,0.000201358845,3.886598916275,7.140643856616,-2.822830707677,0.000194374424,0.000197428292,0.000198300177,0.000209529072,1.542443378738,-2.489505934575,49.26384780443,-0.511293180131
1992-04,1992-04-30T23:59:59Z,2215.0,USD_PER_METRIC_TON,339.0,USD_PER_TROY_OUNCE,2.215,USD_PER_KILOGRAM,10899.103086764884,USD_PER_KILOGRAM,0.000203227732,0.928137248279,4.850809136787,-0.775022585588,0.000199470733,0.000197163731,0.00019733829,0.000208689414,2.984439263913,-5.374411700127,50.08550515334,-0.346606343032
1992-05,1992-05-31T23:59:59Z,2217.0,USD_PER_METRIC_TON,337.0,USD_PER_TROY_OUNCE,2.217,USD_PER_KILOGRAM,10834.80159362763,USD_PER_KILOGRAM,0.000204618422,0.684301130008,1.618789631965,-0.491235069696,0.000203068333,0.000196995378,0.000197647385,0.000207584905,3.527006965235,1.846170871498,50.724992436118,-0.196980866385
1992-06,1992-06-30T23:59:59Z,2299.0,USD_PER_METRIC_TON,341.0,USD_PER_TROY_OUNCE,2.299,USD_PER_KILOGRAM,10963.40457990214,USD_PER_KILOGRAM,0.000209697634,2.482284982612,3.183572416806,9.78770333609,0.000205847929,0.000200111176,0.000199450386,0.000206804966,5.137743047576,11.504746398407,53.08890613745,0.200429300599
1992-07,1992-07-31T23:59:59Z,2520.0,USD_PER_METRIC_TON,353.0,USD_PER_TROY_OUNCE,2.52,USD_PER_KILOGRAM,11349.213538725677,USD_PER_KILOGRAM,0.000222041817,5.886658443688,8.515067064826,18.145806928392,0.000212119291,0.000205795012,0.000202204918,0.000206170859,9.810295263836,17.490257288663,58.322042238287,1.186526136069
1992-08,1992-08-31T23:59:59Z,2522.0,USD_PER_METRIC_TON,343.0,USD_PER_TROY_OUNCE,2.522,USD_PER_KILOGRAM,11027.706073039397,USD_PER_KILOGRAM,0.000228696701,2.997130825119,9.060220123593,17.99095496248,0.000220145384,0.000211606859,0.000205005003,0.000205998096,11.556644090765,17.22283949086,60.857178933018,1.738921977487
1992-09,1992-09-30T23:59:59Z,2414.0,USD_PER_METRIC_TON,345.0,USD_PER_TROY_OUNCE,2.414,USD_PER_KILOGRAM,11092.007566176653,USD_PER_KILOGRAM,0.000217634183,-4.837200749348,-1.98504715896,8.082752516871,0.0002227909,0.000214319415,0.000205873853,0.000204968218,5.712395835085,5.031759389123,54.881104281209,1.156702109568
1992-10,1992-10-31T23:59:59Z,2249.0,USD_PER_METRIC_TON,344.0,USD_PER_TROY_OUNCE,2.249,USD_PER_KILOGRAM,11059.856819608025,USD_PER_KILOGRAM,0.000203348021,-6.564300302499,-11.083972668425,0.059189458764,0.000216559635,0.000214339463,0.000205751597,0.000204107288,-1.168192992069,-0.716291858498,48.286668259637,-0.074393751123
1992-11,1992-11-30T23:59:59Z,2158.0,USD_PER_METRIC_TON,335.0,USD_PER_TROY_OUNCE,2.158,USD_PER_KILOGRAM,10770.500100490373,USD_PER_KILOGRAM,0.000200362098,-1.468380640152,-7.936292027848,-2.080127104666,0.000207114767,0.000213630076,0.000205312727,0.000203682412,-2.41126235179,-2.561143860529,47.015099321939,-0.327425492185
1992-12,1992-12-31T23:59:59Z,2207.0,USD_PER_METRIC_TON,335.0,USD_PER_TROY_OUNCE,2.207,USD_PER_KILOGRAM,10770.500100490373,USD_PER_KILOGRAM,0.000204911562,2.27062094532,0.768898946796,-2.282368063986,0.000202873894,0.000212832397,0.000206471787,0.000203677938,-0.755659994513,7.281943856963,49.209720501648,0.121657985159
1993-01,1993-01-31T23:59:59Z,2257.0,USD_PER_METRIC_TON,329.0,USD_PER_TROY_OUNCE,2.257,USD_PER_KILOGRAM,10577.595621078604,USD_PER_KILOGRAM,0.000213375523,4.130543462842,6.494953393185,-3.903000916679,0.000206216395,0.000211388015,0.000208591513,0.000204303349,2.293482521582,13.534575000959,53.101634884546,0.884624515676
1993-02,1993-02-28T23:59:59Z,2213.0,USD_PER_METRIC_TON,329.0,USD_PER_TROY_OUNCE,2.213,USD_PER_KILOGRAM,10577.595621078604,USD_PER_KILOGRAM,0.000209215788,-1.949490474081,2.100528437426,-8.518231056068,0.000209167624,0.000208141196,0.000209874027,0.000204301303,-0.313635519608,7.940212793514,51.031962135598,0.479255654222
1993-03,1993-03-31T23:59:59Z,2153.0,USD_PER_METRIC_TON,330.0,USD_PER_TROY_OUNCE,2.153,USD_PER_KILOGRAM,10609.746367647233,USD_PER_KILOGRAM,0.000202926623,-3.006066083337,-4.896953585478,-6.7579272426,0.000208505978,0.000205689936,0.000210004675,0.000204152426,-3.370426129598,0.778598739982,47.986687235396,-0.119621530721
1993-04,1993-04-30T23:59:59Z,1950.0,USD_PER_METRIC_TON,342.0,USD_PER_TROY_OUNCE,1.95,USD_PER_KILOGRAM,10995.555326470769,USD_PER_KILOGRAM,0.000177344385,-12.6066443396,-15.233746363197,-12.787749721124,0.000196495599,0.000201355997,0.00020784773,0.00020259301,-14.675813177064,-12.736129262207,38.042241746682,-2.23322475322
1993-05,1993-05-31T23:59:59Z,1795.0,USD_PER_METRIC_TON,367.0,USD_PER_TROY_OUNCE,1.795,USD_PER_KILOGRAM,11799.323990686467,USD_PER_KILOGRAM,0.000152127359,-14.219241249214,-25.033316416736,-24.073784132548,0.000177466122,0.000193316873,0.000203473475,0.00020056043,-25.234795548414,-25.653145928354,31.182461313877,-3.195737321426
1993-06,1993-06-30T23:59:59Z,1853.0,USD_PER_METRIC_TON,372.0,USD_PER_TROY_OUNCE,1.853,USD_PER_KILOGRAM,11960.077723529608,USD_PER_KILOGRAM,0.000154932104,1.843681672507,-12.637717121588,-24.390745964697,0.000161467949,0.000184986964,0.00019890968,0.000199180033,-22.109319556832,-26.116427432217,32.637407693818,-2.52116614152
1993-07,1993-07-31T23:59:59Z,1927.0,USD_PER_METRIC_TON,392.0,USD_PER_TROY_OUNCE,1.927,USD_PER_KILOGRAM,12603.092654902168,USD_PER_KILOGRAM,0.000152898979,-1.312268026477,0.507219600932,-28.342774859168,0.000153319481,0.00017490754,0.000193147777,0.000197676348,-20.838343943269,-31.139557013282,32.107488594603,-2.265414842705
1993-08,1993-08-31T23:59:59Z,1947.0,USD_PER_METRIC_TON,379.0,USD_PER_TROY_OUNCE,1.947,USD_PER_KILOGRAM,12185.132949510004,USD_PER_KILOGRAM,0.000159784879,4.503562073739,3.132195242116,-23.626758170418,0.000155871987,0.000166669055,0.000187405125,0.000196205064,-14.738255337198,-30.132407374471,35.903352954482,-1.720573446648
1993-09,1993-09-30T23:59:59Z,1862.0,USD_PER_METRIC_TON,355.0,USD_PER_TROY_OUNCE,1.862,USD_PER_KILOGRAM,11413.515031862933,USD_PER_KILOGRAM,0.000163139926,2.099727279961,6.697851875132,-19.606444986687,0.000158607928,0.000160037939,0.000182863937,0.000194368895,-10.786167815987,-25.039382942227,37.73014528038,-1.417741882587
1993-10,1993-10-31T23:59:59Z,1646.0,USD_PER_METRIC_TON,364.0,USD_PER_TROY_OUNCE,1.646,USD_PER_KILOGRAM,11702.871750980585,USD_PER_KILOGRAM,0.000140649238,-13.786133308153,-11.975877230115,-20.69146238377,0.000154524681,0.000153922081,0.000177639039,0.000191695318,-20.823013088044,-30.833239681617,31.291812327826,-2.094892009682
1993-11,1993-11-30T23:59:59Z,1630.0,USD_PER_METRIC_TON,374.0,USD_PER_TROY_OUNCE,1.63,USD_PER_KILOGRAM,12024.379216666865,USD_PER_KILOGRAM,0.000135557934,-3.619859520081,-16.906954169228,-10.891811776623,0.000146449033,0.00015116051,0.000172238692,0.000188775709,-21.296468128936,-32.343524653943,30.04205513911,-1.999421590744
1993-12,1993-12-31T23:59:59Z,1724.0,USD_PER_METRIC_TON,383.0,USD_PER_TROY_OUNCE,1.724,USD_PER_KILOGRAM,12313.735935784516,USD_PER_KILOGRAM,0.000140006251,3.281487770107,-0.457156997421,-9.633802499369,0.000138737808,0.000148672868,0.000166829916,0.000186650851,-16.0784503184,-31.674792169705,32.575795274604,-1.646233211977
1994-01,1994-01-31T23:59:59Z,1805.0,USD_PER_METRIC_TON,387.0,USD_PER_TROY_OUNCE,1.805,USD_PER_KILOGRAM,12442.338922059027,USD_PER_KILOGRAM,0.000145069188,3.616222114307,7.016375770834,-5.120891881853,0.000140211124,0.000147367903,0.000161137721,0.000184864617,-9.971925495273,-32.012263884166,35.441743228814,-1.34794723772
1994-02,1994-02-28T23:59:59Z,1866.0,USD_PER_METRIC_TON,382.0,USD_PER_TROY_OUNCE,1.866,USD_PER_KILOGRAM,12281.585189215888,USD_PER_KILOGRAM,0.000151934785,4.732636219924,8.520000971805,-4.912914754072,0.000145670074,0.000146059554,0.000156364304,0.000183119166,-2.832820235551,-27.378910436426,39.214942657138,-1.033526961466
1994-03,1994-03-31T23:59:59Z,1915.0,USD_PER_METRIC_TON,384.0,USD_PER_TROY_OUNCE,1.915,USD_PER_KILOGRAM,12345.886682353144,USD_PER_KILOGRAM,0.000155112391,2.091427742051,6.923043628809,-4.92064424454,0.000150705454,0.000144721631,0.000152379785,0.00018119223,1.793286375895,-23.562325824431,40.935583944412,-0.857266269048
1994-04,1994-04-30T23:59:59Z,1882.0,USD_PER_METRIC_TON,377.0,USD_PER_TROY_OUNCE,1.882,USD_PER_KILOGRAM,12120.831456372747,USD_PER_KILOGRAM,0.000155269876,0.101529873746,2.195081039742,10.3951062136,0.000154105684,0.000147158404,0.000150540242,0.000179193986,3.141773706926,-12.44725566211,41.024686202797,-0.784807164928
1994-05,1994-05-31T23:59:59Z,2151.0,USD_PER_METRIC_TON,381.0,USD_PER_TROY_OUNCE,2.151,USD_PER_KILOGRAM,12249.43444264726,USD_PER_KILOGRAM,0.000175599944,13.093375283456,13.208198844596,29.538669629486,0.00016199407,0.000153832072,0.000152496291,0.000177984883,15.150304615123,15.429561555502,51.248908994678,-0.079435289133
1994-06,1994-06-30T23:59:59Z,2364.0,USD_PER_METRIC_TON,386.0,USD_PER_TROY_OUNCE,2.364,USD_PER_KILOGRAM,12410.1881754904,USD_PER_KILOGRAM,0.000190488651,8.478765148395,22.682296972133,36.057247274082,0.000173786157,0.000162245806,0.000155459337,0.000177184509,22.532782275857,22.949760785619,57.112855676081,0.452252326131
1994-07,1994-07-31T23:59:59Z,2458.0,USD_PER_METRIC_TON,385.0,USD_PER_TROY_OUNCE,2.458,USD_PER_KILOGRAM,12378.037428921773,USD_PER_KILOGRAM,0.000198577522,4.246379677852,13.085185386441,36.884699787747,0.000188222039,0.000171163861,0.000159265882,0.00017620683,24.68302657732,29.874982308817,59.932616602599,0.791090001599
1994-08,1994-08-31T23:59:59Z,2406.0,USD_PER_METRIC_TON,380.0,USD_PER_TROY_OUNCE,2.406,USD_PER_KILOGRAM,12217.283696078632,USD_PER_KILOGRAM,0.000196934119,-0.827587683611,3.383649479028,29.617532577424,0.000195333431,0.00017866375,0.000162361652,0.000174883389,21.293492954596,23.249533695564,59.08268062911,0.832836847669
1994-09,1994-09-30T23:59:59Z,2506.0,USD_PER_METRIC_TON,392.0,USD_PER_TROY_OUNCE,2.506,USD_PER_KILOGRAM,12603.092654902168,USD_PER_KILOGRAM,0.000198840084,0.967818548866,0.132221318145,28.190973517344,0.000198117242,0.000185951699,0.000165336665,0.000174100301,20.263756195875,21.883151756943,59.794812700723,0.971748983181
1994-10,1994-10-31T23:59:59Z,2548.0,USD_PER_METRIC_TON,390.0,USD_PER_TROY_OUNCE,2.548,USD_PER_KILOGRAM,12538.791161764912,USD_PER_KILOGRAM,0.000203209382,2.19739292365,3.186478248822,30.874955720864,0.000199661195,0.000193941617,0.00017055001,0.000174094525,19.149439690219,44.479546375051,61.451140685363,1.143894200104
1994-11,1994-11-30T23:59:59Z,2802.0,USD_PER_METRIC_TON,384.0,USD_PER_TROY_OUNCE,2.802,USD_PER_KILOGRAM,12345.886682353144,USD_PER_KILOGRAM,0.000226958182,11.686862244898,14.141061452514,29.24729776848,0.000209669216,0.000202501323,0.000178166698,0.000175202695,27.385299902033,67.42523006135,68.940899429154,1.909955635678
1994-12,1994-12-31T23:59:59Z,2985.0,USD_PER_METRIC_TON,379.0,USD_PER_TROY_OUNCE,2.985,USD_PER_KILOGRAM,12185.132949510004,USD_PER_KILOGRAM,0.000244970655,7.936472063867,20.550858865974,28.601181308011,0.000225046073,0.000211581657,0.000186913731,0.000176871824,31.060812435841,74.971227249631,73.194836812118,2.273067996563
1995-01,1995-01-31T23:59:59Z,3009.0,USD_PER_METRIC_TON,379.0,USD_PER_TROY_OUNCE,3.009,USD_PER_KILOGRAM,12185.132949510004,USD_PER_KILOGRAM,0.000246940268,0.804020100503,8.804302995034,24.354592510375,0.000239623035,0.000219642115,0.000195402988,0.000178270355,26.374867964242,70.222410630103,73.620302310983,2.124639607127
1995-02,1995-02-28T23:59:59Z,2878.0,USD_PER_METRIC_TON,377.0,USD_PER_TROY_OUNCE,2.878,USD_PER_KILOGRAM,12120.831456372747,USD_PER_KILOGRAM,0.000237442457,-3.846197922589,-3.07310202649,20.569486981044,0.000243117793,0.000226393505,0.000202528628,0.000179446466,17.238960106671,56.279194066088,68.014060154414,1.710777648702
1995-03,1995-03-31T23:59:59Z,2924.0,USD_PER_METRIC_TON,382.0,USD_PER_TROY_OUNCE,2.924,USD_PER_KILOGRAM,12281.585189215888,USD_PER_KILOGRAM,0.000238080016,0.268511073353,-3.588014316562,19.734417502706,0.000240820914,0.000232933493,0.000209442596,0.000180911191,13.673159291588,53.48871543204,68.189178184025,1.605863685231
1995-04,1995-04-30T23:59:59Z,2904.0,USD_PER_METRIC_TON,391.0,USD_PER_TROY_OUNCE,2.904,USD_PER_KILOGRAM,12570.94190833354,USD_PER_KILOGRAM,0.000231008943,-2.970040689802,-2.709504504585,13.68025471058,0.000235510472,0.000237566754,0.000215754185,0.000183147214,7.07043414798,48.778983015837,64.003870130597,1.294786589484
1995-05,1995-05-31T23:59:59Z,2773.0,USD_PER_METRIC_TON,385.0,USD_PER_TROY_OUNCE,2.773,USD_PER_KILOGRAM,12378.037428921773,USD_PER_KILOGRAM,0.000224025821,-3.022879324532,-5.903139268392,-1.292027030785,0.00023103826,0.000237078027,0.000219789675,0.000186142983,1.927363619198,27.577387744752,60.081897518969,1.017206926124
1995-06,1995-06-30T23:59:59Z,2995.0,USD_PER_METRIC_TON,388.0,USD_PER_TROY_OUNCE,2.995,USD_PER_KILOGRAM,12474.489668627655,USD_PER_KILOGRAM,0.000240089982,7.170673765061,3.931033625856,-1.992350066484,0.000231708249,0.000236264581,0.000223923119,0.000189691228,7.219827411459,26.038995586722,65.3430594147,1.321236825853
1995-07,1995-07-31T23:59:59Z,3076.0,USD_PER_METRIC_TON,386.0,USD_PER_TROY_OUNCE,3.076,USD_PER_KILOGRAM,12410.1881754904,USD_PER_KILOGRAM,0.000247860867,3.23665521984,10.639418971616,0.372802146238,0.000237325557,0.000236418014,0.000228030065,0.000193647973,8.696573540911,24.818189100199,67.569746738787,1.388714358981
1995-08,1995-08-31T23:59:59Z,3037.0,USD_PER_METRIC_TON,384.0,USD_PER_TROY_OUNCE,3.037,USD_PER_KILOGRAM,12345.886682353144,USD_PER_KILOGRAM,0.000245992862,-0.753650574339,2.458611574847,3.601043114431,0.000244647904,0.000237843082,0.000232118293,0.000197239973,5.977369826154,24.91124619008,66.464270377255,1.2274974144
1995-09,1995-09-30T23:59:59Z,2916.0,USD_PER_METRIC_TON,383.0,USD_PER_TROY_OUNCE,2.916,USD_PER_KILOGRAM,12313.735935784516,USD_PER_KILOGRAM,0.000236808716,-3.733500921189,-4.459013944392,-0.533980062363,0.000243554148,0.000237631199,0.000235282346,0.000200309506,0.648739852096,19.095059585454,61.16579133355,0.916837392215
1995-10,1995-10-31T23:59:59Z,2814.0,USD_PER_METRIC_TON,383.0,USD_PER_TROY_OUNCE,2.814,USD_PER_KILOGRAM,12313.735935784516,USD_PER_KILOGRAM,0.000228525284,-3.497942386831,-7.100847596785,-1.075135403405,0.000237108954,0.000237217255,0.000237392004,0.000203971007,-3.735054450343,12.458038045505,56.769990079975,0.643433258749
1995-11,1995-11-30T23:59:59Z,2977.0,USD_PER_METRIC_TON,385.0,USD_PER_TROY_OUNCE,2.977,USD_PER_KILOGRAM,12378.037428921773,USD_PER_KILOGRAM,0.000240506625,5.242894987031,1.561559154152,7.356653443924,0.000235280208,0.000239964056,0.000238521041,0.00020834387,0.832456189051,5.969576462082,61.122209555705,0.892800280113
1995-12,1995-12-31T23:59:59Z,2926.0,USD_PER_METRIC_TON,387.0,USD_PER_TROY_OUNCE,2.926,USD_PER_KILOGRAM,12442.338922059027,USD_PER_KILOGRAM,0.000235164788,-2.22107648735,2.905369791868,-2.051394874317,0.000234732232,0.00023914319,0.000237703886,0.000212308809,-1.068176634499,-4.002873973658,58.303874058599,0.683735364308
1996-01,1996-01-31T23:59:59Z,2616.0,USD_PER_METRIC_TON,399.0,USD_PER_TROY_OUNCE,2.616,USD_PER_KILOGRAM,12828.147880882563,USD_PER_KILOGRAM,0.000203926555,-13.2835506401,-15.209589307498,-17.725392805812,0.000226532656,0.000231820805,0.00023411941,0.000214761199,-12.896348505197,-17.418671304383,45.183315192616,-0.356054297909
1996-02,1996-02-29T23:59:59Z,2538.0,USD_PER_METRIC_TON,405.0,USD_PER_TROY_OUNCE,2.538,USD_PER_KILOGRAM,13021.052360294332,USD_PER_KILOGRAM,0.000194915121,-4.418960244648,-17.115516062885,-20.763911755021,0.000211335488,0.000223307848,0.000230575465,0.000216552046,-15.46580150327,-17.910586055131,42.230900533887,-0.777367295742
1996-03,1996-03-31T23:59:59Z,2561.0,USD_PER_METRIC_TON,396.0,USD_PER_TROY_OUNCE,2.561,USD_PER_KILOGRAM,12731.695641176679,USD_PER_KILOGRAM,0.000201151525,3.199548678272,-1.360798350477,-15.057381081044,0.000199997734,0.000217364983,0.000227498091,0.000218470344,-11.581005024563,-15.51095773052,44.913580503692,-0.693515044019
1996-04,1996-04-30T23:59:59Z,2596.0,USD_PER_METRIC_TON,393.0,USD_PER_TROY_OUNCE,2.596,USD_PER_KILOGRAM,12635.243401470796,USD_PER_KILOGRAM,0.000205457063,2.140444900161,5.408478154946,-10.094384493382,0.000200507903,0.00021352028,0.000225368767,0.000220561476,-8.83516587835,-11.060991595343,46.752039954357,-0.704338137342
1996-05,1996-05-31T23:59:59Z,2658.0,USD_PER_METRIC_TON,392.0,USD_PER_TROY_OUNCE,2.658,USD_PER_KILOGRAM,12603.092654902168,USD_PER_KILOGRAM,0.000210900616,2.649484292947,4.846639944537,-12.309851720332,0.000205836401,0.000208585945,0.000224275,0.000222032338,-5.963386324789,-5.858791406934,49.066515640721,-0.573027596407
1996-06,1996-06-30T23:59:59Z,2173.0,USD_PER_METRIC_TON,385.0,USD_PER_TROY_OUNCE,2.173,USD_PER_KILOGRAM,12378.037428921773,USD_PER_KILOGRAM,0.00017555287,-16.760380326972,-14.554959678226,-25.348998233482,0.000197303516,0.000198650625,0.000218896908,0.000221410013,-19.80111907987,-26.880385057347,37.628907095914,-2.222976327761
1996-07,1996-07-31T23:59:59Z,1986.0,USD_PER_METRIC_TON,383.0,USD_PER_TROY_OUNCE,1.986,USD_PER_KILOGRAM,12313.735935784516,USD_PER_KILOGRAM,0.000161283303,-8.128359080527,-23.52639551126,-20.911083431145,0.00018257893,0.000191543416,0.000211682111,0.000219856088,-23.808723302497,-34.929904558835,34.166455443252,-2.492929340801
1996-08,1996-08-31T23:59:59Z,2009.0,USD_PER_METRIC_TON,387.0,USD_PER_TROY_OUNCE,2.009,USD_PER_KILOGRAM,12442.338922059027,USD_PER_KILOGRAM,0.000161464819,0.112544920386,-8.024962215397,-17.161471218869,0.000166100331,0.000185968366,0.000204638107,0.0002183782,-21.097384480992,-34.361990234141,34.249335765677,-2.198707716288
1996-09,1996-09-30T23:59:59Z,1941.0,USD_PER_METRIC_TON,383.0,USD_PER_TROY_OUNCE,1.941,USD_PER_KILOGRAM,12313.735935784516,USD_PER_KILOGRAM,0.000157628847,-2.375732181684,-2.26586102719,-21.636762728332,0.000160125656,0.000178714586,0.000198039785,0.000216661065,-20.405464261375,-33.43621399177,33.295369965338,-2.080683211706
1996-10,1996-10-31T23:59:59Z,1961.0,USD_PER_METRIC_TON,381.0,USD_PER_TROY_OUNCE,1.961,USD_PER_KILOGRAM,12249.43444264726,USD_PER_KILOGRAM,0.000160089024,1.560739992509,-0.852071191449,-22.081518508183,0.000159727563,0.000171153246,0.000192336763,0.000214864384,-16.766289938983,-29.946909621372,34.554401612129,-1.798547309487
1996-11,1996-11-30T23:59:59Z,2231.0,USD_PER_METRIC_TON,378.0,USD_PER_TROY_OUNCE,2.231,USD_PER_KILOGRAM,12152.982202941375,USD_PER_KILOGRAM,0.000183576341,14.671409954429,16.461132509561,-12.955995875484,0.00016709807,0.000166599201,0.000187592573,0.000213056807,-2.140933410516,-23.670983714652,45.190622950362,-0.951996176511
1996-12,1996-12-31T23:59:59Z,2268.0,USD_PER_METRIC_TON,369.0,USD_PER_TROY_OUNCE,2.268,USD_PER_KILOGRAM,11863.625483823724,USD_PER_KILOGRAM,0.000191172589,4.137923494878,19.416425168841,8.897444243656,0.000178279318,0.000169202487,0.000183926556,0.000210815221,3.939633965464,-18.706966973976,48.126916225549,-0.643606368319
1997-01,1997-01-31T23:59:59Z,2435.0,USD_PER_METRIC_TON,355.0,USD_PER_TROY_OUNCE,2.435,USD_PER_KILOGRAM,11413.515031862933,USD_PER_KILOGRAM,0.000213343566,11.597361949475,16.215175409246,32.278768279364,0.000196030832,0.000177879198,0.000184711307,0.000209415358,15.501086361187,4.617844682776,55.602917225192,0.132768906213
1997-02,1997-02-28T23:59:59Z,2406.0,USD_PER_METRIC_TON,347.0,USD_PER_TROY_OUNCE,2.406,USD_PER_KILOGRAM,11156.30905931391,USD_PER_KILOGRAM,0.000215662724,1.08705300345,12.810484424317,33.566386419613,0.000206726293,0.000186912182,0.000186440274,0.000208507869,15.673893505273,10.644429456129,56.312197053923,0.246360257093
1997-03,1997-03-31T23:59:59Z,2421.0,USD_PER_METRIC_TON,352.0,USD_PER_TROY_OUNCE,2.421,USD_PER_KILOGRAM,11317.062792157049,USD_PER_KILOGRAM,0.000213924765,-0.805868850601,0.272423931305,35.714222987214,0.000214310352,0.000196294835,0.000187504711,0.000207501401,14.090341811359,6.350058570871,55.595400505022,0.226081832829
1997-04,1997-04-30T23:59:59Z,2391.0,USD_PER_METRIC_TON,344.0,USD_PER_TROY_OUNCE,2.391,USD_PER_KILOGRAM,11059.856819608025,USD_PER_KILOGRAM,0.000216187247,1.057606409037,0.243214637824,35.04189248485,0.000215258245,0.000205644539,0.000188398893,0.00020688383,14.74974415515,5.222592002007,56.37392087845,0.331639344976
1997-05,1997-05-31T23:59:59Z,2514.0,USD_PER_METRIC_TON,344.0,USD_PER_TROY_OUNCE,2.514,USD_PER_KILOGRAM,11059.856819608025,USD_PER_KILOGRAM,0.000227308548,5.144291091593,6.256303852915,23.82235518539,0.000219140187,0.00021293324,0.00018976622,0.00020702061,19.783462066479,7.779935954643,60.079008604341,0.720864038582
1997-06,1997-06-30T23:59:59Z,2613.0,USD_PER_METRIC_TON,341.0,USD_PER_TROY_OUNCE,2.613,USD_PER_KILOGRAM,10963.40457990214,USD_PER_KILOGRAM,0.000238338372,4.852357589289,10.24626808008,24.671833542801,0.000227278056,0.000220794204,0.000194998345,0.000206947627,22.225843285768,35.764440419815,63.399041696914,1.118692340318
1997-07,1997-07-31T23:59:59Z,2450.0,USD_PER_METRIC_TON,324.0,USD_PER_TROY_OUNCE,2.45,USD_PER_KILOGRAM,10416.841888235465,USD_PER_KILOGRAM,0.000235196044,-1.318431583772,3.469950990503,10.242857505007,0.000233614321,0.000224436283,0.000201157741,0.000206419926,16.921199809516,45.827894023597,61.821615221709,1.050334923161
1997-08,1997-08-31T23:59:59Z,2251.0,USD_PER_METRIC_TON,324.0,USD_PER_TROY_OUNCE,2.251,USD_PER_KILOGRAM,10416.841888235465,USD_PER_KILOGRAM,0.000216092365,-8.122448979592,-9.333791630641,0.199219030613,0.000229875594,0.00022450789,0.000205710036,0.000205174072,5.047069765757,33.832476079863,53.16166960214,0.41634811702
1997-09,1997-09-30T23:59:59Z,2107.0,USD_PER_METRIC_TON,323.0,USD_PER_TROY_OUNCE,2.107,USD_PER_KILOGRAM,10384.691141666837,USD_PER_KILOGRAM,0.000202894816,-6.10736473504,-13.733746130031,-5.155994439777,0.000218061075,0.000222669565,0.0002094822,0.000203760992,-3.144603189906,28.716805196007,48.144252306757,-0.034126364284
1997-10,1997-10-31T23:59:59Z,2052.0,USD_PER_METRIC_TON,325.0,USD_PER_TROY_OUNCE,2.052,USD_PER_KILOGRAM,10448.992634804094,USD_PER_KILOGRAM,0.000196382567,-3.209667409003,-9.121006048594,-9.16089180581,0.00020512325,0.000219368785,0.000212506662,0.000202421713,-7.587571399009,22.670850821794,45.844952893109,-0.242706445333
1997-11,1997-11-30T23:59:59Z,1917.0,USD_PER_METRIC_TON,306.0,USD_PER_TROY_OUNCE,1.917,USD_PER_KILOGRAM,9838.128450000162,USD_PER_KILOGRAM,0.000194854134,-0.77829377365,-3.962980541054,-14.277691983715,0.000198043839,0.000213959716,0.000213446478,0.000200519525,-8.710541531373,6.143380705039,45.298148839003,-0.239948857278
1997-12,1997-12-31T23:59:59Z,1762.0,USD_PER_METRIC_TON,289.0,USD_PER_TROY_OUNCE,1.762,USD_PER_KILOGRAM,9291.565758333485,USD_PER_KILOGRAM,0.000189634346,-2.678818006076,-3.436262705977,-20.434823487036,0.000193623683,0.000205842379,0.000213318291,0.000198622424,-11.102631998943,-0.804635579722,43.394587872371,-0.398469010465
1998-01,1998-01-31T23:59:59Z,1688.0,USD_PER_METRIC_TON,289.0,USD_PER_TROY_OUNCE,1.688,USD_PER_KILOGRAM,9291.565758333485,USD_PER_KILOGRAM,0.000181670134,-4.199772985244,-6.766086716377,-22.757997316574,0.000188719538,0.000196921394,0.000210678839,0.000197695073,-13.769158998317,-14.846209047697,40.591745177183,-0.703593739964
1998-02,1998-02-28T23:59:59Z,1665.0,USD_PER_METRIC_TON,297.0,USD_PER_TROY_OUNCE,1.665,USD_PER_KILOGRAM,9548.77173088251,USD_PER_KILOGRAM,0.000174367976,-4.019460002872,-8.050424792763,-19.308590121562,0.000181890819,0.000189967329,0.00020723761,0.000196838942,-15.860843851316,-19.147837477015,38.158175029168,-0.966676931139
1998-03,1998-03-31T23:59:59Z,1748.0,USD_PER_METRIC_TON,296.0,USD_PER_TROY_OUNCE,1.748,USD_PER_KILOGRAM,9516.620984313882,USD_PER_KILOGRAM,0.00018367864,5.339663988313,1.105578327142,-9.471003989276,0.000179905583,0.000186764633,0.000204717099,0.000196110905,-10.276845119371,-14.138673989975,42.861941128888,-0.531921091298
1998-04,1998-04-30T23:59:59Z,1801.0,USD_PER_METRIC_TON,308.0,USD_PER_TROY_OUNCE,1.801,USD_PER_KILOGRAM,9902.429943137417,USD_PER_KILOGRAM,0.000181874551,-0.982198579453,4.305019305019,-7.387629427103,0.000179973722,0.00018434663,0.000201857708,0.0001951283,-9.899625373538,-15.871748494082,42.192274976759,-0.565086272185
1998-05,1998-05-31T23:59:59Z,1733.0,USD_PER_METRIC_TON,299.0,USD_PER_TROY_OUNCE,1.733,USD_PER_KILOGRAM,9613.073224019765,USD_PER_KILOGRAM,0.000180275335,-0.87929596898,-1.852858115916,-7.48190368521,0.000181942842,0.000181916831,0.000197938273,0.000193852247,-8.923457669316,-20.691352506233,41.57222946013,-0.580344205992
1998-06,1998-06-30T23:59:59Z,1661.0,USD_PER_METRIC_TON,292.0,USD_PER_TROY_OUNCE,1.661,USD_PER_KILOGRAM,9388.01799803937,USD_PER_KILOGRAM,0.000176927654,-1.856982507173,-2.719950103824,-6.700628177818,0.000179692513,0.000179799048,0.000192820714,0.00019390953,-8.242402669516,-25.766190124195,40.239134603765,-0.72723312238
1998-07,1998-07-31T23:59:59Z,1651.0,USD_PER_METRIC_TON,293.0,USD_PER_TROY_OUNCE,1.651,USD_PER_KILOGRAM,9420.168744607998,USD_PER_KILOGRAM,0.000175262253,-0.94128912021,-2.780792053079,-3.527206703007,0.000177488414,0.000178731068,0.000187826231,0.000194491986,-6.689149749244,-25.48248241276,39.559511747581,-0.847296020792
1998-08,1998-08-31T23:59:59Z,1621.0,USD_PER_METRIC_TON,284.0,USD_PER_TROY_OUNCE,1.621,USD_PER_KILOGRAM,9130.812025490346,USD_PER_KILOGRAM,0.00017753076,1.294349988483,0.340877292654,1.813856109631,0.000176573556,0.000179258199,0.000184612764,0.0001951614,-3.836139866707,-17.844964053535,41.02076181137,-0.803745387132
1998-09,1998-09-30T23:59:59Z,1648.0,USD_PER_METRIC_TON,289.0,USD_PER_TROY_OUNCE,1.648,USD_PER_KILOGRAM,9291.565758333485,USD_PER_KILOGRAM,0.000177365155,-0.093282586468,1.199859998868,-3.43724513631,0.000176719389,0.000178205951,0.000182485292,0.000195983746,-2.80578083329,-12.582707501605,40.942941246703,-0.892698246942
1998-10,1998-10-31T23:59:59Z,1586.0,USD_PER_METRIC_TON,296.0,USD_PER_TROY_OUNCE,1.586,USD_PER_KILOGRAM,9516.620984313882,USD_PER_KILOGRAM,0.000166655791,-6.038031356599,-6.125681511246,-8.367723637018,0.000173850569,0.000175669491,0.000180008061,0.000196257361,-7.417595417874,-15.137176650335,36.164878736015,-1.449466148372
1998-11,1998-11-30T23:59:59Z,1574.0,USD_PER_METRIC_TON,294.0,USD_PER_TROY_OUNCE,1.574,USD_PER_KILOGRAM,9452.319491176626,USD_PER_KILOGRAM,0.000166519974,-0.081495397655,-6.114606036589,-7.630195759781,0.000170180307,0.000173376931,0.000177646881,0.00019554668,-6.263496690137,-14.541215547252,36.107329089136,-1.373353702368
1998-12,1998-12-31T23:59:59Z,1474.0,USD_PER_METRIC_TON,292.0,USD_PER_TROY_OUNCE,1.474,USD_PER_KILOGRAM,9388.01799803937,USD_PER_KILOGRAM,0.000157008647,-5.711823989139,-5.78866451312,-11.258278145695,0.000163394804,0.000170057097,0.000174928073,0.000194123182,-10.243882393839,-17.204530965746,32.23831487946,-1.650310766546
1999-01,1999-01-31T23:59:59Z,1431.0,USD_PER_METRIC_TON,287.0,USD_PER_TROY_OUNCE,1.431,USD_PER_KILOGRAM,9227.26426519623,USD_PER_KILOGRAM,0.000155083886,-1.225894600485,-6.867697647752,-11.51324189542,0.000159537502,0.000166694036,0.000172712552,0.000191695695,-10.206939601988,-14.634352758558,31.502662813088,-1.563991026293
1999-02,1999-02-28T23:59:59Z,1411.0,USD_PER_METRIC_TON,287.0,USD_PER_TROY_OUNCE,1.411,USD_PER_KILOGRAM,9227.26426519623,USD_PER_KILOGRAM,0.000152916396,-1.397624039133,-2.606385241988,-13.864844473773,0.000155002976,0.000162591642,0.00017092492,0.000189081265,-10.535926457024,-12.302476692721,30.654347663259,-1.501817263291
1999-03,1999-03-31T23:59:59Z,1378.0,USD_PER_METRIC_TON,286.0,USD_PER_TROY_OUNCE,1.378,USD_PER_KILOGRAM,9195.113518627602,USD_PER_KILOGRAM,0.000149862206,-1.997293988789,-3.367003367003,-15.506398940865,0.00015262083,0.000158007817,0.000168106884,0.000186411992,-10.853022378051,-18.410651133763,29.450886641504,-1.478489690372
1999-04,1999-04-30T23:59:59Z,1466.0,USD_PER_METRIC_TON,283.0,USD_PER_TROY_OUNCE,1.466,USD_PER_KILOGRAM,9098.661278921718,USD_PER_KILOGRAM,0.000161122604,7.513834255617,5.366466906913,-3.320128866094,0.000154633736,0.000157085619,0.000166377555,0.000184117632,-3.158449494883,-11.410033295205,38.964866273783,-0.942250656942
1999-05,1999-05-31T23:59:59Z,1511.0,USD_PER_METRIC_TON,276.0,USD_PER_TROY_OUNCE,1.511,USD_PER_KILOGRAM,8873.606052941323,USD_PER_KILOGRAM,0.000170280266,5.68366055717,13.624555646705,2.258162532457,0.000160421692,0.000157712334,0.000165544633,0.000181741453,2.860638375138,-5.544335449125,45.412221960034,-0.502520565151
1999-06,1999-06-30T23:59:59Z,1422.0,USD_PER_METRIC_TON,261.0,USD_PER_TROY_OUNCE,1.422,USD_PER_KILOGRAM,8391.344854411902,USD_PER_KILOGRAM,0.000169460322,-0.481526278555,5.174765959449,7.930566602723,0.000166954397,0.000159787614,0.000164922355,0.000178871534,2.751577697319,-4.220556789636,44.954335602653,-0.479790426882
1999-07,1999-07-31T23:59:59Z,1640.0,USD_PER_METRIC_TON,256.0,USD_PER_TROY_OUNCE,1.64,USD_PER_KILOGRAM,8230.591121568763,USD_PER_KILOGRAM,0.000199256648,17.583069620253,17.0168762409,28.483141160028,0.000179665745,0.000167149741,0.000166921888,0.00017737406,19.371192463118,13.69056632344,60.529192275076,1.337577673591
1999-08,1999-08-31T23:59:59Z,1648.0,USD_PER_METRIC_TON,257.0,USD_PER_TROY_OUNCE,1.648,USD_PER_KILOGRAM,8262.741868137391,USD_PER_KILOGRAM,0.000199449532,0.096801746228,17.696892084914,30.430442300215,0.000189388834,0.000174905263,0.000168748452,0.000176680608,18.193399315586,12.346464328836,60.606895513967,1.517905519847
1999-09,1999-09-30T23:59:59Z,1750.0,USD_PER_METRIC_TON,265.0,USD_PER_TROY_OUNCE,1.75,USD_PER_KILOGRAM,8519.947840686415,USD_PER_KILOGRAM,0.000205400318,2.983605055871,3.083294983893,37.059451762193,0.000201368833,0.000184161615,0.000171084716,0.000176785004,20.057666911004,15.806466385785,63.025309693197,1.883847785052
1999-10,1999-10-31T23:59:59Z,1724.0,USD_PER_METRIC_TON,311.0,USD_PER_TROY_OUNCE,1.724,USD_PER_KILOGRAM,9998.882182843301,USD_PER_KILOGRAM,0.000172419273,-16.056959118052,-13.552430306247,7.011225505894,0.000192423041,0.000186044393,0.000171565006,0.000175786534,0.497926209221,3.458314917911,46.124233038366,-0.22989921101
1999-11,1999-11-30T23:59:59Z,1728.0,USD_PER_METRIC_TON,293.0,USD_PER_TROY_OUNCE,1.728,USD_PER_KILOGRAM,9420.168744607998,USD_PER_KILOGRAM,0.000183436204,6.389616971405,-10.693320331546,7.726049922864,0.000187085265,0.00018823705,0.000172974692,0.000175310786,6.048001775635,10.158679219918,50.864229904805,0.572285986505
1999-12,1999-12-31T23:59:59Z,1765.0,USD_PER_METRIC_TON,283.0,USD_PER_TROY_OUNCE,1.765,USD_PER_KILOGRAM,9098.661278921718,USD_PER_KILOGRAM,0.000193984581,5.750433516555,12.507481163864,14.471977456725,0.00018328002,0.000192324426,0.00017605602,0.000175492046,10.183441344244,23.550253870385,54.950993335069,1.283657695643
2000-01,2000-01-31T23:59:59Z,1844.0,USD_PER_METRIC_TON,284.0,USD_PER_TROY_OUNCE,1.844,USD_PER_KILOGRAM,9130.812025490346,USD_PER_KILOGRAM,0.000201953561,4.108047719746,10.094711789254,1.353486774304,0.000193124782,0.000192773912,0.000179961826,0.000176337189,12.220221896569,30.22214348284,57.806166475029,1.673138960464
2000-02,2000-02-29T23:59:59Z,1801.0,USD_PER_METRIC_TON,300.0,USD_PER_TROY_OUNCE,1.801,USD_PER_KILOGRAM,9645.223970588393,USD_PER_KILOGRAM,0.000186724539,-7.540853217643,-3.742587346553,-6.380056634304,0.000194220894,0.00019065308,0.000182779171,0.000176852046,2.15854337111,22.108906213088,51.136118151772,0.639299175239
2000-03,2000-03-31T23:59:59Z,1739.0,USD_PER_METRIC_TON,286.0,USD_PER_TROY_OUNCE,1.739,USD_PER_KILOGRAM,9195.113518627602,USD_PER_KILOGRAM,0.000189122189,1.284057419538,-6.353624683343,-7.925074925075,0.000192600096,0.000187940058,0.000186050837,0.00017707886,1.65081372109,26.197387518142,52.073738208527,0.772967496986
2000-04,2000-04-30T23:59:59Z,1679.0,USD_PER_METRIC_TON,280.0,USD_PER_TROY_OUNCE,1.679,USD_PER_KILOGRAM,9002.209039215833,USD_PER_KILOGRAM,0.000186509777,-1.381335743038,-0.115015467597,8.172232350017,0.000187452168,0.000190288475,0.000188166434,0.000177271995,-0.880421311993,15.756431494835,50.927094733211,0.589618918921
2000-05,2000-05-31T23:59:59Z,1786.0,USD_PER_METRIC_TON,275.0,USD_PER_TROY_OUNCE,1.786,USD_PER_KILOGRAM,8841.455306372694,USD_PER_KILOGRAM,0.000202002944,8.306892630895,6.810810810811,10.121632996633,0.00019254497,0.000193382932,0.000190809991,0.000178177312,5.866020431479,18.629685337826,56.977548529976,1.45063891382
2000-06,2000-06-30T23:59:59Z,1753.0,USD_PER_METRIC_TON,286.0,USD_PER_TROY_OUNCE,1.753,USD_PER_KILOGRAM,9195.113518627602,USD_PER_KILOGRAM,0.000190644737,-5.622792660867,2.217020620832,-1.721706055984,0.000193052486,0.000192826291,0.000192575359,0.000178748857,-1.002527846326,12.501106488448,51.923235062447,0.716255175138
2000-07,2000-07-31T23:59:59Z,1799.0,USD_PER_METRIC_TON,282.0,USD_PER_TROY_OUNCE,1.799,USD_PER_KILOGRAM,9066.51053235309,USD_PER_KILOGRAM,0.000198422535,4.079733627864,-1.772453996013,-1.748434639467,0.000197023405,0.000192237787,0.000192505849,0.000179713869,3.07350937435,-0.418612696765,54.875162062289,1.097608717205
2000-08,2000-08-31T23:59:59Z,1856.0,USD_PER_METRIC_TON,274.0,USD_PER_TROY_OUNCE,1.856,USD_PER_KILOGRAM,8809.304559804066,USD_PER_KILOGRAM,0.000210686325,6.180643747743,10.512531177002,12.832692299898,0.000199917865,0.000196231418,0.000193442249,0.000181095351,8.914327688832,5.633902629155,59.135724543716,1.632909815936
2000-09,2000-09-30T23:59:59Z,1960.0,USD_PER_METRIC_TON,274.0,USD_PER_TROY_OUNCE,1.96,USD_PER_KILOGRAM,8809.304559804066,USD_PER_KILOGRAM,0.000222492024,5.603448275862,12.130421199125,17.64458976759,0.000210533628,0.000201793057,0.000194866557,0.000182975637,14.176607183179,8.321167883212,62.778992401511,1.986572327013
2000-10,2000-10-31T23:59:59Z,1899.0,USD_PER_METRIC_TON,270.0,USD_PER_TROY_OUNCE,1.899,USD_PER_KILOGRAM,8680.701573529554,USD_PER_KILOGRAM,0.00021876112,-1.676870748299,3.832614942529,17.292038912051,0.000217313156,0.000207168281,0.000198728378,0.000185146692,10.080463769605,26.877416860015,60.930205124561,1.614979407436
2000-11,2000-11-30T23:59:59Z,1795.0,USD_PER_METRIC_TON,266.0,USD_PER_TROY_OUNCE,1.795,USD_PER_KILOGRAM,8552.098587255043,USD_PER_KILOGRAM,0.000209890003,-4.055161600684,-5.664032530305,3.904427923111,0.000217047716,0.000208482791,0.000200932861,0.000186953777,4.457778543281,14.42125278474,56.657719180821,1.092180708821
2000-12,2000-12-31T23:59:59Z,1851.0,USD_PER_METRIC_TON,271.0,USD_PER_TROY_OUNCE,1.851,USD_PER_KILOGRAM,8712.852320098182,USD_PER_KILOGRAM,0.000212444781,1.217198244406,-2.88732271209,11.434904423203,0.000213698635,0.000212116131,0.000202471211,0.000189263616,4.925919797814,9.516322925269,57.580238927362,1.123932230225
2001-01,2001-01-31T23:59:59Z,1788.0,USD_PER_METRIC_TON,265.0,USD_PER_TROY_OUNCE,1.788,USD_PER_KILOGRAM,8519.947840686415,USD_PER_KILOGRAM,0.00020986044,-1.21647656035,-0.01408524728,5.764418387574,0.000210731741,0.000214022449,0.000203130118,0.000191545972,3.313305777361,3.915196660255,56.275379391402,0.928362330938
2001-02,2001-02-28T23:59:59Z,1766.0,USD_PER_METRIC_TON,262.0,USD_PER_TROY_OUNCE,1.766,USD_PER_KILOGRAM,8423.49560098053,USD_PER_KILOGRAM,0.000209651679,-0.099475724508,-1.314742185986,-0.491083179784,0.0002106523,0.000213850008,0.000205040713,0.000193909942,2.248805437066,12.278589926716,56.164656868534,0.859964698612
2001-03,2001-03-31T23:59:59Z,1739.0,USD_PER_METRIC_TON,263.0,USD_PER_TROY_OUNCE,1.739,USD_PER_KILOGRAM,8455.646347549158,USD_PER_KILOGRAM,0.000205661392,-1.903293731618,-2.000876140897,-7.56459998448,0.00020839117,0.000211044903,0.00020641898,0.000196234908,-0.367014449675,8.745247148289,53.978508763472,0.590792182887
2001-04,2001-04-30T23:59:59Z,1664.0,USD_PER_METRIC_TON,260.0,USD_PER_TROY_OUNCE,1.664,USD_PER_KILOGRAM,8359.194107843274,USD_PER_KILOGRAM,0.000199062252,-3.208740655549,-5.050962627407,-9.004739336493,0.000204791774,0.000207761758,0.000207465019,0.000197815727,-4.050209411121,6.730196545563,50.479090147151,0.087912645242
2001-05,2001-05-31T23:59:59Z,1682.0,USD_PER_METRIC_TON,272.0,USD_PER_TROY_OUNCE,1.682,USD_PER_KILOGRAM,8745.00306666681,USD_PER_KILOGRAM,0.000192338412,-3.377757352941,-6.478114535061,-8.362280845486,0.000199020685,0.000204836493,0.000206659642,0.000198734816,-6.929862928661,-4.784352150715,47.126684544195,-0.490782117464
2001-06,2001-06-30T23:59:59Z,1608.0,USD_PER_METRIC_TON,270.0,USD_PER_TROY_OUNCE,1.608,USD_PER_KILOGRAM,8680.701573529554,USD_PER_KILOGRAM,0.000185238484,-3.691372704452,-6.944444444444,-12.806290893811,0.000192213049,0.00020030211,0.00020620912,0.00019939224,-10.1695969495,-2.835773594473,43.817550351704,-1.190650867326
2001-07,2001-07-31T23:59:59Z,1525.0,USD_PER_METRIC_TON,268.0,USD_PER_TROY_OUNCE,1.525,USD_PER_KILOGRAM,8616.400080392299,USD_PER_KILOGRAM,0.000176988068,-4.453942971709,-7.980904041031,-15.66392033123,0.000184854988,0.000194823381,0.000204422915,0.000198464382,-13.420632074054,-10.802435847444,40.278195333302,-1.690664274285
2001-08,2001-08-31T23:59:59Z,1464.0,USD_PER_METRIC_TON,272.0,USD_PER_TROY_OUNCE,1.464,USD_PER_KILOGRAM,8745.00306666681,USD_PER_KILOGRAM,0.00016740989,-5.411764705882,-9.624670763828,-20.148557724335,0.000176545481,0.000187783083,0.000200816545,0.000197129397,-16.63540991646,-20.540694726166,36.583698113454,-2.102942058688
2001-09,2001-09-30T23:59:59Z,1426.0,USD_PER_METRIC_TON,283.0,USD_PER_TROY_OUNCE,1.426,USD_PER_KILOGRAM,9098.661278921718,USD_PER_KILOGRAM,0.000156726353,-6.381664059936,-11.448068122574,-23.793984195458,0.000167041437,0.000179627243,0.000195336073,0.000195101315,-19.765790904753,-29.558664455181,32.952947301229,-2.376367315964
2001-10,2001-10-31T23:59:59Z,1377.0,USD_PER_METRIC_TON,283.0,USD_PER_TROY_OUNCE,1.377,USD_PER_KILOGRAM,9098.661278921718,USD_PER_KILOGRAM,0.000151340945,-3.43618513324,-9.598563401495,-23.973056537102,0.000158492396,0.000171673692,0.000189717725,0.000194223051,-20.228357408,-30.819084621439,31.268328213669,-2.403351724307
2001-11,2001-11-30T23:59:59Z,1428.0,USD_PER_METRIC_TON,276.0,USD_PER_TROY_OUNCE,1.428,USD_PER_KILOGRAM,8873.606052941323,USD_PER_KILOGRAM,0.000160926684,6.333870101986,2.680041465943,-16.3314894277,0.000156331328,0.000166438404,0.000185637448,0.000193285155,-13.311303409332,-23.328085260991,37.402502624444,-1.708230789588
2001-12,2001-12-31T23:59:59Z,1472.0,USD_PER_METRIC_TON,276.0,USD_PER_TROY_OUNCE,1.472,USD_PER_KILOGRAM,8873.606052941323,USD_PER_KILOGRAM,0.00016588521,3.081232492997,9.61026385863,-10.44776119403,0.00015938428,0.000163212858,0.000181757484,0.000192114348,-8.732666237347,-21.916081397443,40.367301879116,-1.330356625132
2002-01,2002-01-31T23:59:59Z,1504.0,USD_PER_METRIC_TON,282.0,USD_PER_TROY_OUNCE,1.504,USD_PER_KILOGRAM,9066.51053235309,USD_PER_KILOGRAM,0.00016588521,0.0,3.081232492997,-6.273224043716,0.000164232368,0.000161362382,0.000178092882,0.0001906115,-6.854665851862,-20.954511558538,40.367301879116,-1.219526598242
2002-02,2002-02-28T23:59:59Z,1562.0,USD_PER_METRIC_TON,296.0,USD_PER_TROY_OUNCE,1.562,USD_PER_KILOGRAM,9516.620984313882,USD_PER_KILOGRAM,0.000164133888,-1.055743243243,-1.055743243243,-1.956874907695,0.000165301436,0.000160816382,0.000174299732,0.000189670223,-5.832392500963,-21.71115056166,39.599046062648,-1.219082696354
2002-03,2002-03-31T23:59:59Z,1605.0,USD_PER_METRIC_TON,294.0,USD_PER_TROY_OUNCE,1.605,USD_PER_KILOGRAM,9452.319491176626,USD_PER_KILOGRAM,0.000169799593,3.45188011184,2.359693877551,8.341443169133,0.00016660623,0.000162995255,0.000171311249,0.000188865114,-0.882403346632,-17.437302695661,43.354919909995,-0.894223123717
2002-04,2002-04-30T23:59:59Z,1590.0,USD_PER_METRIC_TON,303.0,USD_PER_TROY_OUNCE,1.59,USD_PER_KILOGRAM,9741.676210294278,USD_PER_KILOGRAM,0.000163216264,-3.877116683631,-0.559069991506,7.846732385657,0.000165716582,0.000164974475,0.000168324083,0.000187894551,-3.034514632428,-18.007425742574,40.224958100806,-1.125451960841
2002-05,2002-05-31T23:59:59Z,1596.0,USD_PER_METRIC_TON,314.0,USD_PER_TROY_OUNCE,1.596,USD_PER_KILOGRAM,10095.334422549186,USD_PER_KILOGRAM,0.000158092831,-3.139045787766,-6.894458003453,-1.760959160734,0.000163702896,0.000164502166,0.000165470285,0.000186064963,-4.458476537513,-17.804857729273,37.929955234551,-1.243294518552
2002-06,2002-06-30T23:59:59Z,1648.0,USD_PER_METRIC_TON,321.0,USD_PER_TROY_OUNCE,1.648,USD_PER_KILOGRAM,10320.38964852958,USD_PER_KILOGRAM,0.000159683893,1.006410106263,-2.164227355552,-3.738317757009,0.000160330996,0.000163468613,0.000163340736,0.000184774928,-2.238781624325,-13.795508439113,39.092130966007,-1.087182552195
2002-07,2002-07-31T23:59:59Z,1589.0,USD_PER_METRIC_TON,313.0,USD_PER_TROY_OUNCE,1.589,USD_PER_KILOGRAM,10063.183675980557,USD_PER_KILOGRAM,0.000157902315,-1.115690623158,-0.120508940082,-4.812300319489,0.00015855968,0.000162138131,0.000161750256,0.000183086586,-2.378939801674,-10.783637982507,38.228983680101,-1.07180122301
2002-08,2002-08-31T23:59:59Z,1480.0,USD_PER_METRIC_TON,310.0,USD_PER_TROY_OUNCE,1.48,USD_PER_KILOGRAM,9966.731436274673,USD_PER_KILOGRAM,0.000148494018,-5.958302036176,-7.007516442217,-9.528726611871,0.000155360076,0.000159531486,0.000160173934,0.00018049524,-7.292020107882,-11.299136259475,33.964106247868,-1.34806627605
2002-09,2002-09-30T23:59:59Z,1479.0,USD_PER_METRIC_TON,319.0,USD_PER_TROY_OUNCE,1.479,USD_PER_KILOGRAM,10256.088155392325,USD_PER_KILOGRAM,0.000144207029,-2.886977886978,-8.67326506093,-15.072217502124,0.000150201121,0.000155266059,0.000159130657,0.000177233365,-9.378223035741,-7.988014790259,32.201266464856,-1.428839944593
2002-10,2002-10-31T23:59:59Z,1484.0,USD_PER_METRIC_TON,317.0,USD_PER_TROY_OUNCE,1.484,USD_PER_KILOGRAM,10191.78666225507,USD_PER_KILOGRAM,0.000145607443,0.97111399765,-1.943899735698,-10.788643533123,0.00014610283,0.000152331255,0.000158652865,0.000174185295,-8.222619516353,-3.788467133553,33.417017935746,-1.284752786461
2002-11,2002-11-30T23:59:59Z,1582.0,USD_PER_METRIC_TON,319.0,USD_PER_TROY_OUNCE,1.582,USD_PER_KILOGRAM,10256.088155392325,USD_PER_KILOGRAM,0.000154249844,5.935411368072,6.964164976335,-2.43084199527,0.000148021439,0.000151690757,0.000158096462,0.000171866955,-2.433082498428,-4.148995021206,40.5070933014,-0.827855865273
2002-12,2002-12-31T23:59:59Z,1596.0,USD_PER_METRIC_TON,332.0,USD_PER_TROY_OUNCE,1.596,USD_PER_KILOGRAM,10674.047860784489,USD_PER_KILOGRAM,0.000149521533,-3.065358780254,2.688110934303,-6.364048426717,0.00014979294,0.00014999703,0.000156732822,0.000169245153,-4.601007423055,-9.864457831325,38.115716419652,-0.988432025481
2003-01,2003-01-31T23:59:59Z,1648.0,USD_PER_METRIC_TON,357.0,USD_PER_TROY_OUNCE,1.648,USD_PER_KILOGRAM,11477.816525000188,USD_PER_KILOGRAM,0.000143581316,-3.972817197054,-6.916394876535,-9.069530896059,0.000149117564,0.000147610197,0.000154874164,0.000166483523,-7.291628146187,-13.445378151261,35.296493192468,-1.225465024019
2003-02,2003-02-28T23:59:59Z,1684.0,USD_PER_METRIC_TON,359.0,USD_PER_TROY_OUNCE,1.684,USD_PER_KILOGRAM,11542.118018137444,USD_PER_KILOGRAM,0.000145900432,1.615193228223,-2.421792643168,-1.746593390047,0.000146334427,0.000147177933,0.000153354709,0.000163827221,-4.860807859657,-11.108891892759,37.247946194466,-1.067118987845
2003-03,2003-03-31T23:59:59Z,1659.0,USD_PER_METRIC_TON,341.0,USD_PER_TROY_OUNCE,1.659,USD_PER_KILOGRAM,10963.40457990214,USD_PER_KILOGRAM,0.000151321607,3.715667904236,5.390876348831,4.933586337761,0.000146934452,0.000148363696,0.000151814877,0.000161563063,-0.324915533243,-10.882232027846,41.676193567737,-0.705580101633
2003-04,2003-04-30T23:59:59Z,1587.0,USD_PER_METRIC_TON,328.0,USD_PER_TROY_OUNCE,1.587,USD_PER_KILOGRAM,10545.444874509976,USD_PER_KILOGRAM,0.000150491517,-0.548559961187,3.146725276635,3.354274866873,0.000149237852,0.000149177708,0.000150754482,0.000159539282,-0.174432145883,-7.796249424758,41.196809300484,-0.731219564805
2003-05,2003-05-31T23:59:59Z,1648.0,USD_PER_METRIC_TON,356.0,USD_PER_TROY_OUNCE,1.648,USD_PER_KILOGRAM,11445.665778431561,USD_PER_KILOGRAM,0.000143984634,-4.323754097548,-4.848595674936,-6.654924075626,0.000148599253,0.00014746684,0.000149578799,0.000157524542,-3.739944698219,-8.923995381713,37.550572014286,-1.266453055176
2003-06,2003-06-30T23:59:59Z,1687.0,USD_PER_METRIC_TON,356.0,USD_PER_TROY_OUNCE,1.687,USD_PER_KILOGRAM,11445.665778431561,USD_PER_KILOGRAM,0.000147392038,2.366504854369,-2.059571093789,-1.424206583875,0.000147289396,0.000147111924,0.000148554477,0.000155947606,-0.78250059582,-7.697617813898,40.519444763079,-0.932987636469
2003-07,2003-07-31T23:59:59Z,1710.0,USD_PER_METRIC_TON,351.0,USD_PER_TROY_OUNCE,1.71,USD_PER_KILOGRAM,11284.91204558842,USD_PER_KILOGRAM,0.000151529759,2.807289529281,5.240229026637,5.535847647498,0.000147635477,0.000148436664,0.000148023431,0.000154886844,2.368765479107,-4.035758661309,44.000943132253,-0.41533433504
2003-08,2003-08-31T23:59:59Z,1760.0,USD_PER_METRIC_TON,360.0,USD_PER_TROY_OUNCE,1.76,USD_PER_KILOGRAM,11574.268764706072,USD_PER_KILOGRAM,0.000152061442,0.350877192982,3.168016860963,4.22275006598,0.000150327746,0.0001494635,0.000148320716,0.000154247325,2.522052259299,2.402402402402,44.45087312652,-0.285251392746
2003-09,2003-09-30T23:59:59Z,1790.0,USD_PER_METRIC_TON,379.0,USD_PER_TROY_OUNCE,1.79,USD_PER_KILOGRAM,12185.132949510004,USD_PER_KILOGRAM,0.000146900326,-3.39409930439,-3.055131231773,-2.921777909253,0.000150163842,0.000148726619,0.000148545158,0.000153837907,-1.107294117768,1.867659992757,41.006631654573,-0.891582588215
2003-10,2003-10-31T23:59:59Z,1921.0,USD_PER_METRIC_TON,379.0,USD_PER_TROY_OUNCE,1.921,USD_PER_KILOGRAM,12185.132949510004,USD_PER_KILOGRAM,0.000157651132,7.31843575419,3.675941472775,4.757487035993,0.0001522043,0.000149919888,0.000149548798,0.000154100832,5.417852617164,8.271341094809,49.742331276326,0.455226541061
2003-11,2003-11-30T23:59:59Z,2055.0,USD_PER_METRIC_TON,390.0,USD_PER_TROY_OUNCE,2.055,USD_PER_KILOGRAM,12538.791161764912,USD_PER_KILOGRAM,0.000163891397,3.958274936932,11.566394499355,13.825616131441,0.000156147618,0.000153237682,0.000150352261,0.000154224361,9.004943386933,6.25060779928,54.00024382378,1.21927430465
2003-12,2003-12-31T23:59:59Z,2201.0,USD_PER_METRIC_TON,407.0,USD_PER_TROY_OUNCE,2.201,USD_PER_KILOGRAM,13085.353853431587,USD_PER_KILOGRAM,0.000168203323,2.630965404688,6.693381185833,14.11968092466,0.000163248617,0.00015670623,0.000151909077,0.000154320949,10.726315014499,12.494380915434,56.728288034385,1.717561395149
2004-01,2004-01-31T23:59:59Z,2424.0,USD_PER_METRIC_TON,414.0,USD_PER_TROY_OUNCE,2.424,USD_PER_KILOGRAM,13310.409079411984,USD_PER_KILOGRAM,0.000182113111,8.269627112841,11.118163545964,20.183066361556,0.00017140261,0.000161803455,0.00015512006,0.000154997112,17.401392750465,26.836217813423,64.120524452602,2.835020296006
2004-02,2004-02-29T23:59:59Z,2760.0,USD_PER_METRIC_TON,405.0,USD_PER_TROY_OUNCE,2.76,USD_PER_KILOGRAM,13021.052360294332,USD_PER_KILOGRAM,0.000211964434,16.391639163916,26.016793713295,39.393939393939,0.000187426956,0.000171787287,0.000160625393,0.000156990051,31.961970735979,45.28019706167,74.276633551543,3.712686269416
2004-03,2004-03-31T23:59:59Z,3009.0,USD_PER_METRIC_TON,407.0,USD_PER_TROY_OUNCE,3.009,USD_PER_KILOGRAM,13085.353853431587,USD_PER_KILOGRAM,0.000229951749,8.486005768614,26.268640377551,56.535901061041,0.000208009765,0.000185629191,0.000167177905,0.000159496391,37.549126786366,51.962269683789,78.268363159899,3.405817163444
2004-04,2004-04-30T23:59:59Z,2949.0,USD_PER_METRIC_TON,403.0,USD_PER_TROY_OUNCE,2.949,USD_PER_KILOGRAM,12956.750867157076,USD_PER_KILOGRAM,0.000227603358,-1.021253856297,7.37808825116,44.371534160119,0.00022317318,0.000197287895,0.000173603892,0.000162179187,31.10498572638,51.239991181451,76.597139211895,2.641505651646
2004-05,2004-05-31T23:59:59Z,2734.0,USD_PER_METRIC_TON,384.0,USD_PER_TROY_OUNCE,2.734,USD_PER_KILOGRAM,12345.886682353144,USD_PER_KILOGRAM,0.000221450275,-2.703423476885,-3.697068516672,35.120133819951,0.000226335127,0.000206881042,0.000180059362,0.00016481908,22.987370759453,53.801324838188,72.244428903947,2.064914965847
2004-06,2004-06-30T23:59:59Z,2687.0,USD_PER_METRIC_TON,392.0,USD_PER_TROY_OUNCE,2.687,USD_PER_KILOGRAM,12603.092654902168,USD_PER_KILOGRAM,0.000213201638,-3.724825702044,-6.327551366427,26.752334282191,0.000220751757,0.000214380761,0.000185543495,0.000167048986,14.906554883595,44.649359447395,66.766924875992,1.588997857058
2004-07,2004-07-31T23:59:59Z,2808.0,USD_PER_METRIC_TON,398.0,USD_PER_TROY_OUNCE,2.808,USD_PER_KILOGRAM,12795.997134313935,USD_PER_KILOGRAM,0.000219443625,2.927738805677,-0.906140063889,20.498532265287,0.000218031846,0.000220602513,0.000191202984,0.000169613207,14.769979298286,44.818830997091,68.700835749056,1.618466412988
2004-08,2004-08-31T23:59:59Z,2846.0,USD_PER_METRIC_TON,401.0,USD_PER_TROY_OUNCE,2.846,USD_PER_KILOGRAM,12892.44937401982,USD_PER_KILOGRAM,0.000220749364,0.595022415471,3.540181923309,4.144529979399,0.000217798209,0.000222066668,0.000196926978,0.000172623847,12.097065993436,45.171163001587,69.105840781054,1.500083275235
2004-09,2004-09-30T23:59:59Z,2895.0,USD_PER_METRIC_TON,405.0,USD_PER_TROY_OUNCE,2.895,USD_PER_KILOGRAM,13021.052360294332,USD_PER_KILOGRAM,0.00022233226,0.717055776789,1.316344834863,-3.313516241399,0.00022084175,0.000220796753,0.000203212972,0.000175879065,9.408497784503,51.349058555762,69.61906785703,1.408344937335
2004-10,2004-10-31T23:59:59Z,3012.0,USD_PER_METRIC_TON,420.0,USD_PER_TROY_OUNCE,3.012,USD_PER_KILOGRAM,13503.313558823751,USD_PER_KILOGRAM,0.000223056362,0.325684678016,1.045075795603,-1.997771641719,0.000222045995,0.000220038921,0.000208663408,0.000179106103,6.897689610765,41.487320591954,69.865686878321,1.306227045544
2004-11,2004-11-30T23:59:59Z,3123.0,USD_PER_METRIC_TON,439.0,USD_PER_TROY_OUNCE,3.123,USD_PER_KILOGRAM,14114.177743627683,USD_PER_KILOGRAM,0.000221266875,-0.802257938633,-0.479186091801,-0.082817735993,0.000222218499,0.000220008354,0.000213444698,0.000181898479,3.664732411408,35.008230384251,68.388211564522,1.1496564661
2004-12,2004-12-31T23:59:59Z,3145.0,USD_PER_METRIC_TON,442.0,USD_PER_TROY_OUNCE,3.145,USD_PER_KILOGRAM,14210.629983333567,USD_PER_KILOGRAM,0.0002213132,0.020936476268,-0.781489426908,3.804643439924,0.000221878812,0.000221360281,0.000217870521,0.000184889799,1.580149246019,31.574808653409,68.406837814757,1.05820764304
2005-01,2005-01-31T23:59:59Z,3170.0,USD_PER_METRIC_TON,424.0,USD_PER_TROY_OUNCE,3.17,USD_PER_KILOGRAM,13631.916545098264,USD_PER_KILOGRAM,0.000232542503,5.073941866395,5.095940647297,5.969131322905,0.00022504086,0.000223543427,0.00022207297,0.000188596515,4.714456287367,27.691247898375,72.618479580565,1.271525478682
2005-02,2005-02-28T23:59:59Z,3254.0,USD_PER_METRIC_TON,423.0,USD_PER_TROY_OUNCE,3.254,USD_PER_KILOGRAM,13599.765798529636,USD_PER_KILOGRAM,0.000239268826,2.892513293211,8.113219602581,8.389361535995,0.00023104151,0.000226630005,0.000224348336,0.000192486865,6.650590862939,12.881591119334,74.78667321263,1.344663755872
2005-03,2005-03-31T23:59:59Z,3379.0,USD_PER_METRIC_TON,434.0,USD_PER_TROY_OUNCE,3.379,USD_PER_KILOGRAM,13953.424010784543,USD_PER_KILOGRAM,0.000242162784,1.209500395118,4.13699864804,8.919319022946,0.000237991371,0.000229935092,0.000225365923,0.000196271914,7.453150374882,5.310259697099,75.678994276433,1.309411507367
2005-04,2005-04-30T23:59:59Z,3394.0,USD_PER_METRIC_TON,429.0,USD_PER_TROY_OUNCE,3.394,USD_PER_KILOGRAM,13792.670277941403,USD_PER_KILOGRAM,0.000246072728,1.614593357713,2.843622265872,10.318632230983,0.000242501446,0.000233771153,0.000226905037,0.000200254464,8.447450704552,8.11471788074,76.870041437477,1.30725957312
2005-05,2005-05-31T23:59:59Z,3249.0,USD_PER_METRIC_TON,422.0,USD_PER_TROY_OUNCE,3.249,USD_PER_KILOGRAM,13567.615051961007,USD_PER_KILOGRAM,0.000239467289,-2.684343991488,-1.11309187356,8.225548711365,0.0002425676,0.000236804555,0.000228406455,0.000204232908,4.842610418467,8.135918762156,70.581444701223,1.041384722274
2005-06,2005-06-30T23:59:59Z,3524.0,USD_PER_METRIC_TON,431.0,USD_PER_TROY_OUNCE,3.524,USD_PER_KILOGRAM,13856.971771078659,USD_PER_KILOGRAM,0.000254312418,6.199230318235,3.348477660181,14.910641499969,0.000246617478,0.000242304425,0.000231832353,0.000208687924,9.696690281336,19.282581683572,75.443595370898,1.378904971863
2005-07,2005-07-31T23:59:59Z,3614.0,USD_PER_METRIC_TON,424.0,USD_PER_TROY_OUNCE,3.614,USD_PER_KILOGRAM,13631.916545098264,USD_PER_KILOGRAM,0.000265113125,4.247023108389,10.709536170781,14.006309148265,0.000252964278,0.000247732862,0.000235638145,0.000213420564,12.508577835371,20.811495457722,78.258992376906,1.581089710218
2005-08,2005-08-31T23:59:59Z,3798.0,USD_PER_METRIC_TON,438.0,USD_PER_TROY_OUNCE,3.798,USD_PER_KILOGRAM,14082.026997059054,USD_PER_KILOGRAM,0.000269705491,1.732228548036,6.05281980315,12.720697813439,0.000263043678,0.000252805639,0.000239717822,0.0002183224,12.509570013051,22.177244678905,79.343423853726,1.608856024924
2005-09,2005-09-30T23:59:59Z,3858.0,USD_PER_METRIC_TON,456.0,USD_PER_TROY_OUNCE,3.858,USD_PER_KILOGRAM,14660.740435294358,USD_PER_KILOGRAM,0.000263151784,-2.429949280785,-0.739813007893,8.66731047803,0.000265990133,0.000256303806,0.000243119449,0.00022316621,8.239709012789,18.359694573221,73.694173059743,1.357400988909
2005-10,2005-10-31T23:59:59Z,4060.0,USD_PER_METRIC_TON,470.0,USD_PER_TROY_OUNCE,4.06,USD_PER_KILOGRAM,15110.85088725515,USD_PER_KILOGRAM,0.000268681097,2.101187915688,-0.379819165742,9.187677879612,0.000267179457,0.000260071868,0.00024692151,0.000227792459,8.812349859847,20.45435280156,75.292541487505,1.489260674621
2005-11,2005-11-30T23:59:59Z,4269.0,USD_PER_METRIC_TON,477.0,USD_PER_TROY_OUNCE,4.269,USD_PER_KILOGRAM,15335.906113235545,USD_PER_KILOGRAM,0.000278366336,3.60473402113,5.781664172462,16.243991862034,0.000270066406,0.000266555042,0.000251679799,0.000232562248,10.603369029042,25.805698036681,77.833228605138,1.772884107538
2005-12,2005-12-31T23:59:59Z,4577.0,USD_PER_METRIC_TON,510.0,USD_PER_TROY_OUNCE,4.577,USD_PER_KILOGRAM,16396.88075000027,USD_PER_KILOGRAM,0.000279138457,0.277375883593,3.892108567565,9.762023992344,0.000275395297,0.000270692715,0.00025649857,0.000237184545,8.826516057518,26.128245892952,78.027213539697,1.766684852837
2006-01,2006-01-31T23:59:59Z,4734.0,USD_PER_METRIC_TON,550.0,USD_PER_TROY_OUNCE,4.734,USD_PER_KILOGRAM,17682.91061274539,USD_PER_KILOGRAM,0.000267716108,-4.092001509524,-3.825975851275,0.981838305579,0.000275073634,0.000271126546,0.000259429704,0.000240751337,3.1940844778,15.12566676226,68.479857112644,1.252238027742
2006-02,2006-02-28T23:59:59Z,4982.0,USD_PER_METRIC_TON,555.0,USD_PER_TROY_OUNCE,4.982,USD_PER_KILOGRAM,17843.664345588528,USD_PER_KILOGRAM,0.000279202741,4.290602389462,0.023029365393,3.52134124646,0.000275352435,0.000272709421,0.00026275753,0.000243552933,6.258702217242,16.689978238841,72.167967845163,1.622276112175
2006-03,2006-03-31T23:59:59Z,5103.0,USD_PER_METRIC_TON,557.0,USD_PER_TROY_OUNCE,5.103,USD_PER_KILOGRAM,17907.965838725784,USD_PER_KILOGRAM,0.000284956988,2.060956246797,6.43998607423,8.286169799889,0.000277291946,0.000276343621,0.000266323714,0.000245844818,6.996475745086,17.671668341212,73.820527074606,1.680978312208
2006-04,2006-04-30T23:59:59Z,6388.0,USD_PER_METRIC_TON,611.0,USD_PER_TROY_OUNCE,6.388,USD_PER_KILOGRAM,19644.106153431694,USD_PER_KILOGRAM,0.000325186595,14.117782518098,16.469700085611,21.030693444487,0.000296448775,0.000285761204,0.000272916536,0.000249910786,19.152397395955,32.150603693627,81.908358898307,2.706998409211
2006-05,2006-05-31T23:59:59Z,8046.0,USD_PER_METRIC_TON,675.0,USD_PER_TROY_OUNCE,8.046,USD_PER_KILOGRAM,21701.753933823886,USD_PER_KILOGRAM,0.000370753443,14.012523481528,30.108563590045,33.189037245256,0.000326965676,0.000301159055,0.000283857049,0.000256131752,30.612730986786,54.824253616497,86.860043830811,3.167744636937
2006-06,2006-06-30T23:59:59Z,7198.0,USD_PER_METRIC_TON,596.0,USD_PER_TROY_OUNCE,7.198,USD_PER_KILOGRAM,19161.844954902277,USD_PER_KILOGRAM,0.000375642326,1.318634295752,15.515931717608,34.57204317473,0.000357194121,0.000317243033,0.000293967874,0.000262900114,27.783461491102,47.708998316434,87.262846803662,2.670899692081
2006-07,2006-07-31T23:59:59Z,7712.0,USD_PER_METRIC_TON,634.0,USD_PER_TROY_OUNCE,7.712,USD_PER_KILOGRAM,20383.57332451014,USD_PER_KILOGRAM,0.000378343869,0.719179793195,2.047297440349,41.322788766144,0.000374913213,0.000335680994,0.00030340377,0.000269520957,24.699791840646,42.710350040763,87.491042261677,2.312463986901
2006-08,2006-08-31T23:59:59Z,7696.0,USD_PER_METRIC_TON,633.0,USD_PER_TROY_OUNCE,7.696,USD_PER_KILOGRAM,20351.42257794151,USD_PER_KILOGRAM,0.000378155383,-0.049818751516,0.669002755285,35.441142615787,0.000377380526,0.000352173101,0.000312441261,0.000276079541,21.032472526329,40.210487435393,87.373426312599,2.015807048928
2006-09,2006-09-30T23:59:59Z,7602.0,USD_PER_METRIC_TON,598.0,USD_PER_TROY_OUNCE,7.602,USD_PER_KILOGRAM,19226.14644803953,USD_PER_KILOGRAM,0.000395399048,4.559941662784,4.507851205262,38.757449385469,0.0003839661,0.000370580111,0.000323461866,0.000283290657,22.239772105678,50.255127251544,88.850171399754,2.051937216989
2006-10,2006-10-31T23:59:59Z,7500.0,USD_PER_METRIC_TON,586.0,USD_PER_TROY_OUNCE,7.5,USD_PER_KILOGRAM,18840.337489215995,USD_PER_KILOGRAM,0.000398082041,0.678553245823,5.269436540768,22.416497656656,0.000390545491,0.000382729352,0.000334245278,0.000290583394,19.098777805882,48.161536004304,89.064477346813,1.862943316339
2006-11,2006-11-30T23:59:59Z,7029.0,USD_PER_METRIC_TON,628.0,USD_PER_TROY_OUNCE,7.029,USD_PER_KILOGRAM,20190.66884509837,USD_PER_KILOGRAM,0.000348131112,-12.547898089172,-11.954489013116,-6.101718462788,0.0003805374,0.000378958963,0.000340059009,0.000295869404,2.373735918,25.062217169253,64.289437663681,0.918206913139
2006-12,2006-12-31T23:59:59Z,6675.0,USD_PER_METRIC_TON,630.0,USD_PER_TROY_OUNCE,6.675,USD_PER_KILOGRAM,20254.970338235627,USD_PER_KILOGRAM,0.000329548742,-5.337750408173,-17.215873015873,-12.270604268381,0.000358587298,0.000371276699,0.000344259866,0.000300379218,-4.273261427767,18.059240300883,57.843226068811,0.529491441095
2007-01,2007-01-31T23:59:59Z,5670.0,USD_PER_METRIC_TON,631.0,USD_PER_TROY_OUNCE,5.67,USD_PER_KILOGRAM,20287.121084804254,USD_PER_KILOGRAM,0.00027948766,-15.190797556937,-19.717701106509,-26.128666872711,0.000319055838,0.000354800664,0.000345240829,0.000302335266,-19.045594708838,4.397028074214,44.80833154982,-0.427413459526
2007-02,2007-02-28T23:59:59Z,5676.0,USD_PER_METRIC_TON,665.0,USD_PER_TROY_OUNCE,5.676,USD_PER_KILOGRAM,21380.246468137604,USD_PER_KILOGRAM,0.000265478698,-5.012372200342,-19.441750443525,-29.796398480609,0.000291505034,0.000336021217,0.000344097159,0.000303427344,-22.847750577795,-4.915439944703,41.958830703414,-0.724024179914
2007-03,2007-03-31T23:59:59Z,6452.0,USD_PER_METRIC_TON,655.0,USD_PER_TROY_OUNCE,6.452,USD_PER_KILOGRAM,21058.739002451326,USD_PER_KILOGRAM,0.000306381118,15.407043988617,9.622413398495,-22.513440617274,0.000283782492,0.000321184895,0.000345882503,0.000306103108,-11.420463490253,7.518373416027,51.630646840115,0.005469083734
2007-04,2007-04-30T23:59:59Z,7766.0,USD_PER_METRIC_TON,679.0,USD_PER_TROY_OUNCE,7.766,USD_PER_KILOGRAM,21830.3569200984,USD_PER_KILOGRAM,0.000355743153,16.111317562478,34.000639335091,-10.635719194894,0.00030920099,0.000314128414,0.000348428883,0.000310672709,2.099214638052,9.396622717669,60.241246128467,0.898604368378
2007-05,2007-05-31T23:59:59Z,7681.0,USD_PER_METRIC_TON,667.0,USD_PER_TROY_OUNCE,7.681,USD_PER_KILOGRAM,21444.54796127486,USD_PER_KILOGRAM,0.000358179618,0.684894482967,16.906557570564,2.886414240596,0.000340101296,0.000315803165,0.000347381064,0.000315619056,3.108561528893,-3.391425092823,60.613944448315,0.873518939953
2007-06,2007-06-30T23:59:59Z,7474.0,USD_PER_METRIC_TON,656.0,USD_PER_TROY_OUNCE,7.474,USD_PER_KILOGRAM,21090.889749019952,USD_PER_KILOGRAM,0.000354371015,-1.06332223002,-0.385710382342,7.532200602905,0.000356097929,0.00031994021,0.000345608455,0.000319788165,2.53540089373,-5.66265019416,59.672298449823,0.727049304275
2007-07,2007-07-31T23:59:59Z,7973.0,USD_PER_METRIC_TON,665.0,USD_PER_TROY_OUNCE,7.973,USD_PER_KILOGRAM,21380.246468137604,USD_PER_KILOGRAM,0.000372914317,5.23273664493,4.113773562927,33.427828831338,0.00036182165,0.00033551132,0.000345155992,0.000324279881,8.042254850219,-1.435084079493,62.709795562465,1.028647975524
2007-08,2007-08-31T23:59:59Z,7514.0,USD_PER_METRIC_TON,665.0,USD_PER_TROY_OUNCE,7.514,USD_PER_KILOGRAM,21380.246468137604,USD_PER_KILOGRAM,0.000351445902,-5.756929637527,-0.825437959362,32.381959126145,0.000359577078,0.000349839187,0.000342930202,0.000327685731,2.483216629762,-7.063096931518,57.32630512671,0.514771247646
2007-09,2007-09-30T23:59:59Z,7649.0,USD_PER_METRIC_TON,713.0,USD_PER_TROY_OUNCE,7.649,USD_PER_KILOGRAM,22923.48230343175,USD_PER_KILOGRAM,0.000333675307,-5.056423894658,-10.522258766394,8.908574181201,0.000352678509,0.000354388219,0.000337786557,0.000330624211,-1.217114657262,-15.610492994204,53.251149389003,0.069097612388
2007-10,2007-10-31T23:59:59Z,8008.0,USD_PER_METRIC_TON,755.0,USD_PER_TROY_OUNCE,8.008,USD_PER_KILOGRAM,24273.813659314124,USD_PER_KILOGRAM,0.000329902837,-1.130581065438,-6.129837988955,-7.263756261374,0.000338341349,0.000350081499,0.000332104957,0.000333175117,-0.66307930525,-17.126922737307,52.399567408703,-0.077486035247
2007-11,2007-11-30T23:59:59Z,6967.0,USD_PER_METRIC_TON,806.0,USD_PER_TROY_OUNCE,6.967,USD_PER_KILOGRAM,25913.50173431415,USD_PER_KILOGRAM,0.000268855984,-18.504494884768,-19.425867634784,-24.938223704975,0.000310811376,0.000335194227,0.000325498696,0.000332778853,-17.401824619856,-22.771629904751,40.979136889185,-1.494083475867
2007-12,2007-12-31T23:59:59Z,6588.0,USD_PER_METRIC_TON,803.0,USD_PER_TROY_OUNCE,6.588,USD_PER_KILOGRAM,25817.049494608265,USD_PER_KILOGRAM,0.000255180206,-5.086655628447,-22.649890582643,-27.99066652315,0.000284646342,0.000318662425,0.000319301318,0.000331780592,-20.081693557968,-22.566779072859,38.932053533211,-1.730012345784
2008-01,2008-01-31T23:59:59Z,7061.0,USD_PER_METRIC_TON,890.0,USD_PER_TROY_OUNCE,7.061,USD_PER_KILOGRAM,28614.1644460789,USD_PER_KILOGRAM,0.000246765899,-3.297398061167,-8.216326405543,-33.827721932308,0.000256934029,0.000297637689,0.000316574504,0.000330907667,-22.051240673733,-11.707766086043,37.684702161133,-1.840573855898
2008-02,2008-02-29T23:59:59Z,7888.0,USD_PER_METRIC_TON,922.0,USD_PER_TROY_OUNCE,7.888,USD_PER_KILOGRAM,29642.988336274997,USD_PER_KILOGRAM,0.000266100027,7.83500828387,4.279258811459,-24.284213935866,0.000256015377,0.000283413377,0.000316626282,0.00033036172,-15.957694479785,0.234040959461,42.262244003493,-1.384882897479
2008-03,2008-03-31T23:59:59Z,8439.0,USD_PER_METRIC_TON,968.0,USD_PER_TROY_OUNCE,8.439,USD_PER_KILOGRAM,31121.92267843188,USD_PER_KILOGRAM,0.00027115934,1.901282207098,9.885256109394,-18.735569063746,0.000261341755,0.000272994049,0.000313691134,0.000329786818,-13.558494156947,-11.496066950859,43.433227121952,-1.246271558331
2008-04,2008-04-30T23:59:59Z,8685.0,USD_PER_METRIC_TON,910.0,USD_PER_TROY_OUNCE,8.685,USD_PER_KILOGRAM,29257.17937745146,USD_PER_KILOGRAM,0.000296850215,9.474457288179,11.555875665916,-10.018895939226,0.000278036527,0.000267485278,0.000308783389,0.000328606136,-3.864577515438,-16.554904019493,49.080595756756,-0.668597120869
2008-05,2008-05-31T23:59:59Z,8383.0,USD_PER_METRIC_TON,889.0,USD_PER_TROY_OUNCE,8.383,USD_PER_KILOGRAM,28582.013699510273,USD_PER_KILOGRAM,0.00029329634,-1.197194910222,8.163834657532,9.090501049218,0.000287101965,0.000271558671,0.000303376449,0.000325378756,-3.322640650579,-18.114732143315,48.361327405971,-0.680387540436
2008-06,2008-06-30T23:59:59Z,8261.0,USD_PER_METRIC_TON,889.0,USD_PER_TROY_OUNCE,8.261,USD_PER_KILOGRAM,28582.013699510273,USD_PER_KILOGRAM,0.000289027921,-1.455326255517,-2.635098073881,13.264240194019,0.000293058159,0.000277199957,0.000297931191,0.000321769823,-2.988364536424,-18.439175568668,47.461677233449,-0.704463365601
2008-07,2008-07-31T23:59:59Z,8414.0,USD_PER_METRIC_TON,940.0,USD_PER_TROY_OUNCE,8.414,USD_PER_KILOGRAM,30221.7017745103,USD_PER_KILOGRAM,0.000278409206,-3.673940870586,-5.075799300002,12.823209297701,0.000286911156,0.000282473842,0.000290055765,0.000317605879,-4.015282750946,-25.342312218632,45.208550231977,-0.857831464848
2008-08,2008-08-31T23:59:59Z,7635.0,USD_PER_METRIC_TON,839.0,USD_PER_TROY_OUNCE,7.635,USD_PER_KILOGRAM,26974.476371078876,USD_PER_KILOGRAM,0.000283045346,1.665225078924,-2.069895176425,6.368026023446,0.000283494158,0.000285298061,0.000284355719,0.00031364296,-0.460821708224,-19.462612975445,46.404842777999,-0.689525589694
2008-09,2008-09-30T23:59:59Z,6991.0,USD_PER_METRIC_TON,830.0,USD_PER_TROY_OUNCE,6.991,USD_PER_KILOGRAM,26685.119651961224,USD_PER_KILOGRAM,0.000261981212,-7.441964320938,-5.900664698251,-3.384772649075,0.000274478588,0.000283768373,0.000278381211,0.000308083884,-5.891201703971,-21.486185295503,41.925869853353,-1.095532890914
2008-10,2008-10-31T23:59:59Z,4926.0,USD_PER_METRIC_TON,807.0,USD_PER_TROY_OUNCE,4.926,USD_PER_KILOGRAM,25945.652480882778,USD_PER_KILOGRAM,0.000189858397,-27.529766098632,-32.922975048872,-36.042358208508,0.000244961652,0.000265936404,0.000266710841,0.000299407899,-28.814893067797,-42.45020778478,30.921046683524,-2.486836353119
2008-11,2008-11-30T23:59:59Z,3717.0,USD_PER_METRIC_TON,761.0,USD_PER_TROY_OUNCE,3.717,USD_PER_KILOGRAM,24466.718138725893,USD_PER_KILOGRAM,0.000151920661,-19.982121735456,-42.010856458773,-48.202333017685,0.000201253424,0.000242373791,0.000256966231,0.000291232463,-40.879133883226,-43.493665557187,26.918509132669,-2.690460969582
2008-12,2008-12-31T23:59:59Z,3072.0,USD_PER_METRIC_TON,816.0,USD_PER_TROY_OUNCE,3.072,USD_PER_KILOGRAM,26235.00920000043,USD_PER_KILOGRAM,0.000117095442,-22.92329361123,-38.324854911514,-59.486460120908,0.000152958167,0.000213718378,0.000245459167,0.000282380243,-52.295347781756,-54.112646880246,23.864684727751,-2.679472000444
2009-01,2009-01-31T23:59:59Z,3221.0,USD_PER_METRIC_TON,859.0,USD_PER_TROY_OUNCE,3.221,USD_PER_KILOGRAM,27617.491302451435,USD_PER_KILOGRAM,0.000116628986,-0.3983556461,-23.230333022957,-58.108789801797,0.000128548363,0.000186755008,0.000234614425,0.000275594464,-50.289081326426,-52.736992240741,23.825695876102,-2.270137665094
2009-02,2009-02-28T23:59:59Z,3315.0,USD_PER_METRIC_TON,943.0,USD_PER_TROY_OUNCE,3.315,USD_PER_KILOGRAM,30318.154014216183,USD_PER_KILOGRAM,0.00010934043,-6.249351831153,-6.622812831389,-61.369995437376,0.000114354953,0.000157804188,0.000221551125,0.000269088703,-50.647765735474,-58.91002669397,23.188214870557,-2.060875328064
2009-03,2009-03-31T23:59:59Z,3750.0,USD_PER_METRIC_TON,924.0,USD_PER_TROY_OUNCE,3.75,USD_PER_KILOGRAM,29707.289829412253,USD_PER_KILOGRAM,0.000126231643,15.448277212983,8.233508186939,-51.816528486533,0.000117400353,0.00013517926,0.000209473817,0.000261582475,-39.738701072583,-53.447429451695,27.99638677401,-1.648098688423
2009-04,2009-04-30T23:59:59Z,4407.0,USD_PER_METRIC_TON,890.0,USD_PER_TROY_OUNCE,4.407,USD_PER_KILOGRAM,28614.1644460789,USD_PER_KILOGRAM,0.000154014632,22.009528089888,40.857898215466,-18.879210061722,0.000129862235,0.000129205299,0.000197570851,0.00025317712,-22.045873335858,-48.117055752848,35.183291947866,-1.203705724947
2009-05,2009-05-31T23:59:59Z,4569.0,USD_PER_METRIC_TON,929.0,USD_PER_TROY_OUNCE,4.569,USD_PER_KILOGRAM,29868.043562255392,USD_PER_KILOGRAM,0.000152972858,-0.676411902681,21.184241119483,0.692596463518,0.000144406378,0.000129380665,0.000185877228,0.000244626838,-17.70220584342,-47.84358420798,35.042052470802,-1.122036927218
2009-06,2009-06-30T23:59:59Z,5014.0,USD_PER_METRIC_TON,946.0,USD_PER_TROY_OUNCE,5.014,USD_PER_KILOGRAM,30414.60625392207,USD_PER_KILOGRAM,0.000164855003,7.767485356088,7.03853325792,40.786865750529,0.000157280831,0.000137340592,0.000175529485,0.000236730338,-6.081304207246,-42.962256999636,38.09454650489,-0.900309997589
2009-07,2009-07-31T23:59:59Z,5216.0,USD_PER_METRIC_TON,934.0,USD_PER_TROY_OUNCE,5.216,USD_PER_KILOGRAM,30028.79729509853,USD_PER_KILOGRAM,0.00017369993,5.365277010239,13.54950947241,48.933757122524,0.000163842597,0.000146852416,0.000166803712,0.000228429739,4.134331623405,-37.609846747722,40.34192342228,-0.725082792705
2009-08,2009-08-31T23:59:59Z,6165.0,USD_PER_METRIC_TON,949.0,USD_PER_TROY_OUNCE,6.165,USD_PER_KILOGRAM,30511.058493627952,USD_PER_KILOGRAM,0.000202057887,16.325830548139,22.567033591508,84.797047618594,0.000180204273,0.000162305325,0.000160054757,0.000222205238,26.242975018631,-28.612892073344,46.986928340656,-0.283315132613
2009-09,2009-09-30T23:59:59Z,6196.0,USD_PER_METRIC_TON,997.0,USD_PER_TROY_OUNCE,6.196,USD_PER_KILOGRAM,32054.294328922097,USD_PER_KILOGRAM,0.000193297033,-4.335813604642,11.28215936152,53.128826479438,0.00018968495,0.000173482891,0.000154331075,0.000216356143,25.248290429331,-26.217215514373,45.307906968811,-0.342230445585
2009-10,2009-10-31T23:59:59Z,6288.0,USD_PER_METRIC_TON,1043.0,USD_PER_TROY_OUNCE,6.288,USD_PER_KILOGRAM,33533.228671078985,USD_PER_KILOGRAM,0.000187515496,-2.991012046865,-7.197140944263,21.751741161375,0.000194290139,0.000179066368,0.000154135833,0.000210423337,21.656004060114,-1.234025806286,44.185776676198,-0.36210643327
2009-11,2009-11-30T23:59:59Z,6676.0,USD_PER_METRIC_TON,1127.0,USD_PER_TROY_OUNCE,6.676,USD_PER_KILOGRAM,36233.89138284373,USD_PER_KILOGRAM,0.000184247392,-1.742844499233,-4.681727857169,20.444498562221,0.000188353307,0.00018427879,0.000156829728,0.000206897979,17.482440989281,21.278692899766,43.529495339969,-0.363819510297
2009-12,2009-12-31T23:59:59Z,6982.0,USD_PER_METRIC_TON,1135.0,USD_PER_TROY_OUNCE,6.982,USD_PER_KILOGRAM,36491.097355392754,USD_PER_KILOGRAM,0.000191334339,3.846429976007,2.03654818352,16.06219765274,0.000187699076,0.000188692013,0.000163016302,0.000204237735,17.371291297617,63.400330396476,45.422574047517,-0.209820684283
2010-01,2010-01-31T23:59:59Z,7386.0,USD_PER_METRIC_TON,1118.0,USD_PER_TROY_OUNCE,7.386,USD_PER_KILOGRAM,35944.53466372608,USD_PER_KILOGRAM,0.000205483255,7.394865099061,11.525733382924,18.297834103406,0.000193688329,0.000193989234,0.000170420825,0.000202517625,20.57402936052,76.185408924772,49.091870662682,0.048730588473
2010-02,2010-02-28T23:59:59Z,6848.0,USD_PER_METRIC_TON,1095.0,USD_PER_TROY_OUNCE,6.848,USD_PER_KILOGRAM,35205.067492647635,USD_PER_KILOGRAM,0.000194517451,-5.336592615673,1.663638658573,-3.731819410652,0.000197111682,0.000192732495,0.00017751891,0.000199535017,9.575622800341,77.900755525252,46.48349271693,-0.084463367901
2010-03,2010-03-31T23:59:59Z,7463.0,USD_PER_METRIC_TON,1113.0,USD_PER_TROY_OUNCE,7.463,USD_PER_KILOGRAM,35783.78093088294,USD_PER_KILOGRAM,0.000208558174,7.218232800967,1.496432506656,7.895175683585,0.00020285296,0.000195276018,0.000184379454,0.000196926635,13.113564930836,65.218616352201,50.136710113664,0.202117478802
2010-04,2010-04-30T23:59:59Z,7745.0,USD_PER_METRIC_TON,1149.0,USD_PER_TROY_OUNCE,7.745,USD_PER_KILOGRAM,36941.207807353545,USD_PER_KILOGRAM,0.000209657465,0.527091178097,7.783370647373,11.808074617379,0.000204244363,0.000198966346,0.000189016357,0.000193293604,10.92027626571,36.128277605669,50.422064390055,0.304429159567
2010-05,2010-05-31T23:59:59Z,6838.0,USD_PER_METRIC_TON,1205.0,USD_PER_TROY_OUNCE,6.838,USD_PER_KILOGRAM,38741.649615196715,USD_PER_KILOGRAM,0.000176502551,-15.813848581202,-15.370110803894,-4.203500990729,0.000198239397,0.000197675539,0.000190977165,0.000188427196,-7.579237811317,15.38161287188,42.518837248854,-0.240388924899
2010-06,2010-06-30T23:59:59Z,6499.0,USD_PER_METRIC_TON,1233.0,USD_PER_TROY_OUNCE,6.499,USD_PER_KILOGRAM,39641.870519118296,USD_PER_KILOGRAM,0.000163942819,-7.115892843461,-21.804444905197,-14.316050332648,0.000183367612,0.000193110286,0.000190901149,0.000183215317,-14.121617733208,-0.553324980404,39.963409881766,-0.42703051741
2010-07,2010-07-31T23:59:59Z,6735.0,USD_PER_METRIC_TON,1193.0,USD_PER_TROY_OUNCE,6.735,USD_PER_KILOGRAM,38355.84065637318,USD_PER_KILOGRAM,0.000175592553,7.105974263627,-0.515572093917,-14.546539078826,0.000172012641,0.000188128502,0.000191058868,0.00017893129,-8.095051961098,1.089593436149,43.363562527616,-0.082360495625
2010-08,2010-08-31T23:59:59Z,7284.0,USD_PER_METRIC_TON,1216.0,USD_PER_TROY_OUNCE,7.284,USD_PER_KILOGRAM,39095.30782745162,USD_PER_KILOGRAM,0.000186313919,6.105819950768,13.64567220868,-4.217376183596,0.000175283097,0.000186761247,0.000189746871,0.000174900814,-1.809227278908,-7.791810731208,46.373651717471,0.33257166945
2010-09,2010-09-30T23:59:59Z,7709.0,USD_PER_METRIC_TON,1271.0,USD_PER_TROY_OUNCE,7.709,USD_PER_KILOGRAM,40863.59888872616,USD_PER_KILOGRAM,0.000188652008,1.254919548186,7.437362627093,-9.544658447713,0.000183519493,0.000183443553,0.000189359785,0.00017184543,-0.373773631648,-2.403050316973,47.034756335667,0.573002271605
2010-10,2010-10-31T23:59:59Z,8292.0,USD_PER_METRIC_TON,1342.0,USD_PER_TROY_OUNCE,8.292,USD_PER_KILOGRAM,43146.301895098746,USD_PER_KILOGRAM,0.000192183331,1.871870975899,3.150280998878,-8.334611340041,0.000189049753,0.000180531197,0.000189748772,0.000171942303,1.283043359324,2.489306151238,48.075926148155,0.688614636918
2010-11,2010-11-30T23:59:59Z,8470.0,USD_PER_METRIC_TON,1370.0,USD_PER_TROY_OUNCE,8.47,USD_PER_KILOGRAM,44046.52279902033,USD_PER_KILOGRAM,0.000192296678,0.058978665568,1.93195364599,8.948384190537,0.000191044006,0.000183163551,0.000190419545,0.000173624637,0.985787665182,4.368737781704,48.111184527608,0.636072861806
2010-12,2010-12-31T23:59:59Z,9147.0,USD_PER_METRIC_TON,1391.0,USD_PER_TROY_OUNCE,9.147,USD_PER_KILOGRAM,44721.68847696152,USD_PER_KILOGRAM,0.000204531634,6.362541451751,6.425272659364,24.757909445561,0.000196337214,0.000189928354,0.00019151932,0.000177267811,6.794256423504,6.897504335375,51.907379112476,0.992160828997
2011-01,2011-01-31T23:59:59Z,9556.0,USD_PER_METRIC_TON,1360.0,USD_PER_TROY_OUNCE,9.556,USD_PER_KILOGRAM,43725.01533333405,USD_PER_KILOGRAM,0.000218547665,6.85274503373,13.651295228835,24.462945980174,0.000205125325,0.000197087539,0.000192608021,0.000181514423,13.467582595815,6.357894904509,55.888739699839,1.447157967842
2011-02,2011-02-28T23:59:59Z,9868.0,USD_PER_METRIC_TON,1375.0,USD_PER_TROY_OUNCE,9.868,USD_PER_KILOGRAM,44207.27653186347,USD_PER_KILOGRAM,0.00022322117,2.138437535675,9.13772424143,19.809175777545,0.00021543349,0.000203238748,0.000194999997,0.000186259454,14.472396608804,14.75637213254,57.162191965117,1.673553210152
2011-03,2011-03-31T23:59:59Z,9503.0,USD_PER_METRIC_TON,1423.0,USD_PER_TROY_OUNCE,9.503,USD_PER_KILOGRAM,45750.512367157615,USD_PER_KILOGRAM,0.000207713521,-6.947212694568,-4.957336962837,10.104060134694,0.000216494119,0.000206415666,0.000194929609,0.000189654532,6.558219294613,-0.404996342227,51.816664364889,0.971849354732
2011-04,2011-04-30T23:59:59Z,9493.0,USD_PER_METRIC_TON,1481.0,USD_PER_TROY_OUNCE,9.493,USD_PER_KILOGRAM,47615.25566813804,USD_PER_KILOGRAM,0.000199368876,-4.017381625036,-10.68549827336,3.738901467145,0.000210101189,0.000207613257,0.000194072227,0.000191544292,2.729215296104,-4.907332778569,49.153007013222,0.457328095222
2011-05,2011-05-31T23:59:59Z,8960.0,USD_PER_METRIC_TON,1513.0,USD_PER_TROY_OUNCE,8.96,USD_PER_KILOGRAM,48644.07955833413,USD_PER_KILOGRAM,0.000184195077,-7.610916423685,-11.322538490819,-4.213073473423,0.000197092491,0.00020626299,0.000194713271,0.000192845218,-5.401888330301,4.358308716482,44.657539754426,-0.568770825289
2011-06,2011-06-30T23:59:59Z,9067.0,USD_PER_METRIC_TON,1529.0,USD_PER_TROY_OUNCE,9.067,USD_PER_KILOGRAM,49158.49150343218,USD_PER_KILOGRAM,0.000184444228,0.135264353452,-7.485946927125,-9.821173145863,0.00018933606,0.000202915089,0.000196421722,0.000193661436,-6.097845905251,12.505219145754,44.746897697963,-0.650247306436
2011-07,2011-07-31T23:59:59Z,9650.0,USD_PER_METRIC_TON,1573.0,USD_PER_TROY_OUNCE,9.65,USD_PER_KILOGRAM,50573.124352451814,USD_PER_KILOGRAM,0.000190812811,3.452850226866,3.592785055853,-12.69052877181,0.000186484039,0.000198292614,0.000197690076,0.000194374472,-3.478811817913,8.667940010317,47.098214491126,-0.262458180073
2011-08,2011-08-31T23:59:59Z,9001.0,USD_PER_METRIC_TON,1759.0,USD_PER_TROY_OUNCE,9.001,USD_PER_KILOGRAM,56553.16321421661,USD_PER_KILOGRAM,0.000159159974,-16.588423120768,-13.708346299261,-28.698530667344,0.000178139004,0.000187615748,0.000195427248,0.000192587059,-18.557941060228,-14.574297275267,38.360575457024,-2.203301468707
2011-09,2011-09-30T23:59:59Z,8300.0,USD_PER_METRIC_TON,1772.0,USD_PER_TROY_OUNCE,8.3,USD_PER_KILOGRAM,56971.12291960878,USD_PER_KILOGRAM,0.000145687843,-8.464522251478,-23.648814606019,-29.861165382252,0.000165220209,0.000177278135,0.000191846901,0.000190603343,-24.060361471199,-22.774295354701,35.354226701567,-2.519285023609
2011-10,2011-10-31T23:59:59Z,7394.0,USD_PER_METRIC_TON,1666.0,USD_PER_TROY_OUNCE,7.394,USD_PER_KILOGRAM,53563.14378333421,USD_PER_KILOGRAM,0.000138042682,-5.247631582754,-13.267966891234,-30.760164594649,0.000147630166,0.000167057102,0.00018733518,0.000188541976,-26.312462131271,-28.171355372829,33.738332641419,-2.440051447211
2011-11,2011-11-30T23:59:59Z,7581.0,USD_PER_METRIC_TON,1739.0,USD_PER_TROY_OUNCE,7.581,USD_PER_KILOGRAM,55910.14828284406,USD_PER_KILOGRAM,0.000135592558,-1.774903201592,-6.929394403375,-26.386437967223,0.000139774361,0.000158956682,0.000182609836,0.000186514691,-25.747396626707,-29.487831422067,33.214389796906,-2.190803752991
2011-12,2011-12-31T23:59:59Z,7565.0,USD_PER_METRIC_TON,1640.0,USD_PER_TROY_OUNCE,7.565,USD_PER_KILOGRAM,52727.224372549885,USD_PER_KILOGRAM,0.00014347427,5.812790963288,3.934716348786,-22.212654036213,0.000139036503,0.000152128356,0.000177521723,0.000184520521,-19.179316610766,-29.852283968888,36.623981912985,-1.658510586514
2012-01,2012-01-31T23:59:59Z,8040.0,USD_PER_METRIC_TON,1654.0,USD_PER_TROY_OUNCE,8.04,USD_PER_KILOGRAM,53177.334824510675,USD_PER_KILOGRAM,0.000151192233,5.379336360171,11.504816901287,-20.764107736935,0.000143419687,0.000145524926,0.00017190877,0.000182258395,-12.050890158824,-30.81956144218,39.861689346924,-1.232472315333
2012-02,2012-02-29T23:59:59Z,8441.0,USD_PER_METRIC_TON,1745.0,USD_PER_TROY_OUNCE,8.441,USD_PER_KILOGRAM,56103.05276225582,USD_PER_KILOGRAM,0.000150455271,-0.487433890718,4.865681760937,-5.469153538814,0.000148373924,0.000144074143,0.000165844945,0.000180422471,-9.279555841704,-32.598117500578,39.653374621724,-1.159576657141
2012-03,2012-03-31T23:59:59Z,8471.0,USD_PER_METRIC_TON,1676.0,USD_PER_TROY_OUNCE,8.471,USD_PER_KILOGRAM,53884.65124902049,USD_PER_KILOGRAM,0.000157206177,4.486985191894,3.977680214678,7.906173620496,0.000152951227,0.000145993865,0.000161636,0.000178282805,-2.740616713825,-24.31586734198,42.611979945924,-0.824938617381
2012-04,2012-04-30T23:59:59Z,8289.0,USD_PER_METRIC_TON,1649.0,USD_PER_TROY_OUNCE,8.289,USD_PER_KILOGRAM,53016.58109166754,USD_PER_KILOGRAM,0.000156347313,-0.546329398793,3.916142073878,13.260124536752,0.000154669587,0.000149044637,0.00015805087,0.000176061548,-1.07785331954,-21.578876190857,42.327661434371,-0.787393976228
2012-05,2012-05-31T23:59:59Z,7956.0,USD_PER_METRIC_TON,1589.0,USD_PER_TROY_OUNCE,7.956,USD_PER_KILOGRAM,51087.53629754986,USD_PER_KILOGRAM,0.000155732701,-0.393107062739,-0.93728880208,14.853428161507,0.00015642873,0.000152401327,0.000155679005,0.000175196138,0.034491389211,-15.452300413557,42.111124473739,-0.76736636834
2012-06,2012-06-30T23:59:59Z,7423.0,USD_PER_METRIC_TON,1599.0,USD_PER_TROY_OUNCE,7.423,USD_PER_KILOGRAM,51409.043763236135,USD_PER_KILOGRAM,0.000144390937,-7.282840173801,-7.647317877449,0.638907248293,0.000152156984,0.000152554105,0.000152341231,0.000174381476,-5.21874057533,-21.715665044596,38.224979222148,-1.152690139275
2012-07,2012-07-31T23:59:59Z,7584.0,USD_PER_METRIC_TON,1594.0,USD_PER_TROY_OUNCE,7.584,USD_PER_KILOGRAM,51248.290030393,USD_PER_KILOGRAM,0.000147985425,2.489414112027,-4.974726112817,-2.121013502126,0.000149369688,0.000152019637,0.000148772282,0.000173231179,-0.528899921738,-22.444711710365,40.111269257657,-0.951095844764
2012-08,2012-08-31T23:59:59Z,7516.0,USD_PER_METRIC_TON,1630.0,USD_PER_TROY_OUNCE,7.516,USD_PER_KILOGRAM,52405.71690686361,USD_PER_KILOGRAM,0.000143419467,-3.085410680542,-0.67280521741,-4.676342392485,0.000145265277,0.000150847003,0.000147460573,0.00017144391,-2.74046520174,-9.889739585854,38.502961237187,-1.03632210834
2012-09,2012-09-30T23:59:59Z,8088.0,USD_PER_METRIC_TON,1745.0,USD_PER_TROY_OUNCE,8.088,USD_PER_KILOGRAM,56103.05276225582,USD_PER_KILOGRAM,0.000144163278,0.518626166756,-2.582786260926,-8.296683206044,0.00014518939,0.000148673187,0.000147333526,0.000169590213,-2.151749052729,-1.04645976456,38.932525429936,-0.930624121831
2012-10,2012-10-31T23:59:59Z,8062.0,USD_PER_METRIC_TON,1747.0,USD_PER_TROY_OUNCE,8.062,USD_PER_KILOGRAM,56167.35425539308,USD_PER_KILOGRAM,0.000143535335,-0.435577848022,0.080789298038,-8.194562444845,0.000143706027,0.000146537857,0.000147791247,0.000167563213,-2.879678090681,3.978952906478,38.686839824717,-0.877710726873
2012-11,2012-11-30T23:59:59Z,7711.0,USD_PER_METRIC_TON,1722.0,USD_PER_TROY_OUNCE,7.711,USD_PER_KILOGRAM,55363.585591177376,USD_PER_KILOGRAM,0.000139279274,-2.965166014491,-3.387828256197,-10.565171451111,0.000142325962,0.000143795619,0.000148098473,0.000165354155,-5.95495637825,2.718966558765,36.983327766314,-0.950607844895
2012-12,2012-12-31T23:59:59Z,7966.0,USD_PER_METRIC_TON,1685.0,USD_PER_TROY_OUNCE,7.966,USD_PER_KILOGRAM,54174.00796813815,USD_PER_KILOGRAM,0.000147044686,5.575425603025,2.44493896339,1.837891771945,0.000143286432,0.000144237911,0.000148396008,0.000162958865,-0.910618775481,2.488541443984,42.001441692233,-0.602937131219
2013-01,2013-01-31T23:59:59Z,8047.0,USD_PER_METRIC_TON,1672.0,USD_PER_TROY_OUNCE,8.047,USD_PER_KILOGRAM,53756.04826274598,USD_PER_KILOGRAM,0.000149694783,1.802239361785,7.478147479615,1.155085372378,0.000145339581,0.000144522804,0.000148271221,0.000160089995,0.960107274378,-0.990427646457,43.650577755239,-0.436553567436
2013-02,2013-02-28T23:59:59Z,8061.0,USD_PER_METRIC_TON,1628.0,USD_PER_TROY_OUNCE,8.061,USD_PER_KILOGRAM,52341.41541372635,USD_PER_KILOGRAM,0.000154008063,2.881382687522,4.735551462265,7.38295567327,0.000150249177,0.00014628757,0.000148567287,0.000157206116,3.662163094313,2.361360994817,46.325656193013,-0.161080572105
2013-03,2013-03-31T23:59:59Z,7646.0,USD_PER_METRIC_TON,1593.0,USD_PER_TROY_OUNCE,7.646,USD_PER_KILOGRAM,51216.13928382437,USD_PER_KILOGRAM,0.000149288879,-3.064244987588,-0.271154924642,3.55541336572,0.000150997242,0.000147141837,0.000147907512,0.000154771756,0.933939599922,-5.036251223942,43.871653291419,-0.325025550663
2013-04,2013-04-30T23:59:59Z,7234.0,USD_PER_METRIC_TON,1488.0,USD_PER_TROY_OUNCE,7.234,USD_PER_KILOGRAM,47840.31089411843,USD_PER_KILOGRAM,0.000151211392,1.287780665412,-1.815925076667,5.347851863115,0.000151502778,0.000148421179,0.000147479518,0.000152765194,2.530435145376,-3.284943642112,45.146462607044,-0.110369211496
2013-05,2013-05-31T23:59:59Z,7249.0,USD_PER_METRIC_TON,1414.0,USD_PER_TROY_OUNCE,7.249,USD_PER_KILOGRAM,45461.15564803996,USD_PER_KILOGRAM,0.000159454811,5.451586273995,6.809571413402,14.48567110634,0.000153318361,0.000151783769,0.000147789694,0.00015173435,7.893051825661,2.390063667,50.353322542462,0.614521375179
2013-06,2013-06-30T23:59:59Z,7000.0,USD_PER_METRIC_TON,1343.0,USD_PER_TROY_OUNCE,7.0,USD_PER_KILOGRAM,43178.452641667376,USD_PER_KILOGRAM,0.000162117898,1.670120211718,7.212754529934,10.250769792467,0.000157594701,0.000154295971,0.000149266941,0.000150804086,8.609379491345,12.277059618988,51.940456345172,1.046478004165
2013-07,2013-07-31T23:59:59Z,6907.0,USD_PER_METRIC_TON,1286.0,USD_PER_TROY_OUNCE,6.907,USD_PER_KILOGRAM,41345.86008725558,USD_PER_KILOGRAM,0.00016705421,3.044890024439,4.76586355988,11.59654757692,0.00016287564,0.000157189209,0.000150856006,0.000149814144,10.73752654021,12.88558297406,54.823416475664,2.221765749053
2013-08,2013-08-31T23:59:59Z,7193.0,USD_PER_METRIC_TON,1352.0,USD_PER_TROY_OUNCE,7.193,USD_PER_KILOGRAM,43467.809360785024,USD_PER_KILOGRAM,0.000165478779,-0.943066077378,2.073108622147,7.44812667317,0.000164883629,0.000159100995,0.000152694282,0.000150077428,8.372609635349,15.380974237209,53.715916715327,1.88541558675
2013-09,2013-09-30T23:59:59Z,7159.0,USD_PER_METRIC_TON,1349.0,USD_PER_TROY_OUNCE,7.159,USD_PER_KILOGRAM,43371.35712107914,USD_PER_KILOGRAM,0.000165062854,-0.251346003244,-1.192041721729,10.566075528574,0.000165865281,0.000161729991,0.000154435914,0.00015088472,6.881132958374,14.497156555869,53.40916095623,1.641208723173
2013-10,2013-10-31T23:59:59Z,7203.0,USD_PER_METRIC_TON,1317.0,USD_PER_TROY_OUNCE,7.203,USD_PER_KILOGRAM,42342.53323088305,USD_PER_KILOGRAM,0.000170112637,3.059309195842,2.800273741207,12.499881916765,0.000166884757,0.000164880198,0.000156650689,0.000152220968,8.593609463785,18.516208947852,56.64628379207,1.983352272762
2013-11,2013-11-30T23:59:59Z,7071.0,USD_PER_METRIC_TON,1276.0,USD_PER_TROY_OUNCE,7.071,USD_PER_KILOGRAM,41024.3526215693,USD_PER_KILOGRAM,0.000172361038,1.321712870421,4.42145734965,8.093971236331,0.000169178843,0.000167031236,0.000159407503,0.000153752988,8.126051261165,23.752108395408,58.044060364188,2.025368931796
2013-12,2013-12-31T23:59:59Z,7215.0,USD_PER_METRIC_TON,1222.0,USD_PER_TROY_OUNCE,7.215,USD_PER_KILOGRAM,39288.21230686339,USD_PER_KILOGRAM,0.000183642868,6.545464393071,7.953689508804,13.2773556231,0.000175372181,0.000170618731,0.000162457351,0.00015542668,13.040663954963,24.889156575018,64.269146547557,2.637698598464
2014-01,2014-01-31T23:59:59Z,7291.0,USD_PER_METRIC_TON,1244.0,USD_PER_TROY_OUNCE,7.291,USD_PER_KILOGRAM,39995.528731373204,USD_PER_KILOGRAM,0.000182295377,-0.733756264303,5.763680373756,9.123485796831,0.000179433095,0.000173158926,0.000165174067,0.000156722644,10.365616287015,21.778042744855,63.065565832349,2.145371363567
2014-02,2014-02-28T23:59:59Z,7149.0,USD_PER_METRIC_TON,1300.0,USD_PER_TROY_OUNCE,7.149,USD_PER_KILOGRAM,41795.970539216374,USD_PER_KILOGRAM,0.000171045197,-6.17140204467,-6.859875259875,3.363825941888,0.000178994481,0.000174086662,0.000166593828,0.000157580558,2.671988679615,11.062494632275,53.976921847324,1.105815637861
2014-03,2014-03-31T23:59:59Z,6650.0,USD_PER_METRIC_TON,1336.0,USD_PER_TROY_OUNCE,6.65,USD_PER_KILOGRAM,42953.39741568698,USD_PER_KILOGRAM,0.000154818953,-9.486524223898,-15.072474718647,-6.206061128198,0.000169386509,0.000172379345,0.000167054668,0.00015748109,-7.324377961538,3.704277294221,44.104329412699,-0.218412013399
2014-04,2014-04-30T23:59:59Z,6674.0,USD_PER_METRIC_TON,1298.0,USD_PER_TROY_OUNCE,6.674,USD_PER_KILOGRAM,41731.669046079114,USD_PER_KILOGRAM,0.000159926506,3.299048854803,-6.500440437864,-5.987874851837,0.000161930218,0.000170681656,0.000167780927,0.000157630223,-4.681355614145,5.763529779125,47.367619346799,0.18828606257
2014-05,2014-05-31T23:59:59Z,6891.0,USD_PER_METRIC_TON,1289.0,USD_PER_TROY_OUNCE,6.891,USD_PER_KILOGRAM,41442.312326961466,USD_PER_KILOGRAM,0.000166279332,3.972341053236,7.402439380064,-3.528469247801,0.000160341597,0.000169668039,0.000168349637,0.000158069666,-1.22976543979,4.27990870253,51.185033455628,0.666969454876
2014-06,2014-06-30T23:59:59Z,6821.0,USD_PER_METRIC_TON,1279.0,USD_PER_TROY_OUNCE,6.821,USD_PER_KILOGRAM,41120.80486127519,USD_PER_KILOGRAM,0.000165877103,-0.241899185451,3.720832807133,-9.674083778853,0.000164027647,0.000166707078,0.000168662904,0.000158964923,-1.65169756619,2.318809337652,50.933145650258,0.57313388612
2014-07,2014-07-31T23:59:59Z,7113.0,USD_PER_METRIC_TON,1311.0,USD_PER_TROY_OUNCE,7.113,USD_PER_KILOGRAM,42149.62875147128,USD_PER_KILOGRAM,0.000168755935,1.73552063774,1.489423242003,-7.427200143621,0.00016697079,0.000164450504,0.000168804715,0.000159830361,-0.028897362326,1.018666103005,52.726277342018,0.744641514108
2014-08,2014-08-31T23:59:59Z,7002.0,USD_PER_METRIC_TON,1295.0,USD_PER_TROY_OUNCE,7.002,USD_PER_KILOGRAM,41635.21680637323,USD_PER_KILOGRAM,0.000168174938,-0.344282343439,1.385263203178,-1.678070372993,0.000167602659,0.000163972128,0.000169029395,0.000160861839,-0.505507897368,1.629308202365,52.310790270846,0.631073729849
2014-09,2014-09-30T23:59:59Z,6872.0,USD_PER_METRIC_TON,1237.0,USD_PER_TROY_OUNCE,6.872,USD_PER_KILOGRAM,39770.47350539281,USD_PER_KILOGRAM,0.000172791506,2.745098582528,2.391365349359,11.608755113329,0.000169907459,0.000166967553,0.000169673449,0.000162054681,1.837680925096,4.682247546575,55.32338534274,0.952071020375
2014-10,2014-10-31T23:59:59Z,6737.0,USD_PER_METRIC_TON,1222.0,USD_PER_TROY_OUNCE,6.737,USD_PER_KILOGRAM,39288.21230686339,USD_PER_KILOGRAM,0.000171476369,-0.761111767385,1.963093546805,7.221982169859,0.000170814271,0.00016889253,0.000169787093,0.000163218891,0.994937700231,0.801664063869,54.271594216908,0.769240505208
2014-11,2014-11-30T23:59:59Z,6713.0,USD_PER_METRIC_TON,1175.0,USD_PER_TROY_OUNCE,6.713,USD_PER_KILOGRAM,37777.12721813787,USD_PER_KILOGRAM,0.000177700119,3.62950868339,2.840772298318,6.868434621785,0.000173989331,0.000170795995,0.000170232017,0.00016481976,4.387013816862,3.097614770549,58.310921365802,1.304264710046
2014-12,2014-12-31T23:59:59Z,6446.0,USD_PER_METRIC_TON,1201.0,USD_PER_TROY_OUNCE,6.446,USD_PER_KILOGRAM,38613.0466289222,USD_PER_KILOGRAM,0.000166938394,-6.056115658124,-2.646414218422,0.63980548878,0.000172038294,0.000170972877,0.000168839977,0.000165648664,-1.126263547177,-9.09617360908,50.074247952572,0.140836701195
2015-01,2015-01-31T23:59:59Z,5831.0,USD_PER_METRIC_TON,1251.0,USD_PER_TROY_OUNCE,5.831,USD_PER_KILOGRAM,40220.5839573536,USD_PER_KILOGRAM,0.000144975518,-13.156276096095,-18.415632457538,-14.091603140937,0.000163204677,0.000167009474,0.000165729989,0.000165452028,-12.523062981312,-20.472191715836,38.21144286912,-2.146218894134
2015-02,2015-02-28T23:59:59Z,5729.0,USD_PER_METRIC_TON,1227.0,USD_PER_TROY_OUNCE,5.729,USD_PER_KILOGRAM,39448.96603970653,USD_PER_KILOGRAM,0.000145225606,0.17250351066,-13.006467623573,-13.646106933704,0.000152379839,0.000163184585,0.000163578357,0.000165086092,-11.219546943818,-15.095186029175,38.390424826604,-1.961860109184
2015-03,2015-03-31T23:59:59Z,5940.0,USD_PER_METRIC_TON,1179.0,USD_PER_TROY_OUNCE,5.94,USD_PER_KILOGRAM,37905.730204412386,USD_PER_KILOGRAM,0.00015670454,7.904207733788,8.090346280279,-9.310044521857,0.000148968555,0.000160503424,0.000163735489,0.000165395078,-4.294089948049,1.217930321988,46.107040206803,-0.892030982057
2015-04,2015-04-30T23:59:59Z,6042.0,USD_PER_METRIC_TON,1199.0,USD_PER_TROY_OUNCE,6.042,USD_PER_KILOGRAM,38548.74513578495,USD_PER_KILOGRAM,0.00015673662,0.020471605125,7.926297457109,-8.595790638951,0.000152888922,0.000158046799,0.000163469665,0.000165625296,-4.118834770285,-1.994594936396,46.127348041,-0.939021926687
2015-05,2015-05-31T23:59:59Z,6295.0,USD_PER_METRIC_TON,1199.0,USD_PER_TROY_OUNCE,6.295,USD_PER_KILOGRAM,38548.74513578495,USD_PER_KILOGRAM,0.000163299738,4.187355180404,4.208684004347,-8.103753972444,0.000158913633,0.000155646736,0.000163221365,0.000165785501,0.048016384002,-1.791920394166,50.257101686304,-0.264658217116
2015-06,2015-06-30T23:59:59Z,5833.0,USD_PER_METRIC_TON,1182.0,USD_PER_TROY_OUNCE,5.833,USD_PER_KILOGRAM,38002.18244411827,USD_PER_KILOGRAM,0.000153491185,-6.006472518006,-2.070629675744,-8.055192873976,0.000157842514,0.000153405534,0.000162189206,0.000165426055,-5.362885269234,-7.466924951336,44.737509570339,-1.232138538897
2015-07,2015-07-31T23:59:59Z,5457.0,USD_PER_METRIC_TON,1128.0,USD_PER_TROY_OUNCE,5.457,USD_PER_KILOGRAM,36266.04212941236,USD_PER_KILOGRAM,0.000150471341,-1.967437652972,-7.855736569043,3.790862849699,0.000155754088,0.000154321505,0.000160665489,0.000164735102,-6.344952036491,-10.834933639635,43.165656272122,-1.40849518913
2015-08,2015-08-31T23:59:59Z,5127.0,USD_PER_METRIC_TON,1118.0,USD_PER_TROY_OUNCE,5.127,USD_PER_KILOGRAM,35944.53466372608,USD_PER_KILOGRAM,0.000142636427,-5.206914491341,-7.071909348053,-1.78286663184,0.000148866318,0.000153889975,0.00015853728,0.000163783338,-10.029724911242,-15.185681678478,39.306931097309,-1.914753767882
2015-09,2015-09-30T23:59:59Z,5217.0,USD_PER_METRIC_TON,1125.0,USD_PER_TROY_OUNCE,5.217,USD_PER_KILOGRAM,36169.589889706476,USD_PER_KILOGRAM,0.00014423719,1.122267732917,-4.143082279641,-7.95595959596,0.000145781653,0.000151812083,0.000156157754,0.000162915602,-7.633667790074,-16.525300737291,40.477677264036,-1.595386117723
2015-10,2015-10-31T23:59:59Z,5216.0,USD_PER_METRIC_TON,1159.0,USD_PER_TROY_OUNCE,5.216,USD_PER_KILOGRAM,37262.71527303983,USD_PER_KILOGRAM,0.000139979064,-2.952169212518,-1.863032722094,-10.69153829435,0.000142284227,0.000149019158,0.000153532978,0.000161660036,-8.828015164624,-18.368306685435,38.358064223692,-1.740013519355
2015-11,2015-11-30T23:59:59Z,4800.0,USD_PER_METRIC_TON,1086.0,USD_PER_TROY_OUNCE,4.8,USD_PER_KILOGRAM,34915.71077352999,USD_PER_KILOGRAM,0.000137473931,-1.789648510321,-4.688984270505,-15.814971980744,0.000140563395,0.000144714856,0.000150180796,0.000160206406,-8.46104550028,-22.637119533057,37.126321699144,-1.729584865054
2015-12,2015-12-31T23:59:59Z,4639.0,USD_PER_METRIC_TON,1076.0,USD_PER_TROY_OUNCE,4.639,USD_PER_KILOGRAM,34594.2033078437,USD_PER_KILOGRAM,0.00013409761,-2.455971189591,-4.201666448104,-12.634975848859,0.000137183535,0.000141482594,0.000147444064,0.000158142021,-9.051875856151,-19.672397048629,35.472995344835,-1.822792996019
2016-01,2016-01-31T23:59:59Z,4472.0,USD_PER_METRIC_TON,1098.0,USD_PER_TROY_OUNCE,4.472,USD_PER_KILOGRAM,35301.51973235352,USD_PER_KILOGRAM,0.000126680099,-5.53142734188,-7.851548269581,-15.811145458132,0.000132750547,0.000137517387,0.000145919446,0.000155824717,-13.184909746596,-12.619661447717,32.09180143519,-2.139473162434
2016-02,2016-02-29T23:59:59Z,4599.0,USD_PER_METRIC_TON,1200.0,USD_PER_TROY_OUNCE,4.599,USD_PER_KILOGRAM,38580.89588235357,USD_PER_KILOGRAM,0.000119204075,-5.901498211091,-11.106488467342,-16.4280280866,0.000126660595,0.000133611995,0.000143750985,0.000153664671,-17.075994347498,-17.918004887415,29.08290584334,-2.286587781846
2016-03,2016-03-31T23:59:59Z,4954.0,USD_PER_METRIC_TON,1245.0,USD_PER_TROY_OUNCE,4.954,USD_PER_KILOGRAM,40027.679477941834,USD_PER_KILOGRAM,0.000123764357,3.825609024487,-2.301657434748,-14.19386574475,0.000123216177,0.000130199856,0.00014100597,0.000152370729,-12.227576612187,-21.020567116953,33.197361029459,-1.765122941417
2016-04,2016-04-30T23:59:59Z,4873.0,USD_PER_METRIC_TON,1242.0,USD_PER_TROY_OUNCE,4.873,USD_PER_KILOGRAM,39931.22723823595,USD_PER_KILOGRAM,0.000122034817,-1.397445874022,2.374702334996,-12.819236364265,0.000121667749,0.000127209148,0.000138114153,0.000150791909,-11.642062486668,-22.140201093686,32.428908025585,-1.671127632312
2016-05,2016-05-31T23:59:59Z,4695.0,USD_PER_METRIC_TON,1261.0,USD_PER_TROY_OUNCE,4.695,USD_PER_KILOGRAM,40542.091423039885,USD_PER_KILOGRAM,0.00011580557,-5.104483378203,-6.430596859866,-15.761796193497,0.000120534914,0.000123597755,0.000134156305,0.000148688835,-13.678623205543,-29.084044522578,29.757163497991,-1.802785827312
2016-06,2016-06-30T23:59:59Z,4642.0,USD_PER_METRIC_TON,1276.0,USD_PER_TROY_OUNCE,4.642,USD_PER_KILOGRAM,41024.3526215693,USD_PER_KILOGRAM,0.000113152304,-2.29113877566,-7.278671355888,-15.619448305595,0.000116997563,0.00012010687,0.000130794732,0.000146491969,-13.488638379712,-26.280910633317,28.673550860902,-1.737503561861
2016-07,2016-07-31T23:59:59Z,4865.0,USD_PER_METRIC_TON,1337.0,USD_PER_TROY_OUNCE,4.865,USD_PER_KILOGRAM,42985.54816225561,USD_PER_KILOGRAM,0.000113177573,0.022331952061,-2.269318479612,-10.658758628441,0.000114045149,0.000117856449,0.000127686918,0.000144176204,-11.363219885639,-24.784632255799,28.700180475864,-1.572872783027
2016-08,2016-08-31T23:59:59Z,4752.0,USD_PER_METRIC_TON,1340.0,USD_PER_TROY_OUNCE,4.752,USD_PER_KILOGRAM,43082.00040196149,USD_PER_KILOGRAM,0.000110301285,-2.541393750671,-2.519629341444,-7.468528200485,0.000112210387,0.000116372651,0.000124992323,0.000141764801,-11.753552136381,-22.669624376654,27.444175387359,-1.560706359045
2016-09,2016-09-30T23:59:59Z,4722.0,USD_PER_METRIC_TON,1327.0,USD_PER_TROY_OUNCE,4.722,USD_PER_KILOGRAM,42664.040696569326,USD_PER_KILOGRAM,0.000110678687,0.342155541854,-2.207933728375,-10.573052033493,0.000111385848,0.000114191706,0.000122195781,0.000139176767,-9.425115886508,-23.266192967487,27.890096654214,-1.425130148782
2016-10,2016-10-31T23:59:59Z,4731.0,USD_PER_METRIC_TON,1267.0,USD_PER_TROY_OUNCE,4.731,USD_PER_KILOGRAM,40734.99590245165,USD_PER_KILOGRAM,0.000116140922,4.935219013789,5.294260681001,-4.829682620486,0.000112373631,0.00011320939,0.000120209269,0.000136871124,-3.384386746354,-17.029790553987,34.193904782398,-1.073084129596
2016-11,2016-11-30T23:59:59Z,5451.0,USD_PER_METRIC_TON,1238.0,USD_PER_TROY_OUNCE,5.451,USD_PER_KILOGRAM,39802.62425196144,USD_PER_KILOGRAM,0.000136950769,17.917755538778,23.73725503076,18.259224658962,0.000121256793,0.00011673359,0.000120165672,0.000135173234,13.968296008524,-0.380553311793,51.56568621946,0.10247975574
2016-12,2016-12-31T23:59:59Z,5660.0,USD_PER_METRIC_TON,1157.0,USD_PER_TROY_OUNCE,5.66,USD_PER_KILOGRAM,37198.41377990257,USD_PER_KILOGRAM,0.000152157026,11.10344743386,31.010691540214,34.470992557153,0.000135082906,0.000123234377,0.000121670623,0.000134557344,25.056501977199,13.467365388668,59.896677998368,1.07018385861
2017-01,2017-01-31T23:59:59Z,5755.0,USD_PER_METRIC_TON,1192.0,USD_PER_TROY_OUNCE,5.755,USD_PER_KILOGRAM,38323.689909804554,USD_PER_KILOGRAM,0.000150168212,-1.307079588304,9.65123695055,32.683718796775,0.000146425336,0.000129399484,0.000123627966,0.000134773706,21.467833490487,18.541281470987,58.47988476778,0.926575695137
2017-02,2017-02-28T23:59:59Z,5941.0,USD_PER_METRIC_TON,1234.0,USD_PER_TROY_OUNCE,5.941,USD_PER_KILOGRAM,39674.021265686926,USD_PER_KILOGRAM,0.000149745345,-0.281595737341,-1.58499464524,35.760290642787,0.000150690194,0.000135973494,0.000126173072,0.000134962029,18.682490982302,25.62099505107,58.164849573638,0.88222703657
2017-03,2017-03-31T23:59:59Z,5825.0,USD_PER_METRIC_TON,1231.0,USD_PER_TROY_OUNCE,5.825,USD_PER_KILOGRAM,39577.56902598104,USD_PER_KILOGRAM,0.000147179328,-1.713587345699,-1.990357694118,32.978924721416,0.000149030962,0.000142056934,0.00012812432,0.000134565145,14.872280298777,18.91899381704,56.186844587218,0.771751082577
2017-04,2017-04-30T23:59:59Z,5684.0,USD_PER_METRIC_TON,1267.0,USD_PER_TROY_OUNCE,5.684,USD_PER_KILOGRAM,40734.99590245165,USD_PER_KILOGRAM,0.00013953604,-5.193180470917,-6.817778133227,20.143732826041,0.000145486904,0.00014595612,0.000129582755,0.000133848454,7.681025634231,14.341171842138,50.660458469461,0.361754076098
2017-05,2017-05-31T23:59:59Z,5600.0,USD_PER_METRIC_TON,1246.0,USD_PER_TROY_OUNCE,5.6,USD_PER_KILOGRAM,40059.830224510464,USD_PER_KILOGRAM,0.000139790907,0.182653456578,-5.020012537976,2.073838631815,0.000142168758,0.000146429476,0.000131581533,0.000132868919,6.239001584312,20.711730145625,50.834114228523,0.475898112381
2017-06,2017-06-30T23:59:59Z,5720.0,USD_PER_METRIC_TON,1260.0,USD_PER_TROY_OUNCE,5.72,USD_PER_KILOGRAM,40509.940676471255,USD_PER_KILOGRAM,0.000141199911,1.007936507937,1.192430995387,-7.201189073981,0.000140175619,0.00014460329,0.000133918834,0.000132356783,5.436932756113,24.787482133454,51.843213912765,0.630896384904
2017-07,2017-07-31T23:59:59Z,5985.0,USD_PER_METRIC_TON,1237.0,USD_PER_TROY_OUNCE,5.985,USD_PER_KILOGRAM,39770.47350539281,USD_PER_KILOGRAM,0.000150488528,6.578344856437,7.6525869038,0.213304377691,0.000143826448,0.000144656676,0.00013702808,0.000132357499,9.823130960858,32.966738977452,57.967790450964,1.293438844658
2017-08,2017-08-31T23:59:59Z,6486.0,USD_PER_METRIC_TON,1283.0,USD_PER_TROY_OUNCE,6.486,USD_PER_KILOGRAM,41249.40784754969,USD_PER_KILOGRAM,0.000157238621,4.485453696595,11.35886716557,5.004012566806,0.000149642353,0.000145905556,0.000140939525,0.000132965924,11.564602871929,42.553752647283,61.772630319069,1.645775734464
2017-09,2017-09-30T23:59:59Z,6577.0,USD_PER_METRIC_TON,1314.0,USD_PER_TROY_OUNCE,6.577,USD_PER_KILOGRAM,42246.080991177165,USD_PER_KILOGRAM,0.00015568308,-0.989286842378,3.451792850976,5.777816972714,0.000154470076,0.000147322848,0.000144689891,0.000133442836,7.597759031467,40.662203604102,60.415385827518,1.45544657651
2017-10,2017-10-31T23:59:59Z,6808.0,USD_PER_METRIC_TON,1280.0,USD_PER_TROY_OUNCE,6.808,USD_PER_KILOGRAM,41152.95560784381,USD_PER_KILOGRAM,0.000165431617,6.261783487912,5.21054964539,18.558343596059,0.000159451106,0.000151638777,0.000148797449,0.000134503359,11.179068516729,42.440419573029,65.527263364326,1.871069249817
2017-11,2017-11-30T23:59:59Z,6827.0,USD_PER_METRIC_TON,1282.0,USD_PER_TROY_OUNCE,6.827,USD_PER_KILOGRAM,41217.25710098107,USD_PER_KILOGRAM,0.000165634506,0.122641803439,6.392104855549,18.48732449298,0.000162249734,0.000155946044,0.00015118776,0.000135676716,9.55549951367,20.944560402119,65.626752773496,1.696383349364
2017-12,2017-12-31T23:59:59Z,6834.0,USD_PER_METRIC_TON,1264.0,USD_PER_TROY_OUNCE,6.834,USD_PER_KILOGRAM,40638.54366274577,USD_PER_KILOGRAM,0.000168165475,1.528044825738,1.65256065091,19.097437372754,0.000166410533,0.000160440304,0.000152521797,0.00013709621,10.256683292013,10.521005725276,66.909721478728,1.651943756242
2018-01,2018-01-31T23:59:59Z,7066.0,USD_PER_METRIC_TON,1331.0,USD_PER_TROY_OUNCE,7.066,USD_PER_KILOGRAM,42792.64368284384,USD_PER_KILOGRAM,0.000165121839,-1.809905701967,-0.309517046658,9.723871411562,0.000166307273,0.00016287919,0.000153767933,0.00013869795,7.383792867424,9.957917232655,63.824587169246,1.356642115011
2018-02,2018-02-28T23:59:59Z,7007.0,USD_PER_METRIC_TON,1331.0,USD_PER_TROY_OUNCE,7.007,USD_PER_KILOGRAM,42792.64368284384,USD_PER_KILOGRAM,0.000163743097,-0.834984432494,-2.629777703606,4.136691105827,0.000165676803,0.000163963269,0.000154934412,0.000140553742,5.685428150809,9.347704215419,62.420522712931,1.179958714753
2018-03,2018-03-31T23:59:59Z,6799.0,USD_PER_METRIC_TON,1325.0,USD_PER_TROY_OUNCE,6.799,USD_PER_KILOGRAM,42599.73920343207,USD_PER_KILOGRAM,0.000159601916,-2.529072006161,-3.342939081117,2.517188257536,0.000162822284,0.000164616408,0.000155969628,0.000142046974,2.328843257324,8.440443760628,58.273859202891,0.891940311729
2018-04,2018-04-30T23:59:59Z,6852.0,USD_PER_METRIC_TON,1335.0,USD_PER_TROY_OUNCE,6.852,USD_PER_KILOGRAM,42921.24666911835,USD_PER_KILOGRAM,0.000159641216,0.024623581459,-2.505071172808,-3.500178243705,0.00016099541,0.000163651341,0.000157645059,0.000143613907,1.266234749713,14.408590247412,58.302168863998,0.820966955497
2018-05,2018-05-31T23:59:59Z,6825.0,USD_PER_METRIC_TON,1303.0,USD_PER_TROY_OUNCE,6.825,USD_PER_KILOGRAM,41892.42277892226,USD_PER_KILOGRAM,0.00016291729,2.052148282355,2.077277176218,-1.640488687585,0.000160720141,0.000163198472,0.000159572258,0.000145576895,2.096249328611,16.54355333845,60.696097771501,0.913185414848
2018-06,2018-06-30T23:59:59Z,6966.0,USD_PER_METRIC_TON,1282.0,USD_PER_TROY_OUNCE,6.966,USD_PER_KILOGRAM,41217.25710098107,USD_PER_KILOGRAM,0.000169006879,3.737840942209,5.866695263257,0.500343104154,0.000163855128,0.000163338706,0.000161889505,0.000147904169,4.396439500487,19.693333187873,64.747510496214,1.154292332903
2018-07,2018-07-31T23:59:59Z,6251.0,USD_PER_METRIC_TON,1238.0,USD_PER_TROY_OUNCE,6.251,USD_PER_KILOGRAM,39802.62425196144,USD_PER_KILOGRAM,0.000157049946,-7.07482037146,-3.601424961683,-4.888446207852,0.000162991372,0.000161993391,0.00016243629,0.000149732185,-3.315973210916,4.360078980434,53.160391284385,0.43413312677
2018-08,2018-08-31T23:59:59Z,6051.0,USD_PER_METRIC_TON,1202.0,USD_PER_TROY_OUNCE,6.051,USD_PER_KILOGRAM,38645.19737549083,USD_PER_KILOGRAM,0.000156578318,-0.300304696673,-7.353879050277,-4.375622001008,0.000160878381,0.000160799261,0.000162381265,0.000151660395,-3.573655489293,-0.419936861321,52.759324747135,0.333407020447
2018-09,2018-09-30T23:59:59Z,6051.0,USD_PER_METRIC_TON,1198.0,USD_PER_TROY_OUNCE,6.051,USD_PER_KILOGRAM,38516.59438921632,USD_PER_KILOGRAM,0.000157101117,0.333889816361,0.032582432888,-1.566897911187,0.000156909794,0.000160382461,0.000162499435,0.000153594663,-3.322053211769,0.91084857612,53.180992149924,0.291104523024
2018-10,2018-10-31T23:59:59Z,6220.0,USD_PER_METRIC_TON,1215.0,USD_PER_TROY_OUNCE,6.22,USD_PER_KILOGRAM,39063.15708088299,USD_PER_KILOGRAM,0.000159229322,1.354671846234,1.693084773935,-0.258012439371,0.000157636252,0.000160313812,0.000161982577,0.000155390013,-1.69972300126,-3.749159787807,54.944060881903,0.417068258053
2018-11,2018-11-30T23:59:59Z,6196.0,USD_PER_METRIC_TON,1221.0,USD_PER_TROY_OUNCE,6.196,USD_PER_KILOGRAM,39256.061560294766,USD_PER_KILOGRAM,0.000157835497,-0.875356502366,0.467457135776,-3.119247119247,0.000158055312,0.000159466847,0.000161332659,0.00015626021,-2.167671442157,-4.708564910703,53.522508685595,0.188194603732
2018-12,2018-12-31T23:59:59Z,6075.0,USD_PER_METRIC_TON,1250.0,USD_PER_TROY_OUNCE,6.075,USD_PER_KILOGRAM,40188.43321078498,USD_PER_KILOGRAM,0.000151162897,-4.227566171724,-5.065916398714,-10.558139534884,0.000156075905,0.00015649285,0.000159915778,0.000156218788,-5.473431521917,-10.110623353819,47.22350263075,-0.602382431547
2019-01,2019-01-31T23:59:59Z,5939.0,USD_PER_METRIC_TON,1292.0,USD_PER_TROY_OUNCE,5.939,USD_PER_KILOGRAM,41538.76456666735,USD_PER_KILOGRAM,0.000142974883,-5.416682592465,-9.41525492328,-8.962157386088,0.000150657759,0.000154147006,0.000158070198,0.000155919066,-9.549754141679,-13.412493351058,40.867528517585,-1.483451101289
2019-02,2019-02-28T23:59:59Z,6300.0,USD_PER_METRIC_TON,1320.0,USD_PER_TROY_OUNCE,6.3,USD_PER_KILOGRAM,42438.98547058893,USD_PER_KILOGRAM,0.000148448412,3.828315143351,-1.795735129068,-5.192229684049,0.000147528731,0.000152792021,0.000156795641,0.000155865027,-5.323635959138,-9.340659340659,46.090994418225,-0.845901547291
2019-03,2019-03-31T23:59:59Z,6439.0,USD_PER_METRIC_TON,1301.0,USD_PER_TROY_OUNCE,6.439,USD_PER_KILOGRAM,41828.121285785,USD_PER_KILOGRAM,0.000153939498,3.698986127887,7.668910117323,-2.012473783245,0.000148454264,0.000152265085,0.000156323773,0.0001561467,-1.525215752329,-3.547838284759,50.787587162434,-0.256921838829
2019-04,2019-04-30T23:59:59Z,6438.0,USD_PER_METRIC_TON,1286.0,USD_PER_TROY_OUNCE,6.438,USD_PER_KILOGRAM,41345.86008725558,USD_PER_KILOGRAM,0.000155710874,1.15069595585,4.892246167518,-2.209673305896,0.000152699595,0.000151678677,0.000155996244,0.000156820652,-0.182934358741,-2.461984513268,52.233306013405,-0.141099443218
2019-05,2019-05-31T23:59:59Z,6018.0,USD_PER_METRIC_TON,1284.0,USD_PER_TROY_OUNCE,6.018,USD_PER_KILOGRAM,41281.55859411832,USD_PER_KILOGRAM,0.00014577938,-6.37816353253,-5.300860846506,-7.638407051882,0.000151809917,0.000149669324,0.000154568085,0.000157070172,-5.685976933934,-10.519393379206,44.364122043342,-1.525293268496
2019-06,2019-06-30T23:59:59Z,5882.0,USD_PER_METRIC_TON,1359.0,USD_PER_TROY_OUNCE,5.882,USD_PER_KILOGRAM,43692.86458676542,USD_PER_KILOGRAM,0.000134621524,-7.65393297664,-13.54391614725,-10.942747178541,0.000145370592,0.000146912428,0.000151702639,0.000156796072,-11.259603315253,-20.345536197365,37.524289010334,-2.745703915025
2019-07,2019-07-31T23:59:59Z,5941.0,USD_PER_METRIC_TON,1413.0,USD_PER_TROY_OUNCE,5.941,USD_PER_KILOGRAM,45429.00490147134,USD_PER_KILOGRAM,0.000130775482,-2.856929377546,-10.292194894439,-8.532548472576,0.000137058795,0.000144879195,0.0001495131,0.000155974695,-12.532425906608,-16.730005435507,35.492988779577,-2.640114196328
2019-08,2019-08-31T23:59:59Z,5709.0,USD_PER_METRIC_TON,1500.0,USD_PER_TROY_OUNCE,5.709,USD_PER_KILOGRAM,48226.11985294197,USD_PER_KILOGRAM,0.000118379833,-9.47857263087,-12.064705882353,-20.255238095238,0.000127925613,0.000139867765,0.000146329893,0.000154355579,-19.100718129117,-24.395769294332,29.879042315059,-2.964160069425
2019-09,2019-09-30T23:59:59Z,5759.0,USD_PER_METRIC_TON,1511.0,USD_PER_TROY_OUNCE,5.759,USD_PER_KILOGRAM,48579.77806519688,USD_PER_KILOGRAM,0.000118547269,0.141439567536,-9.350539515472,-22.990999687645,0.000122567528,0.00013396906,0.000143117072,0.000152808254,-17.167626048535,-24.54078562967,30.040010292151,-2.433204129196
2019-10,2019-10-31T23:59:59Z,5757.0,USD_PER_METRIC_TON,1495.0,USD_PER_TROY_OUNCE,5.757,USD_PER_KILOGRAM,48065.36612009883,USD_PER_KILOGRAM,0.000119774392,1.035134188686,1.178037845542,-23.07898026039,0.000118900498,0.000127979646,0.000139829162,0.000150905869,-14.342337079964,-24.778683500199,31.285004740603,-2.037424041814
2019-11,2019-11-30T23:59:59Z,5860.0,USD_PER_METRIC_TON,1471.0,USD_PER_TROY_OUNCE,5.86,USD_PER_KILOGRAM,47293.74820245176,USD_PER_KILOGRAM,0.000123906441,3.449859816566,4.520704683675,-15.00413782446,0.0001207427,0.000124334157,0.00013700174,0.0001491672,-9.558491489141,-21.496467754684,35.450552413346,-1.591957993724
2019-12,2019-12-31T23:59:59Z,6077.0,USD_PER_METRIC_TON,1479.0,USD_PER_TROY_OUNCE,6.077,USD_PER_KILOGRAM,47550.95417500078,USD_PER_KILOGRAM,0.000127799749,3.142135517264,6.700394604423,-5.067373007898,0.00012382686,0.000123197194,0.000135054811,0.000147485295,-5.371939217706,-15.455610369591,39.191023771774,-1.237764546049
2020-01,2020-01-31T23:59:59Z,6031.0,USD_PER_METRIC_TON,1561.0,USD_PER_TROY_OUNCE,6.031,USD_PER_KILOGRAM,50187.315393628276,USD_PER_KILOGRAM,0.000120169807,-5.970232328087,-3.015689601266,-8.109834254215,0.000123958665,0.000121429582,0.000133154388,0.000145612293,-9.751523373473,-15.950407188004,34.92032269598,-1.555420760123
2020-02,2020-02-29T23:59:59Z,5688.0,USD_PER_METRIC_TON,1597.0,USD_PER_TROY_OUNCE,5.688,USD_PER_KILOGRAM,51344.74227009888,USD_PER_KILOGRAM,0.000110780574,-7.813304813047,-13.317064691294,-6.419386586318,0.000119583376,0.000120163038,0.000130015402,0.000143405521,-14.794268844568,-25.374362644244,30.513742973891,-1.885027292767
2020-03,2020-03-31T23:59:59Z,5183.0,USD_PER_METRIC_TON,1592.0,USD_PER_TROY_OUNCE,5.183,USD_PER_KILOGRAM,51183.98853725574,USD_PER_KILOGRAM,0.000101262136,-8.59215424874,-15.734127860326,-14.58079379359,0.000110737505,0.000117282183,0.000125625621,0.000140974697,-19.393723464885,-34.219523225695,26.81898535325,-2.10266510159
2020-04,2020-04-30T23:59:59Z,5058.0,USD_PER_METRIC_TON,1683.0,USD_PER_TROY_OUNCE,5.058,USD_PER_KILOGRAM,54109.70647500089,USD_PER_KILOGRAM,9.3476759e-05,-7.688339398342,-15.61989966681,-21.955972687052,0.000101839823,0.000112899244,0.000120439445,0.000138217845,-22.386923188917,-39.96773834502,24.234235965484,-2.161142907815
2020-05,2020-05-31T23:59:59Z,5240.0,USD_PER_METRIC_TON,1716.0,USD_PER_TROY_OUNCE,5.24,USD_PER_KILOGRAM,55170.68111176561,USD_PER_KILOGRAM,9.4977983e-05,1.605985947623,-6.205827101062,-23.347017033024,9.6572293e-05,0.000108077835,0.000116205996,0.00013538704,-18.267571008242,-34.848136243949,25.720834012292,-1.857883151885
2020-06,2020-06-30T23:59:59Z,5755.0,USD_PER_METRIC_TON,1732.0,USD_PER_TROY_OUNCE,5.755,USD_PER_KILOGRAM,55685.09305686366,USD_PER_KILOGRAM,0.000103349024,8.813664651023,10.561196814412,-19.132060420903,9.7267922e-05,0.000104002714,0.000113599954,0.000132651296,-9.023709821889,-23.229940563177,33.550303105996,-1.364368470023
2020-07,2020-07-31T23:59:59Z,6372.0,USD_PER_METRIC_TON,1847.0,USD_PER_TROY_OUNCE,6.372,USD_PER_KILOGRAM,59382.42891225588,USD_PER_KILOGRAM,0.000107304469,3.827269148035,12.978256467058,-10.705965397872,0.000101877158,0.000101858491,0.000111644036,0.000130578568,-3.886967290907,-17.947563603006,36.933036858971,-1.086434027681
2020-08,2020-08-31T23:59:59Z,6499.0,USD_PER_METRIC_TON,1969.0,USD_PER_TROY_OUNCE,6.499,USD_PER_KILOGRAM,63304.81999362849,USD_PER_KILOGRAM,0.000102662009,-4.326436731039,-0.66475196122,-7.328509263486,0.000104438501,0.000100505397,0.000110334217,0.000128332055,-6.95360755609,-13.277450509166,34.700261515033,-1.199244901357
2020-09,2020-09-30T23:59:59Z,6705.0,USD_PER_METRIC_TON,1922.0,USD_PER_TROY_OUNCE,6.705,USD_PER_KILOGRAM,61793.73490490297,USD_PER_KILOGRAM,0.000108506146,5.692599149569,1.119875717973,7.153720148496,0.000106157541,0.000101712732,0.000109497457,0.000126307265,-0.905328406733,-8.470142828517,39.646650484658,-0.852544699496
2020-10,2020-10-31T23:59:59Z,6714.0,USD_PER_METRIC_TON,1900.0,USD_PER_TROY_OUNCE,6.714,USD_PER_KILOGRAM,61086.41848039316,USD_PER_KILOGRAM,0.000109909865,1.293677145885,7.059920149659,17.579883873385,0.000107026007,0.000104451582,0.000108675413,0.000124252287,1.135906925112,-8.235923315323,40.806483658645,-0.719107731345
2020-11,2020-11-30T23:59:59Z,7069.0,USD_PER_METRIC_TON,1866.0,USD_PER_TROY_OUNCE,7.069,USD_PER_KILOGRAM,59993.29309705981,USD_PER_KILOGRAM,0.000117829838,7.205880052272,8.592778021553,24.060160526251,0.000112081949,0.000108260225,0.00010816903,0.000122585385,8.93121455352,-4.904186283009,46.995671054183,-0.254289124855
2020-12,2020-12-31T23:59:59Z,7772.0,USD_PER_METRIC_TON,1858.0,USD_PER_TROY_OUNCE,7.772,USD_PER_KILOGRAM,59736.087124510785,USD_PER_KILOGRAM,0.000130105609,10.418219546189,18.374824002542,25.889538651746,0.000119281771,0.000112719656,0.000108361185,0.000121707998,20.066617352119,1.804276053297,54.871868753452,0.47143485787
2021-01,2021-01-31T23:59:59Z,7972.0,USD_PER_METRIC_TON,1867.0,USD_PER_TROY_OUNCE,7.972,USD_PER_KILOGRAM,60025.44384362844,USD_PER_KILOGRAM,0.000132810347,2.078878459227,12.713680127397,23.769632205172,0.000126915265,0.000116970636,0.000109414563,0.000121284476,21.382696073002,10.518898208213,56.408836475229,0.661696322863
2021-02,2021-02-28T23:59:59Z,8471.0,USD_PER_METRIC_TON,1808.0,USD_PER_TROY_OUNCE,8.471,USD_PER_KILOGRAM,58128.54979607939,USD_PER_KILOGRAM,0.000145728734,9.72694391654,12.008033717588,41.950012391287,0.000136214897,0.000124148423,0.00011232691,0.000121171156,29.736262415031,31.547192583673,62.906829472574,1.423659946606
2021-03,2021-03-31T23:59:59Z,8988.0,USD_PER_METRIC_TON,1718.0,USD_PER_TROY_OUNCE,8.988,USD_PER_KILOGRAM,55234.98260490287,USD_PER_KILOGRAM,0.000162722962,11.66154911319,22.52280537177,49.966586192258,0.000147087348,0.000133184559,0.000117448645,0.000121537133,38.548181563322,60.694776084706,69.37442472734,2.285934463385
2021-04,2021-04-30T23:59:59Z,9325.0,USD_PER_METRIC_TON,1760.0,USD_PER_TROY_OUNCE,9.325,USD_PER_KILOGRAM,56585.31396078524,USD_PER_KILOGRAM,0.00016479541,1.273604705264,13.083675856666,49.936868686869,0.000157749036,0.00014233215,0.000123391866,0.000121915656,33.554515983712,76.295596085409,70.060018935707,2.279738213186
2021-05,2021-05-31T23:59:59Z,10162.0,USD_PER_METRIC_TON,1850.0,USD_PER_TROY_OUNCE,10.162,USD_PER_KILOGRAM,59478.88115196176,USD_PER_KILOGRAM,0.000170850557,3.674342438954,4.994743742407,44.997702186555,0.000166122977,0.000151168937,0.000129714581,0.000122960288,31.712685151844,79.884382092016,72.030166227841,2.312871344344
2021-06,2021-06-30T23:59:59Z,9632.0,USD_PER_METRIC_TON,1835.0,USD_PER_TROY_OUNCE,9.632,USD_PER_KILOGRAM,58996.61995343234,USD_PER_KILOGRAM,0.00016326359,-4.440703652599,-0.929527872541,25.485435735912,0.000166303186,0.000156695267,0.000134707461,0.000124153708,21.198624637624,57.973036123073,66.156020908319,1.76801560364
2021-07,2021-07-31T23:59:59Z,9451.0,USD_PER_METRIC_TON,1808.0,USD_PER_TROY_OUNCE,9.451,USD_PER_KILOGRAM,58128.54979607939,USD_PER_KILOGRAM,0.00016258792,-0.413852561888,-4.836178248655,22.42112465532,0.000165567356,0.000161658196,0.000139314416,0.000125479226,16.705740172503,51.520175727325,65.642607066597,1.586226369166
2021-08,2021-08-31T23:59:59Z,9370.0,USD_PER_METRIC_TON,1785.0,USD_PER_TROY_OUNCE,9.37,USD_PER_KILOGRAM,57389.08262500094,USD_PER_KILOGRAM,0.000163271472,0.420419993201,0.0048275124,12.037939954638,0.000163040994,0.000164581985,0.000144365204,0.000127349711,13.096139014078,59.037869648552,65.930667197658,1.465027884548
2021-09,2021-09-30T23:59:59Z,9325.0,USD_PER_METRIC_TON,1775.0,USD_PER_TROY_OUNCE,9.325,USD_PER_KILOGRAM,57067.57515931466,USD_PER_KILOGRAM,0.000163402772,0.080418476709,0.501176565264,0.417771426064,0.000163087388,0.000164695287,0.000148939923,0.00012921869,9.710525598153,50.593103738013,65.989653775857,1.342210806728
2021-10,2021-10-31T23:59:59Z,9829.0,USD_PER_METRIC_TON,1777.0,USD_PER_TROY_OUNCE,9.829,USD_PER_KILOGRAM,57131.876652451916,USD_PER_KILOGRAM,0.000172040559,5.286193406666,5.370862959589,4.396450927173,0.000166238268,0.000165902812,0.000154117481,0.000131396447,11.629490685991,56.528769540427,69.705626768304,1.5183167818
2021-11,2021-11-30T23:59:59Z,9729.0,USD_PER_METRIC_TON,1822.0,USD_PER_TROY_OUNCE,9.729,USD_PER_KILOGRAM,58578.66024804018,USD_PER_KILOGRAM,0.000166084372,-3.462083069445,1.641097930271,-2.789680933963,0.000167175901,0.000165108448,0.000158138692,0.000133153861,5.024500799317,40.952728933972,64.474446777064,1.193495588129
2021-12,2021-12-31T23:59:59Z,9551.0,USD_PER_METRIC_TON,1790.0,USD_PER_TROY_OUNCE,9.551,USD_PER_KILOGRAM,57549.836357844084,USD_PER_KILOGRAM,0.000165960507,-0.074579771012,-3.534080826832,1.65187851482,0.000168028479,0.000165557934,0.0001611266,0.000134743893,3.000067256289,27.558302688062,64.366264454718,1.102007571819
2022-01,2022-01-31T23:59:59Z,9782.0,USD_PER_METRIC_TON,1816.0,USD_PER_TROY_OUNCE,9.782,USD_PER_KILOGRAM,58385.75576862841,USD_PER_KILOGRAM,0.000167540865,0.952249389667,0.87695943324,3.046317733433,0.000166528581,0.000166383424,0.00016402081,0.000136717687,2.146102346633,26.150461085164,65.16927548029,1.067003635043
2022-02,2022-02-28T23:59:59Z,9943.0,USD_PER_METRIC_TON,1856.0,USD_PER_TROY_OUNCE,9.943,USD_PER_KILOGRAM,59671.78563137353,USD_PER_KILOGRAM,0.000166628163,-0.544763781471,0.402298098412,2.055895328083,0.000166709845,0.000166942873,0.000165762429,0.000139044669,0.522273653888,14.341322727846,64.268500061138,0.952671391235
2022-03,2022-03-31T23:59:59Z,10231.0,USD_PER_METRIC_TON,1948.0,USD_PER_TROY_OUNCE,10.231,USD_PER_KILOGRAM,62629.6543156873,USD_PER_KILOGRAM,0.000163357121,-1.963078665436,-2.497148305336,-0.027938189165,0.000165842049,0.000166935264,0.000165815276,0.000141631961,-1.482465911623,0.389716519128,61.013568411248,0.769651064126
2022-04,2022-04-30T23:59:59Z,10161.0,USD_PER_METRIC_TON,1937.0,USD_PER_TROY_OUNCE,10.161,USD_PER_KILOGRAM,62275.99610343239,USD_PER_KILOGRAM,0.000163160778,-0.120192071158,-2.080911271688,-5.161446065878,0.000164382021,0.000165455301,0.000165679056,0.000144535461,-1.519973628958,-0.991915582124,60.814472145531,0.698484514905
2022-05,2022-05-31T23:59:59Z,9377.0,USD_PER_METRIC_TON,1849.0,USD_PER_TROY_OUNCE,9.377,USD_PER_KILOGRAM,59446.73040539313,USD_PER_KILOGRAM,0.000157737859,-3.32366583245,-3.439863120806,-5.025465396174,0.000161418586,0.000164064215,0.000164586332,0.000147150456,-4.161021213898,-7.674951880137,55.434040268159,0.428976370891
2022-06,2022-06-30T23:59:59Z,9024.0,USD_PER_METRIC_TON,1837.0,USD_PER_TROY_OUNCE,9.024,USD_PER_KILOGRAM,59060.9214465696,USD_PER_KILOGRAM,0.000152791385,-3.135882635729,-6.35532220847,-7.935093538758,0.000157896674,0.000161869362,0.000163713648,0.000149210555,-6.671565070547,-6.414293129235,51.001614930191,0.156090889644
2022-07,2022-07-31T23:59:59Z,7545.0,USD_PER_METRIC_TON,1733.0,USD_PER_TROY_OUNCE,7.545,USD_PER_KILOGRAM,55717.243803432284,USD_PER_KILOGRAM,0.000135415887,-11.372040398522,-14.151309194066,-19.174413052791,0.000148648377,0.000156515199,0.000161449312,0.000150381864,-16.124828439905,-16.712208864466,39.157427930654,-0.698050360692
2022-08,2022-08-31T23:59:59Z,7982.0,USD_PER_METRIC_TON,1765.0,USD_PER_TROY_OUNCE,7.982,USD_PER_KILOGRAM,56746.067693628385,USD_PER_KILOGRAM,0.000140661729,3.87387478716,-7.938704217146,-15.583460284528,0.000142956334,0.00015218746,0.000159565166,0.000151965185,-11.846844640443,-13.847944588389,43.428909144611,-0.590674112248
2022-09,2022-09-30T23:59:59Z,7746.0,USD_PER_METRIC_TON,1681.0,USD_PER_TROY_OUNCE,7.746,USD_PER_KILOGRAM,54045.404981863634,USD_PER_KILOGRAM,0.000143323933,1.892628431818,5.839821274613,-12.263430984589,0.000139800516,0.000148848595,0.00015789193,0.000153415926,-9.226562042142,-12.287942993207,45.519285695422,-0.59414202309
2022-10,2022-10-31T23:59:59Z,7651.0,USD_PER_METRIC_TON,1664.0,USD_PER_TROY_OUNCE,7.651,USD_PER_KILOGRAM,53498.84229019695,USD_PER_KILOGRAM,0.000143012441,-0.217334567221,1.671180528786,-12.348763040055,0.000142332701,0.000145490539,0.00015547292,0.0001547952,-8.014565776478,-16.872834361818,45.308326292925,-0.808747726619
2022-11,2022-11-30T23:59:59Z,8050.0,USD_PER_METRIC_TON,1725.0,USD_PER_TROY_OUNCE,8.05,USD_PER_KILOGRAM,55460.037830883266,USD_PER_KILOGRAM,0.000145149558,1.494358035987,1.273775712196,-7.98051971135,0.000143828644,0.000143392489,0.000153728352,0.000155933522,-5.580488970592,-12.604926850995,47.119115107462,-0.85818199161
2022-12,2022-12-31T23:59:59Z,8375.0,USD_PER_METRIC_TON,1798.0,USD_PER_TROY_OUNCE,8.375,USD_PER_KILOGRAM,57807.04233039311,USD_PER_KILOGRAM,0.000144878542,-0.186715398061,1.30485244137,-5.178854410732,0.000144346847,0.000142073682,0.000151971522,0.000156549061,-4.66730860342,-12.703001007762,46.907017161973,-1.005093587849
2023-01,2023-01-31T23:59:59Z,9038.0,USD_PER_METRIC_TON,1898.0,USD_PER_TROY_OUNCE,9.038,USD_PER_KILOGRAM,61022.116987255904,USD_PER_KILOGRAM,0.000148110234,2.230621392511,2.039741080837,9.374340539133,0.000146046111,0.000144189406,0.000150352302,0.000157186556,-1.491210227346,-11.597547289607,49.808299565253,-0.850431376396
2023-02,2023-02-28T23:59:59Z,8937.0,USD_PER_METRIC_TON,1855.0,USD_PER_TROY_OUNCE,8.937,USD_PER_KILOGRAM,59639.6348848049,USD_PER_KILOGRAM,0.000149850012,1.174651024217,3.431474433761,6.532183936769,0.000147612929,0.000145720787,0.000148954123,0.000157358276,0.601452760802,-10.069216637258,51.349602324862,-0.713786352135
2023-03,2023-03-31T23:59:59Z,8856.0,USD_PER_METRIC_TON,1913.0,USD_PER_TROY_OUNCE,8.856,USD_PER_KILOGRAM,61504.378185785325,USD_PER_KILOGRAM,0.000143989749,-3.91075216005,-2.782038826135,0.464553547965,0.000147316665,0.000145831756,0.000147340176,0.000156577726,-2.273939382712,-11.855847640365,46.202856679997,-1.167326608517
2023-04,2023-04-30T23:59:59Z,8809.0,USD_PER_METRIC_TON,2000.0,USD_PER_TROY_OUNCE,8.809,USD_PER_KILOGRAM,64301.49313725596,USD_PER_KILOGRAM,0.000136995264,-4.857627597109,-8.578409980978,-4.207450006535,0.000143611675,0.000144828893,0.000145159716,0.000155419386,-5.62446161633,-16.036645015254,40.92984082268,-1.627788504443
2023-05,2023-05-31T23:59:59Z,8217.0,USD_PER_METRIC_TON,1992.0,USD_PER_TROY_OUNCE,8.217,USD_PER_KILOGRAM,64044.28716470693,USD_PER_KILOGRAM,0.000128301842,-6.345782722216,-10.895155826558,-11.607142857143,0.000136428952,0.00014202094,0.000142706715,0.000153646523,-10.09403997172,-18.661352244854,35.505949050731,-2.099816414008
2023-06,2023-06-30T23:59:59Z,8397.0,USD_PER_METRIC_TON,1943.0,USD_PER_TROY_OUNCE,8.397,USD_PER_KILOGRAM,62468.900582844166,USD_PER_KILOGRAM,0.000134418886,4.767697562345,-1.88063288803,-7.219603475161,0.000133238664,0.000140277664,0.000141175673,0.00015244466,-4.786084778642,-12.024565132883,41.391253261656,-1.444190186938
2023-07,2023-07-31T23:59:59Z,8477.0,USD_PER_METRIC_TON,1951.0,USD_PER_TROY_OUNCE,8.477,USD_PER_KILOGRAM,62726.106555393184,USD_PER_KILOGRAM,0.000135143092,0.538768483313,5.332152897504,-8.755061067406,0.000132621273,0.000138116474,0.00014115294,0.000151301126,-4.257685235587,-0.201449767141,42.065305489955,-1.266886003394
2023-08,2023-08-31T23:59:59Z,8349.0,USD_PER_METRIC_TON,1919.0,USD_PER_TROY_OUNCE,8.349,USD_PER_KILOGRAM,61697.28266519709,USD_PER_KILOGRAM,0.000135322005,0.13238777545,0.671869522373,-9.695032152285,0.000134961328,0.00013569514,0.000140707963,0.000150136565,-3.827756326428,-3.796145548432,42.242034136037,-1.149901435531
2023-09,2023-09-30T23:59:59Z,8277.0,USD_PER_METRIC_TON,1916.0,USD_PER_TROY_OUNCE,8.277,USD_PER_KILOGRAM,61600.83042549121,USD_PER_KILOGRAM,0.000134365072,-0.707152807419,-0.575701215841,-6.68427972119,0.00013494339,0.000134091027,0.000139961391,0.000148926661,-3.998473791557,-6.250778231825,41.512621917,-1.124967082934
2023-10,2023-10-31T23:59:59Z,7937.0,USD_PER_METRIC_TON,1916.0,USD_PER_TROY_OUNCE,7.937,USD_PER_KILOGRAM,61600.83042549121,USD_PER_KILOGRAM,0.000128845666,-4.107768515162,-4.785873122205,-5.948817291862,0.000132844247,0.00013273276,0.000138780827,0.000147126873,-7.158885938576,-9.905973784861,37.491423683989,-1.450479961383
2023-11,2023-11-30T23:59:59Z,8190.0,USD_PER_METRIC_TON,1984.0,USD_PER_TROY_OUNCE,8.19,USD_PER_KILOGRAM,63787.08119215791,USD_PER_KILOGRAM,0.000128395905,-0.349069486724,-4.442499035415,0.073313782991,0.000130535547,0.000132748437,0.000137384689,0.000145556521,-6.542784540813,-11.542338709677,37.17541055471,-1.373825913855
2023-12,2023-12-31T23:59:59Z,8400.0,USD_PER_METRIC_TON,2026.0,USD_PER_TROY_OUNCE,8.4,USD_PER_KILOGRAM,65137.41254804029,USD_PER_KILOGRAM,0.000128958147,0.43789708153,0.087299029711,-4.062478949082,0.000128733239,0.000131838314,0.000136057989,0.000144014756,-5.218247532755,-10.988787552858,37.880312423465,-1.23855175601
2024-01,2024-01-31T23:59:59Z,8339.0,USD_PER_METRIC_TON,2034.0,USD_PER_TROY_OUNCE,8.339,USD_PER_KILOGRAM,65394.618520589305,USD_PER_KILOGRAM,0.000127518138,-1.116647937444,-0.683640624644,-5.642133744046,0.00012829073,0.000130567489,0.000134341981,0.000142347142,-5.079457021395,-13.903222556656,36.743202319125,-1.284485774539
2024-02,2024-02-29T23:59:59Z,8305.0,USD_PER_METRIC_TON,2023.0,USD_PER_TROY_OUNCE,8.305,USD_PER_KILOGRAM,65040.960308334405,USD_PER_KILOGRAM,0.000127688767,0.133807182149,-0.984334910435,-5.640796192925,0.000128055017,0.000129295282,0.000132495211,0.000140724667,-3.627636273497,-14.788951340661,36.984585377191,-1.215418051865
2024-03,2024-03-31T23:59:59Z,8689.0,USD_PER_METRIC_TON,2158.0,USD_PER_TROY_OUNCE,8.689,USD_PER_KILOGRAM,69381.31109509918,USD_PER_KILOGRAM,0.000125235454,-1.92132211521,-1.790085800043,-6.794636095893,0.00012681412,0.000127773679,0.000130932353,0.000139136264,-4.351024611771,-13.024743334397,34.921224394748,-1.382048255745
2024-04,2024-04-30T23:59:59Z,9464.0,USD_PER_METRIC_TON,2331.0,USD_PER_TROY_OUNCE,9.464,USD_PER_KILOGRAM,74943.39025147182,USD_PER_KILOGRAM,0.000126281984,0.835649782594,-1.101727856695,-1.989730690751,0.000126402068,0.000127346399,0.00013003958,0.000137599648,-2.889578546745,-7.82018253922,36.54747246739,-1.252577445016
2024-05,2024-05-31T23:59:59Z,10139.0,USD_PER_METRIC_TON,2351.0,USD_PER_TROY_OUNCE,10.139,USD_PER_KILOGRAM,75586.40518284438,USD_PER_KILOGRAM,0.000134137878,6.22091442896,7.108549269455,4.472084463577,0.000128551772,0.000128303395,0.000130525916,0.000136616315,2.767237431604,4.548676900867,47.211381371056,-0.309141595169
2024-06,2024-06-30T23:59:59Z,9648.0,USD_PER_METRIC_TON,2326.0,USD_PER_TROY_OUNCE,9.648,USD_PER_KILOGRAM,74782.63651862869,USD_PER_KILOGRAM,0.000129013905,-3.819929633299,2.163350241927,0.043237931458,0.000129811256,0.000128312688,0.000130075501,0.000135625587,-0.816137958331,-4.020997549487,42.226565568504,-0.89314338001
2024-07,2024-07-31T23:59:59Z,9385.0,USD_PER_METRIC_TON,2398.0,USD_PER_TROY_OUNCE,9.385,USD_PER_KILOGRAM,77097.4902715699,USD_PER_KILOGRAM,0.000121728995,-5.646608837934,-9.250841986957,-4.539858684252,0.000128293593,0.00012734783,0.00012895766,0.0001350553,-5.605455861498,-9.925847529542,36.350170634755,-1.685395793375
2024-08,2024-08-31T23:59:59Z,8972.0,USD_PER_METRIC_TON,2470.0,USD_PER_TROY_OUNCE,8.972,USD_PER_KILOGRAM,79412.34402451111,USD_PER_KILOGRAM,0.000112979917,-7.187341329842,-12.428109117033,-11.51929840811,0.000121240939,0.000124896355,0.000127095819,0.000133901891,-11.106504100564,-16.510314454978,30.805494718279,-2.336453545616
2024-09,2024-09-30T23:59:59Z,9237.0,USD_PER_METRIC_TON,2571.0,USD_PER_TROY_OUNCE,9.237,USD_PER_KILOGRAM,82659.56942794254,USD_PER_KILOGRAM,0.000111747497,-1.090830489879,-8.199770109083,-10.770078666773,0.00011548547,0.000122648363,0.000125211021,0.000132586206,-10.752666756393,-16.832927110018,30.108797590261,-2.135699461119
2024-10,2024-10-31T23:59:59Z,9534.0,USD_PER_METRIC_TON,2690.0,USD_PER_TROY_OUNCE,9.534,USD_PER_KILOGRAM,86485.50826960926,USD_PER_KILOGRAM,0.000110238122,-1.35070165928,-2.426798283632,-12.704790919689,0.000111655179,0.000119974386,0.000123660392,0.00013122061,-10.854138682229,-14.441730486316,29.236695122934,-2.004057752377
2024-11,2024-11-30T23:59:59Z,9076.0,USD_PER_METRIC_TON,2651.0,USD_PER_TROY_OUNCE,9.076,USD_PER_KILOGRAM,85231.62915343278,USD_PER_KILOGRAM,0.00010648629,-3.403388551541,-4.708120585184,-20.614302388799,0.000109490636,0.000115365788,0.000121834591,0.00012960964,-12.597654531673,-17.064106939626,27.132910530705,-2.072923418492
2024-12,2024-12-31T23:59:59Z,8916.0,USD_PER_METRIC_TON,2648.0,USD_PER_TROY_OUNCE,8.916,USD_PER_KILOGRAM,85135.17691372689,USD_PER_KILOGRAM,0.000104727568,-1.651595323279,-4.99877366867,-18.824589289204,0.00010715066,0.000111318065,0.000119815376,0.000127936683,-12.592547835238,-18.78949072076,26.181841866794,-1.97772381899
2025-01,2025-01-31T23:59:59Z,8991.0,USD_PER_METRIC_TON,2710.0,USD_PER_TROY_OUNCE,8.991,USD_PER_KILOGRAM,87128.52320098183,USD_PER_KILOGRAM,0.000103192384,-1.465883299479,-3.093268162739,-15.227769837634,0.000104802081,0.00010822863,0.00011778823,0.000126065106,-12.391599978516,-19.076309290494,25.346654548521,-1.914265385808
2025-02,2025-02-28T23:59:59Z,9331.0,USD_PER_METRIC_TON,2895.0,USD_PER_TROY_OUNCE,9.331,USD_PER_KILOGRAM,93076.411316178,USD_PER_KILOGRAM,0.000100250964,-2.850422865775,-4.2745222925,-11.26656179232,0.000102723639,0.000106107138,0.000115501747,0.000123998479,-13.203940663108,-21.488031327238,23.781341341238,-1.988016657205
2025-03,2025-03-31T23:59:59Z,9740.0,USD_PER_METRIC_TON,2983.0,USD_PER_TROY_OUNCE,9.74,USD_PER_KILOGRAM,95905.67701421726,USD_PER_KILOGRAM,0.000101558117,1.303880637081,-1.583708340515,-9.118217479433,0.000101667155,0.000104408908,0.000113528635,0.000122230494,-10.544051509838,-18.906256950664,25.969336644528,-1.72332595984
2025-04,2025-04-30T23:59:59Z,9177.0,USD_PER_METRIC_TON,3218.0,USD_PER_TROY_OUNCE,9.177,USD_PER_KILOGRAM,103461.10245784484,USD_PER_KILOGRAM,8.8700002e-05,-12.660844479781,-11.522046142362,-19.537814550861,9.6836361e-05,0.000100819221,0.000110396803,0.000120218191,-19.65346875248,-29.760366981587,19.913562717986,-2.364993529265
2025-05,2025-05-31T23:59:59Z,9533.0,USD_PER_METRIC_TON,3309.0,USD_PER_TROY_OUNCE,9.533,USD_PER_KILOGRAM,106386.82039558998,USD_PER_KILOGRAM,8.9606964e-05,1.022505150627,-11.767797116073,-15.851173016524,9.3288361e-05,9.8006e-05,0.000106685894,0.000118605905,-16.008610931337,-33.197866667525,21.307485519225,-1.994812569404
2025-06,2025-06-30T23:59:59Z,9835.0,USD_PER_METRIC_TON,3353.0,USD_PER_TROY_OUNCE,9.835,USD_PER_KILOGRAM,107801.45324460961,USD_PER_KILOGRAM,9.1232536e-05,1.814113680924,2.855168237377,-12.885844312634,8.9846501e-05,9.5756828e-05,0.000103537446,0.000116806474,-11.884502142129,-29.284726333538,23.865272412954,-1.690365917906
2025-07,2025-07-31T23:59:59Z,9771.0,USD_PER_METRIC_TON,3340.0,USD_PER_TROY_OUNCE,9.771,USD_PER_KILOGRAM,107383.49353921745,USD_PER_KILOGRAM,9.0991638e-05,-0.264048415624,1.545275126868,-11.823300346254,9.061038e-05,9.372337e-05,0.000100976,0.00011496683,-9.887856237101,-25.250645219949,23.742114571887,-1.549961938391
2025-08,2025-08-31T23:59:59Z,9670.0,USD_PER_METRIC_TON,3368.0,USD_PER_TROY_OUNCE,9.67,USD_PER_KILOGRAM,108283.71444313903,USD_PER_KILOGRAM,8.9302441e-05,-1.856431521753,-2.115578059357,-10.921115501135,9.0508872e-05,9.1898616e-05,9.9002877e-05,0.000113049348,-9.798135653685,-20.957243067109,22.851593997692,-1.514755172751
2025-09,2025-09-30T23:59:59Z,9984.0,USD_PER_METRIC_TON,3668.0,USD_PER_TROY_OUNCE,9.984,USD_PER_KILOGRAM,117928.93841372743,USD_PER_KILOGRAM,8.4661154e-05,-5.197267741692,-6.957215546818,-16.637728151122,8.8318411e-05,8.9082456e-05,9.6745682e-05,0.000110978351,-12.491025592078,-24.238881394099,20.568755151172,-1.644413044586
2025-10,2025-10-31T23:59:59Z,10740.0,USD_PER_METRIC_TON,4058.0,USD_PER_TROY_OUNCE,10.74,USD_PER_KILOGRAM,130467.72957549234,USD_PER_KILOGRAM,8.2319207e-05,-2.766259430564,-7.81975726322,-7.193681162213,8.54276e-05,8.801899e-05,9.4419105e-05,0.000109039749,-12.815095731246,-25.32600762822,19.509667331248,-1.616339195234
2025-11,2025-11-30T23:59:59Z,10812.0,USD_PER_METRIC_TON,4087.0,USD_PER_TROY_OUNCE,10.812,USD_PER_KILOGRAM,131400.10122598254,USD_PER_KILOGRAM,8.2283042e-05,-0.043932731252,-2.808976868495,-8.173385377019,8.3087801e-05,8.6798336e-05,9.2402168e-05,0.00010711838,-10.951178587947,-22.728980936125,19.492975688569,-1.474176915452
2025-12,2025-12-31T23:59:59Z,11785.0,USD_PER_METRIC_TON,4309.0,USD_PER_TROY_OUNCE,11.785,USD_PER_KILOGRAM,138537.56696421796,USD_PER_KILOGRAM,8.5067179e-05,3.383610107367,3.33819086378,-6.757849374272,8.3223142e-05,8.5770777e-05,9.0763802e-05,0.000105289589,-6.276316393657,-18.772887737654,24.825188989254,-1.206666670248
2026-01,2026-01-31T23:59:59Z,13012.0,USD_PER_METRIC_TON,4753.0,USD_PER_TROY_OUNCE,13.012,USD_PER_KILOGRAM,152812.4984406888,USD_PER_KILOGRAM,8.5150103e-05,0.097480804165,3.484389281875,-6.419859297156,8.4166775e-05,8.4797188e-05,8.9260279e-05,0.000103524254,-4.604708723379,-17.484120396901,24.984556425932,-1.109908557846
2026-02,2026-02-28T23:59:59Z,12951.0,USD_PER_METRIC_TON,5020.0,USD_PER_TROY_OUNCE,12.951,USD_PER_KILOGRAM,161396.74777451245,USD_PER_KILOGRAM,8.0243253e-05,-5.762589053561,-5.670725667546,-10.144390380567,8.3486845e-05,8.3287323e-05,8.759297e-05,0.000101547358,-8.390761363179,-19.957625291354,22.011016830702,-1.300380884451
2026-03,2026-03-31T23:59:59Z,12529.0,USD_PER_METRIC_TON,4856.0,USD_PER_TROY_OUNCE,12.529,USD_PER_KILOGRAM,156124.02533725745,USD_PER_KILOGRAM,8.0250301e-05,0.008783582575,-5.754311632755,-5.210008171229,8.1881219e-05,8.2552181e-05,8.5817318e-05,9.9672977e-05,-6.487055943741,-20.980909326171,22.025372302163,-1.203602016833
2026-04,2026-04-30T23:59:59Z,12951.0,USD_PER_METRIC_TON,4721.0,USD_PER_TROY_OUNCE,12.951,USD_PER_KILOGRAM,151783.6745504927,USD_PER_KILOGRAM,8.5325382e-05,6.324064877808,6.333403939843,3.651851527526,8.1939645e-05,8.305321e-05,8.55361e-05,9.7966452e-05,-0.246349801789,-3.804532190094,31.764931281865,-0.821871356908
2026-05,2026-05-31T23:59:59Z,13543.0,USD_PER_METRIC_TON,4587.0,USD_PER_TROY_OUNCE,13.543,USD_PER_KILOGRAM,147475.47451029654,USD_PER_KILOGRAM,9.1832219e-05,7.62590971719,14.432242073036,11.60527939267,8.5802634e-05,8.4644739e-05,8.5721538e-05,9.6203716e-05,7.12852437233,2.483349806809,41.801975214197,-0.32536679012
2026-06,2026-06-30T23:59:59Z,13552.0,USD_PER_METRIC_TON,4228.0,USD_PER_TROY_OUNCE,13.552,USD_PER_KILOGRAM,135933.3564921591,USD_PER_KILOGRAM,9.9695912e-05,8.563109995976,16.842034750442,17.196683403249,9.2284504e-05,8.7082862e-05,8.6426819e-05,9.4982133e-05,15.352981159836,9.276708067215,51.153330032614,0.406184306955
2026-07,2026-07-31T23:59:59Z,13543.0,USD_PER_METRIC_TON,4073.0,USD_PER_TROY_OUNCE,13.543,USD_PER_KILOGRAM,130949.99077402176,USD_PER_KILOGRAM,0.00010342116,3.736610575996,12.619690645716,21.457469352168,9.831643e-05,9.0128038e-05,8.7462613e-05,9.4219306e-05,18.246136573637,13.660070713873,54.854145602194,0.888522798312
