timestamp_utc,timestamp_copenhagen,source_window_end_utc,btc_open,btc_high,btc_low,btc_close,btc_volume,btc_quote_volume,btc_trade_count,btc_taker_buy_base_volume,btc_taker_buy_quote_volume,btc_taker_sell_quote_volume,btc_taker_buy_quote_share,btc_return_1h_pct,btc_range_1h_pct,eth_open,eth_high,eth_low,eth_close,eth_volume,eth_quote_volume,eth_trade_count,eth_taker_buy_base_volume,eth_taker_buy_quote_volume,eth_taker_sell_quote_volume,eth_taker_buy_quote_share,eth_return_1h_pct,eth_range_1h_pct,ethbtc_open,ethbtc_high,ethbtc_low,ethbtc_close,ethbtc_return_1h_pct,ethbtc_range_1h_pct,derived_ethbtc_close,ethbtc_direct_minus_derived_bps,btc_open_interest,btc_open_interest_value,btc_oi_change_1h_pct,btc_open_interest_source,eth_open_interest,eth_open_interest_value,eth_oi_change_1h_pct,eth_open_interest_source,btc_long_short_ratio,btc_long_account,btc_short_account,btc_long_short_source,eth_long_short_ratio,eth_long_account,eth_short_account,eth_long_short_source,btc_funding_event_rate,btc_funding_source,eth_funding_event_rate,eth_funding_source,btc_price_oi_state,eth_price_oi_state,spot_status,derivatives_status,btc_return_4h_pct,eth_return_4h_pct,ethbtc_return_4h_pct,eth_minus_btc_return_4h_pct,btc_oi_change_4h_pct,eth_oi_change_4h_pct,btc_return_12h_pct,eth_return_12h_pct,ethbtc_return_12h_pct,eth_minus_btc_return_12h_pct,btc_oi_change_12h_pct,eth_oi_change_12h_pct,btc_return_24h_pct,eth_return_24h_pct,ethbtc_return_24h_pct,eth_minus_btc_return_24h_pct,btc_oi_change_24h_pct,eth_oi_change_24h_pct,btc_return_48h_pct,eth_return_48h_pct,ethbtc_return_48h_pct,eth_minus_btc_return_48h_pct,btc_oi_change_48h_pct,eth_oi_change_48h_pct,btc_return_72h_pct,eth_return_72h_pct,ethbtc_return_72h_pct,eth_minus_btc_return_72h_pct,btc_oi_change_72h_pct,eth_oi_change_72h_pct
2026-09-28T00:00:00Z,2026-09-28T02:00:00+02:00,2026-09-28T05:00:00Z,84472.01,84999,84140,84140,772.04412,65286816.7066,181224,396.97767,33581820.0579,31704996.6487,0.514373678361,-0.393029642959,1.02091751842,2688.65,2703.51,2672,2673.51,12518.1463,33637248.6599,151889,5061.7452,13608576.0414,20028672.6185,0.404568642906,-0.563107879419,1.17926646707,0.03183,0.03183,0.03173,0.03178,-0.125707102451,0.315159155373,0.0317745424293,1.71759222894,2815972.85,28159.7285,0.407139902179,OKX_CONTRACT_OI_HISTORY,5941374.25,594137.425,-1.08501356726,OKX_CONTRACT_OI_HISTORY,1.26,0.557522123894,0.442477876106,OKX_GLOBAL_ACCOUNT_RATIO,1.46,0.593495934959,0.406504065041,OKX_GLOBAL_ACCOUNT_RATIO,4.59235224734e-05,OKX_FUNDING_HISTORY,3.8297750662e-05,OKX_FUNDING_HISTORY,PRICE_DOWN_OI_UP,PRICE_DOWN_OI_DOWN,PASS,PASS,,,,,,,,,,,,,,,,,,,,,,,,,,,,,,
2026-09-28T01:00:00Z,2026-09-28T03:00:00+02:00,2026-09-28T05:00:00Z,84140,84238.87,83613.8,83694.43,1023.29324,85906544.3648,187237,385.68628,32377494.651,53529049.7139,0.37689206207,-0.529557879724,0.747567985189,2673.57,2679.67,2650,2657.38,19436.6644,51788860.0294,178857,6154.6216,16404410.2532,35384449.7761,0.316755577241,-0.603326712823,1.11962264151,0.03179,0.03183,0.03169,0.03173,-0.157331655129,0.441779741243,0.0317509779325,-6.60701931978,2835141.56,28351.4156,0.680713594238,OKX_CONTRACT_OI_HISTORY,5935617.23,593561.723,-0.0968971109673,OKX_CONTRACT_OI_HISTORY,1.26,0.557522123894,0.442477876106,OKX_GLOBAL_ACCOUNT_RATIO,1.46,0.593495934959,0.406504065041,OKX_GLOBAL_ACCOUNT_RATIO,,,,,PRICE_DOWN_OI_UP,PRICE_DOWN_OI_DOWN,PASS,PASS,,,,,,,,,,,,,,,,,,,,,,,,,,,,,,
2026-09-28T02:00:00Z,2026-09-28T04:00:00+02:00,2026-09-28T05:00:00Z,83694.42,83782.07,83389.07,83418.24,872.84472,72940843.4871,154228,283.64649,23706557.7179,49234285.7692,0.325010742741,-0.329998065582,0.471284785884,2657.38,2662.5,2648.36,2653.01,11667.1366,30968739.2437,113446,4420.5207,11737608.2642,19231130.9794,0.37901472746,-0.164447689077,0.533915328732,0.03175,0.0318,0.03173,0.03179,0.189095493224,0.220611408761,0.03180371583,-4.31265015963,2860209.44,28602.0944,0.884184421465,OKX_CONTRACT_OI_HISTORY,6061677.16,606167.716,2.1237880597,OKX_CONTRACT_OI_HISTORY,1.23,0.551569506726,0.448430493274,OKX_GLOBAL_ACCOUNT_RATIO,1.51,0.601593625498,0.398406374502,OKX_GLOBAL_ACCOUNT_RATIO,,,,,PRICE_DOWN_OI_UP,PRICE_DOWN_OI_UP,PASS,PASS,,,,,,,,,,,,,,,,,,,,,,,,,,,,,,
2026-09-28T03:00:00Z,2026-09-28T05:00:00+02:00,2026-09-28T05:00:00Z,83418.91,83536.48,83210,83338.6,696.19046,58057836.5459,131231,244.51012,20395653.7989,37662182.747,0.351298894557,-0.0954707267859,0.392356687898,2653.02,2658.02,2642,2652.08,10867.517,28811270.5944,102794,4852.9724,12867438.8739,15943831.7205,0.446611295109,-0.0350545229758,0.606358819076,0.03181,0.03184,0.03172,0.03182,0.0943692985216,0.378310214376,0.0318229487896,-0.926623631262,2889952.8,28899.528,1.03990146959,OKX_CONTRACT_OI_HISTORY,6074461.01,607446.101,0.21089625301,OKX_CONTRACT_OI_HISTORY,1.3,0.565217391304,0.434782608696,OKX_GLOBAL_ACCOUNT_RATIO,1.52,0.603174603175,0.396825396825,OKX_GLOBAL_ACCOUNT_RATIO,,,,,PRICE_DOWN_OI_UP,PRICE_DOWN_OI_UP,PASS,PASS,,,,,,,,,,,,,,,,,,,,,,,,,,,,,,
2026-09-28T04:00:00Z,2026-09-28T06:00:00+02:00,2026-09-28T05:00:00Z,83338.6,83526.01,83232,83490.21,488.21735,40732902.6366,92268,281.39246,23480338.5536,17252564.083,0.57644648512,0.181920502624,0.353241541715,2652.08,2660.3,2646.94,2658.63,8712.5974,23139437.0408,61389,3847.367,10219868.7795,12919568.2613,0.441664538403,0.246975958493,0.504733768049,0.03182,0.03186,0.03179,0.03184,0.0628535512256,0.220195029884,0.0318436137602,-1.13484614256,2901848.96,29018.4896,0.411638556865,OKX_CONTRACT_OI_HISTORY,6081807.75,608180.775,0.120944722304,OKX_CONTRACT_OI_HISTORY,1.33,0.570815450644,0.429184549356,OKX_GLOBAL_ACCOUNT_RATIO,1.53,0.604743083004,0.395256916996,OKX_GLOBAL_ACCOUNT_RATIO,,,,,PRICE_UP_OI_UP,PRICE_UP_OI_UP,PASS,PASS,-0.772272403138,-0.55657169788,0.188797986155,0.215700705257,3.04960717217,2.36365349313,,,,,,,,,,,,,,,,,,,,,,,,
2026-09-28T05:00:00Z,2026-09-28T07:00:00+02:00,2026-09-28T06:00:00Z,83490.2,83534.01,82705.02,83184.01,1445.71416,120139199.423,168058,536.11732,44540296.3964,75598903.0268,0.370739081084,-0.366749586568,1.00234544409,2658.62,2661.02,2635.69,2651.63,12900.0757,34142746.2743,105209,4479.9944,11858929.5884,22283816.6859,0.34733379363,-0.263293500788,0.961038665397,0.03184,0.0319,0.0318,0.03187,0.0942211055276,0.314465408805,0.0318766791839,-2.09531985986,2895076.47,28950.7647,-0.233385337878,OKX_CONTRACT_OI_HISTORY,6111142.12,611114.212,0.482329780977,OKX_CONTRACT_OI_HISTORY,1.34,0.57264957265,0.42735042735,OKX_GLOBAL_ACCOUNT_RATIO,1.53,0.604743083004,0.395256916996,OKX_GLOBAL_ACCOUNT_RATIO,,,,,PRICE_DOWN_OI_DOWN,PRICE_DOWN_OI_UP,PASS,PASS,-0.609861373093,-0.216378538259,0.441222817523,0.393482834833,2.11400061449,2.9571463792,,,,,,,,,,,,,,,,,,,,,,,,
2026-09-28T06:00:00Z,2026-09-28T08:00:00+02:00,2026-09-28T14:00:00Z,83184,83295.84,83046,83164.78,634.32079,52757381.9505,121907,301.24096,25055673.0525,27701708.898,0.474922600898,-0.0231174236491,0.300845314645,2651.64,2656.68,2646.21,2649.61,8237.9459,21838101.0431,69130,3231.4896,8567787.11333,13270313.9297,0.392332057464,-0.0761795574797,0.395660208373,0.03188,0.0319,0.03184,0.03186,-0.0313774709758,0.188442211055,0.0318597608266,0.0750706707775,2910145.64,29101.4564,0.520510257886,OKX_CONTRACT_OI_HISTORY,6125213.73,612521.373,0.230261540702,OKX_CONTRACT_OI_HISTORY,1.35,0.574468085106,0.425531914894,OKX_GLOBAL_ACCOUNT_RATIO,1.52,0.603174603175,0.396825396825,OKX_GLOBAL_ACCOUNT_RATIO,,,,,PRICE_DOWN_OI_UP,PRICE_DOWN_OI_UP,PASS,PASS,-0.303842421034,-0.128156320557,0.220195029884,0.175686100477,1.74589312592,1.04816816077,,,,,,,,,,,,,,,,,,,,,,,,
2026-09-28T07:00:00Z,2026-09-28T09:00:00+02:00,2026-09-28T14:00:00Z,83164.78,83291.66,82920,82966.01,1134.53116,94196573.5096,146006,601.7658,49958892.529,44237680.9805,0.530368469549,-0.23900742598,0.44821514713,2649.61,2656.51,2642.29,2644.31,12987.6078,34388685.5587,82309,5386.305,14263663.9284,20125021.6303,0.414777817083,-0.200029438295,0.538169542329,0.03187,0.0319,0.03186,0.03187,0.0313873195229,0.125549278092,0.031872208872,-0.69304015036,2894076.34,28940.7634,-0.552181986328,OKX_CONTRACT_OI_HISTORY,6130199.22,613019.922,0.0813929149212,OKX_CONTRACT_OI_HISTORY,1.32,0.568965517241,0.431034482759,OKX_GLOBAL_ACCOUNT_RATIO,1.52,0.603174603175,0.396825396825,OKX_GLOBAL_ACCOUNT_RATIO,,,,,PRICE_DOWN_OI_DOWN,PRICE_DOWN_OI_UP,PASS,PASS,-0.44707974456,-0.292977587403,0.157133878064,0.154102157157,0.142685375346,0.91758280954,,,,,,,,,,,,,,,,,,,,,,,,
2026-09-28T08:00:00Z,2026-09-28T10:00:00+02:00,2026-09-28T14:00:00Z,82966,83160.33,82784,82962,1994.51621,165464542.373,261891,1111.07194,92188026.3636,73276516.0095,0.557146715794,-0.00483330462679,0.454592674913,2644.31,2652.98,2640.1,2651.38,21713.2845,57502266.9589,110421,14018.7732,37129466.6623,20372800.2967,0.645704397859,0.267366534181,0.487860308322,0.03188,0.03197,0.03186,0.03196,0.282397238783,0.345260514752,0.0319589691666,0.322549012213,2908908.42,29089.0842,0.512497883867,OKX_CONTRACT_OI_HISTORY,6114694.79,611469.479,-0.252918860278,OKX_CONTRACT_OI_HISTORY,1.35,0.574468085106,0.425531914894,OKX_GLOBAL_ACCOUNT_RATIO,1.53,0.604743083004,0.395256916996,OKX_GLOBAL_ACCOUNT_RATIO,-7.6067766736e-06,OKX_FUNDING_HISTORY,-6.190806708e-06,OKX_FUNDING_HISTORY,PRICE_DOWN_OI_UP,PRICE_UP_OI_DOWN,PASS,PASS,-0.632661003009,-0.272696840102,0.376884422111,0.359964162907,0.24327455003,0.540744485059,,,,,,,,,,,,,,,,,,,,,,,,
2026-09-28T09:00:00Z,2026-09-28T11:00:00+02:00,2026-09-28T14:00:00Z,82962.01,83003.67,82597.55,82666.01,1165.04903,96435961.3727,163761,402.31962,33296764.364,63139197.0087,0.345273318065,-0.356777801885,0.491685286065,2651.38,2654.59,2637.38,2641.55,12458.3793,32936941.4539,85523,5742.9068,15184446.9542,17752494.4997,0.46101569496,-0.370750326245,0.652541537435,0.03196,0.032,0.03191,0.03195,-0.0312891113892,0.282043246631,0.031954487703,-1.40440461093,2914180.17,29141.8017,0.181227774782,OKX_CONTRACT_OI_HISTORY,6158457.83,615845.783,0.715702770179,OKX_CONTRACT_OI_HISTORY,1.34,0.57264957265,0.42735042735,OKX_GLOBAL_ACCOUNT_RATIO,1.55,0.607843137255,0.392156862745,OKX_GLOBAL_ACCOUNT_RATIO,,,,,PRICE_DOWN_OI_UP,PRICE_DOWN_OI_UP,PASS,PASS,-0.622715832045,-0.380143534354,0.251019767807,0.242572297691,0.659868580259,0.774253144026,,,,,,,,,,,,,,,,,,,,,,,,
2026-09-28T10:00:00Z,2026-09-28T12:00:00+02:00,2026-09-28T14:00:00Z,82666.01,83064.51,82666.01,82960,804.82256,66704527.1903,110979,458.82962,38037275.3745,28667251.8158,0.570235289518,0.355635889527,0.482060280882,2641.56,2659.69,2641.56,2656.6,9568.4612,25375318.2522,77164,3704.4515,9826904.62387,15548413.6283,0.387262320267,0.569741250402,0.686336861552,0.03195,0.03205,0.03195,0.03203,0.250391236307,0.312989045383,0.0320226615236,2.29165098246,2920042.83,29200.4283,0.201176991744,OKX_CONTRACT_OI_HISTORY,6093917.12,609391.712,-1.04800116818,OKX_CONTRACT_OI_HISTORY,1.4,0.583333333333,0.416666666667,OKX_GLOBAL_ACCOUNT_RATIO,1.52,0.603174603175,0.396825396825,OKX_GLOBAL_ACCOUNT_RATIO,,,,,PRICE_UP_OI_UP,PRICE_UP_OI_DOWN,PASS,PASS,-0.246234042824,0.263812410128,0.53358443189,0.510046452953,0.340092601001,-0.510947231877,,,,,,,,,,,,,,,,,,,,,,,,
2026-09-28T11:00:00Z,2026-09-28T13:00:00+02:00,2026-09-28T14:00:00Z,82960.01,83111,82960,83082.54,835.88182,69399669.7552,110650,309.85039,25726387.3033,43673282.4519,0.370698987388,0.147709739634,0.182015429122,2656.6,2669.53,2656.6,2669,8165.5762,21758454.5152,89896,4134.3247,11013698.3736,10744756.1416,0.506180177728,0.466762026651,0.48671233908,0.03203,0.03214,0.03203,0.03213,0.312207305651,0.343428036216,0.0321246798666,1.65608917197,2932464.32,29324.6432,0.425387253652,OKX_CONTRACT_OI_HISTORY,6021752.61,602175.261,-1.18420563619,OKX_CONTRACT_OI_HISTORY,1.43,0.588477366255,0.411522633745,OKX_GLOBAL_ACCOUNT_RATIO,1.49,0.598393574297,0.401606425703,OKX_GLOBAL_ACCOUNT_RATIO,,,,,PRICE_UP_OI_UP,PRICE_UP_OI_DOWN,PASS,PASS,0.140455109267,0.933702931956,0.815814245372,0.793247822689,1.32643287495,-1.76905523145,,,,,,,,,,,,,,,,,,,,,,,,
2026-09-28T12:00:00Z,2026-09-28T14:00:00+02:00,2026-09-28T14:00:00Z,83082.53,83631.43,83011.48,83579.75,1210.60365,100953437.13,159385,624.00868,52033196.6297,48920240.4999,0.515417781793,0.598453056442,0.746824415129,2668.99,2693.56,2664.82,2690.91,21422.7511,57478426.987,172791,9647.7087,25885883.2103,31592543.7767,0.450358239903,0.820906706632,1.07849685907,0.03213,0.03224,0.0321,0.03219,0.186741363212,0.436137071651,0.0321957172641,-1.77578402845,2909058.34,29090.5834,-0.798167597142,OKX_CONTRACT_OI_HISTORY,5856061.71,585606.171,-2.75153947249,OKX_CONTRACT_OI_HISTORY,1.45,0.591836734694,0.408163265306,OKX_GLOBAL_ACCOUNT_RATIO,1.37,0.57805907173,0.42194092827,OKX_GLOBAL_ACCOUNT_RATIO,,,,,PRICE_UP_OI_DOWN,PRICE_UP_OI_DOWN,PASS,PASS,0.744618017888,1.4909217087,0.719649561952,0.746303690807,0.00515382330255,-4.22969729287,-0.665854528167,0.650829808005,1.29011957206,1.31668433617,3.30562455529,-1.43590584283,,,,,,,,,,,,,,,,,,
2026-09-28T13:00:00Z,2026-09-28T15:00:00+02:00,2026-09-28T14:00:00Z,83579.75,83820,83310.71,83641.99,1176.20149,98304092.4695,200326,485.56248,40593238.4664,57710854.0032,0.412935386988,0.0744677987192,0.611313959514,2690.91,2698.68,2680.52,2690.65,12798.5502,34428851.2614,125247,6018.6209,16195311.1228,18233540.1386,0.470399404262,-0.00966215889791,0.67748048886,0.03219,0.03221,0.03214,0.03217,-0.0621310966139,0.217797137523,0.0321686511763,0.4192975675,2893118.84,28931.1884,-0.547926446879,OKX_CONTRACT_OI_HISTORY,5914262.24,591426.224,0.99385103645,OKX_CONTRACT_OI_HISTORY,1.44,0.590163934426,0.409836065574,OKX_GLOBAL_ACCOUNT_RATIO,1.31,0.5670995671,0.4329004329,OKX_GLOBAL_ACCOUNT_RATIO,,,,,PRICE_UP_OI_DOWN,PRICE_DOWN_OI_UP,PASS,PASS,1.18063034614,1.85875716909,0.688575899844,0.67812682295,-0.722718870193,-3.96520682192,-0.0626564993632,1.25198503789,1.38670028364,1.31464153726,2.04495185771,-0.359777074102,,,,,,,,,,,,,,,,,,
2026-09-28T14:00:00Z,2026-09-28T16:00:00+02:00,2026-09-28T15:00:00Z,83641.99,83642,82563,83020,1496.68398,124476911.224,318188,548.89865,45639360.7692,78837550.4551,0.366649206832,-0.743633670122,1.30688080617,2690.65,2690.65,2651.68,2667.13,18630.5129,49785916.7642,245106,7319.6122,19559812.2651,30226104.4991,0.392878418965,-0.874138219389,1.46963434502,0.03218,0.03218,0.03208,0.03213,-0.124339446689,0.311720698254,0.0321263550952,1.13455287144,2873331.74,28733.3174,-0.683936647414,OKX_CONTRACT_OI_HISTORY,5804490.67,580449.067,-1.85604840546,OKX_CONTRACT_OI_HISTORY,1.38,0.579831932773,0.420168067227,OKX_GLOBAL_ACCOUNT_RATIO,1.34,0.57264957265,0.42735042735,OKX_GLOBAL_ACCOUNT_RATIO,,,,,PRICE_DOWN_OI_DOWN,PRICE_DOWN_OI_DOWN,PASS,PASS,0.0723240115718,0.396371301664,0.312207305651,0.324047290092,-1.59967139934,-4.74943200409,-0.477401585073,0.532225660665,1.06951871658,1.00962724574,0.458788080918,-4.2428272442,,,,,,,,,,,,,,,,,,
2026-09-28T15:00:00Z,2026-09-28T17:00:00+02:00,2026-09-28T20:00:00Z,83020.01,83397.18,82792,83370,1411.06683,117195749.275,216215,687.06894,57073201.9304,60122547.345,0.486990375361,0.421585160202,0.730964344381,2667.13,2680.75,2654.05,2677.95,14242.4671,38018134.0341,177633,6156.4596,16443013.0115,21575121.0226,0.432504472648,0.405679513185,1.00600968331,0.03213,0.03217,0.03206,0.03212,-0.0311235605353,0.343106674984,0.0321212666427,-0.394331484903,2898400.74,28984.0074,0.872471481486,OKX_CONTRACT_OI_HISTORY,5819233.91,581923.391,0.253997134946,OKX_CONTRACT_OI_HISTORY,1.35,0.574468085106,0.425531914894,OKX_GLOBAL_ACCOUNT_RATIO,1.35,0.574468085106,0.425531914894,OKX_GLOBAL_ACCOUNT_RATIO,,,,,PRICE_UP_OI_UP,PRICE_UP_OI_UP,PASS,PASS,0.345993273677,0.335331584863,-0.0311235605353,-0.0106616888138,-1.16160253912,-3.36311889771,0.0376776187745,0.975460770414,0.942803268385,0.93778315164,0.292321037216,-4.20164191654,,,,,,,,,,,,,,,,,,
2026-09-28T16:00:00Z,2026-09-28T18:00:00+02:00,2026-09-28T20:00:00Z,83370,84188.9,83256,83723.1,1107.71891,92777249.0389,231462,616.90235,51671804.8585,41105444.1804,0.556944783271,0.423533645196,1.12051984241,2677.94,2698.86,2671,2687.35,16592.4821,44593473.347,169720,9791.6559,26321471.2236,18272002.1234,0.59025389251,0.35101476876,1.04305503557,0.03211,0.03214,0.03204,0.0321,-0.0622665006227,0.312109862672,0.0320980709028,0.601000986102,2820021.23,28200.2123,-2.70423302473,OKX_CONTRACT_OI_HISTORY,5826944.19,582694.419,0.13249647839,OKX_CONTRACT_OI_HISTORY,1.38,0.579831932773,0.420168067227,OKX_GLOBAL_ACCOUNT_RATIO,1.29,0.563318777293,0.436681222707,OKX_GLOBAL_ACCOUNT_RATIO,7.09507874477e-05,OKX_FUNDING_HISTORY,2.93116680404e-05,OKX_FUNDING_HISTORY,PRICE_UP_OI_DOWN,PRICE_UP_OI_UP,PASS,PASS,0.171512836542,-0.132297252602,-0.279589934762,-0.303810089145,-3.06068492253,-0.497220170175,0.278942884441,1.08025562038,0.816582914573,0.801312735935,-2.81984800477,-4.19058889193,,,,,,,,,,,,,,,,,,
2026-09-28T17:00:00Z,2026-09-28T19:00:00+02:00,2026-09-28T20:00:00Z,83723.1,84381.3,83563.11,83880.33,811.05402,68082242.5027,172543,418.44344,35132807.8556,32949434.6471,0.516034821477,0.187797632911,0.979128230148,2687.35,2721.42,2681.92,2695.71,22635.7215,61242874.1562,241996,14217.192,38476471.4214,22766402.7348,0.628260380519,0.311087130444,1.47282543849,0.03209,0.03229,0.03208,0.03213,0.0934579439252,0.654613466334,0.0321375702742,-2.35558387215,2811939.96,28119.3996,-0.286567700769,OKX_CONTRACT_OI_HISTORY,5745990.1,574599.01,-1.38930608155,OKX_CONTRACT_OI_HISTORY,1.38,0.579831932773,0.420168067227,OKX_GLOBAL_ACCOUNT_RATIO,1.27,0.559471365639,0.440528634361,OKX_GLOBAL_ACCOUNT_RATIO,,,,,PRICE_UP_OI_DOWN,PRICE_UP_OI_DOWN,PASS,PASS,0.284952569875,0.188058647539,-0.124339446689,-0.0968939223368,-2.80592967277,-2.84519240391,0.837083953995,1.66237370976,0.815814245372,0.82528975576,-2.87165160788,-5.97518455355,,,,,,,,,,,,,,,,,,
2026-09-28T18:00:00Z,2026-09-28T20:00:00+02:00,2026-09-28T20:00:00Z,83880.34,84045.23,83800,84041.19,431.21621,36192975.5233,85115,202.67212,17010834.8398,19182140.6835,0.470003767135,0.191773208331,0.292637231504,2695.71,2699.78,2687.54,2699.67,6146.4085,16558246.2533,86621,2935.1313,7909128.3341,8649117.91924,0.477654952891,0.146900074563,0.455435081896,0.03213,0.03214,0.03206,0.03212,-0.0311235605353,0.249532127261,0.0321231767423,-0.988925313093,2802640.13,28026.4013,-0.330726478242,OKX_CONTRACT_OI_HISTORY,5699536.16,569953.616,-0.808458406498,OKX_CONTRACT_OI_HISTORY,1.38,0.579831932773,0.420168067227,OKX_GLOBAL_ACCOUNT_RATIO,1.28,0.561403508772,0.438596491228,OKX_GLOBAL_ACCOUNT_RATIO,,,,,PRICE_UP_OI_DOWN,PRICE_UP_OI_DOWN,PASS,PASS,1.23005299928,1.22003801839,-0.0311235605353,-0.010014980883,-2.46026621347,-1.80816054271,1.05382350558,1.8893346568,0.816070307596,0.835511151223,-3.69416253683,-6.94959537355,,,,,,,,,,,,,,,,,,
2026-09-28T19:00:00Z,2026-09-28T21:00:00+02:00,2026-09-28T20:00:00Z,84041.19,84045.23,83118.1,83389.54,510.926,42653242.4346,127578,192.63528,16083073.7323,26570168.7023,0.37706567694,-0.775393589739,1.11543695056,2699.68,2700.31,2665,2673.5,9909.4311,26531062.4359,98427,3391.6664,9078913.73004,17452148.7058,0.342199403133,-0.969377738761,1.32495309568,0.03212,0.03213,0.03202,0.03206,-0.186799501868,0.343535290443,0.0320603759177,-0.117253039089,2773245.25,27732.4525,-1.048828199,OKX_CONTRACT_OI_HISTORY,5623480.44,562348.044,-1.33441946616,OKX_CONTRACT_OI_HISTORY,1.31,0.5670995671,0.4329004329,OKX_GLOBAL_ACCOUNT_RATIO,1.31,0.5670995671,0.4329004329,OKX_GLOBAL_ACCOUNT_RATIO,,,,,PRICE_DOWN_OI_DOWN,PRICE_DOWN_OI_DOWN,PASS,PASS,0.0234376874175,-0.166171885211,-0.186799501868,-0.189609572628,-4.31808784316,-3.36390447656,0.510486161743,1.10387965102,0.596171948541,0.593393489282,-4.17511757827,-8.26594310911,,,,,,,,,,,,,,,,,,
2026-09-28T20:00:00Z,2026-09-28T22:00:00+02:00,2026-09-28T21:00:00Z,83389.53,83613.8,83270,83548,281.2084,23481324.3559,68533,135.33392,11300737.1454,12180587.2105,0.481264896907,0.190023832725,0.412873784076,2673.49,2686.4,2670.96,2682.9,4918.4933,13187123.638,49319,2532.0281,6788121.45815,6399002.17981,0.514753758629,0.351599027492,0.578069308413,0.03205,0.03213,0.03205,0.03211,0.155957579538,0.249609984399,0.0321120792838,-0.647508293264,2800703.37,28007.0337,0.990107888943,OKX_CONTRACT_OI_HISTORY,5599516.87,559951.687,-0.426134139803,OKX_CONTRACT_OI_HISTORY,1.31,0.5670995671,0.4329004329,OKX_GLOBAL_ACCOUNT_RATIO,1.31,0.5670995671,0.4329004329,OKX_GLOBAL_ACCOUNT_RATIO,,,,,PRICE_UP_OI_UP,PRICE_UP_OI_DOWN,PASS,PASS,-0.209141801964,-0.165590637617,0.0311526479751,0.0435511643469,-0.685025339331,-3.90302897341,0.70634748439,1.18881488131,0.469336670839,0.482467396917,-3.719781938,-8.42524341268,,,,,,,,,,,,,,,,,,
2026-09-28T21:00:00Z,2026-09-28T23:00:00+02:00,2026-09-29T18:00:00Z,83548.01,83664.01,83214,83218.01,212.62495,17743798.5811,58864,94.42493,7881738.44519,9862060.13589,0.444196794118,-0.394970555848,0.540786406134,2682.9,2690,2674.32,2674.36,5906.6473,15841221.0625,53632,2721.3226,7300286.89021,8540934.17227,0.460841172623,-0.318312274032,0.586317269437,0.03211,0.03215,0.03211,0.03214,0.0934288383681,0.124571784491,0.0321367934657,0.997776664322,2789860.77,27898.6077,-0.387138463721,OKX_CONTRACT_OI_HISTORY,5600989.27,560098.927,0.0262951257079,OKX_CONTRACT_OI_HISTORY,1.31,0.5670995671,0.4329004329,OKX_GLOBAL_ACCOUNT_RATIO,1.31,0.5670995671,0.4329004329,OKX_GLOBAL_ACCOUNT_RATIO,,,,,PRICE_DOWN_OI_DOWN,PRICE_DOWN_OI_UP,PASS,PASS,-0.789601090029,-0.791999139373,0.0311235605353,-0.0023980493442,-0.785194218727,-2.52351339763,0.667747239766,1.24207378244,0.594679186228,0.574326542672,-4.2660162635,-9.05208049464,,,,,,,,,,,,,,,,,,
2026-09-28T22:00:00Z,2026-09-29T00:00:00+02:00,2026-09-29T18:00:00Z,83218.01,83544.01,83100,83544.01,266.26006,22176247.0254,54549,114.07631,9503661.27152,12672585.7539,0.428551380251,0.391742124091,0.534308062575,2674.37,2687.75,2667.86,2687.62,4747.0368,12704919.1131,62137,2692.6248,7208081.40033,5496837.71277,0.567345713591,0.495819560568,0.745541370237,0.03214,0.03217,0.0321,0.03217,0.0933416303671,0.218068535826,0.0321701101013,-0.0342247043872,2813204.03,28132.0403,0.836717740577,OKX_CONTRACT_OI_HISTORY,5615320.11,561532.011,0.255862657634,OKX_CONTRACT_OI_HISTORY,1.32,0.568965517241,0.431034482759,OKX_GLOBAL_ACCOUNT_RATIO,1.33,0.570815450644,0.429184549356,OKX_GLOBAL_ACCOUNT_RATIO,,,,,PRICE_UP_OI_UP,PRICE_UP_OI_UP,PASS,PASS,-0.591590861576,-0.446350850289,0.155666251557,0.145240011287,0.37692673729,-1.47759480133,0.703965766635,1.1676579086,0.437090227911,0.46369214197,-3.65880934698,-7.8536842654,,,,,,,,,,,,,,,,,,
2026-09-28T23:00:00Z,2026-09-29T01:00:00+02:00,2026-09-29T18:00:00Z,83544.01,83636.7,83455,83500.01,177.7345,14850429.5517,45964,73.5573,6146210.39251,8704219.15923,0.413874249973,-0.0526668518784,0.217722125696,2687.62,2694.41,2685.6,2688.71,4639.8877,12483600.1883,39080,2486.2155,6690136.66336,5793463.52494,0.535914044222,0.0405563286477,0.328045874293,0.03217,0.03222,0.03217,0.0322,0.0932545850171,0.155424308362,0.0322001159042,-0.0359949566908,2817085.62,28170.8562,0.137977550103,OKX_CONTRACT_OI_HISTORY,5659471.83,565947.183,0.786272538967,OKX_CONTRACT_OI_HISTORY,1.33,0.570815450644,0.429184549356,OKX_GLOBAL_ACCOUNT_RATIO,1.3,0.565217391304,0.434782608696,OKX_GLOBAL_ACCOUNT_RATIO,,,,,PRICE_DOWN_OI_UP,PRICE_UP_OI_UP,PASS,PASS,0.132474648499,0.568917149804,0.436681222707,0.436442501305,1.58083278066,0.640019830851,0.50247621221,0.738478831023,0.217864923747,0.236002618813,-3.93453039524,-6.01620165196,,,,,,,,,,,,,,,,,,
2026-09-29T00:00:00Z,2026-09-29T02:00:00+02:00,2026-09-29T18:00:00Z,83500.01,83620.01,83183,83185.69,543.35625,45365048.677,126199,274.74791,22943088.2457,22421960.4313,0.505743714926,-0.376431092643,0.525359748987,2688.71,2695.38,2677.23,2677.23,5865.9446,15765747.2648,76905,2860.743,7692384.18236,8073363.08248,0.487917512132,-0.426970554653,0.677939512108,0.0322,0.03223,0.03218,0.03219,-0.0310559006211,0.155376009944,0.0321837806478,1.93244921057,2817113.73,28171.1373,0.000997839746208,OKX_CONTRACT_OI_HISTORY,5699108.02,569910.802,0.700351396572,OKX_CONTRACT_OI_HISTORY,1.36,0.576271186441,0.423728813559,OKX_GLOBAL_ACCOUNT_RATIO,1.3,0.565217391304,0.434782608696,OKX_GLOBAL_ACCOUNT_RATIO,5.43754330817e-05,OKX_FUNDING_HISTORY,6.19488827078e-05,OKX_FUNDING_HISTORY,PRICE_DOWN_OI_UP,PRICE_DOWN_OI_UP,PASS,PASS,-0.433654904965,-0.211338477021,0.249143568982,0.222316427944,0.585937096223,1.77856683553,-0.471477840027,-0.508378206629,0,-0.0369003666019,-3.16063135399,-2.6801918725,-1.13419301165,0.13914292447,1.29011957206,1.27333593612,0.0405145951602,-4.07761268363,,,,,,,,,,,,
2026-09-29T01:00:00Z,2026-09-29T03:00:00+02:00,2026-09-29T18:00:00Z,83185.69,83241.99,82775.94,83068,755.14095,62664231.7234,223868,298.1335,24740351.3093,37923880.4141,0.394808180503,-0.141478660573,0.56302592275,2677.22,2681.24,2656.66,2665.61,11559.35,30814013.0378,140564,4759.9189,12688904.7331,18125108.3047,0.411790074779,-0.434030695906,0.925221895162,0.03219,0.03221,0.03209,0.0321,-0.279589934762,0.373948270489,0.0320894929455,3.27429744036,2822375.2,28223.752,0.186768107513,OKX_CONTRACT_OI_HISTORY,5737336.07,573733.607,0.67077251152,OKX_CONTRACT_OI_HISTORY,1.38,0.579831932773,0.420168067227,OKX_GLOBAL_ACCOUNT_RATIO,1.39,0.581589958159,0.418410041841,OKX_GLOBAL_ACCOUNT_RATIO,,,,,PRICE_DOWN_OI_UP,PRICE_DOWN_OI_UP,PASS,PASS,-0.18026146023,-0.327181082577,-0.124455507156,-0.146919622347,1.16544991598,2.43433424753,-0.686246226327,-0.930630145132,-0.217594031707,-0.244383918805,-2.44523795642,-2.99151716343,-0.748472747828,0.309703542587,1.16608887488,1.05817629042,-0.450290037722,-3.34053144461,,,,,,,,,,,,
2026-09-29T02:00:00Z,2026-09-29T04:00:00+02:00,2026-09-29T18:00:00Z,83068.01,83156.01,82891.32,82967.4,450.3598,37382004.0648,137359,178.64951,14828715.2406,22553288.8242,0.396680584993,-0.121105600231,0.319321733566,2665.61,2667.85,2652.2,2657.63,7544.3068,20058083.1722,116722,3466.4683,9218267.21413,10839815.9581,0.45957867135,-0.299368624818,0.590076163185,0.0321,0.03211,0.03199,0.03202,-0.249221183801,0.375117224133,0.032032219884,-3.81487264969,2832322.33,28323.2233,0.352438258386,OKX_CONTRACT_OI_HISTORY,5783425.97,578342.597,0.803332756486,OKX_CONTRACT_OI_HISTORY,1.38,0.579831932773,0.420168067227,OKX_GLOBAL_ACCOUNT_RATIO,1.43,0.588477366255,0.411522633745,OKX_GLOBAL_ACCOUNT_RATIO,,,,,PRICE_DOWN_OI_UP,PRICE_DOWN_OI_UP,PASS,PASS,-0.690187124128,-1.11585715242,-0.466272925085,-0.425670028297,0.679591661185,2.99370038942,-0.0633582269333,-0.356188112315,-0.342359165889,-0.292829885382,-1.42724243877,-0.36290350347,-0.540457338827,0.174141823815,0.723497955332,0.714599162642,-0.97500237605,-4.59033337896,,,,,,,,,,,,
2026-09-29T03:00:00Z,2026-09-29T05:00:00+02:00,2026-09-29T18:00:00Z,82967.41,83210.01,82866.01,83069.99,308.8323,25659478.0512,78429,147.93014,12292185.2351,13367292.8161,0.479050478367,0.123650976167,0.415127987941,2657.63,2669.32,2655.4,2665.2,4717.908,12568333.6214,91377,2483.7634,6617019.67737,5951313.94407,0.526483452515,0.284840252405,0.524214807562,0.03202,0.03209,0.03202,0.03208,0.187382885696,0.218613366646,0.0320837886221,-1.18085246886,2862117.44,28621.1744,1.05196748564,OKX_CONTRACT_OI_HISTORY,5780187.21,578018.721,-0.0560007168208,OKX_CONTRACT_OI_HISTORY,1.35,0.574468085106,0.425531914894,OKX_GLOBAL_ACCOUNT_RATIO,1.44,0.590163934426,0.409836065574,OKX_GLOBAL_ACCOUNT_RATIO,,,,,PRICE_UP_OI_UP,PRICE_UP_OI_DOWN,PASS,PASS,-0.5149939503,-0.874397015669,-0.372670807453,-0.359403065369,1.59852507429,2.13297960704,-0.359853664388,-0.476110457626,-0.124533001245,-0.116256793239,-1.25183862601,-0.670993821591,-0.322311629905,0.49470604205,0.817096165933,0.817017671955,-0.963176976454,-4.84444298046,,,,,,,,,,,,
2026-09-29T04:00:00Z,2026-09-29T06:00:00+02:00,2026-09-29T18:00:00Z,83070,83295.61,83024.43,83212.98,350.37336,29137716.8572,56452,179.48734,14927978.3805,14209738.4767,0.512324917345,0.172131957642,0.326626753114,2665.21,2673,2661.65,2668.07,4000.9183,10671261.9609,42566,1497.9869,3996446.35437,6674815.60656,0.374505505441,0.107684226325,0.4264272162,0.03208,0.0321,0.03204,0.03206,-0.0623441396509,0.187265917603,0.0320631468792,-0.981463005095,2870903.22,28709.0322,0.306967837071,OKX_CONTRACT_OI_HISTORY,5769134.91,576913.491,-0.191210069821,OKX_CONTRACT_OI_HISTORY,1.36,0.576271186441,0.423728813559,OKX_GLOBAL_ACCOUNT_RATIO,1.44,0.590163934426,0.409836065574,OKX_GLOBAL_ACCOUNT_RATIO,,,,,PRICE_UP_OI_UP,PRICE_UP_OI_DOWN,PASS,PASS,0.0328061232647,-0.342144679389,-0.40385212799,-0.374950802653,1.90938297688,1.22873421164,-0.609294209125,-0.717435391743,-0.1246105919,-0.108141182618,1.804312303,-0.992102860693,-0.332050907526,0.355070092491,0.690954773869,0.687121000017,-1.06641456625,-5.14111680035,,,,,,,,,,,,
2026-09-29T05:00:00Z,2026-09-29T07:00:00+02:00,2026-09-29T18:00:00Z,83212.98,83434.56,82971.1,83431.02,359.15809,29896809.4217,93711,180.36761,15014604.0927,14882205.329,0.502214262428,0.26202642905,0.558580035699,2668.06,2677.87,2656,2676.54,6429.9094,17159200.9508,74184,3378.6202,9019459.04621,8139741.90457,0.525633977484,0.31745793776,0.823418674699,0.03207,0.03209,0.03201,0.03209,0.093574547723,0.249921899406,0.0320808735168,2.84483624381,2845582.56,28455.8256,-0.881975394489,OKX_CONTRACT_OI_HISTORY,5770807.8,577080.78,0.0289972418066,OKX_CONTRACT_OI_HISTORY,1.4,0.583333333333,0.416666666667,OKX_GLOBAL_ACCOUNT_RATIO,1.44,0.590163934426,0.409836065574,OKX_GLOBAL_ACCOUNT_RATIO,,,,,PRICE_UP_OI_DOWN,PRICE_UP_OI_UP,PASS,PASS,0.437015457216,0.41003747735,-0.0311526479751,-0.0269779798654,0.822263460932,0.583401941103,-0.535655975602,-0.711129906407,-0.124494242141,-0.175473930804,1.19641957078,0.431913379036,0.296944088173,0.939422166743,0.690304361468,0.64247807857,-1.70958903894,-5.56907879603,,,,,,,,,,,,
2026-09-29T06:00:00Z,2026-09-29T08:00:00+02:00,2026-09-29T18:00:00Z,83431.01,84017.74,83420.01,84007.06,657.44864,55102919.6545,98245,361.53352,30297451.063,24805468.5915,0.549833860945,0.690438640208,0.716530722065,2676.54,2709,2676.27,2706.73,19073.4739,51410413.1,123608,12118.9856,32666609.9294,18743803.1706,0.635408431087,1.12794876968,1.22297077649,0.03208,0.03224,0.03208,0.03221,0.373948270489,0.498753117207,0.0322202681537,-3.18686163747,2811209.84,28112.0984,-1.20793262101,OKX_CONTRACT_OI_HISTORY,5810480.99,581048.099,0.687480702442,OKX_CONTRACT_OI_HISTORY,1.34,0.57264957265,0.42735042735,OKX_GLOBAL_ACCOUNT_RATIO,1.26,0.557522123894,0.442477876106,OKX_GLOBAL_ACCOUNT_RATIO,,,,,PRICE_UP_OI_DOWN,PRICE_UP_OI_UP,PASS,PASS,1.25309458896,1.84751075206,0.593379138039,0.594416163102,-0.745412687545,0.467802650891,-0.0406110384682,0.261513444236,0.280199252802,0.302124482704,0.305772757204,1.9465589284,1.01278449844,2.15578896517,1.0985561833,1.14300446673,-3.39968552227,-5.13831441438,,,,,,,,,,,,
2026-09-29T07:00:00Z,2026-09-29T09:00:00+02:00,2026-09-29T18:00:00Z,84007.07,84200,83873.74,83980.97,614.40314,51624057.0091,85986,230.42432,19360594.6135,32263462.3956,0.375030474844,-0.0310569135499,0.388989450095,2706.74,2719.96,2700.4,2712.36,29708.2581,80590845.2034,142428,14176.9336,38459844.3449,42131000.8584,0.477223489192,0.208000059112,0.724337135239,0.03221,0.03233,0.03218,0.03229,0.248370071406,0.466128029832,0.0322973168802,-2.26547619048,2804305.51,28043.0551,-0.245599951372,OKX_CONTRACT_OI_HISTORY,6017791.36,601779.136,3.56786934432,OKX_CONTRACT_OI_HISTORY,1.33,0.570815450644,0.429184549356,OKX_GLOBAL_ACCOUNT_RATIO,1.11,0.526066350711,0.473933649289,OKX_GLOBAL_ACCOUNT_RATIO,,,,,PRICE_DOWN_OI_DOWN,PRICE_UP_OI_UP,PASS,PASS,1.0966415188,1.76947321027,0.654613466334,0.672831691469,-2.01990069282,4.11066530144,0.709237633401,1.45352534131,0.717404865876,0.744287707912,1.11999687009,7.01186612467,1.22334435512,2.5734501628,1.31785378099,1.35010580769,-3.10188189438,-1.83367384918,,,,,,,,,,,,
2026-09-29T08:00:00Z,2026-09-29T10:00:00+02:00,2026-09-29T18:00:00Z,83980.97,84368.01,83800,83874.01,650.67911,54685602.3265,126712,300.50943,25269331.7059,29416270.6207,0.462083814218,-0.127362186934,0.677816229117,2712.35,2735,2706.33,2708.84,29023.6904,78909676.1089,135512,16187.2543,44021766.4798,34887909.629,0.557875391848,-0.129776283384,1.05936822191,0.03229,0.03242,0.03228,0.03229,0,0.433705080545,0.0322965361976,-2.02380760769,2793168.63,27931.6863,-0.397135046816,OKX_CONTRACT_OI_HISTORY,6043046.15,604304.615,0.419668753687,OKX_CONTRACT_OI_HISTORY,1.3,0.565217391304,0.434782608696,OKX_GLOBAL_ACCOUNT_RATIO,1.08,0.519230769231,0.480769230769,OKX_GLOBAL_ACCOUNT_RATIO,2.54900915325e-05,OKX_FUNDING_HISTORY,5.72899115064e-05,OKX_FUNDING_HISTORY,PRICE_DOWN_OI_DOWN,PRICE_DOWN_OI_UP,PASS,PASS,0.794383280108,1.52807085271,0.717404865876,0.733687572605,-2.7076701666,4.74787371544,0.390206827213,0.966864214097,0.560573030209,0.576657386884,-0.269030275777,7.92084907139,1.09931052771,2.16717332106,1.03254067584,1.06786279335,-3.97880487417,-1.1717451559,,,,,,,,,,,,
2026-09-29T09:00:00Z,2026-09-29T11:00:00+02:00,2026-09-29T18:00:00Z,83874.01,84328.94,83760.4,84258.01,883.3981,74260816.4085,157574,565.08681,47530543.3961,26730273.0125,0.640048759154,0.45782954696,0.678769442362,2708.83,2722,2702.78,2717.63,17500.8689,47391265.7013,98418,6198.0102,16792383.4759,30598882.2255,0.354334986149,0.324493140975,0.711119661978,0.03229,0.0323,0.03224,0.03225,-0.123877361412,0.186104218362,0.0322536694137,-1.13767326678,2821052.67,28210.5267,0.998294184623,OKX_CONTRACT_OI_HISTORY,6064937.75,606493.775,0.362261009706,OKX_CONTRACT_OI_HISTORY,1.3,0.565217391304,0.434782608696,OKX_GLOBAL_ACCOUNT_RATIO,1.1,0.52380952381,0.47619047619,OKX_GLOBAL_ACCOUNT_RATIO,,,,,PRICE_UP_OI_UP,PRICE_UP_OI_UP,PASS,PASS,0.991226045181,1.53519095549,0.498597693986,0.543964910307,-0.862034029334,5.09685923,1.24972947563,1.6179571935,0.34225264468,0.36822771787,1.11804504137,8.28333099092,1.92582174947,2.88012719805,0.93896713615,0.954305448575,-3.19566720544,-1.51856329265,,,,,,,,,,,,
2026-09-29T10:00:00Z,2026-09-29T12:00:00+02:00,2026-09-29T18:00:00Z,84258.01,84332.76,83987.99,84030.49,509.50694,42878541.5799,87285,275.31472,23173650.2718,19704891.3082,0.540448658418,-0.270027739796,0.410499167798,2717.63,2720.52,2709.78,2714.8,5002.3254,13577343.7055,60072,2254.9449,6120943.72873,7456399.97677,0.450820415355,-0.104134852795,0.396342138476,0.03225,0.0323,0.03224,0.0323,0.15503875969,0.186104218362,0.0323073208308,-2.26599749521,2832858.05,28328.5805,0.418474285345,OKX_CONTRACT_OI_HISTORY,6091976.78,609197.678,0.445825350804,OKX_CONTRACT_OI_HISTORY,1.29,0.563318777293,0.436681222707,OKX_GLOBAL_ACCOUNT_RATIO,1.07,0.51690821256,0.48309178744,OKX_GLOBAL_ACCOUNT_RATIO,,,,,PRICE_DOWN_OI_UP,PRICE_DOWN_OI_UP,PASS,PASS,0.0278905130117,0.298145733043,0.279416330332,0.270255220032,0.770067381381,4.84462113351,0.58230386595,1.01130368132,0.404103201741,0.428999815374,0.698634716516,8.48850396171,1.29036885246,2.19077015734,0.842959725258,0.900401304885,-2.98573634278,-0.0318406037002,,,,,,,,,,,,
2026-09-29T11:00:00Z,2026-09-29T13:00:00+02:00,2026-09-29T18:00:00Z,84030.5,84500,83936.92,84358.01,492.05356,41432799.5575,133342,274.09962,23078606.2489,18354193.3086,0.55701295822,0.389763287112,0.670837100051,2714.8,2738.51,2714.75,2732.47,15954.0448,43520529.5743,104603,10516.3924,28696818.7271,14823710.8472,0.659385788909,0.650876675998,0.875218712589,0.0323,0.03241,0.0323,0.03238,0.247678018576,0.340557275542,0.0323913520483,-3.50465403097,2827177.27,28271.7727,-0.200531756259,OKX_CONTRACT_OI_HISTORY,6102019.45,610201.945,0.164850759658,OKX_CONTRACT_OI_HISTORY,1.31,0.5670995671,0.4329004329,OKX_GLOBAL_ACCOUNT_RATIO,1.07,0.51690821256,0.48309178744,OKX_GLOBAL_ACCOUNT_RATIO,,,,,PRICE_UP_OI_DOWN,PRICE_UP_OI_UP,PASS,PASS,0.448958853416,0.741420755357,0.278724063177,0.292461901941,0.815594446413,1.39965121689,1.02754478712,1.62754629544,0.55900621118,0.600001508315,0.358230148504,7.81959223923,1.53518416746,2.37804421132,0.778089013383,0.842860043859,-3.59039492082,1.33294814979,,,,,,,,,,,,
2026-09-29T12:00:00Z,2026-09-29T14:00:00+02:00,2026-09-29T18:00:00Z,84358,84488.99,84133,84332.85,590.42788,49790957.4649,156274,292.37954,24657653.2576,25133304.2073,0.495223520756,-0.029825264963,0.423127666908,2732.47,2748.6,2729.63,2736.83,30201.375,82736997.9438,189248,15919.9828,43630920.1787,39106077.7651,0.527344734074,0.159562593551,0.694965984401,0.03239,0.03253,0.03235,0.03245,0.216182828907,0.556414219475,0.0324527156381,-0.836798412762,2832616.76,28326.1676,0.192400032984,OKX_CONTRACT_OI_HISTORY,6158541.34,615854.134,0.926281708263,OKX_CONTRACT_OI_HISTORY,1.29,0.563318777293,0.436681222707,OKX_GLOBAL_ACCOUNT_RATIO,1.03,0.507389162562,0.492610837438,OKX_GLOBAL_ACCOUNT_RATIO,,,,,PRICE_DOWN_OI_UP,PRICE_UP_OI_UP,PASS,PASS,0.547058618039,1.03328361956,0.495509445649,0.486225001518,1.41230749824,1.91120814128,1.37903526436,2.22618153838,0.80770425598,0.847146274023,0.550316085393,8.06149520921,0.901055578654,1.70648590997,0.80770425598,0.805430331317,-2.62770873134,5.16523979731,,,,,,,,,,,,
2026-09-29T13:00:00Z,2026-09-29T15:00:00+02:00,2026-09-29T18:00:00Z,84332.85,84563.99,84025.26,84200.01,856.91501,72223607.5197,177284,349.79237,29484078.2722,42739529.2475,0.408233253429,-0.157518689336,0.641152434399,2736.83,2740.72,2721.5,2726.83,18022.9556,49230258.3356,148900,6850.2937,18712208.9406,30518049.395,0.380095688572,-0.365386231516,0.706228182987,0.03246,0.03247,0.03236,0.03238,-0.215716486903,0.339925834363,0.0323851505481,-1.59040424229,2844412.46,28444.1246,0.416424140624,OKX_CONTRACT_OI_HISTORY,6149381.9,614938.19,-0.148727425771,OKX_CONTRACT_OI_HISTORY,1.27,0.559471365639,0.440528634361,OKX_GLOBAL_ACCOUNT_RATIO,1.01,0.502487562189,0.497512437811,OKX_GLOBAL_ACCOUNT_RATIO,,,,,PRICE_DOWN_OI_UP,PRICE_DOWN_OI_DOWN,PASS,PASS,-0.0688361854262,0.338530263502,0.403100775194,0.407366448928,0.828052246185,1.39233333434,1.36275099918,2.29666005155,0.872274143302,0.933909052364,0.78080547193,7.18183186365,0.667152945548,1.34465649564,0.65278209512,0.677503550094,-1.68352503625,3.97546896737,,,,,,,,,,,,
2026-09-29T14:00:00Z,2026-09-29T16:00:00+02:00,2026-09-29T18:00:00Z,84200.01,84288.01,83688,83752.01,1050.62321,88184135.3519,195505,364.06964,30560101.6912,57624033.6608,0.346548747903,-0.532066445123,0.71696061562,2726.83,2732.48,2707.97,2710.99,19399.6165,52688344.7428,168948,9471.9428,25721663.3108,26966681.4319,0.488185070843,-0.580894298508,0.905106038841,0.03238,0.03242,0.03233,0.03238,0,0.278379214352,0.0323692529887,3.32012954677,2791869.62,27918.6962,-1.84722998999,OKX_CONTRACT_OI_HISTORY,6048481.97,604848.197,-1.64081417679,OKX_CONTRACT_OI_HISTORY,1.23,0.551569506726,0.448430493274,OKX_GLOBAL_ACCOUNT_RATIO,1.04,0.509803921569,0.490196078431,OKX_GLOBAL_ACCOUNT_RATIO,,,,,PRICE_DOWN_OI_DOWN,PRICE_DOWN_OI_DOWN,PASS,PASS,-0.331403517937,-0.140341829969,0.247678018576,0.191061687968,-1.44689318266,-0.713968742343,0.945684690613,2.00780394562,1.12429731418,1.06211925501,-1.4282523416,4.58302745423,0.881727294628,1.64446427433,0.778089013383,0.762736979705,-2.83511015682,4.20349198356,,,,,,,,,,,,
2026-09-29T15:00:00Z,2026-09-29T17:00:00+02:00,2026-09-29T18:00:00Z,83752,83756.25,82910,83068,1492.11066,124180846.993,274235,670.32113,55790619.3009,68390227.6917,0.449269115584,-0.816708757199,1.02068508021,2710.99,2711.95,2668.5,2674.17,32271.8472,86660240.1559,296774,13112.0519,35201157.9749,51459082.1811,0.406197327765,-1.35817542669,1.62825557429,0.03236,0.03238,0.03218,0.03219,-0.586781964175,0.621504039776,0.0321925410507,-0.789329025453,2809447.45,28094.4745,0.629607839638,OKX_CONTRACT_OI_HISTORY,5774233.62,577423.362,-4.53416826503,OKX_CONTRACT_OI_HISTORY,1.38,0.579831932773,0.420168067227,OKX_GLOBAL_ACCOUNT_RATIO,1.28,0.561403508772,0.438596491228,OKX_GLOBAL_ACCOUNT_RATIO,,,,,PRICE_DOWN_OI_UP,PRICE_DOWN_OI_DOWN,PASS,PASS,-1.52920866673,-2.13360073487,-0.586781964175,-0.604392068137,-0.627120916263,-5.371759836,-0.00239557028959,0.336560108059,0.34289276808,0.338955678349,-1.84024559104,-0.102999951104,-0.36224061413,-0.141152747437,0.217932752179,0.221087866692,-3.06904731193,-0.773302649386,,,,,,,,,,,,
2026-09-29T16:00:00Z,2026-09-29T18:00:00+02:00,2026-09-29T18:00:00Z,83068,83290,82900,83061.27,684.06981,56833851.6206,162528,370.42052,30773756.4554,26060095.1651,0.54146878274,-0.00810179611884,0.470446320869,2674.16,2684.36,2668.4,2675.99,9982.3243,26707473.3395,162807,4856.7992,12997211.2296,13710262.1099,0.486650723726,0.0680585003945,0.598111227702,0.03219,0.03225,0.03217,0.03222,0.0931966449208,0.248678893379,0.032217060972,0.912258267036,2839476.6,28394.766,1.06886320298,OKX_CONTRACT_OI_HISTORY,5778144.97,577814.497,0.0677379936006,OKX_CONTRACT_OI_HISTORY,1.38,0.579831932773,0.420168067227,OKX_GLOBAL_ACCOUNT_RATIO,1.35,0.574468085106,0.425531914894,OKX_GLOBAL_ACCOUNT_RATIO,3.29384702947e-05,OKX_FUNDING_HISTORY,5.98415868892e-05,OKX_FUNDING_HISTORY,PRICE_DOWN_OI_UP,PRICE_UP_OI_UP,PASS,PASS,-1.50781101315,-2.22300983254,-0.708782742681,-0.715198819397,0.242173247609,-6.17672836795,-0.182315307059,0.296843785958,0.499064254523,0.479159093017,-1.09465967996,0.156176968307,-0.790498679576,-0.422721268164,0.373831775701,0.367777411412,0.689901543755,-0.837475328556,,,,,,,,,,,,
2026-09-29T17:00:00Z,2026-09-29T19:00:00+02:00,2026-09-29T18:00:00Z,83061.28,83218.01,82985,83078.01,383.29698,31858416.6792,106217,205.29414,17062604.4759,14795812.2034,0.535576034669,0.0201537973113,0.28078568416,2675.99,2680.57,2669.59,2673.76,5889.8614,15759051.7668,71801,2579.1104,6900928.48559,8858123.28124,0.437902520259,-0.0833336447445,0.411299113347,0.03222,0.03223,0.03216,0.03218,-0.124146492862,0.217661691542,0.0321837270777,-1.15806280295,2846571.34,28465.7134,0.249860837029,OKX_CONTRACT_OI_HISTORY,5784510.12,578451.012,0.110159056809,OKX_CONTRACT_OI_HISTORY,1.4,0.583333333333,0.416666666667,OKX_GLOBAL_ACCOUNT_RATIO,1.38,0.579831932773,0.420168067227,OKX_GLOBAL_ACCOUNT_RATIO,,,,,PRICE_UP_OI_UP,PRICE_DOWN_OI_UP,PASS,PASS,-1.33254140944,-1.94621593572,-0.617665225448,-0.613674526283,0.0758989784484,-5.93347080948,-0.423116006493,-0.103865438215,0.280461202867,0.319250568278,0.0347478935912,0.237441974761,-0.956505535922,-0.814256726428,0.155617802677,0.142248809494,1.23158319497,0.670380897454,,,,,,,,,,,,
2026-09-29T18:00:00Z,2026-09-29T20:00:00+02:00,2026-09-29T20:00:00Z,83078.01,83700,83078.01,83640,394.02033,32888003.5692,119462,243.58423,20326512.8855,12561490.6837,0.618052501812,0.676460594085,0.748681871412,2673.77,2697.92,2673.77,2695.86,7470.4582,20077222.3217,125775,4189.1546,11255200.5775,8822021.74422,0.560595504555,0.826551373347,0.903219050255,0.03218,0.03224,0.03217,0.03223,0.155376009944,0.217594031707,0.0322317073171,-0.529701097238,2806475.85,28064.7585,-1.40855384288,OKX_CONTRACT_OI_HISTORY,5675683.39,567568.339,-1.88134738711,OKX_CONTRACT_OI_HISTORY,1.44,0.590163934426,0.409836065574,OKX_GLOBAL_ACCOUNT_RATIO,1.39,0.581589958159,0.418410041841,OKX_GLOBAL_ACCOUNT_RATIO,,,,,PRICE_UP_OI_DOWN,PRICE_UP_OI_DOWN,PASS,PASS,-0.13374007382,-0.55809870195,-0.463248919086,-0.42435862813,0.523170204488,-6.16350651038,-0.436939466754,-0.401591588374,0.0620925178516,0.0353478783802,-0.168396892066,-2.31990432861,-0.477373059568,-0.141128360133,0.342465753425,0.336244699435,0.136860953318,-0.418503705045,,,,,,,,,,,,
2026-09-29T19:00:00Z,2026-09-29T21:00:00+02:00,2026-09-29T20:00:00Z,83640,83700,83398.5,83594.01,320.21817,26764611.7824,86260,130.75688,10928186.6031,15836425.1793,0.408307308619,-0.0549856527977,0.361517293477,2695.85,2700,2686.59,2690.01,7122.2516,19188050.3643,79851,3602.8153,9704551.4699,9483498.89443,0.505760162478,-0.216999399079,0.499145757261,0.03223,0.03227,0.03218,0.03218,-0.155134967422,0.279676817899,0.0321794587914,0.16818450489,2800246.26,28002.4626,-0.221971979556,OKX_CONTRACT_OI_HISTORY,5618250.79,561825.079,-1.01190633891,OKX_CONTRACT_OI_HISTORY,1.42,0.586776859504,0.413223140496,OKX_GLOBAL_ACCOUNT_RATIO,1.36,0.576271186441,0.423728813559,OKX_GLOBAL_ACCOUNT_RATIO,,,,,PRICE_DOWN_OI_DOWN,PRICE_DOWN_OI_DOWN,PASS,PASS,0.633228198584,0.592333322115,-0.0310655483069,-0.0408948764694,-0.327508884354,-2.70135987328,-0.460771053252,-0.824005662965,-0.340662743884,-0.363234609713,-0.144750633821,-6.63932240416,0.245198618436,0.617542547223,0.374298190892,0.372343928787,0.973625033704,-0.0929966780502,,,,,,,,,,,,
2026-09-29T20:00:00Z,2026-09-29T22:00:00+02:00,2026-09-29T23:00:00Z,83594.01,83654.85,83508,83616.39,204.262,17076128.4442,47418,79.3612,6634626.54224,10441501.9019,0.388532246283,0.0267722531794,0.175851415433,2690.01,2694.19,2686.74,2689.26,3271.8848,8804131.25541,29362,1780.1714,4790051.77064,4014079.48477,0.544068645921,-0.0278809372456,0.277287716712,0.03218,0.03221,0.03216,0.03216,-0.0621504039776,0.155472636816,0.0321618763977,-0.583422949065,2804431.75,28044.3175,0.149468639947,OKX_CONTRACT_OI_HISTORY,5625159.24,562515.924,0.122964428934,OKX_CONTRACT_OI_HISTORY,1.42,0.586776859504,0.413223140496,OKX_GLOBAL_ACCOUNT_RATIO,1.36,0.576271186441,0.423728813559,OKX_GLOBAL_ACCOUNT_RATIO,,,,,PRICE_UP_OI_UP,PRICE_DOWN_OI_UP,PASS,PASS,0.668325923743,0.495891240251,-0.186219739292,-0.172434683492,-1.23420104959,-2.64766167679,-0.307151166374,-0.72281862347,-0.40260142459,-0.415667457095,0.40323809594,-6.91516992635,0.0818571360176,0.237056916024,0.155714730614,0.155199780006,0.133122987602,0.457938972153,,,,,,,,,,,,
2026-09-29T21:00:00Z,2026-09-29T23:00:00+02:00,2026-09-29T23:00:00Z,83616.38,83616.39,83384,83503.99,344.15954,28732816.5408,54482,129.59444,10818558.942,17914257.5988,0.376522744531,-0.134423406703,0.278698551281,2689.25,2690.55,2676.96,2679.44,15446.8257,41450521.6462,41813,7436.5721,19956943.0541,21493578.5921,0.481464219545,-0.365156213977,0.507665411512,0.03217,0.03219,0.03208,0.03209,-0.217661691542,0.34289276808,0.0320875685102,0.757766921446,2822279.94,28222.7994,0.636428039299,OKX_CONTRACT_OI_HISTORY,5604347.88,560434.788,-0.36996925975,OKX_CONTRACT_OI_HISTORY,1.38,0.579831932773,0.420168067227,OKX_GLOBAL_ACCOUNT_RATIO,1.37,0.57805907173,0.42194092827,OKX_GLOBAL_ACCOUNT_RATIO,,,,,PRICE_DOWN_OI_UP,PRICE_DOWN_OI_DOWN,PASS,PASS,0.512746995264,0.212434923105,-0.279676817899,-0.300312072159,-0.853356445302,-3.11456348528,-0.894894147156,-1.40526856121,-0.496124031008,-0.510374414054,0.0435039732881,-7.59430498689,0.343651572538,0.189951988513,-0.155569383945,-0.153699584025,1.16203540867,0.0599645855062,,,,,,,,,,,,
2026-09-29T22:00:00Z,2026-09-30T00:00:00+02:00,2026-09-29T23:00:00Z,83503.99,83722.01,83503.99,83612.01,274.89307,22982635.7691,72307,131.86215,11024452.484,11958183.2851,0.479686168061,0.129359088111,0.261089320403,2679.44,2686.17,2675,2681.83,5305.7878,14226234.0276,53206,2743.2118,7356154.12269,6870079.90486,0.517083727741,0.0891977428119,0.417570093458,0.03209,0.03212,0.03203,0.03208,-0.0311623558741,0.280986575086,0.0320746983597,1.65290417364,2809212.33,28092.1233,-0.463016081955,OKX_CONTRACT_OI_HISTORY,5558386.66,555838.666,-0.820099340443,OKX_CONTRACT_OI_HISTORY,1.37,0.57805907173,0.42194092827,OKX_GLOBAL_ACCOUNT_RATIO,1.4,0.583333333333,0.416666666667,OKX_GLOBAL_ACCOUNT_RATIO,,,,,PRICE_UP_OI_DOWN,PRICE_UP_OI_DOWN,PASS,PASS,-0.0334648493544,-0.520427618645,-0.465404902265,-0.486962769291,0.0975059165394,-2.06665386245,-0.498009710523,-1.21445410343,-0.681114551084,-0.71644439291,-0.834694841134,-8.75889943888,0.0813942256303,-0.215432241165,-0.279763755051,-0.296826466795,-0.141891592555,-1.01389500304,,,,,,,,,,,,
2026-09-29T23:00:00Z,2026-09-30T01:00:00+02:00,2026-09-30T00:00:00Z,83612,83849,83612,83663.66,291.84641,24439037.9721,51559,145.95486,12221435.009,12217602.9631,0.500078400098,0.0617734222631,0.283452136057,2681.84,2688.51,2675.8,2677.98,5170.251,13871335.1383,43216,2473.4896,6636474.92328,7234860.21505,0.478430868918,-0.143558689402,0.4749981314,0.03208,0.03209,0.03199,0.03201,-0.218204488778,0.312597686777,0.0320088793629,0.350101942508,2783458.21,27834.5821,-0.916773706457,OKX_CONTRACT_OI_HISTORY,5510868.48,551086.848,-0.854891588272,OKX_CONTRACT_OI_HISTORY,1.39,0.581589958159,0.418410041841,OKX_GLOBAL_ACCOUNT_RATIO,1.43,0.588477366255,0.411522633745,OKX_GLOBAL_ACCOUNT_RATIO,,,,,PRICE_UP_OI_DOWN,PRICE_DOWN_OI_DOWN,PASS,PASS,0.0833193670216,-0.447210233419,-0.52827843381,-0.530529600441,-0.599520486459,-1.91131215059,-0.823099075002,-1.99416645013,-1.14268066708,-1.17106737513,-1.54638552255,-9.68779229309,0.19598800048,-0.399076136883,-0.590062111801,-0.595064137364,-1.1936949932,-2.62574590817,,,,,,,,,,,,
2026-09-30T00:00:00Z,2026-09-30T02:00:00+02:00,2026-09-30T06:00:00Z,83663.66,83731.46,83344.78,83453.36,410.86191,34312895.9886,106877,197.81206,16520579.5554,17792316.4332,0.481468528942,-0.25136361474,0.463952271516,2677.98,2679.93,2668.08,2672.62,6346.5327,16956043.7005,77965,2727.3375,7286580.2575,9669463.44303,0.429733514857,-0.200150859977,0.444139606009,0.03201,0.03205,0.03198,0.03204,0.0937207122774,0.218886804253,0.0320253133007,4.58596583128,2783143.43,27831.4343,-0.0113089536918,OKX_CONTRACT_OI_HISTORY,5613960.32,561396.032,1.87070042361,OKX_CONTRACT_OI_HISTORY,1.43,0.588477366255,0.411522633745,OKX_GLOBAL_ACCOUNT_RATIO,1.46,0.593495934959,0.406504065041,OKX_GLOBAL_ACCOUNT_RATIO,0.0001,OKX_FUNDING_HISTORY,5.75797520932e-05,OKX_FUNDING_HISTORY,PRICE_DOWN_OI_DOWN,PRICE_DOWN_OI_UP,PASS,PASS,-0.194973736608,-0.618757576434,-0.373134328358,-0.423783839825,-0.759095670629,-0.199086275111,-1.04287949476,-2.34614499256,-1.26348228043,-1.3032654978,-1.74655924863,-8.84269488398,0.321774093597,-0.172192900871,-0.465983224604,-0.493966994469,-1.20585475972,-1.49405309921,-0.816068457333,-0.0332895706394,0.818124606671,0.782778886694,-1.16582871174,-5.51074408417,,,,,,
2026-09-30T01:00:00Z,2026-09-30T03:00:00+02:00,2026-09-30T06:00:00Z,83453.36,83550.39,83336.51,83448.01,408.46614,34076998.8871,121676,151.31589,12622579.5843,21454419.3028,0.370413475262,-0.00641076644489,0.256646216646,2672.62,2677.08,2668.68,2672.57,7874.6547,21046848.6805,80840,5475.3635,14635297.8954,6411550.78514,0.695367658956,-0.00187082338677,0.314762354422,0.03203,0.03205,0.03202,0.03203,-0.0312109862671,0.0936914428482,0.0320267673249,1.0093666396,2790953.72,27909.5372,0.280628368478,OKX_CONTRACT_OI_HISTORY,5680538.11,568053.811,1.18593267863,OKX_CONTRACT_OI_HISTORY,1.43,0.588477366255,0.411522633745,OKX_GLOBAL_ACCOUNT_RATIO,1.5,0.6,0.4,OKX_GLOBAL_ACCOUNT_RATIO,,,,,PRICE_DOWN_OI_UP,PRICE_DOWN_OI_UP,PASS,PASS,-0.0670387127609,-0.256396859045,-0.186974135245,-0.189358146284,-1.10996147321,1.3594843081,-0.893111532885,-1.98985635335,-1.08091414453,-1.09674482046,-1.87942996143,-7.62424252753,0.457468579959,0.261103462247,-0.218068535826,-0.196365117712,-1.11329918148,-0.989970943083,-0.29442819552,0.571615651506,0.94547746612,0.866043847027,-1.5585761439,-4.29743209705,,,,,,
2026-09-30T02:00:00Z,2026-09-30T04:00:00+02:00,2026-09-30T06:00:00Z,83448.01,83620.87,83298,83384.68,342.33881,28562307.6755,125085,168.5689,14062819.1855,14499488.49,0.492355846919,-0.0758915641008,0.387608345939,2672.58,2678.32,2666.19,2674.49,5707.0708,15249308.7123,71229,2879.7777,7695514.65602,7553794.05632,0.50464678768,0.0718409620702,0.454956323443,0.03203,0.03209,0.03199,0.03208,0.156103652825,0.312597686777,0.0320741172119,1.83412314123,2790878.29,27908.7829,-0.00270266036517,OKX_CONTRACT_OI_HISTORY,5697939.43,569793.943,0.306332246401,OKX_CONTRACT_OI_HISTORY,1.4,0.583333333333,0.416666666667,OKX_GLOBAL_ACCOUNT_RATIO,1.52,0.603174603175,0.396825396825,OKX_GLOBAL_ACCOUNT_RATIO,,,,,PRICE_DOWN_OI_DOWN,PRICE_UP_OI_UP,PASS,PASS,-0.271886777988,-0.273693709146,0,-0.00180693115838,-0.652639880731,2.51067042536,-0.438592458856,-1.3463716207,-0.926497838172,-0.907779161844,-0.0355077469556,-5.7955457541,0.50294453002,0.634399822398,0.187382885696,0.131455292378,-1.46325294833,-1.47812975291,-0.0402310094291,0.809646401634,0.912236552375,0.849877411063,-2.42398857337,-6.00061204843,,,,,,
2026-09-30T03:00:00Z,2026-09-30T05:00:00+02:00,2026-09-30T06:00:00Z,83384.68,83427.51,83175.67,83300.65,264.75568,22051683.5635,82242,103.93576,8657746.83788,13393936.7256,0.392611603234,-0.100773907149,0.302780849256,2674.49,2676.35,2668,2671.55,6349.9849,16967060.0329,66335,3676.8385,9823254.27512,7143805.75775,0.578960306387,-0.109927500196,0.312968515742,0.03208,0.03209,0.03206,0.03207,-0.0311720698254,0.093574547723,0.0320711783161,-0.367406561735,2810046.14,28100.4614,0.68680350801,OKX_CONTRACT_OI_HISTORY,5701493.6,570149.36,0.0623764089398,OKX_CONTRACT_OI_HISTORY,1.38,0.579831932773,0.420168067227,OKX_GLOBAL_ACCOUNT_RATIO,1.53,0.604743083004,0.395256916996,OKX_GLOBAL_ACCOUNT_RATIO,,,,,PRICE_DOWN_OI_UP,PRICE_DOWN_OI_UP,PASS,PASS,-0.433892086481,-0.240106348815,0.187441424555,0.193785737665,0.955212113639,3.45907583699,0.280071748447,-0.0979743247437,-0.372786579683,-0.378046073191,0.0213098842621,-1.25973462085,0.277669468842,0.238256040822,-0.0311720698254,-0.0394134280194,-1.81932786098,-1.36143704591,-0.0455371220539,0.734140749902,0.785669390321,0.779677871956,-2.76498149036,-6.13992598497,,,,,,
2026-09-30T04:00:00Z,2026-09-30T06:00:00+02:00,2026-09-30T06:00:00Z,83300.65,83433.33,83210,83210.01,286.48367,23876204.5191,54925,159.12412,13262961.3861,10613243.133,0.555488682279,-0.108810675547,0.268393221969,2671.54,2676.6,2669.99,2670,4264.2938,11399893.8401,47597,1691.9609,4522809.01556,6877084.82452,0.396741327508,-0.0580187531583,0.247566470286,0.03207,0.0321,0.03206,0.03209,0.0623635796695,0.124766063631,0.0320874856282,0.783598876404,2813524.75,28135.2475,0.123791917523,OKX_CONTRACT_OI_HISTORY,5727329.81,572732.981,0.453148101403,OKX_CONTRACT_OI_HISTORY,1.42,0.586776859504,0.413223140496,OKX_GLOBAL_ACCOUNT_RATIO,1.54,0.606299212598,0.393700787402,OKX_GLOBAL_ACCOUNT_RATIO,,,,,PRICE_DOWN_OI_UP,PRICE_DOWN_OI_UP,PASS,PASS,-0.291600002684,-0.0980311454677,0.156054931336,0.193568857216,1.09161891092,2.01942093527,0.179072629157,-0.22384239104,-0.4034761018,-0.402915020197,-0.913965975279,-0.879437263409,-0.00356915471601,0.0723369326892,0.093574547723,0.0759060874052,-1.99862083822,-0.724633773558,-0.335608210831,0.427663871994,0.785175879397,0.763272082825,-3.04372182072,-5.82849630523,,,,,,
2026-09-30T05:00:00Z,2026-09-30T07:00:00+02:00,2026-09-30T06:00:00Z,83210.01,83521.98,83188.01,83384,440.8336,36741714.7033,83691,189.96728,15832188.668,20909526.0353,0.430905002552,0.209097439118,0.401464105224,2669.99,2680.62,2667.03,2675.09,6421.1085,17169766.2601,68554,3376.7608,9029891.1576,8139875.10253,0.525918117975,0.19063670412,0.509555573053,0.03209,0.03209,0.03206,0.03208,-0.0311623558741,0.093574547723,0.0320815744028,-0.490749843932,2844440.98,28444.4098,1.09884336365,OKX_CONTRACT_OI_HISTORY,5736654.96,573665.496,0.162818456582,OKX_CONTRACT_OI_HISTORY,1.39,0.581589958159,0.418410041841,OKX_GLOBAL_ACCOUNT_RATIO,1.56,0.609375,0.390625,OKX_GLOBAL_ACCOUNT_RATIO,,,,,PRICE_UP_OI_UP,PRICE_UP_OI_UP,PASS,PASS,-0.07670644273,0.0942912627172,0.156103652825,0.170997705447,1.91645098293,0.987879121895,0.368316477489,0.0497426844593,-0.310752019888,-0.31857379303,-0.0748395085015,-0.827298405695,-0.0563579349743,-0.0541744192129,-0.0311623558741,0.00218351576146,-0.040117620063,-0.591820784605,0.240418801642,0.884738821027,0.658926890493,0.644320019385,-1.74902081257,-6.12794061481,,,,,,
2026-09-30T06:00:00Z,2026-09-30T08:00:00+02:00,2026-09-30T09:00:00Z,83384.01,83438.01,82980,83043.14,530.29994,44089532.2143,105269,233.16706,19386381.1167,24703151.0976,0.43970484927,-0.408783459657,0.551952277657,2675.09,2676.89,2656.92,2662.07,12363.0573,32941307.5191,90302,4899.2872,13054432.6371,19886874.882,0.396293699925,-0.486712596586,0.751622179064,0.03208,0.03209,0.03203,0.03206,-0.0623441396509,0.187324383391,0.0320564708897,1.10090418359,2857532.16,28575.3216,0.46023735743,OKX_CONTRACT_OI_HISTORY,5861869.74,586186.974,2.18271415787,OKX_CONTRACT_OI_HISTORY,1.46,0.593495934959,0.406504065041,OKX_GLOBAL_ACCOUNT_RATIO,1.6,0.615384615385,0.384615384615,OKX_GLOBAL_ACCOUNT_RATIO,,,,,PRICE_DOWN_OI_UP,PRICE_DOWN_OI_UP,PASS,PASS,-0.409595623561,-0.46438760287,-0.0623441396509,-0.0547919793095,2.38827577107,2.87701040023,-0.713605930177,-1.25340336664,-0.527458889234,-0.539797436467,1.81923211632,3.28042170795,-1.14742737099,-1.64996139253,-0.465693883887,-0.502534021544,1.64777169391,0.884414734141,-0.146263839091,0.47025788701,0.627746390458,0.616521726101,-1.80793288407,-4.29934369,,,,,,
2026-09-30T07:00:00Z,2026-09-30T09:00:00+02:00,2026-09-30T09:00:00Z,83043.14,83470,82956.11,83304.92,688.1658,57320938.7894,97657,373.33909,31095903.2336,26225035.5558,0.542487682344,0.315233744774,0.619472152202,2662.08,2677.98,2660.22,2674.87,7787.7084,20804402.666,72501,4324.414,11555750.9862,9248651.67986,0.555447381579,0.480828828693,0.66761395674,0.03206,0.03211,0.03205,0.03211,0.155957579538,0.1872074883,0.0321093880169,0.190593187708,2867586.83,28675.8683,0.351865506214,OKX_CONTRACT_OI_HISTORY,5837996.85,583799.685,-0.407257258501,OKX_CONTRACT_OI_HISTORY,1.46,0.593495934959,0.406504065041,OKX_GLOBAL_ACCOUNT_RATIO,1.59,0.6138996139,0.3861003861,OKX_GLOBAL_ACCOUNT_RATIO,,,,,PRICE_UP_OI_UP,PRICE_UP_OI_DOWN,PASS,PASS,0.00512601042129,0.12427242612,0.124727159339,0.119146415698,2.04767776518,2.39416650402,-0.345826214103,-0.562823186531,-0.217526413922,-0.216996972428,2.4048088542,3.91128962045,-0.805003800266,-1.38219115457,-0.557448126355,-0.577187354301,2.25657724432,-2.98771591177,0.408492586301,1.15568900772,0.75305930342,0.747196421417,-0.91530101103,-4.76660479559,,,,,,
2026-09-30T08:00:00Z,2026-09-30T10:00:00+02:00,2026-09-30T09:00:00Z,83304.92,83339.91,83023.69,83062.41,628.26691,52242059.3751,127227,294.78437,24516005.1367,27726054.2383,0.469277157715,-0.291111257294,0.380879240612,2674.87,2674.87,2665,2671.11,7031.8546,18766003.6211,82699,3157.1887,8426642.88556,10339360.7356,0.449037688347,-0.140567578985,0.370356472795,0.03211,0.03217,0.03207,0.03216,0.155714730614,0.311817898347,0.0321578678008,0.663041207587,2887320.41,28873.2041,0.688159807178,OKX_CONTRACT_OI_HISTORY,5848139.14,584813.914,0.173728939234,OKX_CONTRACT_OI_HISTORY,1.49,0.598393574297,0.401606425703,OKX_GLOBAL_ACCOUNT_RATIO,1.6,0.615384615385,0.384615384615,OKX_GLOBAL_ACCOUNT_RATIO,3.37200721784e-05,OKX_FUNDING_HISTORY,6.15081366215e-05,OKX_FUNDING_HISTORY,PRICE_DOWN_OI_UP,PRICE_DOWN_OI_UP,PASS,PASS,-0.177382504821,0.0415730337079,0.218136491119,0.218955538529,2.62289002434,2.10934823046,-0.662525612503,-0.674906851699,0,-0.0123812391965,2.95563120764,3.96397489362,-0.967641823731,-1.39284712275,-0.40260142459,-0.425205299023,3.37078753459,-3.22531063245,0.121031315542,0.744140787062,0.625782227785,0.62310947152,-0.742134398305,-4.35926336726,,,,,,
2026-09-30T09:00:00Z,2026-09-30T11:00:00+02:00,2026-09-30T13:00:00Z,83062.41,83812.41,83058,83632.01,644.75388,53838836.6996,134798,347.4264,29004972.3477,24833864.3519,0.538736981067,0.685749426245,0.908293000072,2671.1,2699.85,2670.58,2688.67,11901.99,31989393.951,74099,7340.2305,19724843.3134,12264550.6376,0.616605720746,0.657404599586,1.09601659565,0.03215,0.03222,0.03214,0.03214,-0.0621890547264,0.248911014312,0.0321488147899,-2.74187088784,2843088.33,28430.8833,-1.53194220658,OKX_CONTRACT_OI_HISTORY,5725888.01,572588.801,-2.09042786215,OKX_CONTRACT_OI_HISTORY,1.44,0.590163934426,0.409836065574,OKX_GLOBAL_ACCOUNT_RATIO,1.55,0.607843137255,0.392156862745,OKX_GLOBAL_ACCOUNT_RATIO,,,,,PRICE_UP_OI_DOWN,PRICE_UP_OI_DOWN,PASS,PASS,0.297431161854,0.507646471707,0.187032418953,0.210215309854,-0.047554159482,-0.187686902473,0.153310039436,0.344474964918,0.155811779371,0.191164925482,0.737290079027,2.16867568899,-0.742956070289,-1.06563439467,-0.341085271318,-0.322678324385,0.781114802795,-5.5903251439,1.16855766959,1.78380117734,0.594679186228,0.615243507748,-2.43951423223,-7.02399581098,,,,,,
2026-09-30T10:00:00Z,2026-09-30T12:00:00+02:00,2026-09-30T13:00:00Z,83632.01,83950,83632.01,83918.01,758.46227,63552509.7634,77531,419.24396,35123295.7868,28429213.9766,0.552665754941,0.341974322989,0.380225227159,2688.68,2697.7,2687.56,2695.61,7917.1029,21321274.7531,101807,4948.7639,13327449.7006,7993825.05247,0.625077527256,0.258120185817,0.377293902276,0.03215,0.03216,0.0321,0.03212,-0.0622277535781,0.18691588785,0.0321219485543,-0.606611490535,2838900.78,28389.0078,-0.147288775935,OKX_CONTRACT_OI_HISTORY,5751403.38,575140.338,0.44561419915,OKX_CONTRACT_OI_HISTORY,1.4,0.583333333333,0.416666666667,OKX_GLOBAL_ACCOUNT_RATIO,1.51,0.601593625498,0.398406374502,OKX_GLOBAL_ACCOUNT_RATIO,,,,,PRICE_UP_OI_DOWN,PRICE_UP_OI_UP,PASS,PASS,1.05351266823,1.25992179019,0.187149095446,0.206409121951,-0.652009459799,-1.88449018657,0.365976131898,0.513828244147,0.124688279302,0.147852112249,1.05682470787,3.47253136218,-0.1338561753,-0.706866067482,-0.557275541796,-0.573009892182,0.213308605421,-5.59052360669,1.15478543877,1.468418279,0.280986575086,0.313632840238,-2.77879656991,-5.62058415392,,,,,,
2026-09-30T11:00:00Z,2026-09-30T13:00:00+02:00,2026-09-30T13:00:00Z,83918,83981.11,83696,83915.16,449.16897,37659845.3111,87639,197.205,16535103.5856,21124741.7254,0.439064564632,-0.00339617204935,0.340649493405,2695.6,2700,2685.37,2697.8,8295.8529,22347491.8353,76379,4207.6844,11336315.1924,11011176.6429,0.507274609427,0.0812432065469,0.544803881774,0.03211,0.03218,0.03208,0.03215,0.093399750934,0.311720698254,0.0321491372953,0.268344577061,2826151.92,28261.5192,-0.449077336194,OKX_CONTRACT_OI_HISTORY,5694148.64,569414.864,-0.995491642946,OKX_CONTRACT_OI_HISTORY,1.38,0.579831932773,0.420168067227,OKX_GLOBAL_ACCOUNT_RATIO,1.44,0.590163934426,0.409836065574,OKX_GLOBAL_ACCOUNT_RATIO,,,,,PRICE_DOWN_OI_DOWN,PRICE_UP_OI_DOWN,PASS,PASS,0.732537766077,0.857237921843,0.124571784491,0.124700155766,-1.44494002994,-2.46399944529,0.300608412302,0.740110082973,0.437363323961,0.439501670671,1.53383693158,3.3257944853,-0.524964967761,-1.26881539413,-0.710315009265,-0.74385042637,-0.0362676232184,-6.68419386962,1.00216002063,1.07905582615,0.0622471210707,0.0768958055269,-3.62536039313,-5.44034255834,,,,,,
2026-09-30T12:00:00Z,2026-09-30T14:00:00+02:00,2026-09-30T13:00:00Z,83915.17,85514,83768,85290.32,3850.10161,326691482.247,331259,2051.89687,174222225.246,152469257.001,0.533292830434,1.63875037597,2.0843281444,2697.79,2738.51,2692.61,2731.01,46661.0606,127119462.656,260928,26437.9171,72046820.3037,55072642.3521,0.566764670008,1.23100303951,1.70466573325,0.03215,0.03226,0.03201,0.03203,-0.373250388802,0.781005935645,0.0320201636012,3.07193895299,2798416.54,27984.1654,-0.981383194715,OKX_CONTRACT_OI_HISTORY,5699407.37,569940.737,0.0923532266626,OKX_CONTRACT_OI_HISTORY,1.27,0.559471365639,0.440528634361,OKX_GLOBAL_ACCOUNT_RATIO,1.24,0.553571428571,0.446428571429,OKX_GLOBAL_ACCOUNT_RATIO,,,,,PRICE_UP_OI_DOWN,PRICE_UP_OI_UP,PASS,PASS,2.68221208607,2.24251341203,-0.404228855721,-0.439698674042,-3.07911341229,-2.54323241016,2.20118159413,2.18474755109,-0.0312109862671,-0.0164340430342,0.548771933037,1.52204584873,1.13534642787,-0.212654786742,-1.29429892142,-1.34800121462,-1.20737194254,-7.45523890565,2.04663210885,1.49020219926,-0.497048772911,-0.556429909598,-3.80335445593,-2.67508007527,,,,,,
2026-09-30T13:00:00Z,2026-09-30T15:00:00+02:00,2026-09-30T16:00:00Z,85290.32,85649.95,84019.39,84637.74,2383.56099,202560933.252,368972,1023.04198,86935914.3245,115625018.927,0.429184013566,-0.765127859762,1.94069488007,2731,2737.99,2690,2710,36900.2212,100308611.693,361894,18389.5555,49993712.4967,50314899.1961,0.498399007354,-0.76931245217,1.78401486989,0.03202,0.03206,0.03189,0.03202,-0.0312207305651,0.533082470994,0.0320188133568,0.370608118083,2750056.15,27500.5615,-1.72813408257,OKX_CONTRACT_OI_HISTORY,5646076.65,564607.665,-0.93572395405,OKX_CONTRACT_OI_HISTORY,1.25,0.555555555556,0.444444444444,OKX_GLOBAL_ACCOUNT_RATIO,1.24,0.553571428571,0.446428571429,OKX_GLOBAL_ACCOUNT_RATIO,,,,,PRICE_DOWN_OI_DOWN,PRICE_DOWN_OI_DOWN,PASS,PASS,1.20256585965,0.793329043728,-0.373366521469,-0.409236815923,-3.27222263967,-1.39386868658,1.42571404639,1.40052458869,-0.0312207305651,-0.0251894576947,-1.46536181188,-0.606658371666,0.519869296928,-0.617200192165,-1.11179740581,-1.13706948909,-3.31725132437,-8.18464779363,1.1904905658,0.719157081003,-0.466272925085,-0.4713334848,-4.94492960407,-4.53455695938,,,,,,
2026-09-30T14:00:00Z,2026-09-30T16:00:00+02:00,2026-09-30T16:00:00Z,84637.74,84644.83,83373,83800.01,1897.96585,159255396.33,364874,869.72763,72974664.4817,86280731.8483,0.458224124038,-0.989783044774,1.52546987634,2710,2713.52,2668,2678.2,34897.1764,93639872.6341,384682,14301.1059,38386921.654,55252950.9802,0.409942053253,-1.17343173432,1.70614692654,0.03202,0.03206,0.03195,0.03196,-0.187382885696,0.344287949922,0.0319594233939,0.180418191325,2766282.94,27662.8294,0.590053043099,OKX_CONTRACT_OI_HISTORY,5693420.55,569342.055,0.838527404689,OKX_CONTRACT_OI_HISTORY,1.32,0.568965517241,0.431034482759,OKX_GLOBAL_ACCOUNT_RATIO,1.44,0.590163934426,0.409836065574,OKX_GLOBAL_ACCOUNT_RATIO,,,,,PRICE_DOWN_OI_UP,PRICE_DOWN_OI_UP,PASS,PASS,-0.140613439237,-0.645864943371,-0.498132004981,-0.505251504134,-2.55795625235,-1.00815098801,0.498089097422,0.138718035962,-0.374064837905,-0.35937106146,-0.881276338281,-0.0793072663463,0.0573120573464,-1.20952124501,-1.29709697344,-1.26683330235,-0.916471163865,-5.87025673154,0.939544688027,0.415052884561,-0.529100529101,-0.524491803466,-3.72559835364,-1.91352051911,,,,,,
2026-09-30T15:00:00Z,2026-09-30T17:00:00+02:00,2026-09-30T16:00:00Z,83800.01,84295.71,83694,84134.43,810.9913,68130274.0677,208982,450.53109,37857872.0586,30272402.0091,0.55566886493,0.399069164789,0.718940425837,2678.2,2689.66,2671.72,2683.72,12780.3482,34266270.1737,143349,6429.712,17244623.0487,17021647.1251,0.503253577387,0.20610858039,0.671477550043,0.03196,0.03199,0.03187,0.03189,-0.219023779725,0.37652965171,0.0318979994278,-2.50781489872,2771867.66,27718.6766,0.201885350166,OKX_CONTRACT_OI_HISTORY,5737594.91,573759.491,0.775884367088,OKX_CONTRACT_OI_HISTORY,1.32,0.568965517241,0.431034482759,OKX_GLOBAL_ACCOUNT_RATIO,1.51,0.601593625498,0.398406374502,OKX_GLOBAL_ACCOUNT_RATIO,,,,,PRICE_UP_OI_UP,PRICE_UP_OI_UP,PASS,PASS,0.261299626909,-0.521906738824,-0.808709175739,-0.783206365733,-1.92078350834,0.762998522638,1.00092856418,0.455540790927,-0.561272217025,-0.545387773256,-1.35864245987,0.633190397688,1.28380363076,0.357120153169,-0.931966449208,-0.926683477591,-1.33762210074,-0.634520741819,0.916912558474,0.215463320824,-0.716064757161,-0.70144923765,-4.36561715755,-1.4029166255,,,,,,
2026-09-30T16:00:00Z,2026-09-30T18:00:00+02:00,2026-09-30T19:00:00Z,84134.43,84490.01,84134.43,84349.44,571.82403,48225975.9364,137710,300.61751,25350706.719,22875269.2173,0.525664980891,0.255555305955,0.422633159813,2683.73,2696,2681.98,2695.83,7156.5012,19244984.7199,72800,3332.5682,8963783.52672,10281201.1932,0.465772441868,0.45123932452,0.522748118927,0.03189,0.03197,0.03185,0.03196,0.21950454688,0.376766091052,0.0319602596058,-0.0812276738515,2772768.7,27727.687,0.0325066024256,OKX_CONTRACT_OI_HISTORY,5751231.7,575123.17,0.23767432546,OKX_CONTRACT_OI_HISTORY,1.33,0.570815450644,0.429184549356,OKX_GLOBAL_ACCOUNT_RATIO,1.5,0.6,0.4,OKX_GLOBAL_ACCOUNT_RATIO,3.67519063153e-05,OKX_FUNDING_HISTORY,3.67831028786e-05,OKX_FUNDING_HISTORY,PRICE_UP_OI_UP,PRICE_UP_OI_UP,PASS,PASS,-1.10314980645,-1.28816811363,-0.218545113956,-0.185018307179,-0.916512593225,0.909293311315,1.36934246252,0.967415730337,-0.405110626363,-0.401926732186,-1.44857620321,0.417330427842,1.55086720923,0.741407852795,-0.8069522036,-0.809459356435,-2.34930268487,-0.465776994861,0.748108944843,0.315552495953,-0.436137071651,-0.43255644889,-1.6756090166,-1.299351556,,,,,,
2026-09-30T17:00:00Z,2026-09-30T19:00:00+02:00,2026-09-30T19:00:00Z,84349.44,84435.26,83923.71,84031.46,592.67571,49872028.3189,138946,271.0242,22806984.8575,27065043.4614,0.457310152128,-0.376979384807,0.609541689708,2695.83,2698,2676.45,2682.72,12476.5335,33537921.2138,108283,4915.3306,13213813.2973,20324107.9165,0.393996193535,-0.486306629127,0.805171028788,0.03196,0.03197,0.03189,0.03192,-0.125156445557,0.250862339291,0.0319251861148,-1.62445875827,2777802.32,27778.0232,0.181537681091,OKX_CONTRACT_OI_HISTORY,5682473.49,568247.349,-1.1955388617,OKX_CONTRACT_OI_HISTORY,1.33,0.570815450644,0.429184549356,OKX_GLOBAL_ACCOUNT_RATIO,1.48,0.596774193548,0.403225806452,OKX_GLOBAL_ACCOUNT_RATIO,,,,,PRICE_DOWN_OI_UP,PRICE_DOWN_OI_DOWN,PASS,PASS,-0.716323474611,-1.00664206642,-0.312304809494,-0.29031859181,1.00893103583,0.644639494931,0.776479900221,0.285224048537,-0.498753117207,-0.491255851684,-2.34276824404,-0.944478452649,1.14765628113,0.335108611094,-0.807955251709,-0.812547670032,-2.41585443631,-1.76396320316,0.180173349342,-0.48187675974,-0.653594771242,-0.662050109082,-1.21402449859,-1.10540757806,,,,,,
2026-09-30T18:00:00Z,2026-09-30T20:00:00+02:00,2026-09-30T19:00:00Z,84031.47,84078.55,83792.98,83950,432.13033,36268449.2927,90181,222.03472,18633262.747,17635186.5457,0.513759565417,-0.0969398841815,0.340804205794,2682.71,2684.7,2673.8,2679.15,5737.3515,15369000.4287,71999,2849.9659,7634275.25466,7734725.17407,0.496732060752,-0.133073895151,0.407659510809,0.03192,0.03194,0.03189,0.03192,0,0.156788962057,0.0319136390709,1.99316947539,2756513.32,27565.1332,-0.766397228727,OKX_CONTRACT_OI_HISTORY,5679661.16,567966.116,-0.0494912999585,OKX_CONTRACT_OI_HISTORY,1.3,0.565217391304,0.434782608696,OKX_GLOBAL_ACCOUNT_RATIO,1.5,0.6,0.4,OKX_GLOBAL_ACCOUNT_RATIO,,,,,PRICE_DOWN_OI_DOWN,PRICE_DOWN_OI_DOWN,PASS,PASS,0.178985658832,0.0354715853932,-0.125156445557,-0.143514073439,-0.353167778275,-0.241671766193,1.09203481468,0.641605968288,-0.436681222707,-0.450428846388,-3.53517771083,-3.10836965135,0.370636059302,-0.619839309163,-0.961836798014,-0.990475368465,-1.78025868279,0.0700844237896,-0.108506316962,-0.760092900243,-0.622665006227,-0.651586583281,-1.64583420848,-0.348712587166,,,,,,
2026-09-30T19:00:00Z,2026-09-30T21:00:00+02:00,2026-09-30T23:00:00Z,83950.01,83958.01,83503.18,83603.16,502.3693,42061339.5515,111486,214.13204,17929617.2159,24131722.3356,0.426273090849,-0.413150684932,0.544685843102,2679.16,2680.88,2667.94,2669.61,7313.5634,19553518.2139,75883,2808.5283,7509766.46262,12043751.7513,0.384062161113,-0.356083086053,0.485018403712,0.03192,0.03197,0.03191,0.03193,0.031328320802,0.188028831087,0.031931926975,-0.603463427242,2750070.21,27500.7021,-0.233741297503,OKX_CONTRACT_OI_HISTORY,5711563.13,571156.313,0.561687908861,OKX_CONTRACT_OI_HISTORY,1.32,0.568965517241,0.431034482759,OKX_GLOBAL_ACCOUNT_RATIO,1.54,0.606299212598,0.393700787402,OKX_GLOBAL_ACCOUNT_RATIO,,,,,PRICE_DOWN_OI_DOWN,PRICE_DOWN_OI_UP,PASS,PASS,-0.63145373422,-0.525762747231,0.125431169646,0.105690986989,-0.786381338278,-0.453705435959,0.358010067112,-0.196645070602,-0.560573030209,-0.554655137714,-4.09810153857,-2.16570380643,0.0109457603481,-0.75836149308,-0.77688004972,-0.769307253428,-1.79184419302,1.66087886582,0.256171217637,-0.145502150739,-0.4054897068,-0.401673368376,-0.835665002942,1.5663376256,,,,,,
2026-09-30T20:00:00Z,2026-09-30T22:00:00+02:00,2026-09-30T23:00:00Z,83603.16,83771.16,83530.11,83673.99,420.0892,35137844.5295,66420,203.24575,16999470.7304,18138373.799,0.483793782973,0.0847216779844,0.288578573642,2669.62,2682.52,2668.64,2682.52,4612.4989,12341152.0074,41960,2631.2175,7037992.8829,5303159.1245,0.570286540404,0.483591236173,0.520115114815,0.03193,0.03206,0.03193,0.03205,0.375822110868,0.407140620106,0.0320591858952,-2.86529270984,2750392.63,27503.9263,0.0117240643103,OKX_CONTRACT_OI_HISTORY,5697451.25,569745.125,-0.247075619735,OKX_CONTRACT_OI_HISTORY,1.34,0.57264957265,0.42735042735,OKX_GLOBAL_ACCOUNT_RATIO,1.55,0.607843137255,0.392156862745,OKX_GLOBAL_ACCOUNT_RATIO,,,,,PRICE_UP_OI_UP,PRICE_UP_OI_DOWN,PASS,PASS,-0.800775915051,-0.49372549456,0.281602002503,0.30705042049,-0.806993745998,-0.93511186482,0.736289736838,0.427163239253,-0.342039800995,-0.309126497585,-4.74238257471,-2.57668099874,0.0688860162464,-0.250626566416,-0.342039800995,-0.319512582662,-1.92691870644,1.28515490701,0.150799540384,-0.0141637780014,-0.186857676736,-0.164963318385,-1.79636089059,1.74897910433,,,,,,
2026-09-30T21:00:00Z,2026-09-30T23:00:00+02:00,2026-09-30T23:00:00Z,83673.99,83818.83,83673.99,83757.72,302.08867,25301228.1753,53750,147.36874,12342172.7748,12959055.4004,0.487809235557,0.100066938364,0.173100386392,2682.51,2686.03,2682,2684.31,2830.6028,7598244.82571,30952,1506.9344,4045073.51563,3553171.31008,0.53236946274,0.066728300255,0.150260999254,0.03206,0.03207,0.03203,0.03205,0,0.12488292226,0.0320485084838,0.465393341307,2751031.12,27510.3112,0.0232145037416,OKX_CONTRACT_OI_HISTORY,5699178.54,569917.854,0.0303168895039,OKX_CONTRACT_OI_HISTORY,1.35,0.574468085106,0.425531914894,OKX_GLOBAL_ACCOUNT_RATIO,1.54,0.606299212598,0.393700787402,OKX_GLOBAL_ACCOUNT_RATIO,,,,,PRICE_UP_OI_UP,PRICE_UP_OI_UP,PASS,PASS,-0.325758947899,0.0592682054035,0.407268170426,0.385027153302,-0.963754685035,0.29397497462,0.150313259241,-0.162161961118,-0.280024891101,-0.31247522036,-3.23793000128,-0.466468606325,0.303853743995,0.181754396441,-0.124649423496,-0.122099347554,-2.52451285892,1.6920908914,0.648549514702,0.372051631044,-0.280024891101,-0.276497883658,-1.39181318357,1.7530701322,,,,,,
2026-09-30T22:00:00Z,2026-10-01T00:00:00+02:00,2026-09-30T23:00:00Z,83757.73,83845,83580.29,83685.85,214.8942,17996143.9481,52982,98.85444,8278697.02834,9717446.91978,0.460026161838,-0.0858070157593,0.316713426096,2684.31,2692.56,2678.42,2687,4092.5852,10995395.798,39752,2220.8378,5967547.04275,5027848.75527,0.542731444358,0.100211972537,0.52792317859,0.03205,0.03212,0.03204,0.03211,0.1872074883,0.249687890137,0.0321081759939,0.568081503536,2743007.43,27430.0743,-0.291661186297,OKX_CONTRACT_OI_HISTORY,5683026.41,568302.641,-0.283411545833,OKX_CONTRACT_OI_HISTORY,1.37,0.57805907173,0.42194092827,OKX_GLOBAL_ACCOUNT_RATIO,1.53,0.604743083004,0.395256916996,OKX_GLOBAL_ACCOUNT_RATIO,,,,,PRICE_DOWN_OI_DOWN,PRICE_UP_OI_DOWN,PASS,PASS,-0.31465157832,0.293003377937,0.595238095238,0.607654956257,-0.489962805621,0.0592508937628,-0.276650983502,-0.319408223,-0.0311332503113,-0.042757239498,-3.37783379664,-1.1888745317,0.0883126718279,0.192778811483,0.0935162094763,0.104466139655,-2.35670687093,2.24237278952,0.169778778874,-0.0230687373959,-0.186509170034,-0.192847516269,-2.49525449457,1.20574248081,,,,,,
2026-09-30T23:00:00Z,2026-10-01T01:00:00+02:00,2026-10-01T02:00:00Z,83685.86,83836.07,83523.65,83623.6,691.27124,57831674.1856,87918,355.48853,29737263.0154,28094411.1702,0.514203737557,-0.0743853351552,0.374049745192,2687,2694.33,2684.52,2686.01,4215.2964,11333966.314,52239,2279.2943,6128542.18312,5205424.13091,0.540723521962,-0.0368440640119,0.365428456484,0.03211,0.03217,0.03211,0.03212,0.0311429461227,0.186857676736,0.0321202387843,-0.0743407507775,2746723.3,27467.233,0.13546700455,OKX_CONTRACT_OI_HISTORY,5668007.74,566800.774,-0.264272394961,OKX_CONTRACT_OI_HISTORY,1.38,0.579831932773,0.420168067227,OKX_GLOBAL_ACCOUNT_RATIO,1.51,0.601593625498,0.398406374502,OKX_GLOBAL_ACCOUNT_RATIO,,,,,PRICE_DOWN_OI_UP,PRICE_DOWN_OI_DOWN,PASS,PASS,0.0244488366229,0.614321942156,0.59505167554,0.589873105533,-0.121702711001,-0.762582659224,-0.347446158716,-0.437022759285,-0.0933125972006,-0.0895766005698,-2.81048656436,-0.459083554939,-0.0478821987945,0.299852874181,0.343642611684,0.347735072976,-1.31975791366,2.85144275481,0.148011958322,-0.100419903969,-0.248447204969,-0.248431862291,-2.49769902272,0.150825205185,,,,,,
2026-10-01T00:00:00Z,2026-10-01T02:00:00+02:00,2026-10-01T02:00:00Z,83623.59,83660.01,83429.8,83509.03,451.69518,37723404.0042,67093,259.3348,21658128.4417,16065275.5625,0.574129748187,-0.137006777991,0.275932580445,2686.01,2688.12,2678.54,2684.96,6123.1644,16436786.8334,52219,3885.0515,10430472.2453,6006314.58819,0.634580976863,-0.0390914404637,0.357657529848,0.03212,0.03217,0.03211,0.03216,0.124533001245,0.186857676736,0.0321517325731,2.57137834456,2763823.26,27638.2326,0.622558522731,OKX_CONTRACT_OI_HISTORY,5696105.48,569610.548,0.495725152274,OKX_CONTRACT_OI_HISTORY,1.39,0.581589958159,0.418410041841,OKX_GLOBAL_ACCOUNT_RATIO,1.51,0.601593625498,0.398406374502,OKX_GLOBAL_ACCOUNT_RATIO,5.30190324008e-05,OKX_FUNDING_HISTORY,1.67965303342e-05,OKX_FUNDING_HISTORY,PRICE_DOWN_OI_UP,PRICE_DOWN_OI_UP,PASS,PASS,-0.19714609044,0.090959247275,0.343213728549,0.288105337715,0.488316826242,-0.0236205619135,-2.08850195427,-1.68618935852,0.405869497346,0.402312595751,-1.23617336824,-0.0579339181365,0.0667079192497,0.46171921186,0.374531835206,0.39501129261,-0.694185207695,1.4632301498,0.388696661649,0.288731263283,-0.0931966449208,-0.0999653983661,-1.89166910205,-0.0526843848101,-0.749904920371,0.428275936877,1.19572057898,1.17818085725,-1.85192090897,-4.12814880328
2026-10-01T01:00:00Z,2026-10-01T03:00:00+02:00,2026-10-01T02:00:00Z,83509.03,83692,83482.2,83518.07,343.4474,28703982.3241,60744,187.5842,15677883.871,13026098.4531,0.546191942775,0.0108251766306,0.251311057926,2684.95,2693.16,2684.4,2690.01,5249.0659,14115461.409,67449,1957.0967,5262682.99577,8852778.41324,0.372831099408,0.188084738693,0.326329906124,0.03216,0.03222,0.03213,0.0322,0.124378109453,0.280112044818,0.0322087184246,-2.70685239088,2785905.61,27859.0561,0.798978368827,OKX_CONTRACT_OI_HISTORY,5728231.99,572823.199,0.56400834066,OKX_CONTRACT_OI_HISTORY,1.42,0.586776859504,0.413223140496,OKX_GLOBAL_ACCOUNT_RATIO,1.49,0.598393574297,0.401606425703,OKX_GLOBAL_ACCOUNT_RATIO,,,,,PRICE_UP_OI_UP,PRICE_UP_OI_UP,PASS,PASS,-0.286122879181,0.212345071918,0.468018720749,0.498467951099,1.26768794967,0.509783116919,-1.32289685429,-0.737638376384,0.562148657089,0.585258477904,1.30359011033,1.45508722415,0.0839564658283,0.652555405471,0.530752419607,0.568598939643,-0.180874013203,0.839601444026,0.541809120239,0.915362712475,0.311526479751,0.373553592236,-1.29215952578,-0.15868130939,-0.210718921199,1.22790116581,1.48124803026,1.43862008701,-1.73663109788,-3.49391195497
2026-10-01T02:00:00Z,2026-10-01T04:00:00+02:00,2026-10-01T05:00:00Z,83518.07,83668.01,83410.39,83490.78,362.14695,30240758.2487,61358,152.25213,12714932.7513,17525825.4974,0.420456810201,-0.0326755635038,0.30885840481,2690,2694.61,2684.17,2687.02,8460.72,22740158.4349,40407,3345.379,8990382.08394,13749776.3509,0.395352658148,-0.111152003152,0.388947048808,0.03221,0.03222,0.03217,0.03219,-0.0310559006211,0.155424308362,0.0321834339073,2.04020885591,2817260.21,28172.6021,1.12547244557,OKX_CONTRACT_OI_HISTORY,5795270.72,579527.072,1.17032149042,OKX_CONTRACT_OI_HISTORY,1.43,0.588477366255,0.411522633745,OKX_GLOBAL_ACCOUNT_RATIO,1.49,0.598393574297,0.401606425703,OKX_GLOBAL_ACCOUNT_RATIO,,,,,PRICE_DOWN_OI_UP,PRICE_DOWN_OI_UP,PASS,PASS,-0.233097949056,0.000744324525503,0.249143568982,0.233842273581,2.70698428258,1.9750798589,-0.369009502505,0.329325666492,0.719649561952,0.698335168997,1.84280751845,1.78891000771,0.127241598816,0.468500536551,0.34289276808,0.341258937734,0.945290953551,1.70818400574,0.630826083498,1.10587252552,0.53091817614,0.475046442023,-0.531793992529,0.204805076808,0.0869593988077,1.28194013592,1.25825731362,1.19498073711,-1.50161136452,-4.39492953795
2026-10-01T03:00:00Z,2026-10-01T05:00:00+02:00,2026-10-01T05:00:00Z,83490.78,83780.14,83424.58,83754.01,325.01626,27168090.786,58938,173.36035,14492475.4473,12675615.3388,0.53343739026,0.315280321971,0.42620532222,2687.02,2696.94,2685.11,2696.07,5841.6964,15714412.7538,54575,3157.1666,8493393.14308,7221019.61068,0.540484285106,0.336804340868,0.440577853421,0.03219,0.03221,0.03216,0.03219,0,0.155472636816,0.0321903393044,-0.105405645996,2831922.38,28319.2238,0.520440744094,OKX_CONTRACT_OI_HISTORY,5795881.83,579588.183,0.0105449776123,OKX_CONTRACT_OI_HISTORY,1.46,0.593495934959,0.406504065041,OKX_GLOBAL_ACCOUNT_RATIO,1.48,0.596774193548,0.403225806452,OKX_GLOBAL_ACCOUNT_RATIO,,,,,PRICE_UP_OI_UP,PRICE_UP_OI_UP,PASS,PASS,0.155948799143,0.374533229586,0.217932752179,0.218584430443,3.10184429571,2.25606766726,-0.452157339154,0.460182135245,0.940733772342,0.912339474399,2.16657962668,1.01587722581,0.544245453067,0.91781924351,0.374181478017,0.373573790444,0.778501096071,1.65550006055,0.823426125367,1.15826204412,0.34289276808,0.334835918757,-1.05499025225,0.271524423514,0.498460497297,1.65869807849,1.16279069767,1.16023758119,-2.00800580549,-4.58607240283
2026-10-01T04:00:00Z,2026-10-01T06:00:00+02:00,2026-10-01T05:00:00Z,83754.01,84207.53,83720.4,84110.01,514.62822,43188989.2596,97798,294.70729,24735482.6787,18453506.581,0.572726593113,0.425054275013,0.581853407294,2696.08,2711.92,2693.46,2707.57,8537.0527,23065578.6971,93405,4569.8461,12347347.4799,10718231.2172,0.535314879461,0.426546788474,0.685363807148,0.03219,0.03224,0.03214,0.0322,0.0310655483069,0.31113876789,0.032190817716,2.85245441484,2808577.45,28085.7745,-0.824349218215,OKX_CONTRACT_OI_HISTORY,5783320.33,578332.033,-0.216731471904,OKX_CONTRACT_OI_HISTORY,1.48,0.596774193548,0.403225806452,OKX_GLOBAL_ACCOUNT_RATIO,1.44,0.590163934426,0.409836065574,OKX_GLOBAL_ACCOUNT_RATIO,,,,,PRICE_UP_OI_DOWN,PRICE_UP_OI_DOWN,PASS,PASS,0.719658700382,0.842098206305,0.124378109453,0.122439505922,1.61928552552,1.53113123179,-0.283854877993,0.435487400912,0.750938673342,0.719342278905,1.29144381931,0.557943614061,1.08160063915,1.40711610487,0.342785914615,0.325515465715,-0.175839931744,0.977602510375,1.07799288044,1.48047090219,0.436681222707,0.40247802175,-2.17094639644,0.245884698855,0.74236248777,1.84079770408,1.13065326633,1.09843521631,-3.2142096741,-4.90787332105
2026-10-01T05:00:00Z,2026-10-01T07:00:00+02:00,2026-10-01T09:00:00Z,84110.01,84368,84032,84291.48,420.04452,35385019.7007,71320,235.62065,19848264.3471,15536755.3536,0.560922800525,0.215753154708,0.399847677075,2707.57,2719.96,2705.18,2717.96,7228.7817,19621435.8257,80929,3899.4447,10584048.1343,9037387.69137,0.539412519469,0.383738924571,0.546359207151,0.0322,0.03225,0.03218,0.03225,0.155279503106,0.217526413922,0.0322447772895,1.61970742763,2808704.96,28087.0496,0.0045400207852,OKX_CONTRACT_OI_HISTORY,5872461.56,587246.156,1.54135038202,OKX_CONTRACT_OI_HISTORY,1.44,0.590163934426,0.409836065574,OKX_GLOBAL_ACCOUNT_RATIO,1.34,0.57264957265,0.42735042735,OKX_GLOBAL_ACCOUNT_RATIO,,,,,PRICE_UP_OI_UP,PRICE_UP_OI_UP,PASS,PASS,0.926039119438,1.03902959469,0.155279503106,0.112990475247,0.818381998233,2.51787236012,0.309431729497,1.31359217511,1.03383458647,1.00416044561,1.11248521097,3.34340442299,1.0883143049,1.60256290443,0.529925187032,0.514248599523,-1.25634598332,2.36734823598,1.03134301846,1.54752030607,0.498597693986,0.516177287607,-1.29595958727,1.76151699247,1.33134961875,2.5014802216,1.19234389708,1.17013060284,-2.98339304316,-3.90566207287
2026-10-01T06:00:00Z,2026-10-01T08:00:00+02:00,2026-10-01T09:00:00Z,84291.49,84419.69,84105.76,84121.45,398.59463,33586132.58,65601,188.57593,15891801.6984,17694330.8816,0.473165573933,-0.201716709684,0.373256243092,2717.96,2722,2712.04,2715.21,10046.8745,27302511.9933,82904,4982.4186,13541153.5505,13761358.4428,0.495967314429,-0.101178825295,0.367251220483,0.03225,0.03228,0.03222,0.03227,0.062015503876,0.186219739292,0.0322772610315,-2.24958106371,2804032.41,28040.3241,-0.166359588015,OKX_CONTRACT_OI_HISTORY,5911028.36,591102.836,0.656739931049,OKX_CONTRACT_OI_HISTORY,1.39,0.581589958159,0.418410041841,OKX_GLOBAL_ACCOUNT_RATIO,1.24,0.553571428571,0.446428571429,OKX_GLOBAL_ACCOUNT_RATIO,,,,,PRICE_DOWN_OI_DOWN,PRICE_DOWN_OI_UP,PASS,PASS,0.755376821249,1.04911760984,0.248524386455,0.293740788594,-0.469527094198,1.99745008634,0.204228707564,1.34594927496,1.09649122807,1.14172056739,1.72388392449,4.07360920805,1.29849377083,1.99619093412,0.655021834061,0.697697163295,-1.87223614659,0.838616724363,0.136167126906,0.31329316186,0.186277553555,0.177126034954,-0.255314629946,1.73044830838,1.1503307049,2.47583606644,1.28688010044,1.32550536154,-3.6463202577,-3.49678198086
2026-10-01T07:00:00Z,2026-10-01T09:00:00+02:00,2026-10-01T09:00:00Z,84121.45,84214.18,83321.71,83429.93,1433.53387,119895707.4,168512,657.02164,54951941.4496,64943765.95,0.458331183338,-0.822049548599,1.0711133989,2715.21,2721.01,2675,2677.48,24071.1691,64818931.2141,208645,9040.7079,24343619.5478,40475311.6663,0.375563420931,-1.38957944321,1.72,0.03228,0.0323,0.03207,0.03209,-0.557793616362,0.717181166199,0.0320925595886,-0.797564500949,2813356.42,28133.5642,0.332521477525,OKX_CONTRACT_OI_HISTORY,5726247.45,572624.745,-3.12603660051,OKX_CONTRACT_OI_HISTORY,1.45,0.591836734694,0.408163265306,OKX_GLOBAL_ACCOUNT_RATIO,1.41,0.585062240664,0.414937759336,OKX_GLOBAL_ACCOUNT_RATIO,,,,,PRICE_DOWN_OI_UP,PRICE_DOWN_OI_DOWN,PASS,PASS,-0.386942666984,-0.689522156324,-0.310655483069,-0.30257948934,-0.655595652307,-1.20144582037,-0.207205086506,0.294799614925,0.501096147823,0.502004701431,2.30125797406,0.257098094966,0.150063165537,0.0975748354126,-0.0622858922454,-0.0524883301243,-1.89115145294,-1.9141736947,-0.656148648914,-1.2859649899,-0.619386807061,-0.629816340984,0.322750498037,-4.84469953442,0.559168748744,1.25439150478,0.690304361468,0.695222756034,-2.78914273561,-6.58953739516
2026-10-01T08:00:00Z,2026-10-01T10:00:00+02:00,2026-10-01T09:00:00Z,83429.93,83582.44,83186,83566.97,1428.79733,119198333.591,153961,828.72898,69136421.5906,50061912.0006,0.580011645362,0.164257599161,0.47657057678,2677.47,2688.55,2673.13,2687.19,27349.6213,73270912.1899,158487,17007.8899,45564093.9756,27706818.2143,0.621857878028,0.362654436261,0.576851855316,0.0321,0.03217,0.03208,0.03215,0.186974135245,0.280548628429,0.0321561257995,-1.90501788113,2828526.92,28285.2692,0.539231356971,OKX_CONTRACT_OI_HISTORY,5841502.33,584150.233,2.01274710893,OKX_CONTRACT_OI_HISTORY,1.53,0.604743083004,0.395256916996,OKX_GLOBAL_ACCOUNT_RATIO,1.54,0.606299212598,0.393700787402,OKX_GLOBAL_ACCOUNT_RATIO,2.10721559119e-05,OKX_FUNDING_HISTORY,8.05030353776e-05,OKX_FUNDING_HISTORY,PRICE_UP_OI_UP,PRICE_UP_OI_UP,PASS,PASS,-0.645630644914,-0.752704454548,-0.155279503106,-0.107073809634,0.710305140419,1.00603108042,-0.127901155425,0.174090034743,0.312012480499,0.301991190168,2.84084130926,2.52834247594,0.607446858332,0.601996922628,-0.0310945273632,-0.0054499357045,-2.03626482868,-0.113485842951,-0.366072875257,-0.799235096942,-0.433570764943,-0.433162221685,1.26588454489,-3.33513620445,0.729213374798,1.35061741433,0.594493116395,0.62140403953,-2.76328740525,-4.46780206343
2026-10-01T09:00:00Z,2026-10-01T11:00:00+02:00,2026-10-01T13:00:00Z,83566.98,83896.01,83558.46,83782.01,721.11462,60393022.3278,98113,368.55036,30865324.174,29527698.1538,0.511074342437,0.257326548994,0.403968670557,2687.19,2699,2686.37,2691.18,8064.3247,21715576.2491,83072,4421.0269,11902853.5122,9812722.73697,0.548125151072,0.148482243533,0.470151170539,0.03215,0.03217,0.03212,0.03212,-0.0933125972006,0.155666251557,0.0321212155211,-0.378416902622,2806911.16,28069.1116,-0.764205560398,OKX_CONTRACT_OI_HISTORY,5796672.94,579667.294,-0.767429121269,OKX_CONTRACT_OI_HISTORY,1.48,0.596774193548,0.403225806452,OKX_GLOBAL_ACCOUNT_RATIO,1.47,0.595141700405,0.404858299595,OKX_GLOBAL_ACCOUNT_RATIO,,,,,PRICE_UP_OI_DOWN,PRICE_UP_OI_DOWN,PASS,PASS,-0.604414586148,-0.985297796877,-0.403100775194,-0.380883210729,-0.0638657326258,-1.29057668962,0.0290003118518,0.255931691943,0.218408736349,0.226931380091,2.03123983563,1.7106746054,0.179357162407,0.0933547069741,-0.0622277535781,-0.086002455433,-1.27246028969,1.23622623908,-0.564931452808,-0.973274507567,-0.403100775194,-0.408343054759,-0.501284862576,-4.4232079711,1.35001072388,1.87882114668,0.532081377152,0.5288104228,-3.68093267205,-5.87460205114
2026-10-01T10:00:00Z,2026-10-01T12:00:00+02:00,2026-10-01T13:00:00Z,83782.01,84098.01,83418.23,83966.28,465.6863,39008479.7985,132464,227.39685,19050468.3258,19958011.4728,0.488367360742,0.219939817629,0.814905806561,2691.18,2706.12,2677,2701.92,9316.3777,25074904.2423,126362,4758.4972,12811938.3008,12262965.9415,0.510946649167,0.399081443828,1.08778483377,0.03212,0.03218,0.03209,0.03217,0.155666251557,0.280461202867,0.0321786317079,-2.68243471309,2809388.86,28093.8886,0.0882714079202,OKX_CONTRACT_OI_HISTORY,5750397.5,575039.75,-0.798310349385,OKX_CONTRACT_OI_HISTORY,1.46,0.593495934959,0.406504065041,OKX_GLOBAL_ACCOUNT_RATIO,1.46,0.593495934959,0.406504065041,OKX_GLOBAL_ACCOUNT_RATIO,,,,,PRICE_UP_OI_UP,PRICE_UP_OI_DOWN,PASS,PASS,-0.184459492793,-0.489464903267,-0.309885342423,-0.305005410474,0.191026679324,-2.71747740354,0.335098466467,0.555266096018,0.186857676736,0.220167629551,2.42002370369,1.18547909405,0.0575204297623,0.234084307448,0.155666251557,0.176563877686,-1.0395544715,-0.0174892966732,-0.0764127401851,-0.474436422573,-0.402476780186,-0.398023682387,-0.828463325227,-5.6070351601,1.21297010608,1.70593992321,0.437090227911,0.492969817135,-3.78946393742,-5.63709044996
2026-10-01T11:00:00Z,2026-10-01T13:00:00+02:00,2026-10-01T13:00:00Z,83966.27,84048.01,83780.8,83905.76,424.0186,35581925.5633,96466,160.18107,13440640.5903,22141284.973,0.377737864871,-0.0720765526352,0.318939422875,2701.92,2708.63,2695.13,2706.56,6979.3011,18854254.8765,91837,3746.8,10122753.2094,8731501.66707,0.536894895912,0.171729732931,0.500903481465,0.03218,0.03225,0.03215,0.03225,0.248678893379,0.311041990669,0.032257141822,-2.21402813904,2817413.32,28174.1332,0.285630092518,OKX_CONTRACT_OI_HISTORY,5762631.7,576263.17,0.212753987877,OKX_CONTRACT_OI_HISTORY,1.47,0.595141700405,0.404858299595,OKX_GLOBAL_ACCOUNT_RATIO,1.4,0.583333333333,0.416666666667,OKX_GLOBAL_ACCOUNT_RATIO,,,,,PRICE_DOWN_OI_UP,PRICE_UP_OI_UP,PASS,PASS,0.570334890608,1.0860958812,0.498597693986,0.515760990594,0.144201423295,0.635394301725,0.337416710115,0.76507533479,0.404732254047,0.427658624675,2.57361271155,1.66943949868,-0.0112017899984,0.324709022166,0.311041990669,0.335910812165,-0.309204892283,1.20269182155,-0.536107952286,-0.948226330024,-0.401482396541,-0.412118377738,-0.345360374236,-5.56189230108,0.990845970766,1.40726863994,0.373482726424,0.416422669174,-3.92335549372,-4.30308129181
2026-10-01T12:00:00Z,2026-10-01T14:00:00+02:00,2026-10-01T13:00:00Z,83905.76,84054.01,83657.02,83736.02,410.88076,34468630.8872,103785,159.56345,13384355.6658,21084275.2214,0.388305404691,-0.202298388096,0.474544754284,2706.56,2711.6,2688.52,2692.75,12190.9154,32948217.2995,148334,5425.9027,14667753.8727,18280463.4268,0.445175948045,-0.510241782927,0.858464880306,0.03225,0.03226,0.03214,0.03215,-0.31007751938,0.373366521469,0.0321576067265,-2.3654516758,2820026.81,28200.2681,0.0927620374848,OKX_CONTRACT_OI_HISTORY,5789423.65,578942.365,0.464925599878,OKX_CONTRACT_OI_HISTORY,1.44,0.590163934426,0.409836065574,OKX_GLOBAL_ACCOUNT_RATIO,1.3,0.565217391304,0.434782608696,OKX_GLOBAL_ACCOUNT_RATIO,,,,,PRICE_DOWN_OI_UP,PRICE_DOWN_OI_UP,PASS,PASS,0.202292843692,0.20690758748,0,0.00461474378814,-0.300513668083,-0.891528874902,0.271814916303,0.290134676122,-0.0310945273632,0.0183197598187,2.03354356313,1.63828023072,-1.8223638978,-1.40094690243,0.374648766781,0.421416995374,0.772232070927,1.57939719266,-0.707707613344,-1.61062250852,-0.924499229584,-0.902914895179,-0.444463584972,-5.99358954697,0.186971126379,0.0683783552776,-0.124262193228,-0.118592771102,-3.06049310788,-1.13793302223
2026-10-01T13:00:00Z,2026-10-01T15:00:00+02:00,2026-10-01T16:00:00Z,83736.02,84023.78,83400,83939.67,998.33278,83557666.082,252959,499.53927,41821139.7042,41736526.3778,0.500506316956,0.243204776152,0.74793764988,2692.75,2702.04,2683,2697.67,13557.2367,36484738.0243,297279,6554.1011,17643738.2346,18840999.7897,0.483592296124,0.182712840033,0.70965337309,0.03215,0.03219,0.03212,0.03214,-0.0311041990669,0.217932752179,0.0321382011628,0.559719313333,2842972.85,28429.7285,0.813681625956,OKX_CONTRACT_OI_HISTORY,5698803.15,569880.315,-1.56527670937,OKX_CONTRACT_OI_HISTORY,1.41,0.585062240664,0.414937759336,OKX_GLOBAL_ACCOUNT_RATIO,1.4,0.583333333333,0.416666666667,OKX_GLOBAL_ACCOUNT_RATIO,,,,,PRICE_UP_OI_UP,PRICE_UP_OI_DOWN,PASS,PASS,0.188178822637,0.241158153672,0.0622665006227,0.0529793310349,1.28474639717,-1.68837867882,0.504800937091,0.284757305735,-0.186335403727,-0.220043631356,2.04842690273,-0.513750840598,-0.824773912914,-0.454981549815,0.374765771393,0.369792363099,3.37872010359,0.933860860709,-0.309192362329,-1.06937359498,-0.741198270537,-0.760181232652,-0.0506118581691,-7.32722015525,0.355897797267,0.260903499154,-0.0932545850171,-0.0949942981122,-1.73328483112,-3.64304255132
2026-10-01T14:00:00Z,2026-10-01T16:00:00+02:00,2026-10-01T16:00:00Z,83938.6,84332.01,83552.66,84050.65,1143.4352,96015167.3738,320913,612.27793,51416141.6665,44599025.7072,0.535500203488,0.132214005607,0.932765037044,2697.66,2705.35,2681.6,2690.16,17869.6103,48101005.0239,358289,9712.6339,26151564.9676,21949440.0563,0.543680219459,-0.278388387015,0.885665274463,0.03214,0.03214,0.03201,0.03201,-0.404480398258,0.406123086535,0.0320064151794,1.12003189401,2842567.15,28425.6715,-0.0142702734569,OKX_CONTRACT_OI_HISTORY,5726885.45,572688.545,0.492775399691,OKX_CONTRACT_OI_HISTORY,1.4,0.583333333333,0.416666666667,OKX_GLOBAL_ACCOUNT_RATIO,1.44,0.590163934426,0.409836065574,OKX_GLOBAL_ACCOUNT_RATIO,,,,,PRICE_UP_OI_DOWN,PRICE_DOWN_OI_UP,PASS,PASS,0.100480812059,-0.435246047255,-0.497357786758,-0.535726859315,1.18097891226,-0.40887695155,0.670577038566,0.116858080699,-0.559179869525,-0.553718957867,0.898281951741,-1.1800185583,0.299093043068,0.446568590845,0.156445556946,0.147475547777,2.75764307754,0.587781979323,0.35657651679,-0.768353996142,-1.14268066708,-1.12493051293,1.81589891006,-5.31697906343,1.24144784389,0.863474971224,-0.373482726424,-0.377972872669,-1.0706939812,-1.33698586856
2026-10-01T15:00:00Z,2026-10-01T17:00:00+02:00,2026-10-01T16:00:00Z,84050.65,84744,83831.99,84162.65,2235.93216,188195949.255,265616,1353.8581,114017191.078,74178758.1771,0.605842960645,0.133252984956,1.08790212424,2690.17,2696.38,2673.42,2682.69,25206.3288,67604270.7547,253050,10765.1488,28890096.4296,38714174.3252,0.427341292304,-0.277678651084,0.858825025623,0.03201,0.03202,0.03187,0.03189,-0.37488284911,0.470662064638,0.031875065721,4.68525435291,2858679.24,28586.7924,0.566814754051,OKX_CONTRACT_OI_HISTORY,5747460.12,574746.012,0.359264563254,OKX_CONTRACT_OI_HISTORY,1.37,0.57805907173,0.42194092827,OKX_GLOBAL_ACCOUNT_RATIO,1.53,0.604743083004,0.395256916996,OKX_GLOBAL_ACCOUNT_RATIO,,,,,PRICE_UP_OI_UP,PRICE_DOWN_OI_UP,PASS,PASS,0.306164916449,-0.881931307638,-1.11627906977,-1.18809622409,1.46467398685,-0.263275197684,0.487904997026,-0.496277915633,-0.931966449208,-0.984182912659,0.944830274621,-0.83545026314,0.0335415596207,-0.0383795626965,0,-0.0719211223173,3.13188040153,0.171939813715,1.31777579814,0.318603529319,-0.931966449208,-0.999172268822,1.75236557637,-0.463671921885,0.950761664867,0.177001064247,-0.716064757161,-0.773760600621,-1.37046266418,-1.23338898401
2026-10-01T16:00:00Z,2026-10-01T18:00:00+02:00,2026-10-01T18:00:00Z,84162.66,84625.98,84064,84202.01,751.73824,63379072.7301,196356,414.77389,34972543.6778,28406529.0523,0.551799547884,0.0467665882669,0.668514465169,2682.68,2694.52,2676.35,2680.27,15940.3055,42782926.3787,193868,6435.559,17273784.517,25509141.8617,0.403754160341,-0.0902079629029,0.678909709119,0.03188,0.03192,0.03182,0.03183,-0.188146754468,0.314267756128,0.0318314254018,-0.447797050298,2838683.79,28386.8379,-0.69946462409,OKX_CONTRACT_OI_HISTORY,5732558.52,573255.852,-0.259272786394,OKX_CONTRACT_OI_HISTORY,1.3,0.565217391304,0.434782608696,OKX_GLOBAL_ACCOUNT_RATIO,1.53,0.604743083004,0.395256916996,OKX_GLOBAL_ACCOUNT_RATIO,6.2504860528e-05,OKX_FUNDING_HISTORY,4.02660948329e-05,OKX_FUNDING_HISTORY,PRICE_UP_OI_DOWN,PRICE_DOWN_OI_DOWN,PASS,PASS,0.55649886393,-0.463466716182,-0.99533437014,-1.01996558011,0.661588745676,-0.982224370469,0.109380560055,-1.00828418102,-1.14906832298,-1.11766474107,1.07194266621,-0.877727794822,-0.174784799994,-0.57718773068,-0.40675844806,-0.402402930686,2.37723002283,-0.324681406941,1.37337172909,0.159940806954,-1.2104283054,-1.21343092213,-0.0279209907911,-0.788946110502,0.572016564126,-0.263456565018,-0.841121495327,-0.835473129144,0.661787925618,-1.61981421003
2026-10-01T17:00:00Z,2026-10-01T19:00:00+02:00,2026-10-01T18:00:00Z,84202,85078.85,84198,84908.01,1161.14234,98482539.1224,219928,610.23249,51759952.709,46722586.4133,0.525574920898,0.838459794487,1.04616499204,2680.26,2713,2680.25,2701.05,17092.8051,46162919.2409,231534,8263.443,22322210.194,23840709.0469,0.483552829004,0.775295026247,1.22190094208,0.03184,0.0319,0.03181,0.03182,-0.0314169022934,0.282929896259,0.0318114863368,2.67628588882,2893317.16,28933.1716,1.92460217628,OKX_CONTRACT_OI_HISTORY,5744032.49,574403.249,0.200154432963,OKX_CONTRACT_OI_HISTORY,1.2,0.545454545455,0.454545454545,OKX_GLOBAL_ACCOUNT_RATIO,1.36,0.576271186441,0.423728813559,OKX_GLOBAL_ACCOUNT_RATIO,,,,,PRICE_UP_OI_UP,PRICE_UP_OI_UP,PASS,PASS,1.15361425652,0.12529330867,-0.99564405725,-1.02832094785,1.77083330219,0.793663841503,0.731426236673,-0.622157794817,-1.33333333333,-1.35358403149,3.01249868552,-2.18697165895,1.04312123102,0.68326176418,-0.31328320802,-0.359859466845,4.15849749884,1.08331345687,2.20274895848,1.02066004428,-1.1187072716,-1.1820889142,1.64217981623,-0.699758997051,1.22517400683,0.198092524789,-0.964830376595,-1.02708148204,2.89398782185,-0.034069150241
2026-10-01T18:00:00Z,2026-10-01T20:00:00+02:00,2026-10-01T21:00:00Z,84908,85273.65,84671.01,84802.02,823.15515,69913644.3085,154380,455.35853,38687291.2977,31226353.0108,0.553358241876,-0.124829212226,0.711743015703,2701.05,2714.76,2693.28,2700.38,10187.2986,27536275.6546,148269,4743.4753,12824765.7003,14711509.9544,0.465740750896,-0.0248051683605,0.797540545357,0.03181,0.03188,0.0318,0.03184,0.0628535512256,0.251572327044,0.0318433452411,-1.05053066605,2893310.31,28933.1031,-0.000236752475424,OKX_CONTRACT_OI_HISTORY,5718955.33,571895.533,-0.436577614135,OKX_CONTRACT_OI_HISTORY,1.2,0.545454545455,0.454545454545,OKX_GLOBAL_ACCOUNT_RATIO,1.34,0.57264957265,0.42735042735,OKX_GLOBAL_ACCOUNT_RATIO,,,,,PRICE_DOWN_OI_DOWN,PRICE_DOWN_OI_DOWN,PASS,PASS,0.893949065236,0.379903054093,-0.531084036239,-0.514046011143,1.78511737181,-0.138471776138,0.809032654573,-0.546182431561,-1.33250697242,-1.35521508613,3.18391113033,-3.24940125985,1.01491363907,0.792415504918,-0.250626566416,-0.222498134153,4.96268198697,0.691840039274,1.38931133429,0.167664492963,-1.21005274589,-1.22164684133,3.09407472721,0.762409335169,0.905306076699,0.0262995106809,-0.871731008717,-0.879006566018,3.23517026069,0.340714918808
2026-10-01T19:00:00Z,2026-10-01T21:00:00+02:00,2026-10-01T21:00:00Z,84802.02,84892.01,84585.81,84675.36,467.44684,39590451.5917,109072,186.41621,15787972.2622,23802479.3296,0.398782323197,-0.149359649688,0.361999252593,2700.37,2706.24,2692.75,2700.7,5958.7332,16083235.1329,105388,2816.8442,7603380.23707,8479854.8958,0.472751916779,0.0118501840482,0.500974839848,0.03184,0.0319,0.03182,0.0319,0.188442211055,0.251414204903,0.0318947566329,1.6439589736,2894102.99,28941.0299,0.0273969922016,OKX_CONTRACT_OI_HISTORY,5681300.27,568130.027,-0.658425496042,OKX_CONTRACT_OI_HISTORY,1.18,0.54128440367,0.45871559633,OKX_GLOBAL_ACCOUNT_RATIO,1.34,0.57264957265,0.42735042735,OKX_GLOBAL_ACCOUNT_RATIO,,,,,PRICE_DOWN_OI_UP,PRICE_UP_OI_DOWN,PASS,PASS,0.60918946825,0.67134107929,0.0313577924114,0.0621516110399,1.2391649089,-1.15111455528,1.49278562262,0.86723336869,-0.592084761608,-0.625552253928,2.87011519145,-0.784932547754,1.28248740837,1.16458958425,-0.0939555277169,-0.117897824124,5.23742192022,-0.529852499416,1.29357354672,0.397396292207,-0.870105655687,-0.89617725451,3.35173128666,1.12222615822,1.54194398962,1.01739293062,-0.499064254523,-0.524551059003,4.35798961524,1.02818584713
2026-10-01T20:00:00Z,2026-10-01T22:00:00+02:00,2026-10-01T21:00:00Z,84675.36,84860.05,84563.54,84634,394.36355,33415154.8617,68598,157.51914,13348077.6227,20067077.2391,0.39946179145,-0.0488453783958,0.350635746801,2700.7,2706.55,2695.99,2698.82,5198.2971,14040842.1959,60922,2452.0939,6622736.9208,7418105.27515,0.471676615147,-0.0696115821824,0.391692847525,0.0319,0.0319,0.03185,0.03189,-0.0313479623824,0.156985871272,0.0318881300659,0.586404428602,2883009.31,28830.0931,-0.383320152681,OKX_CONTRACT_OI_HISTORY,5677102.25,567710.225,-0.0738918874288,OKX_CONTRACT_OI_HISTORY,1.18,0.54128440367,0.45871559633,OKX_GLOBAL_ACCOUNT_RATIO,1.33,0.570815450644,0.429184549356,OKX_GLOBAL_ACCOUNT_RATIO,,,,,PRICE_DOWN_OI_DOWN,PRICE_DOWN_OI_DOWN,PASS,PASS,0.513040009377,0.692094453171,0.188501413761,0.179054443793,1.56148142164,-0.96739125831,1.27685615501,0.432794108344,-0.808709175739,-0.844062046666,1.92617541006,-2.81434587736,1.14732188581,0.607637594501,-0.499219968799,-0.539684291309,4.82173630606,-0.357159703648,1.2169982464,0.355488126845,-0.839552238806,-0.861510119551,2.80190666077,0.923405147905,1.29985158232,0.593387752059,-0.685144814699,-0.706463830265,2.93875963023,1.3855727521
2026-10-01T21:00:00Z,2026-10-01T23:00:00+02:00,2026-10-01T23:00:00Z,84634.01,84687.4,84493.35,84544.99,302.67133,25600860.0023,59792,117.90506,9971948.18562,15628911.8167,0.389516140657,-0.105170498854,0.229663044488,2698.82,2699.19,2689.47,2693.45,5216.9454,14054860.292,57182,3362.8255,9059472.81654,4995387.47541,0.644579357486,-0.198975848704,0.361409497038,0.03189,0.03189,0.03183,0.03185,-0.125431169646,0.188501413761,0.0318581858014,-2.56944996194,2869579.48,28695.7948,-0.465826799567,OKX_CONTRACT_OI_HISTORY,5646895.29,564689.529,-0.532084127955,OKX_CONTRACT_OI_HISTORY,1.17,0.539170506912,0.460829493088,OKX_GLOBAL_ACCOUNT_RATIO,1.33,0.570815450644,0.429184549356,OKX_GLOBAL_ACCOUNT_RATIO,,,,,PRICE_DOWN_OI_DOWN,PRICE_DOWN_OI_DOWN,PASS,PASS,-0.427545057292,-0.281372059014,0.0942803268385,0.146172998278,-0.820431314208,-1.69109767692,0.910672828212,0.0843496161535,-0.840597758406,-0.826323212059,2.23264351551,-2.58385545554,0.939937238024,0.340497185496,-0.624024960998,-0.599440052528,4.30923369562,-0.917382209261,1.24664701651,0.522870450542,-0.747896540978,-0.723776565966,1.67593367793,0.759185741339,1.59458271112,0.713815641873,-0.902302426882,-0.880767069249,2.85744402937,0.819605569428
2026-10-01T22:00:00Z,2026-10-02T00:00:00+02:00,2026-10-01T23:00:00Z,84544.99,84788.01,84537.12,84749.73,453.96769,38456110.5818,78116,198.64293,16826330.394,21629780.1878,0.437546338915,0.242166922014,0.296780869753,2693.44,2704.08,2692.88,2703.23,5056.8302,13655438.9309,77540,3253.2695,8784804.80028,4870634.13059,0.64331910858,0.363103083406,0.415911589079,0.03186,0.0319,0.03185,0.03189,0.125588697017,0.156985871272,0.0318966207916,-2.07570314032,2864753.9,28647.539,-0.168163315693,OKX_CONTRACT_OI_HISTORY,5655862.8,565586.28,0.158804255072,OKX_CONTRACT_OI_HISTORY,1.17,0.539170506912,0.460829493088,OKX_GLOBAL_ACCOUNT_RATIO,1.32,0.568965517241,0.431034482759,OKX_GLOBAL_ACCOUNT_RATIO,,,,,PRICE_UP_OI_DOWN,PRICE_UP_OI_UP,PASS,PASS,-0.0616612670311,0.105540701679,0.157035175879,0.16720196871,-0.986980549625,-1.10321774449,0.933053125612,0.0484840409783,-0.870376126826,-0.884569084634,1.9707147269,-1.6439680909,1.27127823879,0.604019352438,-0.685144814699,-0.667258886357,4.43843019412,-0.47797789488,1.3607136104,0.79796258525,-0.592269326683,-0.562751025152,1.97712253385,1.75367684838,1.44321537834,0.580811275404,-0.870376126826,-0.862404102934,1.83242557064,0.722001403407
2026-10-01T23:00:00Z,2026-10-02T01:00:00+02:00,2026-10-02T02:00:00Z,84749.74,84900,84644.69,84880.05,334.26683,28336324.3817,56553,162.48854,13776406.1399,14559918.2418,0.486174775327,0.153770401392,0.301625536109,2703.23,2707.22,2698.5,2706.42,2648.6171,7162163.92082,46271,1549.369,4189757.17594,2972406.74487,0.584984820546,0.118006976839,0.323142486567,0.03189,0.03191,0.03188,0.03189,0,0.0941028858218,0.0318852309818,1.49568248831,2863342.88,28633.4288,-0.0492544926808,OKX_CONTRACT_OI_HISTORY,5676227.74,567622.774,0.360067786651,OKX_CONTRACT_OI_HISTORY,1.17,0.539170506912,0.460829493088,OKX_GLOBAL_ACCOUNT_RATIO,1.3,0.565217391304,0.434782608696,OKX_GLOBAL_ACCOUNT_RATIO,,,,,PRICE_UP_OI_DOWN,PRICE_UP_OI_UP,PASS,PASS,0.241735021853,0.211796941534,-0.0313479623824,-0.0299380803192,-1.06285471202,-0.0892846665188,1.16117177176,-0.0051726176401,-1.11627906977,-1.1663443894,1.63020312547,-1.49938369304,1.50250646947,0.759863142728,-0.716064757161,-0.742643326737,4.24577095188,0.145024502031,1.45390483754,1.06199448838,-0.37488284911,-0.391910349153,2.86997914009,3.0006025475,1.65274231704,0.658680184921,-0.962732919255,-0.994062132115,1.64202534959,0.296068440719
2026-10-02T00:00:00Z,2026-10-02T02:00:00+02:00,2026-10-02T02:00:00Z,84880.05,84958.48,84705.04,84784.89,801.38264,68009105.0365,104867,361.44181,30672755.7079,37336349.3286,0.451009547787,-0.112111149793,0.299202975407,2706.43,2709.4,2701.35,2708.38,3868.7533,10467635.0297,91170,2265.7879,6130851.45453,4336783.57515,0.585695951105,0.0724203929915,0.297999148574,0.03188,0.03194,0.03187,0.03194,0.156788962057,0.219642296831,0.0319441353288,-1.29455024775,2885986.89,28859.8689,0.79082425504,OKX_CONTRACT_OI_HISTORY,5719501.9,571950.19,0.762375330628,OKX_CONTRACT_OI_HISTORY,1.15,0.53488372093,0.46511627907,OKX_GLOBAL_ACCOUNT_RATIO,1.27,0.559471365639,0.440528634361,OKX_GLOBAL_ACCOUNT_RATIO,3.2181372956e-06,OKX_FUNDING_HISTORY,1.48696644614e-05,OKX_FUNDING_HISTORY,PRICE_DOWN_OI_UP,PRICE_UP_OI_UP,PASS,PASS,0.178285322684,0.354228885217,0.156788962057,0.175943562533,0.103280276955,0.746853731585,1.2525911788,0.580447497911,-0.653188180404,-0.672143680891,2.33898769211,-1.20774975588,1.52781082477,0.872266253501,-0.68407960199,-0.655544571269,4.42009558889,0.410744149352,1.59553791483,1.33801288623,-0.312109862672,-0.257525028599,3.69522673145,1.87998443138,1.92244603609,1.16351602216,-0.776638707673,-0.758930013934,2.44481290431,0.357843366513
2026-10-02T01:00:00Z,2026-10-02T03:00:00+02:00,2026-10-02T02:00:00Z,84784.89,84986.39,84520,84910,372.71637,31579349.2036,91539,187.63651,15906630.4584,15672718.7452,0.503703554999,0.147561670482,0.551810222433,2708.37,2719.09,2696.56,2716.03,5890.7617,15955095.038,100535,3660.0523,9915420.33443,6039674.70355,0.621457929948,0.282456671516,0.83550894473,0.03194,0.032,0.0319,0.03198,0.125234815279,0.313479623824,0.0319871628783,-2.23929779863,2898623.28,28986.2328,0.437853340352,OKX_CONTRACT_OI_HISTORY,5736866.19,573686.619,0.303597940933,OKX_CONTRACT_OI_HISTORY,1.15,0.53488372093,0.46511627907,OKX_GLOBAL_ACCOUNT_RATIO,1.24,0.553571428571,0.446428571429,OKX_GLOBAL_ACCOUNT_RATIO,,,,,PRICE_UP_OI_UP,PRICE_UP_OI_UP,PASS,PASS,0.431734630284,0.838330022833,0.408163265306,0.406595392549,1.01212739366,1.59328082742,1.15598500685,0.680587321652,-0.497822028625,-0.475397685199,1.95747314295,0.667912875706,1.66662136709,0.967282649507,-0.683229813665,-0.699338717582,4.04599745215,0.150730627095,1.75197706932,1.62615011019,-0.156103652825,-0.125826959122,3.85780528098,0.991597607643,2.21746039389,1.89149950668,-0.373831775701,-0.325960887215,2.70155718488,-0.00818986362777
2026-10-02T02:00:00Z,2026-10-02T04:00:00+02:00,2026-10-02T06:00:00Z,84910.01,85189.97,84866.51,85188,641.82776,54569822.1267,104543,358.9102,30524167.235,24045654.8918,0.559359844789,0.327405488164,0.38113974523,2716.03,2723,2708.95,2721.04,10481.9869,28480162.8105,131639,6525.7658,17733347.956,10746814.8545,0.622656129952,0.184460407286,0.518651137895,0.03199,0.03199,0.0319,0.03194,-0.125078173859,0.282131661442,0.0319415880171,-0.497162849497,2921060.73,29210.6073,0.774072648723,OKX_CONTRACT_OI_HISTORY,5859047.7,585904.77,2.12976049909,OKX_CONTRACT_OI_HISTORY,1.11,0.526066350711,0.473933649289,OKX_GLOBAL_ACCOUNT_RATIO,1.18,0.54128440367,0.45871559633,OKX_GLOBAL_ACCOUNT_RATIO,,,,,PRICE_UP_OI_UP,PRICE_UP_OI_UP,PASS,PASS,0.517134390871,0.658841460031,0.156788962057,0.141707069161,1.96550321478,3.59246514961,1.35317216464,1.14788711452,-0.218681661981,-0.20528505012,2.76136238329,2.30775089102,2.03282326504,1.26608659407,-0.776638707673,-0.766736670965,3.68444915495,1.10050044392,2.16265146068,1.74051875311,-0.436408977556,-0.422132707568,4.66456887305,2.82748302223,2.67647292792,2.38596042338,-0.249843847595,-0.290512504536,3.13306148315,1.30755940151
2026-10-02T03:00:00Z,2026-10-02T05:00:00+02:00,2026-10-02T06:00:00Z,85187.99,85569,85187.99,85512.9,779.56243,66545460.207,133023,485.0302,41396365.3354,25149094.8716,0.62207647534,0.381391745316,0.447257882244,2721.05,2728,2714.6,2719.65,16633.8055,45258827.9595,131103,11947.6298,32515020.5864,12743807.373,0.718423831381,-0.0510834092847,0.49362705371,0.03193,0.03195,0.03179,0.03181,-0.407013149656,0.503302925448,0.0318039734356,1.89490927141,2985944.2,29859.442,2.2212297517,OKX_CONTRACT_OI_HISTORY,5899145.94,589914.594,0.684381525004,OKX_CONTRACT_OI_HISTORY,1.08,0.519230769231,0.480769230769,OKX_GLOBAL_ACCOUNT_RATIO,1.15,0.53488372093,0.46511627907,OKX_GLOBAL_ACCOUNT_RATIO,,,,,PRICE_UP_OI_UP,PRICE_DOWN_OI_UP,PASS,PASS,0.745581558918,0.488837652692,-0.250862339291,-0.256743906225,4.28175475792,3.92722438582,1.60433398901,1.37772161524,-0.250862339291,-0.226612373764,4.45187967294,2.63918003488,2.10006661174,0.874606371496,-1.18049083566,-1.22546024024,5.4387726545,1.7816807352,2.65574158185,1.80045292059,-0.810726535703,-0.855288661259,6.2596146553,3.46667652139,2.94078523423,2.04299864926,-0.841645885287,-0.897786584977,4.3264038809,2.05804285706
2026-10-02T04:00:00Z,2026-10-02T06:00:00+02:00,2026-10-02T06:00:00Z,85512.89,86912.75,85453.36,86652.12,2677.54548,231253828.666,304606,1502.73126,129760201.952,101493626.714,0.561115907574,1.33222005101,1.70782049998,2719.65,2748,2714.39,2742.76,28262.0914,77368016.8288,292755,17134.5927,46909294.439,30458722.3898,0.60631377618,0.849741694703,1.23821558435,0.0318,0.0318,0.0316,0.03165,-0.502986482238,0.632911392405,0.0316525435269,-0.803577418368,2950327.01,29503.2701,-1.19282838574,OKX_CONTRACT_OI_HISTORY,6002816.54,600281.654,1.7573832052,OKX_CONTRACT_OI_HISTORY,1.04,0.509803921569,0.490196078431,OKX_GLOBAL_ACCOUNT_RATIO,1.06,0.514563106796,0.485436893204,OKX_GLOBAL_ACCOUNT_RATIO,,,,,PRICE_UP_OI_DOWN,PRICE_UP_OI_UP,PASS,PASS,2.20231458695,1.26939351199,-0.90795241077,-0.932921074962,2.22939751469,4.95348449836,2.9097998967,2.33148152985,-0.565504241282,-0.578318366855,3.93292202511,4.71443979258,3.02236321218,1.29968938938,-1.70807453416,-1.7226738228,5.04702336053,3.79533204933,4.13665375115,2.72509363296,-1.37114365846,-1.41156011819,4.86230874635,4.8100378211,4.13293695286,2.79940181479,-1.27885215221,-1.33353513807,2.76650879231,4.05054888897
2026-10-02T05:00:00Z,2026-10-02T07:00:00+02:00,2026-10-02T06:00:00Z,86652.12,86670.36,85893.27,86002.01,880.04033,75957251.579,160833,417.75804,36063194.9734,39894056.6055,0.474782778784,-0.750252850132,0.904715817665,2742.76,2742.76,2712.57,2720.65,19724.5652,53831878.733,173798,9149.737,24976757.4407,28855121.2924,0.463977071366,-0.806122300165,1.11296666998,0.03164,0.03164,0.03155,0.03163,-0.0631911532385,0.285261489699,0.0316347257465,-1.49384779373,2946397.81,29463.9781,-0.133178457394,OKX_CONTRACT_OI_HISTORY,6072489.88,607248.988,1.16067748424,OKX_CONTRACT_OI_HISTORY,1,0.5,0.5,OKX_GLOBAL_ACCOUNT_RATIO,1.11,0.526066350711,0.473933649289,OKX_GLOBAL_ACCOUNT_RATIO,,,,,PRICE_DOWN_OI_DOWN,PRICE_DOWN_OI_UP,PASS,PASS,1.28607937817,0.170101213904,-1.09443402126,-1.11597816426,1.64818002842,5.85029664079,1.28845323309,0.725643731142,-0.597108736644,-0.562809501951,1.83459493255,5.71823698024,2.02930355476,0.098971287289,-1.92248062016,-1.93033226747,4.90236076629,3.40620909914,3.13970306054,1.70312026885,-1.40274314214,-1.43658279169,3.5844241704,5.85419416614,3.08157565376,1.64802319412,-1.43346837021,-1.43355245963,3.54286856467,5.22772704369
2026-10-02T06:00:00Z,2026-10-02T08:00:00+02:00,2026-10-02T09:00:00Z,86002.01,86098.62,85875.32,85992.95,827.15501,71133730.3551,150826,300.91338,25879564.9611,45254165.394,0.363815658646,-0.0105346375044,0.260028143127,2720.65,2733.45,2720,2729.42,11567.6756,31550176.2201,128341,7101.0893,19365973.3802,12184202.8399,0.613815062239,0.322349438553,0.494485294118,0.03164,0.03176,0.03164,0.03173,0.31615554853,0.379266750948,0.0317400438059,-3.16439573243,2939731.83,29397.3183,-0.22624168323,OKX_CONTRACT_OI_HISTORY,6127698.04,612769.804,0.909151947405,OKX_CONTRACT_OI_HISTORY,1.03,0.507389162562,0.492610837438,OKX_GLOBAL_ACCOUNT_RATIO,1.11,0.526066350711,0.473933649289,OKX_GLOBAL_ACCOUNT_RATIO,,,,,PRICE_DOWN_OI_DOWN,PRICE_UP_OI_UP,PASS,PASS,0.944910081232,0.307970481875,-0.657482780213,-0.636939599358,0.639189038702,4.5852219295,1.40436513187,1.07540420237,-0.345477386935,-0.328960929497,1.6044431819,7.14715689168,2.22475955895,0.523348101988,-1.67338084909,-1.70141145696,4.83943835728,3.66551582574,3.55214169406,2.52998606348,-1.02932002495,-1.02215563059,2.87659649647,4.53487217886,2.36395607702,0.838280877664,-1.49022042844,-1.52567519936,4.5717679332,5.45939399072
2026-10-02T07:00:00Z,2026-10-02T09:00:00+02:00,2026-10-02T09:00:00Z,85992.96,86163.5,85767.45,86089.65,1220.73978,104875936.305,135401,445.79546,38301575.2188,66574361.0863,0.365208422143,0.112451078838,0.4617719193,2729.42,2740.96,2723.69,2737.29,16811.1013,45878405.9201,118073,5641.7484,15400890.8555,30477515.0647,0.335689319335,0.288339647251,0.634066285076,0.03174,0.03181,0.03171,0.03181,0.252127324299,0.315357931252,0.0317958082069,4.46341637167,2915409.73,29154.0973,-0.827357779774,OKX_CONTRACT_OI_HISTORY,6203998.23,620399.823,1.24516889543,OKX_CONTRACT_OI_HISTORY,1.04,0.509803921569,0.490196078431,OKX_GLOBAL_ACCOUNT_RATIO,1.1,0.52380952381,0.47619047619,OKX_GLOBAL_ACCOUNT_RATIO,,,,,PRICE_UP_OI_DOWN,PRICE_UP_OI_UP,PASS,PASS,0.674459642931,0.64861287298,0,-0.0258467699511,-2.36221661476,5.16773602655,1.67024976333,1.35483393194,-0.282131661442,-0.315415831388,0.736212224431,9.20032272823,3.18796863428,2.23381687258,-0.872545964475,-0.954151761696,3.62745755477,8.34317385289,3.34281576646,2.33357135113,-0.934288383681,-1.00924441533,1.66770538558,6.26929731899,2.51090217224,0.919125779764,-1.48652833695,-1.59177639248,3.96191569013,3.09427261367
2026-10-02T08:00:00Z,2026-10-02T10:00:00+02:00,2026-10-02T09:00:00Z,86089.64,86640.61,86062.28,86236,736.95845,63638615.1313,132286,390.8668,33752524.0101,29886091.1212,0.530378040762,0.169997206401,0.671990098333,2737.29,2777.33,2737.16,2753.74,34020.6193,93861744.4749,266961,19804.0817,54620146.7132,39241597.7618,0.5819212824,0.600959343,1.46757953499,0.0318,0.03206,0.03175,0.03193,0.377239861679,0.976377952756,0.031932603553,-0.815327518211,2921153.78,29211.5378,0.197023764478,OKX_CONTRACT_OI_HISTORY,6210451.02,621045.102,0.104010184413,OKX_CONTRACT_OI_HISTORY,1.03,0.507389162562,0.492610837438,OKX_GLOBAL_ACCOUNT_RATIO,1.04,0.509803921569,0.490196078431,OKX_GLOBAL_ACCOUNT_RATIO,7.09670858217e-05,OKX_FUNDING_HISTORY,7.53291922106e-05,OKX_FUNDING_HISTORY,PRICE_UP_OI_UP,PRICE_UP_OI_UP,PASS,PASS,-0.480219064461,0.400326678237,0.88467614534,0.880545742698,-0.98881344004,3.45895095438,1.89285629889,2.03496342846,0.125431169646,0.142107129574,1.32307828031,9.39473602048,3.19388150605,2.47656473863,-0.684292379471,-0.717316767424,3.27473849886,6.31598977724,3.82072949725,3.09347050477,-0.715174129353,-0.727258992483,1.17179132191,6.19533618005,2.81611669694,1.6575360671,-1.11489625271,-1.15858062984,4.5820774523,2.77020671106
2026-10-02T09:00:00Z,2026-10-02T11:00:00+02:00,2026-10-02T13:00:00Z,86236.01,86432.01,86108,86364.02,1441.30154,124277106.117,125846,403.97971,34848819.2706,89428286.8465,0.280412220395,0.148453082239,0.37628327217,2753.73,2754.49,2743.51,2747.19,21045.6699,57879495.386,169024,5756.9809,15827642.2221,42051853.1638,0.273458538583,-0.237858330852,0.400217239959,0.03193,0.03193,0.03179,0.03182,-0.344503601629,0.440390059767,0.0318094271202,3.32381961204,2927248.16,29272.4816,0.208629208148,OKX_CONTRACT_OI_HISTORY,6299942.59,629994.259,1.44098342796,OKX_CONTRACT_OI_HISTORY,1.03,0.507389162562,0.492610837438,OKX_GLOBAL_ACCOUNT_RATIO,1.08,0.519230769231,0.480769230769,OKX_GLOBAL_ACCOUNT_RATIO,,,,,PRICE_UP_OI_UP,PRICE_DOWN_OI_UP,PASS,PASS,0.420932022403,0.975502177788,0.600695542207,0.554570155386,-0.649934300623,3.74562518003,2.15155268219,1.9952106035,-0.094191522763,-0.156342078686,2.00965613261,11.5647141741,3.08181911606,2.08124317214,-0.93399750934,-1.00057594392,4.28716810546,8.68204322047,3.26670374179,2.17654081758,-0.99564405725,-1.09016292421,2.96015530407,10.0255991559,2.49947749775,1.08771245534,-1.33333333333,-1.41176504241,3.76439231813,3.87481042159
2026-10-02T10:00:00Z,2026-10-02T12:00:00+02:00,2026-10-02T13:00:00Z,86364.01,86500,86172,86297.6,452.52546,39081610.4444,94734,181.4496,15669055.7781,23412554.6662,0.400931681166,-0.0769070267919,0.380634080676,2747.19,2753.36,2736.25,2743.48,8707.8374,23904908.7375,119494,4083.3428,11210218.8668,12694689.8708,0.468950498404,-0.135047084475,0.625308359982,0.03181,0.03185,0.03174,0.03179,-0.0942803268385,0.346565847511,0.0317909188668,-0.289034365113,2937369.19,29373.6919,0.345752373793,OKX_CONTRACT_OI_HISTORY,6298447.74,629844.774,-0.0237279940038,OKX_CONTRACT_OI_HISTORY,1.04,0.509803921569,0.490196078431,OKX_GLOBAL_ACCOUNT_RATIO,1.1,0.52380952381,0.47619047619,OKX_GLOBAL_ACCOUNT_RATIO,,,,,PRICE_DOWN_OI_UP,PRICE_DOWN_OI_DOWN,PASS,PASS,0.354273228212,0.51512775608,0.189095493224,0.160854527868,-0.0803692355843,2.78652275105,1.82640109886,1.488959504,-0.313577924114,-0.337441594858,2.53478283073,11.3613954709,2.77649551701,1.53816545272,-1.18122474355,-1.23833006429,4.55545089618,9.53064966378,2.83561299893,1.77585036411,-1.02739726027,-1.05976263482,3.46854003119,9.51149352352,2.69796118052,1.056431413,-1.57894736842,-1.64152976752,3.68924733098,3.38922762604
2026-10-02T11:00:00Z,2026-10-02T13:00:00+02:00,2026-10-02T13:00:00Z,86297.6,86562.5,86274,86424.85,469.71424,40614758.0175,78894,197.45601,17071762.4767,23542995.5409,0.420333969965,0.147454853901,0.334399703271,2743.49,2752,2741.69,2746.63,6292.436,17296822.6434,81901,2894.9218,7958133.97985,9338688.66354,0.460092246069,0.114817676819,0.376045431832,0.0318,0.0318,0.03177,0.03178,-0.0314564328405,0.0944287063267,0.0317805584852,-0.175731714864,2942004.68,29420.0468,0.157810942383,OKX_CONTRACT_OI_HISTORY,6285661.64,628566.164,-0.203003986503,OKX_CONTRACT_OI_HISTORY,1.03,0.507389162562,0.492610837438,OKX_GLOBAL_ACCOUNT_RATIO,1.1,0.52380952381,0.47619047619,OKX_GLOBAL_ACCOUNT_RATIO,,,,,PRICE_UP_OI_UP,PRICE_UP_OI_DOWN,PASS,PASS,0.389361555077,0.341213389886,-0.0943099654197,-0.048148165191,0.912219978082,1.31630292228,1.81998007777,1.48572653173,-0.344935716526,-0.33425354604,2.74720155066,10.736600572,3.00228494444,1.48047706314,-1.45736434109,-1.52180788131,4.42218964167,9.07623404078,2.99074684479,1.8099933279,-1.15085536547,-1.18075351689,4.09931112267,10.3880849868,2.45008150382,0.518212459789,-1.85299567634,-1.93186904403,4.06155677674,3.00953137735
2026-10-02T12:00:00Z,2026-10-02T14:00:00+02:00,2026-10-02T13:00:00Z,86424.85,87220,86308,86810,1981.72073,171987034.706,279572,1125.10868,97684968.1534,74302066.5524,0.567978675372,0.445647287788,1.05668072485,2746.63,2766.66,2738.03,2755.18,22352.6002,61545232.3231,331705,11532.4761,31762959.9422,29782272.3809,0.516091315985,0.311290563345,1.04564230487,0.03178,0.03179,0.03168,0.03173,-0.157331655129,0.347222222222,0.0317380486119,-2.53595046422,2935737.59,29357.3759,-0.21302107514,OKX_CONTRACT_OI_HISTORY,6253004.67,625300.467,-0.519547055988,OKX_CONTRACT_OI_HISTORY,0.99,0.497487437186,0.502512562814,OKX_GLOBAL_ACCOUNT_RATIO,1.13,0.530516431925,0.469483568075,OKX_GLOBAL_ACCOUNT_RATIO,,,,,PRICE_UP_OI_DOWN,PRICE_UP_OI_DOWN,PASS,PASS,0.665615288279,0.0522925185384,-0.626370184779,-0.61332276974,0.499248279904,0.685194197055,2.3885270123,1.72797022574,-0.657482780213,-0.660556786558,1.72387130975,9.32778377082,3.67103666976,2.31844768359,-1.30637636081,-1.35258898617,4.10318013962,8.00737772921,1.78177312502,0.885020560159,-0.936621916953,-0.896752564857,4.90709828352,9.71324322094,2.93734885042,0.670483734832,-2.218798151,-2.26686511559,3.64047941311,1.53385882768
2026-10-02T13:00:00Z,2026-10-02T15:00:00+02:00,2026-10-02T16:00:00Z,86810.01,87150,86465.72,86565.05,1254.08298,108884943.36,308449,494.98848,42981777.2803,65903166.0793,0.394744911042,-0.282167953001,0.791388772337,2755.19,2769.68,2742,2744.53,14614.0165,40273081.9402,334387,6904.3983,19037029.0199,21236052.9203,0.4726985893,-0.386544617775,1.00948212983,0.03173,0.03181,0.03168,0.03171,-0.0630318310747,0.410353535354,0.0317048277567,1.63137404219,2968384.17,29683.8417,1.11204012617,OKX_CONTRACT_OI_HISTORY,6329389.27,632938.927,1.2215663354,OKX_CONTRACT_OI_HISTORY,0.99,0.497487437186,0.502512562814,OKX_GLOBAL_ACCOUNT_RATIO,1.11,0.526066350711,0.473933649289,OKX_GLOBAL_ACCOUNT_RATIO,,,,,PRICE_DOWN_OI_UP,PRICE_DOWN_OI_UP,PASS,PASS,0.232770544956,-0.0968262115107,-0.345694531741,-0.329596756467,1.40527921623,0.467411878431,1.94918148628,1.04932567019,-0.844277673546,-0.899855816092,2.40669046169,10.3283406023,3.12769873887,1.73705456931,-1.33789670193,-1.39064416955,4.41127392405,11.0652377947,2.27712838268,1.2741697417,-0.968144909432,-1.00295864098,7.93903862654,12.1024325803,2.80883577092,0.649105371439,-2.06917850525,-2.15973039948,4.35842943818,2.92724330554
2026-10-02T14:00:00Z,2026-10-02T16:00:00+02:00,2026-10-02T16:00:00Z,86565.06,86838.01,85394.44,85686.93,2161.00785,186144858.37,371207,704.5028,60635524.9841,125509333.386,0.325743754165,-1.01440477421,1.69047305656,2744.53,2751.15,2698.92,2709.77,55857.6413,151795544.358,470851,14104.558,38378765.357,113416779.001,0.252831962356,-1.26651922187,1.93521853186,0.03171,0.03174,0.0316,0.03163,-0.252286345002,0.443037974684,0.0316240761572,1.87320658211,2955074.23,29550.7423,-0.448390074793,OKX_CONTRACT_OI_HISTORY,6060829.68,606082.968,-4.24305692925,OKX_CONTRACT_OI_HISTORY,0.97,0.492385786802,0.507614213198,OKX_GLOBAL_ACCOUNT_RATIO,1.2,0.545454545455,0.454545454545,OKX_GLOBAL_ACCOUNT_RATIO,,,,,PRICE_DOWN_OI_DOWN,PRICE_DOWN_OI_DOWN,PASS,PASS,-0.707632657223,-1.22873139225,-0.503302925448,-0.521098735023,0.602751607128,-3.77264478184,0.585681081843,-0.414179872402,-0.97056981841,-0.999860954244,1.16442289784,3.44393816763,1.94677851986,0.728952924733,-1.18712902218,-1.21782559512,3.95793921702,5.8311665724,2.25169424204,1.17877679038,-1.03254067584,-1.07291745166,6.82472813139,6.45322309802,2.31029679168,-0.0450020103357,-2.31624459543,-2.35529880202,5.84571030219,0.204145603165
2026-10-02T15:00:00Z,2026-10-02T17:00:00+02:00,2026-10-02T16:00:00Z,85686.93,85758.81,85162.9,85326,1180.77792,100912378.277,275204,481.73306,41171986.0061,59740392.2709,0.40799738059,-0.421219432182,0.699729577081,2709.77,2712.43,2692,2697.36,57756.6719,155967093.277,400596,19787.1271,53435656.0784,102531437.199,0.342608526937,-0.457972447846,0.758915304606,0.03161,0.03165,0.03155,0.03162,-0.031615554853,0.316957210777,0.031612404191,2.40279384287,2943343.38,29433.4338,-0.396973107508,OKX_CONTRACT_OI_HISTORY,6057259.57,605725.957,-0.0589046415837,OKX_CONTRACT_OI_HISTORY,1,0.5,0.5,OKX_GLOBAL_ACCOUNT_RATIO,1.36,0.576271186441,0.423728813559,OKX_GLOBAL_ACCOUNT_RATIO,,,,,PRICE_DOWN_OI_DOWN,PRICE_DOWN_OI_DOWN,PASS,PASS,-1.27145144018,-1.79383462643,-0.503461296413,-0.522383186251,0.0455029867593,-3.63369972934,-0.218563514978,-0.819590756163,-0.597296447658,-0.601027241185,-1.42671185885,2.68028002033,1.38226398527,0.546839180077,-0.846660395108,-0.835424805195,2.96165231885,5.39019747039,1.41626917779,0.508249742894,-0.846660395108,-0.908019434897,6.18628812892,5.5714051796,2.71825492368,0.867184958324,-1.77073625349,-1.85106996535,4.76591687095,4.9015327163
2026-10-02T16:00:00Z,2026-10-02T18:00:00+02:00,2026-10-02T19:00:00Z,85326,85508,85018,85160.01,674.74913,57515371.5083,183919,312.56936,26645166.2042,30870205.304,0.463270348526,-0.194536249209,0.576348537957,2697.36,2704.07,2687.33,2690.08,13305.7623,35849005.5489,202750,6552.4075,17655310.8219,18193694.727,0.49249095063,-0.269893525521,0.62292312444,0.03161,0.03164,0.03158,0.03158,-0.126502213789,0.189993666878,0.031588535511,-2.70209138762,2938334.76,29383.3476,-0.170167709076,OKX_CONTRACT_OI_HISTORY,6059795.89,605979.589,0.0418724007233,OKX_CONTRACT_OI_HISTORY,1.06,0.514563106796,0.485436893204,OKX_GLOBAL_ACCOUNT_RATIO,1.45,0.591836734694,0.408163265306,OKX_GLOBAL_ACCOUNT_RATIO,4.62739056724e-05,OKX_FUNDING_HISTORY,2.13347302319e-05,OKX_FUNDING_HISTORY,PRICE_DOWN_OI_DOWN,PRICE_DOWN_OI_UP,PASS,PASS,-1.90069116461,-2.36282202978,-0.47273873306,-0.462130865164,0.0884673755872,-3.08985504084,-1.72195440804,-1.92069302454,-0.221169036335,-0.198738616505,-0.406471891399,0.949210251893,1.13774006107,0.366007902189,-0.785422557336,-0.771732158886,3.51046391116,5.70839999031,0.96096666439,-0.213292381196,-1.18898623279,-1.17425904559,5.97114573603,5.36518446996,2.52673719051,0.526534105135,-1.98634388579,-2.00020308538,3.48156276407,4.87441768011
2026-10-02T17:00:00Z,2026-10-02T19:00:00+02:00,2026-10-02T19:00:00Z,85160,85258.01,84300,84774.75,3627.53644,307079820.95,233981,1329.14756,112555567.551,194524253.399,0.366535212905,-0.452395437718,1.13642941874,2690.08,2693.05,2677.47,2684.49,15390.8261,41293544.0442,167294,6511.1309,17472746.5616,23820797.4826,0.423135067867,-0.207800511509,0.581892607574,0.03159,0.03172,0.03156,0.03166,0.25332488917,0.506970849176,0.0316661505932,-1.94232424036,2938066.16,29380.6616,-0.00914123209009,OKX_CONTRACT_OI_HISTORY,6097941.65,609794.165,0.62948918895,OKX_CONTRACT_OI_HISTORY,1.13,0.530516431925,0.469483568075,OKX_GLOBAL_ACCOUNT_RATIO,1.52,0.603174603175,0.396825396825,OKX_GLOBAL_ACCOUNT_RATIO,,,,,PRICE_DOWN_OI_DOWN,PRICE_DOWN_OI_UP,PASS,PASS,-2.06815568177,-2.1876241105,-0.157678965626,-0.119468428736,-1.02136409116,-3.65671331193,-1.42701315934,-1.32909415029,0.094846664559,0.0979190090486,-0.282774103745,0.419132357615,-0.156946323439,-0.613094907536,-0.502828409805,-0.456148584097,1.54663306943,6.16133631932,0.884537767165,0.0659778135623,-0.814536340852,-0.818559953602,5.76944726578,7.31139636166,2.04234550154,0.401307521991,-1.61591050342,-1.64103797954,3.21421138175,5.41846281704
2026-10-02T18:00:00Z,2026-10-02T20:00:00+02:00,2026-10-02T19:00:00Z,84774.75,84900,83888,84262.01,1168.56135,98561018.6435,181820,440.02831,37119501.3884,61441517.255,0.37661442525,-0.604826319158,1.20637039863,2684.48,2689.3,2650.88,2664.98,30173.5986,80451456.7237,266041,12009.3997,32013257.1055,48438199.6182,0.397920167132,-0.726767467936,1.4493300338,0.03167,0.0317,0.03152,0.03164,-0.0631711939356,0.571065989848,0.0316273015562,4.01502600395,2879701.27,28797.0127,-1.98650700228,OKX_CONTRACT_OI_HISTORY,5936881.56,593688.156,-2.64122058301,OKX_CONTRACT_OI_HISTORY,1.16,0.537037037037,0.462962962963,OKX_GLOBAL_ACCOUNT_RATIO,1.6,0.615384615385,0.384615384615,OKX_GLOBAL_ACCOUNT_RATIO,,,,,PRICE_DOWN_OI_DOWN,PRICE_DOWN_OI_DOWN,PASS,PASS,-1.66293739314,-1.65290781136,0.031615554853,0.0100295817716,-2.55062831366,-2.0450685227,-2.01288594007,-2.36094115233,-0.283643239836,-0.348055212264,-2.04204204572,-3.11399939675,-0.636789076487,-1.31092661033,-0.628140703518,-0.674137533842,-0.470362268194,3.81059507244,0.371661703395,-0.52889909113,-0.877192982456,-0.900560794525,4.46897713522,4.52879833416,0.743675274988,-1.14546007582,-1.83059261558,-1.88913535081,2.60915909895,4.60205674017
2026-10-02T19:00:00Z,2026-10-02T21:00:00+02:00,2026-10-02T21:00:00Z,84262.01,84354.57,83975.58,84315.28,1115.36515,93887135.3149,130124,483.03636,40649776.6331,53237358.6818,0.432964287351,0.0632194745888,0.451309773627,2664.98,2671.73,2657.2,2668.04,10835.1118,28884846.3653,164258,4964.1475,13235289.2014,15649557.1638,0.458208744961,0.114822625311,0.546816197501,0.03164,0.03172,0.03163,0.03164,0,0.284539993677,0.0316436119289,-1.14144015832,2863168.5,28631.685,-0.574114064269,OKX_CONTRACT_OI_HISTORY,5908708.66,590870.866,-0.474540374695,OKX_CONTRACT_OI_HISTORY,1.17,0.539170506912,0.460829493088,OKX_GLOBAL_ACCOUNT_RATIO,1.64,0.621212121212,0.378787878788,OKX_GLOBAL_ACCOUNT_RATIO,,,,,PRICE_UP_OI_DOWN,PRICE_UP_OI_DOWN,PASS,PASS,-1.18453929635,-1.08698875938,0.0632511068944,0.0975505369662,-2.72393906008,-2.45244418343,-2.0610723821,-2.52987443786,-0.534423137378,-0.468802055752,-1.79190010455,-4.7596656068,-0.425247675357,-1.20931610323,-0.815047021944,-0.784068427876,-1.06888006774,4.00275252482,0.851785985123,-0.058810088365,-0.90823676793,-0.910596073488,4.11256009351,3.45169134111,0.862824979924,-0.816725588381,-1.6780609074,-1.6795505683,2.24702523127,5.16989861893
2026-10-02T20:00:00Z,2026-10-02T22:00:00+02:00,2026-10-02T21:00:00Z,84315.27,84531.99,84232.01,84459.04,602.58932,50849946.4147,92901,301.44889,25437527.52,25412418.8947,0.500246889398,0.170502902914,0.356135393184,2668.04,2671.35,2659.02,2661.74,5700.7391,15198595.3064,106417,2358.1409,6286345.67443,8912249.632,0.413613597026,-0.236128393877,0.46370467315,0.03165,0.03165,0.03151,0.03151,-0.410872313527,0.444303395747,0.0315151581169,-1.63670982139,2858859.21,28588.5921,-0.150507732954,OKX_CONTRACT_OI_HISTORY,5920601.35,592060.135,0.201273927762,OKX_CONTRACT_OI_HISTORY,1.2,0.545454545455,0.454545454545,OKX_GLOBAL_ACCOUNT_RATIO,1.67,0.625468164794,0.374531835206,OKX_GLOBAL_ACCOUNT_RATIO,,,,,PRICE_UP_OI_DOWN,PRICE_DOWN_OI_UP,PASS,PASS,-0.823121086998,-1.05350026765,-0.221659278024,-0.230379180652,-2.70478201061,-2.29701697098,-2.06057794888,-3.34091090662,-1.31537738804,-1.28033295774,-2.13253305685,-4.66712754141,-0.206725429496,-1.37393379329,-1.19159611163,-1.16720836379,-0.837669858236,4.28914416682,0.938224650217,-0.774644737038,-1.6848673947,-1.71286938726,3.94367621615,3.91666536857,1.00775697205,-1.02332983795,-2.02114427861,-2.03108681,1.94076607498,5.25215549276
2026-10-02T21:00:00Z,2026-10-02T23:00:00+02:00,2026-10-03T01:00:00Z,84459.04,84544.46,84422.01,84531.69,339.92666,28722932.8836,46752,165.08822,13949562.2839,14773370.5996,0.485659397683,0.0860180271999,0.145045113235,2661.73,2666.29,2657.2,2665.45,5675.2139,15108104.0655,60898,2644.1535,7039214.12473,8068889.94075,0.46592306316,0.139382509186,0.342089417432,0.03152,0.03154,0.03147,0.03152,0.0317359568391,0.222434064188,0.0315319615638,-3.79347277195,2853505.07,28535.0507,-0.187282395064,OKX_CONTRACT_OI_HISTORY,5901502.76,590150.276,-0.322578550235,OKX_CONTRACT_OI_HISTORY,1.21,0.547511312217,0.452488687783,OKX_GLOBAL_ACCOUNT_RATIO,1.71,0.630996309963,0.369003690037,OKX_GLOBAL_ACCOUNT_RATIO,,,,,PRICE_UP_OI_DOWN,PRICE_UP_OI_DOWN,PASS,PASS,-0.286712729911,-0.709259486904,-0.442198357549,-0.422546756994,-2.87812068875,-3.22139668227,-2.12163583863,-2.97540395823,-0.942803268385,-0.853768119598,-2.51919502445,-6.32449937929,-0.0157312692331,-1.03955893,-1.03610675039,-1.02382766076,-0.560166049138,4.50880451867,0.924058104734,-0.702601413399,-1.65366614665,-1.62665951813,3.72492878234,3.5500593389,1.23071963388,-0.522124025916,-1.77625428482,-1.75284365979,1.10637961732,5.30222046102
2026-10-02T22:00:00Z,2026-10-03T00:00:00+02:00,2026-10-03T01:00:00Z,84531.68,84567.22,84460,84560,664.66409,56176229.7191,49915,376.63384,31831226.7163,24345003.0028,0.566631596237,0.0334903986895,0.126947667535,2665.45,2668.64,2661.25,2668.01,4887.2063,13025016.1761,61071,2762.3029,7362245.79411,5662770.38195,0.565238898332,0.0960438199929,0.277689055895,0.03153,0.03156,0.03148,0.03154,0.0634517766497,0.254129606099,0.031551679281,-3.70163530122,2865118.22,28651.1822,0.406978425309,OKX_CONTRACT_OI_HISTORY,5948908.6,594890.86,0.803284212986,OKX_CONTRACT_OI_HISTORY,1.29,0.563318777293,0.436681222707,OKX_GLOBAL_ACCOUNT_RATIO,1.75,0.636363636364,0.363636363636,OKX_GLOBAL_ACCOUNT_RATIO,,,,,PRICE_UP_OI_UP,PRICE_UP_OI_UP,PASS,PASS,0.353646916327,0.113696913298,-0.31605562579,-0.239950003029,-0.506408430344,0.202581774261,-2.01349747849,-2.75088573636,-0.786410821013,-0.737388257871,-2.45971702318,-5.54960768794,-0.223870919707,-1.30288580698,-1.0975227344,-1.07901488727,0.012717322769,5.18127490646,1.0445612968,-0.706736136956,-1.77514792899,-1.75129743376,4.45171196638,4.67853166285,1.13379644862,-0.515319762998,-1.68329177057,-1.64911621162,1.99009129367,7.02581457332
2026-10-02T23:00:00Z,2026-10-03T01:00:00+02:00,2026-10-03T01:00:00Z,84559.99,84590.01,84488,84518.01,425.46843,35973632.9333,30539,202.65251,17135667.258,18837965.6753,0.476339637138,-0.0496570482498,0.120739039864,2668,2670.13,2665.81,2668.59,3807.2762,10157814.9802,27942,1920.969,5125077.88677,5032737.09343,0.504545307899,0.0217390489541,0.162052059224,0.03154,0.03158,0.03154,0.03158,0.126823081801,0.126823081801,0.0315742171402,1.83151327105,2858117.53,28581.1753,-0.244342099084,OKX_CONTRACT_OI_HISTORY,5958136.73,595813.673,0.155123075853,OKX_CONTRACT_OI_HISTORY,1.3,0.565217391304,0.434782608696,OKX_GLOBAL_ACCOUNT_RATIO,1.8,0.642857142857,0.357142857143,OKX_GLOBAL_ACCOUNT_RATIO,,,,,PRICE_DOWN_OI_DOWN,PRICE_UP_OI_UP,PASS,PASS,0.240442776209,0.0206143835925,-0.189633375474,-0.219828392616,-0.17641190171,0.836529144424,-2.20635615798,-2.8413000659,-0.629326620516,-0.634943907919,-2.85136018206,-5.21066720989,-0.426531322731,-1.3977874831,-0.972091564754,-0.971256160364,-0.182491242544,4.96648483664,1.06956648602,-0.648545612265,-1.68119551681,-1.71811209828,4.05553154917,5.11871195857,1.02117215527,-0.350637420742,-1.34333020931,-1.37180957601,2.68225043695,8.11611185466
2026-10-03T00:00:00Z,2026-10-03T02:00:00+02:00,2026-10-03T01:00:00Z,84518,84686.28,84456.02,84660.11,312.84604,26458478.5563,37530,170.0891,14387286.2174,12071192.3388,0.543768462983,0.168129845935,0.27263894273,2668.59,2678.76,2665.67,2676.75,6619.4555,17693021.9382,59011,3860.8276,10321948.282,7371073.65621,0.583390916375,0.305779456567,0.491058533127,0.03157,0.03163,0.03156,0.03162,0.126662444585,0.221799746515,0.0316176059776,0.757180162512,2850069.59,28500.6959,-0.281581842437,OKX_CONTRACT_OI_HISTORY,5931527.35,593152.735,-0.446605729372,OKX_CONTRACT_OI_HISTORY,1.34,0.57264957265,0.42735042735,OKX_GLOBAL_ACCOUNT_RATIO,1.85,0.649122807018,0.350877192982,OKX_GLOBAL_ACCOUNT_RATIO,-9.370733822e-07,OKX_FUNDING_HISTORY,7.1819385948e-06,OKX_FUNDING_HISTORY,PRICE_UP_OI_DOWN,PRICE_UP_OI_DOWN,PASS,PASS,0.238068062341,0.563916836355,0.34909552523,0.325848774014,-0.307452006355,0.18454206514,-2.47654648082,-2.84663796921,-0.346675070911,-0.370091488387,-2.91810822234,-5.14116551907,-0.147172450185,-1.16785680001,-1.00187852223,-1.02068434982,-1.24454134301,3.70706144883,1.37838985796,-0.305777367261,-1.67910447761,-1.68416722522,3.12054432887,4.1330321362,1.4460172724,0.154530011749,-1.31086142322,-1.29148726065,2.40469676405,5.65673805831
2026-10-03T01:00:00Z,2026-10-03T03:00:00+02:00,2026-10-03T06:00:00Z,84660.11,84720.58,84608.19,84640,238.75301,20210570.8261,26718,123.50274,10453461.557,9757109.26911,0.517227427515,-0.0237538080213,0.132835840124,2676.82,2684.61,2674.65,2679.76,4588.2893,12295472.3121,62023,2668.7311,7151361.79859,5144110.51353,0.581625627471,0.112449799197,0.372385171892,0.03161,0.03169,0.0316,0.03166,0.126502213789,0.284810126582,0.0316606805293,-0.214944621908,2860804.13,28608.0413,0.37664132966,OKX_CONTRACT_OI_HISTORY,5974536.99,597453.699,0.725102279095,OKX_CONTRACT_OI_HISTORY,1.34,0.57264957265,0.42735042735,OKX_GLOBAL_ACCOUNT_RATIO,1.83,0.646643109541,0.353356890459,OKX_GLOBAL_ACCOUNT_RATIO,,,,,PRICE_DOWN_OI_UP,PRICE_UP_OI_UP,PASS,PASS,0.128129462454,0.536869946913,0.444162436548,0.40874048446,0.255792781893,1.23755309402,-2.2238189662,-2.35996691601,-0.157678965626,-0.136147949812,-3.62419531431,-5.60642211851,-0.317983747497,-1.33540498448,-1.00062539087,-1.01742123698,-1.30472801557,4.14286811176,1.34333803451,-0.38103947569,-1.67701863354,-1.7243775102,2.68848017432,4.29984330994,1.42842231948,0.269029436086,-1.15516703091,-1.15939288339,2.50274339913,5.17554630049
2026-10-03T02:00:00Z,2026-10-03T04:00:00+02:00,2026-10-03T06:00:00Z,84640.01,84701.38,84600,84600,223.23756,18896702.2419,21001,115.42543,9770597.66213,9126104.57982,0.517053057038,-0.047258979206,0.119834515366,2679.76,2683.2,2676.2,2677.14,2822.6114,7563964.41279,38435,1358.797,3641581.38889,3922383.0239,0.481438196977,-0.0977699495477,0.261564905463,0.03166,0.03167,0.03164,0.03165,-0.0315855969678,0.094816687737,0.0316446808511,1.68089827204,2866641.73,28666.4173,0.20405451526,OKX_CONTRACT_OI_HISTORY,5963721.46,596372.146,-0.181027082402,OKX_CONTRACT_OI_HISTORY,1.35,0.574468085106,0.425531914894,OKX_GLOBAL_ACCOUNT_RATIO,1.81,0.644128113879,0.355871886121,OKX_GLOBAL_ACCOUNT_RATIO,,,,,PRICE_DOWN_OI_UP,PRICE_DOWN_OI_DOWN,PASS,PASS,0.0473036896878,0.342202615432,0.348763474952,0.294898925745,0.0531744201466,0.249001304206,-1.26848983853,-1.20416123878,0.063231109706,0.0643285997552,-2.99256442029,-1.60222651233,-0.690238061699,-1.6133537177,-0.90795241077,-0.923115655997,-1.86298762779,1.78653196491,1.32855388343,-0.36769357876,-1.67753960857,-1.69624746219,1.75282069525,2.90669320104,1.45748595545,0.0990843114014,-1.34039900249,-1.35840164405,2.71468090427,4.66452887513
2026-10-03T03:00:00Z,2026-10-03T05:00:00+02:00,2026-10-03T06:00:00Z,84600.01,84699.56,84522.63,84699.56,210.83043,17839180.3713,20351,124.24092,10513090.8268,7326089.54444,0.589325888748,0.11768321513,0.209328554968,2677.15,2682.04,2676.12,2682.04,2263.3866,6064363.70428,24751,1030.1798,2760492.48494,3303871.21934,0.455199031515,0.183031145177,0.221215790024,0.03164,0.0317,0.03164,0.03167,0.0631911532385,0.189633375474,0.0316653356877,1.47300263978,2872513.8,28725.138,0.204841433045,OKX_CONTRACT_OI_HISTORY,5998126.9,599812.69,0.576912255724,OKX_CONTRACT_OI_HISTORY,1.34,0.57264957265,0.42735042735,OKX_GLOBAL_ACCOUNT_RATIO,1.8,0.642857142857,0.357142857143,OKX_GLOBAL_ACCOUNT_RATIO,,,,,PRICE_UP_OI_UP,PRICE_UP_OI_UP,PASS,PASS,0.214806288033,0.504011481719,0.284990500317,0.289205193686,0.50369762086,0.671185839,-0.734172467946,-0.567962748762,0.158127767236,0.166209719185,-2.40643278257,-0.976228099797,-0.951131349773,-1.38289853474,-0.440113171959,-0.431767184965,-3.79881177954,1.67788627382,1.12896087005,-0.520387081938,-1.61540851196,-1.64934795199,1.4333521387,3.48946158552,1.67935064132,0.392655948794,-1.24727159339,-1.28669469253,2.22301189688,5.20272968473
2026-10-03T04:00:00Z,2026-10-03T06:00:00+02:00,2026-10-03T06:00:00Z,84699.56,84725.04,84525,84577.23,152.17541,12872974.9599,22992,65.17839,5513573.98813,7359400.97175,0.428306122347,-0.144428141067,0.236663708962,2682.04,2682.81,2672.34,2676.01,2993.4771,8013479.1956,34791,1121.9698,3003900.30191,5009578.89369,0.374855943166,-0.224828861613,0.391791463661,0.03167,0.03168,0.03161,0.03163,-0.126302494474,0.221448908573,0.0316398397063,-3.10991027687,2875056.14,28750.5614,0.088505754089,OKX_CONTRACT_OI_HISTORY,6023390.38,602339.038,0.421189488338,OKX_CONTRACT_OI_HISTORY,1.33,0.570815450644,0.429184549356,OKX_GLOBAL_ACCOUNT_RATIO,1.78,0.640287769784,0.359712230216,OKX_GLOBAL_ACCOUNT_RATIO,,,,,PRICE_DOWN_OI_UP,PRICE_DOWN_OI_UP,PASS,PASS,-0.0978973450424,-0.0276454655833,0.0316255534472,0.0702518794592,0.87669964578,1.54872471422,-0.684335288359,-0.52303277226,0.158328055731,0.161302516099,-2.15355380406,-0.600771224986,-2.39450575474,-2.43367994283,-0.0631911532385,-0.0391741880962,-2.55127210458,0.342736444849,0.555486796399,-1.16562083344,-1.7701863354,-1.72110762984,2.36698795684,4.15107648032,1.64309558429,0.225093632959,-1.43346837021,-1.41800195133,2.18698591509,5.16926001857
2026-10-03T05:00:00Z,2026-10-03T07:00:00+02:00,2026-10-03T06:00:00Z,84577.23,84654.01,84553.14,84652.09,147.94097,12517701.0764,18551,104.8437,8871168.94751,3646532.12892,0.708689949804,0.088510820229,0.1192977576,2676.02,2678.52,2674.01,2677.74,3159.1057,8455752.83651,32799,2171.0744,5811130.7075,2644622.12901,0.687239896891,0.0646484878607,0.168660551008,0.03164,0.03165,0.03162,0.03163,0,0.0948766603415,0.0316322963792,-0.725960324751,2873424.96,28734.2496,-0.0567355877788,OKX_CONTRACT_OI_HISTORY,6038498.46,603849.846,0.250823523744,OKX_CONTRACT_OI_HISTORY,1.33,0.570815450644,0.429184549356,OKX_GLOBAL_ACCOUNT_RATIO,1.79,0.641577060932,0.358422939068,OKX_GLOBAL_ACCOUNT_RATIO,,,,,PRICE_UP_OI_DOWN,PRICE_UP_OI_UP,PASS,PASS,0.014284026465,-0.0753798847658,-0.0947567909033,-0.0896639112308,0.441163722733,1.07056781316,-0.144689309022,-0.251444408435,-0.0947567909033,-0.106755099413,-2.2001274471,-0.974807458186,-1.56963773289,-1.57719662581,0,-0.0075588929208,-2.47668016017,-0.559760834052,0.427813107564,-1.47978631032,-1.92248062016,-1.90759941789,2.30426480964,2.82738164062,1.52078336371,0.0990620876307,-1.40274314214,-1.42172127608,1.01896928795,5.261663846
2026-10-03T06:00:00Z,2026-10-03T08:00:00+02:00,2026-10-03T12:00:00Z,84652.09,84674.01,84550,84586,272.31113,23047069.8291,32485,140.05721,11853683.1436,11193386.6855,0.514324954603,-0.0780724964971,0.146670609107,2677.74,2682.63,2675.8,2680.09,3009.6705,8061160.74324,42644,1608.2635,4308060.26457,3753100.47867,0.534421828542,0.0877605742156,0.255250766126,0.03164,0.0317,0.03161,0.03169,0.189693329118,0.284720025308,0.031684794174,1.64300452597,2869828.34,28698.2834,-0.125168398342,OKX_CONTRACT_OI_HISTORY,6053550.78,605355.078,0.249272565021,OKX_CONTRACT_OI_HISTORY,1.33,0.570815450644,0.429184549356,OKX_GLOBAL_ACCOUNT_RATIO,1.78,0.640287769784,0.359712230216,OKX_GLOBAL_ACCOUNT_RATIO,,,,,PRICE_DOWN_OI_DOWN,PRICE_UP_OI_UP,PASS,PASS,-0.016548463357,0.110192220056,0.126382306477,0.126740683413,0.111161780932,1.50626283609,0.38450305185,0.566983617138,0.158027812895,0.182480565288,-0.342845631346,1.96515997196,-1.63612249609,-1.80734368474,-0.126063662149,-0.171221188651,-2.37788662512,-1.21003449445,0.552237271231,-1.29345428162,-1.79733498606,-1.84569155285,2.34647537473,2.4111273254,1.85790180863,0.676916835395,-1.15408608858,-1.18098497323,0.430307667998,3.26996416676
2026-10-03T07:00:00Z,2026-10-03T09:00:00+02:00,2026-10-03T12:00:00Z,84586.01,84648.01,84560,84560,376.02149,31811808.523,37935,159.68864,13509628.0857,18302180.4372,0.424673374856,-0.030737947178,0.104079943236,2680.1,2683.46,2677.94,2681.51,4779.7412,12816024.0399,36078,2395.1518,6421659.70791,6394364.33196,0.501064892507,0.0529832953371,0.20612859138,0.03169,0.03171,0.03167,0.03171,0.0631113916062,0.126302494474,0.0317113292337,-0.41916681273,2862079.47,28620.7947,-0.270011620277,OKX_CONTRACT_OI_HISTORY,6032168.64,603216.864,-0.353216496848,OKX_CONTRACT_OI_HISTORY,1.33,0.570815450644,0.429184549356,OKX_GLOBAL_ACCOUNT_RATIO,1.77,0.638989169675,0.361010830325,OKX_GLOBAL_ACCOUNT_RATIO,,,,,PRICE_DOWN_OI_DOWN,PRICE_UP_OI_DOWN,PASS,PASS,-0.16477063163,-0.0197610773888,0.126302494474,0.145009554241,-0.363247341057,0.567539509709,0.290243951037,0.504864994528,0.221238938053,0.214621043491,-0.0380358333783,2.08945790196,-1.77681056898,-2.03778189377,-0.314366551399,-0.260971324788,-1.82925437379,-2.76965891397,1.35451390167,0.150514663041,-1.18416952322,-1.20399923862,1.731847755,5.34243748059,1.50660969364,0.248236362889,-1.24571784491,-1.25837333075,-0.192055561923,3.32600025298
2026-10-03T08:00:00Z,2026-10-03T10:00:00+02:00,2026-10-03T12:00:00Z,84560,84644.47,84557.36,84616.01,244.08048,20651619.0172,28365,113.31596,9586973.13736,11064645.8799,0.464223803924,0.0662369914853,0.10301882651,2681.51,2684.05,2678.1,2683.01,4283.8413,11489136.7766,33951,2709.1277,7266567.92897,4222568.84767,0.632472923792,0.0559386315919,0.222172435682,0.03171,0.03171,0.03168,0.03171,0,0.094696969697,0.0317080656486,0.61005027935,2853847.41,28538.4741,-0.287625137118,OKX_CONTRACT_OI_HISTORY,6024409.41,602440.941,-0.128630853397,OKX_CONTRACT_OI_HISTORY,1.33,0.570815450644,0.429184549356,OKX_GLOBAL_ACCOUNT_RATIO,1.76,0.63768115942,0.36231884058,OKX_GLOBAL_ACCOUNT_RATIO,3.0987742263e-05,OKX_FUNDING_HISTORY,4.39784240533e-05,OKX_FUNDING_HISTORY,PRICE_UP_OI_DOWN,PRICE_UP_OI_DOWN,PASS,PASS,0.045851584404,0.261583476893,0.252924438824,0.215731892489,-0.737680551866,0.0169178807235,0.185853403022,0.799101339725,0.634719136782,0.613247936703,-0.175307688552,1.75333642418,-1.8785542001,-2.56850683071,-0.689007203257,-0.689952630608,-2.30410225099,-2.99562156437,1.25532851077,-0.155552826559,-1.36858475894,-1.41088133733,0.895182924404,3.13116506109,1.87040082271,0.44550767284,-1.39925373134,-1.42489314987,-1.15931019931,3.01412578908
2026-10-03T09:00:00Z,2026-10-03T11:00:00+02:00,2026-10-03T12:00:00Z,84616.02,84665.88,84579.99,84600.01,171.70699,14527892.1781,17798,72.59988,6142399.89683,8385492.28128,0.422800487608,-0.0189089511548,0.101548841517,2683.01,2686.88,2680.28,2680.73,3254.7533,8735417.06164,41561,1417.7607,3805533.45829,4929883.60335,0.43564416346,-0.0849791838271,0.246242929843,0.03171,0.03174,0.03169,0.03169,-0.0630715862504,0.157778479015,0.0316871120937,0.911381974313,2849399.96,28493.9996,-0.155840497443,OKX_CONTRACT_OI_HISTORY,5999727.16,599972.716,-0.409704060933,OKX_CONTRACT_OI_HISTORY,1.33,0.570815450644,0.429184549356,OKX_GLOBAL_ACCOUNT_RATIO,1.74,0.63503649635,0.36496350365,OKX_GLOBAL_ACCOUNT_RATIO,,,,,PRICE_DOWN_OI_DOWN,PRICE_DOWN_OI_DOWN,PASS,PASS,-0.0615224030499,0.111661326342,0.189693329118,0.173183729392,-0.836110228541,-0.642068558216,0.0808217604546,0.573261550582,0.539340101523,0.492439790128,-0.143862018791,1.66439640875,-2.04252882161,-2.41919925451,-0.408548082967,-0.376670432902,-2.65943287842,-4.76536771107,0.976343250777,-0.388305501676,-1.33872976339,-1.36464875245,1.51372086889,3.50294422511,1.15745155473,-0.295313296165,-1.40012445551,-1.4527648509,0.221999082244,4.78247477984
2026-10-03T10:00:00Z,2026-10-03T12:00:00+02:00,2026-10-03T12:00:00Z,84600,84649.25,84570.67,84636.13,340.60544,28815318.4684,16820,166.60403,14094652.7708,14720665.6976,0.489137497691,0.0426950304143,0.0929163739628,2680.72,2685.28,2679.83,2683.46,3455.8441,9269660.53887,39600,2192.0095,5879655.20534,3390005.33353,0.634290239722,0.101837932205,0.203371109361,0.03169,0.03173,0.03168,0.03173,0.126222783212,0.157828282828,0.0317058447734,7.61854061547,2844775.2,28447.752,-0.162306452759,OKX_CONTRACT_OI_HISTORY,5980922.72,598092.272,-0.313421585658,OKX_CONTRACT_OI_HISTORY,1.34,0.57264957265,0.42735042735,OKX_GLOBAL_ACCOUNT_RATIO,1.73,0.6336996337,0.3663003663,OKX_GLOBAL_ACCOUNT_RATIO,,,,,PRICE_UP_OI_DOWN,PRICE_UP_OI_DOWN,PASS,PASS,0.0592651266167,0.125742045976,0.126222783212,0.0664769193593,-0.872983922098,-1.19975965577,0.0900307473983,0.579083286794,0.602409638554,0.489052539396,-0.710023756018,0.538151149271,-1.92527949792,-2.18773236911,-0.188738597043,-0.262452871184,-3.152276204,-5.04132181622,0.797760720137,-0.683217859892,-1.36773391358,-1.48097858003,1.25957429759,4.00885712683,0.855740025294,-0.45073285824,-1.21419676214,-1.30647288353,0.206925865158,3.99066670924
2026-10-03T11:00:00Z,2026-10-03T13:00:00+02:00,2026-10-03T12:00:00Z,84636.13,84696.01,84616.03,84672.01,188.03827,15917111.1756,18059,102.3627,8664146.80256,7252964.373,0.544329100111,0.0423932426967,0.0945210972436,2683.47,2686.43,2681.71,2684.55,2694.9712,7234391.05013,30083,1463.2379,3927816.35045,3306574.69968,0.542936692699,0.0406192005843,0.176007099947,0.03171,0.03173,0.0317,0.0317,-0.0945477466121,0.0946372239748,0.0317052825367,-1.66613771396,2847023.61,28470.2361,0.0790364736026,OKX_CONTRACT_OI_HISTORY,5942386.73,594238.673,-0.644315130024,OKX_CONTRACT_OI_HISTORY,1.34,0.57264957265,0.42735042735,OKX_GLOBAL_ACCOUNT_RATIO,1.72,0.632352941176,0.367647058824,OKX_GLOBAL_ACCOUNT_RATIO,,,,,PRICE_UP_OI_UP,PRICE_UP_OI_DOWN,PASS,PASS,0.132462157048,0.113368960026,-0.0315357931252,-0.019093197022,-0.526046189766,-1.4883852783,0.182209685249,0.598068642991,0.379987333756,0.415858957742,-0.388154786623,-0.264344386739,-2.02816666734,-2.26022434766,-0.251730648206,-0.232057680313,-3.22844727766,-5.46123749035,0.913226934599,-0.813209387562,-1.70542635659,-1.72643632216,1.05097430291,3.11932185428,0.901922846837,-0.491140929646,-1.39968895801,-1.39306377648,0.738519746667,4.35952950466
2026-10-03T12:00:00Z,2026-10-03T14:00:00+02:00,2026-10-03T16:00:00Z,84672.01,84926.47,84672,84888.02,386.40345,32779022.1052,44305,211.69452,17956980.9896,14822041.1156,0.547819301381,0.255113820966,0.300536186697,2684.54,2687.5,2680.49,2682.67,3084.5239,8277984.50834,36806,1958.2254,5255485.58717,3022498.92118,0.63487502083,-0.0700303589056,0.261519349074,0.03171,0.03171,0.03159,0.03159,-0.347003154574,0.379867046534,0.031602456978,-3.94177517175,2843890.41,28438.9041,-0.110051774386,OKX_CONTRACT_OI_HISTORY,5935390.74,593539.074,-0.117730304638,OKX_CONTRACT_OI_HISTORY,1.31,0.5670995671,0.4329004329,OKX_GLOBAL_ACCOUNT_RATIO,1.72,0.632352941176,0.367647058824,OKX_GLOBAL_ACCOUNT_RATIO,,,,,PRICE_UP_OI_DOWN,PRICE_DOWN_OI_DOWN,PASS,PASS,0.321463987725,-0.0126723344304,-0.378429517502,-0.334136322156,-0.348897420553,-1.47763314114,0.269205886928,0.221163724666,-0.0948766603416,-0.0480421622622,-0.216808039414,0.0651331397806,-2.21400760281,-2.6317699751,-0.441222817523,-0.417762372291,-3.12858956852,-5.07938098182,1.37575203598,-0.374338501532,-1.74183514774,-1.75009053751,0.846218905273,2.52127152588,-0.471683070248,-1.77004112032,-1.37371214486,-1.29835805007,1.62498574998,4.14048961024
2026-10-03T13:00:00Z,2026-10-03T15:00:00+02:00,2026-10-03T16:00:00Z,84888.02,84962.2,84770.35,84870.04,249.99909,21215008.7972,33845,134.47292,11411084.5029,9803924.29428,0.537877905778,-0.021180845071,0.226317338551,2682.67,2682.78,2677.41,2681.99,2754.1799,7382997.59955,34150,1414.8373,3792377.91115,3590619.6884,0.513663706377,-0.025347881029,0.200566965836,0.0316,0.03161,0.03155,0.03159,0,0.190174326466,0.0316011398133,-3.52513022047,2844999.86,28449.9986,0.039011700173,OKX_CONTRACT_OI_HISTORY,5963105.07,596310.507,0.466933538398,OKX_CONTRACT_OI_HISTORY,1.27,0.559471365639,0.440528634361,OKX_GLOBAL_ACCOUNT_RATIO,1.71,0.630996309963,0.369003690037,OKX_GLOBAL_ACCOUNT_RATIO,,,,,PRICE_DOWN_OI_UP,PRICE_DOWN_OI_UP,PASS,PASS,0.319184359434,0.0470021225562,-0.315556958031,-0.272182236878,-0.154421985743,-0.610395923404,0.271786389414,0.0832164074394,-0.221099178774,-0.188569981975,-0.552441526292,-0.191344032502,-1.95807661406,-2.27871438826,-0.378429517502,-0.320637774195,-4.1566152807,-5.78703859685,1.10837938724,-0.581242331345,-1.7112632234,-1.68962171859,0.0712989573572,4.63784961584,0.274463850287,-1.03357933579,-1.34291068082,-1.30804318608,3.45242805315,5.61502153889
2026-10-03T14:00:00Z,2026-10-03T16:00:00+02:00,2026-10-03T16:00:00Z,84870.03,84870.04,84745.44,84856.01,225.56868,19129884.3451,29138,119.89082,10167324.9212,8962559.4239,0.531489095166,-0.0165311575204,0.147028559885,2681.99,2684.66,2678.83,2683.56,2465.5365,6610842.2961,23210,1385.7292,3715645.12362,2895197.17248,0.562053208532,0.0585386224408,0.21763232456,0.03159,0.03164,0.03158,0.03161,0.0633111744223,0.189993666878,0.0316248666417,-4.7009342068,2858098.09,28580.9809,0.460394750248,OKX_CONTRACT_OI_HISTORY,5975390.89,597539.089,0.206030580642,OKX_CONTRACT_OI_HISTORY,1.26,0.557522123894,0.442477876106,OKX_GLOBAL_ACCOUNT_RATIO,1.7,0.62962962963,0.37037037037,OKX_GLOBAL_ACCOUNT_RATIO,,,,,PRICE_DOWN_OI_UP,PRICE_UP_OI_UP,PASS,PASS,0.259794487295,0.00372653216369,-0.378190986448,-0.256067955131,0.468328393751,-0.0924912469024,0.302612293144,0.239808153477,-0.126382306477,-0.062804139667,-0.29803654606,0.195673625575,-0.969716151576,-0.967240762131,-0.063231109706,0.00247538944533,-3.28168203071,-1.40968802146,0.958184142538,-0.245338567223,-1.24960949703,-1.20352270976,0.546370206241,4.33927729426,1.26014304772,0.200134418639,-1.09511889862,-1.06000862908,3.31908022395,4.95256476355
2026-10-03T15:00:00Z,2026-10-03T17:00:00+02:00,2026-10-03T16:00:00Z,84856.01,84879.05,84761.24,84867.28,366.2032,31061770.7911,35393,193.31307,16397010.5942,14664760.1969,0.527883960785,0.013281322089,0.138990415902,2683.56,2683.56,2679.04,2681.69,4209.8861,11286441.0084,34212,2420.0402,6487944.88542,4798496.12295,0.574844176354,-0.0696835546811,0.168717152413,0.03162,0.03162,0.03158,0.03159,-0.0632711167352,0.126662444585,0.0315986325943,-2.73195186617,2853016.79,28530.1679,-0.17778606052,OKX_CONTRACT_OI_HISTORY,5979144.94,597914.494,0.0628251786219,OKX_CONTRACT_OI_HISTORY,1.26,0.557522123894,0.442477876106,OKX_GLOBAL_ACCOUNT_RATIO,1.69,0.628252788104,0.371747211896,OKX_GLOBAL_ACCOUNT_RATIO,,,,,PRICE_UP_OI_DOWN,PRICE_DOWN_OI_UP,PASS,PASS,0.230619303829,-0.106535545995,-0.347003154574,-0.337154849824,0.210506859829,0.618576536166,0.198017557588,-0.013049768087,-0.252604988949,-0.211067325675,-0.678743823615,-0.316464795035,-0.537608700748,-0.580938399027,-0.0948766603416,-0.0433296982795,-3.06884309231,-1.28960347658,0.837224113072,-0.0372760177285,-0.940733772342,-0.8745001308,-0.19807923606,4.03108181984,0.871046490717,-0.0756412740524,-0.940733772342,-0.94668776477,2.9275975607,4.20995266813
2026-10-03T16:00:00Z,2026-10-03T18:00:00+02:00,2026-10-03T17:00:00Z,84867.27,84880.01,84782.01,84868.03,215.1409,18252395.8145,25403,105.45338,8946663.41312,9305732.4014,0.490163784746,0.000883732811996,0.115590559837,2681.69,2682.87,2678.79,2681.68,3907.3777,10475468.2928,21525,2822.0433,7565890.65992,2909577.63286,0.722248442596,-0.000372899179257,0.152307571702,0.0316,0.03162,0.03157,0.03159,0,0.158378207159,0.0315982355193,-2.60632252916,2849833.08,28498.3308,-0.111591001187,OKX_CONTRACT_OI_HISTORY,5977132.99,597713.299,-0.0336494602521,OKX_CONTRACT_OI_HISTORY,1.26,0.557522123894,0.442477876106,OKX_GLOBAL_ACCOUNT_RATIO,1.69,0.628252788104,0.371747211896,OKX_GLOBAL_ACCOUNT_RATIO,3.36322394985e-05,OKX_FUNDING_HISTORY,1.22246723837e-05,OKX_FUNDING_HISTORY,PRICE_UP_OI_DOWN,PRICE_DOWN_OI_DOWN,PASS,PASS,-0.0235486703542,-0.0369035326745,0,-0.0133548623203,0.208962693468,0.70327720328,0.343827765464,0.211882616283,-0.126462219412,-0.13194514918,-0.877306694957,-0.76796267686,-0.342860457626,-0.312258371498,0.0316656111463,0.0306020861273,-3.01196722731,-1.36412020307,0.790978742669,0.0526066403758,-0.754005655042,-0.738372102293,0.392762661318,4.2664103497,0.614811432062,-0.524884729378,-1.1576971214,-1.13969616144,2.77932955605,3.92787670161
2026-10-03T17:00:00Z,2026-10-03T19:00:00+02:00,2026-10-03T21:00:00Z,84868.02,85012.01,84840,85012,331.84245,28181655.1134,36997,227.6191,19330871.6551,8850783.45839,0.685938124544,0.169639851426,0.202746346063,2681.67,2689.89,2681.62,2689.01,5796.8577,15566588.2035,42904,4140.7601,11118464.5158,4448123.68771,0.714251855991,0.273336117658,0.308395671273,0.03159,0.03164,0.03159,0.03163,0.126622348845,0.158277936056,0.0316309462194,-0.299143550974,2845342.93,28453.4293,-0.157558350751,OKX_CONTRACT_OI_HISTORY,5976187.37,597618.737,-0.0158206284113,OKX_CONTRACT_OI_HISTORY,1.27,0.559471365639,0.440528634361,OKX_GLOBAL_ACCOUNT_RATIO,1.7,0.62962962963,0.37037037037,OKX_GLOBAL_ACCOUNT_RATIO,,,,,PRICE_UP_OI_DOWN,PRICE_UP_OI_DOWN,PASS,PASS,0.167267506885,0.261745942379,0.126622348845,0.094478435494,0.0120587000662,0.21938738034,0.425163749649,0.420877306983,0,-0.00428644266595,-0.977301665814,-1.03189709185,0.279859274135,0.168374626093,-0.0947567909033,-0.111484648042,-3.15592723072,-1.99664554022,0.122473721855,-0.445752577701,-0.597108736644,-0.568226299556,-1.65810477549,4.04167073226,1.16687250227,0.234463529552,-0.908521303258,-0.932408972723,2.43144047774,5.16876815205
2026-10-03T18:00:00Z,2026-10-03T20:00:00+02:00,2026-10-03T21:00:00Z,85012.01,85037.63,84920,84949.99,214.78266,18252147.7487,28014,117.667,9998862.53377,8253285.21496,0.547818408629,-0.0729426433915,0.138518605747,2689.01,2690,2683.72,2685.14,2637.3503,7084320.77806,25061,1067.574,2867453.71849,4216867.05957,0.404760570325,-0.143919137526,0.234003547315,0.03162,0.03164,0.03159,0.0316,-0.0948466645589,0.158277936056,0.0316084792947,-2.68260127963,2846473.09,28464.7309,0.0397196411049,OKX_CONTRACT_OI_HISTORY,5958057.59,595805.759,-0.303366994332,OKX_CONTRACT_OI_HISTORY,1.27,0.559471365639,0.440528634361,OKX_GLOBAL_ACCOUNT_RATIO,1.7,0.62962962963,0.37037037037,OKX_GLOBAL_ACCOUNT_RATIO,,,,,PRICE_DOWN_OI_UP,PRICE_DOWN_OI_DOWN,PASS,PASS,0.110752320313,0.0588770141156,-0.0316355583676,-0.0518753061974,-0.406739014335,-0.290078093954,0.430319438205,0.188426508065,-0.284001262228,-0.24189293014,-0.813820453108,-1.57747400609,0.816477081427,0.756478472634,-0.126422250316,-0.0599986087934,-1.15387593658,0.356686078137,0.174488768074,-0.564365015294,-0.753768844221,-0.738853783368,-1.61881080775,4.18087301269,1.19117331745,0.223578373738,-1.00250626566,-0.967594943713,3.26353474686,4.90163800546
2026-10-03T19:00:00Z,2026-10-03T21:00:00+02:00,2026-10-03T21:00:00Z,84950,84950,84700,84842.5,235.32267,19960249.8235,27990,98.87813,8385746.8363,11574502.9872,0.42012233867,-0.126533269751,0.295159386068,2685.15,2685.97,2680.9,2685.47,2725.6562,7313389.41818,19841,1337.7988,3589352.67432,3724036.74386,0.490791952825,0.0122898619811,0.189115595509,0.0316,0.03165,0.0316,0.03165,0.158227848101,0.158227848101,0.0316524147685,-0.762901838411,2848970.79,28489.7079,0.08774718471,OKX_CONTRACT_OI_HISTORY,5932833.67,593283.367,-0.423358109904,OKX_CONTRACT_OI_HISTORY,1.32,0.568965517241,0.431034482759,OKX_GLOBAL_ACCOUNT_RATIO,1.7,0.62962962963,0.37037037037,OKX_GLOBAL_ACCOUNT_RATIO,,,,,PRICE_DOWN_OI_UP,PRICE_UP_OI_DOWN,PASS,PASS,-0.029198532108,0.140955889756,0.189933523267,0.170154421864,-0.141814798083,-0.774546702994,0.33408230842,0.147677987403,-0.189214758751,-0.186404321017,-0.458012439466,-1.64675386131,0.625295913149,0.653288556393,0.031605562579,0.0279926432446,-0.495874063996,0.408295811965,0.197389181457,-0.563927870552,-0.783699059561,-0.761317052009,-1.55945383271,4.42739140771,1.48240808123,0.594094268451,-0.876918258691,-0.888313812774,3.59629291065,3.87408026426
2026-10-03T20:00:00Z,2026-10-03T22:00:00+02:00,2026-10-03T21:00:00Z,84842.5,84915.65,84714,84749.75,195.35495,16572931.833,20528,78.52625,6662558.72431,9910373.10871,0.402014489134,-0.109320210979,0.238036215974,2685.47,2689.06,2685.46,2686.74,2487.8759,6686845.7569,21099,1176.0445,3160728.14524,3526117.61167,0.472678488505,0.0472915355599,0.134055245656,0.03165,0.03171,0.03164,0.0317,0.157977883096,0.221238938053,0.031702040419,-0.643623871307,2851151.35,28511.5135,0.0765385172657,OKX_CONTRACT_OI_HISTORY,5936057.69,593605.769,0.0543419920282,OKX_CONTRACT_OI_HISTORY,1.32,0.568965517241,0.431034482759,OKX_GLOBAL_ACCOUNT_RATIO,1.69,0.628252788104,0.371747211896,OKX_GLOBAL_ACCOUNT_RATIO,,,,,PRICE_DOWN_OI_UP,PRICE_UP_OI_UP,PASS,PASS,-0.13936932435,0.188687688315,0.348211459323,0.328057012665,0.0462577969654,-0.687207396401,0.158055195465,0.139022963015,-0.0315357931252,-0.0190322324494,-0.0944710635387,-1.4665623464,0.344202349447,0.939235237101,0.602983179943,0.595032887654,-0.269613137053,0.261060305977,0.136765366165,-0.447603026508,-0.595798055817,-0.584368392673,-1.10502452731,4.56140172568,1.28565639095,0.15731476373,-1.09204368175,-1.12834162722,3.66343040993,4.18795053314
2026-10-03T21:00:00Z,2026-10-03T23:00:00+02:00,2026-10-04T00:00:00Z,84749.76,84773.89,84558,84715.15,288.71382,24447207.4182,36707,107.7733,9125186.3538,15322021.0644,0.373260888154,-0.040826079133,0.255315877859,2686.74,2688.06,2683.14,2685.18,2055.9708,5522119.05417,19225,971.2953,2608767.52291,2913351.53126,0.472421455843,-0.0580629312848,0.18336724882,0.0317,0.03174,0.03169,0.03169,-0.0315457413249,0.157778479015,0.0316965737533,-2.0739633842,2844578.08,28445.7808,-0.230547915318,OKX_CONTRACT_OI_HISTORY,5944713.16,594471.316,0.145811756759,OKX_CONTRACT_OI_HISTORY,1.29,0.563318777293,0.436681222707,OKX_GLOBAL_ACCOUNT_RATIO,1.68,0.626865671642,0.373134328358,OKX_GLOBAL_ACCOUNT_RATIO,,,,,PRICE_DOWN_OI_DOWN,PRICE_DOWN_OI_UP,PASS,PASS,-0.349185997271,-0.142431601221,0.189693329118,0.20675439605,-0.0268807668818,-0.526660361387,0.136099274693,0.165999559821,0,0.0299002851286,-0.169224400494,-0.916941696395,0.217031032977,0.740212722054,0.539340101523,0.523181689077,-0.312842969646,0.732193167694,0.201265622008,-0.307041155395,-0.502354788069,-0.508306777403,-0.871256578682,5.27401084499,1.14309463056,0.0324105636085,-1.1232449298,-1.11068406695,3.40043263487,4.30824579853
2026-10-03T22:00:00Z,2026-10-04T00:00:00+02:00,2026-10-04T00:00:00Z,84715.15,84805,84693.73,84776.01,382.2788,32411484.2241,22785,149.27759,12655363.2413,19756120.9828,0.390459232098,0.0718407510345,0.131379265029,2685.18,2689.52,2684.06,2686.58,1813.6695,4874376.33541,15347,898.3281,2414379.86017,2459996.47524,0.495320774195,0.0521380317148,0.203423172358,0.03169,0.03173,0.03169,0.03169,0,0.126222783212,0.0316903331497,-0.105126592173,2841414.78,28414.1478,-0.111204541097,OKX_CONTRACT_OI_HISTORY,5945941.08,594594.108,0.0206556644022,OKX_CONTRACT_OI_HISTORY,1.26,0.557522123894,0.442477876106,OKX_GLOBAL_ACCOUNT_RATIO,1.67,0.625468164794,0.374531835206,OKX_GLOBAL_ACCOUNT_RATIO,,,,,PRICE_UP_OI_DOWN,PRICE_UP_OI_UP,PASS,PASS,-0.2048028493,0.0536284886449,0.284810126582,0.258431337945,-0.177704472871,-0.203363425361,0.165272207035,0.116267803507,-0.126063662149,-0.0490044035276,-0.118126029783,-0.584887008873,0.255451750237,0.69602437772,0.475586556753,0.440572627483,-0.827311062927,-0.0498834357616,0.0310089483471,-0.61592983209,-0.627155848228,-0.646938780437,-0.814698951976,5.12880687276,1.30268139715,-0.0156308150354,-1.30800373715,-1.31831221219,3.58757139787,4.62631441475
2026-10-03T23:00:00Z,2026-10-04T01:00:00+02:00,2026-10-04T00:00:00Z,84776.02,84818.39,84708.16,84753.56,919.47834,77948024.0713,28988,476.52076,40396350.26,37551673.8113,0.518247264653,-0.0264815482587,0.130129139861,2686.59,2688.27,2685.09,2687.23,1296.7803,3484774.71268,9890,475.6042,1278038.73442,2206735.97826,0.366749313742,0.0241943288493,0.118431784409,0.03169,0.03172,0.03168,0.0317,0.0315556958031,0.126262626263,0.0317063967578,-2.01749757185,2837604.49,28376.0449,-0.134098338153,OKX_CONTRACT_OI_HISTORY,5959040.61,595904.061,0.220310457567,OKX_CONTRACT_OI_HISTORY,1.26,0.557522123894,0.442477876106,OKX_GLOBAL_ACCOUNT_RATIO,1.67,0.625468164794,0.374531835206,OKX_GLOBAL_ACCOUNT_RATIO,,,,,PRICE_DOWN_OI_DOWN,PRICE_UP_OI_UP,PASS,PASS,-0.104829537083,0.0655378760515,0.157977883096,0.170367413135,-0.398961619399,0.441727199138,0.096312819313,0.0998305116314,0,0.00351769231834,-0.330840951474,0.280255741618,0.278697995847,0.698496209609,0.379987333756,0.419798213762,-0.717711563107,0.0151705145578,-0.149022061132,-0.709054766075,-0.595798055817,-0.560032704943,-0.898893044901,4.9824087925,1.35124534222,0.0454205308245,-1.30759651308,-1.3058248114,3.30871296719,5.13465900807
2026-10-04T00:00:00Z,2026-10-04T02:00:00+02:00,2026-10-04T06:00:00Z,84753.57,84871.34,84753.56,84790,385.03292,32652572.2899,27014,179.43094,15217767.3775,17434804.9124,0.46605110441,0.0429952440936,0.138967613868,2687.24,2694,2686.54,2693.49,3489.2175,9390666.72925,17306,2191.9274,5899020.51528,3491646.21396,0.628179093707,0.232953636272,0.277680585437,0.03171,0.03176,0.03168,0.03175,0.157728706625,0.252525252525,0.0317665998349,-5.22556237446,2828188.52,28281.8852,-0.331828132962,OKX_CONTRACT_OI_HISTORY,5956544.2,595654.42,-0.0418928173742,OKX_CONTRACT_OI_HISTORY,1.26,0.557522123894,0.442477876106,OKX_GLOBAL_ACCOUNT_RATIO,1.67,0.625468164794,0.374531835206,OKX_GLOBAL_ACCOUNT_RATIO,2.79108236201e-05,OKX_FUNDING_HISTORY,3.65301519219e-05,OKX_FUNDING_HISTORY,PRICE_UP_OI_DOWN,PRICE_UP_OI_DOWN,PASS,PASS,0.0474927654654,0.25123383729,0.157728706625,0.203741071824,-0.805387970723,0.345119792796,-0.11546976829,0.403329518726,0.506489395378,0.518799287016,-0.552127112381,0.356395407255,0.153425267224,0.625385261978,0.411132194813,0.471959994754,-0.767738095827,0.421760678554,0.00602701731405,-0.549775142336,-0.594865372574,-0.55580215965,-2.00272462083,4.14445705491,1.53392992351,0.317695608128,-1.27487562189,-1.21623431538,2.32884862544,4.57222431913
2026-10-04T01:00:00Z,2026-10-04T03:00:00+02:00,2026-10-04T06:00:00Z,84790,84815.09,84719.99,84802.59,191.4151,16227504.5509,16029,98.24234,8328446.84068,7899057.71019,0.513230288401,0.0148484491096,0.112252137896,2693.5,2695,2689.79,2694.79,2281.0769,6142653.99602,13614,1034.3214,2785326.474,3357327.52203,0.453440235409,0.0482645192668,0.193695418601,0.03176,0.03177,0.03174,0.03177,0.0629921259842,0.0945179584121,0.0317772134082,-2.26999395129,2832919.05,28329.1905,0.167263602357,OKX_CONTRACT_OI_HISTORY,5956803.97,595680.397,0.00436108574502,OKX_CONTRACT_OI_HISTORY,1.33,0.570815450644,0.429184549356,OKX_GLOBAL_ACCOUNT_RATIO,1.66,0.624060150376,0.375939849624,OKX_GLOBAL_ACCOUNT_RATIO,,,,,PRICE_UP_OI_UP,PRICE_UP_OI_UP,PASS,PASS,0.103216484891,0.357890346271,0.252445566425,0.25467386138,-0.409868517302,0.203387609706,-0.07947445294,0.477257558753,0.569800569801,0.556732011693,-0.424633061318,-0.105668102876,0.192095935728,0.560871122787,0.347441566646,0.368775187059,-0.974728738245,-0.29680994577,-0.126498645625,-0.782023762624,-0.656660412758,-0.655525116999,-2.26673919489,3.8337617214,1.53801446801,0.177694506712,-1.33540372671,-1.36031996129,1.68754604719,3.99027100158
2026-10-04T02:00:00Z,2026-10-04T04:00:00+02:00,2026-10-04T06:00:00Z,84802.6,84877.09,84781.05,84802.17,278.14026,23592087.2465,25273,136.12617,11545850.2757,12046236.9708,0.489395031268,-0.000495267892164,0.113280031328,2694.8,2696.54,2692.01,2692.62,2523.627,6798436.02709,15162,1321.6647,3560618.8855,3237817.14159,0.523740882654,-0.0805257552537,0.168275749347,0.03178,0.03178,0.03175,0.03175,-0.0629524708845,0.0944881889764,0.0317517818235,-0.561172761102,2834899.64,28348.9964,0.0699133990433,OKX_CONTRACT_OI_HISTORY,5960205.76,596020.576,0.0571076372016,OKX_CONTRACT_OI_HISTORY,1.33,0.570815450644,0.429184549356,OKX_GLOBAL_ACCOUNT_RATIO,1.65,0.622641509434,0.377358490566,OKX_GLOBAL_ACCOUNT_RATIO,,,,,PRICE_DOWN_OI_UP,PRICE_DOWN_OI_UP,PASS,PASS,0.0308577863006,0.224821148077,0.189334174819,0.193963361776,-0.229292113417,0.239906178149,-0.0634486584981,0.33761123284,0.442897817146,0.401059891338,-0.811674381686,-0.254127809871,0.238971631206,0.578229005581,0.315955766193,0.339257374375,-1.10729184145,-0.058951445395,-0.452915903648,-1.04445359127,-0.594865372574,-0.591537687626,-2.94965075923,1.7265273331,1.57070038153,0.208409315896,-1.3668841255,-1.36229106563,0.626120013245,2.84602821799
2026-10-04T03:00:00Z,2026-10-04T05:00:00+02:00,2026-10-04T06:00:00Z,84802.17,84890,84796.41,84840.87,226.78471,19238088.1312,16631,121.43949,10301098.8747,8936989.25658,0.535453357131,0.0456356246544,0.110370238551,2692.62,2697,2691.75,2694.44,1848.4312,4980404.47016,10421,1100.895,2966143.12337,2014261.34679,0.595562697999,0.0675921593095,0.195040401226,0.03175,0.03177,0.03175,0.03176,0.0314960629921,0.0629921259842,0.0317587502344,0.393518504771,2841017.29,28410.1729,0.215797762774,OKX_CONTRACT_OI_HISTORY,5957428.96,595742.896,-0.0465889956121,OKX_CONTRACT_OI_HISTORY,1.33,0.570815450644,0.429184549356,OKX_GLOBAL_ACCOUNT_RATIO,1.65,0.622641509434,0.377358490566,OKX_GLOBAL_ACCOUNT_RATIO,,,,,PRICE_UP_OI_UP,PRICE_UP_OI_DOWN,PASS,PASS,0.103016321674,0.268306025163,0.18927444795,0.165289703489,0.120270460948,-0.0270454609303,-0.0311191780861,0.475446453542,0.538144982589,0.506565631628,-0.420589883735,-0.363195410346,0.166836758066,0.462334640796,0.284180612567,0.29549788273,-1.09647897949,-0.678510819769,-0.785881428416,-0.926957512915,-0.157183275699,-0.141076084499,-4.8536375864,0.987990814141,1.29768114983,-0.060458370888,-1.3358185772,-1.35813952072,0.321156754303,2.78727439134
2026-10-04T04:00:00Z,2026-10-04T06:00:00+02:00,2026-10-04T06:00:00Z,84840.88,84844.01,84808.11,84811.94,75.91338,6438879.42636,13266,36.7068,3113351.77013,3325527.65622,0.483523850034,-0.0340991317038,0.042330857273,2694.45,2696.13,2691.4,2692.4,821.477,2212702.09051,5934,333.7928,898934.307858,1313767.78266,0.406260884243,-0.0757114650911,0.175744965446,0.03176,0.03178,0.03174,0.03175,-0.0314861460957,0.126023944549,0.0317455301695,1.40801886792,2843868.75,28438.6875,0.100367569393,OKX_CONTRACT_OI_HISTORY,5968766.8,596876.68,0.190314313039,OKX_CONTRACT_OI_HISTORY,1.33,0.570815450644,0.429184549356,OKX_GLOBAL_ACCOUNT_RATIO,1.63,0.619771863118,0.380228136882,OKX_GLOBAL_ACCOUNT_RATIO,,,,,PRICE_DOWN_OI_UP,PRICE_DOWN_OI_UP,PASS,PASS,0.0258756928883,-0.0404679430776,0,-0.0663436359659,0.55442661934,0.205196160552,-0.0660908471659,0.399749410817,0.506489395378,0.465840257983,-0.209286994451,-0.139969949037,0.277509679615,0.612479026611,0.379386658236,0.334969346996,-1.08475760059,-0.90685770893,-2.12364106037,-1.83610669545,0.315955766193,0.287534364923,-3.60835458711,-0.567229395953,0.834538005643,-0.560280989965,-1.39751552795,-1.39481899561,1.25655427448,3.20657441432
2026-10-04T05:00:00Z,2026-10-04T07:00:00+02:00,2026-10-04T06:00:00Z,84811.94,84924.53,84811.61,84912.01,226.7738,19244244.4542,19638,115.0627,9764702.48612,9479541.96812,0.507408981908,0.117990462192,0.133142148817,2692.41,2697.9,2692.4,2694.74,2148.4432,5791113.83348,9754,1188.4538,3203878.84675,2587234.98673,0.553240523131,0.0869113058981,0.204278710444,0.03174,0.03177,0.03174,0.03174,-0.0314960629921,0.0945179584121,0.031735675554,1.36264500471,2851655.88,28516.5588,0.273821708544,OKX_CONTRACT_OI_HISTORY,5968816.01,596881.601,0.000824458412407,OKX_CONTRACT_OI_HISTORY,1.31,0.5670995671,0.4329004329,OKX_GLOBAL_ACCOUNT_RATIO,1.63,0.619771863118,0.380228136882,OKX_GLOBAL_ACCOUNT_RATIO,,,,,PRICE_UP_OI_UP,PRICE_UP_OI_UP,PASS,PASS,0.129029078003,-0.00185543214871,-0.0944287063267,-0.130884510152,0.661396590206,0.201652430741,-0.117618689126,0.213089575717,0.347771103383,0.330708264844,0.221869565648,-0.123345530246,0.307044988493,0.634863728368,0.347771103383,0.327818739874,-0.757600435127,-1.15396982315,-1.26741223839,-0.952345946741,0.347771103383,0.315066291648,-3.21551725563,-1.7072711861,0.736171674765,-0.854317208495,-1.58139534884,-1.59048888326,1.52920725429,1.64078468655
2026-10-04T06:00:00Z,2026-10-04T08:00:00+02:00,2026-10-04T12:00:00Z,84912.01,85072.54,84877.18,85031.74,295.71975,25127167.683,36095,141.94801,12061206.1273,13065961.5557,0.480006592045,0.141004788369,0.230167873155,2694.74,2697.42,2691.23,2696.19,3410.2238,9186651.31545,12946,1716.4643,4624191.49647,4562459.81898,0.503359857437,0.0538085306931,0.230006353972,0.03174,0.03174,0.03168,0.03172,-0.0630119722747,0.189393939394,0.0317080421969,3.77122087093,2856542.16,28565.4216,0.171348865558,OKX_CONTRACT_OI_HISTORY,5985798.08,598579.808,0.284513209513,OKX_CONTRACT_OI_HISTORY,1.31,0.5670995671,0.4329004329,OKX_GLOBAL_ACCOUNT_RATIO,1.63,0.619771863118,0.380228136882,OKX_GLOBAL_ACCOUNT_RATIO,,,,,PRICE_UP_OI_UP,PRICE_UP_OI_UP,PASS,PASS,0.270712412194,0.132584620184,-0.0944881889764,-0.13812779201,0.763431611286,0.429386518361,0.0962330896096,0.411524166338,0.379746835443,0.315291076728,0.35373845744,0.465596204484,0.526966637505,0.600726095019,0.0946670874093,0.0737594575142,-0.462960791585,-1.11922246071,-1.11777767829,-1.21747477486,-0.0315159155374,-0.0996970965742,-2.82983873396,-2.31571397732,1.08211401492,-0.700498303999,-1.70436938333,-1.78261231891,1.87265132217,1.26491898611
2026-10-04T07:00:00Z,2026-10-04T09:00:00+02:00,2026-10-04T12:00:00Z,85031.74,85112.65,84924.51,85106,244.47366,20781965.7447,32589,107.36999,9127476.16513,11654489.5795,0.439201771251,0.0873320950506,0.221537928214,2696.2,2707.38,2692,2705.56,5073.9748,13692039.523,21754,3195.4617,8623799.05385,5068240.46919,0.629840356459,0.347527436865,0.57132243685,0.03171,0.03181,0.0317,0.0318,0.252206809584,0.347003154574,0.0317904730571,2.99679179172,2859725.35,28597.2535,0.111435078557,OKX_CONTRACT_OI_HISTORY,5972866.76,597286.676,-0.216033348054,OKX_CONTRACT_OI_HISTORY,1.31,0.5670995671,0.4329004329,OKX_GLOBAL_ACCOUNT_RATIO,1.64,0.621212121212,0.378787878788,OKX_GLOBAL_ACCOUNT_RATIO,,,,,PRICE_UP_OI_UP,PRICE_UP_OI_DOWN,PASS,PASS,0.312502688857,0.412701711673,0.125944584383,0.100199022816,0.658498632368,0.259135276369,0.310575478092,0.748099960156,0.473933649289,0.437524482064,0.377489303778,0.674771824507,0.645695364238,0.896882726523,0.283822138127,0.251187362285,-0.0822520836572,-0.98309386788,-1.14258798822,-1.15917568106,-0.0314366551399,-0.0165876928376,-1.91000185761,-3.72552443491,2.00895529938,1.04874732958,-0.903708320349,-0.960207969797,1.64817119048,4.30682243744
2026-10-04T08:00:00Z,2026-10-04T10:00:00+02:00,2026-10-04T12:00:00Z,85106.01,85195.84,85032.99,85106.48,321.07586,27326002.057,55368,177.14159,15075614.1103,12250387.9468,0.55169483186,0.000564002538006,0.191513905368,2705.57,2707.99,2698.17,2700.38,4482.7996,12115437.6232,48798,2177.945,5886476.03073,6228961.59252,0.485865737069,-0.191457591035,0.363950381184,0.0318,0.0318,0.03172,0.03173,-0.220125786164,0.252206809584,0.0317294288285,0.180013183328,2839744.81,28397.4481,-0.698687375695,OKX_CONTRACT_OI_HISTORY,5989521.25,598952.125,0.278835786385,OKX_CONTRACT_OI_HISTORY,1.32,0.568965517241,0.431034482759,OKX_GLOBAL_ACCOUNT_RATIO,1.61,0.616858237548,0.383141762452,OKX_GLOBAL_ACCOUNT_RATIO,1.39230909643e-05,OKX_FUNDING_HISTORY,1.8149919347e-05,OKX_FUNDING_HISTORY,PRICE_UP_OI_DOWN,PRICE_DOWN_OI_UP,PASS,PASS,0.347286007135,0.296389838063,-0.0629921259843,-0.0508961690726,-0.1450116149,0.347717555325,0.420921595639,0.507678450464,0.0946372239748,0.0867568548252,-0.40006785329,0.900657688857,0.579642079554,0.647407203104,0.0630715862504,0.0677651235495,-0.494160968473,-0.579113364077,-1.30980101118,-1.93772832584,-0.626370184779,-0.627927314662,-2.78687724547,-3.55738688363,1.84224700261,0.490847316342,-1.30637636081,-1.35139968627,0.396598311322,2.5339187017
2026-10-04T09:00:00Z,2026-10-04T11:00:00+02:00,2026-10-04T12:00:00Z,85106.48,85339.55,85058.34,85233.84,335.31305,28574746.6304,56476,182.8209,15581082.6568,12993663.9736,0.545274569126,0.149647829401,0.330608380084,2700.37,2706.2,2697.87,2701.52,3316.5131,8962738.84948,41614,1763.7167,4766415.79694,4196323.05254,0.531803489647,0.0422162806716,0.308762097507,0.03173,0.03173,0.03168,0.03169,-0.126063662149,0.157828282828,0.0316953923465,-1.70130297018,2849567.33,28495.6733,0.345894460848,OKX_CONTRACT_OI_HISTORY,6023840.86,602384.086,0.572994210514,OKX_CONTRACT_OI_HISTORY,1.34,0.57264957265,0.42735042735,OKX_GLOBAL_ACCOUNT_RATIO,1.6,0.615384615385,0.384615384615,OKX_GLOBAL_ACCOUNT_RATIO,,,,,PRICE_UP_OI_UP,PRICE_UP_OI_UP,PASS,PASS,0.37901587773,0.251601267655,-0.157529930687,-0.127414610076,-0.0732399029858,0.921872108435,0.612275372233,0.608525313014,0,-0.00375005921831,0.175395080032,1.33106001703,0.749207949266,0.775535022177,0,0.0263270729106,0.00587386826523,0.401913276336,-1.30862366064,-1.66242596981,-0.408548082967,-0.353802309169,-2.65371522174,-4.38260708023,1.73286604129,0.384218075342,-1.33872976339,-1.34864796595,1.51968365112,3.91893629935
2026-10-04T10:00:00Z,2026-10-04T12:00:00+02:00,2026-10-04T12:00:00Z,85233.84,85428.01,85223.49,85264.01,336.01948,28677108.6906,63964,144.03348,12291405.1548,16385703.5358,0.428613821827,0.0353967391355,0.23998078464,2701.53,2707.47,2701.47,2701.48,3884.0128,10504426.2859,49969,2455.3552,6641340.39462,3863085.89132,0.632242086701,-0.00148064793153,0.222101300403,0.0317,0.03171,0.03167,0.03168,-0.0315556958031,0.126302494474,0.0316837080499,-1.17033329878,2854641.04,28546.4104,0.178051943065,OKX_CONTRACT_OI_HISTORY,6052232.3,605223.23,0.471317896004,OKX_CONTRACT_OI_HISTORY,1.31,0.5670995671,0.4329004329,OKX_GLOBAL_ACCOUNT_RATIO,1.59,0.6138996139,0.3861003861,OKX_GLOBAL_ACCOUNT_RATIO,,,,,PRICE_UP_OI_UP,PRICE_DOWN_OI_UP,PASS,PASS,0.273156823558,0.196202789863,-0.126103404792,-0.0769540336951,-0.0665531924094,1.10986403337,0.575634545669,0.554608461315,-0.0315556958031,-0.0210260843541,0.465481495102,1.78762652656,0.741858116622,0.671521095899,-0.157579577687,-0.0703370207237,0.34680561051,1.19228392237,-1.19770422352,-1.53090235759,-0.346020761246,-0.333198134065,-2.81640286422,-3.90914476334,1.54553708941,-0.0162847160538,-1.52315822195,-1.56182180547,1.61074818244,5.2489380082
2026-10-04T11:00:00Z,2026-10-04T13:00:00+02:00,2026-10-04T12:00:00Z,85264.01,85320.16,85203.65,85309.46,251.80423,21473118.5771,33903,128.5018,10958745.2932,10514373.2839,0.510347169828,0.0533050228344,0.136742968171,2701.49,2704.38,2699.63,2699.99,2296.7219,6204685.39036,23532,1005.3098,2715985.34567,3488700.04469,0.437731355386,-0.0551549521003,0.175950037598,0.03168,0.0317,0.03166,0.03166,-0.0631313131313,0.126342387871,0.0316493622161,3.3611368931,2851868.4,28518.684,-0.0971274482903,OKX_CONTRACT_OI_HISTORY,6058267.11,605826.711,0.0997121343145,OKX_CONTRACT_OI_HISTORY,1.32,0.568965517241,0.431034482759,OKX_GLOBAL_ACCOUNT_RATIO,1.58,0.612403100775,0.387596899225,OKX_GLOBAL_ACCOUNT_RATIO,,,,,PRICE_UP_OI_DOWN,PRICE_DOWN_OI_UP,PASS,PASS,0.2390665758,-0.20587235175,-0.440251572327,-0.444938927549,-0.274744915626,1.42980504055,0.655901651801,0.47483840237,-0.1261829653,-0.181063249431,0.502674352619,1.66514220147,0.752846188487,0.575142947608,-0.1261829653,-0.177703240879,0.170170348535,1.95006459972,-1.29058945431,-1.69808092098,-0.37759597231,-0.407491466677,-3.06377078911,-3.61767054964,1.67294831725,-0.242743556396,-1.82945736434,-1.91569187365,1.22293309808,5.13021524523
2026-10-04T12:00:00Z,2026-10-04T14:00:00+02:00,2026-10-04T13:00:00Z,85309.47,85389,85097.19,85127.94,359.28965,30637150.681,55353,119.28416,10171526.2423,20465624.4387,0.331999745937,-0.212778278048,0.34291379069,2700,2703.43,2694.68,2695.23,4567.3261,12331980.6063,48132,2259.8324,6103104.8766,6228875.72967,0.49490062233,-0.176296949248,0.324713880683,0.03165,0.0317,0.03164,0.03167,0.0315855969678,0.189633375474,0.031660932944,2.8637993789,2836082.51,28360.8251,-0.553527995892,OKX_CONTRACT_OI_HISTORY,6058228.03,605822.803,-0.000645068949434,OKX_CONTRACT_OI_HISTORY,1.29,0.563318777293,0.436681222707,OKX_GLOBAL_ACCOUNT_RATIO,1.55,0.607843137255,0.392156862745,OKX_GLOBAL_ACCOUNT_RATIO,,,,,PRICE_DOWN_OI_DOWN,PRICE_DOWN_OI_DOWN,PASS,PASS,0.0252154712544,-0.190713899525,-0.189095493224,-0.21592937078,-0.128965813657,1.14711639098,0.398561151079,0.064600202711,-0.251968503937,-0.333960948368,0.279118239261,1.7070943585,0.282631165151,0.468190273123,0.253244697689,0.185559107972,-0.274549960594,2.06957377165,-1.93763391314,-2.17590139301,-0.189095493224,-0.238267479869,-3.39454998769,-3.11492874673,1.66227150514,0.0920991551388,-1.49300155521,-1.57017235,0.569345651008,4.64302487174
2026-10-04T13:00:00Z,2026-10-04T15:00:00+02:00,2026-10-04T15:00:00Z,85127.94,85321.41,85122.64,85241.14,218.78092,18643076.6747,48070,84.39398,7191948.62147,11451128.0533,0.385770479141,0.132976317764,0.233510144892,2695.23,2701.53,2694.74,2699.05,3905.3999,10536825.1716,30400,1596.3767,4307316.33974,6229508.8319,0.408786922965,0.14173187446,0.25197236097,0.03166,0.03168,0.03165,0.03166,-0.0315756236186,0.0947867298578,0.0316637013536,-1.16895796669,2846562.39,28465.6239,0.369519573674,OKX_CONTRACT_OI_HISTORY,6080297.1,608029.71,0.3642825904,OKX_CONTRACT_OI_HISTORY,1.29,0.563318777293,0.436681222707,OKX_GLOBAL_ACCOUNT_RATIO,1.55,0.607843137255,0.392156862745,OKX_GLOBAL_ACCOUNT_RATIO,,,,,PRICE_UP_OI_UP,PRICE_UP_OI_UP,PASS,PASS,0.00856467337387,-0.0914300097723,-0.0946670874093,-0.0999946831461,-0.105452500398,0.937213338003,0.517142224076,0.158082819069,-0.346238589865,-0.359059405007,0.481600065487,2.07314409912,0.437256775182,0.636094840026,0.221589110478,0.198838064843,0.0549219710682,1.9652853442,-1.52938166154,-1.65711433287,-0.157678965626,-0.127732671336,-4.10397620467,-3.93548507406,1.55048262639,0.0511552562026,-1.49346608587,-1.49932737019,0.126260087218,6.69428193883
2026-10-04T14:00:00Z,2026-10-04T16:00:00+02:00,2026-10-04T15:00:00Z,85241.15,85280,85094,85278.44,259.5112,22105275.6513,47658,114.7834,9777299.81605,12327975.8353,0.442306170268,0.0437582134636,0.218581803652,2699.05,2699.31,2692,2697.47,4028.712,10859388.0888,38992,1639.5214,4418643.25535,6440744.8334,0.406896154667,-0.0585391156148,0.271545319465,0.03166,0.03167,0.03163,0.03164,-0.0631711939356,0.126462219412,0.0316313244004,2.74272410815,2848332.69,28483.3269,0.0621908027106,OKX_CONTRACT_OI_HISTORY,6099134.16,609913.416,0.309804927131,OKX_CONTRACT_OI_HISTORY,1.27,0.559471365639,0.440528634361,OKX_GLOBAL_ACCOUNT_RATIO,1.53,0.604743083004,0.395256916996,OKX_GLOBAL_ACCOUNT_RATIO,,,,,PRICE_UP_OI_UP,PRICE_DOWN_OI_UP,PASS,PASS,0.0169239049395,-0.148437152968,-0.126262626263,-0.165361057908,-0.220985753081,0.774951417513,0.561624779177,0.180121962995,-0.346456692913,-0.381502816182,0.473845698467,2.33093295088,0.497819777291,0.518341307815,0.0949066751028,0.020521530524,-0.341674767363,2.07088159215,-0.476723813072,-0.453913062732,0.031615554853,0.0228107503393,-3.61214411863,0.632000600947,1.46077394999,0.271731049454,-1.15588878475,-1.18904290054,0.202828629748,6.50002018113
2026-10-04T15:00:00Z,2026-10-04T17:00:00+02:00,2026-10-04T18:00:00Z,85278.45,85470,85242.65,85256.01,287.83382,24565194.4828,55221,133.01683,11351539.7207,13213654.7621,0.462098508059,-0.0263020758823,0.266709211879,2697.46,2704.96,2696.2,2698.99,4495.8777,12138466.7994,58139,2294.166,6193625.93057,5944840.8688,0.510247795948,0.0563490974876,0.324901713523,0.03164,0.03166,0.03162,0.03166,0.063211125158,0.126502213789,0.0316574749393,0.797619109372,2848692.76,28486.9276,0.0126414305908,OKX_CONTRACT_OI_HISTORY,6103313.81,610331.381,0.068528579473,OKX_CONTRACT_OI_HISTORY,1.27,0.559471365639,0.440528634361,OKX_GLOBAL_ACCOUNT_RATIO,1.53,0.604743083004,0.395256916996,OKX_GLOBAL_ACCOUNT_RATIO,,,,,PRICE_DOWN_OI_UP,PRICE_UP_OI_UP,PASS,PASS,-0.0626542472547,-0.0370371742118,0,0.0256170730429,-0.111352964253,0.743557508807,0.489316057226,0.168866257924,-0.314861460957,-0.320449799302,0.270166254426,2.44878874729,0.458044608004,0.645115580101,0.221589110478,0.187070972096,-0.151559921244,2.0766994486,-0.0820265804093,0.0604294569505,0.126502213789,0.14245603736,-3.21575187738,0.760314783736,1.29910358098,0.607599088974,-0.721229225463,-0.691504492009,-0.34933894857,6.19149472237
2026-10-04T16:00:00Z,2026-10-04T18:00:00+02:00,2026-10-04T18:00:00Z,85256.01,85433.16,85178.49,85374,195.74952,16694389.4632,46425,91.41115,7796409.74125,8897979.722,0.467007778776,0.138394935442,0.29898393362,2698.98,2707.01,2696.27,2703.22,2846.9288,7691865.23941,46110,1455.836,3934400.88822,3757464.35118,0.511501536463,0.156725293536,0.398328060617,0.03166,0.0317,0.03165,0.03167,0.0315855969678,0.157977883096,0.031663269848,2.1255391718,2848783.84,28487.8384,0.00319725599331,OKX_CONTRACT_OI_HISTORY,6099220.31,609922.031,-0.0670701216984,OKX_CONTRACT_OI_HISTORY,1.26,0.557522123894,0.442477876106,OKX_GLOBAL_ACCOUNT_RATIO,1.51,0.601593625498,0.398406374502,OKX_GLOBAL_ACCOUNT_RATIO,4.79022334781e-05,OKX_FUNDING_HISTORY,4.22476384199e-05,OKX_FUNDING_HISTORY,PRICE_UP_OI_UP,PRICE_UP_OI_DOWN,PASS,PASS,0.289047285768,0.296449653647,0,0.00740236787962,0.447847689735,0.676638115915,0.662713292492,0.401871935819,-0.251968503937,-0.260841356672,0.172831112547,2.18560239278,0.596184452496,0.803227827332,0.253244697689,0.207043374836,-0.0368175949449,2.04257325718,0.251279914129,0.488461309701,0.284990500317,0.237181395572,-3.04767588837,0.650589899654,1.39187888745,0.856257018882,-0.502670436695,-0.535621868569,0.355800460607,6.39612816373
2026-10-04T17:00:00Z,2026-10-04T19:00:00+02:00,2026-10-04T18:00:00Z,85374,85454.01,85317.84,85319.53,159.08745,13581167.3425,37000,71.21534,6079568.6633,7501598.67916,0.447646988657,-0.0638016257877,0.159603196705,2703.22,2705.74,2701.75,2702.14,2045.082,5528734.69762,36912,1047.9584,2832998.92032,2695735.7773,0.512413612745,-0.0399523531196,0.147682057925,0.03168,0.03169,0.03166,0.03167,0,0.0947567909034,0.0316708261286,-0.260848438647,2854362.95,28543.6295,0.195841815783,OKX_CONTRACT_OI_HISTORY,6103585.11,610358.511,0.0715632454339,OKX_CONTRACT_OI_HISTORY,1.25,0.555555555556,0.444444444444,OKX_GLOBAL_ACCOUNT_RATIO,1.5,0.6,0.4,OKX_GLOBAL_ACCOUNT_RATIO,,,,,PRICE_DOWN_OI_UP,PRICE_DOWN_OI_UP,PASS,PASS,0.0919626368207,0.114484726107,0.0315855969678,0.0225220892867,0.274034394166,0.383007764538,0.479932108544,0.274609053193,-0.220541902962,-0.205323055351,0.0949297570926,2.25788665247,0.361748929563,0.488283792176,0.126462219412,0.126534862613,0.317009942981,2.13175611996,0.642620591627,0.657480564279,0.0315855969678,0.0148599726519,-2.84892189085,0.0925469662374,0.484665698796,0.0403546768849,-0.471401634192,-0.444311021911,-1.34635118951,6.2595854154
2026-10-04T18:00:00Z,2026-10-04T20:00:00+02:00,2026-10-04T20:00:00Z,85319.54,85361.99,85312.01,85338.84,134.17639,11449777.928,22702,64.88415,5536826.29151,5912951.63647,0.483574993885,0.0226325672446,0.0585849518726,2702.14,2702.21,2700.71,2701.03,1374.6887,3713589.66741,18544,589.0336,1591136.85145,2122452.81596,0.428463291304,-0.0410785525546,0.0555409503427,0.03167,0.03167,0.03165,0.03165,-0.0631512472371,0.0631911532385,0.0316506528563,-0.206269460172,2855930.98,28559.3098,0.0549344994827,OKX_CONTRACT_OI_HISTORY,6116239.06,611623.906,0.207319956582,OKX_CONTRACT_OI_HISTORY,1.25,0.555555555556,0.444444444444,OKX_GLOBAL_ACCOUNT_RATIO,1.5,0.6,0.4,OKX_GLOBAL_ACCOUNT_RATIO,,,,,PRICE_UP_OI_UP,PRICE_DOWN_OI_UP,PASS,PASS,0.0708268115599,0.1319755178,0.031605562579,0.0611487062401,0.266762728479,0.280448003787,0.361159256532,0.179512571443,-0.220680958386,-0.181646685088,-0.0213957983382,2.17917441011,0.457739900852,0.591775475394,0.158227848101,0.134035574542,0.332266973934,2.65491676793,1.27795432366,1.35273060211,0.031605562579,0.0747762784433,-0.825442911306,3.02107256457,0.63302737364,0.0240706863478,-0.596733668342,-0.608956687293,-1.2919226075,6.94678847929
2026-10-04T19:00:00Z,2026-10-04T21:00:00+02:00,2026-10-04T20:00:00Z,85338.84,85574.01,85338.82,85428,258.95128,22125856.6324,41723,127.26263,10873663.5502,11252193.0822,0.491445991488,0.104477632928,0.275595561317,2701.02,2705.67,2700.71,2701.64,3088.0875,8346205.81431,43652,1388.6173,3752835.46182,4593370.35249,0.44964568875,0.0225839772235,0.183655409133,0.03165,0.03166,0.03162,0.03163,-0.0631911532385,0.126502213789,0.0316247600318,1.65691950075,2872583.2,28725.832,0.583075015349,OKX_CONTRACT_OI_HISTORY,6113432.36,611343.236,-0.0458893115928,OKX_CONTRACT_OI_HISTORY,1.25,0.555555555556,0.444444444444,OKX_GLOBAL_ACCOUNT_RATIO,1.5,0.6,0.4,OKX_GLOBAL_ACCOUNT_RATIO,,,,,PRICE_UP_OI_UP,PRICE_UP_OI_DOWN,PASS,PASS,0.201733578665,0.0981848765649,-0.0947567909033,-0.1035487021,0.83864572324,0.165787805035,0.378351702583,-0.144886825648,-0.534591194969,-0.523238528231,0.449618352336,2.3534025728,0.690102248284,0.602129236223,-0.0631911532385,-0.0879730120605,0.828804917301,3.04405449479,1.31971334259,1.25935143401,-0.031605562579,-0.060361908576,0.328821024679,3.46477905377,0.88885361692,0.0348057910912,-0.846394984326,-0.854047825829,-0.743573745453,7.60621810964
2026-10-04T20:00:00Z,2026-10-04T22:00:00+02:00,2026-10-04T23:00:00Z,85428,85876.84,85396.32,85824.44,378.12584,32378944.3241,66685,238.44237,20415239.6936,11963704.6305,0.630509737724,0.464063304771,0.562694036464,2701.64,2706.79,2699.65,2705.74,4048.8886,10943355.3157,32275,2216.424,5990066.27192,4953289.04377,0.547370171133,0.151759671903,0.264478728724,0.03163,0.03163,0.0315,0.03153,-0.31615554853,0.412698412698,0.0315264509736,1.12572974491,2874609.08,28746.0908,0.0705246761868,OKX_CONTRACT_OI_HISTORY,6123679.06,612367.906,0.167609607772,OKX_CONTRACT_OI_HISTORY,1.2,0.545454545455,0.454545454545,OKX_GLOBAL_ACCOUNT_RATIO,1.5,0.6,0.4,OKX_GLOBAL_ACCOUNT_RATIO,,,,,PRICE_UP_OI_UP,PRICE_UP_OI_UP,PASS,PASS,0.527607936843,0.0932221572791,-0.44205873066,-0.434385779564,0.906535611351,0.401014371622,0.843602038294,0.198490582807,-0.630318310747,-0.645111455487,1.22772545889,2.23987534897,1.26807453709,0.707176727186,-0.536277602524,-0.560897809907,0.822745870716,3.16070664738,1.61664162889,1.6530540173,0.0634719136782,0.036412388408,0.550914502712,3.4300183038,1.40657419004,0.256408356245,-1.12888052681,-1.1501658338,-0.291370200258,7.86628090061
2026-10-04T21:00:00Z,2026-10-04T23:00:00+02:00,2026-10-04T23:00:00Z,85824.45,86066.22,85778.78,85865.42,538.27693,46265680.797,119417,286.84729,24656599.9346,21609080.8623,0.532934985715,0.0477486366354,0.335094530372,2705.73,2710.23,2701.32,2702.47,3458.9145,9361776.51743,64011,1804.9011,4885913.00776,4475863.50968,0.521900196897,-0.120854184068,0.329838745502,0.03152,0.03152,0.03147,0.03148,-0.158579130986,0.15888147442,0.0314733218565,2.12184261065,2862403.07,28624.0307,-0.424614605336,OKX_CONTRACT_OI_HISTORY,6115510.61,611551.061,-0.133391216619,OKX_CONTRACT_OI_HISTORY,1.21,0.547511312217,0.452488687783,OKX_GLOBAL_ACCOUNT_RATIO,1.52,0.603174603175,0.396825396825,OKX_GLOBAL_ACCOUNT_RATIO,,,,,PRICE_UP_OI_DOWN,PRICE_DOWN_OI_DOWN,PASS,PASS,0.639818339365,0.0122125426514,-0.599936848753,-0.627605796714,0.281678263796,0.195385167653,0.74099676842,0.0351653883739,-0.662669611865,-0.705831380046,0.450445226013,1.52178239981,1.35780908137,0.643904691678,-0.662669611865,-0.713904389696,0.62663036481,2.87309825391,1.57778698143,1.38888367818,-0.126903553299,-0.188903303249,0.311827026121,3.62632805072,1.56180750628,0.334886483878,-1.16169544741,-1.2269210224,-0.250085772149,8.2986366124
2026-10-04T22:00:00Z,2026-10-05T00:00:00+02:00,2026-10-04T23:00:00Z,85865.43,86686.39,85865.43,86428.01,1218.87676,105243009.399,238595,622.03509,53688726.6376,51554282.7614,0.510140549422,0.655199729996,0.956100726451,2702.47,2736.85,2702.47,2730.9,20504.2685,55877311.0873,262963,12421.6371,33847243.6119,22030067.4754,0.605742168927,1.05200057725,1.2721695338,0.03148,0.03163,0.03141,0.03159,0.349428208386,0.70041388093,0.0315973953351,-2.34048884983,2846974.56,28469.7456,-0.539005500717,OKX_CONTRACT_OI_HISTORY,6041543.26,604154.326,-1.20950407443,OKX_CONTRACT_OI_HISTORY,1.17,0.539170506912,0.460829493088,OKX_GLOBAL_ACCOUNT_RATIO,1.44,0.590163934426,0.409836065574,OKX_GLOBAL_ACCOUNT_RATIO,,,,,PRICE_UP_OI_DOWN,PRICE_UP_OI_DOWN,PASS,PASS,1.27628873324,1.10587442568,-0.189573459716,-0.170414307561,-0.313607718909,-1.22127011824,1.3651715419,1.08903267838,-0.284090909091,-0.276138863513,-0.268561962523,-0.176613181222,1.94866448657,1.64968100708,-0.315556958031,-0.298983479489,0.195669426341,1.60785616127,2.20909413434,2.35718756676,0.158528852251,0.148093432421,-0.633260431397,1.55717067161,1.98027769528,1.02359029753,-0.940733772342,-0.956687397747,-0.620623642401,6.81912687132
2026-10-04T23:00:00Z,2026-10-05T01:00:00+02:00,2026-10-05T02:00:00Z,86428.01,86800,86396,86530,815.98799,70631405.8166,165014,451.41375,39072710.3341,31558695.4824,0.553191740734,0.118005725227,0.4676142414,2730.9,2739.5,2724.67,2726.94,7963.1687,21748419.1575,135832,4489.8494,12264020.5597,9484398.59788,0.56390400014,-0.145007140503,0.544286097032,0.0316,0.0316,0.03151,0.03152,-0.221589110478,0.285623611552,0.0315143880735,1.7807505849,2881674.47,28816.7447,1.21883456521,OKX_CONTRACT_OI_HISTORY,6088542.94,608854.294,0.777941628113,OKX_CONTRACT_OI_HISTORY,1.12,0.528301886792,0.471698113208,OKX_GLOBAL_ACCOUNT_RATIO,1.37,0.57805907173,0.42194092827,OKX_GLOBAL_ACCOUNT_RATIO,,,,,PRICE_UP_OI_UP,PRICE_DOWN_OI_UP,PASS,PASS,1.28997518378,0.936468219304,-0.347771103383,-0.353506964477,0.316484131774,-0.407126774852,1.43072057894,0.998151845007,-0.442198357549,-0.43256873393,1.04514184455,0.499744059651,2.09600635065,1.47772985565,-0.567823343849,-0.618276494997,1.55306985717,2.17320771036,2.38054587419,2.18654795229,-0.189993666878,-0.193997921898,0.824211732119,2.18870791171,1.94386077765,0.758197175605,-1.16023831922,-1.18566360205,0.640216375344,7.2638945949
