date_utc,btc_d_close,source_symbol,source_provider,source_convention,settled_timezone,source_timestamp,source_verified_timestamp,print_status,revision_delta,data_quality,source_status,notes
2023-01-01,40.0387,CMC_GLOBAL_METRICS_BTC_DOMINANCE,CoinMarketCap,CMC_DIRECT_SOURCE_CONVENTION: Bitcoin market cap / total market cap of cryptoassets tracked by CoinMarketCap * 100,UTC,2023-01-01T00:00:00Z,2026-08-30T10:38:54Z,SETTLED_COMPLETE_DATE,NOT_COMPUTABLE,PASS,PUBLIC_SOURCE_BACKED,Direct CMC historical global-metrics BTC dominance; not TradingView top-125 convention.
2023-01-02,40.0759,CMC_GLOBAL_METRICS_BTC_DOMINANCE,CoinMarketCap,CMC_DIRECT_SOURCE_CONVENTION: Bitcoin market cap / total market cap of cryptoassets tracked by CoinMarketCap * 100,UTC,2023-01-02T00:00:00Z,2026-08-30T10:38:54Z,SETTLED_COMPLETE_DATE,NOT_COMPUTABLE,PASS,PUBLIC_SOURCE_BACKED,Direct CMC historical global-metrics BTC dominance; not TradingView top-125 convention.
2023-01-03,39.86,CMC_GLOBAL_METRICS_BTC_DOMINANCE,CoinMarketCap,CMC_DIRECT_SOURCE_CONVENTION: Bitcoin market cap / total market cap of cryptoassets tracked by CoinMarketCap * 100,UTC,2023-01-03T00:00:00Z,2026-08-30T10:38:54Z,SETTLED_COMPLETE_DATE,NOT_COMPUTABLE,PASS,PUBLIC_SOURCE_BACKED,Direct CMC historical global-metrics BTC dominance; not TradingView top-125 convention.
2023-01-04,39.8378,CMC_GLOBAL_METRICS_BTC_DOMINANCE,CoinMarketCap,CMC_DIRECT_SOURCE_CONVENTION: Bitcoin market cap / total market cap of cryptoassets tracked by CoinMarketCap * 100,UTC,2023-01-04T00:00:00Z,2026-08-30T10:38:54Z,SETTLED_COMPLETE_DATE,NOT_COMPUTABLE,PASS,PUBLIC_SOURCE_BACKED,Direct CMC historical global-metrics BTC dominance; not TradingView top-125 convention.
2023-01-06,39.6606,CMC_GLOBAL_METRICS_BTC_DOMINANCE,CoinMarketCap,CMC_DIRECT_SOURCE_CONVENTION: Bitcoin market cap / total market cap of cryptoassets tracked by CoinMarketCap * 100,UTC,2023-01-06T00:00:00Z,2026-08-30T10:38:54Z,SETTLED_COMPLETE_DATE,NOT_COMPUTABLE,PASS,PUBLIC_SOURCE_BACKED,Direct CMC historical global-metrics BTC dominance; not TradingView top-125 convention.
2023-01-07,39.5699,CMC_GLOBAL_METRICS_BTC_DOMINANCE,CoinMarketCap,CMC_DIRECT_SOURCE_CONVENTION: Bitcoin market cap / total market cap of cryptoassets tracked by CoinMarketCap * 100,UTC,2023-01-07T00:00:00Z,2026-08-30T10:38:54Z,SETTLED_COMPLETE_DATE,NOT_COMPUTABLE,PASS,PUBLIC_SOURCE_BACKED,Direct CMC historical global-metrics BTC dominance; not TradingView top-125 convention.
2023-01-08,39.5986,CMC_GLOBAL_METRICS_BTC_DOMINANCE,CoinMarketCap,CMC_DIRECT_SOURCE_CONVENTION: Bitcoin market cap / total market cap of cryptoassets tracked by CoinMarketCap * 100,UTC,2023-01-08T00:00:00Z,2026-08-30T10:38:54Z,SETTLED_COMPLETE_DATE,NOT_COMPUTABLE,PASS,PUBLIC_SOURCE_BACKED,Direct CMC historical global-metrics BTC dominance; not TradingView top-125 convention.
2023-01-09,39.3052,CMC_GLOBAL_METRICS_BTC_DOMINANCE,CoinMarketCap,CMC_DIRECT_SOURCE_CONVENTION: Bitcoin market cap / total market cap of cryptoassets tracked by CoinMarketCap * 100,UTC,2023-01-09T00:00:00Z,2026-08-30T10:38:54Z,SETTLED_COMPLETE_DATE,NOT_COMPUTABLE,PASS,PUBLIC_SOURCE_BACKED,Direct CMC historical global-metrics BTC dominance; not TradingView top-125 convention.
2023-01-10,39.0412,CMC_GLOBAL_METRICS_BTC_DOMINANCE,CoinMarketCap,CMC_DIRECT_SOURCE_CONVENTION: Bitcoin market cap / total market cap of cryptoassets tracked by CoinMarketCap * 100,UTC,2023-01-10T00:00:00Z,2026-08-30T10:38:54Z,SETTLED_COMPLETE_DATE,NOT_COMPUTABLE,PASS,PUBLIC_SOURCE_BACKED,Direct CMC historical global-metrics BTC dominance; not TradingView top-125 convention.
2023-01-11,39.1532,CMC_GLOBAL_METRICS_BTC_DOMINANCE,CoinMarketCap,CMC_DIRECT_SOURCE_CONVENTION: Bitcoin market cap / total market cap of cryptoassets tracked by CoinMarketCap * 100,UTC,2023-01-11T00:00:00Z,2026-08-30T10:38:54Z,SETTLED_COMPLETE_DATE,NOT_COMPUTABLE,PASS,PUBLIC_SOURCE_BACKED,Direct CMC historical global-metrics BTC dominance; not TradingView top-125 convention.
2023-01-12,39.2424,CMC_GLOBAL_METRICS_BTC_DOMINANCE,CoinMarketCap,CMC_DIRECT_SOURCE_CONVENTION: Bitcoin market cap / total market cap of cryptoassets tracked by CoinMarketCap * 100,UTC,2023-01-12T00:00:00Z,2026-08-30T10:38:54Z,SETTLED_COMPLETE_DATE,NOT_COMPUTABLE,PASS,PUBLIC_SOURCE_BACKED,Direct CMC historical global-metrics BTC dominance; not TradingView top-125 convention.
2023-01-13,40.0929,CMC_GLOBAL_METRICS_BTC_DOMINANCE,CoinMarketCap,CMC_DIRECT_SOURCE_CONVENTION: Bitcoin market cap / total market cap of cryptoassets tracked by CoinMarketCap * 100,UTC,2023-01-13T00:00:00Z,2026-08-30T10:38:54Z,SETTLED_COMPLETE_DATE,NOT_COMPUTABLE,PASS,PUBLIC_SOURCE_BACKED,Direct CMC historical global-metrics BTC dominance; not TradingView top-125 convention.
2023-01-14,40.8228,CMC_GLOBAL_METRICS_BTC_DOMINANCE,CoinMarketCap,CMC_DIRECT_SOURCE_CONVENTION: Bitcoin market cap / total market cap of cryptoassets tracked by CoinMarketCap * 100,UTC,2023-01-14T00:00:00Z,2026-08-30T10:38:54Z,SETTLED_COMPLETE_DATE,NOT_COMPUTABLE,PASS,PUBLIC_SOURCE_BACKED,Direct CMC historical global-metrics BTC dominance; not TradingView top-125 convention.
2023-01-15,41.0143,CMC_GLOBAL_METRICS_BTC_DOMINANCE,CoinMarketCap,CMC_DIRECT_SOURCE_CONVENTION: Bitcoin market cap / total market cap of cryptoassets tracked by CoinMarketCap * 100,UTC,2023-01-15T00:00:00Z,2026-08-30T10:38:54Z,SETTLED_COMPLETE_DATE,NOT_COMPUTABLE,PASS,PUBLIC_SOURCE_BACKED,Direct CMC historical global-metrics BTC dominance; not TradingView top-125 convention.
2023-01-16,40.931,CMC_GLOBAL_METRICS_BTC_DOMINANCE,CoinMarketCap,CMC_DIRECT_SOURCE_CONVENTION: Bitcoin market cap / total market cap of cryptoassets tracked by CoinMarketCap * 100,UTC,2023-01-16T00:00:00Z,2026-08-30T10:38:54Z,SETTLED_COMPLETE_DATE,NOT_COMPUTABLE,PASS,PUBLIC_SOURCE_BACKED,Direct CMC historical global-metrics BTC dominance; not TradingView top-125 convention.
2023-01-17,41.1842,CMC_GLOBAL_METRICS_BTC_DOMINANCE,CoinMarketCap,CMC_DIRECT_SOURCE_CONVENTION: Bitcoin market cap / total market cap of cryptoassets tracked by CoinMarketCap * 100,UTC,2023-01-17T00:00:00Z,2026-08-30T10:38:54Z,SETTLED_COMPLETE_DATE,NOT_COMPUTABLE,PASS,PUBLIC_SOURCE_BACKED,Direct CMC historical global-metrics BTC dominance; not TradingView top-125 convention.
2023-01-18,41.2734,CMC_GLOBAL_METRICS_BTC_DOMINANCE,CoinMarketCap,CMC_DIRECT_SOURCE_CONVENTION: Bitcoin market cap / total market cap of cryptoassets tracked by CoinMarketCap * 100,UTC,2023-01-18T00:00:00Z,2026-08-30T10:38:54Z,SETTLED_COMPLETE_DATE,NOT_COMPUTABLE,PASS,PUBLIC_SOURCE_BACKED,Direct CMC historical global-metrics BTC dominance; not TradingView top-125 convention.
2023-01-19,41.4624,CMC_GLOBAL_METRICS_BTC_DOMINANCE,CoinMarketCap,CMC_DIRECT_SOURCE_CONVENTION: Bitcoin market cap / total market cap of cryptoassets tracked by CoinMarketCap * 100,UTC,2023-01-19T00:00:00Z,2026-08-30T10:38:54Z,SETTLED_COMPLETE_DATE,NOT_COMPUTABLE,PASS,PUBLIC_SOURCE_BACKED,Direct CMC historical global-metrics BTC dominance; not TradingView top-125 convention.
2023-01-20,41.4206,CMC_GLOBAL_METRICS_BTC_DOMINANCE,CoinMarketCap,CMC_DIRECT_SOURCE_CONVENTION: Bitcoin market cap / total market cap of cryptoassets tracked by CoinMarketCap * 100,UTC,2023-01-20T00:00:00Z,2026-08-30T10:38:54Z,SETTLED_COMPLETE_DATE,NOT_COMPUTABLE,PASS,PUBLIC_SOURCE_BACKED,Direct CMC historical global-metrics BTC dominance; not TradingView top-125 convention.
2023-01-21,41.9249,CMC_GLOBAL_METRICS_BTC_DOMINANCE,CoinMarketCap,CMC_DIRECT_SOURCE_CONVENTION: Bitcoin market cap / total market cap of cryptoassets tracked by CoinMarketCap * 100,UTC,2023-01-21T00:00:00Z,2026-08-30T10:38:54Z,SETTLED_COMPLETE_DATE,NOT_COMPUTABLE,PASS,PUBLIC_SOURCE_BACKED,Direct CMC historical global-metrics BTC dominance; not TradingView top-125 convention.
2023-01-22,42.3274,CMC_GLOBAL_METRICS_BTC_DOMINANCE,CoinMarketCap,CMC_DIRECT_SOURCE_CONVENTION: Bitcoin market cap / total market cap of cryptoassets tracked by CoinMarketCap * 100,UTC,2023-01-22T00:00:00Z,2026-08-30T10:38:54Z,SETTLED_COMPLETE_DATE,NOT_COMPUTABLE,PASS,PUBLIC_SOURCE_BACKED,Direct CMC historical global-metrics BTC dominance; not TradingView top-125 convention.
2023-01-23,42.1001,CMC_GLOBAL_METRICS_BTC_DOMINANCE,CoinMarketCap,CMC_DIRECT_SOURCE_CONVENTION: Bitcoin market cap / total market cap of cryptoassets tracked by CoinMarketCap * 100,UTC,2023-01-23T00:00:00Z,2026-08-30T10:38:54Z,SETTLED_COMPLETE_DATE,NOT_COMPUTABLE,PASS,PUBLIC_SOURCE_BACKED,Direct CMC historical global-metrics BTC dominance; not TradingView top-125 convention.
2023-01-24,42.1255,CMC_GLOBAL_METRICS_BTC_DOMINANCE,CoinMarketCap,CMC_DIRECT_SOURCE_CONVENTION: Bitcoin market cap / total market cap of cryptoassets tracked by CoinMarketCap * 100,UTC,2023-01-24T00:00:00Z,2026-08-30T10:38:54Z,SETTLED_COMPLETE_DATE,NOT_COMPUTABLE,PASS,PUBLIC_SOURCE_BACKED,Direct CMC historical global-metrics BTC dominance; not TradingView top-125 convention.
2023-01-25,42.6018,CMC_GLOBAL_METRICS_BTC_DOMINANCE,CoinMarketCap,CMC_DIRECT_SOURCE_CONVENTION: Bitcoin market cap / total market cap of cryptoassets tracked by CoinMarketCap * 100,UTC,2023-01-25T00:00:00Z,2026-08-30T10:38:54Z,SETTLED_COMPLETE_DATE,NOT_COMPUTABLE,PASS,PUBLIC_SOURCE_BACKED,Direct CMC historical global-metrics BTC dominance; not TradingView top-125 convention.
2023-01-26,42.3958,CMC_GLOBAL_METRICS_BTC_DOMINANCE,CoinMarketCap,CMC_DIRECT_SOURCE_CONVENTION: Bitcoin market cap / total market cap of cryptoassets tracked by CoinMarketCap * 100,UTC,2023-01-26T00:00:00Z,2026-08-30T10:38:54Z,SETTLED_COMPLETE_DATE,NOT_COMPUTABLE,PASS,PUBLIC_SOURCE_BACKED,Direct CMC historical global-metrics BTC dominance; not TradingView top-125 convention.
2023-01-27,42.2981,CMC_GLOBAL_METRICS_BTC_DOMINANCE,CoinMarketCap,CMC_DIRECT_SOURCE_CONVENTION: Bitcoin market cap / total market cap of cryptoassets tracked by CoinMarketCap * 100,UTC,2023-01-27T00:00:00Z,2026-08-30T10:38:54Z,SETTLED_COMPLETE_DATE,NOT_COMPUTABLE,PASS,PUBLIC_SOURCE_BACKED,Direct CMC historical global-metrics BTC dominance; not TradingView top-125 convention.
2023-01-28,42.156,CMC_GLOBAL_METRICS_BTC_DOMINANCE,CoinMarketCap,CMC_DIRECT_SOURCE_CONVENTION: Bitcoin market cap / total market cap of cryptoassets tracked by CoinMarketCap * 100,UTC,2023-01-28T00:00:00Z,2026-08-30T10:38:54Z,SETTLED_COMPLETE_DATE,NOT_COMPUTABLE,PASS,PUBLIC_SOURCE_BACKED,Direct CMC historical global-metrics BTC dominance; not TradingView top-125 convention.
2023-01-29,42.3268,CMC_GLOBAL_METRICS_BTC_DOMINANCE,CoinMarketCap,CMC_DIRECT_SOURCE_CONVENTION: Bitcoin market cap / total market cap of cryptoassets tracked by CoinMarketCap * 100,UTC,2023-01-29T00:00:00Z,2026-08-30T10:38:54Z,SETTLED_COMPLETE_DATE,NOT_COMPUTABLE,PASS,PUBLIC_SOURCE_BACKED,Direct CMC historical global-metrics BTC dominance; not TradingView top-125 convention.
2023-01-30,42.3846,CMC_GLOBAL_METRICS_BTC_DOMINANCE,CoinMarketCap,CMC_DIRECT_SOURCE_CONVENTION: Bitcoin market cap / total market cap of cryptoassets tracked by CoinMarketCap * 100,UTC,2023-01-30T00:00:00Z,2026-08-30T10:38:54Z,SETTLED_COMPLETE_DATE,NOT_COMPUTABLE,PASS,PUBLIC_SOURCE_BACKED,Direct CMC historical global-metrics BTC dominance; not TradingView top-125 convention.
2023-01-31,42.4111,CMC_GLOBAL_METRICS_BTC_DOMINANCE,CoinMarketCap,CMC_DIRECT_SOURCE_CONVENTION: Bitcoin market cap / total market cap of cryptoassets tracked by CoinMarketCap * 100,UTC,2023-01-31T00:00:00Z,2026-08-30T10:38:54Z,SETTLED_COMPLETE_DATE,NOT_COMPUTABLE,PASS,PUBLIC_SOURCE_BACKED,Direct CMC historical global-metrics BTC dominance; not TradingView top-125 convention.
2023-02-01,42.3839,CMC_GLOBAL_METRICS_BTC_DOMINANCE,CoinMarketCap,CMC_DIRECT_SOURCE_CONVENTION: Bitcoin market cap / total market cap of cryptoassets tracked by CoinMarketCap * 100,UTC,2023-02-01T00:00:00Z,2026-08-30T10:38:54Z,SETTLED_COMPLETE_DATE,NOT_COMPUTABLE,PASS,PUBLIC_SOURCE_BACKED,Direct CMC historical global-metrics BTC dominance; not TradingView top-125 convention.
2023-02-02,42.3712,CMC_GLOBAL_METRICS_BTC_DOMINANCE,CoinMarketCap,CMC_DIRECT_SOURCE_CONVENTION: Bitcoin market cap / total market cap of cryptoassets tracked by CoinMarketCap * 100,UTC,2023-02-02T00:00:00Z,2026-08-30T10:38:54Z,SETTLED_COMPLETE_DATE,NOT_COMPUTABLE,PASS,PUBLIC_SOURCE_BACKED,Direct CMC historical global-metrics BTC dominance; not TradingView top-125 convention.
2023-02-03,42.0986,CMC_GLOBAL_METRICS_BTC_DOMINANCE,CoinMarketCap,CMC_DIRECT_SOURCE_CONVENTION: Bitcoin market cap / total market cap of cryptoassets tracked by CoinMarketCap * 100,UTC,2023-02-03T00:00:00Z,2026-08-30T10:38:54Z,SETTLED_COMPLETE_DATE,NOT_COMPUTABLE,PASS,PUBLIC_SOURCE_BACKED,Direct CMC historical global-metrics BTC dominance; not TradingView top-125 convention.
2023-02-04,41.6621,CMC_GLOBAL_METRICS_BTC_DOMINANCE,CoinMarketCap,CMC_DIRECT_SOURCE_CONVENTION: Bitcoin market cap / total market cap of cryptoassets tracked by CoinMarketCap * 100,UTC,2023-02-04T00:00:00Z,2026-08-30T10:38:54Z,SETTLED_COMPLETE_DATE,NOT_COMPUTABLE,PASS,PUBLIC_SOURCE_BACKED,Direct CMC historical global-metrics BTC dominance; not TradingView top-125 convention.
2023-02-05,41.5142,CMC_GLOBAL_METRICS_BTC_DOMINANCE,CoinMarketCap,CMC_DIRECT_SOURCE_CONVENTION: Bitcoin market cap / total market cap of cryptoassets tracked by CoinMarketCap * 100,UTC,2023-02-05T00:00:00Z,2026-08-30T10:38:54Z,SETTLED_COMPLETE_DATE,NOT_COMPUTABLE,PASS,PUBLIC_SOURCE_BACKED,Direct CMC historical global-metrics BTC dominance; not TradingView top-125 convention.
2023-02-06,41.5292,CMC_GLOBAL_METRICS_BTC_DOMINANCE,CoinMarketCap,CMC_DIRECT_SOURCE_CONVENTION: Bitcoin market cap / total market cap of cryptoassets tracked by CoinMarketCap * 100,UTC,2023-02-06T00:00:00Z,2026-08-30T10:38:54Z,SETTLED_COMPLETE_DATE,NOT_COMPUTABLE,PASS,PUBLIC_SOURCE_BACKED,Direct CMC historical global-metrics BTC dominance; not TradingView top-125 convention.
2023-02-07,41.5745,CMC_GLOBAL_METRICS_BTC_DOMINANCE,CoinMarketCap,CMC_DIRECT_SOURCE_CONVENTION: Bitcoin market cap / total market cap of cryptoassets tracked by CoinMarketCap * 100,UTC,2023-02-07T00:00:00Z,2026-08-30T10:38:54Z,SETTLED_COMPLETE_DATE,NOT_COMPUTABLE,PASS,PUBLIC_SOURCE_BACKED,Direct CMC historical global-metrics BTC dominance; not TradingView top-125 convention.
2023-02-08,41.2588,CMC_GLOBAL_METRICS_BTC_DOMINANCE,CoinMarketCap,CMC_DIRECT_SOURCE_CONVENTION: Bitcoin market cap / total market cap of cryptoassets tracked by CoinMarketCap * 100,UTC,2023-02-08T00:00:00Z,2026-08-30T10:38:54Z,SETTLED_COMPLETE_DATE,NOT_COMPUTABLE,PASS,PUBLIC_SOURCE_BACKED,Direct CMC historical global-metrics BTC dominance; not TradingView top-125 convention.
2023-02-09,41.2435,CMC_GLOBAL_METRICS_BTC_DOMINANCE,CoinMarketCap,CMC_DIRECT_SOURCE_CONVENTION: Bitcoin market cap / total market cap of cryptoassets tracked by CoinMarketCap * 100,UTC,2023-02-09T00:00:00Z,2026-08-30T10:38:54Z,SETTLED_COMPLETE_DATE,NOT_COMPUTABLE,PASS,PUBLIC_SOURCE_BACKED,Direct CMC historical global-metrics BTC dominance; not TradingView top-125 convention.
2023-02-10,41.4578,CMC_GLOBAL_METRICS_BTC_DOMINANCE,CoinMarketCap,CMC_DIRECT_SOURCE_CONVENTION: Bitcoin market cap / total market cap of cryptoassets tracked by CoinMarketCap * 100,UTC,2023-02-10T00:00:00Z,2026-08-30T10:38:54Z,SETTLED_COMPLETE_DATE,NOT_COMPUTABLE,PASS,PUBLIC_SOURCE_BACKED,Direct CMC historical global-metrics BTC dominance; not TradingView top-125 convention.
2023-02-11,41.3931,CMC_GLOBAL_METRICS_BTC_DOMINANCE,CoinMarketCap,CMC_DIRECT_SOURCE_CONVENTION: Bitcoin market cap / total market cap of cryptoassets tracked by CoinMarketCap * 100,UTC,2023-02-11T00:00:00Z,2026-08-30T10:38:54Z,SETTLED_COMPLETE_DATE,NOT_COMPUTABLE,PASS,PUBLIC_SOURCE_BACKED,Direct CMC historical global-metrics BTC dominance; not TradingView top-125 convention.
2023-02-12,41.3144,CMC_GLOBAL_METRICS_BTC_DOMINANCE,CoinMarketCap,CMC_DIRECT_SOURCE_CONVENTION: Bitcoin market cap / total market cap of cryptoassets tracked by CoinMarketCap * 100,UTC,2023-02-12T00:00:00Z,2026-08-30T10:38:54Z,SETTLED_COMPLETE_DATE,NOT_COMPUTABLE,PASS,PUBLIC_SOURCE_BACKED,Direct CMC historical global-metrics BTC dominance; not TradingView top-125 convention.
2023-02-13,41.4542,CMC_GLOBAL_METRICS_BTC_DOMINANCE,CoinMarketCap,CMC_DIRECT_SOURCE_CONVENTION: Bitcoin market cap / total market cap of cryptoassets tracked by CoinMarketCap * 100,UTC,2023-02-13T00:00:00Z,2026-08-30T10:38:54Z,SETTLED_COMPLETE_DATE,NOT_COMPUTABLE,PASS,PUBLIC_SOURCE_BACKED,Direct CMC historical global-metrics BTC dominance; not TradingView top-125 convention.
2023-02-14,41.7827,CMC_GLOBAL_METRICS_BTC_DOMINANCE,CoinMarketCap,CMC_DIRECT_SOURCE_CONVENTION: Bitcoin market cap / total market cap of cryptoassets tracked by CoinMarketCap * 100,UTC,2023-02-14T00:00:00Z,2026-08-30T10:38:54Z,SETTLED_COMPLETE_DATE,NOT_COMPUTABLE,PASS,PUBLIC_SOURCE_BACKED,Direct CMC historical global-metrics BTC dominance; not TradingView top-125 convention.
2023-02-15,41.6122,CMC_GLOBAL_METRICS_BTC_DOMINANCE,CoinMarketCap,CMC_DIRECT_SOURCE_CONVENTION: Bitcoin market cap / total market cap of cryptoassets tracked by CoinMarketCap * 100,UTC,2023-02-15T00:00:00Z,2026-08-30T10:38:54Z,SETTLED_COMPLETE_DATE,NOT_COMPUTABLE,PASS,PUBLIC_SOURCE_BACKED,Direct CMC historical global-metrics BTC dominance; not TradingView top-125 convention.
2023-02-16,42.4809,CMC_GLOBAL_METRICS_BTC_DOMINANCE,CoinMarketCap,CMC_DIRECT_SOURCE_CONVENTION: Bitcoin market cap / total market cap of cryptoassets tracked by CoinMarketCap * 100,UTC,2023-02-16T00:00:00Z,2026-08-30T10:38:54Z,SETTLED_COMPLETE_DATE,NOT_COMPUTABLE,PASS,PUBLIC_SOURCE_BACKED,Direct CMC historical global-metrics BTC dominance; not TradingView top-125 convention.
2023-02-17,42.4618,CMC_GLOBAL_METRICS_BTC_DOMINANCE,CoinMarketCap,CMC_DIRECT_SOURCE_CONVENTION: Bitcoin market cap / total market cap of cryptoassets tracked by CoinMarketCap * 100,UTC,2023-02-17T00:00:00Z,2026-08-30T10:38:54Z,SETTLED_COMPLETE_DATE,NOT_COMPUTABLE,PASS,PUBLIC_SOURCE_BACKED,Direct CMC historical global-metrics BTC dominance; not TradingView top-125 convention.
2023-02-18,42.5333,CMC_GLOBAL_METRICS_BTC_DOMINANCE,CoinMarketCap,CMC_DIRECT_SOURCE_CONVENTION: Bitcoin market cap / total market cap of cryptoassets tracked by CoinMarketCap * 100,UTC,2023-02-18T00:00:00Z,2026-08-30T10:38:54Z,SETTLED_COMPLETE_DATE,NOT_COMPUTABLE,PASS,PUBLIC_SOURCE_BACKED,Direct CMC historical global-metrics BTC dominance; not TradingView top-125 convention.
2023-02-19,42.559,CMC_GLOBAL_METRICS_BTC_DOMINANCE,CoinMarketCap,CMC_DIRECT_SOURCE_CONVENTION: Bitcoin market cap / total market cap of cryptoassets tracked by CoinMarketCap * 100,UTC,2023-02-19T00:00:00Z,2026-08-30T10:38:54Z,SETTLED_COMPLETE_DATE,NOT_COMPUTABLE,PASS,PUBLIC_SOURCE_BACKED,Direct CMC historical global-metrics BTC dominance; not TradingView top-125 convention.
2023-02-20,42.3148,CMC_GLOBAL_METRICS_BTC_DOMINANCE,CoinMarketCap,CMC_DIRECT_SOURCE_CONVENTION: Bitcoin market cap / total market cap of cryptoassets tracked by CoinMarketCap * 100,UTC,2023-02-20T00:00:00Z,2026-08-30T10:38:54Z,SETTLED_COMPLETE_DATE,NOT_COMPUTABLE,PASS,PUBLIC_SOURCE_BACKED,Direct CMC historical global-metrics BTC dominance; not TradingView top-125 convention.
2023-02-21,42.4505,CMC_GLOBAL_METRICS_BTC_DOMINANCE,CoinMarketCap,CMC_DIRECT_SOURCE_CONVENTION: Bitcoin market cap / total market cap of cryptoassets tracked by CoinMarketCap * 100,UTC,2023-02-21T00:00:00Z,2026-08-30T10:38:54Z,SETTLED_COMPLETE_DATE,NOT_COMPUTABLE,PASS,PUBLIC_SOURCE_BACKED,Direct CMC historical global-metrics BTC dominance; not TradingView top-125 convention.
2023-02-22,42.5731,CMC_GLOBAL_METRICS_BTC_DOMINANCE,CoinMarketCap,CMC_DIRECT_SOURCE_CONVENTION: Bitcoin market cap / total market cap of cryptoassets tracked by CoinMarketCap * 100,UTC,2023-02-22T00:00:00Z,2026-08-30T10:38:54Z,SETTLED_COMPLETE_DATE,NOT_COMPUTABLE,PASS,PUBLIC_SOURCE_BACKED,Direct CMC historical global-metrics BTC dominance; not TradingView top-125 convention.
2023-02-23,42.4234,CMC_GLOBAL_METRICS_BTC_DOMINANCE,CoinMarketCap,CMC_DIRECT_SOURCE_CONVENTION: Bitcoin market cap / total market cap of cryptoassets tracked by CoinMarketCap * 100,UTC,2023-02-23T00:00:00Z,2026-08-30T10:38:54Z,SETTLED_COMPLETE_DATE,NOT_COMPUTABLE,PASS,PUBLIC_SOURCE_BACKED,Direct CMC historical global-metrics BTC dominance; not TradingView top-125 convention.
2023-02-24,42.2368,CMC_GLOBAL_METRICS_BTC_DOMINANCE,CoinMarketCap,CMC_DIRECT_SOURCE_CONVENTION: Bitcoin market cap / total market cap of cryptoassets tracked by CoinMarketCap * 100,UTC,2023-02-24T00:00:00Z,2026-08-30T10:38:54Z,SETTLED_COMPLETE_DATE,NOT_COMPUTABLE,PASS,PUBLIC_SOURCE_BACKED,Direct CMC historical global-metrics BTC dominance; not TradingView top-125 convention.
2023-02-25,42.115,CMC_GLOBAL_METRICS_BTC_DOMINANCE,CoinMarketCap,CMC_DIRECT_SOURCE_CONVENTION: Bitcoin market cap / total market cap of cryptoassets tracked by CoinMarketCap * 100,UTC,2023-02-25T00:00:00Z,2026-08-30T10:38:54Z,SETTLED_COMPLETE_DATE,NOT_COMPUTABLE,PASS,PUBLIC_SOURCE_BACKED,Direct CMC historical global-metrics BTC dominance; not TradingView top-125 convention.
2023-02-26,42.2582,CMC_GLOBAL_METRICS_BTC_DOMINANCE,CoinMarketCap,CMC_DIRECT_SOURCE_CONVENTION: Bitcoin market cap / total market cap of cryptoassets tracked by CoinMarketCap * 100,UTC,2023-02-26T00:00:00Z,2026-08-30T10:38:54Z,SETTLED_COMPLETE_DATE,NOT_COMPUTABLE,PASS,PUBLIC_SOURCE_BACKED,Direct CMC historical global-metrics BTC dominance; not TradingView top-125 convention.
2023-02-27,42.1796,CMC_GLOBAL_METRICS_BTC_DOMINANCE,CoinMarketCap,CMC_DIRECT_SOURCE_CONVENTION: Bitcoin market cap / total market cap of cryptoassets tracked by CoinMarketCap * 100,UTC,2023-02-27T00:00:00Z,2026-08-30T10:38:54Z,SETTLED_COMPLETE_DATE,NOT_COMPUTABLE,PASS,PUBLIC_SOURCE_BACKED,Direct CMC historical global-metrics BTC dominance; not TradingView top-125 convention.
2023-02-28,42.3058,CMC_GLOBAL_METRICS_BTC_DOMINANCE,CoinMarketCap,CMC_DIRECT_SOURCE_CONVENTION: Bitcoin market cap / total market cap of cryptoassets tracked by CoinMarketCap * 100,UTC,2023-02-28T00:00:00Z,2026-08-30T10:38:54Z,SETTLED_COMPLETE_DATE,NOT_COMPUTABLE,PASS,PUBLIC_SOURCE_BACKED,Direct CMC historical global-metrics BTC dominance; not TradingView top-125 convention.
2023-03-01,42.2972,CMC_GLOBAL_METRICS_BTC_DOMINANCE,CoinMarketCap,CMC_DIRECT_SOURCE_CONVENTION: Bitcoin market cap / total market cap of cryptoassets tracked by CoinMarketCap * 100,UTC,2023-03-01T00:00:00Z,2026-08-30T10:38:54Z,SETTLED_COMPLETE_DATE,NOT_COMPUTABLE,PASS,PUBLIC_SOURCE_BACKED,Direct CMC historical global-metrics BTC dominance; not TradingView top-125 convention.
2023-03-02,42.2208,CMC_GLOBAL_METRICS_BTC_DOMINANCE,CoinMarketCap,CMC_DIRECT_SOURCE_CONVENTION: Bitcoin market cap / total market cap of cryptoassets tracked by CoinMarketCap * 100,UTC,2023-03-02T00:00:00Z,2026-08-30T10:38:54Z,SETTLED_COMPLETE_DATE,NOT_COMPUTABLE,PASS,PUBLIC_SOURCE_BACKED,Direct CMC historical global-metrics BTC dominance; not TradingView top-125 convention.
2023-03-03,42.3506,CMC_GLOBAL_METRICS_BTC_DOMINANCE,CoinMarketCap,CMC_DIRECT_SOURCE_CONVENTION: Bitcoin market cap / total market cap of cryptoassets tracked by CoinMarketCap * 100,UTC,2023-03-03T00:00:00Z,2026-08-30T10:38:54Z,SETTLED_COMPLETE_DATE,NOT_COMPUTABLE,PASS,PUBLIC_SOURCE_BACKED,Direct CMC historical global-metrics BTC dominance; not TradingView top-125 convention.
2023-03-04,41.9986,CMC_GLOBAL_METRICS_BTC_DOMINANCE,CoinMarketCap,CMC_DIRECT_SOURCE_CONVENTION: Bitcoin market cap / total market cap of cryptoassets tracked by CoinMarketCap * 100,UTC,2023-03-04T00:00:00Z,2026-08-30T10:38:54Z,SETTLED_COMPLETE_DATE,NOT_COMPUTABLE,PASS,PUBLIC_SOURCE_BACKED,Direct CMC historical global-metrics BTC dominance; not TradingView top-125 convention.
2023-03-05,42.2007,CMC_GLOBAL_METRICS_BTC_DOMINANCE,CoinMarketCap,CMC_DIRECT_SOURCE_CONVENTION: Bitcoin market cap / total market cap of cryptoassets tracked by CoinMarketCap * 100,UTC,2023-03-05T00:00:00Z,2026-08-30T10:38:54Z,SETTLED_COMPLETE_DATE,NOT_COMPUTABLE,PASS,PUBLIC_SOURCE_BACKED,Direct CMC historical global-metrics BTC dominance; not TradingView top-125 convention.
2023-03-06,42.2682,CMC_GLOBAL_METRICS_BTC_DOMINANCE,CoinMarketCap,CMC_DIRECT_SOURCE_CONVENTION: Bitcoin market cap / total market cap of cryptoassets tracked by CoinMarketCap * 100,UTC,2023-03-06T00:00:00Z,2026-08-30T10:38:54Z,SETTLED_COMPLETE_DATE,NOT_COMPUTABLE,PASS,PUBLIC_SOURCE_BACKED,Direct CMC historical global-metrics BTC dominance; not TradingView top-125 convention.
2023-03-07,42.2739,CMC_GLOBAL_METRICS_BTC_DOMINANCE,CoinMarketCap,CMC_DIRECT_SOURCE_CONVENTION: Bitcoin market cap / total market cap of cryptoassets tracked by CoinMarketCap * 100,UTC,2023-03-07T00:00:00Z,2026-08-30T10:38:54Z,SETTLED_COMPLETE_DATE,NOT_COMPUTABLE,PASS,PUBLIC_SOURCE_BACKED,Direct CMC historical global-metrics BTC dominance; not TradingView top-125 convention.
2023-03-08,42.1713,CMC_GLOBAL_METRICS_BTC_DOMINANCE,CoinMarketCap,CMC_DIRECT_SOURCE_CONVENTION: Bitcoin market cap / total market cap of cryptoassets tracked by CoinMarketCap * 100,UTC,2023-03-08T00:00:00Z,2026-08-30T10:38:54Z,SETTLED_COMPLETE_DATE,NOT_COMPUTABLE,PASS,PUBLIC_SOURCE_BACKED,Direct CMC historical global-metrics BTC dominance; not TradingView top-125 convention.
2023-03-09,42.1855,CMC_GLOBAL_METRICS_BTC_DOMINANCE,CoinMarketCap,CMC_DIRECT_SOURCE_CONVENTION: Bitcoin market cap / total market cap of cryptoassets tracked by CoinMarketCap * 100,UTC,2023-03-09T00:00:00Z,2026-08-30T10:38:54Z,SETTLED_COMPLETE_DATE,NOT_COMPUTABLE,PASS,PUBLIC_SOURCE_BACKED,Direct CMC historical global-metrics BTC dominance; not TradingView top-125 convention.
2023-03-10,41.6565,CMC_GLOBAL_METRICS_BTC_DOMINANCE,CoinMarketCap,CMC_DIRECT_SOURCE_CONVENTION: Bitcoin market cap / total market cap of cryptoassets tracked by CoinMarketCap * 100,UTC,2023-03-10T00:00:00Z,2026-08-30T10:38:54Z,SETTLED_COMPLETE_DATE,NOT_COMPUTABLE,PASS,PUBLIC_SOURCE_BACKED,Direct CMC historical global-metrics BTC dominance; not TradingView top-125 convention.
2023-03-11,41.4604,CMC_GLOBAL_METRICS_BTC_DOMINANCE,CoinMarketCap,CMC_DIRECT_SOURCE_CONVENTION: Bitcoin market cap / total market cap of cryptoassets tracked by CoinMarketCap * 100,UTC,2023-03-11T00:00:00Z,2026-08-30T10:38:54Z,SETTLED_COMPLETE_DATE,NOT_COMPUTABLE,PASS,PUBLIC_SOURCE_BACKED,Direct CMC historical global-metrics BTC dominance; not TradingView top-125 convention.
2023-03-12,41.8573,CMC_GLOBAL_METRICS_BTC_DOMINANCE,CoinMarketCap,CMC_DIRECT_SOURCE_CONVENTION: Bitcoin market cap / total market cap of cryptoassets tracked by CoinMarketCap * 100,UTC,2023-03-12T00:00:00Z,2026-08-30T10:38:54Z,SETTLED_COMPLETE_DATE,NOT_COMPUTABLE,PASS,PUBLIC_SOURCE_BACKED,Direct CMC historical global-metrics BTC dominance; not TradingView top-125 convention.
2023-03-13,42.2199,CMC_GLOBAL_METRICS_BTC_DOMINANCE,CoinMarketCap,CMC_DIRECT_SOURCE_CONVENTION: Bitcoin market cap / total market cap of cryptoassets tracked by CoinMarketCap * 100,UTC,2023-03-13T00:00:00Z,2026-08-30T10:38:54Z,SETTLED_COMPLETE_DATE,NOT_COMPUTABLE,PASS,PUBLIC_SOURCE_BACKED,Direct CMC historical global-metrics BTC dominance; not TradingView top-125 convention.
2023-03-14,43.4954,CMC_GLOBAL_METRICS_BTC_DOMINANCE,CoinMarketCap,CMC_DIRECT_SOURCE_CONVENTION: Bitcoin market cap / total market cap of cryptoassets tracked by CoinMarketCap * 100,UTC,2023-03-14T00:00:00Z,2026-08-30T10:38:54Z,SETTLED_COMPLETE_DATE,NOT_COMPUTABLE,PASS,PUBLIC_SOURCE_BACKED,Direct CMC historical global-metrics BTC dominance; not TradingView top-125 convention.
2023-03-15,43.7508,CMC_GLOBAL_METRICS_BTC_DOMINANCE,CoinMarketCap,CMC_DIRECT_SOURCE_CONVENTION: Bitcoin market cap / total market cap of cryptoassets tracked by CoinMarketCap * 100,UTC,2023-03-15T00:00:00Z,2026-08-30T10:38:54Z,SETTLED_COMPLETE_DATE,NOT_COMPUTABLE,PASS,PUBLIC_SOURCE_BACKED,Direct CMC historical global-metrics BTC dominance; not TradingView top-125 convention.
2023-03-16,44.2288,CMC_GLOBAL_METRICS_BTC_DOMINANCE,CoinMarketCap,CMC_DIRECT_SOURCE_CONVENTION: Bitcoin market cap / total market cap of cryptoassets tracked by CoinMarketCap * 100,UTC,2023-03-16T00:00:00Z,2026-08-30T10:38:54Z,SETTLED_COMPLETE_DATE,NOT_COMPUTABLE,PASS,PUBLIC_SOURCE_BACKED,Direct CMC historical global-metrics BTC dominance; not TradingView top-125 convention.
2023-03-17,44.4637,CMC_GLOBAL_METRICS_BTC_DOMINANCE,CoinMarketCap,CMC_DIRECT_SOURCE_CONVENTION: Bitcoin market cap / total market cap of cryptoassets tracked by CoinMarketCap * 100,UTC,2023-03-17T00:00:00Z,2026-08-30T10:38:54Z,SETTLED_COMPLETE_DATE,NOT_COMPUTABLE,PASS,PUBLIC_SOURCE_BACKED,Direct CMC historical global-metrics BTC dominance; not TradingView top-125 convention.
2023-03-18,45.4509,CMC_GLOBAL_METRICS_BTC_DOMINANCE,CoinMarketCap,CMC_DIRECT_SOURCE_CONVENTION: Bitcoin market cap / total market cap of cryptoassets tracked by CoinMarketCap * 100,UTC,2023-03-18T00:00:00Z,2026-08-30T10:38:54Z,SETTLED_COMPLETE_DATE,NOT_COMPUTABLE,PASS,PUBLIC_SOURCE_BACKED,Direct CMC historical global-metrics BTC dominance; not TradingView top-125 convention.
2023-03-19,45.4814,CMC_GLOBAL_METRICS_BTC_DOMINANCE,CoinMarketCap,CMC_DIRECT_SOURCE_CONVENTION: Bitcoin market cap / total market cap of cryptoassets tracked by CoinMarketCap * 100,UTC,2023-03-19T00:00:00Z,2026-08-30T10:38:54Z,SETTLED_COMPLETE_DATE,NOT_COMPUTABLE,PASS,PUBLIC_SOURCE_BACKED,Direct CMC historical global-metrics BTC dominance; not TradingView top-125 convention.
2023-03-20,46.086,CMC_GLOBAL_METRICS_BTC_DOMINANCE,CoinMarketCap,CMC_DIRECT_SOURCE_CONVENTION: Bitcoin market cap / total market cap of cryptoassets tracked by CoinMarketCap * 100,UTC,2023-03-20T00:00:00Z,2026-08-30T10:38:54Z,SETTLED_COMPLETE_DATE,NOT_COMPUTABLE,PASS,PUBLIC_SOURCE_BACKED,Direct CMC historical global-metrics BTC dominance; not TradingView top-125 convention.
2023-03-21,46.5431,CMC_GLOBAL_METRICS_BTC_DOMINANCE,CoinMarketCap,CMC_DIRECT_SOURCE_CONVENTION: Bitcoin market cap / total market cap of cryptoassets tracked by CoinMarketCap * 100,UTC,2023-03-21T00:00:00Z,2026-08-30T10:38:54Z,SETTLED_COMPLETE_DATE,NOT_COMPUTABLE,PASS,PUBLIC_SOURCE_BACKED,Direct CMC historical global-metrics BTC dominance; not TradingView top-125 convention.
2023-03-22,46.0186,CMC_GLOBAL_METRICS_BTC_DOMINANCE,CoinMarketCap,CMC_DIRECT_SOURCE_CONVENTION: Bitcoin market cap / total market cap of cryptoassets tracked by CoinMarketCap * 100,UTC,2023-03-22T00:00:00Z,2026-08-30T10:38:54Z,SETTLED_COMPLETE_DATE,NOT_COMPUTABLE,PASS,PUBLIC_SOURCE_BACKED,Direct CMC historical global-metrics BTC dominance; not TradingView top-125 convention.
2023-03-23,46.0846,CMC_GLOBAL_METRICS_BTC_DOMINANCE,CoinMarketCap,CMC_DIRECT_SOURCE_CONVENTION: Bitcoin market cap / total market cap of cryptoassets tracked by CoinMarketCap * 100,UTC,2023-03-23T00:00:00Z,2026-08-30T10:38:54Z,SETTLED_COMPLETE_DATE,NOT_COMPUTABLE,PASS,PUBLIC_SOURCE_BACKED,Direct CMC historical global-metrics BTC dominance; not TradingView top-125 convention.
2023-03-24,46.1724,CMC_GLOBAL_METRICS_BTC_DOMINANCE,CoinMarketCap,CMC_DIRECT_SOURCE_CONVENTION: Bitcoin market cap / total market cap of cryptoassets tracked by CoinMarketCap * 100,UTC,2023-03-24T00:00:00Z,2026-08-30T10:38:54Z,SETTLED_COMPLETE_DATE,NOT_COMPUTABLE,PASS,PUBLIC_SOURCE_BACKED,Direct CMC historical global-metrics BTC dominance; not TradingView top-125 convention.
2023-03-25,46.149,CMC_GLOBAL_METRICS_BTC_DOMINANCE,CoinMarketCap,CMC_DIRECT_SOURCE_CONVENTION: Bitcoin market cap / total market cap of cryptoassets tracked by CoinMarketCap * 100,UTC,2023-03-25T00:00:00Z,2026-08-30T10:38:54Z,SETTLED_COMPLETE_DATE,NOT_COMPUTABLE,PASS,PUBLIC_SOURCE_BACKED,Direct CMC historical global-metrics BTC dominance; not TradingView top-125 convention.
2023-03-26,46.2965,CMC_GLOBAL_METRICS_BTC_DOMINANCE,CoinMarketCap,CMC_DIRECT_SOURCE_CONVENTION: Bitcoin market cap / total market cap of cryptoassets tracked by CoinMarketCap * 100,UTC,2023-03-26T00:00:00Z,2026-08-30T10:38:54Z,SETTLED_COMPLETE_DATE,NOT_COMPUTABLE,PASS,PUBLIC_SOURCE_BACKED,Direct CMC historical global-metrics BTC dominance; not TradingView top-125 convention.
2023-03-27,46.3824,CMC_GLOBAL_METRICS_BTC_DOMINANCE,CoinMarketCap,CMC_DIRECT_SOURCE_CONVENTION: Bitcoin market cap / total market cap of cryptoassets tracked by CoinMarketCap * 100,UTC,2023-03-27T00:00:00Z,2026-08-30T10:38:54Z,SETTLED_COMPLETE_DATE,NOT_COMPUTABLE,PASS,PUBLIC_SOURCE_BACKED,Direct CMC historical global-metrics BTC dominance; not TradingView top-125 convention.
2023-03-28,46.2872,CMC_GLOBAL_METRICS_BTC_DOMINANCE,CoinMarketCap,CMC_DIRECT_SOURCE_CONVENTION: Bitcoin market cap / total market cap of cryptoassets tracked by CoinMarketCap * 100,UTC,2023-03-28T00:00:00Z,2026-08-30T10:38:54Z,SETTLED_COMPLETE_DATE,NOT_COMPUTABLE,PASS,PUBLIC_SOURCE_BACKED,Direct CMC historical global-metrics BTC dominance; not TradingView top-125 convention.
2023-03-29,45.8374,CMC_GLOBAL_METRICS_BTC_DOMINANCE,CoinMarketCap,CMC_DIRECT_SOURCE_CONVENTION: Bitcoin market cap / total market cap of cryptoassets tracked by CoinMarketCap * 100,UTC,2023-03-29T00:00:00Z,2026-08-30T10:38:54Z,SETTLED_COMPLETE_DATE,NOT_COMPUTABLE,PASS,PUBLIC_SOURCE_BACKED,Direct CMC historical global-metrics BTC dominance; not TradingView top-125 convention.
2023-03-30,46.3796,CMC_GLOBAL_METRICS_BTC_DOMINANCE,CoinMarketCap,CMC_DIRECT_SOURCE_CONVENTION: Bitcoin market cap / total market cap of cryptoassets tracked by CoinMarketCap * 100,UTC,2023-03-30T00:00:00Z,2026-08-30T10:38:54Z,SETTLED_COMPLETE_DATE,NOT_COMPUTABLE,PASS,PUBLIC_SOURCE_BACKED,Direct CMC historical global-metrics BTC dominance; not TradingView top-125 convention.
2023-03-31,46.206,CMC_GLOBAL_METRICS_BTC_DOMINANCE,CoinMarketCap,CMC_DIRECT_SOURCE_CONVENTION: Bitcoin market cap / total market cap of cryptoassets tracked by CoinMarketCap * 100,UTC,2023-03-31T00:00:00Z,2026-08-30T10:38:54Z,SETTLED_COMPLETE_DATE,NOT_COMPUTABLE,PASS,PUBLIC_SOURCE_BACKED,Direct CMC historical global-metrics BTC dominance; not TradingView top-125 convention.
2023-04-01,46.3692,CMC_GLOBAL_METRICS_BTC_DOMINANCE,CoinMarketCap,CMC_DIRECT_SOURCE_CONVENTION: Bitcoin market cap / total market cap of cryptoassets tracked by CoinMarketCap * 100,UTC,2023-04-01T00:00:00Z,2026-08-30T10:38:54Z,SETTLED_COMPLETE_DATE,NOT_COMPUTABLE,PASS,PUBLIC_SOURCE_BACKED,Direct CMC historical global-metrics BTC dominance; not TradingView top-125 convention.
2023-04-02,46.394,CMC_GLOBAL_METRICS_BTC_DOMINANCE,CoinMarketCap,CMC_DIRECT_SOURCE_CONVENTION: Bitcoin market cap / total market cap of cryptoassets tracked by CoinMarketCap * 100,UTC,2023-04-02T00:00:00Z,2026-08-30T10:38:54Z,SETTLED_COMPLETE_DATE,NOT_COMPUTABLE,PASS,PUBLIC_SOURCE_BACKED,Direct CMC historical global-metrics BTC dominance; not TradingView top-125 convention.
2023-04-03,46.4408,CMC_GLOBAL_METRICS_BTC_DOMINANCE,CoinMarketCap,CMC_DIRECT_SOURCE_CONVENTION: Bitcoin market cap / total market cap of cryptoassets tracked by CoinMarketCap * 100,UTC,2023-04-03T00:00:00Z,2026-08-30T10:38:54Z,SETTLED_COMPLETE_DATE,NOT_COMPUTABLE,PASS,PUBLIC_SOURCE_BACKED,Direct CMC historical global-metrics BTC dominance; not TradingView top-125 convention.
2023-04-04,45.9907,CMC_GLOBAL_METRICS_BTC_DOMINANCE,CoinMarketCap,CMC_DIRECT_SOURCE_CONVENTION: Bitcoin market cap / total market cap of cryptoassets tracked by CoinMarketCap * 100,UTC,2023-04-04T00:00:00Z,2026-08-30T10:38:54Z,SETTLED_COMPLETE_DATE,NOT_COMPUTABLE,PASS,PUBLIC_SOURCE_BACKED,Direct CMC historical global-metrics BTC dominance; not TradingView top-125 convention.
2023-04-05,45.8786,CMC_GLOBAL_METRICS_BTC_DOMINANCE,CoinMarketCap,CMC_DIRECT_SOURCE_CONVENTION: Bitcoin market cap / total market cap of cryptoassets tracked by CoinMarketCap * 100,UTC,2023-04-05T00:00:00Z,2026-08-30T10:38:54Z,SETTLED_COMPLETE_DATE,NOT_COMPUTABLE,PASS,PUBLIC_SOURCE_BACKED,Direct CMC historical global-metrics BTC dominance; not TradingView top-125 convention.
2023-04-06,45.6171,CMC_GLOBAL_METRICS_BTC_DOMINANCE,CoinMarketCap,CMC_DIRECT_SOURCE_CONVENTION: Bitcoin market cap / total market cap of cryptoassets tracked by CoinMarketCap * 100,UTC,2023-04-06T00:00:00Z,2026-08-30T10:38:54Z,SETTLED_COMPLETE_DATE,NOT_COMPUTABLE,PASS,PUBLIC_SOURCE_BACKED,Direct CMC historical global-metrics BTC dominance; not TradingView top-125 convention.
2023-04-07,45.8227,CMC_GLOBAL_METRICS_BTC_DOMINANCE,CoinMarketCap,CMC_DIRECT_SOURCE_CONVENTION: Bitcoin market cap / total market cap of cryptoassets tracked by CoinMarketCap * 100,UTC,2023-04-07T00:00:00Z,2026-08-30T10:38:54Z,SETTLED_COMPLETE_DATE,NOT_COMPUTABLE,PASS,PUBLIC_SOURCE_BACKED,Direct CMC historical global-metrics BTC dominance; not TradingView top-125 convention.
2023-04-08,45.8153,CMC_GLOBAL_METRICS_BTC_DOMINANCE,CoinMarketCap,CMC_DIRECT_SOURCE_CONVENTION: Bitcoin market cap / total market cap of cryptoassets tracked by CoinMarketCap * 100,UTC,2023-04-08T00:00:00Z,2026-08-30T10:38:54Z,SETTLED_COMPLETE_DATE,NOT_COMPUTABLE,PASS,PUBLIC_SOURCE_BACKED,Direct CMC historical global-metrics BTC dominance; not TradingView top-125 convention.
2023-04-09,45.9793,CMC_GLOBAL_METRICS_BTC_DOMINANCE,CoinMarketCap,CMC_DIRECT_SOURCE_CONVENTION: Bitcoin market cap / total market cap of cryptoassets tracked by CoinMarketCap * 100,UTC,2023-04-09T00:00:00Z,2026-08-30T10:38:54Z,SETTLED_COMPLETE_DATE,NOT_COMPUTABLE,PASS,PUBLIC_SOURCE_BACKED,Direct CMC historical global-metrics BTC dominance; not TradingView top-125 convention.
2023-04-10,46.1912,CMC_GLOBAL_METRICS_BTC_DOMINANCE,CoinMarketCap,CMC_DIRECT_SOURCE_CONVENTION: Bitcoin market cap / total market cap of cryptoassets tracked by CoinMarketCap * 100,UTC,2023-04-10T00:00:00Z,2026-08-30T10:38:54Z,SETTLED_COMPLETE_DATE,NOT_COMPUTABLE,PASS,PUBLIC_SOURCE_BACKED,Direct CMC historical global-metrics BTC dominance; not TradingView top-125 convention.
2023-04-11,46.8487,CMC_GLOBAL_METRICS_BTC_DOMINANCE,CoinMarketCap,CMC_DIRECT_SOURCE_CONVENTION: Bitcoin market cap / total market cap of cryptoassets tracked by CoinMarketCap * 100,UTC,2023-04-11T00:00:00Z,2026-08-30T10:38:54Z,SETTLED_COMPLETE_DATE,NOT_COMPUTABLE,PASS,PUBLIC_SOURCE_BACKED,Direct CMC historical global-metrics BTC dominance; not TradingView top-125 convention.
2023-04-12,47.3691,CMC_GLOBAL_METRICS_BTC_DOMINANCE,CoinMarketCap,CMC_DIRECT_SOURCE_CONVENTION: Bitcoin market cap / total market cap of cryptoassets tracked by CoinMarketCap * 100,UTC,2023-04-12T00:00:00Z,2026-08-30T10:38:54Z,SETTLED_COMPLETE_DATE,NOT_COMPUTABLE,PASS,PUBLIC_SOURCE_BACKED,Direct CMC historical global-metrics BTC dominance; not TradingView top-125 convention.
2023-04-13,47.0829,CMC_GLOBAL_METRICS_BTC_DOMINANCE,CoinMarketCap,CMC_DIRECT_SOURCE_CONVENTION: Bitcoin market cap / total market cap of cryptoassets tracked by CoinMarketCap * 100,UTC,2023-04-13T00:00:00Z,2026-08-30T10:38:54Z,SETTLED_COMPLETE_DATE,NOT_COMPUTABLE,PASS,PUBLIC_SOURCE_BACKED,Direct CMC historical global-metrics BTC dominance; not TradingView top-125 convention.
2023-04-14,46.7895,CMC_GLOBAL_METRICS_BTC_DOMINANCE,CoinMarketCap,CMC_DIRECT_SOURCE_CONVENTION: Bitcoin market cap / total market cap of cryptoassets tracked by CoinMarketCap * 100,UTC,2023-04-14T00:00:00Z,2026-08-30T10:38:54Z,SETTLED_COMPLETE_DATE,NOT_COMPUTABLE,PASS,PUBLIC_SOURCE_BACKED,Direct CMC historical global-metrics BTC dominance; not TradingView top-125 convention.
2023-04-15,46.2391,CMC_GLOBAL_METRICS_BTC_DOMINANCE,CoinMarketCap,CMC_DIRECT_SOURCE_CONVENTION: Bitcoin market cap / total market cap of cryptoassets tracked by CoinMarketCap * 100,UTC,2023-04-15T00:00:00Z,2026-08-30T10:38:54Z,SETTLED_COMPLETE_DATE,NOT_COMPUTABLE,PASS,PUBLIC_SOURCE_BACKED,Direct CMC historical global-metrics BTC dominance; not TradingView top-125 convention.
2023-04-16,46.1019,CMC_GLOBAL_METRICS_BTC_DOMINANCE,CoinMarketCap,CMC_DIRECT_SOURCE_CONVENTION: Bitcoin market cap / total market cap of cryptoassets tracked by CoinMarketCap * 100,UTC,2023-04-16T00:00:00Z,2026-08-30T10:38:54Z,SETTLED_COMPLETE_DATE,NOT_COMPUTABLE,PASS,PUBLIC_SOURCE_BACKED,Direct CMC historical global-metrics BTC dominance; not TradingView top-125 convention.
2023-04-17,45.777,CMC_GLOBAL_METRICS_BTC_DOMINANCE,CoinMarketCap,CMC_DIRECT_SOURCE_CONVENTION: Bitcoin market cap / total market cap of cryptoassets tracked by CoinMarketCap * 100,UTC,2023-04-17T00:00:00Z,2026-08-30T10:38:54Z,SETTLED_COMPLETE_DATE,NOT_COMPUTABLE,PASS,PUBLIC_SOURCE_BACKED,Direct CMC historical global-metrics BTC dominance; not TradingView top-125 convention.
2023-04-18,45.5048,CMC_GLOBAL_METRICS_BTC_DOMINANCE,CoinMarketCap,CMC_DIRECT_SOURCE_CONVENTION: Bitcoin market cap / total market cap of cryptoassets tracked by CoinMarketCap * 100,UTC,2023-04-18T00:00:00Z,2026-08-30T10:38:54Z,SETTLED_COMPLETE_DATE,NOT_COMPUTABLE,PASS,PUBLIC_SOURCE_BACKED,Direct CMC historical global-metrics BTC dominance; not TradingView top-125 convention.
2023-04-19,45.8989,CMC_GLOBAL_METRICS_BTC_DOMINANCE,CoinMarketCap,CMC_DIRECT_SOURCE_CONVENTION: Bitcoin market cap / total market cap of cryptoassets tracked by CoinMarketCap * 100,UTC,2023-04-19T00:00:00Z,2026-08-30T10:38:54Z,SETTLED_COMPLETE_DATE,NOT_COMPUTABLE,PASS,PUBLIC_SOURCE_BACKED,Direct CMC historical global-metrics BTC dominance; not TradingView top-125 convention.
2023-04-20,46.1818,CMC_GLOBAL_METRICS_BTC_DOMINANCE,CoinMarketCap,CMC_DIRECT_SOURCE_CONVENTION: Bitcoin market cap / total market cap of cryptoassets tracked by CoinMarketCap * 100,UTC,2023-04-20T00:00:00Z,2026-08-30T10:38:54Z,SETTLED_COMPLETE_DATE,NOT_COMPUTABLE,PASS,PUBLIC_SOURCE_BACKED,Direct CMC historical global-metrics BTC dominance; not TradingView top-125 convention.
2023-04-21,45.8332,CMC_GLOBAL_METRICS_BTC_DOMINANCE,CoinMarketCap,CMC_DIRECT_SOURCE_CONVENTION: Bitcoin market cap / total market cap of cryptoassets tracked by CoinMarketCap * 100,UTC,2023-04-21T00:00:00Z,2026-08-30T10:38:54Z,SETTLED_COMPLETE_DATE,NOT_COMPUTABLE,PASS,PUBLIC_SOURCE_BACKED,Direct CMC historical global-metrics BTC dominance; not TradingView top-125 convention.
2023-04-22,45.7792,CMC_GLOBAL_METRICS_BTC_DOMINANCE,CoinMarketCap,CMC_DIRECT_SOURCE_CONVENTION: Bitcoin market cap / total market cap of cryptoassets tracked by CoinMarketCap * 100,UTC,2023-04-22T00:00:00Z,2026-08-30T10:38:54Z,SETTLED_COMPLETE_DATE,NOT_COMPUTABLE,PASS,PUBLIC_SOURCE_BACKED,Direct CMC historical global-metrics BTC dominance; not TradingView top-125 convention.
2023-04-23,45.8612,CMC_GLOBAL_METRICS_BTC_DOMINANCE,CoinMarketCap,CMC_DIRECT_SOURCE_CONVENTION: Bitcoin market cap / total market cap of cryptoassets tracked by CoinMarketCap * 100,UTC,2023-04-23T00:00:00Z,2026-08-30T10:38:54Z,SETTLED_COMPLETE_DATE,NOT_COMPUTABLE,PASS,PUBLIC_SOURCE_BACKED,Direct CMC historical global-metrics BTC dominance; not TradingView top-125 convention.
2023-04-24,45.8694,CMC_GLOBAL_METRICS_BTC_DOMINANCE,CoinMarketCap,CMC_DIRECT_SOURCE_CONVENTION: Bitcoin market cap / total market cap of cryptoassets tracked by CoinMarketCap * 100,UTC,2023-04-24T00:00:00Z,2026-08-30T10:38:54Z,SETTLED_COMPLETE_DATE,NOT_COMPUTABLE,PASS,PUBLIC_SOURCE_BACKED,Direct CMC historical global-metrics BTC dominance; not TradingView top-125 convention.
2023-04-25,45.9359,CMC_GLOBAL_METRICS_BTC_DOMINANCE,CoinMarketCap,CMC_DIRECT_SOURCE_CONVENTION: Bitcoin market cap / total market cap of cryptoassets tracked by CoinMarketCap * 100,UTC,2023-04-25T00:00:00Z,2026-08-30T10:38:54Z,SETTLED_COMPLETE_DATE,NOT_COMPUTABLE,PASS,PUBLIC_SOURCE_BACKED,Direct CMC historical global-metrics BTC dominance; not TradingView top-125 convention.
2023-04-26,46.3176,CMC_GLOBAL_METRICS_BTC_DOMINANCE,CoinMarketCap,CMC_DIRECT_SOURCE_CONVENTION: Bitcoin market cap / total market cap of cryptoassets tracked by CoinMarketCap * 100,UTC,2023-04-26T00:00:00Z,2026-08-30T10:38:54Z,SETTLED_COMPLETE_DATE,NOT_COMPUTABLE,PASS,PUBLIC_SOURCE_BACKED,Direct CMC historical global-metrics BTC dominance; not TradingView top-125 convention.
2023-04-27,46.5967,CMC_GLOBAL_METRICS_BTC_DOMINANCE,CoinMarketCap,CMC_DIRECT_SOURCE_CONVENTION: Bitcoin market cap / total market cap of cryptoassets tracked by CoinMarketCap * 100,UTC,2023-04-27T00:00:00Z,2026-08-30T10:38:54Z,SETTLED_COMPLETE_DATE,NOT_COMPUTABLE,PASS,PUBLIC_SOURCE_BACKED,Direct CMC historical global-metrics BTC dominance; not TradingView top-125 convention.
2023-04-28,47.1286,CMC_GLOBAL_METRICS_BTC_DOMINANCE,CoinMarketCap,CMC_DIRECT_SOURCE_CONVENTION: Bitcoin market cap / total market cap of cryptoassets tracked by CoinMarketCap * 100,UTC,2023-04-28T00:00:00Z,2026-08-30T10:38:54Z,SETTLED_COMPLETE_DATE,NOT_COMPUTABLE,PASS,PUBLIC_SOURCE_BACKED,Direct CMC historical global-metrics BTC dominance; not TradingView top-125 convention.
2023-04-29,47.126,CMC_GLOBAL_METRICS_BTC_DOMINANCE,CoinMarketCap,CMC_DIRECT_SOURCE_CONVENTION: Bitcoin market cap / total market cap of cryptoassets tracked by CoinMarketCap * 100,UTC,2023-04-29T00:00:00Z,2026-08-30T10:38:54Z,SETTLED_COMPLETE_DATE,NOT_COMPUTABLE,PASS,PUBLIC_SOURCE_BACKED,Direct CMC historical global-metrics BTC dominance; not TradingView top-125 convention.
2023-04-30,46.9253,CMC_GLOBAL_METRICS_BTC_DOMINANCE,CoinMarketCap,CMC_DIRECT_SOURCE_CONVENTION: Bitcoin market cap / total market cap of cryptoassets tracked by CoinMarketCap * 100,UTC,2023-04-30T00:00:00Z,2026-08-30T10:38:54Z,SETTLED_COMPLETE_DATE,NOT_COMPUTABLE,PASS,PUBLIC_SOURCE_BACKED,Direct CMC historical global-metrics BTC dominance; not TradingView top-125 convention.
2023-05-01,47.1431,CMC_GLOBAL_METRICS_BTC_DOMINANCE,CoinMarketCap,CMC_DIRECT_SOURCE_CONVENTION: Bitcoin market cap / total market cap of cryptoassets tracked by CoinMarketCap * 100,UTC,2023-05-01T00:00:00Z,2026-08-30T10:38:54Z,SETTLED_COMPLETE_DATE,NOT_COMPUTABLE,PASS,PUBLIC_SOURCE_BACKED,Direct CMC historical global-metrics BTC dominance; not TradingView top-125 convention.
2023-05-02,46.6667,CMC_GLOBAL_METRICS_BTC_DOMINANCE,CoinMarketCap,CMC_DIRECT_SOURCE_CONVENTION: Bitcoin market cap / total market cap of cryptoassets tracked by CoinMarketCap * 100,UTC,2023-05-02T00:00:00Z,2026-08-30T10:38:54Z,SETTLED_COMPLETE_DATE,NOT_COMPUTABLE,PASS,PUBLIC_SOURCE_BACKED,Direct CMC historical global-metrics BTC dominance; not TradingView top-125 convention.
2023-05-03,46.9668,CMC_GLOBAL_METRICS_BTC_DOMINANCE,CoinMarketCap,CMC_DIRECT_SOURCE_CONVENTION: Bitcoin market cap / total market cap of cryptoassets tracked by CoinMarketCap * 100,UTC,2023-05-03T00:00:00Z,2026-08-30T10:38:54Z,SETTLED_COMPLETE_DATE,NOT_COMPUTABLE,PASS,PUBLIC_SOURCE_BACKED,Direct CMC historical global-metrics BTC dominance; not TradingView top-125 convention.
2023-05-04,46.9852,CMC_GLOBAL_METRICS_BTC_DOMINANCE,CoinMarketCap,CMC_DIRECT_SOURCE_CONVENTION: Bitcoin market cap / total market cap of cryptoassets tracked by CoinMarketCap * 100,UTC,2023-05-04T00:00:00Z,2026-08-30T10:38:54Z,SETTLED_COMPLETE_DATE,NOT_COMPUTABLE,PASS,PUBLIC_SOURCE_BACKED,Direct CMC historical global-metrics BTC dominance; not TradingView top-125 convention.
2023-05-05,47.1072,CMC_GLOBAL_METRICS_BTC_DOMINANCE,CoinMarketCap,CMC_DIRECT_SOURCE_CONVENTION: Bitcoin market cap / total market cap of cryptoassets tracked by CoinMarketCap * 100,UTC,2023-05-05T00:00:00Z,2026-08-30T10:38:54Z,SETTLED_COMPLETE_DATE,NOT_COMPUTABLE,PASS,PUBLIC_SOURCE_BACKED,Direct CMC historical global-metrics BTC dominance; not TradingView top-125 convention.
2023-05-06,46.8861,CMC_GLOBAL_METRICS_BTC_DOMINANCE,CoinMarketCap,CMC_DIRECT_SOURCE_CONVENTION: Bitcoin market cap / total market cap of cryptoassets tracked by CoinMarketCap * 100,UTC,2023-05-06T00:00:00Z,2026-08-30T10:38:54Z,SETTLED_COMPLETE_DATE,NOT_COMPUTABLE,PASS,PUBLIC_SOURCE_BACKED,Direct CMC historical global-metrics BTC dominance; not TradingView top-125 convention.
2023-05-07,47.1537,CMC_GLOBAL_METRICS_BTC_DOMINANCE,CoinMarketCap,CMC_DIRECT_SOURCE_CONVENTION: Bitcoin market cap / total market cap of cryptoassets tracked by CoinMarketCap * 100,UTC,2023-05-07T00:00:00Z,2026-08-30T10:38:54Z,SETTLED_COMPLETE_DATE,NOT_COMPUTABLE,PASS,PUBLIC_SOURCE_BACKED,Direct CMC historical global-metrics BTC dominance; not TradingView top-125 convention.
2023-05-08,46.9789,CMC_GLOBAL_METRICS_BTC_DOMINANCE,CoinMarketCap,CMC_DIRECT_SOURCE_CONVENTION: Bitcoin market cap / total market cap of cryptoassets tracked by CoinMarketCap * 100,UTC,2023-05-08T00:00:00Z,2026-08-30T10:38:54Z,SETTLED_COMPLETE_DATE,NOT_COMPUTABLE,PASS,PUBLIC_SOURCE_BACKED,Direct CMC historical global-metrics BTC dominance; not TradingView top-125 convention.
2023-05-09,46.9594,CMC_GLOBAL_METRICS_BTC_DOMINANCE,CoinMarketCap,CMC_DIRECT_SOURCE_CONVENTION: Bitcoin market cap / total market cap of cryptoassets tracked by CoinMarketCap * 100,UTC,2023-05-09T00:00:00Z,2026-08-30T10:38:54Z,SETTLED_COMPLETE_DATE,NOT_COMPUTABLE,PASS,PUBLIC_SOURCE_BACKED,Direct CMC historical global-metrics BTC dominance; not TradingView top-125 convention.
2023-05-10,46.9142,CMC_GLOBAL_METRICS_BTC_DOMINANCE,CoinMarketCap,CMC_DIRECT_SOURCE_CONVENTION: Bitcoin market cap / total market cap of cryptoassets tracked by CoinMarketCap * 100,UTC,2023-05-10T00:00:00Z,2026-08-30T10:38:54Z,SETTLED_COMPLETE_DATE,NOT_COMPUTABLE,PASS,PUBLIC_SOURCE_BACKED,Direct CMC historical global-metrics BTC dominance; not TradingView top-125 convention.
2023-05-11,46.8119,CMC_GLOBAL_METRICS_BTC_DOMINANCE,CoinMarketCap,CMC_DIRECT_SOURCE_CONVENTION: Bitcoin market cap / total market cap of cryptoassets tracked by CoinMarketCap * 100,UTC,2023-05-11T00:00:00Z,2026-08-30T10:38:54Z,SETTLED_COMPLETE_DATE,NOT_COMPUTABLE,PASS,PUBLIC_SOURCE_BACKED,Direct CMC historical global-metrics BTC dominance; not TradingView top-125 convention.
2023-05-12,46.8095,CMC_GLOBAL_METRICS_BTC_DOMINANCE,CoinMarketCap,CMC_DIRECT_SOURCE_CONVENTION: Bitcoin market cap / total market cap of cryptoassets tracked by CoinMarketCap * 100,UTC,2023-05-12T00:00:00Z,2026-08-30T10:38:54Z,SETTLED_COMPLETE_DATE,NOT_COMPUTABLE,PASS,PUBLIC_SOURCE_BACKED,Direct CMC historical global-metrics BTC dominance; not TradingView top-125 convention.
2023-05-13,46.2251,CMC_GLOBAL_METRICS_BTC_DOMINANCE,CoinMarketCap,CMC_DIRECT_SOURCE_CONVENTION: Bitcoin market cap / total market cap of cryptoassets tracked by CoinMarketCap * 100,UTC,2023-05-13T00:00:00Z,2026-08-30T10:38:54Z,SETTLED_COMPLETE_DATE,NOT_COMPUTABLE,PASS,PUBLIC_SOURCE_BACKED,Direct CMC historical global-metrics BTC dominance; not TradingView top-125 convention.
2023-05-14,46.309,CMC_GLOBAL_METRICS_BTC_DOMINANCE,CoinMarketCap,CMC_DIRECT_SOURCE_CONVENTION: Bitcoin market cap / total market cap of cryptoassets tracked by CoinMarketCap * 100,UTC,2023-05-14T00:00:00Z,2026-08-30T10:38:54Z,SETTLED_COMPLETE_DATE,NOT_COMPUTABLE,PASS,PUBLIC_SOURCE_BACKED,Direct CMC historical global-metrics BTC dominance; not TradingView top-125 convention.
2023-05-15,46.3312,CMC_GLOBAL_METRICS_BTC_DOMINANCE,CoinMarketCap,CMC_DIRECT_SOURCE_CONVENTION: Bitcoin market cap / total market cap of cryptoassets tracked by CoinMarketCap * 100,UTC,2023-05-15T00:00:00Z,2026-08-30T10:38:54Z,SETTLED_COMPLETE_DATE,NOT_COMPUTABLE,PASS,PUBLIC_SOURCE_BACKED,Direct CMC historical global-metrics BTC dominance; not TradingView top-125 convention.
2023-05-16,46.4194,CMC_GLOBAL_METRICS_BTC_DOMINANCE,CoinMarketCap,CMC_DIRECT_SOURCE_CONVENTION: Bitcoin market cap / total market cap of cryptoassets tracked by CoinMarketCap * 100,UTC,2023-05-16T00:00:00Z,2026-08-30T10:38:54Z,SETTLED_COMPLETE_DATE,NOT_COMPUTABLE,PASS,PUBLIC_SOURCE_BACKED,Direct CMC historical global-metrics BTC dominance; not TradingView top-125 convention.
2023-05-17,46.4366,CMC_GLOBAL_METRICS_BTC_DOMINANCE,CoinMarketCap,CMC_DIRECT_SOURCE_CONVENTION: Bitcoin market cap / total market cap of cryptoassets tracked by CoinMarketCap * 100,UTC,2023-05-17T00:00:00Z,2026-08-30T10:38:54Z,SETTLED_COMPLETE_DATE,NOT_COMPUTABLE,PASS,PUBLIC_SOURCE_BACKED,Direct CMC historical global-metrics BTC dominance; not TradingView top-125 convention.
2023-05-18,46.5906,CMC_GLOBAL_METRICS_BTC_DOMINANCE,CoinMarketCap,CMC_DIRECT_SOURCE_CONVENTION: Bitcoin market cap / total market cap of cryptoassets tracked by CoinMarketCap * 100,UTC,2023-05-18T00:00:00Z,2026-08-30T10:38:54Z,SETTLED_COMPLETE_DATE,NOT_COMPUTABLE,PASS,PUBLIC_SOURCE_BACKED,Direct CMC historical global-metrics BTC dominance; not TradingView top-125 convention.
2023-05-19,46.3071,CMC_GLOBAL_METRICS_BTC_DOMINANCE,CoinMarketCap,CMC_DIRECT_SOURCE_CONVENTION: Bitcoin market cap / total market cap of cryptoassets tracked by CoinMarketCap * 100,UTC,2023-05-19T00:00:00Z,2026-08-30T10:38:54Z,SETTLED_COMPLETE_DATE,NOT_COMPUTABLE,PASS,PUBLIC_SOURCE_BACKED,Direct CMC historical global-metrics BTC dominance; not TradingView top-125 convention.
2023-05-20,46.2865,CMC_GLOBAL_METRICS_BTC_DOMINANCE,CoinMarketCap,CMC_DIRECT_SOURCE_CONVENTION: Bitcoin market cap / total market cap of cryptoassets tracked by CoinMarketCap * 100,UTC,2023-05-20T00:00:00Z,2026-08-30T10:38:54Z,SETTLED_COMPLETE_DATE,NOT_COMPUTABLE,PASS,PUBLIC_SOURCE_BACKED,Direct CMC historical global-metrics BTC dominance; not TradingView top-125 convention.
2023-05-21,46.4295,CMC_GLOBAL_METRICS_BTC_DOMINANCE,CoinMarketCap,CMC_DIRECT_SOURCE_CONVENTION: Bitcoin market cap / total market cap of cryptoassets tracked by CoinMarketCap * 100,UTC,2023-05-21T00:00:00Z,2026-08-30T10:38:54Z,SETTLED_COMPLETE_DATE,NOT_COMPUTABLE,PASS,PUBLIC_SOURCE_BACKED,Direct CMC historical global-metrics BTC dominance; not TradingView top-125 convention.
2023-05-22,46.3625,CMC_GLOBAL_METRICS_BTC_DOMINANCE,CoinMarketCap,CMC_DIRECT_SOURCE_CONVENTION: Bitcoin market cap / total market cap of cryptoassets tracked by CoinMarketCap * 100,UTC,2023-05-22T00:00:00Z,2026-08-30T10:38:54Z,SETTLED_COMPLETE_DATE,NOT_COMPUTABLE,PASS,PUBLIC_SOURCE_BACKED,Direct CMC historical global-metrics BTC dominance; not TradingView top-125 convention.
2023-05-23,46.3114,CMC_GLOBAL_METRICS_BTC_DOMINANCE,CoinMarketCap,CMC_DIRECT_SOURCE_CONVENTION: Bitcoin market cap / total market cap of cryptoassets tracked by CoinMarketCap * 100,UTC,2023-05-23T00:00:00Z,2026-08-30T10:38:54Z,SETTLED_COMPLETE_DATE,NOT_COMPUTABLE,PASS,PUBLIC_SOURCE_BACKED,Direct CMC historical global-metrics BTC dominance; not TradingView top-125 convention.
2023-05-24,46.3554,CMC_GLOBAL_METRICS_BTC_DOMINANCE,CoinMarketCap,CMC_DIRECT_SOURCE_CONVENTION: Bitcoin market cap / total market cap of cryptoassets tracked by CoinMarketCap * 100,UTC,2023-05-24T00:00:00Z,2026-08-30T10:38:54Z,SETTLED_COMPLETE_DATE,NOT_COMPUTABLE,PASS,PUBLIC_SOURCE_BACKED,Direct CMC historical global-metrics BTC dominance; not TradingView top-125 convention.
2023-05-25,46.1032,CMC_GLOBAL_METRICS_BTC_DOMINANCE,CoinMarketCap,CMC_DIRECT_SOURCE_CONVENTION: Bitcoin market cap / total market cap of cryptoassets tracked by CoinMarketCap * 100,UTC,2023-05-25T00:00:00Z,2026-08-30T10:38:54Z,SETTLED_COMPLETE_DATE,NOT_COMPUTABLE,PASS,PUBLIC_SOURCE_BACKED,Direct CMC historical global-metrics BTC dominance; not TradingView top-125 convention.
2023-05-26,46.23,CMC_GLOBAL_METRICS_BTC_DOMINANCE,CoinMarketCap,CMC_DIRECT_SOURCE_CONVENTION: Bitcoin market cap / total market cap of cryptoassets tracked by CoinMarketCap * 100,UTC,2023-05-26T00:00:00Z,2026-08-30T10:38:54Z,SETTLED_COMPLETE_DATE,NOT_COMPUTABLE,PASS,PUBLIC_SOURCE_BACKED,Direct CMC historical global-metrics BTC dominance; not TradingView top-125 convention.
2023-05-27,46.2343,CMC_GLOBAL_METRICS_BTC_DOMINANCE,CoinMarketCap,CMC_DIRECT_SOURCE_CONVENTION: Bitcoin market cap / total market cap of cryptoassets tracked by CoinMarketCap * 100,UTC,2023-05-27T00:00:00Z,2026-08-30T10:38:54Z,SETTLED_COMPLETE_DATE,NOT_COMPUTABLE,PASS,PUBLIC_SOURCE_BACKED,Direct CMC historical global-metrics BTC dominance; not TradingView top-125 convention.
2023-05-28,46.2549,CMC_GLOBAL_METRICS_BTC_DOMINANCE,CoinMarketCap,CMC_DIRECT_SOURCE_CONVENTION: Bitcoin market cap / total market cap of cryptoassets tracked by CoinMarketCap * 100,UTC,2023-05-28T00:00:00Z,2026-08-30T10:38:54Z,SETTLED_COMPLETE_DATE,NOT_COMPUTABLE,PASS,PUBLIC_SOURCE_BACKED,Direct CMC historical global-metrics BTC dominance; not TradingView top-125 convention.
2023-05-29,46.6919,CMC_GLOBAL_METRICS_BTC_DOMINANCE,CoinMarketCap,CMC_DIRECT_SOURCE_CONVENTION: Bitcoin market cap / total market cap of cryptoassets tracked by CoinMarketCap * 100,UTC,2023-05-29T00:00:00Z,2026-08-30T10:38:54Z,SETTLED_COMPLETE_DATE,NOT_COMPUTABLE,PASS,PUBLIC_SOURCE_BACKED,Direct CMC historical global-metrics BTC dominance; not TradingView top-125 convention.
2023-05-30,46.5511,CMC_GLOBAL_METRICS_BTC_DOMINANCE,CoinMarketCap,CMC_DIRECT_SOURCE_CONVENTION: Bitcoin market cap / total market cap of cryptoassets tracked by CoinMarketCap * 100,UTC,2023-05-30T00:00:00Z,2026-08-30T10:38:54Z,SETTLED_COMPLETE_DATE,NOT_COMPUTABLE,PASS,PUBLIC_SOURCE_BACKED,Direct CMC historical global-metrics BTC dominance; not TradingView top-125 convention.
2023-05-31,46.4001,CMC_GLOBAL_METRICS_BTC_DOMINANCE,CoinMarketCap,CMC_DIRECT_SOURCE_CONVENTION: Bitcoin market cap / total market cap of cryptoassets tracked by CoinMarketCap * 100,UTC,2023-05-31T00:00:00Z,2026-08-30T10:38:54Z,SETTLED_COMPLETE_DATE,NOT_COMPUTABLE,PASS,PUBLIC_SOURCE_BACKED,Direct CMC historical global-metrics BTC dominance; not TradingView top-125 convention.
2023-06-01,46.2386,CMC_GLOBAL_METRICS_BTC_DOMINANCE,CoinMarketCap,CMC_DIRECT_SOURCE_CONVENTION: Bitcoin market cap / total market cap of cryptoassets tracked by CoinMarketCap * 100,UTC,2023-06-01T00:00:00Z,2026-08-30T10:38:54Z,SETTLED_COMPLETE_DATE,NOT_COMPUTABLE,PASS,PUBLIC_SOURCE_BACKED,Direct CMC historical global-metrics BTC dominance; not TradingView top-125 convention.
2023-06-02,46.0125,CMC_GLOBAL_METRICS_BTC_DOMINANCE,CoinMarketCap,CMC_DIRECT_SOURCE_CONVENTION: Bitcoin market cap / total market cap of cryptoassets tracked by CoinMarketCap * 100,UTC,2023-06-02T00:00:00Z,2026-08-30T10:38:54Z,SETTLED_COMPLETE_DATE,NOT_COMPUTABLE,PASS,PUBLIC_SOURCE_BACKED,Direct CMC historical global-metrics BTC dominance; not TradingView top-125 convention.
2023-06-03,45.9476,CMC_GLOBAL_METRICS_BTC_DOMINANCE,CoinMarketCap,CMC_DIRECT_SOURCE_CONVENTION: Bitcoin market cap / total market cap of cryptoassets tracked by CoinMarketCap * 100,UTC,2023-06-03T00:00:00Z,2026-08-30T10:38:54Z,SETTLED_COMPLETE_DATE,NOT_COMPUTABLE,PASS,PUBLIC_SOURCE_BACKED,Direct CMC historical global-metrics BTC dominance; not TradingView top-125 convention.
2023-06-04,45.9179,CMC_GLOBAL_METRICS_BTC_DOMINANCE,CoinMarketCap,CMC_DIRECT_SOURCE_CONVENTION: Bitcoin market cap / total market cap of cryptoassets tracked by CoinMarketCap * 100,UTC,2023-06-04T00:00:00Z,2026-08-30T10:38:54Z,SETTLED_COMPLETE_DATE,NOT_COMPUTABLE,PASS,PUBLIC_SOURCE_BACKED,Direct CMC historical global-metrics BTC dominance; not TradingView top-125 convention.
2023-06-05,45.9319,CMC_GLOBAL_METRICS_BTC_DOMINANCE,CoinMarketCap,CMC_DIRECT_SOURCE_CONVENTION: Bitcoin market cap / total market cap of cryptoassets tracked by CoinMarketCap * 100,UTC,2023-06-05T00:00:00Z,2026-08-30T10:38:54Z,SETTLED_COMPLETE_DATE,NOT_COMPUTABLE,PASS,PUBLIC_SOURCE_BACKED,Direct CMC historical global-metrics BTC dominance; not TradingView top-125 convention.
2023-06-06,45.8095,CMC_GLOBAL_METRICS_BTC_DOMINANCE,CoinMarketCap,CMC_DIRECT_SOURCE_CONVENTION: Bitcoin market cap / total market cap of cryptoassets tracked by CoinMarketCap * 100,UTC,2023-06-06T00:00:00Z,2026-08-30T10:38:54Z,SETTLED_COMPLETE_DATE,NOT_COMPUTABLE,PASS,PUBLIC_SOURCE_BACKED,Direct CMC historical global-metrics BTC dominance; not TradingView top-125 convention.
2023-06-07,46.5688,CMC_GLOBAL_METRICS_BTC_DOMINANCE,CoinMarketCap,CMC_DIRECT_SOURCE_CONVENTION: Bitcoin market cap / total market cap of cryptoassets tracked by CoinMarketCap * 100,UTC,2023-06-07T00:00:00Z,2026-08-30T10:38:54Z,SETTLED_COMPLETE_DATE,NOT_COMPUTABLE,PASS,PUBLIC_SOURCE_BACKED,Direct CMC historical global-metrics BTC dominance; not TradingView top-125 convention.
2023-06-08,46.5452,CMC_GLOBAL_METRICS_BTC_DOMINANCE,CoinMarketCap,CMC_DIRECT_SOURCE_CONVENTION: Bitcoin market cap / total market cap of cryptoassets tracked by CoinMarketCap * 100,UTC,2023-06-08T00:00:00Z,2026-08-30T10:38:54Z,SETTLED_COMPLETE_DATE,NOT_COMPUTABLE,PASS,PUBLIC_SOURCE_BACKED,Direct CMC historical global-metrics BTC dominance; not TradingView top-125 convention.
2023-06-09,46.5727,CMC_GLOBAL_METRICS_BTC_DOMINANCE,CoinMarketCap,CMC_DIRECT_SOURCE_CONVENTION: Bitcoin market cap / total market cap of cryptoassets tracked by CoinMarketCap * 100,UTC,2023-06-09T00:00:00Z,2026-08-30T10:38:54Z,SETTLED_COMPLETE_DATE,NOT_COMPUTABLE,PASS,PUBLIC_SOURCE_BACKED,Direct CMC historical global-metrics BTC dominance; not TradingView top-125 convention.
2023-06-10,46.7098,CMC_GLOBAL_METRICS_BTC_DOMINANCE,CoinMarketCap,CMC_DIRECT_SOURCE_CONVENTION: Bitcoin market cap / total market cap of cryptoassets tracked by CoinMarketCap * 100,UTC,2023-06-10T00:00:00Z,2026-08-30T10:38:54Z,SETTLED_COMPLETE_DATE,NOT_COMPUTABLE,PASS,PUBLIC_SOURCE_BACKED,Direct CMC historical global-metrics BTC dominance; not TradingView top-125 convention.
2023-06-11,47.5877,CMC_GLOBAL_METRICS_BTC_DOMINANCE,CoinMarketCap,CMC_DIRECT_SOURCE_CONVENTION: Bitcoin market cap / total market cap of cryptoassets tracked by CoinMarketCap * 100,UTC,2023-06-11T00:00:00Z,2026-08-30T10:38:54Z,SETTLED_COMPLETE_DATE,NOT_COMPUTABLE,PASS,PUBLIC_SOURCE_BACKED,Direct CMC historical global-metrics BTC dominance; not TradingView top-125 convention.
2023-06-12,47.6645,CMC_GLOBAL_METRICS_BTC_DOMINANCE,CoinMarketCap,CMC_DIRECT_SOURCE_CONVENTION: Bitcoin market cap / total market cap of cryptoassets tracked by CoinMarketCap * 100,UTC,2023-06-12T00:00:00Z,2026-08-30T10:38:54Z,SETTLED_COMPLETE_DATE,NOT_COMPUTABLE,PASS,PUBLIC_SOURCE_BACKED,Direct CMC historical global-metrics BTC dominance; not TradingView top-125 convention.
2023-06-13,47.7089,CMC_GLOBAL_METRICS_BTC_DOMINANCE,CoinMarketCap,CMC_DIRECT_SOURCE_CONVENTION: Bitcoin market cap / total market cap of cryptoassets tracked by CoinMarketCap * 100,UTC,2023-06-13T00:00:00Z,2026-08-30T10:38:54Z,SETTLED_COMPLETE_DATE,NOT_COMPUTABLE,PASS,PUBLIC_SOURCE_BACKED,Direct CMC historical global-metrics BTC dominance; not TradingView top-125 convention.
2023-06-14,47.6222,CMC_GLOBAL_METRICS_BTC_DOMINANCE,CoinMarketCap,CMC_DIRECT_SOURCE_CONVENTION: Bitcoin market cap / total market cap of cryptoassets tracked by CoinMarketCap * 100,UTC,2023-06-14T00:00:00Z,2026-08-30T10:38:54Z,SETTLED_COMPLETE_DATE,NOT_COMPUTABLE,PASS,PUBLIC_SOURCE_BACKED,Direct CMC historical global-metrics BTC dominance; not TradingView top-125 convention.
2023-06-15,47.548,CMC_GLOBAL_METRICS_BTC_DOMINANCE,CoinMarketCap,CMC_DIRECT_SOURCE_CONVENTION: Bitcoin market cap / total market cap of cryptoassets tracked by CoinMarketCap * 100,UTC,2023-06-15T00:00:00Z,2026-08-30T10:38:54Z,SETTLED_COMPLETE_DATE,NOT_COMPUTABLE,PASS,PUBLIC_SOURCE_BACKED,Direct CMC historical global-metrics BTC dominance; not TradingView top-125 convention.
2023-06-16,47.8836,CMC_GLOBAL_METRICS_BTC_DOMINANCE,CoinMarketCap,CMC_DIRECT_SOURCE_CONVENTION: Bitcoin market cap / total market cap of cryptoassets tracked by CoinMarketCap * 100,UTC,2023-06-16T00:00:00Z,2026-08-30T10:38:54Z,SETTLED_COMPLETE_DATE,NOT_COMPUTABLE,PASS,PUBLIC_SOURCE_BACKED,Direct CMC historical global-metrics BTC dominance; not TradingView top-125 convention.
2023-06-17,48.1489,CMC_GLOBAL_METRICS_BTC_DOMINANCE,CoinMarketCap,CMC_DIRECT_SOURCE_CONVENTION: Bitcoin market cap / total market cap of cryptoassets tracked by CoinMarketCap * 100,UTC,2023-06-17T00:00:00Z,2026-08-30T10:38:54Z,SETTLED_COMPLETE_DATE,NOT_COMPUTABLE,PASS,PUBLIC_SOURCE_BACKED,Direct CMC historical global-metrics BTC dominance; not TradingView top-125 convention.
2023-06-18,48.1134,CMC_GLOBAL_METRICS_BTC_DOMINANCE,CoinMarketCap,CMC_DIRECT_SOURCE_CONVENTION: Bitcoin market cap / total market cap of cryptoassets tracked by CoinMarketCap * 100,UTC,2023-06-18T00:00:00Z,2026-08-30T10:38:54Z,SETTLED_COMPLETE_DATE,NOT_COMPUTABLE,PASS,PUBLIC_SOURCE_BACKED,Direct CMC historical global-metrics BTC dominance; not TradingView top-125 convention.
2023-06-19,48.0784,CMC_GLOBAL_METRICS_BTC_DOMINANCE,CoinMarketCap,CMC_DIRECT_SOURCE_CONVENTION: Bitcoin market cap / total market cap of cryptoassets tracked by CoinMarketCap * 100,UTC,2023-06-19T00:00:00Z,2026-08-30T10:38:54Z,SETTLED_COMPLETE_DATE,NOT_COMPUTABLE,PASS,PUBLIC_SOURCE_BACKED,Direct CMC historical global-metrics BTC dominance; not TradingView top-125 convention.
2023-06-20,48.3985,CMC_GLOBAL_METRICS_BTC_DOMINANCE,CoinMarketCap,CMC_DIRECT_SOURCE_CONVENTION: Bitcoin market cap / total market cap of cryptoassets tracked by CoinMarketCap * 100,UTC,2023-06-20T00:00:00Z,2026-08-30T10:38:54Z,SETTLED_COMPLETE_DATE,NOT_COMPUTABLE,PASS,PUBLIC_SOURCE_BACKED,Direct CMC historical global-metrics BTC dominance; not TradingView top-125 convention.
2023-06-21,49.1545,CMC_GLOBAL_METRICS_BTC_DOMINANCE,CoinMarketCap,CMC_DIRECT_SOURCE_CONVENTION: Bitcoin market cap / total market cap of cryptoassets tracked by CoinMarketCap * 100,UTC,2023-06-21T00:00:00Z,2026-08-30T10:38:54Z,SETTLED_COMPLETE_DATE,NOT_COMPUTABLE,PASS,PUBLIC_SOURCE_BACKED,Direct CMC historical global-metrics BTC dominance; not TradingView top-125 convention.
2023-06-22,49.7216,CMC_GLOBAL_METRICS_BTC_DOMINANCE,CoinMarketCap,CMC_DIRECT_SOURCE_CONVENTION: Bitcoin market cap / total market cap of cryptoassets tracked by CoinMarketCap * 100,UTC,2023-06-22T00:00:00Z,2026-08-30T10:38:54Z,SETTLED_COMPLETE_DATE,NOT_COMPUTABLE,PASS,PUBLIC_SOURCE_BACKED,Direct CMC historical global-metrics BTC dominance; not TradingView top-125 convention.
2023-06-23,49.8427,CMC_GLOBAL_METRICS_BTC_DOMINANCE,CoinMarketCap,CMC_DIRECT_SOURCE_CONVENTION: Bitcoin market cap / total market cap of cryptoassets tracked by CoinMarketCap * 100,UTC,2023-06-23T00:00:00Z,2026-08-30T10:38:54Z,SETTLED_COMPLETE_DATE,NOT_COMPUTABLE,PASS,PUBLIC_SOURCE_BACKED,Direct CMC historical global-metrics BTC dominance; not TradingView top-125 convention.
2023-06-24,50.0612,CMC_GLOBAL_METRICS_BTC_DOMINANCE,CoinMarketCap,CMC_DIRECT_SOURCE_CONVENTION: Bitcoin market cap / total market cap of cryptoassets tracked by CoinMarketCap * 100,UTC,2023-06-24T00:00:00Z,2026-08-30T10:38:54Z,SETTLED_COMPLETE_DATE,NOT_COMPUTABLE,PASS,PUBLIC_SOURCE_BACKED,Direct CMC historical global-metrics BTC dominance; not TradingView top-125 convention.
2023-06-25,50.1346,CMC_GLOBAL_METRICS_BTC_DOMINANCE,CoinMarketCap,CMC_DIRECT_SOURCE_CONVENTION: Bitcoin market cap / total market cap of cryptoassets tracked by CoinMarketCap * 100,UTC,2023-06-25T00:00:00Z,2026-08-30T10:38:54Z,SETTLED_COMPLETE_DATE,NOT_COMPUTABLE,PASS,PUBLIC_SOURCE_BACKED,Direct CMC historical global-metrics BTC dominance; not TradingView top-125 convention.
2023-06-26,49.8396,CMC_GLOBAL_METRICS_BTC_DOMINANCE,CoinMarketCap,CMC_DIRECT_SOURCE_CONVENTION: Bitcoin market cap / total market cap of cryptoassets tracked by CoinMarketCap * 100,UTC,2023-06-26T00:00:00Z,2026-08-30T10:38:54Z,SETTLED_COMPLETE_DATE,NOT_COMPUTABLE,PASS,PUBLIC_SOURCE_BACKED,Direct CMC historical global-metrics BTC dominance; not TradingView top-125 convention.
2023-06-27,50.0678,CMC_GLOBAL_METRICS_BTC_DOMINANCE,CoinMarketCap,CMC_DIRECT_SOURCE_CONVENTION: Bitcoin market cap / total market cap of cryptoassets tracked by CoinMarketCap * 100,UTC,2023-06-27T00:00:00Z,2026-08-30T10:38:54Z,SETTLED_COMPLETE_DATE,NOT_COMPUTABLE,PASS,PUBLIC_SOURCE_BACKED,Direct CMC historical global-metrics BTC dominance; not TradingView top-125 convention.
2023-06-28,50.1377,CMC_GLOBAL_METRICS_BTC_DOMINANCE,CoinMarketCap,CMC_DIRECT_SOURCE_CONVENTION: Bitcoin market cap / total market cap of cryptoassets tracked by CoinMarketCap * 100,UTC,2023-06-28T00:00:00Z,2026-08-30T10:38:54Z,SETTLED_COMPLETE_DATE,NOT_COMPUTABLE,PASS,PUBLIC_SOURCE_BACKED,Direct CMC historical global-metrics BTC dominance; not TradingView top-125 convention.
2023-06-29,50.3919,CMC_GLOBAL_METRICS_BTC_DOMINANCE,CoinMarketCap,CMC_DIRECT_SOURCE_CONVENTION: Bitcoin market cap / total market cap of cryptoassets tracked by CoinMarketCap * 100,UTC,2023-06-29T00:00:00Z,2026-08-30T10:38:54Z,SETTLED_COMPLETE_DATE,NOT_COMPUTABLE,PASS,PUBLIC_SOURCE_BACKED,Direct CMC historical global-metrics BTC dominance; not TradingView top-125 convention.
2023-06-30,50.3527,CMC_GLOBAL_METRICS_BTC_DOMINANCE,CoinMarketCap,CMC_DIRECT_SOURCE_CONVENTION: Bitcoin market cap / total market cap of cryptoassets tracked by CoinMarketCap * 100,UTC,2023-06-30T00:00:00Z,2026-08-30T10:38:54Z,SETTLED_COMPLETE_DATE,NOT_COMPUTABLE,PASS,PUBLIC_SOURCE_BACKED,Direct CMC historical global-metrics BTC dominance; not TradingView top-125 convention.
2023-07-01,49.5523,CMC_GLOBAL_METRICS_BTC_DOMINANCE,CoinMarketCap,CMC_DIRECT_SOURCE_CONVENTION: Bitcoin market cap / total market cap of cryptoassets tracked by CoinMarketCap * 100,UTC,2023-07-01T00:00:00Z,2026-08-30T10:38:54Z,SETTLED_COMPLETE_DATE,NOT_COMPUTABLE,PASS,PUBLIC_SOURCE_BACKED,Direct CMC historical global-metrics BTC dominance; not TradingView top-125 convention.
2023-07-02,49.5147,CMC_GLOBAL_METRICS_BTC_DOMINANCE,CoinMarketCap,CMC_DIRECT_SOURCE_CONVENTION: Bitcoin market cap / total market cap of cryptoassets tracked by CoinMarketCap * 100,UTC,2023-07-02T00:00:00Z,2026-08-30T10:38:54Z,SETTLED_COMPLETE_DATE,NOT_COMPUTABLE,PASS,PUBLIC_SOURCE_BACKED,Direct CMC historical global-metrics BTC dominance; not TradingView top-125 convention.
2023-07-03,49.4296,CMC_GLOBAL_METRICS_BTC_DOMINANCE,CoinMarketCap,CMC_DIRECT_SOURCE_CONVENTION: Bitcoin market cap / total market cap of cryptoassets tracked by CoinMarketCap * 100,UTC,2023-07-03T00:00:00Z,2026-08-30T10:38:54Z,SETTLED_COMPLETE_DATE,NOT_COMPUTABLE,PASS,PUBLIC_SOURCE_BACKED,Direct CMC historical global-metrics BTC dominance; not TradingView top-125 convention.
2023-07-04,49.6532,CMC_GLOBAL_METRICS_BTC_DOMINANCE,CoinMarketCap,CMC_DIRECT_SOURCE_CONVENTION: Bitcoin market cap / total market cap of cryptoassets tracked by CoinMarketCap * 100,UTC,2023-07-04T00:00:00Z,2026-08-30T10:38:54Z,SETTLED_COMPLETE_DATE,NOT_COMPUTABLE,PASS,PUBLIC_SOURCE_BACKED,Direct CMC historical global-metrics BTC dominance; not TradingView top-125 convention.
2023-07-05,49.6144,CMC_GLOBAL_METRICS_BTC_DOMINANCE,CoinMarketCap,CMC_DIRECT_SOURCE_CONVENTION: Bitcoin market cap / total market cap of cryptoassets tracked by CoinMarketCap * 100,UTC,2023-07-05T00:00:00Z,2026-08-30T10:38:54Z,SETTLED_COMPLETE_DATE,NOT_COMPUTABLE,PASS,PUBLIC_SOURCE_BACKED,Direct CMC historical global-metrics BTC dominance; not TradingView top-125 convention.
2023-07-06,49.7532,CMC_GLOBAL_METRICS_BTC_DOMINANCE,CoinMarketCap,CMC_DIRECT_SOURCE_CONVENTION: Bitcoin market cap / total market cap of cryptoassets tracked by CoinMarketCap * 100,UTC,2023-07-06T00:00:00Z,2026-08-30T10:38:54Z,SETTLED_COMPLETE_DATE,NOT_COMPUTABLE,PASS,PUBLIC_SOURCE_BACKED,Direct CMC historical global-metrics BTC dominance; not TradingView top-125 convention.
2023-07-07,49.8569,CMC_GLOBAL_METRICS_BTC_DOMINANCE,CoinMarketCap,CMC_DIRECT_SOURCE_CONVENTION: Bitcoin market cap / total market cap of cryptoassets tracked by CoinMarketCap * 100,UTC,2023-07-07T00:00:00Z,2026-08-30T10:38:54Z,SETTLED_COMPLETE_DATE,NOT_COMPUTABLE,PASS,PUBLIC_SOURCE_BACKED,Direct CMC historical global-metrics BTC dominance; not TradingView top-125 convention.
2023-07-08,49.9427,CMC_GLOBAL_METRICS_BTC_DOMINANCE,CoinMarketCap,CMC_DIRECT_SOURCE_CONVENTION: Bitcoin market cap / total market cap of cryptoassets tracked by CoinMarketCap * 100,UTC,2023-07-08T00:00:00Z,2026-08-30T10:38:54Z,SETTLED_COMPLETE_DATE,NOT_COMPUTABLE,PASS,PUBLIC_SOURCE_BACKED,Direct CMC historical global-metrics BTC dominance; not TradingView top-125 convention.
2023-07-09,49.8927,CMC_GLOBAL_METRICS_BTC_DOMINANCE,CoinMarketCap,CMC_DIRECT_SOURCE_CONVENTION: Bitcoin market cap / total market cap of cryptoassets tracked by CoinMarketCap * 100,UTC,2023-07-09T00:00:00Z,2026-08-30T10:38:54Z,SETTLED_COMPLETE_DATE,NOT_COMPUTABLE,PASS,PUBLIC_SOURCE_BACKED,Direct CMC historical global-metrics BTC dominance; not TradingView top-125 convention.
2023-07-10,49.8855,CMC_GLOBAL_METRICS_BTC_DOMINANCE,CoinMarketCap,CMC_DIRECT_SOURCE_CONVENTION: Bitcoin market cap / total market cap of cryptoassets tracked by CoinMarketCap * 100,UTC,2023-07-10T00:00:00Z,2026-08-30T10:38:54Z,SETTLED_COMPLETE_DATE,NOT_COMPUTABLE,PASS,PUBLIC_SOURCE_BACKED,Direct CMC historical global-metrics BTC dominance; not TradingView top-125 convention.
2023-07-11,49.8642,CMC_GLOBAL_METRICS_BTC_DOMINANCE,CoinMarketCap,CMC_DIRECT_SOURCE_CONVENTION: Bitcoin market cap / total market cap of cryptoassets tracked by CoinMarketCap * 100,UTC,2023-07-11T00:00:00Z,2026-08-30T10:38:54Z,SETTLED_COMPLETE_DATE,NOT_COMPUTABLE,PASS,PUBLIC_SOURCE_BACKED,Direct CMC historical global-metrics BTC dominance; not TradingView top-125 convention.
2023-07-12,49.9998,CMC_GLOBAL_METRICS_BTC_DOMINANCE,CoinMarketCap,CMC_DIRECT_SOURCE_CONVENTION: Bitcoin market cap / total market cap of cryptoassets tracked by CoinMarketCap * 100,UTC,2023-07-12T00:00:00Z,2026-08-30T10:38:54Z,SETTLED_COMPLETE_DATE,NOT_COMPUTABLE,PASS,PUBLIC_SOURCE_BACKED,Direct CMC historical global-metrics BTC dominance; not TradingView top-125 convention.
2023-07-13,49.9392,CMC_GLOBAL_METRICS_BTC_DOMINANCE,CoinMarketCap,CMC_DIRECT_SOURCE_CONVENTION: Bitcoin market cap / total market cap of cryptoassets tracked by CoinMarketCap * 100,UTC,2023-07-13T00:00:00Z,2026-08-30T10:38:54Z,SETTLED_COMPLETE_DATE,NOT_COMPUTABLE,PASS,PUBLIC_SOURCE_BACKED,Direct CMC historical global-metrics BTC dominance; not TradingView top-125 convention.
2023-07-14,48.6498,CMC_GLOBAL_METRICS_BTC_DOMINANCE,CoinMarketCap,CMC_DIRECT_SOURCE_CONVENTION: Bitcoin market cap / total market cap of cryptoassets tracked by CoinMarketCap * 100,UTC,2023-07-14T00:00:00Z,2026-08-30T10:38:54Z,SETTLED_COMPLETE_DATE,NOT_COMPUTABLE,PASS,PUBLIC_SOURCE_BACKED,Direct CMC historical global-metrics BTC dominance; not TradingView top-125 convention.
2023-07-15,48.4927,CMC_GLOBAL_METRICS_BTC_DOMINANCE,CoinMarketCap,CMC_DIRECT_SOURCE_CONVENTION: Bitcoin market cap / total market cap of cryptoassets tracked by CoinMarketCap * 100,UTC,2023-07-15T00:00:00Z,2026-08-30T10:38:54Z,SETTLED_COMPLETE_DATE,NOT_COMPUTABLE,PASS,PUBLIC_SOURCE_BACKED,Direct CMC historical global-metrics BTC dominance; not TradingView top-125 convention.
2023-07-16,48.4596,CMC_GLOBAL_METRICS_BTC_DOMINANCE,CoinMarketCap,CMC_DIRECT_SOURCE_CONVENTION: Bitcoin market cap / total market cap of cryptoassets tracked by CoinMarketCap * 100,UTC,2023-07-16T00:00:00Z,2026-08-30T10:38:54Z,SETTLED_COMPLETE_DATE,NOT_COMPUTABLE,PASS,PUBLIC_SOURCE_BACKED,Direct CMC historical global-metrics BTC dominance; not TradingView top-125 convention.
2023-07-17,48.5755,CMC_GLOBAL_METRICS_BTC_DOMINANCE,CoinMarketCap,CMC_DIRECT_SOURCE_CONVENTION: Bitcoin market cap / total market cap of cryptoassets tracked by CoinMarketCap * 100,UTC,2023-07-17T00:00:00Z,2026-08-30T10:38:54Z,SETTLED_COMPLETE_DATE,NOT_COMPUTABLE,PASS,PUBLIC_SOURCE_BACKED,Direct CMC historical global-metrics BTC dominance; not TradingView top-125 convention.
2023-07-18,48.5272,CMC_GLOBAL_METRICS_BTC_DOMINANCE,CoinMarketCap,CMC_DIRECT_SOURCE_CONVENTION: Bitcoin market cap / total market cap of cryptoassets tracked by CoinMarketCap * 100,UTC,2023-07-18T00:00:00Z,2026-08-30T10:38:54Z,SETTLED_COMPLETE_DATE,NOT_COMPUTABLE,PASS,PUBLIC_SOURCE_BACKED,Direct CMC historical global-metrics BTC dominance; not TradingView top-125 convention.
2023-07-19,48.4026,CMC_GLOBAL_METRICS_BTC_DOMINANCE,CoinMarketCap,CMC_DIRECT_SOURCE_CONVENTION: Bitcoin market cap / total market cap of cryptoassets tracked by CoinMarketCap * 100,UTC,2023-07-19T00:00:00Z,2026-08-30T10:38:54Z,SETTLED_COMPLETE_DATE,NOT_COMPUTABLE,PASS,PUBLIC_SOURCE_BACKED,Direct CMC historical global-metrics BTC dominance; not TradingView top-125 convention.
2023-07-20,48.3641,CMC_GLOBAL_METRICS_BTC_DOMINANCE,CoinMarketCap,CMC_DIRECT_SOURCE_CONVENTION: Bitcoin market cap / total market cap of cryptoassets tracked by CoinMarketCap * 100,UTC,2023-07-20T00:00:00Z,2026-08-30T10:38:54Z,SETTLED_COMPLETE_DATE,NOT_COMPUTABLE,PASS,PUBLIC_SOURCE_BACKED,Direct CMC historical global-metrics BTC dominance; not TradingView top-125 convention.
2023-07-21,48.2681,CMC_GLOBAL_METRICS_BTC_DOMINANCE,CoinMarketCap,CMC_DIRECT_SOURCE_CONVENTION: Bitcoin market cap / total market cap of cryptoassets tracked by CoinMarketCap * 100,UTC,2023-07-21T00:00:00Z,2026-08-30T10:38:54Z,SETTLED_COMPLETE_DATE,NOT_COMPUTABLE,PASS,PUBLIC_SOURCE_BACKED,Direct CMC historical global-metrics BTC dominance; not TradingView top-125 convention.
2023-07-22,48.3431,CMC_GLOBAL_METRICS_BTC_DOMINANCE,CoinMarketCap,CMC_DIRECT_SOURCE_CONVENTION: Bitcoin market cap / total market cap of cryptoassets tracked by CoinMarketCap * 100,UTC,2023-07-22T00:00:00Z,2026-08-30T10:38:54Z,SETTLED_COMPLETE_DATE,NOT_COMPUTABLE,PASS,PUBLIC_SOURCE_BACKED,Direct CMC historical global-metrics BTC dominance; not TradingView top-125 convention.
2023-07-23,48.5744,CMC_GLOBAL_METRICS_BTC_DOMINANCE,CoinMarketCap,CMC_DIRECT_SOURCE_CONVENTION: Bitcoin market cap / total market cap of cryptoassets tracked by CoinMarketCap * 100,UTC,2023-07-23T00:00:00Z,2026-08-30T10:38:54Z,SETTLED_COMPLETE_DATE,NOT_COMPUTABLE,PASS,PUBLIC_SOURCE_BACKED,Direct CMC historical global-metrics BTC dominance; not TradingView top-125 convention.
2023-07-24,48.6031,CMC_GLOBAL_METRICS_BTC_DOMINANCE,CoinMarketCap,CMC_DIRECT_SOURCE_CONVENTION: Bitcoin market cap / total market cap of cryptoassets tracked by CoinMarketCap * 100,UTC,2023-07-24T00:00:00Z,2026-08-30T10:38:54Z,SETTLED_COMPLETE_DATE,NOT_COMPUTABLE,PASS,PUBLIC_SOURCE_BACKED,Direct CMC historical global-metrics BTC dominance; not TradingView top-125 convention.
2023-07-25,48.4062,CMC_GLOBAL_METRICS_BTC_DOMINANCE,CoinMarketCap,CMC_DIRECT_SOURCE_CONVENTION: Bitcoin market cap / total market cap of cryptoassets tracked by CoinMarketCap * 100,UTC,2023-07-25T00:00:00Z,2026-08-30T10:38:54Z,SETTLED_COMPLETE_DATE,NOT_COMPUTABLE,PASS,PUBLIC_SOURCE_BACKED,Direct CMC historical global-metrics BTC dominance; not TradingView top-125 convention.
2023-07-26,48.3285,CMC_GLOBAL_METRICS_BTC_DOMINANCE,CoinMarketCap,CMC_DIRECT_SOURCE_CONVENTION: Bitcoin market cap / total market cap of cryptoassets tracked by CoinMarketCap * 100,UTC,2023-07-26T00:00:00Z,2026-08-30T10:38:54Z,SETTLED_COMPLETE_DATE,NOT_COMPUTABLE,PASS,PUBLIC_SOURCE_BACKED,Direct CMC historical global-metrics BTC dominance; not TradingView top-125 convention.
2023-07-27,48.2497,CMC_GLOBAL_METRICS_BTC_DOMINANCE,CoinMarketCap,CMC_DIRECT_SOURCE_CONVENTION: Bitcoin market cap / total market cap of cryptoassets tracked by CoinMarketCap * 100,UTC,2023-07-27T00:00:00Z,2026-08-30T10:38:54Z,SETTLED_COMPLETE_DATE,NOT_COMPUTABLE,PASS,PUBLIC_SOURCE_BACKED,Direct CMC historical global-metrics BTC dominance; not TradingView top-125 convention.
2023-07-28,48.2133,CMC_GLOBAL_METRICS_BTC_DOMINANCE,CoinMarketCap,CMC_DIRECT_SOURCE_CONVENTION: Bitcoin market cap / total market cap of cryptoassets tracked by CoinMarketCap * 100,UTC,2023-07-28T00:00:00Z,2026-08-30T10:38:54Z,SETTLED_COMPLETE_DATE,NOT_COMPUTABLE,PASS,PUBLIC_SOURCE_BACKED,Direct CMC historical global-metrics BTC dominance; not TradingView top-125 convention.
2023-07-29,48.1282,CMC_GLOBAL_METRICS_BTC_DOMINANCE,CoinMarketCap,CMC_DIRECT_SOURCE_CONVENTION: Bitcoin market cap / total market cap of cryptoassets tracked by CoinMarketCap * 100,UTC,2023-07-29T00:00:00Z,2026-08-30T10:38:54Z,SETTLED_COMPLETE_DATE,NOT_COMPUTABLE,PASS,PUBLIC_SOURCE_BACKED,Direct CMC historical global-metrics BTC dominance; not TradingView top-125 convention.
2023-07-30,48.0886,CMC_GLOBAL_METRICS_BTC_DOMINANCE,CoinMarketCap,CMC_DIRECT_SOURCE_CONVENTION: Bitcoin market cap / total market cap of cryptoassets tracked by CoinMarketCap * 100,UTC,2023-07-30T00:00:00Z,2026-08-30T10:38:54Z,SETTLED_COMPLETE_DATE,NOT_COMPUTABLE,PASS,PUBLIC_SOURCE_BACKED,Direct CMC historical global-metrics BTC dominance; not TradingView top-125 convention.
2023-07-31,48.175,CMC_GLOBAL_METRICS_BTC_DOMINANCE,CoinMarketCap,CMC_DIRECT_SOURCE_CONVENTION: Bitcoin market cap / total market cap of cryptoassets tracked by CoinMarketCap * 100,UTC,2023-07-31T00:00:00Z,2026-08-30T10:38:54Z,SETTLED_COMPLETE_DATE,NOT_COMPUTABLE,PASS,PUBLIC_SOURCE_BACKED,Direct CMC historical global-metrics BTC dominance; not TradingView top-125 convention.
2023-08-01,48.3305,CMC_GLOBAL_METRICS_BTC_DOMINANCE,CoinMarketCap,CMC_DIRECT_SOURCE_CONVENTION: Bitcoin market cap / total market cap of cryptoassets tracked by CoinMarketCap * 100,UTC,2023-08-01T00:00:00Z,2026-08-30T10:38:54Z,SETTLED_COMPLETE_DATE,NOT_COMPUTABLE,PASS,PUBLIC_SOURCE_BACKED,Direct CMC historical global-metrics BTC dominance; not TradingView top-125 convention.
2023-08-02,48.5207,CMC_GLOBAL_METRICS_BTC_DOMINANCE,CoinMarketCap,CMC_DIRECT_SOURCE_CONVENTION: Bitcoin market cap / total market cap of cryptoassets tracked by CoinMarketCap * 100,UTC,2023-08-02T00:00:00Z,2026-08-30T10:38:54Z,SETTLED_COMPLETE_DATE,NOT_COMPUTABLE,PASS,PUBLIC_SOURCE_BACKED,Direct CMC historical global-metrics BTC dominance; not TradingView top-125 convention.
2023-08-03,48.4727,CMC_GLOBAL_METRICS_BTC_DOMINANCE,CoinMarketCap,CMC_DIRECT_SOURCE_CONVENTION: Bitcoin market cap / total market cap of cryptoassets tracked by CoinMarketCap * 100,UTC,2023-08-03T00:00:00Z,2026-08-30T10:38:54Z,SETTLED_COMPLETE_DATE,NOT_COMPUTABLE,PASS,PUBLIC_SOURCE_BACKED,Direct CMC historical global-metrics BTC dominance; not TradingView top-125 convention.
2023-08-04,48.7186,CMC_GLOBAL_METRICS_BTC_DOMINANCE,CoinMarketCap,CMC_DIRECT_SOURCE_CONVENTION: Bitcoin market cap / total market cap of cryptoassets tracked by CoinMarketCap * 100,UTC,2023-08-04T00:00:00Z,2026-08-30T10:38:54Z,SETTLED_COMPLETE_DATE,NOT_COMPUTABLE,PASS,PUBLIC_SOURCE_BACKED,Direct CMC historical global-metrics BTC dominance; not TradingView top-125 convention.
2023-08-05,48.7389,CMC_GLOBAL_METRICS_BTC_DOMINANCE,CoinMarketCap,CMC_DIRECT_SOURCE_CONVENTION: Bitcoin market cap / total market cap of cryptoassets tracked by CoinMarketCap * 100,UTC,2023-08-05T00:00:00Z,2026-08-30T10:38:54Z,SETTLED_COMPLETE_DATE,NOT_COMPUTABLE,PASS,PUBLIC_SOURCE_BACKED,Direct CMC historical global-metrics BTC dominance; not TradingView top-125 convention.
2023-08-06,48.6233,CMC_GLOBAL_METRICS_BTC_DOMINANCE,CoinMarketCap,CMC_DIRECT_SOURCE_CONVENTION: Bitcoin market cap / total market cap of cryptoassets tracked by CoinMarketCap * 100,UTC,2023-08-06T00:00:00Z,2026-08-30T10:38:54Z,SETTLED_COMPLETE_DATE,NOT_COMPUTABLE,PASS,PUBLIC_SOURCE_BACKED,Direct CMC historical global-metrics BTC dominance; not TradingView top-125 convention.
2023-08-07,48.6806,CMC_GLOBAL_METRICS_BTC_DOMINANCE,CoinMarketCap,CMC_DIRECT_SOURCE_CONVENTION: Bitcoin market cap / total market cap of cryptoassets tracked by CoinMarketCap * 100,UTC,2023-08-07T00:00:00Z,2026-08-30T10:38:54Z,SETTLED_COMPLETE_DATE,NOT_COMPUTABLE,PASS,PUBLIC_SOURCE_BACKED,Direct CMC historical global-metrics BTC dominance; not TradingView top-125 convention.
2023-08-08,48.8165,CMC_GLOBAL_METRICS_BTC_DOMINANCE,CoinMarketCap,CMC_DIRECT_SOURCE_CONVENTION: Bitcoin market cap / total market cap of cryptoassets tracked by CoinMarketCap * 100,UTC,2023-08-08T00:00:00Z,2026-08-30T10:38:54Z,SETTLED_COMPLETE_DATE,NOT_COMPUTABLE,PASS,PUBLIC_SOURCE_BACKED,Direct CMC historical global-metrics BTC dominance; not TradingView top-125 convention.
2023-08-09,48.9599,CMC_GLOBAL_METRICS_BTC_DOMINANCE,CoinMarketCap,CMC_DIRECT_SOURCE_CONVENTION: Bitcoin market cap / total market cap of cryptoassets tracked by CoinMarketCap * 100,UTC,2023-08-09T00:00:00Z,2026-08-30T10:38:54Z,SETTLED_COMPLETE_DATE,NOT_COMPUTABLE,PASS,PUBLIC_SOURCE_BACKED,Direct CMC historical global-metrics BTC dominance; not TradingView top-125 convention.
2023-08-10,48.7921,CMC_GLOBAL_METRICS_BTC_DOMINANCE,CoinMarketCap,CMC_DIRECT_SOURCE_CONVENTION: Bitcoin market cap / total market cap of cryptoassets tracked by CoinMarketCap * 100,UTC,2023-08-10T00:00:00Z,2026-08-30T10:38:54Z,SETTLED_COMPLETE_DATE,NOT_COMPUTABLE,PASS,PUBLIC_SOURCE_BACKED,Direct CMC historical global-metrics BTC dominance; not TradingView top-125 convention.
2023-08-11,48.7606,CMC_GLOBAL_METRICS_BTC_DOMINANCE,CoinMarketCap,CMC_DIRECT_SOURCE_CONVENTION: Bitcoin market cap / total market cap of cryptoassets tracked by CoinMarketCap * 100,UTC,2023-08-11T00:00:00Z,2026-08-30T10:38:54Z,SETTLED_COMPLETE_DATE,NOT_COMPUTABLE,PASS,PUBLIC_SOURCE_BACKED,Direct CMC historical global-metrics BTC dominance; not TradingView top-125 convention.
2023-08-12,48.7655,CMC_GLOBAL_METRICS_BTC_DOMINANCE,CoinMarketCap,CMC_DIRECT_SOURCE_CONVENTION: Bitcoin market cap / total market cap of cryptoassets tracked by CoinMarketCap * 100,UTC,2023-08-12T00:00:00Z,2026-08-30T10:38:54Z,SETTLED_COMPLETE_DATE,NOT_COMPUTABLE,PASS,PUBLIC_SOURCE_BACKED,Direct CMC historical global-metrics BTC dominance; not TradingView top-125 convention.
2023-08-13,48.7316,CMC_GLOBAL_METRICS_BTC_DOMINANCE,CoinMarketCap,CMC_DIRECT_SOURCE_CONVENTION: Bitcoin market cap / total market cap of cryptoassets tracked by CoinMarketCap * 100,UTC,2023-08-13T00:00:00Z,2026-08-30T10:38:54Z,SETTLED_COMPLETE_DATE,NOT_COMPUTABLE,PASS,PUBLIC_SOURCE_BACKED,Direct CMC historical global-metrics BTC dominance; not TradingView top-125 convention.
2023-08-14,48.7327,CMC_GLOBAL_METRICS_BTC_DOMINANCE,CoinMarketCap,CMC_DIRECT_SOURCE_CONVENTION: Bitcoin market cap / total market cap of cryptoassets tracked by CoinMarketCap * 100,UTC,2023-08-14T00:00:00Z,2026-08-30T10:38:54Z,SETTLED_COMPLETE_DATE,NOT_COMPUTABLE,PASS,PUBLIC_SOURCE_BACKED,Direct CMC historical global-metrics BTC dominance; not TradingView top-125 convention.
2023-08-15,48.7437,CMC_GLOBAL_METRICS_BTC_DOMINANCE,CoinMarketCap,CMC_DIRECT_SOURCE_CONVENTION: Bitcoin market cap / total market cap of cryptoassets tracked by CoinMarketCap * 100,UTC,2023-08-15T00:00:00Z,2026-08-30T10:38:54Z,SETTLED_COMPLETE_DATE,NOT_COMPUTABLE,PASS,PUBLIC_SOURCE_BACKED,Direct CMC historical global-metrics BTC dominance; not TradingView top-125 convention.
2023-08-16,48.977,CMC_GLOBAL_METRICS_BTC_DOMINANCE,CoinMarketCap,CMC_DIRECT_SOURCE_CONVENTION: Bitcoin market cap / total market cap of cryptoassets tracked by CoinMarketCap * 100,UTC,2023-08-16T00:00:00Z,2026-08-30T10:38:54Z,SETTLED_COMPLETE_DATE,NOT_COMPUTABLE,PASS,PUBLIC_SOURCE_BACKED,Direct CMC historical global-metrics BTC dominance; not TradingView top-125 convention.
2023-08-17,49.0962,CMC_GLOBAL_METRICS_BTC_DOMINANCE,CoinMarketCap,CMC_DIRECT_SOURCE_CONVENTION: Bitcoin market cap / total market cap of cryptoassets tracked by CoinMarketCap * 100,UTC,2023-08-17T00:00:00Z,2026-08-30T10:38:54Z,SETTLED_COMPLETE_DATE,NOT_COMPUTABLE,PASS,PUBLIC_SOURCE_BACKED,Direct CMC historical global-metrics BTC dominance; not TradingView top-125 convention.
2023-08-18,48.7247,CMC_GLOBAL_METRICS_BTC_DOMINANCE,CoinMarketCap,CMC_DIRECT_SOURCE_CONVENTION: Bitcoin market cap / total market cap of cryptoassets tracked by CoinMarketCap * 100,UTC,2023-08-18T00:00:00Z,2026-08-30T10:38:54Z,SETTLED_COMPLETE_DATE,NOT_COMPUTABLE,PASS,PUBLIC_SOURCE_BACKED,Direct CMC historical global-metrics BTC dominance; not TradingView top-125 convention.
2023-08-19,48.2274,CMC_GLOBAL_METRICS_BTC_DOMINANCE,CoinMarketCap,CMC_DIRECT_SOURCE_CONVENTION: Bitcoin market cap / total market cap of cryptoassets tracked by CoinMarketCap * 100,UTC,2023-08-19T00:00:00Z,2026-08-30T10:38:54Z,SETTLED_COMPLETE_DATE,NOT_COMPUTABLE,PASS,PUBLIC_SOURCE_BACKED,Direct CMC historical global-metrics BTC dominance; not TradingView top-125 convention.
2023-08-20,48.0801,CMC_GLOBAL_METRICS_BTC_DOMINANCE,CoinMarketCap,CMC_DIRECT_SOURCE_CONVENTION: Bitcoin market cap / total market cap of cryptoassets tracked by CoinMarketCap * 100,UTC,2023-08-20T00:00:00Z,2026-08-30T10:38:54Z,SETTLED_COMPLETE_DATE,NOT_COMPUTABLE,PASS,PUBLIC_SOURCE_BACKED,Direct CMC historical global-metrics BTC dominance; not TradingView top-125 convention.
2023-08-21,48.0018,CMC_GLOBAL_METRICS_BTC_DOMINANCE,CoinMarketCap,CMC_DIRECT_SOURCE_CONVENTION: Bitcoin market cap / total market cap of cryptoassets tracked by CoinMarketCap * 100,UTC,2023-08-21T00:00:00Z,2026-08-30T10:38:54Z,SETTLED_COMPLETE_DATE,NOT_COMPUTABLE,PASS,PUBLIC_SOURCE_BACKED,Direct CMC historical global-metrics BTC dominance; not TradingView top-125 convention.
2023-08-22,48.2552,CMC_GLOBAL_METRICS_BTC_DOMINANCE,CoinMarketCap,CMC_DIRECT_SOURCE_CONVENTION: Bitcoin market cap / total market cap of cryptoassets tracked by CoinMarketCap * 100,UTC,2023-08-22T00:00:00Z,2026-08-30T10:38:54Z,SETTLED_COMPLETE_DATE,NOT_COMPUTABLE,PASS,PUBLIC_SOURCE_BACKED,Direct CMC historical global-metrics BTC dominance; not TradingView top-125 convention.
2023-08-23,48.4504,CMC_GLOBAL_METRICS_BTC_DOMINANCE,CoinMarketCap,CMC_DIRECT_SOURCE_CONVENTION: Bitcoin market cap / total market cap of cryptoassets tracked by CoinMarketCap * 100,UTC,2023-08-23T00:00:00Z,2026-08-30T10:38:54Z,SETTLED_COMPLETE_DATE,NOT_COMPUTABLE,PASS,PUBLIC_SOURCE_BACKED,Direct CMC historical global-metrics BTC dominance; not TradingView top-125 convention.
2023-08-24,48.317,CMC_GLOBAL_METRICS_BTC_DOMINANCE,CoinMarketCap,CMC_DIRECT_SOURCE_CONVENTION: Bitcoin market cap / total market cap of cryptoassets tracked by CoinMarketCap * 100,UTC,2023-08-24T00:00:00Z,2026-08-30T10:38:54Z,SETTLED_COMPLETE_DATE,NOT_COMPUTABLE,PASS,PUBLIC_SOURCE_BACKED,Direct CMC historical global-metrics BTC dominance; not TradingView top-125 convention.
2023-08-25,48.3078,CMC_GLOBAL_METRICS_BTC_DOMINANCE,CoinMarketCap,CMC_DIRECT_SOURCE_CONVENTION: Bitcoin market cap / total market cap of cryptoassets tracked by CoinMarketCap * 100,UTC,2023-08-25T00:00:00Z,2026-08-30T10:38:54Z,SETTLED_COMPLETE_DATE,NOT_COMPUTABLE,PASS,PUBLIC_SOURCE_BACKED,Direct CMC historical global-metrics BTC dominance; not TradingView top-125 convention.
2023-08-26,48.2675,CMC_GLOBAL_METRICS_BTC_DOMINANCE,CoinMarketCap,CMC_DIRECT_SOURCE_CONVENTION: Bitcoin market cap / total market cap of cryptoassets tracked by CoinMarketCap * 100,UTC,2023-08-26T00:00:00Z,2026-08-30T10:38:54Z,SETTLED_COMPLETE_DATE,NOT_COMPUTABLE,PASS,PUBLIC_SOURCE_BACKED,Direct CMC historical global-metrics BTC dominance; not TradingView top-125 convention.
2023-08-27,48.286,CMC_GLOBAL_METRICS_BTC_DOMINANCE,CoinMarketCap,CMC_DIRECT_SOURCE_CONVENTION: Bitcoin market cap / total market cap of cryptoassets tracked by CoinMarketCap * 100,UTC,2023-08-27T00:00:00Z,2026-08-30T10:38:54Z,SETTLED_COMPLETE_DATE,NOT_COMPUTABLE,PASS,PUBLIC_SOURCE_BACKED,Direct CMC historical global-metrics BTC dominance; not TradingView top-125 convention.
2023-08-28,48.2337,CMC_GLOBAL_METRICS_BTC_DOMINANCE,CoinMarketCap,CMC_DIRECT_SOURCE_CONVENTION: Bitcoin market cap / total market cap of cryptoassets tracked by CoinMarketCap * 100,UTC,2023-08-28T00:00:00Z,2026-08-30T10:38:54Z,SETTLED_COMPLETE_DATE,NOT_COMPUTABLE,PASS,PUBLIC_SOURCE_BACKED,Direct CMC historical global-metrics BTC dominance; not TradingView top-125 convention.
2023-08-29,48.2721,CMC_GLOBAL_METRICS_BTC_DOMINANCE,CoinMarketCap,CMC_DIRECT_SOURCE_CONVENTION: Bitcoin market cap / total market cap of cryptoassets tracked by CoinMarketCap * 100,UTC,2023-08-29T00:00:00Z,2026-08-30T10:38:54Z,SETTLED_COMPLETE_DATE,NOT_COMPUTABLE,PASS,PUBLIC_SOURCE_BACKED,Direct CMC historical global-metrics BTC dominance; not TradingView top-125 convention.
2023-08-30,48.9507,CMC_GLOBAL_METRICS_BTC_DOMINANCE,CoinMarketCap,CMC_DIRECT_SOURCE_CONVENTION: Bitcoin market cap / total market cap of cryptoassets tracked by CoinMarketCap * 100,UTC,2023-08-30T00:00:00Z,2026-08-30T10:38:54Z,SETTLED_COMPLETE_DATE,NOT_COMPUTABLE,PASS,PUBLIC_SOURCE_BACKED,Direct CMC historical global-metrics BTC dominance; not TradingView top-125 convention.
2023-08-31,48.9094,CMC_GLOBAL_METRICS_BTC_DOMINANCE,CoinMarketCap,CMC_DIRECT_SOURCE_CONVENTION: Bitcoin market cap / total market cap of cryptoassets tracked by CoinMarketCap * 100,UTC,2023-08-31T00:00:00Z,2026-08-30T10:38:54Z,SETTLED_COMPLETE_DATE,NOT_COMPUTABLE,PASS,PUBLIC_SOURCE_BACKED,Direct CMC historical global-metrics BTC dominance; not TradingView top-125 convention.
2023-09-01,48.2708,CMC_GLOBAL_METRICS_BTC_DOMINANCE,CoinMarketCap,CMC_DIRECT_SOURCE_CONVENTION: Bitcoin market cap / total market cap of cryptoassets tracked by CoinMarketCap * 100,UTC,2023-09-01T00:00:00Z,2026-08-30T10:38:54Z,SETTLED_COMPLETE_DATE,NOT_COMPUTABLE,PASS,PUBLIC_SOURCE_BACKED,Direct CMC historical global-metrics BTC dominance; not TradingView top-125 convention.
2023-09-02,48.3273,CMC_GLOBAL_METRICS_BTC_DOMINANCE,CoinMarketCap,CMC_DIRECT_SOURCE_CONVENTION: Bitcoin market cap / total market cap of cryptoassets tracked by CoinMarketCap * 100,UTC,2023-09-02T00:00:00Z,2026-08-30T10:38:54Z,SETTLED_COMPLETE_DATE,NOT_COMPUTABLE,PASS,PUBLIC_SOURCE_BACKED,Direct CMC historical global-metrics BTC dominance; not TradingView top-125 convention.
2023-09-03,48.3222,CMC_GLOBAL_METRICS_BTC_DOMINANCE,CoinMarketCap,CMC_DIRECT_SOURCE_CONVENTION: Bitcoin market cap / total market cap of cryptoassets tracked by CoinMarketCap * 100,UTC,2023-09-03T00:00:00Z,2026-08-30T10:38:54Z,SETTLED_COMPLETE_DATE,NOT_COMPUTABLE,PASS,PUBLIC_SOURCE_BACKED,Direct CMC historical global-metrics BTC dominance; not TradingView top-125 convention.
2023-09-04,48.4188,CMC_GLOBAL_METRICS_BTC_DOMINANCE,CoinMarketCap,CMC_DIRECT_SOURCE_CONVENTION: Bitcoin market cap / total market cap of cryptoassets tracked by CoinMarketCap * 100,UTC,2023-09-04T00:00:00Z,2026-08-30T10:38:54Z,SETTLED_COMPLETE_DATE,NOT_COMPUTABLE,PASS,PUBLIC_SOURCE_BACKED,Direct CMC historical global-metrics BTC dominance; not TradingView top-125 convention.
2023-09-05,48.2974,CMC_GLOBAL_METRICS_BTC_DOMINANCE,CoinMarketCap,CMC_DIRECT_SOURCE_CONVENTION: Bitcoin market cap / total market cap of cryptoassets tracked by CoinMarketCap * 100,UTC,2023-09-05T00:00:00Z,2026-08-30T10:38:54Z,SETTLED_COMPLETE_DATE,NOT_COMPUTABLE,PASS,PUBLIC_SOURCE_BACKED,Direct CMC historical global-metrics BTC dominance; not TradingView top-125 convention.
2023-09-06,48.231,CMC_GLOBAL_METRICS_BTC_DOMINANCE,CoinMarketCap,CMC_DIRECT_SOURCE_CONVENTION: Bitcoin market cap / total market cap of cryptoassets tracked by CoinMarketCap * 100,UTC,2023-09-06T00:00:00Z,2026-08-30T10:38:54Z,SETTLED_COMPLETE_DATE,NOT_COMPUTABLE,PASS,PUBLIC_SOURCE_BACKED,Direct CMC historical global-metrics BTC dominance; not TradingView top-125 convention.
2023-09-07,48.1895,CMC_GLOBAL_METRICS_BTC_DOMINANCE,CoinMarketCap,CMC_DIRECT_SOURCE_CONVENTION: Bitcoin market cap / total market cap of cryptoassets tracked by CoinMarketCap * 100,UTC,2023-09-07T00:00:00Z,2026-08-30T10:38:54Z,SETTLED_COMPLETE_DATE,NOT_COMPUTABLE,PASS,PUBLIC_SOURCE_BACKED,Direct CMC historical global-metrics BTC dominance; not TradingView top-125 convention.
2023-09-08,48.5181,CMC_GLOBAL_METRICS_BTC_DOMINANCE,CoinMarketCap,CMC_DIRECT_SOURCE_CONVENTION: Bitcoin market cap / total market cap of cryptoassets tracked by CoinMarketCap * 100,UTC,2023-09-08T00:00:00Z,2026-08-30T10:38:54Z,SETTLED_COMPLETE_DATE,NOT_COMPUTABLE,PASS,PUBLIC_SOURCE_BACKED,Direct CMC historical global-metrics BTC dominance; not TradingView top-125 convention.
2023-09-09,48.3306,CMC_GLOBAL_METRICS_BTC_DOMINANCE,CoinMarketCap,CMC_DIRECT_SOURCE_CONVENTION: Bitcoin market cap / total market cap of cryptoassets tracked by CoinMarketCap * 100,UTC,2023-09-09T00:00:00Z,2026-08-30T10:38:54Z,SETTLED_COMPLETE_DATE,NOT_COMPUTABLE,PASS,PUBLIC_SOURCE_BACKED,Direct CMC historical global-metrics BTC dominance; not TradingView top-125 convention.
2023-09-10,48.3396,CMC_GLOBAL_METRICS_BTC_DOMINANCE,CoinMarketCap,CMC_DIRECT_SOURCE_CONVENTION: Bitcoin market cap / total market cap of cryptoassets tracked by CoinMarketCap * 100,UTC,2023-09-10T00:00:00Z,2026-08-30T10:38:54Z,SETTLED_COMPLETE_DATE,NOT_COMPUTABLE,PASS,PUBLIC_SOURCE_BACKED,Direct CMC historical global-metrics BTC dominance; not TradingView top-125 convention.
2023-09-11,48.5997,CMC_GLOBAL_METRICS_BTC_DOMINANCE,CoinMarketCap,CMC_DIRECT_SOURCE_CONVENTION: Bitcoin market cap / total market cap of cryptoassets tracked by CoinMarketCap * 100,UTC,2023-09-11T00:00:00Z,2026-08-30T10:38:54Z,SETTLED_COMPLETE_DATE,NOT_COMPUTABLE,PASS,PUBLIC_SOURCE_BACKED,Direct CMC historical global-metrics BTC dominance; not TradingView top-125 convention.
2023-09-12,48.6729,CMC_GLOBAL_METRICS_BTC_DOMINANCE,CoinMarketCap,CMC_DIRECT_SOURCE_CONVENTION: Bitcoin market cap / total market cap of cryptoassets tracked by CoinMarketCap * 100,UTC,2023-09-12T00:00:00Z,2026-08-30T10:38:54Z,SETTLED_COMPLETE_DATE,NOT_COMPUTABLE,PASS,PUBLIC_SOURCE_BACKED,Direct CMC historical global-metrics BTC dominance; not TradingView top-125 convention.
2023-09-13,48.9142,CMC_GLOBAL_METRICS_BTC_DOMINANCE,CoinMarketCap,CMC_DIRECT_SOURCE_CONVENTION: Bitcoin market cap / total market cap of cryptoassets tracked by CoinMarketCap * 100,UTC,2023-09-13T00:00:00Z,2026-08-30T10:38:54Z,SETTLED_COMPLETE_DATE,NOT_COMPUTABLE,PASS,PUBLIC_SOURCE_BACKED,Direct CMC historical global-metrics BTC dominance; not TradingView top-125 convention.
2023-09-14,49.0705,CMC_GLOBAL_METRICS_BTC_DOMINANCE,CoinMarketCap,CMC_DIRECT_SOURCE_CONVENTION: Bitcoin market cap / total market cap of cryptoassets tracked by CoinMarketCap * 100,UTC,2023-09-14T00:00:00Z,2026-08-30T10:38:54Z,SETTLED_COMPLETE_DATE,NOT_COMPUTABLE,PASS,PUBLIC_SOURCE_BACKED,Direct CMC historical global-metrics BTC dominance; not TradingView top-125 convention.
2023-09-15,49.1329,CMC_GLOBAL_METRICS_BTC_DOMINANCE,CoinMarketCap,CMC_DIRECT_SOURCE_CONVENTION: Bitcoin market cap / total market cap of cryptoassets tracked by CoinMarketCap * 100,UTC,2023-09-15T00:00:00Z,2026-08-30T10:38:54Z,SETTLED_COMPLETE_DATE,NOT_COMPUTABLE,PASS,PUBLIC_SOURCE_BACKED,Direct CMC historical global-metrics BTC dominance; not TradingView top-125 convention.
2023-09-16,48.9193,CMC_GLOBAL_METRICS_BTC_DOMINANCE,CoinMarketCap,CMC_DIRECT_SOURCE_CONVENTION: Bitcoin market cap / total market cap of cryptoassets tracked by CoinMarketCap * 100,UTC,2023-09-16T00:00:00Z,2026-08-30T10:38:54Z,SETTLED_COMPLETE_DATE,NOT_COMPUTABLE,PASS,PUBLIC_SOURCE_BACKED,Direct CMC historical global-metrics BTC dominance; not TradingView top-125 convention.
2023-09-17,48.8503,CMC_GLOBAL_METRICS_BTC_DOMINANCE,CoinMarketCap,CMC_DIRECT_SOURCE_CONVENTION: Bitcoin market cap / total market cap of cryptoassets tracked by CoinMarketCap * 100,UTC,2023-09-17T00:00:00Z,2026-08-30T10:38:54Z,SETTLED_COMPLETE_DATE,NOT_COMPUTABLE,PASS,PUBLIC_SOURCE_BACKED,Direct CMC historical global-metrics BTC dominance; not TradingView top-125 convention.
2023-09-18,49.0559,CMC_GLOBAL_METRICS_BTC_DOMINANCE,CoinMarketCap,CMC_DIRECT_SOURCE_CONVENTION: Bitcoin market cap / total market cap of cryptoassets tracked by CoinMarketCap * 100,UTC,2023-09-18T00:00:00Z,2026-08-30T10:38:54Z,SETTLED_COMPLETE_DATE,NOT_COMPUTABLE,PASS,PUBLIC_SOURCE_BACKED,Direct CMC historical global-metrics BTC dominance; not TradingView top-125 convention.
2023-09-19,49.0436,CMC_GLOBAL_METRICS_BTC_DOMINANCE,CoinMarketCap,CMC_DIRECT_SOURCE_CONVENTION: Bitcoin market cap / total market cap of cryptoassets tracked by CoinMarketCap * 100,UTC,2023-09-19T00:00:00Z,2026-08-30T10:38:54Z,SETTLED_COMPLETE_DATE,NOT_COMPUTABLE,PASS,PUBLIC_SOURCE_BACKED,Direct CMC historical global-metrics BTC dominance; not TradingView top-125 convention.
2023-09-20,49.2221,CMC_GLOBAL_METRICS_BTC_DOMINANCE,CoinMarketCap,CMC_DIRECT_SOURCE_CONVENTION: Bitcoin market cap / total market cap of cryptoassets tracked by CoinMarketCap * 100,UTC,2023-09-20T00:00:00Z,2026-08-30T10:38:54Z,SETTLED_COMPLETE_DATE,NOT_COMPUTABLE,PASS,PUBLIC_SOURCE_BACKED,Direct CMC historical global-metrics BTC dominance; not TradingView top-125 convention.
2023-09-21,49.3078,CMC_GLOBAL_METRICS_BTC_DOMINANCE,CoinMarketCap,CMC_DIRECT_SOURCE_CONVENTION: Bitcoin market cap / total market cap of cryptoassets tracked by CoinMarketCap * 100,UTC,2023-09-21T00:00:00Z,2026-08-30T10:38:54Z,SETTLED_COMPLETE_DATE,NOT_COMPUTABLE,PASS,PUBLIC_SOURCE_BACKED,Direct CMC historical global-metrics BTC dominance; not TradingView top-125 convention.
2023-09-22,49.2154,CMC_GLOBAL_METRICS_BTC_DOMINANCE,CoinMarketCap,CMC_DIRECT_SOURCE_CONVENTION: Bitcoin market cap / total market cap of cryptoassets tracked by CoinMarketCap * 100,UTC,2023-09-22T00:00:00Z,2026-08-30T10:38:54Z,SETTLED_COMPLETE_DATE,NOT_COMPUTABLE,PASS,PUBLIC_SOURCE_BACKED,Direct CMC historical global-metrics BTC dominance; not TradingView top-125 convention.
2023-09-23,49.1232,CMC_GLOBAL_METRICS_BTC_DOMINANCE,CoinMarketCap,CMC_DIRECT_SOURCE_CONVENTION: Bitcoin market cap / total market cap of cryptoassets tracked by CoinMarketCap * 100,UTC,2023-09-23T00:00:00Z,2026-08-30T10:38:54Z,SETTLED_COMPLETE_DATE,NOT_COMPUTABLE,PASS,PUBLIC_SOURCE_BACKED,Direct CMC historical global-metrics BTC dominance; not TradingView top-125 convention.
2023-09-24,49.1253,CMC_GLOBAL_METRICS_BTC_DOMINANCE,CoinMarketCap,CMC_DIRECT_SOURCE_CONVENTION: Bitcoin market cap / total market cap of cryptoassets tracked by CoinMarketCap * 100,UTC,2023-09-24T00:00:00Z,2026-08-30T10:38:54Z,SETTLED_COMPLETE_DATE,NOT_COMPUTABLE,PASS,PUBLIC_SOURCE_BACKED,Direct CMC historical global-metrics BTC dominance; not TradingView top-125 convention.
2023-09-25,49.0422,CMC_GLOBAL_METRICS_BTC_DOMINANCE,CoinMarketCap,CMC_DIRECT_SOURCE_CONVENTION: Bitcoin market cap / total market cap of cryptoassets tracked by CoinMarketCap * 100,UTC,2023-09-25T00:00:00Z,2026-08-30T10:38:54Z,SETTLED_COMPLETE_DATE,NOT_COMPUTABLE,PASS,PUBLIC_SOURCE_BACKED,Direct CMC historical global-metrics BTC dominance; not TradingView top-125 convention.
2023-09-26,48.9578,CMC_GLOBAL_METRICS_BTC_DOMINANCE,CoinMarketCap,CMC_DIRECT_SOURCE_CONVENTION: Bitcoin market cap / total market cap of cryptoassets tracked by CoinMarketCap * 100,UTC,2023-09-26T00:00:00Z,2026-08-30T10:38:54Z,SETTLED_COMPLETE_DATE,NOT_COMPUTABLE,PASS,PUBLIC_SOURCE_BACKED,Direct CMC historical global-metrics BTC dominance; not TradingView top-125 convention.
2023-09-27,48.8935,CMC_GLOBAL_METRICS_BTC_DOMINANCE,CoinMarketCap,CMC_DIRECT_SOURCE_CONVENTION: Bitcoin market cap / total market cap of cryptoassets tracked by CoinMarketCap * 100,UTC,2023-09-27T00:00:00Z,2026-08-30T10:38:54Z,SETTLED_COMPLETE_DATE,NOT_COMPUTABLE,PASS,PUBLIC_SOURCE_BACKED,Direct CMC historical global-metrics BTC dominance; not TradingView top-125 convention.
2023-09-28,48.9863,CMC_GLOBAL_METRICS_BTC_DOMINANCE,CoinMarketCap,CMC_DIRECT_SOURCE_CONVENTION: Bitcoin market cap / total market cap of cryptoassets tracked by CoinMarketCap * 100,UTC,2023-09-28T00:00:00Z,2026-08-30T10:38:54Z,SETTLED_COMPLETE_DATE,NOT_COMPUTABLE,PASS,PUBLIC_SOURCE_BACKED,Direct CMC historical global-metrics BTC dominance; not TradingView top-125 convention.
2023-09-29,49.0688,CMC_GLOBAL_METRICS_BTC_DOMINANCE,CoinMarketCap,CMC_DIRECT_SOURCE_CONVENTION: Bitcoin market cap / total market cap of cryptoassets tracked by CoinMarketCap * 100,UTC,2023-09-29T00:00:00Z,2026-08-30T10:38:54Z,SETTLED_COMPLETE_DATE,NOT_COMPUTABLE,PASS,PUBLIC_SOURCE_BACKED,Direct CMC historical global-metrics BTC dominance; not TradingView top-125 convention.
2023-09-30,48.8385,CMC_GLOBAL_METRICS_BTC_DOMINANCE,CoinMarketCap,CMC_DIRECT_SOURCE_CONVENTION: Bitcoin market cap / total market cap of cryptoassets tracked by CoinMarketCap * 100,UTC,2023-09-30T00:00:00Z,2026-08-30T10:38:54Z,SETTLED_COMPLETE_DATE,NOT_COMPUTABLE,PASS,PUBLIC_SOURCE_BACKED,Direct CMC historical global-metrics BTC dominance; not TradingView top-125 convention.
2023-10-01,48.8356,CMC_GLOBAL_METRICS_BTC_DOMINANCE,CoinMarketCap,CMC_DIRECT_SOURCE_CONVENTION: Bitcoin market cap / total market cap of cryptoassets tracked by CoinMarketCap * 100,UTC,2023-10-01T00:00:00Z,2026-08-30T10:38:54Z,SETTLED_COMPLETE_DATE,NOT_COMPUTABLE,PASS,PUBLIC_SOURCE_BACKED,Direct CMC historical global-metrics BTC dominance; not TradingView top-125 convention.
2023-10-02,49.1235,CMC_GLOBAL_METRICS_BTC_DOMINANCE,CoinMarketCap,CMC_DIRECT_SOURCE_CONVENTION: Bitcoin market cap / total market cap of cryptoassets tracked by CoinMarketCap * 100,UTC,2023-10-02T00:00:00Z,2026-08-30T10:38:54Z,SETTLED_COMPLETE_DATE,NOT_COMPUTABLE,PASS,PUBLIC_SOURCE_BACKED,Direct CMC historical global-metrics BTC dominance; not TradingView top-125 convention.
2023-10-03,49.3464,CMC_GLOBAL_METRICS_BTC_DOMINANCE,CoinMarketCap,CMC_DIRECT_SOURCE_CONVENTION: Bitcoin market cap / total market cap of cryptoassets tracked by CoinMarketCap * 100,UTC,2023-10-03T00:00:00Z,2026-08-30T10:38:54Z,SETTLED_COMPLETE_DATE,NOT_COMPUTABLE,PASS,PUBLIC_SOURCE_BACKED,Direct CMC historical global-metrics BTC dominance; not TradingView top-125 convention.
2023-10-04,49.2992,CMC_GLOBAL_METRICS_BTC_DOMINANCE,CoinMarketCap,CMC_DIRECT_SOURCE_CONVENTION: Bitcoin market cap / total market cap of cryptoassets tracked by CoinMarketCap * 100,UTC,2023-10-04T00:00:00Z,2026-08-30T10:38:54Z,SETTLED_COMPLETE_DATE,NOT_COMPUTABLE,PASS,PUBLIC_SOURCE_BACKED,Direct CMC historical global-metrics BTC dominance; not TradingView top-125 convention.
2023-10-05,49.708,CMC_GLOBAL_METRICS_BTC_DOMINANCE,CoinMarketCap,CMC_DIRECT_SOURCE_CONVENTION: Bitcoin market cap / total market cap of cryptoassets tracked by CoinMarketCap * 100,UTC,2023-10-05T00:00:00Z,2026-08-30T10:38:54Z,SETTLED_COMPLETE_DATE,NOT_COMPUTABLE,PASS,PUBLIC_SOURCE_BACKED,Direct CMC historical global-metrics BTC dominance; not TradingView top-125 convention.
2023-10-06,49.6719,CMC_GLOBAL_METRICS_BTC_DOMINANCE,CoinMarketCap,CMC_DIRECT_SOURCE_CONVENTION: Bitcoin market cap / total market cap of cryptoassets tracked by CoinMarketCap * 100,UTC,2023-10-06T00:00:00Z,2026-08-30T10:38:54Z,SETTLED_COMPLETE_DATE,NOT_COMPUTABLE,PASS,PUBLIC_SOURCE_BACKED,Direct CMC historical global-metrics BTC dominance; not TradingView top-125 convention.
2023-10-07,49.7804,CMC_GLOBAL_METRICS_BTC_DOMINANCE,CoinMarketCap,CMC_DIRECT_SOURCE_CONVENTION: Bitcoin market cap / total market cap of cryptoassets tracked by CoinMarketCap * 100,UTC,2023-10-07T00:00:00Z,2026-08-30T10:38:54Z,SETTLED_COMPLETE_DATE,NOT_COMPUTABLE,PASS,PUBLIC_SOURCE_BACKED,Direct CMC historical global-metrics BTC dominance; not TradingView top-125 convention.
2023-10-08,49.9148,CMC_GLOBAL_METRICS_BTC_DOMINANCE,CoinMarketCap,CMC_DIRECT_SOURCE_CONVENTION: Bitcoin market cap / total market cap of cryptoassets tracked by CoinMarketCap * 100,UTC,2023-10-08T00:00:00Z,2026-08-30T10:38:54Z,SETTLED_COMPLETE_DATE,NOT_COMPUTABLE,PASS,PUBLIC_SOURCE_BACKED,Direct CMC historical global-metrics BTC dominance; not TradingView top-125 convention.
2023-10-09,49.9415,CMC_GLOBAL_METRICS_BTC_DOMINANCE,CoinMarketCap,CMC_DIRECT_SOURCE_CONVENTION: Bitcoin market cap / total market cap of cryptoassets tracked by CoinMarketCap * 100,UTC,2023-10-09T00:00:00Z,2026-08-30T10:38:54Z,SETTLED_COMPLETE_DATE,NOT_COMPUTABLE,PASS,PUBLIC_SOURCE_BACKED,Direct CMC historical global-metrics BTC dominance; not TradingView top-125 convention.
2023-10-10,50.2774,CMC_GLOBAL_METRICS_BTC_DOMINANCE,CoinMarketCap,CMC_DIRECT_SOURCE_CONVENTION: Bitcoin market cap / total market cap of cryptoassets tracked by CoinMarketCap * 100,UTC,2023-10-10T00:00:00Z,2026-08-30T10:38:54Z,SETTLED_COMPLETE_DATE,NOT_COMPUTABLE,PASS,PUBLIC_SOURCE_BACKED,Direct CMC historical global-metrics BTC dominance; not TradingView top-125 convention.
2023-10-11,50.191,CMC_GLOBAL_METRICS_BTC_DOMINANCE,CoinMarketCap,CMC_DIRECT_SOURCE_CONVENTION: Bitcoin market cap / total market cap of cryptoassets tracked by CoinMarketCap * 100,UTC,2023-10-11T00:00:00Z,2026-08-30T10:38:54Z,SETTLED_COMPLETE_DATE,NOT_COMPUTABLE,PASS,PUBLIC_SOURCE_BACKED,Direct CMC historical global-metrics BTC dominance; not TradingView top-125 convention.
2023-10-12,49.8275,CMC_GLOBAL_METRICS_BTC_DOMINANCE,CoinMarketCap,CMC_DIRECT_SOURCE_CONVENTION: Bitcoin market cap / total market cap of cryptoassets tracked by CoinMarketCap * 100,UTC,2023-10-12T00:00:00Z,2026-08-30T10:38:54Z,SETTLED_COMPLETE_DATE,NOT_COMPUTABLE,PASS,PUBLIC_SOURCE_BACKED,Direct CMC historical global-metrics BTC dominance; not TradingView top-125 convention.
2023-10-13,49.9867,CMC_GLOBAL_METRICS_BTC_DOMINANCE,CoinMarketCap,CMC_DIRECT_SOURCE_CONVENTION: Bitcoin market cap / total market cap of cryptoassets tracked by CoinMarketCap * 100,UTC,2023-10-13T00:00:00Z,2026-08-30T10:38:54Z,SETTLED_COMPLETE_DATE,NOT_COMPUTABLE,PASS,PUBLIC_SOURCE_BACKED,Direct CMC historical global-metrics BTC dominance; not TradingView top-125 convention.
2023-10-14,49.9193,CMC_GLOBAL_METRICS_BTC_DOMINANCE,CoinMarketCap,CMC_DIRECT_SOURCE_CONVENTION: Bitcoin market cap / total market cap of cryptoassets tracked by CoinMarketCap * 100,UTC,2023-10-14T00:00:00Z,2026-08-30T10:38:54Z,SETTLED_COMPLETE_DATE,NOT_COMPUTABLE,PASS,PUBLIC_SOURCE_BACKED,Direct CMC historical global-metrics BTC dominance; not TradingView top-125 convention.
2023-10-15,49.8339,CMC_GLOBAL_METRICS_BTC_DOMINANCE,CoinMarketCap,CMC_DIRECT_SOURCE_CONVENTION: Bitcoin market cap / total market cap of cryptoassets tracked by CoinMarketCap * 100,UTC,2023-10-15T00:00:00Z,2026-08-30T10:38:54Z,SETTLED_COMPLETE_DATE,NOT_COMPUTABLE,PASS,PUBLIC_SOURCE_BACKED,Direct CMC historical global-metrics BTC dominance; not TradingView top-125 convention.
2023-10-16,50.0314,CMC_GLOBAL_METRICS_BTC_DOMINANCE,CoinMarketCap,CMC_DIRECT_SOURCE_CONVENTION: Bitcoin market cap / total market cap of cryptoassets tracked by CoinMarketCap * 100,UTC,2023-10-16T00:00:00Z,2026-08-30T10:38:54Z,SETTLED_COMPLETE_DATE,NOT_COMPUTABLE,PASS,PUBLIC_SOURCE_BACKED,Direct CMC historical global-metrics BTC dominance; not TradingView top-125 convention.
2023-10-17,50.7984,CMC_GLOBAL_METRICS_BTC_DOMINANCE,CoinMarketCap,CMC_DIRECT_SOURCE_CONVENTION: Bitcoin market cap / total market cap of cryptoassets tracked by CoinMarketCap * 100,UTC,2023-10-17T00:00:00Z,2026-08-30T10:38:54Z,SETTLED_COMPLETE_DATE,NOT_COMPUTABLE,PASS,PUBLIC_SOURCE_BACKED,Direct CMC historical global-metrics BTC dominance; not TradingView top-125 convention.
2023-10-18,51.044,CMC_GLOBAL_METRICS_BTC_DOMINANCE,CoinMarketCap,CMC_DIRECT_SOURCE_CONVENTION: Bitcoin market cap / total market cap of cryptoassets tracked by CoinMarketCap * 100,UTC,2023-10-18T00:00:00Z,2026-08-30T10:38:54Z,SETTLED_COMPLETE_DATE,NOT_COMPUTABLE,PASS,PUBLIC_SOURCE_BACKED,Direct CMC historical global-metrics BTC dominance; not TradingView top-125 convention.
2023-10-19,51.0912,CMC_GLOBAL_METRICS_BTC_DOMINANCE,CoinMarketCap,CMC_DIRECT_SOURCE_CONVENTION: Bitcoin market cap / total market cap of cryptoassets tracked by CoinMarketCap * 100,UTC,2023-10-19T00:00:00Z,2026-08-30T10:38:54Z,SETTLED_COMPLETE_DATE,NOT_COMPUTABLE,PASS,PUBLIC_SOURCE_BACKED,Direct CMC historical global-metrics BTC dominance; not TradingView top-125 convention.
2023-10-20,51.2516,CMC_GLOBAL_METRICS_BTC_DOMINANCE,CoinMarketCap,CMC_DIRECT_SOURCE_CONVENTION: Bitcoin market cap / total market cap of cryptoassets tracked by CoinMarketCap * 100,UTC,2023-10-20T00:00:00Z,2026-08-30T10:38:54Z,SETTLED_COMPLETE_DATE,NOT_COMPUTABLE,PASS,PUBLIC_SOURCE_BACKED,Direct CMC historical global-metrics BTC dominance; not TradingView top-125 convention.
2023-10-21,51.6474,CMC_GLOBAL_METRICS_BTC_DOMINANCE,CoinMarketCap,CMC_DIRECT_SOURCE_CONVENTION: Bitcoin market cap / total market cap of cryptoassets tracked by CoinMarketCap * 100,UTC,2023-10-21T00:00:00Z,2026-08-30T10:38:54Z,SETTLED_COMPLETE_DATE,NOT_COMPUTABLE,PASS,PUBLIC_SOURCE_BACKED,Direct CMC historical global-metrics BTC dominance; not TradingView top-125 convention.
2023-10-22,51.4203,CMC_GLOBAL_METRICS_BTC_DOMINANCE,CoinMarketCap,CMC_DIRECT_SOURCE_CONVENTION: Bitcoin market cap / total market cap of cryptoassets tracked by CoinMarketCap * 100,UTC,2023-10-22T00:00:00Z,2026-08-30T10:38:54Z,SETTLED_COMPLETE_DATE,NOT_COMPUTABLE,PASS,PUBLIC_SOURCE_BACKED,Direct CMC historical global-metrics BTC dominance; not TradingView top-125 convention.
2023-10-23,51.143,CMC_GLOBAL_METRICS_BTC_DOMINANCE,CoinMarketCap,CMC_DIRECT_SOURCE_CONVENTION: Bitcoin market cap / total market cap of cryptoassets tracked by CoinMarketCap * 100,UTC,2023-10-23T00:00:00Z,2026-08-30T10:38:54Z,SETTLED_COMPLETE_DATE,NOT_COMPUTABLE,PASS,PUBLIC_SOURCE_BACKED,Direct CMC historical global-metrics BTC dominance; not TradingView top-125 convention.
2023-10-24,52.5076,CMC_GLOBAL_METRICS_BTC_DOMINANCE,CoinMarketCap,CMC_DIRECT_SOURCE_CONVENTION: Bitcoin market cap / total market cap of cryptoassets tracked by CoinMarketCap * 100,UTC,2023-10-24T00:00:00Z,2026-08-30T10:38:54Z,SETTLED_COMPLETE_DATE,NOT_COMPUTABLE,PASS,PUBLIC_SOURCE_BACKED,Direct CMC historical global-metrics BTC dominance; not TradingView top-125 convention.
2023-10-25,53.0373,CMC_GLOBAL_METRICS_BTC_DOMINANCE,CoinMarketCap,CMC_DIRECT_SOURCE_CONVENTION: Bitcoin market cap / total market cap of cryptoassets tracked by CoinMarketCap * 100,UTC,2023-10-25T00:00:00Z,2026-08-30T10:38:54Z,SETTLED_COMPLETE_DATE,NOT_COMPUTABLE,PASS,PUBLIC_SOURCE_BACKED,Direct CMC historical global-metrics BTC dominance; not TradingView top-125 convention.
2023-10-26,53.3053,CMC_GLOBAL_METRICS_BTC_DOMINANCE,CoinMarketCap,CMC_DIRECT_SOURCE_CONVENTION: Bitcoin market cap / total market cap of cryptoassets tracked by CoinMarketCap * 100,UTC,2023-10-26T00:00:00Z,2026-08-30T10:38:54Z,SETTLED_COMPLETE_DATE,NOT_COMPUTABLE,PASS,PUBLIC_SOURCE_BACKED,Direct CMC historical global-metrics BTC dominance; not TradingView top-125 convention.
2023-10-27,52.9391,CMC_GLOBAL_METRICS_BTC_DOMINANCE,CoinMarketCap,CMC_DIRECT_SOURCE_CONVENTION: Bitcoin market cap / total market cap of cryptoassets tracked by CoinMarketCap * 100,UTC,2023-10-27T00:00:00Z,2026-08-30T10:38:54Z,SETTLED_COMPLETE_DATE,NOT_COMPUTABLE,PASS,PUBLIC_SOURCE_BACKED,Direct CMC historical global-metrics BTC dominance; not TradingView top-125 convention.
2023-10-28,52.9916,CMC_GLOBAL_METRICS_BTC_DOMINANCE,CoinMarketCap,CMC_DIRECT_SOURCE_CONVENTION: Bitcoin market cap / total market cap of cryptoassets tracked by CoinMarketCap * 100,UTC,2023-10-28T00:00:00Z,2026-08-30T10:38:54Z,SETTLED_COMPLETE_DATE,NOT_COMPUTABLE,PASS,PUBLIC_SOURCE_BACKED,Direct CMC historical global-metrics BTC dominance; not TradingView top-125 convention.
2023-10-29,53.0076,CMC_GLOBAL_METRICS_BTC_DOMINANCE,CoinMarketCap,CMC_DIRECT_SOURCE_CONVENTION: Bitcoin market cap / total market cap of cryptoassets tracked by CoinMarketCap * 100,UTC,2023-10-29T00:00:00Z,2026-08-30T10:38:54Z,SETTLED_COMPLETE_DATE,NOT_COMPUTABLE,PASS,PUBLIC_SOURCE_BACKED,Direct CMC historical global-metrics BTC dominance; not TradingView top-125 convention.
2023-10-30,53.0568,CMC_GLOBAL_METRICS_BTC_DOMINANCE,CoinMarketCap,CMC_DIRECT_SOURCE_CONVENTION: Bitcoin market cap / total market cap of cryptoassets tracked by CoinMarketCap * 100,UTC,2023-10-30T00:00:00Z,2026-08-30T10:38:54Z,SETTLED_COMPLETE_DATE,NOT_COMPUTABLE,PASS,PUBLIC_SOURCE_BACKED,Direct CMC historical global-metrics BTC dominance; not TradingView top-125 convention.
2023-10-31,52.7601,CMC_GLOBAL_METRICS_BTC_DOMINANCE,CoinMarketCap,CMC_DIRECT_SOURCE_CONVENTION: Bitcoin market cap / total market cap of cryptoassets tracked by CoinMarketCap * 100,UTC,2023-10-31T00:00:00Z,2026-08-30T10:38:54Z,SETTLED_COMPLETE_DATE,NOT_COMPUTABLE,PASS,PUBLIC_SOURCE_BACKED,Direct CMC historical global-metrics BTC dominance; not TradingView top-125 convention.
2023-11-01,52.8041,CMC_GLOBAL_METRICS_BTC_DOMINANCE,CoinMarketCap,CMC_DIRECT_SOURCE_CONVENTION: Bitcoin market cap / total market cap of cryptoassets tracked by CoinMarketCap * 100,UTC,2023-11-01T00:00:00Z,2026-08-30T10:38:54Z,SETTLED_COMPLETE_DATE,NOT_COMPUTABLE,PASS,PUBLIC_SOURCE_BACKED,Direct CMC historical global-metrics BTC dominance; not TradingView top-125 convention.
2023-11-02,52.8894,CMC_GLOBAL_METRICS_BTC_DOMINANCE,CoinMarketCap,CMC_DIRECT_SOURCE_CONVENTION: Bitcoin market cap / total market cap of cryptoassets tracked by CoinMarketCap * 100,UTC,2023-11-02T00:00:00Z,2026-08-30T10:38:54Z,SETTLED_COMPLETE_DATE,NOT_COMPUTABLE,PASS,PUBLIC_SOURCE_BACKED,Direct CMC historical global-metrics BTC dominance; not TradingView top-125 convention.
2023-11-03,52.8441,CMC_GLOBAL_METRICS_BTC_DOMINANCE,CoinMarketCap,CMC_DIRECT_SOURCE_CONVENTION: Bitcoin market cap / total market cap of cryptoassets tracked by CoinMarketCap * 100,UTC,2023-11-03T00:00:00Z,2026-08-30T10:38:54Z,SETTLED_COMPLETE_DATE,NOT_COMPUTABLE,PASS,PUBLIC_SOURCE_BACKED,Direct CMC historical global-metrics BTC dominance; not TradingView top-125 convention.
2023-11-04,52.4597,CMC_GLOBAL_METRICS_BTC_DOMINANCE,CoinMarketCap,CMC_DIRECT_SOURCE_CONVENTION: Bitcoin market cap / total market cap of cryptoassets tracked by CoinMarketCap * 100,UTC,2023-11-04T00:00:00Z,2026-08-30T10:38:54Z,SETTLED_COMPLETE_DATE,NOT_COMPUTABLE,PASS,PUBLIC_SOURCE_BACKED,Direct CMC historical global-metrics BTC dominance; not TradingView top-125 convention.
2023-11-05,52.356,CMC_GLOBAL_METRICS_BTC_DOMINANCE,CoinMarketCap,CMC_DIRECT_SOURCE_CONVENTION: Bitcoin market cap / total market cap of cryptoassets tracked by CoinMarketCap * 100,UTC,2023-11-05T00:00:00Z,2026-08-30T10:38:54Z,SETTLED_COMPLETE_DATE,NOT_COMPUTABLE,PASS,PUBLIC_SOURCE_BACKED,Direct CMC historical global-metrics BTC dominance; not TradingView top-125 convention.
2023-11-06,51.8582,CMC_GLOBAL_METRICS_BTC_DOMINANCE,CoinMarketCap,CMC_DIRECT_SOURCE_CONVENTION: Bitcoin market cap / total market cap of cryptoassets tracked by CoinMarketCap * 100,UTC,2023-11-06T00:00:00Z,2026-08-30T10:38:54Z,SETTLED_COMPLETE_DATE,NOT_COMPUTABLE,PASS,PUBLIC_SOURCE_BACKED,Direct CMC historical global-metrics BTC dominance; not TradingView top-125 convention.
2023-11-07,51.3431,CMC_GLOBAL_METRICS_BTC_DOMINANCE,CoinMarketCap,CMC_DIRECT_SOURCE_CONVENTION: Bitcoin market cap / total market cap of cryptoassets tracked by CoinMarketCap * 100,UTC,2023-11-07T00:00:00Z,2026-08-30T10:38:54Z,SETTLED_COMPLETE_DATE,NOT_COMPUTABLE,PASS,PUBLIC_SOURCE_BACKED,Direct CMC historical global-metrics BTC dominance; not TradingView top-125 convention.
2023-11-08,51.8445,CMC_GLOBAL_METRICS_BTC_DOMINANCE,CoinMarketCap,CMC_DIRECT_SOURCE_CONVENTION: Bitcoin market cap / total market cap of cryptoassets tracked by CoinMarketCap * 100,UTC,2023-11-08T00:00:00Z,2026-08-30T10:38:54Z,SETTLED_COMPLETE_DATE,NOT_COMPUTABLE,PASS,PUBLIC_SOURCE_BACKED,Direct CMC historical global-metrics BTC dominance; not TradingView top-125 convention.
2023-11-09,51.7341,CMC_GLOBAL_METRICS_BTC_DOMINANCE,CoinMarketCap,CMC_DIRECT_SOURCE_CONVENTION: Bitcoin market cap / total market cap of cryptoassets tracked by CoinMarketCap * 100,UTC,2023-11-09T00:00:00Z,2026-08-30T10:38:54Z,SETTLED_COMPLETE_DATE,NOT_COMPUTABLE,PASS,PUBLIC_SOURCE_BACKED,Direct CMC historical global-metrics BTC dominance; not TradingView top-125 convention.
2023-11-10,51.2729,CMC_GLOBAL_METRICS_BTC_DOMINANCE,CoinMarketCap,CMC_DIRECT_SOURCE_CONVENTION: Bitcoin market cap / total market cap of cryptoassets tracked by CoinMarketCap * 100,UTC,2023-11-10T00:00:00Z,2026-08-30T10:38:54Z,SETTLED_COMPLETE_DATE,NOT_COMPUTABLE,PASS,PUBLIC_SOURCE_BACKED,Direct CMC historical global-metrics BTC dominance; not TradingView top-125 convention.
2023-11-11,51.382,CMC_GLOBAL_METRICS_BTC_DOMINANCE,CoinMarketCap,CMC_DIRECT_SOURCE_CONVENTION: Bitcoin market cap / total market cap of cryptoassets tracked by CoinMarketCap * 100,UTC,2023-11-11T00:00:00Z,2026-08-30T10:38:54Z,SETTLED_COMPLETE_DATE,NOT_COMPUTABLE,PASS,PUBLIC_SOURCE_BACKED,Direct CMC historical global-metrics BTC dominance; not TradingView top-125 convention.
2023-11-12,51.286,CMC_GLOBAL_METRICS_BTC_DOMINANCE,CoinMarketCap,CMC_DIRECT_SOURCE_CONVENTION: Bitcoin market cap / total market cap of cryptoassets tracked by CoinMarketCap * 100,UTC,2023-11-12T00:00:00Z,2026-08-30T10:38:54Z,SETTLED_COMPLETE_DATE,NOT_COMPUTABLE,PASS,PUBLIC_SOURCE_BACKED,Direct CMC historical global-metrics BTC dominance; not TradingView top-125 convention.
2023-11-13,51.1702,CMC_GLOBAL_METRICS_BTC_DOMINANCE,CoinMarketCap,CMC_DIRECT_SOURCE_CONVENTION: Bitcoin market cap / total market cap of cryptoassets tracked by CoinMarketCap * 100,UTC,2023-11-13T00:00:00Z,2026-08-30T10:38:54Z,SETTLED_COMPLETE_DATE,NOT_COMPUTABLE,PASS,PUBLIC_SOURCE_BACKED,Direct CMC historical global-metrics BTC dominance; not TradingView top-125 convention.
2023-11-14,51.153,CMC_GLOBAL_METRICS_BTC_DOMINANCE,CoinMarketCap,CMC_DIRECT_SOURCE_CONVENTION: Bitcoin market cap / total market cap of cryptoassets tracked by CoinMarketCap * 100,UTC,2023-11-14T00:00:00Z,2026-08-30T10:38:54Z,SETTLED_COMPLETE_DATE,NOT_COMPUTABLE,PASS,PUBLIC_SOURCE_BACKED,Direct CMC historical global-metrics BTC dominance; not TradingView top-125 convention.
2023-11-15,50.9045,CMC_GLOBAL_METRICS_BTC_DOMINANCE,CoinMarketCap,CMC_DIRECT_SOURCE_CONVENTION: Bitcoin market cap / total market cap of cryptoassets tracked by CoinMarketCap * 100,UTC,2023-11-15T00:00:00Z,2026-08-30T10:38:54Z,SETTLED_COMPLETE_DATE,NOT_COMPUTABLE,PASS,PUBLIC_SOURCE_BACKED,Direct CMC historical global-metrics BTC dominance; not TradingView top-125 convention.
2023-11-16,51.4041,CMC_GLOBAL_METRICS_BTC_DOMINANCE,CoinMarketCap,CMC_DIRECT_SOURCE_CONVENTION: Bitcoin market cap / total market cap of cryptoassets tracked by CoinMarketCap * 100,UTC,2023-11-16T00:00:00Z,2026-08-30T10:38:54Z,SETTLED_COMPLETE_DATE,NOT_COMPUTABLE,PASS,PUBLIC_SOURCE_BACKED,Direct CMC historical global-metrics BTC dominance; not TradingView top-125 convention.
2023-11-17,51.1618,CMC_GLOBAL_METRICS_BTC_DOMINANCE,CoinMarketCap,CMC_DIRECT_SOURCE_CONVENTION: Bitcoin market cap / total market cap of cryptoassets tracked by CoinMarketCap * 100,UTC,2023-11-17T00:00:00Z,2026-08-30T10:38:54Z,SETTLED_COMPLETE_DATE,NOT_COMPUTABLE,PASS,PUBLIC_SOURCE_BACKED,Direct CMC historical global-metrics BTC dominance; not TradingView top-125 convention.
2023-11-18,51.4016,CMC_GLOBAL_METRICS_BTC_DOMINANCE,CoinMarketCap,CMC_DIRECT_SOURCE_CONVENTION: Bitcoin market cap / total market cap of cryptoassets tracked by CoinMarketCap * 100,UTC,2023-11-18T00:00:00Z,2026-08-30T10:38:54Z,SETTLED_COMPLETE_DATE,NOT_COMPUTABLE,PASS,PUBLIC_SOURCE_BACKED,Direct CMC historical global-metrics BTC dominance; not TradingView top-125 convention.
2023-11-19,51.4196,CMC_GLOBAL_METRICS_BTC_DOMINANCE,CoinMarketCap,CMC_DIRECT_SOURCE_CONVENTION: Bitcoin market cap / total market cap of cryptoassets tracked by CoinMarketCap * 100,UTC,2023-11-19T00:00:00Z,2026-08-30T10:38:54Z,SETTLED_COMPLETE_DATE,NOT_COMPUTABLE,PASS,PUBLIC_SOURCE_BACKED,Direct CMC historical global-metrics BTC dominance; not TradingView top-125 convention.
2023-11-20,51.4451,CMC_GLOBAL_METRICS_BTC_DOMINANCE,CoinMarketCap,CMC_DIRECT_SOURCE_CONVENTION: Bitcoin market cap / total market cap of cryptoassets tracked by CoinMarketCap * 100,UTC,2023-11-20T00:00:00Z,2026-08-30T10:38:54Z,SETTLED_COMPLETE_DATE,NOT_COMPUTABLE,PASS,PUBLIC_SOURCE_BACKED,Direct CMC historical global-metrics BTC dominance; not TradingView top-125 convention.
2023-11-21,51.6755,CMC_GLOBAL_METRICS_BTC_DOMINANCE,CoinMarketCap,CMC_DIRECT_SOURCE_CONVENTION: Bitcoin market cap / total market cap of cryptoassets tracked by CoinMarketCap * 100,UTC,2023-11-21T00:00:00Z,2026-08-30T10:38:54Z,SETTLED_COMPLETE_DATE,NOT_COMPUTABLE,PASS,PUBLIC_SOURCE_BACKED,Direct CMC historical global-metrics BTC dominance; not TradingView top-125 convention.
2023-11-22,51.7786,CMC_GLOBAL_METRICS_BTC_DOMINANCE,CoinMarketCap,CMC_DIRECT_SOURCE_CONVENTION: Bitcoin market cap / total market cap of cryptoassets tracked by CoinMarketCap * 100,UTC,2023-11-22T00:00:00Z,2026-08-30T10:38:54Z,SETTLED_COMPLETE_DATE,NOT_COMPUTABLE,PASS,PUBLIC_SOURCE_BACKED,Direct CMC historical global-metrics BTC dominance; not TradingView top-125 convention.
2023-11-23,51.5806,CMC_GLOBAL_METRICS_BTC_DOMINANCE,CoinMarketCap,CMC_DIRECT_SOURCE_CONVENTION: Bitcoin market cap / total market cap of cryptoassets tracked by CoinMarketCap * 100,UTC,2023-11-23T00:00:00Z,2026-08-30T10:38:54Z,SETTLED_COMPLETE_DATE,NOT_COMPUTABLE,PASS,PUBLIC_SOURCE_BACKED,Direct CMC historical global-metrics BTC dominance; not TradingView top-125 convention.
2023-11-24,51.4812,CMC_GLOBAL_METRICS_BTC_DOMINANCE,CoinMarketCap,CMC_DIRECT_SOURCE_CONVENTION: Bitcoin market cap / total market cap of cryptoassets tracked by CoinMarketCap * 100,UTC,2023-11-24T00:00:00Z,2026-08-30T10:38:54Z,SETTLED_COMPLETE_DATE,NOT_COMPUTABLE,PASS,PUBLIC_SOURCE_BACKED,Direct CMC historical global-metrics BTC dominance; not TradingView top-125 convention.
2023-11-25,51.5287,CMC_GLOBAL_METRICS_BTC_DOMINANCE,CoinMarketCap,CMC_DIRECT_SOURCE_CONVENTION: Bitcoin market cap / total market cap of cryptoassets tracked by CoinMarketCap * 100,UTC,2023-11-25T00:00:00Z,2026-08-30T10:38:54Z,SETTLED_COMPLETE_DATE,NOT_COMPUTABLE,PASS,PUBLIC_SOURCE_BACKED,Direct CMC historical global-metrics BTC dominance; not TradingView top-125 convention.
2023-11-26,51.3514,CMC_GLOBAL_METRICS_BTC_DOMINANCE,CoinMarketCap,CMC_DIRECT_SOURCE_CONVENTION: Bitcoin market cap / total market cap of cryptoassets tracked by CoinMarketCap * 100,UTC,2023-11-26T00:00:00Z,2026-08-30T10:38:54Z,SETTLED_COMPLETE_DATE,NOT_COMPUTABLE,PASS,PUBLIC_SOURCE_BACKED,Direct CMC historical global-metrics BTC dominance; not TradingView top-125 convention.
2023-11-27,51.3557,CMC_GLOBAL_METRICS_BTC_DOMINANCE,CoinMarketCap,CMC_DIRECT_SOURCE_CONVENTION: Bitcoin market cap / total market cap of cryptoassets tracked by CoinMarketCap * 100,UTC,2023-11-27T00:00:00Z,2026-08-30T10:38:54Z,SETTLED_COMPLETE_DATE,NOT_COMPUTABLE,PASS,PUBLIC_SOURCE_BACKED,Direct CMC historical global-metrics BTC dominance; not TradingView top-125 convention.
2023-11-28,51.6473,CMC_GLOBAL_METRICS_BTC_DOMINANCE,CoinMarketCap,CMC_DIRECT_SOURCE_CONVENTION: Bitcoin market cap / total market cap of cryptoassets tracked by CoinMarketCap * 100,UTC,2023-11-28T00:00:00Z,2026-08-30T10:38:54Z,SETTLED_COMPLETE_DATE,NOT_COMPUTABLE,PASS,PUBLIC_SOURCE_BACKED,Direct CMC historical global-metrics BTC dominance; not TradingView top-125 convention.
2023-11-29,51.9648,CMC_GLOBAL_METRICS_BTC_DOMINANCE,CoinMarketCap,CMC_DIRECT_SOURCE_CONVENTION: Bitcoin market cap / total market cap of cryptoassets tracked by CoinMarketCap * 100,UTC,2023-11-29T00:00:00Z,2026-08-30T10:38:54Z,SETTLED_COMPLETE_DATE,NOT_COMPUTABLE,PASS,PUBLIC_SOURCE_BACKED,Direct CMC historical global-metrics BTC dominance; not TradingView top-125 convention.
2023-11-30,52.0983,CMC_GLOBAL_METRICS_BTC_DOMINANCE,CoinMarketCap,CMC_DIRECT_SOURCE_CONVENTION: Bitcoin market cap / total market cap of cryptoassets tracked by CoinMarketCap * 100,UTC,2023-11-30T00:00:00Z,2026-08-30T10:38:54Z,SETTLED_COMPLETE_DATE,NOT_COMPUTABLE,PASS,PUBLIC_SOURCE_BACKED,Direct CMC historical global-metrics BTC dominance; not TradingView top-125 convention.
2023-12-01,51.8418,CMC_GLOBAL_METRICS_BTC_DOMINANCE,CoinMarketCap,CMC_DIRECT_SOURCE_CONVENTION: Bitcoin market cap / total market cap of cryptoassets tracked by CoinMarketCap * 100,UTC,2023-12-01T00:00:00Z,2026-08-30T10:38:54Z,SETTLED_COMPLETE_DATE,NOT_COMPUTABLE,PASS,PUBLIC_SOURCE_BACKED,Direct CMC historical global-metrics BTC dominance; not TradingView top-125 convention.
2023-12-02,52.1291,CMC_GLOBAL_METRICS_BTC_DOMINANCE,CoinMarketCap,CMC_DIRECT_SOURCE_CONVENTION: Bitcoin market cap / total market cap of cryptoassets tracked by CoinMarketCap * 100,UTC,2023-12-02T00:00:00Z,2026-08-30T10:38:54Z,SETTLED_COMPLETE_DATE,NOT_COMPUTABLE,PASS,PUBLIC_SOURCE_BACKED,Direct CMC historical global-metrics BTC dominance; not TradingView top-125 convention.
2023-12-03,51.9898,CMC_GLOBAL_METRICS_BTC_DOMINANCE,CoinMarketCap,CMC_DIRECT_SOURCE_CONVENTION: Bitcoin market cap / total market cap of cryptoassets tracked by CoinMarketCap * 100,UTC,2023-12-03T00:00:00Z,2026-08-30T10:38:54Z,SETTLED_COMPLETE_DATE,NOT_COMPUTABLE,PASS,PUBLIC_SOURCE_BACKED,Direct CMC historical global-metrics BTC dominance; not TradingView top-125 convention.
2023-12-04,52.1913,CMC_GLOBAL_METRICS_BTC_DOMINANCE,CoinMarketCap,CMC_DIRECT_SOURCE_CONVENTION: Bitcoin market cap / total market cap of cryptoassets tracked by CoinMarketCap * 100,UTC,2023-12-04T00:00:00Z,2026-08-30T10:38:54Z,SETTLED_COMPLETE_DATE,NOT_COMPUTABLE,PASS,PUBLIC_SOURCE_BACKED,Direct CMC historical global-metrics BTC dominance; not TradingView top-125 convention.
2023-12-05,52.9809,CMC_GLOBAL_METRICS_BTC_DOMINANCE,CoinMarketCap,CMC_DIRECT_SOURCE_CONVENTION: Bitcoin market cap / total market cap of cryptoassets tracked by CoinMarketCap * 100,UTC,2023-12-05T00:00:00Z,2026-08-30T10:38:54Z,SETTLED_COMPLETE_DATE,NOT_COMPUTABLE,PASS,PUBLIC_SOURCE_BACKED,Direct CMC historical global-metrics BTC dominance; not TradingView top-125 convention.
2023-12-06,53.8383,CMC_GLOBAL_METRICS_BTC_DOMINANCE,CoinMarketCap,CMC_DIRECT_SOURCE_CONVENTION: Bitcoin market cap / total market cap of cryptoassets tracked by CoinMarketCap * 100,UTC,2023-12-06T00:00:00Z,2026-08-30T10:38:54Z,SETTLED_COMPLETE_DATE,NOT_COMPUTABLE,PASS,PUBLIC_SOURCE_BACKED,Direct CMC historical global-metrics BTC dominance; not TradingView top-125 convention.
2023-12-07,53.9191,CMC_GLOBAL_METRICS_BTC_DOMINANCE,CoinMarketCap,CMC_DIRECT_SOURCE_CONVENTION: Bitcoin market cap / total market cap of cryptoassets tracked by CoinMarketCap * 100,UTC,2023-12-07T00:00:00Z,2026-08-30T10:38:54Z,SETTLED_COMPLETE_DATE,NOT_COMPUTABLE,PASS,PUBLIC_SOURCE_BACKED,Direct CMC historical global-metrics BTC dominance; not TradingView top-125 convention.
2023-12-08,52.8398,CMC_GLOBAL_METRICS_BTC_DOMINANCE,CoinMarketCap,CMC_DIRECT_SOURCE_CONVENTION: Bitcoin market cap / total market cap of cryptoassets tracked by CoinMarketCap * 100,UTC,2023-12-08T00:00:00Z,2026-08-30T10:38:54Z,SETTLED_COMPLETE_DATE,NOT_COMPUTABLE,PASS,PUBLIC_SOURCE_BACKED,Direct CMC historical global-metrics BTC dominance; not TradingView top-125 convention.
2023-12-09,52.6925,CMC_GLOBAL_METRICS_BTC_DOMINANCE,CoinMarketCap,CMC_DIRECT_SOURCE_CONVENTION: Bitcoin market cap / total market cap of cryptoassets tracked by CoinMarketCap * 100,UTC,2023-12-09T00:00:00Z,2026-08-30T10:38:54Z,SETTLED_COMPLETE_DATE,NOT_COMPUTABLE,PASS,PUBLIC_SOURCE_BACKED,Direct CMC historical global-metrics BTC dominance; not TradingView top-125 convention.
2023-12-10,52.5407,CMC_GLOBAL_METRICS_BTC_DOMINANCE,CoinMarketCap,CMC_DIRECT_SOURCE_CONVENTION: Bitcoin market cap / total market cap of cryptoassets tracked by CoinMarketCap * 100,UTC,2023-12-10T00:00:00Z,2026-08-30T10:38:54Z,SETTLED_COMPLETE_DATE,NOT_COMPUTABLE,PASS,PUBLIC_SOURCE_BACKED,Direct CMC historical global-metrics BTC dominance; not TradingView top-125 convention.
2023-12-11,52.2445,CMC_GLOBAL_METRICS_BTC_DOMINANCE,CoinMarketCap,CMC_DIRECT_SOURCE_CONVENTION: Bitcoin market cap / total market cap of cryptoassets tracked by CoinMarketCap * 100,UTC,2023-12-11T00:00:00Z,2026-08-30T10:38:54Z,SETTLED_COMPLETE_DATE,NOT_COMPUTABLE,PASS,PUBLIC_SOURCE_BACKED,Direct CMC historical global-metrics BTC dominance; not TradingView top-125 convention.
2023-12-12,51.89,CMC_GLOBAL_METRICS_BTC_DOMINANCE,CoinMarketCap,CMC_DIRECT_SOURCE_CONVENTION: Bitcoin market cap / total market cap of cryptoassets tracked by CoinMarketCap * 100,UTC,2023-12-12T00:00:00Z,2026-08-30T10:38:54Z,SETTLED_COMPLETE_DATE,NOT_COMPUTABLE,PASS,PUBLIC_SOURCE_BACKED,Direct CMC historical global-metrics BTC dominance; not TradingView top-125 convention.
2023-12-13,51.8981,CMC_GLOBAL_METRICS_BTC_DOMINANCE,CoinMarketCap,CMC_DIRECT_SOURCE_CONVENTION: Bitcoin market cap / total market cap of cryptoassets tracked by CoinMarketCap * 100,UTC,2023-12-13T00:00:00Z,2026-08-30T10:38:54Z,SETTLED_COMPLETE_DATE,NOT_COMPUTABLE,PASS,PUBLIC_SOURCE_BACKED,Direct CMC historical global-metrics BTC dominance; not TradingView top-125 convention.
2023-12-14,52.1714,CMC_GLOBAL_METRICS_BTC_DOMINANCE,CoinMarketCap,CMC_DIRECT_SOURCE_CONVENTION: Bitcoin market cap / total market cap of cryptoassets tracked by CoinMarketCap * 100,UTC,2023-12-14T00:00:00Z,2026-08-30T10:38:54Z,SETTLED_COMPLETE_DATE,NOT_COMPUTABLE,PASS,PUBLIC_SOURCE_BACKED,Direct CMC historical global-metrics BTC dominance; not TradingView top-125 convention.
2023-12-15,51.8103,CMC_GLOBAL_METRICS_BTC_DOMINANCE,CoinMarketCap,CMC_DIRECT_SOURCE_CONVENTION: Bitcoin market cap / total market cap of cryptoassets tracked by CoinMarketCap * 100,UTC,2023-12-15T00:00:00Z,2026-08-30T10:38:54Z,SETTLED_COMPLETE_DATE,NOT_COMPUTABLE,PASS,PUBLIC_SOURCE_BACKED,Direct CMC historical global-metrics BTC dominance; not TradingView top-125 convention.
2023-12-16,51.8605,CMC_GLOBAL_METRICS_BTC_DOMINANCE,CoinMarketCap,CMC_DIRECT_SOURCE_CONVENTION: Bitcoin market cap / total market cap of cryptoassets tracked by CoinMarketCap * 100,UTC,2023-12-16T00:00:00Z,2026-08-30T10:38:54Z,SETTLED_COMPLETE_DATE,NOT_COMPUTABLE,PASS,PUBLIC_SOURCE_BACKED,Direct CMC historical global-metrics BTC dominance; not TradingView top-125 convention.
2023-12-17,51.6779,CMC_GLOBAL_METRICS_BTC_DOMINANCE,CoinMarketCap,CMC_DIRECT_SOURCE_CONVENTION: Bitcoin market cap / total market cap of cryptoassets tracked by CoinMarketCap * 100,UTC,2023-12-17T00:00:00Z,2026-08-30T10:38:54Z,SETTLED_COMPLETE_DATE,NOT_COMPUTABLE,PASS,PUBLIC_SOURCE_BACKED,Direct CMC historical global-metrics BTC dominance; not TradingView top-125 convention.
2023-12-18,51.6233,CMC_GLOBAL_METRICS_BTC_DOMINANCE,CoinMarketCap,CMC_DIRECT_SOURCE_CONVENTION: Bitcoin market cap / total market cap of cryptoassets tracked by CoinMarketCap * 100,UTC,2023-12-18T00:00:00Z,2026-08-30T10:38:54Z,SETTLED_COMPLETE_DATE,NOT_COMPUTABLE,PASS,PUBLIC_SOURCE_BACKED,Direct CMC historical global-metrics BTC dominance; not TradingView top-125 convention.
2023-12-19,52.1696,CMC_GLOBAL_METRICS_BTC_DOMINANCE,CoinMarketCap,CMC_DIRECT_SOURCE_CONVENTION: Bitcoin market cap / total market cap of cryptoassets tracked by CoinMarketCap * 100,UTC,2023-12-19T00:00:00Z,2026-08-30T10:38:54Z,SETTLED_COMPLETE_DATE,NOT_COMPUTABLE,PASS,PUBLIC_SOURCE_BACKED,Direct CMC historical global-metrics BTC dominance; not TradingView top-125 convention.
2023-12-20,52.2187,CMC_GLOBAL_METRICS_BTC_DOMINANCE,CoinMarketCap,CMC_DIRECT_SOURCE_CONVENTION: Bitcoin market cap / total market cap of cryptoassets tracked by CoinMarketCap * 100,UTC,2023-12-20T00:00:00Z,2026-08-30T10:38:54Z,SETTLED_COMPLETE_DATE,NOT_COMPUTABLE,PASS,PUBLIC_SOURCE_BACKED,Direct CMC historical global-metrics BTC dominance; not TradingView top-125 convention.
2023-12-21,52.5687,CMC_GLOBAL_METRICS_BTC_DOMINANCE,CoinMarketCap,CMC_DIRECT_SOURCE_CONVENTION: Bitcoin market cap / total market cap of cryptoassets tracked by CoinMarketCap * 100,UTC,2023-12-21T00:00:00Z,2026-08-30T10:38:54Z,SETTLED_COMPLETE_DATE,NOT_COMPUTABLE,PASS,PUBLIC_SOURCE_BACKED,Direct CMC historical global-metrics BTC dominance; not TradingView top-125 convention.
2023-12-22,51.831,CMC_GLOBAL_METRICS_BTC_DOMINANCE,CoinMarketCap,CMC_DIRECT_SOURCE_CONVENTION: Bitcoin market cap / total market cap of cryptoassets tracked by CoinMarketCap * 100,UTC,2023-12-22T00:00:00Z,2026-08-30T10:38:54Z,SETTLED_COMPLETE_DATE,NOT_COMPUTABLE,PASS,PUBLIC_SOURCE_BACKED,Direct CMC historical global-metrics BTC dominance; not TradingView top-125 convention.
2023-12-23,51.3933,CMC_GLOBAL_METRICS_BTC_DOMINANCE,CoinMarketCap,CMC_DIRECT_SOURCE_CONVENTION: Bitcoin market cap / total market cap of cryptoassets tracked by CoinMarketCap * 100,UTC,2023-12-23T00:00:00Z,2026-08-30T10:38:54Z,SETTLED_COMPLETE_DATE,NOT_COMPUTABLE,PASS,PUBLIC_SOURCE_BACKED,Direct CMC historical global-metrics BTC dominance; not TradingView top-125 convention.
2023-12-24,51.0832,CMC_GLOBAL_METRICS_BTC_DOMINANCE,CoinMarketCap,CMC_DIRECT_SOURCE_CONVENTION: Bitcoin market cap / total market cap of cryptoassets tracked by CoinMarketCap * 100,UTC,2023-12-24T00:00:00Z,2026-08-30T10:38:54Z,SETTLED_COMPLETE_DATE,NOT_COMPUTABLE,PASS,PUBLIC_SOURCE_BACKED,Direct CMC historical global-metrics BTC dominance; not TradingView top-125 convention.
2023-12-25,50.8396,CMC_GLOBAL_METRICS_BTC_DOMINANCE,CoinMarketCap,CMC_DIRECT_SOURCE_CONVENTION: Bitcoin market cap / total market cap of cryptoassets tracked by CoinMarketCap * 100,UTC,2023-12-25T00:00:00Z,2026-08-30T10:38:54Z,SETTLED_COMPLETE_DATE,NOT_COMPUTABLE,PASS,PUBLIC_SOURCE_BACKED,Direct CMC historical global-metrics BTC dominance; not TradingView top-125 convention.
2023-12-26,50.6382,CMC_GLOBAL_METRICS_BTC_DOMINANCE,CoinMarketCap,CMC_DIRECT_SOURCE_CONVENTION: Bitcoin market cap / total market cap of cryptoassets tracked by CoinMarketCap * 100,UTC,2023-12-26T00:00:00Z,2026-08-30T10:38:54Z,SETTLED_COMPLETE_DATE,NOT_COMPUTABLE,PASS,PUBLIC_SOURCE_BACKED,Direct CMC historical global-metrics BTC dominance; not TradingView top-125 convention.
2023-12-27,50.331,CMC_GLOBAL_METRICS_BTC_DOMINANCE,CoinMarketCap,CMC_DIRECT_SOURCE_CONVENTION: Bitcoin market cap / total market cap of cryptoassets tracked by CoinMarketCap * 100,UTC,2023-12-27T00:00:00Z,2026-08-30T10:38:54Z,SETTLED_COMPLETE_DATE,NOT_COMPUTABLE,PASS,PUBLIC_SOURCE_BACKED,Direct CMC historical global-metrics BTC dominance; not TradingView top-125 convention.
2023-12-28,50.0837,CMC_GLOBAL_METRICS_BTC_DOMINANCE,CoinMarketCap,CMC_DIRECT_SOURCE_CONVENTION: Bitcoin market cap / total market cap of cryptoassets tracked by CoinMarketCap * 100,UTC,2023-12-28T00:00:00Z,2026-08-30T10:38:54Z,SETTLED_COMPLETE_DATE,NOT_COMPUTABLE,PASS,PUBLIC_SOURCE_BACKED,Direct CMC historical global-metrics BTC dominance; not TradingView top-125 convention.
2023-12-29,49.9761,CMC_GLOBAL_METRICS_BTC_DOMINANCE,CoinMarketCap,CMC_DIRECT_SOURCE_CONVENTION: Bitcoin market cap / total market cap of cryptoassets tracked by CoinMarketCap * 100,UTC,2023-12-29T00:00:00Z,2026-08-30T10:38:54Z,SETTLED_COMPLETE_DATE,NOT_COMPUTABLE,PASS,PUBLIC_SOURCE_BACKED,Direct CMC historical global-metrics BTC dominance; not TradingView top-125 convention.
2023-12-30,49.9243,CMC_GLOBAL_METRICS_BTC_DOMINANCE,CoinMarketCap,CMC_DIRECT_SOURCE_CONVENTION: Bitcoin market cap / total market cap of cryptoassets tracked by CoinMarketCap * 100,UTC,2023-12-30T00:00:00Z,2026-08-30T10:38:54Z,SETTLED_COMPLETE_DATE,NOT_COMPUTABLE,PASS,PUBLIC_SOURCE_BACKED,Direct CMC historical global-metrics BTC dominance; not TradingView top-125 convention.
2023-12-31,50.0225,CMC_GLOBAL_METRICS_BTC_DOMINANCE,CoinMarketCap,CMC_DIRECT_SOURCE_CONVENTION: Bitcoin market cap / total market cap of cryptoassets tracked by CoinMarketCap * 100,UTC,2023-12-31T00:00:00Z,2026-08-30T10:38:54Z,SETTLED_COMPLETE_DATE,NOT_COMPUTABLE,PASS,PUBLIC_SOURCE_BACKED,Direct CMC historical global-metrics BTC dominance; not TradingView top-125 convention.
2024-01-01,50.2434,CMC_GLOBAL_METRICS_BTC_DOMINANCE,CoinMarketCap,CMC_DIRECT_SOURCE_CONVENTION: Bitcoin market cap / total market cap of cryptoassets tracked by CoinMarketCap * 100,UTC,2024-01-01T00:00:00Z,2026-08-30T10:38:54Z,SETTLED_COMPLETE_DATE,NOT_COMPUTABLE,PASS,PUBLIC_SOURCE_BACKED,Direct CMC historical global-metrics BTC dominance; not TradingView top-125 convention.
2024-01-02,50.5456,CMC_GLOBAL_METRICS_BTC_DOMINANCE,CoinMarketCap,CMC_DIRECT_SOURCE_CONVENTION: Bitcoin market cap / total market cap of cryptoassets tracked by CoinMarketCap * 100,UTC,2024-01-02T00:00:00Z,2026-08-30T10:38:54Z,SETTLED_COMPLETE_DATE,NOT_COMPUTABLE,PASS,PUBLIC_SOURCE_BACKED,Direct CMC historical global-metrics BTC dominance; not TradingView top-125 convention.
2024-01-03,51.142,CMC_GLOBAL_METRICS_BTC_DOMINANCE,CoinMarketCap,CMC_DIRECT_SOURCE_CONVENTION: Bitcoin market cap / total market cap of cryptoassets tracked by CoinMarketCap * 100,UTC,2024-01-03T00:00:00Z,2026-08-30T10:38:54Z,SETTLED_COMPLETE_DATE,NOT_COMPUTABLE,PASS,PUBLIC_SOURCE_BACKED,Direct CMC historical global-metrics BTC dominance; not TradingView top-125 convention.
2024-01-04,51.2703,CMC_GLOBAL_METRICS_BTC_DOMINANCE,CoinMarketCap,CMC_DIRECT_SOURCE_CONVENTION: Bitcoin market cap / total market cap of cryptoassets tracked by CoinMarketCap * 100,UTC,2024-01-04T00:00:00Z,2026-08-30T10:38:54Z,SETTLED_COMPLETE_DATE,NOT_COMPUTABLE,PASS,PUBLIC_SOURCE_BACKED,Direct CMC historical global-metrics BTC dominance; not TradingView top-125 convention.
2024-01-05,51.4041,CMC_GLOBAL_METRICS_BTC_DOMINANCE,CoinMarketCap,CMC_DIRECT_SOURCE_CONVENTION: Bitcoin market cap / total market cap of cryptoassets tracked by CoinMarketCap * 100,UTC,2024-01-05T00:00:00Z,2026-08-30T10:38:54Z,SETTLED_COMPLETE_DATE,NOT_COMPUTABLE,PASS,PUBLIC_SOURCE_BACKED,Direct CMC historical global-metrics BTC dominance; not TradingView top-125 convention.
2024-01-06,51.7916,CMC_GLOBAL_METRICS_BTC_DOMINANCE,CoinMarketCap,CMC_DIRECT_SOURCE_CONVENTION: Bitcoin market cap / total market cap of cryptoassets tracked by CoinMarketCap * 100,UTC,2024-01-06T00:00:00Z,2026-08-30T10:38:54Z,SETTLED_COMPLETE_DATE,NOT_COMPUTABLE,PASS,PUBLIC_SOURCE_BACKED,Direct CMC historical global-metrics BTC dominance; not TradingView top-125 convention.
2024-01-07,52.1815,CMC_GLOBAL_METRICS_BTC_DOMINANCE,CoinMarketCap,CMC_DIRECT_SOURCE_CONVENTION: Bitcoin market cap / total market cap of cryptoassets tracked by CoinMarketCap * 100,UTC,2024-01-07T00:00:00Z,2026-08-30T10:38:54Z,SETTLED_COMPLETE_DATE,NOT_COMPUTABLE,PASS,PUBLIC_SOURCE_BACKED,Direct CMC historical global-metrics BTC dominance; not TradingView top-125 convention.
2024-01-08,52.6463,CMC_GLOBAL_METRICS_BTC_DOMINANCE,CoinMarketCap,CMC_DIRECT_SOURCE_CONVENTION: Bitcoin market cap / total market cap of cryptoassets tracked by CoinMarketCap * 100,UTC,2024-01-08T00:00:00Z,2026-08-30T10:38:54Z,SETTLED_COMPLETE_DATE,NOT_COMPUTABLE,PASS,PUBLIC_SOURCE_BACKED,Direct CMC historical global-metrics BTC dominance; not TradingView top-125 convention.
2024-01-09,53.2095,CMC_GLOBAL_METRICS_BTC_DOMINANCE,CoinMarketCap,CMC_DIRECT_SOURCE_CONVENTION: Bitcoin market cap / total market cap of cryptoassets tracked by CoinMarketCap * 100,UTC,2024-01-09T00:00:00Z,2026-08-30T10:38:54Z,SETTLED_COMPLETE_DATE,NOT_COMPUTABLE,PASS,PUBLIC_SOURCE_BACKED,Direct CMC historical global-metrics BTC dominance; not TradingView top-125 convention.
2024-01-10,52.9863,CMC_GLOBAL_METRICS_BTC_DOMINANCE,CoinMarketCap,CMC_DIRECT_SOURCE_CONVENTION: Bitcoin market cap / total market cap of cryptoassets tracked by CoinMarketCap * 100,UTC,2024-01-10T00:00:00Z,2026-08-30T10:38:54Z,SETTLED_COMPLETE_DATE,NOT_COMPUTABLE,PASS,PUBLIC_SOURCE_BACKED,Direct CMC historical global-metrics BTC dominance; not TradingView top-125 convention.
2024-01-11,51.664,CMC_GLOBAL_METRICS_BTC_DOMINANCE,CoinMarketCap,CMC_DIRECT_SOURCE_CONVENTION: Bitcoin market cap / total market cap of cryptoassets tracked by CoinMarketCap * 100,UTC,2024-01-11T00:00:00Z,2026-08-30T10:38:54Z,SETTLED_COMPLETE_DATE,NOT_COMPUTABLE,PASS,PUBLIC_SOURCE_BACKED,Direct CMC historical global-metrics BTC dominance; not TradingView top-125 convention.
2024-01-12,51.2,CMC_GLOBAL_METRICS_BTC_DOMINANCE,CoinMarketCap,CMC_DIRECT_SOURCE_CONVENTION: Bitcoin market cap / total market cap of cryptoassets tracked by CoinMarketCap * 100,UTC,2024-01-12T00:00:00Z,2026-08-30T10:38:54Z,SETTLED_COMPLETE_DATE,NOT_COMPUTABLE,PASS,PUBLIC_SOURCE_BACKED,Direct CMC historical global-metrics BTC dominance; not TradingView top-125 convention.
2024-01-13,50.1176,CMC_GLOBAL_METRICS_BTC_DOMINANCE,CoinMarketCap,CMC_DIRECT_SOURCE_CONVENTION: Bitcoin market cap / total market cap of cryptoassets tracked by CoinMarketCap * 100,UTC,2024-01-13T00:00:00Z,2026-08-30T10:38:54Z,SETTLED_COMPLETE_DATE,NOT_COMPUTABLE,PASS,PUBLIC_SOURCE_BACKED,Direct CMC historical global-metrics BTC dominance; not TradingView top-125 convention.
2024-01-14,49.691,CMC_GLOBAL_METRICS_BTC_DOMINANCE,CoinMarketCap,CMC_DIRECT_SOURCE_CONVENTION: Bitcoin market cap / total market cap of cryptoassets tracked by CoinMarketCap * 100,UTC,2024-01-14T00:00:00Z,2026-08-30T10:38:54Z,SETTLED_COMPLETE_DATE,NOT_COMPUTABLE,PASS,PUBLIC_SOURCE_BACKED,Direct CMC historical global-metrics BTC dominance; not TradingView top-125 convention.
2024-01-15,49.7217,CMC_GLOBAL_METRICS_BTC_DOMINANCE,CoinMarketCap,CMC_DIRECT_SOURCE_CONVENTION: Bitcoin market cap / total market cap of cryptoassets tracked by CoinMarketCap * 100,UTC,2024-01-15T00:00:00Z,2026-08-30T10:38:54Z,SETTLED_COMPLETE_DATE,NOT_COMPUTABLE,PASS,PUBLIC_SOURCE_BACKED,Direct CMC historical global-metrics BTC dominance; not TradingView top-125 convention.
2024-01-16,49.7643,CMC_GLOBAL_METRICS_BTC_DOMINANCE,CoinMarketCap,CMC_DIRECT_SOURCE_CONVENTION: Bitcoin market cap / total market cap of cryptoassets tracked by CoinMarketCap * 100,UTC,2024-01-16T00:00:00Z,2026-08-30T10:38:54Z,SETTLED_COMPLETE_DATE,NOT_COMPUTABLE,PASS,PUBLIC_SOURCE_BACKED,Direct CMC historical global-metrics BTC dominance; not TradingView top-125 convention.
2024-01-17,49.7445,CMC_GLOBAL_METRICS_BTC_DOMINANCE,CoinMarketCap,CMC_DIRECT_SOURCE_CONVENTION: Bitcoin market cap / total market cap of cryptoassets tracked by CoinMarketCap * 100,UTC,2024-01-17T00:00:00Z,2026-08-30T10:38:54Z,SETTLED_COMPLETE_DATE,NOT_COMPUTABLE,PASS,PUBLIC_SOURCE_BACKED,Direct CMC historical global-metrics BTC dominance; not TradingView top-125 convention.
2024-01-18,49.7612,CMC_GLOBAL_METRICS_BTC_DOMINANCE,CoinMarketCap,CMC_DIRECT_SOURCE_CONVENTION: Bitcoin market cap / total market cap of cryptoassets tracked by CoinMarketCap * 100,UTC,2024-01-18T00:00:00Z,2026-08-30T10:38:54Z,SETTLED_COMPLETE_DATE,NOT_COMPUTABLE,PASS,PUBLIC_SOURCE_BACKED,Direct CMC historical global-metrics BTC dominance; not TradingView top-125 convention.
2024-01-19,49.603,CMC_GLOBAL_METRICS_BTC_DOMINANCE,CoinMarketCap,CMC_DIRECT_SOURCE_CONVENTION: Bitcoin market cap / total market cap of cryptoassets tracked by CoinMarketCap * 100,UTC,2024-01-19T00:00:00Z,2026-08-30T10:38:54Z,SETTLED_COMPLETE_DATE,NOT_COMPUTABLE,PASS,PUBLIC_SOURCE_BACKED,Direct CMC historical global-metrics BTC dominance; not TradingView top-125 convention.
2024-01-20,49.7512,CMC_GLOBAL_METRICS_BTC_DOMINANCE,CoinMarketCap,CMC_DIRECT_SOURCE_CONVENTION: Bitcoin market cap / total market cap of cryptoassets tracked by CoinMarketCap * 100,UTC,2024-01-20T00:00:00Z,2026-08-30T10:38:54Z,SETTLED_COMPLETE_DATE,NOT_COMPUTABLE,PASS,PUBLIC_SOURCE_BACKED,Direct CMC historical global-metrics BTC dominance; not TradingView top-125 convention.
2024-01-21,49.7462,CMC_GLOBAL_METRICS_BTC_DOMINANCE,CoinMarketCap,CMC_DIRECT_SOURCE_CONVENTION: Bitcoin market cap / total market cap of cryptoassets tracked by CoinMarketCap * 100,UTC,2024-01-21T00:00:00Z,2026-08-30T10:38:54Z,SETTLED_COMPLETE_DATE,NOT_COMPUTABLE,PASS,PUBLIC_SOURCE_BACKED,Direct CMC historical global-metrics BTC dominance; not TradingView top-125 convention.
2024-01-22,49.8443,CMC_GLOBAL_METRICS_BTC_DOMINANCE,CoinMarketCap,CMC_DIRECT_SOURCE_CONVENTION: Bitcoin market cap / total market cap of cryptoassets tracked by CoinMarketCap * 100,UTC,2024-01-22T00:00:00Z,2026-08-30T10:38:54Z,SETTLED_COMPLETE_DATE,NOT_COMPUTABLE,PASS,PUBLIC_SOURCE_BACKED,Direct CMC historical global-metrics BTC dominance; not TradingView top-125 convention.
2024-01-23,49.78,CMC_GLOBAL_METRICS_BTC_DOMINANCE,CoinMarketCap,CMC_DIRECT_SOURCE_CONVENTION: Bitcoin market cap / total market cap of cryptoassets tracked by CoinMarketCap * 100,UTC,2024-01-23T00:00:00Z,2026-08-30T10:38:54Z,SETTLED_COMPLETE_DATE,NOT_COMPUTABLE,PASS,PUBLIC_SOURCE_BACKED,Direct CMC historical global-metrics BTC dominance; not TradingView top-125 convention.
2024-01-24,50.3555,CMC_GLOBAL_METRICS_BTC_DOMINANCE,CoinMarketCap,CMC_DIRECT_SOURCE_CONVENTION: Bitcoin market cap / total market cap of cryptoassets tracked by CoinMarketCap * 100,UTC,2024-01-24T00:00:00Z,2026-08-30T10:38:54Z,SETTLED_COMPLETE_DATE,NOT_COMPUTABLE,PASS,PUBLIC_SOURCE_BACKED,Direct CMC historical global-metrics BTC dominance; not TradingView top-125 convention.
2024-01-25,50.3104,CMC_GLOBAL_METRICS_BTC_DOMINANCE,CoinMarketCap,CMC_DIRECT_SOURCE_CONVENTION: Bitcoin market cap / total market cap of cryptoassets tracked by CoinMarketCap * 100,UTC,2024-01-25T00:00:00Z,2026-08-30T10:38:54Z,SETTLED_COMPLETE_DATE,NOT_COMPUTABLE,PASS,PUBLIC_SOURCE_BACKED,Direct CMC historical global-metrics BTC dominance; not TradingView top-125 convention.
2024-01-26,50.4185,CMC_GLOBAL_METRICS_BTC_DOMINANCE,CoinMarketCap,CMC_DIRECT_SOURCE_CONVENTION: Bitcoin market cap / total market cap of cryptoassets tracked by CoinMarketCap * 100,UTC,2024-01-26T00:00:00Z,2026-08-30T10:38:54Z,SETTLED_COMPLETE_DATE,NOT_COMPUTABLE,PASS,PUBLIC_SOURCE_BACKED,Direct CMC historical global-metrics BTC dominance; not TradingView top-125 convention.
2024-01-27,50.8585,CMC_GLOBAL_METRICS_BTC_DOMINANCE,CoinMarketCap,CMC_DIRECT_SOURCE_CONVENTION: Bitcoin market cap / total market cap of cryptoassets tracked by CoinMarketCap * 100,UTC,2024-01-27T00:00:00Z,2026-08-30T10:38:54Z,SETTLED_COMPLETE_DATE,NOT_COMPUTABLE,PASS,PUBLIC_SOURCE_BACKED,Direct CMC historical global-metrics BTC dominance; not TradingView top-125 convention.
2024-01-28,50.8987,CMC_GLOBAL_METRICS_BTC_DOMINANCE,CoinMarketCap,CMC_DIRECT_SOURCE_CONVENTION: Bitcoin market cap / total market cap of cryptoassets tracked by CoinMarketCap * 100,UTC,2024-01-28T00:00:00Z,2026-08-30T10:38:54Z,SETTLED_COMPLETE_DATE,NOT_COMPUTABLE,PASS,PUBLIC_SOURCE_BACKED,Direct CMC historical global-metrics BTC dominance; not TradingView top-125 convention.
2024-01-29,50.9403,CMC_GLOBAL_METRICS_BTC_DOMINANCE,CoinMarketCap,CMC_DIRECT_SOURCE_CONVENTION: Bitcoin market cap / total market cap of cryptoassets tracked by CoinMarketCap * 100,UTC,2024-01-29T00:00:00Z,2026-08-30T10:38:54Z,SETTLED_COMPLETE_DATE,NOT_COMPUTABLE,PASS,PUBLIC_SOURCE_BACKED,Direct CMC historical global-metrics BTC dominance; not TradingView top-125 convention.
2024-01-30,51.0465,CMC_GLOBAL_METRICS_BTC_DOMINANCE,CoinMarketCap,CMC_DIRECT_SOURCE_CONVENTION: Bitcoin market cap / total market cap of cryptoassets tracked by CoinMarketCap * 100,UTC,2024-01-30T00:00:00Z,2026-08-30T10:38:54Z,SETTLED_COMPLETE_DATE,NOT_COMPUTABLE,PASS,PUBLIC_SOURCE_BACKED,Direct CMC historical global-metrics BTC dominance; not TradingView top-125 convention.
2024-01-31,50.9274,CMC_GLOBAL_METRICS_BTC_DOMINANCE,CoinMarketCap,CMC_DIRECT_SOURCE_CONVENTION: Bitcoin market cap / total market cap of cryptoassets tracked by CoinMarketCap * 100,UTC,2024-01-31T00:00:00Z,2026-08-30T10:38:54Z,SETTLED_COMPLETE_DATE,NOT_COMPUTABLE,PASS,PUBLIC_SOURCE_BACKED,Direct CMC historical global-metrics BTC dominance; not TradingView top-125 convention.
2024-02-01,51.2768,CMC_GLOBAL_METRICS_BTC_DOMINANCE,CoinMarketCap,CMC_DIRECT_SOURCE_CONVENTION: Bitcoin market cap / total market cap of cryptoassets tracked by CoinMarketCap * 100,UTC,2024-02-01T00:00:00Z,2026-08-30T10:38:54Z,SETTLED_COMPLETE_DATE,NOT_COMPUTABLE,PASS,PUBLIC_SOURCE_BACKED,Direct CMC historical global-metrics BTC dominance; not TradingView top-125 convention.
2024-02-02,51.3476,CMC_GLOBAL_METRICS_BTC_DOMINANCE,CoinMarketCap,CMC_DIRECT_SOURCE_CONVENTION: Bitcoin market cap / total market cap of cryptoassets tracked by CoinMarketCap * 100,UTC,2024-02-02T00:00:00Z,2026-08-30T10:38:54Z,SETTLED_COMPLETE_DATE,NOT_COMPUTABLE,PASS,PUBLIC_SOURCE_BACKED,Direct CMC historical global-metrics BTC dominance; not TradingView top-125 convention.
2024-02-03,51.198,CMC_GLOBAL_METRICS_BTC_DOMINANCE,CoinMarketCap,CMC_DIRECT_SOURCE_CONVENTION: Bitcoin market cap / total market cap of cryptoassets tracked by CoinMarketCap * 100,UTC,2024-02-03T00:00:00Z,2026-08-30T10:38:54Z,SETTLED_COMPLETE_DATE,NOT_COMPUTABLE,PASS,PUBLIC_SOURCE_BACKED,Direct CMC historical global-metrics BTC dominance; not TradingView top-125 convention.
2024-02-04,51.2095,CMC_GLOBAL_METRICS_BTC_DOMINANCE,CoinMarketCap,CMC_DIRECT_SOURCE_CONVENTION: Bitcoin market cap / total market cap of cryptoassets tracked by CoinMarketCap * 100,UTC,2024-02-04T00:00:00Z,2026-08-30T10:38:54Z,SETTLED_COMPLETE_DATE,NOT_COMPUTABLE,PASS,PUBLIC_SOURCE_BACKED,Direct CMC historical global-metrics BTC dominance; not TradingView top-125 convention.
2024-02-05,51.1573,CMC_GLOBAL_METRICS_BTC_DOMINANCE,CoinMarketCap,CMC_DIRECT_SOURCE_CONVENTION: Bitcoin market cap / total market cap of cryptoassets tracked by CoinMarketCap * 100,UTC,2024-02-05T00:00:00Z,2026-08-30T10:38:54Z,SETTLED_COMPLETE_DATE,NOT_COMPUTABLE,PASS,PUBLIC_SOURCE_BACKED,Direct CMC historical global-metrics BTC dominance; not TradingView top-125 convention.
2024-02-06,51.1363,CMC_GLOBAL_METRICS_BTC_DOMINANCE,CoinMarketCap,CMC_DIRECT_SOURCE_CONVENTION: Bitcoin market cap / total market cap of cryptoassets tracked by CoinMarketCap * 100,UTC,2024-02-06T00:00:00Z,2026-08-30T10:38:54Z,SETTLED_COMPLETE_DATE,NOT_COMPUTABLE,PASS,PUBLIC_SOURCE_BACKED,Direct CMC historical global-metrics BTC dominance; not TradingView top-125 convention.
2024-02-07,51.0551,CMC_GLOBAL_METRICS_BTC_DOMINANCE,CoinMarketCap,CMC_DIRECT_SOURCE_CONVENTION: Bitcoin market cap / total market cap of cryptoassets tracked by CoinMarketCap * 100,UTC,2024-02-07T00:00:00Z,2026-08-30T10:38:54Z,SETTLED_COMPLETE_DATE,NOT_COMPUTABLE,PASS,PUBLIC_SOURCE_BACKED,Direct CMC historical global-metrics BTC dominance; not TradingView top-125 convention.
2024-02-08,51.2508,CMC_GLOBAL_METRICS_BTC_DOMINANCE,CoinMarketCap,CMC_DIRECT_SOURCE_CONVENTION: Bitcoin market cap / total market cap of cryptoassets tracked by CoinMarketCap * 100,UTC,2024-02-08T00:00:00Z,2026-08-30T10:38:54Z,SETTLED_COMPLETE_DATE,NOT_COMPUTABLE,PASS,PUBLIC_SOURCE_BACKED,Direct CMC historical global-metrics BTC dominance; not TradingView top-125 convention.
2024-02-09,51.6457,CMC_GLOBAL_METRICS_BTC_DOMINANCE,CoinMarketCap,CMC_DIRECT_SOURCE_CONVENTION: Bitcoin market cap / total market cap of cryptoassets tracked by CoinMarketCap * 100,UTC,2024-02-09T00:00:00Z,2026-08-30T10:38:54Z,SETTLED_COMPLETE_DATE,NOT_COMPUTABLE,PASS,PUBLIC_SOURCE_BACKED,Direct CMC historical global-metrics BTC dominance; not TradingView top-125 convention.
2024-02-10,52.0161,CMC_GLOBAL_METRICS_BTC_DOMINANCE,CoinMarketCap,CMC_DIRECT_SOURCE_CONVENTION: Bitcoin market cap / total market cap of cryptoassets tracked by CoinMarketCap * 100,UTC,2024-02-10T00:00:00Z,2026-08-30T10:38:54Z,SETTLED_COMPLETE_DATE,NOT_COMPUTABLE,PASS,PUBLIC_SOURCE_BACKED,Direct CMC historical global-metrics BTC dominance; not TradingView top-125 convention.
2024-02-11,52.1993,CMC_GLOBAL_METRICS_BTC_DOMINANCE,CoinMarketCap,CMC_DIRECT_SOURCE_CONVENTION: Bitcoin market cap / total market cap of cryptoassets tracked by CoinMarketCap * 100,UTC,2024-02-11T00:00:00Z,2026-08-30T10:38:54Z,SETTLED_COMPLETE_DATE,NOT_COMPUTABLE,PASS,PUBLIC_SOURCE_BACKED,Direct CMC historical global-metrics BTC dominance; not TradingView top-125 convention.
2024-02-12,52.465,CMC_GLOBAL_METRICS_BTC_DOMINANCE,CoinMarketCap,CMC_DIRECT_SOURCE_CONVENTION: Bitcoin market cap / total market cap of cryptoassets tracked by CoinMarketCap * 100,UTC,2024-02-12T00:00:00Z,2026-08-30T10:38:54Z,SETTLED_COMPLETE_DATE,NOT_COMPUTABLE,PASS,PUBLIC_SOURCE_BACKED,Direct CMC historical global-metrics BTC dominance; not TradingView top-125 convention.
2024-02-13,52.4016,CMC_GLOBAL_METRICS_BTC_DOMINANCE,CoinMarketCap,CMC_DIRECT_SOURCE_CONVENTION: Bitcoin market cap / total market cap of cryptoassets tracked by CoinMarketCap * 100,UTC,2024-02-13T00:00:00Z,2026-08-30T10:38:54Z,SETTLED_COMPLETE_DATE,NOT_COMPUTABLE,PASS,PUBLIC_SOURCE_BACKED,Direct CMC historical global-metrics BTC dominance; not TradingView top-125 convention.
2024-02-14,52.4409,CMC_GLOBAL_METRICS_BTC_DOMINANCE,CoinMarketCap,CMC_DIRECT_SOURCE_CONVENTION: Bitcoin market cap / total market cap of cryptoassets tracked by CoinMarketCap * 100,UTC,2024-02-14T00:00:00Z,2026-08-30T10:38:54Z,SETTLED_COMPLETE_DATE,NOT_COMPUTABLE,PASS,PUBLIC_SOURCE_BACKED,Direct CMC historical global-metrics BTC dominance; not TradingView top-125 convention.
2024-02-15,52.5338,CMC_GLOBAL_METRICS_BTC_DOMINANCE,CoinMarketCap,CMC_DIRECT_SOURCE_CONVENTION: Bitcoin market cap / total market cap of cryptoassets tracked by CoinMarketCap * 100,UTC,2024-02-15T00:00:00Z,2026-08-30T10:38:54Z,SETTLED_COMPLETE_DATE,NOT_COMPUTABLE,PASS,PUBLIC_SOURCE_BACKED,Direct CMC historical global-metrics BTC dominance; not TradingView top-125 convention.
2024-02-16,52.2246,CMC_GLOBAL_METRICS_BTC_DOMINANCE,CoinMarketCap,CMC_DIRECT_SOURCE_CONVENTION: Bitcoin market cap / total market cap of cryptoassets tracked by CoinMarketCap * 100,UTC,2024-02-16T00:00:00Z,2026-08-30T10:38:54Z,SETTLED_COMPLETE_DATE,NOT_COMPUTABLE,PASS,PUBLIC_SOURCE_BACKED,Direct CMC historical global-metrics BTC dominance; not TradingView top-125 convention.
2024-02-17,52.42,CMC_GLOBAL_METRICS_BTC_DOMINANCE,CoinMarketCap,CMC_DIRECT_SOURCE_CONVENTION: Bitcoin market cap / total market cap of cryptoassets tracked by CoinMarketCap * 100,UTC,2024-02-17T00:00:00Z,2026-08-30T10:38:54Z,SETTLED_COMPLETE_DATE,NOT_COMPUTABLE,PASS,PUBLIC_SOURCE_BACKED,Direct CMC historical global-metrics BTC dominance; not TradingView top-125 convention.
2024-02-18,52.2804,CMC_GLOBAL_METRICS_BTC_DOMINANCE,CoinMarketCap,CMC_DIRECT_SOURCE_CONVENTION: Bitcoin market cap / total market cap of cryptoassets tracked by CoinMarketCap * 100,UTC,2024-02-18T00:00:00Z,2026-08-30T10:38:54Z,SETTLED_COMPLETE_DATE,NOT_COMPUTABLE,PASS,PUBLIC_SOURCE_BACKED,Direct CMC historical global-metrics BTC dominance; not TradingView top-125 convention.
2024-02-19,51.9554,CMC_GLOBAL_METRICS_BTC_DOMINANCE,CoinMarketCap,CMC_DIRECT_SOURCE_CONVENTION: Bitcoin market cap / total market cap of cryptoassets tracked by CoinMarketCap * 100,UTC,2024-02-19T00:00:00Z,2026-08-30T10:38:54Z,SETTLED_COMPLETE_DATE,NOT_COMPUTABLE,PASS,PUBLIC_SOURCE_BACKED,Direct CMC historical global-metrics BTC dominance; not TradingView top-125 convention.
2024-02-20,51.386,CMC_GLOBAL_METRICS_BTC_DOMINANCE,CoinMarketCap,CMC_DIRECT_SOURCE_CONVENTION: Bitcoin market cap / total market cap of cryptoassets tracked by CoinMarketCap * 100,UTC,2024-02-20T00:00:00Z,2026-08-30T10:38:54Z,SETTLED_COMPLETE_DATE,NOT_COMPUTABLE,PASS,PUBLIC_SOURCE_BACKED,Direct CMC historical global-metrics BTC dominance; not TradingView top-125 convention.
2024-02-21,51.5117,CMC_GLOBAL_METRICS_BTC_DOMINANCE,CoinMarketCap,CMC_DIRECT_SOURCE_CONVENTION: Bitcoin market cap / total market cap of cryptoassets tracked by CoinMarketCap * 100,UTC,2024-02-21T00:00:00Z,2026-08-30T10:38:54Z,SETTLED_COMPLETE_DATE,NOT_COMPUTABLE,PASS,PUBLIC_SOURCE_BACKED,Direct CMC historical global-metrics BTC dominance; not TradingView top-125 convention.
2024-02-22,51.6278,CMC_GLOBAL_METRICS_BTC_DOMINANCE,CoinMarketCap,CMC_DIRECT_SOURCE_CONVENTION: Bitcoin market cap / total market cap of cryptoassets tracked by CoinMarketCap * 100,UTC,2024-02-22T00:00:00Z,2026-08-30T10:38:54Z,SETTLED_COMPLETE_DATE,NOT_COMPUTABLE,PASS,PUBLIC_SOURCE_BACKED,Direct CMC historical global-metrics BTC dominance; not TradingView top-125 convention.
2024-02-23,51.3789,CMC_GLOBAL_METRICS_BTC_DOMINANCE,CoinMarketCap,CMC_DIRECT_SOURCE_CONVENTION: Bitcoin market cap / total market cap of cryptoassets tracked by CoinMarketCap * 100,UTC,2024-02-23T00:00:00Z,2026-08-30T10:38:54Z,SETTLED_COMPLETE_DATE,NOT_COMPUTABLE,PASS,PUBLIC_SOURCE_BACKED,Direct CMC historical global-metrics BTC dominance; not TradingView top-125 convention.
2024-02-24,51.3108,CMC_GLOBAL_METRICS_BTC_DOMINANCE,CoinMarketCap,CMC_DIRECT_SOURCE_CONVENTION: Bitcoin market cap / total market cap of cryptoassets tracked by CoinMarketCap * 100,UTC,2024-02-24T00:00:00Z,2026-08-30T10:38:54Z,SETTLED_COMPLETE_DATE,NOT_COMPUTABLE,PASS,PUBLIC_SOURCE_BACKED,Direct CMC historical global-metrics BTC dominance; not TradingView top-125 convention.
2024-02-25,51.1706,CMC_GLOBAL_METRICS_BTC_DOMINANCE,CoinMarketCap,CMC_DIRECT_SOURCE_CONVENTION: Bitcoin market cap / total market cap of cryptoassets tracked by CoinMarketCap * 100,UTC,2024-02-25T00:00:00Z,2026-08-30T10:38:54Z,SETTLED_COMPLETE_DATE,NOT_COMPUTABLE,PASS,PUBLIC_SOURCE_BACKED,Direct CMC historical global-metrics BTC dominance; not TradingView top-125 convention.
2024-02-26,50.7777,CMC_GLOBAL_METRICS_BTC_DOMINANCE,CoinMarketCap,CMC_DIRECT_SOURCE_CONVENTION: Bitcoin market cap / total market cap of cryptoassets tracked by CoinMarketCap * 100,UTC,2024-02-26T00:00:00Z,2026-08-30T10:38:54Z,SETTLED_COMPLETE_DATE,NOT_COMPUTABLE,PASS,PUBLIC_SOURCE_BACKED,Direct CMC historical global-metrics BTC dominance; not TradingView top-125 convention.
2024-02-27,51.3553,CMC_GLOBAL_METRICS_BTC_DOMINANCE,CoinMarketCap,CMC_DIRECT_SOURCE_CONVENTION: Bitcoin market cap / total market cap of cryptoassets tracked by CoinMarketCap * 100,UTC,2024-02-27T00:00:00Z,2026-08-30T10:38:54Z,SETTLED_COMPLETE_DATE,NOT_COMPUTABLE,PASS,PUBLIC_SOURCE_BACKED,Direct CMC historical global-metrics BTC dominance; not TradingView top-125 convention.
2024-02-28,52.1897,CMC_GLOBAL_METRICS_BTC_DOMINANCE,CoinMarketCap,CMC_DIRECT_SOURCE_CONVENTION: Bitcoin market cap / total market cap of cryptoassets tracked by CoinMarketCap * 100,UTC,2024-02-28T00:00:00Z,2026-08-30T10:38:54Z,SETTLED_COMPLETE_DATE,NOT_COMPUTABLE,PASS,PUBLIC_SOURCE_BACKED,Direct CMC historical global-metrics BTC dominance; not TradingView top-125 convention.
2024-02-29,53.6109,CMC_GLOBAL_METRICS_BTC_DOMINANCE,CoinMarketCap,CMC_DIRECT_SOURCE_CONVENTION: Bitcoin market cap / total market cap of cryptoassets tracked by CoinMarketCap * 100,UTC,2024-02-29T00:00:00Z,2026-08-30T10:38:54Z,SETTLED_COMPLETE_DATE,NOT_COMPUTABLE,PASS,PUBLIC_SOURCE_BACKED,Direct CMC historical global-metrics BTC dominance; not TradingView top-125 convention.
2024-03-01,53.1198,CMC_GLOBAL_METRICS_BTC_DOMINANCE,CoinMarketCap,CMC_DIRECT_SOURCE_CONVENTION: Bitcoin market cap / total market cap of cryptoassets tracked by CoinMarketCap * 100,UTC,2024-03-01T00:00:00Z,2026-08-30T10:38:54Z,SETTLED_COMPLETE_DATE,NOT_COMPUTABLE,PASS,PUBLIC_SOURCE_BACKED,Direct CMC historical global-metrics BTC dominance; not TradingView top-125 convention.
2024-03-02,52.6698,CMC_GLOBAL_METRICS_BTC_DOMINANCE,CoinMarketCap,CMC_DIRECT_SOURCE_CONVENTION: Bitcoin market cap / total market cap of cryptoassets tracked by CoinMarketCap * 100,UTC,2024-03-02T00:00:00Z,2026-08-30T10:38:54Z,SETTLED_COMPLETE_DATE,NOT_COMPUTABLE,PASS,PUBLIC_SOURCE_BACKED,Direct CMC historical global-metrics BTC dominance; not TradingView top-125 convention.
2024-03-03,51.9502,CMC_GLOBAL_METRICS_BTC_DOMINANCE,CoinMarketCap,CMC_DIRECT_SOURCE_CONVENTION: Bitcoin market cap / total market cap of cryptoassets tracked by CoinMarketCap * 100,UTC,2024-03-03T00:00:00Z,2026-08-30T10:38:54Z,SETTLED_COMPLETE_DATE,NOT_COMPUTABLE,PASS,PUBLIC_SOURCE_BACKED,Direct CMC historical global-metrics BTC dominance; not TradingView top-125 convention.
2024-03-04,52.1961,CMC_GLOBAL_METRICS_BTC_DOMINANCE,CoinMarketCap,CMC_DIRECT_SOURCE_CONVENTION: Bitcoin market cap / total market cap of cryptoassets tracked by CoinMarketCap * 100,UTC,2024-03-04T00:00:00Z,2026-08-30T10:38:54Z,SETTLED_COMPLETE_DATE,NOT_COMPUTABLE,PASS,PUBLIC_SOURCE_BACKED,Direct CMC historical global-metrics BTC dominance; not TradingView top-125 convention.
2024-03-05,53.3657,CMC_GLOBAL_METRICS_BTC_DOMINANCE,CoinMarketCap,CMC_DIRECT_SOURCE_CONVENTION: Bitcoin market cap / total market cap of cryptoassets tracked by CoinMarketCap * 100,UTC,2024-03-05T00:00:00Z,2026-08-30T10:38:54Z,SETTLED_COMPLETE_DATE,NOT_COMPUTABLE,PASS,PUBLIC_SOURCE_BACKED,Direct CMC historical global-metrics BTC dominance; not TradingView top-125 convention.
2024-03-06,52.6052,CMC_GLOBAL_METRICS_BTC_DOMINANCE,CoinMarketCap,CMC_DIRECT_SOURCE_CONVENTION: Bitcoin market cap / total market cap of cryptoassets tracked by CoinMarketCap * 100,UTC,2024-03-06T00:00:00Z,2026-08-30T10:38:54Z,SETTLED_COMPLETE_DATE,NOT_COMPUTABLE,PASS,PUBLIC_SOURCE_BACKED,Direct CMC historical global-metrics BTC dominance; not TradingView top-125 convention.
2024-03-07,52.0284,CMC_GLOBAL_METRICS_BTC_DOMINANCE,CoinMarketCap,CMC_DIRECT_SOURCE_CONVENTION: Bitcoin market cap / total market cap of cryptoassets tracked by CoinMarketCap * 100,UTC,2024-03-07T00:00:00Z,2026-08-30T10:38:54Z,SETTLED_COMPLETE_DATE,NOT_COMPUTABLE,PASS,PUBLIC_SOURCE_BACKED,Direct CMC historical global-metrics BTC dominance; not TradingView top-125 convention.
2024-03-08,51.7033,CMC_GLOBAL_METRICS_BTC_DOMINANCE,CoinMarketCap,CMC_DIRECT_SOURCE_CONVENTION: Bitcoin market cap / total market cap of cryptoassets tracked by CoinMarketCap * 100,UTC,2024-03-08T00:00:00Z,2026-08-30T10:38:54Z,SETTLED_COMPLETE_DATE,NOT_COMPUTABLE,PASS,PUBLIC_SOURCE_BACKED,Direct CMC historical global-metrics BTC dominance; not TradingView top-125 convention.
2024-03-09,51.9208,CMC_GLOBAL_METRICS_BTC_DOMINANCE,CoinMarketCap,CMC_DIRECT_SOURCE_CONVENTION: Bitcoin market cap / total market cap of cryptoassets tracked by CoinMarketCap * 100,UTC,2024-03-09T00:00:00Z,2026-08-30T10:38:54Z,SETTLED_COMPLETE_DATE,NOT_COMPUTABLE,PASS,PUBLIC_SOURCE_BACKED,Direct CMC historical global-metrics BTC dominance; not TradingView top-125 convention.
2024-03-10,51.6677,CMC_GLOBAL_METRICS_BTC_DOMINANCE,CoinMarketCap,CMC_DIRECT_SOURCE_CONVENTION: Bitcoin market cap / total market cap of cryptoassets tracked by CoinMarketCap * 100,UTC,2024-03-10T00:00:00Z,2026-08-30T10:38:54Z,SETTLED_COMPLETE_DATE,NOT_COMPUTABLE,PASS,PUBLIC_SOURCE_BACKED,Direct CMC historical global-metrics BTC dominance; not TradingView top-125 convention.
2024-03-11,51.9393,CMC_GLOBAL_METRICS_BTC_DOMINANCE,CoinMarketCap,CMC_DIRECT_SOURCE_CONVENTION: Bitcoin market cap / total market cap of cryptoassets tracked by CoinMarketCap * 100,UTC,2024-03-11T00:00:00Z,2026-08-30T10:38:54Z,SETTLED_COMPLETE_DATE,NOT_COMPUTABLE,PASS,PUBLIC_SOURCE_BACKED,Direct CMC historical global-metrics BTC dominance; not TradingView top-125 convention.
2024-03-12,52.0166,CMC_GLOBAL_METRICS_BTC_DOMINANCE,CoinMarketCap,CMC_DIRECT_SOURCE_CONVENTION: Bitcoin market cap / total market cap of cryptoassets tracked by CoinMarketCap * 100,UTC,2024-03-12T00:00:00Z,2026-08-30T10:38:54Z,SETTLED_COMPLETE_DATE,NOT_COMPUTABLE,PASS,PUBLIC_SOURCE_BACKED,Direct CMC historical global-metrics BTC dominance; not TradingView top-125 convention.
2024-03-13,51.9789,CMC_GLOBAL_METRICS_BTC_DOMINANCE,CoinMarketCap,CMC_DIRECT_SOURCE_CONVENTION: Bitcoin market cap / total market cap of cryptoassets tracked by CoinMarketCap * 100,UTC,2024-03-13T00:00:00Z,2026-08-30T10:38:54Z,SETTLED_COMPLETE_DATE,NOT_COMPUTABLE,PASS,PUBLIC_SOURCE_BACKED,Direct CMC historical global-metrics BTC dominance; not TradingView top-125 convention.
2024-03-14,51.9266,CMC_GLOBAL_METRICS_BTC_DOMINANCE,CoinMarketCap,CMC_DIRECT_SOURCE_CONVENTION: Bitcoin market cap / total market cap of cryptoassets tracked by CoinMarketCap * 100,UTC,2024-03-14T00:00:00Z,2026-08-30T10:38:54Z,SETTLED_COMPLETE_DATE,NOT_COMPUTABLE,PASS,PUBLIC_SOURCE_BACKED,Direct CMC historical global-metrics BTC dominance; not TradingView top-125 convention.
2024-03-15,51.7209,CMC_GLOBAL_METRICS_BTC_DOMINANCE,CoinMarketCap,CMC_DIRECT_SOURCE_CONVENTION: Bitcoin market cap / total market cap of cryptoassets tracked by CoinMarketCap * 100,UTC,2024-03-15T00:00:00Z,2026-08-30T10:38:54Z,SETTLED_COMPLETE_DATE,NOT_COMPUTABLE,PASS,PUBLIC_SOURCE_BACKED,Direct CMC historical global-metrics BTC dominance; not TradingView top-125 convention.
2024-03-16,51.7269,CMC_GLOBAL_METRICS_BTC_DOMINANCE,CoinMarketCap,CMC_DIRECT_SOURCE_CONVENTION: Bitcoin market cap / total market cap of cryptoassets tracked by CoinMarketCap * 100,UTC,2024-03-16T00:00:00Z,2026-08-30T10:38:54Z,SETTLED_COMPLETE_DATE,NOT_COMPUTABLE,PASS,PUBLIC_SOURCE_BACKED,Direct CMC historical global-metrics BTC dominance; not TradingView top-125 convention.
2024-03-17,51.6973,CMC_GLOBAL_METRICS_BTC_DOMINANCE,CoinMarketCap,CMC_DIRECT_SOURCE_CONVENTION: Bitcoin market cap / total market cap of cryptoassets tracked by CoinMarketCap * 100,UTC,2024-03-17T00:00:00Z,2026-08-30T10:38:54Z,SETTLED_COMPLETE_DATE,NOT_COMPUTABLE,PASS,PUBLIC_SOURCE_BACKED,Direct CMC historical global-metrics BTC dominance; not TradingView top-125 convention.
2024-03-18,51.8085,CMC_GLOBAL_METRICS_BTC_DOMINANCE,CoinMarketCap,CMC_DIRECT_SOURCE_CONVENTION: Bitcoin market cap / total market cap of cryptoassets tracked by CoinMarketCap * 100,UTC,2024-03-18T00:00:00Z,2026-08-30T10:38:54Z,SETTLED_COMPLETE_DATE,NOT_COMPUTABLE,PASS,PUBLIC_SOURCE_BACKED,Direct CMC historical global-metrics BTC dominance; not TradingView top-125 convention.
2024-03-19,52.2326,CMC_GLOBAL_METRICS_BTC_DOMINANCE,CoinMarketCap,CMC_DIRECT_SOURCE_CONVENTION: Bitcoin market cap / total market cap of cryptoassets tracked by CoinMarketCap * 100,UTC,2024-03-19T00:00:00Z,2026-08-30T10:38:54Z,SETTLED_COMPLETE_DATE,NOT_COMPUTABLE,PASS,PUBLIC_SOURCE_BACKED,Direct CMC historical global-metrics BTC dominance; not TradingView top-125 convention.
2024-03-20,52.2039,CMC_GLOBAL_METRICS_BTC_DOMINANCE,CoinMarketCap,CMC_DIRECT_SOURCE_CONVENTION: Bitcoin market cap / total market cap of cryptoassets tracked by CoinMarketCap * 100,UTC,2024-03-20T00:00:00Z,2026-08-30T10:38:54Z,SETTLED_COMPLETE_DATE,NOT_COMPUTABLE,PASS,PUBLIC_SOURCE_BACKED,Direct CMC historical global-metrics BTC dominance; not TradingView top-125 convention.
2024-03-21,52.2743,CMC_GLOBAL_METRICS_BTC_DOMINANCE,CoinMarketCap,CMC_DIRECT_SOURCE_CONVENTION: Bitcoin market cap / total market cap of cryptoassets tracked by CoinMarketCap * 100,UTC,2024-03-21T00:00:00Z,2026-08-30T10:38:54Z,SETTLED_COMPLETE_DATE,NOT_COMPUTABLE,PASS,PUBLIC_SOURCE_BACKED,Direct CMC historical global-metrics BTC dominance; not TradingView top-125 convention.
2024-03-22,51.6225,CMC_GLOBAL_METRICS_BTC_DOMINANCE,CoinMarketCap,CMC_DIRECT_SOURCE_CONVENTION: Bitcoin market cap / total market cap of cryptoassets tracked by CoinMarketCap * 100,UTC,2024-03-22T00:00:00Z,2026-08-30T10:38:54Z,SETTLED_COMPLETE_DATE,NOT_COMPUTABLE,PASS,PUBLIC_SOURCE_BACKED,Direct CMC historical global-metrics BTC dominance; not TradingView top-125 convention.
2024-03-23,51.6022,CMC_GLOBAL_METRICS_BTC_DOMINANCE,CoinMarketCap,CMC_DIRECT_SOURCE_CONVENTION: Bitcoin market cap / total market cap of cryptoassets tracked by CoinMarketCap * 100,UTC,2024-03-23T00:00:00Z,2026-08-30T10:38:54Z,SETTLED_COMPLETE_DATE,NOT_COMPUTABLE,PASS,PUBLIC_SOURCE_BACKED,Direct CMC historical global-metrics BTC dominance; not TradingView top-125 convention.
2024-03-24,51.5451,CMC_GLOBAL_METRICS_BTC_DOMINANCE,CoinMarketCap,CMC_DIRECT_SOURCE_CONVENTION: Bitcoin market cap / total market cap of cryptoassets tracked by CoinMarketCap * 100,UTC,2024-03-24T00:00:00Z,2026-08-30T10:38:54Z,SETTLED_COMPLETE_DATE,NOT_COMPUTABLE,PASS,PUBLIC_SOURCE_BACKED,Direct CMC historical global-metrics BTC dominance; not TradingView top-125 convention.
2024-03-25,51.8834,CMC_GLOBAL_METRICS_BTC_DOMINANCE,CoinMarketCap,CMC_DIRECT_SOURCE_CONVENTION: Bitcoin market cap / total market cap of cryptoassets tracked by CoinMarketCap * 100,UTC,2024-03-25T00:00:00Z,2026-08-30T10:38:54Z,SETTLED_COMPLETE_DATE,NOT_COMPUTABLE,PASS,PUBLIC_SOURCE_BACKED,Direct CMC historical global-metrics BTC dominance; not TradingView top-125 convention.
2024-03-26,52.0805,CMC_GLOBAL_METRICS_BTC_DOMINANCE,CoinMarketCap,CMC_DIRECT_SOURCE_CONVENTION: Bitcoin market cap / total market cap of cryptoassets tracked by CoinMarketCap * 100,UTC,2024-03-26T00:00:00Z,2026-08-30T10:38:54Z,SETTLED_COMPLETE_DATE,NOT_COMPUTABLE,PASS,PUBLIC_SOURCE_BACKED,Direct CMC historical global-metrics BTC dominance; not TradingView top-125 convention.
2024-03-27,52.0332,CMC_GLOBAL_METRICS_BTC_DOMINANCE,CoinMarketCap,CMC_DIRECT_SOURCE_CONVENTION: Bitcoin market cap / total market cap of cryptoassets tracked by CoinMarketCap * 100,UTC,2024-03-27T00:00:00Z,2026-08-30T10:38:54Z,SETTLED_COMPLETE_DATE,NOT_COMPUTABLE,PASS,PUBLIC_SOURCE_BACKED,Direct CMC historical global-metrics BTC dominance; not TradingView top-125 convention.
2024-03-28,52.2671,CMC_GLOBAL_METRICS_BTC_DOMINANCE,CoinMarketCap,CMC_DIRECT_SOURCE_CONVENTION: Bitcoin market cap / total market cap of cryptoassets tracked by CoinMarketCap * 100,UTC,2024-03-28T00:00:00Z,2026-08-30T10:38:54Z,SETTLED_COMPLETE_DATE,NOT_COMPUTABLE,PASS,PUBLIC_SOURCE_BACKED,Direct CMC historical global-metrics BTC dominance; not TradingView top-125 convention.
2024-03-29,52.2776,CMC_GLOBAL_METRICS_BTC_DOMINANCE,CoinMarketCap,CMC_DIRECT_SOURCE_CONVENTION: Bitcoin market cap / total market cap of cryptoassets tracked by CoinMarketCap * 100,UTC,2024-03-29T00:00:00Z,2026-08-30T10:38:54Z,SETTLED_COMPLETE_DATE,NOT_COMPUTABLE,PASS,PUBLIC_SOURCE_BACKED,Direct CMC historical global-metrics BTC dominance; not TradingView top-125 convention.
2024-03-30,51.9992,CMC_GLOBAL_METRICS_BTC_DOMINANCE,CoinMarketCap,CMC_DIRECT_SOURCE_CONVENTION: Bitcoin market cap / total market cap of cryptoassets tracked by CoinMarketCap * 100,UTC,2024-03-30T00:00:00Z,2026-08-30T10:38:54Z,SETTLED_COMPLETE_DATE,NOT_COMPUTABLE,PASS,PUBLIC_SOURCE_BACKED,Direct CMC historical global-metrics BTC dominance; not TradingView top-125 convention.
2024-03-31,52.0752,CMC_GLOBAL_METRICS_BTC_DOMINANCE,CoinMarketCap,CMC_DIRECT_SOURCE_CONVENTION: Bitcoin market cap / total market cap of cryptoassets tracked by CoinMarketCap * 100,UTC,2024-03-31T00:00:00Z,2026-08-30T10:38:54Z,SETTLED_COMPLETE_DATE,NOT_COMPUTABLE,PASS,PUBLIC_SOURCE_BACKED,Direct CMC historical global-metrics BTC dominance; not TradingView top-125 convention.
2024-04-01,51.9186,CMC_GLOBAL_METRICS_BTC_DOMINANCE,CoinMarketCap,CMC_DIRECT_SOURCE_CONVENTION: Bitcoin market cap / total market cap of cryptoassets tracked by CoinMarketCap * 100,UTC,2024-04-01T00:00:00Z,2026-08-30T10:38:54Z,SETTLED_COMPLETE_DATE,NOT_COMPUTABLE,PASS,PUBLIC_SOURCE_BACKED,Direct CMC historical global-metrics BTC dominance; not TradingView top-125 convention.
2024-04-02,52.2946,CMC_GLOBAL_METRICS_BTC_DOMINANCE,CoinMarketCap,CMC_DIRECT_SOURCE_CONVENTION: Bitcoin market cap / total market cap of cryptoassets tracked by CoinMarketCap * 100,UTC,2024-04-02T00:00:00Z,2026-08-30T10:38:54Z,SETTLED_COMPLETE_DATE,NOT_COMPUTABLE,PASS,PUBLIC_SOURCE_BACKED,Direct CMC historical global-metrics BTC dominance; not TradingView top-125 convention.
2024-04-03,52.1493,CMC_GLOBAL_METRICS_BTC_DOMINANCE,CoinMarketCap,CMC_DIRECT_SOURCE_CONVENTION: Bitcoin market cap / total market cap of cryptoassets tracked by CoinMarketCap * 100,UTC,2024-04-03T00:00:00Z,2026-08-30T10:38:54Z,SETTLED_COMPLETE_DATE,NOT_COMPUTABLE,PASS,PUBLIC_SOURCE_BACKED,Direct CMC historical global-metrics BTC dominance; not TradingView top-125 convention.
2024-04-04,52.2787,CMC_GLOBAL_METRICS_BTC_DOMINANCE,CoinMarketCap,CMC_DIRECT_SOURCE_CONVENTION: Bitcoin market cap / total market cap of cryptoassets tracked by CoinMarketCap * 100,UTC,2024-04-04T00:00:00Z,2026-08-30T10:38:54Z,SETTLED_COMPLETE_DATE,NOT_COMPUTABLE,PASS,PUBLIC_SOURCE_BACKED,Direct CMC historical global-metrics BTC dominance; not TradingView top-125 convention.
2024-04-05,52.8032,CMC_GLOBAL_METRICS_BTC_DOMINANCE,CoinMarketCap,CMC_DIRECT_SOURCE_CONVENTION: Bitcoin market cap / total market cap of cryptoassets tracked by CoinMarketCap * 100,UTC,2024-04-05T00:00:00Z,2026-08-30T10:38:54Z,SETTLED_COMPLETE_DATE,NOT_COMPUTABLE,PASS,PUBLIC_SOURCE_BACKED,Direct CMC historical global-metrics BTC dominance; not TradingView top-125 convention.
2024-04-06,52.8568,CMC_GLOBAL_METRICS_BTC_DOMINANCE,CoinMarketCap,CMC_DIRECT_SOURCE_CONVENTION: Bitcoin market cap / total market cap of cryptoassets tracked by CoinMarketCap * 100,UTC,2024-04-06T00:00:00Z,2026-08-30T10:38:54Z,SETTLED_COMPLETE_DATE,NOT_COMPUTABLE,PASS,PUBLIC_SOURCE_BACKED,Direct CMC historical global-metrics BTC dominance; not TradingView top-125 convention.
2024-04-07,52.8315,CMC_GLOBAL_METRICS_BTC_DOMINANCE,CoinMarketCap,CMC_DIRECT_SOURCE_CONVENTION: Bitcoin market cap / total market cap of cryptoassets tracked by CoinMarketCap * 100,UTC,2024-04-07T00:00:00Z,2026-08-30T10:38:54Z,SETTLED_COMPLETE_DATE,NOT_COMPUTABLE,PASS,PUBLIC_SOURCE_BACKED,Direct CMC historical global-metrics BTC dominance; not TradingView top-125 convention.
2024-04-08,52.574,CMC_GLOBAL_METRICS_BTC_DOMINANCE,CoinMarketCap,CMC_DIRECT_SOURCE_CONVENTION: Bitcoin market cap / total market cap of cryptoassets tracked by CoinMarketCap * 100,UTC,2024-04-08T00:00:00Z,2026-08-30T10:38:54Z,SETTLED_COMPLETE_DATE,NOT_COMPUTABLE,PASS,PUBLIC_SOURCE_BACKED,Direct CMC historical global-metrics BTC dominance; not TradingView top-125 convention.
2024-04-09,52.397,CMC_GLOBAL_METRICS_BTC_DOMINANCE,CoinMarketCap,CMC_DIRECT_SOURCE_CONVENTION: Bitcoin market cap / total market cap of cryptoassets tracked by CoinMarketCap * 100,UTC,2024-04-09T00:00:00Z,2026-08-30T10:38:54Z,SETTLED_COMPLETE_DATE,NOT_COMPUTABLE,PASS,PUBLIC_SOURCE_BACKED,Direct CMC historical global-metrics BTC dominance; not TradingView top-125 convention.
2024-04-10,52.5234,CMC_GLOBAL_METRICS_BTC_DOMINANCE,CoinMarketCap,CMC_DIRECT_SOURCE_CONVENTION: Bitcoin market cap / total market cap of cryptoassets tracked by CoinMarketCap * 100,UTC,2024-04-10T00:00:00Z,2026-08-30T10:38:54Z,SETTLED_COMPLETE_DATE,NOT_COMPUTABLE,PASS,PUBLIC_SOURCE_BACKED,Direct CMC historical global-metrics BTC dominance; not TradingView top-125 convention.
2024-04-11,52.8461,CMC_GLOBAL_METRICS_BTC_DOMINANCE,CoinMarketCap,CMC_DIRECT_SOURCE_CONVENTION: Bitcoin market cap / total market cap of cryptoassets tracked by CoinMarketCap * 100,UTC,2024-04-11T00:00:00Z,2026-08-30T10:38:54Z,SETTLED_COMPLETE_DATE,NOT_COMPUTABLE,PASS,PUBLIC_SOURCE_BACKED,Direct CMC historical global-metrics BTC dominance; not TradingView top-125 convention.
2024-04-12,52.8876,CMC_GLOBAL_METRICS_BTC_DOMINANCE,CoinMarketCap,CMC_DIRECT_SOURCE_CONVENTION: Bitcoin market cap / total market cap of cryptoassets tracked by CoinMarketCap * 100,UTC,2024-04-12T00:00:00Z,2026-08-30T10:38:54Z,SETTLED_COMPLETE_DATE,NOT_COMPUTABLE,PASS,PUBLIC_SOURCE_BACKED,Direct CMC historical global-metrics BTC dominance; not TradingView top-125 convention.
2024-04-13,54.0436,CMC_GLOBAL_METRICS_BTC_DOMINANCE,CoinMarketCap,CMC_DIRECT_SOURCE_CONVENTION: Bitcoin market cap / total market cap of cryptoassets tracked by CoinMarketCap * 100,UTC,2024-04-13T00:00:00Z,2026-08-30T10:38:54Z,SETTLED_COMPLETE_DATE,NOT_COMPUTABLE,PASS,PUBLIC_SOURCE_BACKED,Direct CMC historical global-metrics BTC dominance; not TradingView top-125 convention.
2024-04-14,54.8254,CMC_GLOBAL_METRICS_BTC_DOMINANCE,CoinMarketCap,CMC_DIRECT_SOURCE_CONVENTION: Bitcoin market cap / total market cap of cryptoassets tracked by CoinMarketCap * 100,UTC,2024-04-14T00:00:00Z,2026-08-30T10:38:54Z,SETTLED_COMPLETE_DATE,NOT_COMPUTABLE,PASS,PUBLIC_SOURCE_BACKED,Direct CMC historical global-metrics BTC dominance; not TradingView top-125 convention.
2024-04-15,54.2351,CMC_GLOBAL_METRICS_BTC_DOMINANCE,CoinMarketCap,CMC_DIRECT_SOURCE_CONVENTION: Bitcoin market cap / total market cap of cryptoassets tracked by CoinMarketCap * 100,UTC,2024-04-15T00:00:00Z,2026-08-30T10:38:54Z,SETTLED_COMPLETE_DATE,NOT_COMPUTABLE,PASS,PUBLIC_SOURCE_BACKED,Direct CMC historical global-metrics BTC dominance; not TradingView top-125 convention.
2024-04-16,53.9905,CMC_GLOBAL_METRICS_BTC_DOMINANCE,CoinMarketCap,CMC_DIRECT_SOURCE_CONVENTION: Bitcoin market cap / total market cap of cryptoassets tracked by CoinMarketCap * 100,UTC,2024-04-16T00:00:00Z,2026-08-30T10:38:54Z,SETTLED_COMPLETE_DATE,NOT_COMPUTABLE,PASS,PUBLIC_SOURCE_BACKED,Direct CMC historical global-metrics BTC dominance; not TradingView top-125 convention.
2024-04-17,54.2952,CMC_GLOBAL_METRICS_BTC_DOMINANCE,CoinMarketCap,CMC_DIRECT_SOURCE_CONVENTION: Bitcoin market cap / total market cap of cryptoassets tracked by CoinMarketCap * 100,UTC,2024-04-17T00:00:00Z,2026-08-30T10:38:54Z,SETTLED_COMPLETE_DATE,NOT_COMPUTABLE,PASS,PUBLIC_SOURCE_BACKED,Direct CMC historical global-metrics BTC dominance; not TradingView top-125 convention.
2024-04-18,53.911,CMC_GLOBAL_METRICS_BTC_DOMINANCE,CoinMarketCap,CMC_DIRECT_SOURCE_CONVENTION: Bitcoin market cap / total market cap of cryptoassets tracked by CoinMarketCap * 100,UTC,2024-04-18T00:00:00Z,2026-08-30T10:38:54Z,SETTLED_COMPLETE_DATE,NOT_COMPUTABLE,PASS,PUBLIC_SOURCE_BACKED,Direct CMC historical global-metrics BTC dominance; not TradingView top-125 convention.
2024-04-19,54.0763,CMC_GLOBAL_METRICS_BTC_DOMINANCE,CoinMarketCap,CMC_DIRECT_SOURCE_CONVENTION: Bitcoin market cap / total market cap of cryptoassets tracked by CoinMarketCap * 100,UTC,2024-04-19T00:00:00Z,2026-08-30T10:38:54Z,SETTLED_COMPLETE_DATE,NOT_COMPUTABLE,PASS,PUBLIC_SOURCE_BACKED,Direct CMC historical global-metrics BTC dominance; not TradingView top-125 convention.
2024-04-20,54.1493,CMC_GLOBAL_METRICS_BTC_DOMINANCE,CoinMarketCap,CMC_DIRECT_SOURCE_CONVENTION: Bitcoin market cap / total market cap of cryptoassets tracked by CoinMarketCap * 100,UTC,2024-04-20T00:00:00Z,2026-08-30T10:38:54Z,SETTLED_COMPLETE_DATE,NOT_COMPUTABLE,PASS,PUBLIC_SOURCE_BACKED,Direct CMC historical global-metrics BTC dominance; not TradingView top-125 convention.
2024-04-21,53.5058,CMC_GLOBAL_METRICS_BTC_DOMINANCE,CoinMarketCap,CMC_DIRECT_SOURCE_CONVENTION: Bitcoin market cap / total market cap of cryptoassets tracked by CoinMarketCap * 100,UTC,2024-04-21T00:00:00Z,2026-08-30T10:38:54Z,SETTLED_COMPLETE_DATE,NOT_COMPUTABLE,PASS,PUBLIC_SOURCE_BACKED,Direct CMC historical global-metrics BTC dominance; not TradingView top-125 convention.
2024-04-22,53.6288,CMC_GLOBAL_METRICS_BTC_DOMINANCE,CoinMarketCap,CMC_DIRECT_SOURCE_CONVENTION: Bitcoin market cap / total market cap of cryptoassets tracked by CoinMarketCap * 100,UTC,2024-04-22T00:00:00Z,2026-08-30T10:38:54Z,SETTLED_COMPLETE_DATE,NOT_COMPUTABLE,PASS,PUBLIC_SOURCE_BACKED,Direct CMC historical global-metrics BTC dominance; not TradingView top-125 convention.
2024-04-23,53.7411,CMC_GLOBAL_METRICS_BTC_DOMINANCE,CoinMarketCap,CMC_DIRECT_SOURCE_CONVENTION: Bitcoin market cap / total market cap of cryptoassets tracked by CoinMarketCap * 100,UTC,2024-04-23T00:00:00Z,2026-08-30T10:38:54Z,SETTLED_COMPLETE_DATE,NOT_COMPUTABLE,PASS,PUBLIC_SOURCE_BACKED,Direct CMC historical global-metrics BTC dominance; not TradingView top-125 convention.
2024-04-24,53.4884,CMC_GLOBAL_METRICS_BTC_DOMINANCE,CoinMarketCap,CMC_DIRECT_SOURCE_CONVENTION: Bitcoin market cap / total market cap of cryptoassets tracked by CoinMarketCap * 100,UTC,2024-04-24T00:00:00Z,2026-08-30T10:38:54Z,SETTLED_COMPLETE_DATE,NOT_COMPUTABLE,PASS,PUBLIC_SOURCE_BACKED,Direct CMC historical global-metrics BTC dominance; not TradingView top-125 convention.
2024-04-25,53.3767,CMC_GLOBAL_METRICS_BTC_DOMINANCE,CoinMarketCap,CMC_DIRECT_SOURCE_CONVENTION: Bitcoin market cap / total market cap of cryptoassets tracked by CoinMarketCap * 100,UTC,2024-04-25T00:00:00Z,2026-08-30T10:38:54Z,SETTLED_COMPLETE_DATE,NOT_COMPUTABLE,PASS,PUBLIC_SOURCE_BACKED,Direct CMC historical global-metrics BTC dominance; not TradingView top-125 convention.
2024-04-26,53.4126,CMC_GLOBAL_METRICS_BTC_DOMINANCE,CoinMarketCap,CMC_DIRECT_SOURCE_CONVENTION: Bitcoin market cap / total market cap of cryptoassets tracked by CoinMarketCap * 100,UTC,2024-04-26T00:00:00Z,2026-08-30T10:38:54Z,SETTLED_COMPLETE_DATE,NOT_COMPUTABLE,PASS,PUBLIC_SOURCE_BACKED,Direct CMC historical global-metrics BTC dominance; not TradingView top-125 convention.
2024-04-27,53.508,CMC_GLOBAL_METRICS_BTC_DOMINANCE,CoinMarketCap,CMC_DIRECT_SOURCE_CONVENTION: Bitcoin market cap / total market cap of cryptoassets tracked by CoinMarketCap * 100,UTC,2024-04-27T00:00:00Z,2026-08-30T10:38:54Z,SETTLED_COMPLETE_DATE,NOT_COMPUTABLE,PASS,PUBLIC_SOURCE_BACKED,Direct CMC historical global-metrics BTC dominance; not TradingView top-125 convention.
2024-04-28,52.9818,CMC_GLOBAL_METRICS_BTC_DOMINANCE,CoinMarketCap,CMC_DIRECT_SOURCE_CONVENTION: Bitcoin market cap / total market cap of cryptoassets tracked by CoinMarketCap * 100,UTC,2024-04-28T00:00:00Z,2026-08-30T10:38:54Z,SETTLED_COMPLETE_DATE,NOT_COMPUTABLE,PASS,PUBLIC_SOURCE_BACKED,Direct CMC historical global-metrics BTC dominance; not TradingView top-125 convention.
2024-04-29,52.9245,CMC_GLOBAL_METRICS_BTC_DOMINANCE,CoinMarketCap,CMC_DIRECT_SOURCE_CONVENTION: Bitcoin market cap / total market cap of cryptoassets tracked by CoinMarketCap * 100,UTC,2024-04-29T00:00:00Z,2026-08-30T10:38:54Z,SETTLED_COMPLETE_DATE,NOT_COMPUTABLE,PASS,PUBLIC_SOURCE_BACKED,Direct CMC historical global-metrics BTC dominance; not TradingView top-125 convention.
2024-04-30,53.424,CMC_GLOBAL_METRICS_BTC_DOMINANCE,CoinMarketCap,CMC_DIRECT_SOURCE_CONVENTION: Bitcoin market cap / total market cap of cryptoassets tracked by CoinMarketCap * 100,UTC,2024-04-30T00:00:00Z,2026-08-30T10:38:54Z,SETTLED_COMPLETE_DATE,NOT_COMPUTABLE,PASS,PUBLIC_SOURCE_BACKED,Direct CMC historical global-metrics BTC dominance; not TradingView top-125 convention.
2024-05-01,53.4133,CMC_GLOBAL_METRICS_BTC_DOMINANCE,CoinMarketCap,CMC_DIRECT_SOURCE_CONVENTION: Bitcoin market cap / total market cap of cryptoassets tracked by CoinMarketCap * 100,UTC,2024-05-01T00:00:00Z,2026-08-30T10:38:54Z,SETTLED_COMPLETE_DATE,NOT_COMPUTABLE,PASS,PUBLIC_SOURCE_BACKED,Direct CMC historical global-metrics BTC dominance; not TradingView top-125 convention.
2024-05-02,52.4211,CMC_GLOBAL_METRICS_BTC_DOMINANCE,CoinMarketCap,CMC_DIRECT_SOURCE_CONVENTION: Bitcoin market cap / total market cap of cryptoassets tracked by CoinMarketCap * 100,UTC,2024-05-02T00:00:00Z,2026-08-30T10:38:54Z,SETTLED_COMPLETE_DATE,NOT_COMPUTABLE,PASS,PUBLIC_SOURCE_BACKED,Direct CMC historical global-metrics BTC dominance; not TradingView top-125 convention.
2024-05-03,52.6565,CMC_GLOBAL_METRICS_BTC_DOMINANCE,CoinMarketCap,CMC_DIRECT_SOURCE_CONVENTION: Bitcoin market cap / total market cap of cryptoassets tracked by CoinMarketCap * 100,UTC,2024-05-03T00:00:00Z,2026-08-30T10:38:54Z,SETTLED_COMPLETE_DATE,NOT_COMPUTABLE,PASS,PUBLIC_SOURCE_BACKED,Direct CMC historical global-metrics BTC dominance; not TradingView top-125 convention.
2024-05-04,53.2774,CMC_GLOBAL_METRICS_BTC_DOMINANCE,CoinMarketCap,CMC_DIRECT_SOURCE_CONVENTION: Bitcoin market cap / total market cap of cryptoassets tracked by CoinMarketCap * 100,UTC,2024-05-04T00:00:00Z,2026-08-30T10:38:54Z,SETTLED_COMPLETE_DATE,NOT_COMPUTABLE,PASS,PUBLIC_SOURCE_BACKED,Direct CMC historical global-metrics BTC dominance; not TradingView top-125 convention.
2024-05-05,53.5227,CMC_GLOBAL_METRICS_BTC_DOMINANCE,CoinMarketCap,CMC_DIRECT_SOURCE_CONVENTION: Bitcoin market cap / total market cap of cryptoassets tracked by CoinMarketCap * 100,UTC,2024-05-05T00:00:00Z,2026-08-30T10:38:54Z,SETTLED_COMPLETE_DATE,NOT_COMPUTABLE,PASS,PUBLIC_SOURCE_BACKED,Direct CMC historical global-metrics BTC dominance; not TradingView top-125 convention.
2024-05-06,53.3944,CMC_GLOBAL_METRICS_BTC_DOMINANCE,CoinMarketCap,CMC_DIRECT_SOURCE_CONVENTION: Bitcoin market cap / total market cap of cryptoassets tracked by CoinMarketCap * 100,UTC,2024-05-06T00:00:00Z,2026-08-30T10:38:54Z,SETTLED_COMPLETE_DATE,NOT_COMPUTABLE,PASS,PUBLIC_SOURCE_BACKED,Direct CMC historical global-metrics BTC dominance; not TradingView top-125 convention.
2024-05-07,53.3457,CMC_GLOBAL_METRICS_BTC_DOMINANCE,CoinMarketCap,CMC_DIRECT_SOURCE_CONVENTION: Bitcoin market cap / total market cap of cryptoassets tracked by CoinMarketCap * 100,UTC,2024-05-07T00:00:00Z,2026-08-30T10:38:54Z,SETTLED_COMPLETE_DATE,NOT_COMPUTABLE,PASS,PUBLIC_SOURCE_BACKED,Direct CMC historical global-metrics BTC dominance; not TradingView top-125 convention.
2024-05-08,53.4683,CMC_GLOBAL_METRICS_BTC_DOMINANCE,CoinMarketCap,CMC_DIRECT_SOURCE_CONVENTION: Bitcoin market cap / total market cap of cryptoassets tracked by CoinMarketCap * 100,UTC,2024-05-08T00:00:00Z,2026-08-30T10:38:54Z,SETTLED_COMPLETE_DATE,NOT_COMPUTABLE,PASS,PUBLIC_SOURCE_BACKED,Direct CMC historical global-metrics BTC dominance; not TradingView top-125 convention.
2024-05-09,53.2602,CMC_GLOBAL_METRICS_BTC_DOMINANCE,CoinMarketCap,CMC_DIRECT_SOURCE_CONVENTION: Bitcoin market cap / total market cap of cryptoassets tracked by CoinMarketCap * 100,UTC,2024-05-09T00:00:00Z,2026-08-30T10:38:54Z,SETTLED_COMPLETE_DATE,NOT_COMPUTABLE,PASS,PUBLIC_SOURCE_BACKED,Direct CMC historical global-metrics BTC dominance; not TradingView top-125 convention.
2024-05-10,53.3589,CMC_GLOBAL_METRICS_BTC_DOMINANCE,CoinMarketCap,CMC_DIRECT_SOURCE_CONVENTION: Bitcoin market cap / total market cap of cryptoassets tracked by CoinMarketCap * 100,UTC,2024-05-10T00:00:00Z,2026-08-30T10:38:54Z,SETTLED_COMPLETE_DATE,NOT_COMPUTABLE,PASS,PUBLIC_SOURCE_BACKED,Direct CMC historical global-metrics BTC dominance; not TradingView top-125 convention.
2024-05-11,53.2022,CMC_GLOBAL_METRICS_BTC_DOMINANCE,CoinMarketCap,CMC_DIRECT_SOURCE_CONVENTION: Bitcoin market cap / total market cap of cryptoassets tracked by CoinMarketCap * 100,UTC,2024-05-11T00:00:00Z,2026-08-30T10:38:54Z,SETTLED_COMPLETE_DATE,NOT_COMPUTABLE,PASS,PUBLIC_SOURCE_BACKED,Direct CMC historical global-metrics BTC dominance; not TradingView top-125 convention.
2024-05-12,53.2143,CMC_GLOBAL_METRICS_BTC_DOMINANCE,CoinMarketCap,CMC_DIRECT_SOURCE_CONVENTION: Bitcoin market cap / total market cap of cryptoassets tracked by CoinMarketCap * 100,UTC,2024-05-12T00:00:00Z,2026-08-30T10:38:54Z,SETTLED_COMPLETE_DATE,NOT_COMPUTABLE,PASS,PUBLIC_SOURCE_BACKED,Direct CMC historical global-metrics BTC dominance; not TradingView top-125 convention.
2024-05-13,53.4662,CMC_GLOBAL_METRICS_BTC_DOMINANCE,CoinMarketCap,CMC_DIRECT_SOURCE_CONVENTION: Bitcoin market cap / total market cap of cryptoassets tracked by CoinMarketCap * 100,UTC,2024-05-13T00:00:00Z,2026-08-30T10:38:54Z,SETTLED_COMPLETE_DATE,NOT_COMPUTABLE,PASS,PUBLIC_SOURCE_BACKED,Direct CMC historical global-metrics BTC dominance; not TradingView top-125 convention.
2024-05-14,53.9647,CMC_GLOBAL_METRICS_BTC_DOMINANCE,CoinMarketCap,CMC_DIRECT_SOURCE_CONVENTION: Bitcoin market cap / total market cap of cryptoassets tracked by CoinMarketCap * 100,UTC,2024-05-14T00:00:00Z,2026-08-30T10:38:54Z,SETTLED_COMPLETE_DATE,NOT_COMPUTABLE,PASS,PUBLIC_SOURCE_BACKED,Direct CMC historical global-metrics BTC dominance; not TradingView top-125 convention.
2024-05-15,54.0329,CMC_GLOBAL_METRICS_BTC_DOMINANCE,CoinMarketCap,CMC_DIRECT_SOURCE_CONVENTION: Bitcoin market cap / total market cap of cryptoassets tracked by CoinMarketCap * 100,UTC,2024-05-15T00:00:00Z,2026-08-30T10:38:54Z,SETTLED_COMPLETE_DATE,NOT_COMPUTABLE,PASS,PUBLIC_SOURCE_BACKED,Direct CMC historical global-metrics BTC dominance; not TradingView top-125 convention.
2024-05-16,54.5738,CMC_GLOBAL_METRICS_BTC_DOMINANCE,CoinMarketCap,CMC_DIRECT_SOURCE_CONVENTION: Bitcoin market cap / total market cap of cryptoassets tracked by CoinMarketCap * 100,UTC,2024-05-16T00:00:00Z,2026-08-30T10:38:54Z,SETTLED_COMPLETE_DATE,NOT_COMPUTABLE,PASS,PUBLIC_SOURCE_BACKED,Direct CMC historical global-metrics BTC dominance; not TradingView top-125 convention.
2024-05-17,54.5516,CMC_GLOBAL_METRICS_BTC_DOMINANCE,CoinMarketCap,CMC_DIRECT_SOURCE_CONVENTION: Bitcoin market cap / total market cap of cryptoassets tracked by CoinMarketCap * 100,UTC,2024-05-17T00:00:00Z,2026-08-30T10:38:54Z,SETTLED_COMPLETE_DATE,NOT_COMPUTABLE,PASS,PUBLIC_SOURCE_BACKED,Direct CMC historical global-metrics BTC dominance; not TradingView top-125 convention.
2024-05-18,54.4198,CMC_GLOBAL_METRICS_BTC_DOMINANCE,CoinMarketCap,CMC_DIRECT_SOURCE_CONVENTION: Bitcoin market cap / total market cap of cryptoassets tracked by CoinMarketCap * 100,UTC,2024-05-18T00:00:00Z,2026-08-30T10:38:54Z,SETTLED_COMPLETE_DATE,NOT_COMPUTABLE,PASS,PUBLIC_SOURCE_BACKED,Direct CMC historical global-metrics BTC dominance; not TradingView top-125 convention.
2024-05-19,54.2811,CMC_GLOBAL_METRICS_BTC_DOMINANCE,CoinMarketCap,CMC_DIRECT_SOURCE_CONVENTION: Bitcoin market cap / total market cap of cryptoassets tracked by CoinMarketCap * 100,UTC,2024-05-19T00:00:00Z,2026-08-30T10:38:54Z,SETTLED_COMPLETE_DATE,NOT_COMPUTABLE,PASS,PUBLIC_SOURCE_BACKED,Direct CMC historical global-metrics BTC dominance; not TradingView top-125 convention.
2024-05-20,54.5158,CMC_GLOBAL_METRICS_BTC_DOMINANCE,CoinMarketCap,CMC_DIRECT_SOURCE_CONVENTION: Bitcoin market cap / total market cap of cryptoassets tracked by CoinMarketCap * 100,UTC,2024-05-20T00:00:00Z,2026-08-30T10:38:54Z,SETTLED_COMPLETE_DATE,NOT_COMPUTABLE,PASS,PUBLIC_SOURCE_BACKED,Direct CMC historical global-metrics BTC dominance; not TradingView top-125 convention.
2024-05-21,53.8069,CMC_GLOBAL_METRICS_BTC_DOMINANCE,CoinMarketCap,CMC_DIRECT_SOURCE_CONVENTION: Bitcoin market cap / total market cap of cryptoassets tracked by CoinMarketCap * 100,UTC,2024-05-21T00:00:00Z,2026-08-30T10:38:54Z,SETTLED_COMPLETE_DATE,NOT_COMPUTABLE,PASS,PUBLIC_SOURCE_BACKED,Direct CMC historical global-metrics BTC dominance; not TradingView top-125 convention.
2024-05-22,53.0587,CMC_GLOBAL_METRICS_BTC_DOMINANCE,CoinMarketCap,CMC_DIRECT_SOURCE_CONVENTION: Bitcoin market cap / total market cap of cryptoassets tracked by CoinMarketCap * 100,UTC,2024-05-22T00:00:00Z,2026-08-30T10:38:54Z,SETTLED_COMPLETE_DATE,NOT_COMPUTABLE,PASS,PUBLIC_SOURCE_BACKED,Direct CMC historical global-metrics BTC dominance; not TradingView top-125 convention.
2024-05-23,52.9744,CMC_GLOBAL_METRICS_BTC_DOMINANCE,CoinMarketCap,CMC_DIRECT_SOURCE_CONVENTION: Bitcoin market cap / total market cap of cryptoassets tracked by CoinMarketCap * 100,UTC,2024-05-23T00:00:00Z,2026-08-30T10:38:54Z,SETTLED_COMPLETE_DATE,NOT_COMPUTABLE,PASS,PUBLIC_SOURCE_BACKED,Direct CMC historical global-metrics BTC dominance; not TradingView top-125 convention.
2024-05-24,52.6568,CMC_GLOBAL_METRICS_BTC_DOMINANCE,CoinMarketCap,CMC_DIRECT_SOURCE_CONVENTION: Bitcoin market cap / total market cap of cryptoassets tracked by CoinMarketCap * 100,UTC,2024-05-24T00:00:00Z,2026-08-30T10:38:54Z,SETTLED_COMPLETE_DATE,NOT_COMPUTABLE,PASS,PUBLIC_SOURCE_BACKED,Direct CMC historical global-metrics BTC dominance; not TradingView top-125 convention.
2024-05-25,53.0021,CMC_GLOBAL_METRICS_BTC_DOMINANCE,CoinMarketCap,CMC_DIRECT_SOURCE_CONVENTION: Bitcoin market cap / total market cap of cryptoassets tracked by CoinMarketCap * 100,UTC,2024-05-25T00:00:00Z,2026-08-30T10:38:54Z,SETTLED_COMPLETE_DATE,NOT_COMPUTABLE,PASS,PUBLIC_SOURCE_BACKED,Direct CMC historical global-metrics BTC dominance; not TradingView top-125 convention.
2024-05-26,53.0431,CMC_GLOBAL_METRICS_BTC_DOMINANCE,CoinMarketCap,CMC_DIRECT_SOURCE_CONVENTION: Bitcoin market cap / total market cap of cryptoassets tracked by CoinMarketCap * 100,UTC,2024-05-26T00:00:00Z,2026-08-30T10:38:54Z,SETTLED_COMPLETE_DATE,NOT_COMPUTABLE,PASS,PUBLIC_SOURCE_BACKED,Direct CMC historical global-metrics BTC dominance; not TradingView top-125 convention.
2024-05-27,52.7643,CMC_GLOBAL_METRICS_BTC_DOMINANCE,CoinMarketCap,CMC_DIRECT_SOURCE_CONVENTION: Bitcoin market cap / total market cap of cryptoassets tracked by CoinMarketCap * 100,UTC,2024-05-27T00:00:00Z,2026-08-30T10:38:54Z,SETTLED_COMPLETE_DATE,NOT_COMPUTABLE,PASS,PUBLIC_SOURCE_BACKED,Direct CMC historical global-metrics BTC dominance; not TradingView top-125 convention.
2024-05-28,52.6364,CMC_GLOBAL_METRICS_BTC_DOMINANCE,CoinMarketCap,CMC_DIRECT_SOURCE_CONVENTION: Bitcoin market cap / total market cap of cryptoassets tracked by CoinMarketCap * 100,UTC,2024-05-28T00:00:00Z,2026-08-30T10:38:54Z,SETTLED_COMPLETE_DATE,NOT_COMPUTABLE,PASS,PUBLIC_SOURCE_BACKED,Direct CMC historical global-metrics BTC dominance; not TradingView top-125 convention.
2024-05-29,52.4616,CMC_GLOBAL_METRICS_BTC_DOMINANCE,CoinMarketCap,CMC_DIRECT_SOURCE_CONVENTION: Bitcoin market cap / total market cap of cryptoassets tracked by CoinMarketCap * 100,UTC,2024-05-29T00:00:00Z,2026-08-30T10:38:54Z,SETTLED_COMPLETE_DATE,NOT_COMPUTABLE,PASS,PUBLIC_SOURCE_BACKED,Direct CMC historical global-metrics BTC dominance; not TradingView top-125 convention.
2024-05-30,52.684,CMC_GLOBAL_METRICS_BTC_DOMINANCE,CoinMarketCap,CMC_DIRECT_SOURCE_CONVENTION: Bitcoin market cap / total market cap of cryptoassets tracked by CoinMarketCap * 100,UTC,2024-05-30T00:00:00Z,2026-08-30T10:38:54Z,SETTLED_COMPLETE_DATE,NOT_COMPUTABLE,PASS,PUBLIC_SOURCE_BACKED,Direct CMC historical global-metrics BTC dominance; not TradingView top-125 convention.
2024-05-31,53.0807,CMC_GLOBAL_METRICS_BTC_DOMINANCE,CoinMarketCap,CMC_DIRECT_SOURCE_CONVENTION: Bitcoin market cap / total market cap of cryptoassets tracked by CoinMarketCap * 100,UTC,2024-05-31T00:00:00Z,2026-08-30T10:38:54Z,SETTLED_COMPLETE_DATE,NOT_COMPUTABLE,PASS,PUBLIC_SOURCE_BACKED,Direct CMC historical global-metrics BTC dominance; not TradingView top-125 convention.
2024-06-01,52.7744,CMC_GLOBAL_METRICS_BTC_DOMINANCE,CoinMarketCap,CMC_DIRECT_SOURCE_CONVENTION: Bitcoin market cap / total market cap of cryptoassets tracked by CoinMarketCap * 100,UTC,2024-06-01T00:00:00Z,2026-08-30T10:38:54Z,SETTLED_COMPLETE_DATE,NOT_COMPUTABLE,PASS,PUBLIC_SOURCE_BACKED,Direct CMC historical global-metrics BTC dominance; not TradingView top-125 convention.
2024-06-02,52.6545,CMC_GLOBAL_METRICS_BTC_DOMINANCE,CoinMarketCap,CMC_DIRECT_SOURCE_CONVENTION: Bitcoin market cap / total market cap of cryptoassets tracked by CoinMarketCap * 100,UTC,2024-06-02T00:00:00Z,2026-08-30T10:38:54Z,SETTLED_COMPLETE_DATE,NOT_COMPUTABLE,PASS,PUBLIC_SOURCE_BACKED,Direct CMC historical global-metrics BTC dominance; not TradingView top-125 convention.
2024-06-03,52.8211,CMC_GLOBAL_METRICS_BTC_DOMINANCE,CoinMarketCap,CMC_DIRECT_SOURCE_CONVENTION: Bitcoin market cap / total market cap of cryptoassets tracked by CoinMarketCap * 100,UTC,2024-06-03T00:00:00Z,2026-08-30T10:38:54Z,SETTLED_COMPLETE_DATE,NOT_COMPUTABLE,PASS,PUBLIC_SOURCE_BACKED,Direct CMC historical global-metrics BTC dominance; not TradingView top-125 convention.
2024-06-04,53.1059,CMC_GLOBAL_METRICS_BTC_DOMINANCE,CoinMarketCap,CMC_DIRECT_SOURCE_CONVENTION: Bitcoin market cap / total market cap of cryptoassets tracked by CoinMarketCap * 100,UTC,2024-06-04T00:00:00Z,2026-08-30T10:38:54Z,SETTLED_COMPLETE_DATE,NOT_COMPUTABLE,PASS,PUBLIC_SOURCE_BACKED,Direct CMC historical global-metrics BTC dominance; not TradingView top-125 convention.
2024-06-05,53.1495,CMC_GLOBAL_METRICS_BTC_DOMINANCE,CoinMarketCap,CMC_DIRECT_SOURCE_CONVENTION: Bitcoin market cap / total market cap of cryptoassets tracked by CoinMarketCap * 100,UTC,2024-06-05T00:00:00Z,2026-08-30T10:38:54Z,SETTLED_COMPLETE_DATE,NOT_COMPUTABLE,PASS,PUBLIC_SOURCE_BACKED,Direct CMC historical global-metrics BTC dominance; not TradingView top-125 convention.
2024-06-06,53.0347,CMC_GLOBAL_METRICS_BTC_DOMINANCE,CoinMarketCap,CMC_DIRECT_SOURCE_CONVENTION: Bitcoin market cap / total market cap of cryptoassets tracked by CoinMarketCap * 100,UTC,2024-06-06T00:00:00Z,2026-08-30T10:38:54Z,SETTLED_COMPLETE_DATE,NOT_COMPUTABLE,PASS,PUBLIC_SOURCE_BACKED,Direct CMC historical global-metrics BTC dominance; not TradingView top-125 convention.
2024-06-07,53.151,CMC_GLOBAL_METRICS_BTC_DOMINANCE,CoinMarketCap,CMC_DIRECT_SOURCE_CONVENTION: Bitcoin market cap / total market cap of cryptoassets tracked by CoinMarketCap * 100,UTC,2024-06-07T00:00:00Z,2026-08-30T10:38:54Z,SETTLED_COMPLETE_DATE,NOT_COMPUTABLE,PASS,PUBLIC_SOURCE_BACKED,Direct CMC historical global-metrics BTC dominance; not TradingView top-125 convention.
2024-06-08,53.6546,CMC_GLOBAL_METRICS_BTC_DOMINANCE,CoinMarketCap,CMC_DIRECT_SOURCE_CONVENTION: Bitcoin market cap / total market cap of cryptoassets tracked by CoinMarketCap * 100,UTC,2024-06-08T00:00:00Z,2026-08-30T10:38:54Z,SETTLED_COMPLETE_DATE,NOT_COMPUTABLE,PASS,PUBLIC_SOURCE_BACKED,Direct CMC historical global-metrics BTC dominance; not TradingView top-125 convention.
2024-06-09,53.9207,CMC_GLOBAL_METRICS_BTC_DOMINANCE,CoinMarketCap,CMC_DIRECT_SOURCE_CONVENTION: Bitcoin market cap / total market cap of cryptoassets tracked by CoinMarketCap * 100,UTC,2024-06-09T00:00:00Z,2026-08-30T10:38:54Z,SETTLED_COMPLETE_DATE,NOT_COMPUTABLE,PASS,PUBLIC_SOURCE_BACKED,Direct CMC historical global-metrics BTC dominance; not TradingView top-125 convention.
2024-06-10,53.8448,CMC_GLOBAL_METRICS_BTC_DOMINANCE,CoinMarketCap,CMC_DIRECT_SOURCE_CONVENTION: Bitcoin market cap / total market cap of cryptoassets tracked by CoinMarketCap * 100,UTC,2024-06-10T00:00:00Z,2026-08-30T10:38:54Z,SETTLED_COMPLETE_DATE,NOT_COMPUTABLE,PASS,PUBLIC_SOURCE_BACKED,Direct CMC historical global-metrics BTC dominance; not TradingView top-125 convention.
2024-06-11,54.2512,CMC_GLOBAL_METRICS_BTC_DOMINANCE,CoinMarketCap,CMC_DIRECT_SOURCE_CONVENTION: Bitcoin market cap / total market cap of cryptoassets tracked by CoinMarketCap * 100,UTC,2024-06-11T00:00:00Z,2026-08-30T10:38:54Z,SETTLED_COMPLETE_DATE,NOT_COMPUTABLE,PASS,PUBLIC_SOURCE_BACKED,Direct CMC historical global-metrics BTC dominance; not TradingView top-125 convention.
2024-06-12,54.4304,CMC_GLOBAL_METRICS_BTC_DOMINANCE,CoinMarketCap,CMC_DIRECT_SOURCE_CONVENTION: Bitcoin market cap / total market cap of cryptoassets tracked by CoinMarketCap * 100,UTC,2024-06-12T00:00:00Z,2026-08-30T10:38:54Z,SETTLED_COMPLETE_DATE,NOT_COMPUTABLE,PASS,PUBLIC_SOURCE_BACKED,Direct CMC historical global-metrics BTC dominance; not TradingView top-125 convention.
2024-06-13,54.0922,CMC_GLOBAL_METRICS_BTC_DOMINANCE,CoinMarketCap,CMC_DIRECT_SOURCE_CONVENTION: Bitcoin market cap / total market cap of cryptoassets tracked by CoinMarketCap * 100,UTC,2024-06-13T00:00:00Z,2026-08-30T10:38:54Z,SETTLED_COMPLETE_DATE,NOT_COMPUTABLE,PASS,PUBLIC_SOURCE_BACKED,Direct CMC historical global-metrics BTC dominance; not TradingView top-125 convention.
2024-06-14,54.3245,CMC_GLOBAL_METRICS_BTC_DOMINANCE,CoinMarketCap,CMC_DIRECT_SOURCE_CONVENTION: Bitcoin market cap / total market cap of cryptoassets tracked by CoinMarketCap * 100,UTC,2024-06-14T00:00:00Z,2026-08-30T10:38:54Z,SETTLED_COMPLETE_DATE,NOT_COMPUTABLE,PASS,PUBLIC_SOURCE_BACKED,Direct CMC historical global-metrics BTC dominance; not TradingView top-125 convention.
2024-06-15,54.2257,CMC_GLOBAL_METRICS_BTC_DOMINANCE,CoinMarketCap,CMC_DIRECT_SOURCE_CONVENTION: Bitcoin market cap / total market cap of cryptoassets tracked by CoinMarketCap * 100,UTC,2024-06-15T00:00:00Z,2026-08-30T10:38:54Z,SETTLED_COMPLETE_DATE,NOT_COMPUTABLE,PASS,PUBLIC_SOURCE_BACKED,Direct CMC historical global-metrics BTC dominance; not TradingView top-125 convention.
2024-06-16,53.9242,CMC_GLOBAL_METRICS_BTC_DOMINANCE,CoinMarketCap,CMC_DIRECT_SOURCE_CONVENTION: Bitcoin market cap / total market cap of cryptoassets tracked by CoinMarketCap * 100,UTC,2024-06-16T00:00:00Z,2026-08-30T10:38:54Z,SETTLED_COMPLETE_DATE,NOT_COMPUTABLE,PASS,PUBLIC_SOURCE_BACKED,Direct CMC historical global-metrics BTC dominance; not TradingView top-125 convention.
2024-06-17,53.7876,CMC_GLOBAL_METRICS_BTC_DOMINANCE,CoinMarketCap,CMC_DIRECT_SOURCE_CONVENTION: Bitcoin market cap / total market cap of cryptoassets tracked by CoinMarketCap * 100,UTC,2024-06-17T00:00:00Z,2026-08-30T10:38:54Z,SETTLED_COMPLETE_DATE,NOT_COMPUTABLE,PASS,PUBLIC_SOURCE_BACKED,Direct CMC historical global-metrics BTC dominance; not TradingView top-125 convention.
2024-06-18,54.5919,CMC_GLOBAL_METRICS_BTC_DOMINANCE,CoinMarketCap,CMC_DIRECT_SOURCE_CONVENTION: Bitcoin market cap / total market cap of cryptoassets tracked by CoinMarketCap * 100,UTC,2024-06-18T00:00:00Z,2026-08-30T10:38:54Z,SETTLED_COMPLETE_DATE,NOT_COMPUTABLE,PASS,PUBLIC_SOURCE_BACKED,Direct CMC historical global-metrics BTC dominance; not TradingView top-125 convention.
2024-06-19,54.5436,CMC_GLOBAL_METRICS_BTC_DOMINANCE,CoinMarketCap,CMC_DIRECT_SOURCE_CONVENTION: Bitcoin market cap / total market cap of cryptoassets tracked by CoinMarketCap * 100,UTC,2024-06-19T00:00:00Z,2026-08-30T10:38:54Z,SETTLED_COMPLETE_DATE,NOT_COMPUTABLE,PASS,PUBLIC_SOURCE_BACKED,Direct CMC historical global-metrics BTC dominance; not TradingView top-125 convention.
2024-06-20,54.1107,CMC_GLOBAL_METRICS_BTC_DOMINANCE,CoinMarketCap,CMC_DIRECT_SOURCE_CONVENTION: Bitcoin market cap / total market cap of cryptoassets tracked by CoinMarketCap * 100,UTC,2024-06-20T00:00:00Z,2026-08-30T10:38:54Z,SETTLED_COMPLETE_DATE,NOT_COMPUTABLE,PASS,PUBLIC_SOURCE_BACKED,Direct CMC historical global-metrics BTC dominance; not TradingView top-125 convention.
2024-06-21,54.2113,CMC_GLOBAL_METRICS_BTC_DOMINANCE,CoinMarketCap,CMC_DIRECT_SOURCE_CONVENTION: Bitcoin market cap / total market cap of cryptoassets tracked by CoinMarketCap * 100,UTC,2024-06-21T00:00:00Z,2026-08-30T10:38:54Z,SETTLED_COMPLETE_DATE,NOT_COMPUTABLE,PASS,PUBLIC_SOURCE_BACKED,Direct CMC historical global-metrics BTC dominance; not TradingView top-125 convention.
2024-06-22,53.9532,CMC_GLOBAL_METRICS_BTC_DOMINANCE,CoinMarketCap,CMC_DIRECT_SOURCE_CONVENTION: Bitcoin market cap / total market cap of cryptoassets tracked by CoinMarketCap * 100,UTC,2024-06-22T00:00:00Z,2026-08-30T10:38:54Z,SETTLED_COMPLETE_DATE,NOT_COMPUTABLE,PASS,PUBLIC_SOURCE_BACKED,Direct CMC historical global-metrics BTC dominance; not TradingView top-125 convention.
2024-06-23,54.0702,CMC_GLOBAL_METRICS_BTC_DOMINANCE,CoinMarketCap,CMC_DIRECT_SOURCE_CONVENTION: Bitcoin market cap / total market cap of cryptoassets tracked by CoinMarketCap * 100,UTC,2024-06-23T00:00:00Z,2026-08-30T10:38:54Z,SETTLED_COMPLETE_DATE,NOT_COMPUTABLE,PASS,PUBLIC_SOURCE_BACKED,Direct CMC historical global-metrics BTC dominance; not TradingView top-125 convention.
2024-06-24,54.1414,CMC_GLOBAL_METRICS_BTC_DOMINANCE,CoinMarketCap,CMC_DIRECT_SOURCE_CONVENTION: Bitcoin market cap / total market cap of cryptoassets tracked by CoinMarketCap * 100,UTC,2024-06-24T00:00:00Z,2026-08-30T10:38:54Z,SETTLED_COMPLETE_DATE,NOT_COMPUTABLE,PASS,PUBLIC_SOURCE_BACKED,Direct CMC historical global-metrics BTC dominance; not TradingView top-125 convention.
2024-06-25,53.2762,CMC_GLOBAL_METRICS_BTC_DOMINANCE,CoinMarketCap,CMC_DIRECT_SOURCE_CONVENTION: Bitcoin market cap / total market cap of cryptoassets tracked by CoinMarketCap * 100,UTC,2024-06-25T00:00:00Z,2026-08-30T10:38:54Z,SETTLED_COMPLETE_DATE,NOT_COMPUTABLE,PASS,PUBLIC_SOURCE_BACKED,Direct CMC historical global-metrics BTC dominance; not TradingView top-125 convention.
2024-06-26,53.4598,CMC_GLOBAL_METRICS_BTC_DOMINANCE,CoinMarketCap,CMC_DIRECT_SOURCE_CONVENTION: Bitcoin market cap / total market cap of cryptoassets tracked by CoinMarketCap * 100,UTC,2024-06-26T00:00:00Z,2026-08-30T10:38:54Z,SETTLED_COMPLETE_DATE,NOT_COMPUTABLE,PASS,PUBLIC_SOURCE_BACKED,Direct CMC historical global-metrics BTC dominance; not TradingView top-125 convention.
2024-06-27,53.262,CMC_GLOBAL_METRICS_BTC_DOMINANCE,CoinMarketCap,CMC_DIRECT_SOURCE_CONVENTION: Bitcoin market cap / total market cap of cryptoassets tracked by CoinMarketCap * 100,UTC,2024-06-27T00:00:00Z,2026-08-30T10:38:54Z,SETTLED_COMPLETE_DATE,NOT_COMPUTABLE,PASS,PUBLIC_SOURCE_BACKED,Direct CMC historical global-metrics BTC dominance; not TradingView top-125 convention.
2024-06-28,53.0357,CMC_GLOBAL_METRICS_BTC_DOMINANCE,CoinMarketCap,CMC_DIRECT_SOURCE_CONVENTION: Bitcoin market cap / total market cap of cryptoassets tracked by CoinMarketCap * 100,UTC,2024-06-28T00:00:00Z,2026-08-30T10:38:54Z,SETTLED_COMPLETE_DATE,NOT_COMPUTABLE,PASS,PUBLIC_SOURCE_BACKED,Direct CMC historical global-metrics BTC dominance; not TradingView top-125 convention.
2024-06-29,53.1088,CMC_GLOBAL_METRICS_BTC_DOMINANCE,CoinMarketCap,CMC_DIRECT_SOURCE_CONVENTION: Bitcoin market cap / total market cap of cryptoassets tracked by CoinMarketCap * 100,UTC,2024-06-29T00:00:00Z,2026-08-30T10:38:54Z,SETTLED_COMPLETE_DATE,NOT_COMPUTABLE,PASS,PUBLIC_SOURCE_BACKED,Direct CMC historical global-metrics BTC dominance; not TradingView top-125 convention.
2024-06-30,53.3678,CMC_GLOBAL_METRICS_BTC_DOMINANCE,CoinMarketCap,CMC_DIRECT_SOURCE_CONVENTION: Bitcoin market cap / total market cap of cryptoassets tracked by CoinMarketCap * 100,UTC,2024-06-30T00:00:00Z,2026-08-30T10:38:54Z,SETTLED_COMPLETE_DATE,NOT_COMPUTABLE,PASS,PUBLIC_SOURCE_BACKED,Direct CMC historical global-metrics BTC dominance; not TradingView top-125 convention.
2024-07-01,53.5727,CMC_GLOBAL_METRICS_BTC_DOMINANCE,CoinMarketCap,CMC_DIRECT_SOURCE_CONVENTION: Bitcoin market cap / total market cap of cryptoassets tracked by CoinMarketCap * 100,UTC,2024-07-01T00:00:00Z,2026-08-30T10:38:54Z,SETTLED_COMPLETE_DATE,NOT_COMPUTABLE,PASS,PUBLIC_SOURCE_BACKED,Direct CMC historical global-metrics BTC dominance; not TradingView top-125 convention.
2024-07-02,53.6054,CMC_GLOBAL_METRICS_BTC_DOMINANCE,CoinMarketCap,CMC_DIRECT_SOURCE_CONVENTION: Bitcoin market cap / total market cap of cryptoassets tracked by CoinMarketCap * 100,UTC,2024-07-02T00:00:00Z,2026-08-30T10:38:54Z,SETTLED_COMPLETE_DATE,NOT_COMPUTABLE,PASS,PUBLIC_SOURCE_BACKED,Direct CMC historical global-metrics BTC dominance; not TradingView top-125 convention.
2024-07-03,53.2311,CMC_GLOBAL_METRICS_BTC_DOMINANCE,CoinMarketCap,CMC_DIRECT_SOURCE_CONVENTION: Bitcoin market cap / total market cap of cryptoassets tracked by CoinMarketCap * 100,UTC,2024-07-03T00:00:00Z,2026-08-30T10:38:54Z,SETTLED_COMPLETE_DATE,NOT_COMPUTABLE,PASS,PUBLIC_SOURCE_BACKED,Direct CMC historical global-metrics BTC dominance; not TradingView top-125 convention.
2024-07-04,53.4547,CMC_GLOBAL_METRICS_BTC_DOMINANCE,CoinMarketCap,CMC_DIRECT_SOURCE_CONVENTION: Bitcoin market cap / total market cap of cryptoassets tracked by CoinMarketCap * 100,UTC,2024-07-04T00:00:00Z,2026-08-30T10:38:54Z,SETTLED_COMPLETE_DATE,NOT_COMPUTABLE,PASS,PUBLIC_SOURCE_BACKED,Direct CMC historical global-metrics BTC dominance; not TradingView top-125 convention.
2024-07-05,53.8598,CMC_GLOBAL_METRICS_BTC_DOMINANCE,CoinMarketCap,CMC_DIRECT_SOURCE_CONVENTION: Bitcoin market cap / total market cap of cryptoassets tracked by CoinMarketCap * 100,UTC,2024-07-05T00:00:00Z,2026-08-30T10:38:54Z,SETTLED_COMPLETE_DATE,NOT_COMPUTABLE,PASS,PUBLIC_SOURCE_BACKED,Direct CMC historical global-metrics BTC dominance; not TradingView top-125 convention.
2024-07-06,54.0287,CMC_GLOBAL_METRICS_BTC_DOMINANCE,CoinMarketCap,CMC_DIRECT_SOURCE_CONVENTION: Bitcoin market cap / total market cap of cryptoassets tracked by CoinMarketCap * 100,UTC,2024-07-06T00:00:00Z,2026-08-30T10:38:54Z,SETTLED_COMPLETE_DATE,NOT_COMPUTABLE,PASS,PUBLIC_SOURCE_BACKED,Direct CMC historical global-metrics BTC dominance; not TradingView top-125 convention.
2024-07-07,53.6949,CMC_GLOBAL_METRICS_BTC_DOMINANCE,CoinMarketCap,CMC_DIRECT_SOURCE_CONVENTION: Bitcoin market cap / total market cap of cryptoassets tracked by CoinMarketCap * 100,UTC,2024-07-07T00:00:00Z,2026-08-30T10:38:54Z,SETTLED_COMPLETE_DATE,NOT_COMPUTABLE,PASS,PUBLIC_SOURCE_BACKED,Direct CMC historical global-metrics BTC dominance; not TradingView top-125 convention.
2024-07-08,53.921,CMC_GLOBAL_METRICS_BTC_DOMINANCE,CoinMarketCap,CMC_DIRECT_SOURCE_CONVENTION: Bitcoin market cap / total market cap of cryptoassets tracked by CoinMarketCap * 100,UTC,2024-07-08T00:00:00Z,2026-08-30T10:38:54Z,SETTLED_COMPLETE_DATE,NOT_COMPUTABLE,PASS,PUBLIC_SOURCE_BACKED,Direct CMC historical global-metrics BTC dominance; not TradingView top-125 convention.
2024-07-09,53.5826,CMC_GLOBAL_METRICS_BTC_DOMINANCE,CoinMarketCap,CMC_DIRECT_SOURCE_CONVENTION: Bitcoin market cap / total market cap of cryptoassets tracked by CoinMarketCap * 100,UTC,2024-07-09T00:00:00Z,2026-08-30T10:38:54Z,SETTLED_COMPLETE_DATE,NOT_COMPUTABLE,PASS,PUBLIC_SOURCE_BACKED,Direct CMC historical global-metrics BTC dominance; not TradingView top-125 convention.
2024-07-10,53.7796,CMC_GLOBAL_METRICS_BTC_DOMINANCE,CoinMarketCap,CMC_DIRECT_SOURCE_CONVENTION: Bitcoin market cap / total market cap of cryptoassets tracked by CoinMarketCap * 100,UTC,2024-07-10T00:00:00Z,2026-08-30T10:38:54Z,SETTLED_COMPLETE_DATE,NOT_COMPUTABLE,PASS,PUBLIC_SOURCE_BACKED,Direct CMC historical global-metrics BTC dominance; not TradingView top-125 convention.
2024-07-11,53.4371,CMC_GLOBAL_METRICS_BTC_DOMINANCE,CoinMarketCap,CMC_DIRECT_SOURCE_CONVENTION: Bitcoin market cap / total market cap of cryptoassets tracked by CoinMarketCap * 100,UTC,2024-07-11T00:00:00Z,2026-08-30T10:38:54Z,SETTLED_COMPLETE_DATE,NOT_COMPUTABLE,PASS,PUBLIC_SOURCE_BACKED,Direct CMC historical global-metrics BTC dominance; not TradingView top-125 convention.
2024-07-12,53.4103,CMC_GLOBAL_METRICS_BTC_DOMINANCE,CoinMarketCap,CMC_DIRECT_SOURCE_CONVENTION: Bitcoin market cap / total market cap of cryptoassets tracked by CoinMarketCap * 100,UTC,2024-07-12T00:00:00Z,2026-08-30T10:38:54Z,SETTLED_COMPLETE_DATE,NOT_COMPUTABLE,PASS,PUBLIC_SOURCE_BACKED,Direct CMC historical global-metrics BTC dominance; not TradingView top-125 convention.
2024-07-13,53.2807,CMC_GLOBAL_METRICS_BTC_DOMINANCE,CoinMarketCap,CMC_DIRECT_SOURCE_CONVENTION: Bitcoin market cap / total market cap of cryptoassets tracked by CoinMarketCap * 100,UTC,2024-07-13T00:00:00Z,2026-08-30T10:38:54Z,SETTLED_COMPLETE_DATE,NOT_COMPUTABLE,PASS,PUBLIC_SOURCE_BACKED,Direct CMC historical global-metrics BTC dominance; not TradingView top-125 convention.
2024-07-14,53.4629,CMC_GLOBAL_METRICS_BTC_DOMINANCE,CoinMarketCap,CMC_DIRECT_SOURCE_CONVENTION: Bitcoin market cap / total market cap of cryptoassets tracked by CoinMarketCap * 100,UTC,2024-07-14T00:00:00Z,2026-08-30T10:38:54Z,SETTLED_COMPLETE_DATE,NOT_COMPUTABLE,PASS,PUBLIC_SOURCE_BACKED,Direct CMC historical global-metrics BTC dominance; not TradingView top-125 convention.
2024-07-15,53.6361,CMC_GLOBAL_METRICS_BTC_DOMINANCE,CoinMarketCap,CMC_DIRECT_SOURCE_CONVENTION: Bitcoin market cap / total market cap of cryptoassets tracked by CoinMarketCap * 100,UTC,2024-07-15T00:00:00Z,2026-08-30T10:38:54Z,SETTLED_COMPLETE_DATE,NOT_COMPUTABLE,PASS,PUBLIC_SOURCE_BACKED,Direct CMC historical global-metrics BTC dominance; not TradingView top-125 convention.
2024-07-16,53.7916,CMC_GLOBAL_METRICS_BTC_DOMINANCE,CoinMarketCap,CMC_DIRECT_SOURCE_CONVENTION: Bitcoin market cap / total market cap of cryptoassets tracked by CoinMarketCap * 100,UTC,2024-07-16T00:00:00Z,2026-08-30T10:38:54Z,SETTLED_COMPLETE_DATE,NOT_COMPUTABLE,PASS,PUBLIC_SOURCE_BACKED,Direct CMC historical global-metrics BTC dominance; not TradingView top-125 convention.
2024-07-17,53.9952,CMC_GLOBAL_METRICS_BTC_DOMINANCE,CoinMarketCap,CMC_DIRECT_SOURCE_CONVENTION: Bitcoin market cap / total market cap of cryptoassets tracked by CoinMarketCap * 100,UTC,2024-07-17T00:00:00Z,2026-08-30T10:38:54Z,SETTLED_COMPLETE_DATE,NOT_COMPUTABLE,PASS,PUBLIC_SOURCE_BACKED,Direct CMC historical global-metrics BTC dominance; not TradingView top-125 convention.
2024-07-18,53.8769,CMC_GLOBAL_METRICS_BTC_DOMINANCE,CoinMarketCap,CMC_DIRECT_SOURCE_CONVENTION: Bitcoin market cap / total market cap of cryptoassets tracked by CoinMarketCap * 100,UTC,2024-07-18T00:00:00Z,2026-08-30T10:38:54Z,SETTLED_COMPLETE_DATE,NOT_COMPUTABLE,PASS,PUBLIC_SOURCE_BACKED,Direct CMC historical global-metrics BTC dominance; not TradingView top-125 convention.
2024-07-19,53.8012,CMC_GLOBAL_METRICS_BTC_DOMINANCE,CoinMarketCap,CMC_DIRECT_SOURCE_CONVENTION: Bitcoin market cap / total market cap of cryptoassets tracked by CoinMarketCap * 100,UTC,2024-07-19T00:00:00Z,2026-08-30T10:38:54Z,SETTLED_COMPLETE_DATE,NOT_COMPUTABLE,PASS,PUBLIC_SOURCE_BACKED,Direct CMC historical global-metrics BTC dominance; not TradingView top-125 convention.
2024-07-20,54.1749,CMC_GLOBAL_METRICS_BTC_DOMINANCE,CoinMarketCap,CMC_DIRECT_SOURCE_CONVENTION: Bitcoin market cap / total market cap of cryptoassets tracked by CoinMarketCap * 100,UTC,2024-07-20T00:00:00Z,2026-08-30T10:38:54Z,SETTLED_COMPLETE_DATE,NOT_COMPUTABLE,PASS,PUBLIC_SOURCE_BACKED,Direct CMC historical global-metrics BTC dominance; not TradingView top-125 convention.
2024-07-21,54.1664,CMC_GLOBAL_METRICS_BTC_DOMINANCE,CoinMarketCap,CMC_DIRECT_SOURCE_CONVENTION: Bitcoin market cap / total market cap of cryptoassets tracked by CoinMarketCap * 100,UTC,2024-07-21T00:00:00Z,2026-08-30T10:38:54Z,SETTLED_COMPLETE_DATE,NOT_COMPUTABLE,PASS,PUBLIC_SOURCE_BACKED,Direct CMC historical global-metrics BTC dominance; not TradingView top-125 convention.
2024-07-22,54.2109,CMC_GLOBAL_METRICS_BTC_DOMINANCE,CoinMarketCap,CMC_DIRECT_SOURCE_CONVENTION: Bitcoin market cap / total market cap of cryptoassets tracked by CoinMarketCap * 100,UTC,2024-07-22T00:00:00Z,2026-08-30T10:38:54Z,SETTLED_COMPLETE_DATE,NOT_COMPUTABLE,PASS,PUBLIC_SOURCE_BACKED,Direct CMC historical global-metrics BTC dominance; not TradingView top-125 convention.
2024-07-23,54.6667,CMC_GLOBAL_METRICS_BTC_DOMINANCE,CoinMarketCap,CMC_DIRECT_SOURCE_CONVENTION: Bitcoin market cap / total market cap of cryptoassets tracked by CoinMarketCap * 100,UTC,2024-07-23T00:00:00Z,2026-08-30T10:38:54Z,SETTLED_COMPLETE_DATE,NOT_COMPUTABLE,PASS,PUBLIC_SOURCE_BACKED,Direct CMC historical global-metrics BTC dominance; not TradingView top-125 convention.
2024-07-24,54.1912,CMC_GLOBAL_METRICS_BTC_DOMINANCE,CoinMarketCap,CMC_DIRECT_SOURCE_CONVENTION: Bitcoin market cap / total market cap of cryptoassets tracked by CoinMarketCap * 100,UTC,2024-07-24T00:00:00Z,2026-08-30T10:38:54Z,SETTLED_COMPLETE_DATE,NOT_COMPUTABLE,PASS,PUBLIC_SOURCE_BACKED,Direct CMC historical global-metrics BTC dominance; not TradingView top-125 convention.
2024-07-25,54.4777,CMC_GLOBAL_METRICS_BTC_DOMINANCE,CoinMarketCap,CMC_DIRECT_SOURCE_CONVENTION: Bitcoin market cap / total market cap of cryptoassets tracked by CoinMarketCap * 100,UTC,2024-07-25T00:00:00Z,2026-08-30T10:38:54Z,SETTLED_COMPLETE_DATE,NOT_COMPUTABLE,PASS,PUBLIC_SOURCE_BACKED,Direct CMC historical global-metrics BTC dominance; not TradingView top-125 convention.
2024-07-26,55.3367,CMC_GLOBAL_METRICS_BTC_DOMINANCE,CoinMarketCap,CMC_DIRECT_SOURCE_CONVENTION: Bitcoin market cap / total market cap of cryptoassets tracked by CoinMarketCap * 100,UTC,2024-07-26T00:00:00Z,2026-08-30T10:38:54Z,SETTLED_COMPLETE_DATE,NOT_COMPUTABLE,PASS,PUBLIC_SOURCE_BACKED,Direct CMC historical global-metrics BTC dominance; not TradingView top-125 convention.
2024-07-27,55.3616,CMC_GLOBAL_METRICS_BTC_DOMINANCE,CoinMarketCap,CMC_DIRECT_SOURCE_CONVENTION: Bitcoin market cap / total market cap of cryptoassets tracked by CoinMarketCap * 100,UTC,2024-07-27T00:00:00Z,2026-08-30T10:38:54Z,SETTLED_COMPLETE_DATE,NOT_COMPUTABLE,PASS,PUBLIC_SOURCE_BACKED,Direct CMC historical global-metrics BTC dominance; not TradingView top-125 convention.
2024-07-28,55.4316,CMC_GLOBAL_METRICS_BTC_DOMINANCE,CoinMarketCap,CMC_DIRECT_SOURCE_CONVENTION: Bitcoin market cap / total market cap of cryptoassets tracked by CoinMarketCap * 100,UTC,2024-07-28T00:00:00Z,2026-08-30T10:38:54Z,SETTLED_COMPLETE_DATE,NOT_COMPUTABLE,PASS,PUBLIC_SOURCE_BACKED,Direct CMC historical global-metrics BTC dominance; not TradingView top-125 convention.
2024-07-29,55.5999,CMC_GLOBAL_METRICS_BTC_DOMINANCE,CoinMarketCap,CMC_DIRECT_SOURCE_CONVENTION: Bitcoin market cap / total market cap of cryptoassets tracked by CoinMarketCap * 100,UTC,2024-07-29T00:00:00Z,2026-08-30T10:38:54Z,SETTLED_COMPLETE_DATE,NOT_COMPUTABLE,PASS,PUBLIC_SOURCE_BACKED,Direct CMC historical global-metrics BTC dominance; not TradingView top-125 convention.
2024-07-30,55.0149,CMC_GLOBAL_METRICS_BTC_DOMINANCE,CoinMarketCap,CMC_DIRECT_SOURCE_CONVENTION: Bitcoin market cap / total market cap of cryptoassets tracked by CoinMarketCap * 100,UTC,2024-07-30T00:00:00Z,2026-08-30T10:38:54Z,SETTLED_COMPLETE_DATE,NOT_COMPUTABLE,PASS,PUBLIC_SOURCE_BACKED,Direct CMC historical global-metrics BTC dominance; not TradingView top-125 convention.
2024-07-31,55.0068,CMC_GLOBAL_METRICS_BTC_DOMINANCE,CoinMarketCap,CMC_DIRECT_SOURCE_CONVENTION: Bitcoin market cap / total market cap of cryptoassets tracked by CoinMarketCap * 100,UTC,2024-07-31T00:00:00Z,2026-08-30T10:38:54Z,SETTLED_COMPLETE_DATE,NOT_COMPUTABLE,PASS,PUBLIC_SOURCE_BACKED,Direct CMC historical global-metrics BTC dominance; not TradingView top-125 convention.
2024-08-01,54.828,CMC_GLOBAL_METRICS_BTC_DOMINANCE,CoinMarketCap,CMC_DIRECT_SOURCE_CONVENTION: Bitcoin market cap / total market cap of cryptoassets tracked by CoinMarketCap * 100,UTC,2024-08-01T00:00:00Z,2026-08-30T10:38:54Z,SETTLED_COMPLETE_DATE,NOT_COMPUTABLE,PASS,PUBLIC_SOURCE_BACKED,Direct CMC historical global-metrics BTC dominance; not TradingView top-125 convention.
2024-08-02,55.334,CMC_GLOBAL_METRICS_BTC_DOMINANCE,CoinMarketCap,CMC_DIRECT_SOURCE_CONVENTION: Bitcoin market cap / total market cap of cryptoassets tracked by CoinMarketCap * 100,UTC,2024-08-02T00:00:00Z,2026-08-30T10:38:54Z,SETTLED_COMPLETE_DATE,NOT_COMPUTABLE,PASS,PUBLIC_SOURCE_BACKED,Direct CMC historical global-metrics BTC dominance; not TradingView top-125 convention.
2024-08-03,55.3128,CMC_GLOBAL_METRICS_BTC_DOMINANCE,CoinMarketCap,CMC_DIRECT_SOURCE_CONVENTION: Bitcoin market cap / total market cap of cryptoassets tracked by CoinMarketCap * 100,UTC,2024-08-03T00:00:00Z,2026-08-30T10:38:54Z,SETTLED_COMPLETE_DATE,NOT_COMPUTABLE,PASS,PUBLIC_SOURCE_BACKED,Direct CMC historical global-metrics BTC dominance; not TradingView top-125 convention.
2024-08-04,55.6989,CMC_GLOBAL_METRICS_BTC_DOMINANCE,CoinMarketCap,CMC_DIRECT_SOURCE_CONVENTION: Bitcoin market cap / total market cap of cryptoassets tracked by CoinMarketCap * 100,UTC,2024-08-04T00:00:00Z,2026-08-30T10:38:54Z,SETTLED_COMPLETE_DATE,NOT_COMPUTABLE,PASS,PUBLIC_SOURCE_BACKED,Direct CMC historical global-metrics BTC dominance; not TradingView top-125 convention.
2024-08-05,55.924,CMC_GLOBAL_METRICS_BTC_DOMINANCE,CoinMarketCap,CMC_DIRECT_SOURCE_CONVENTION: Bitcoin market cap / total market cap of cryptoassets tracked by CoinMarketCap * 100,UTC,2024-08-05T00:00:00Z,2026-08-30T10:38:54Z,SETTLED_COMPLETE_DATE,NOT_COMPUTABLE,PASS,PUBLIC_SOURCE_BACKED,Direct CMC historical global-metrics BTC dominance; not TradingView top-125 convention.
2024-08-06,55.8642,CMC_GLOBAL_METRICS_BTC_DOMINANCE,CoinMarketCap,CMC_DIRECT_SOURCE_CONVENTION: Bitcoin market cap / total market cap of cryptoassets tracked by CoinMarketCap * 100,UTC,2024-08-06T00:00:00Z,2026-08-30T10:38:54Z,SETTLED_COMPLETE_DATE,NOT_COMPUTABLE,PASS,PUBLIC_SOURCE_BACKED,Direct CMC historical global-metrics BTC dominance; not TradingView top-125 convention.
2024-08-07,55.9473,CMC_GLOBAL_METRICS_BTC_DOMINANCE,CoinMarketCap,CMC_DIRECT_SOURCE_CONVENTION: Bitcoin market cap / total market cap of cryptoassets tracked by CoinMarketCap * 100,UTC,2024-08-07T00:00:00Z,2026-08-30T10:38:54Z,SETTLED_COMPLETE_DATE,NOT_COMPUTABLE,PASS,PUBLIC_SOURCE_BACKED,Direct CMC historical global-metrics BTC dominance; not TradingView top-125 convention.
2024-08-08,56.0134,CMC_GLOBAL_METRICS_BTC_DOMINANCE,CoinMarketCap,CMC_DIRECT_SOURCE_CONVENTION: Bitcoin market cap / total market cap of cryptoassets tracked by CoinMarketCap * 100,UTC,2024-08-08T00:00:00Z,2026-08-30T10:38:54Z,SETTLED_COMPLETE_DATE,NOT_COMPUTABLE,PASS,PUBLIC_SOURCE_BACKED,Direct CMC historical global-metrics BTC dominance; not TradingView top-125 convention.
2024-08-09,56.4288,CMC_GLOBAL_METRICS_BTC_DOMINANCE,CoinMarketCap,CMC_DIRECT_SOURCE_CONVENTION: Bitcoin market cap / total market cap of cryptoassets tracked by CoinMarketCap * 100,UTC,2024-08-09T00:00:00Z,2026-08-30T10:38:54Z,SETTLED_COMPLETE_DATE,NOT_COMPUTABLE,PASS,PUBLIC_SOURCE_BACKED,Direct CMC historical global-metrics BTC dominance; not TradingView top-125 convention.
2024-08-10,56.6073,CMC_GLOBAL_METRICS_BTC_DOMINANCE,CoinMarketCap,CMC_DIRECT_SOURCE_CONVENTION: Bitcoin market cap / total market cap of cryptoassets tracked by CoinMarketCap * 100,UTC,2024-08-10T00:00:00Z,2026-08-30T10:38:54Z,SETTLED_COMPLETE_DATE,NOT_COMPUTABLE,PASS,PUBLIC_SOURCE_BACKED,Direct CMC historical global-metrics BTC dominance; not TradingView top-125 convention.
2024-08-11,56.5002,CMC_GLOBAL_METRICS_BTC_DOMINANCE,CoinMarketCap,CMC_DIRECT_SOURCE_CONVENTION: Bitcoin market cap / total market cap of cryptoassets tracked by CoinMarketCap * 100,UTC,2024-08-11T00:00:00Z,2026-08-30T10:38:54Z,SETTLED_COMPLETE_DATE,NOT_COMPUTABLE,PASS,PUBLIC_SOURCE_BACKED,Direct CMC historical global-metrics BTC dominance; not TradingView top-125 convention.
2024-08-12,56.4457,CMC_GLOBAL_METRICS_BTC_DOMINANCE,CoinMarketCap,CMC_DIRECT_SOURCE_CONVENTION: Bitcoin market cap / total market cap of cryptoassets tracked by CoinMarketCap * 100,UTC,2024-08-12T00:00:00Z,2026-08-30T10:38:54Z,SETTLED_COMPLETE_DATE,NOT_COMPUTABLE,PASS,PUBLIC_SOURCE_BACKED,Direct CMC historical global-metrics BTC dominance; not TradingView top-125 convention.
2024-08-13,55.6955,CMC_GLOBAL_METRICS_BTC_DOMINANCE,CoinMarketCap,CMC_DIRECT_SOURCE_CONVENTION: Bitcoin market cap / total market cap of cryptoassets tracked by CoinMarketCap * 100,UTC,2024-08-13T00:00:00Z,2026-08-30T10:38:54Z,SETTLED_COMPLETE_DATE,NOT_COMPUTABLE,PASS,PUBLIC_SOURCE_BACKED,Direct CMC historical global-metrics BTC dominance; not TradingView top-125 convention.
2024-08-14,56.1623,CMC_GLOBAL_METRICS_BTC_DOMINANCE,CoinMarketCap,CMC_DIRECT_SOURCE_CONVENTION: Bitcoin market cap / total market cap of cryptoassets tracked by CoinMarketCap * 100,UTC,2024-08-14T00:00:00Z,2026-08-30T10:38:54Z,SETTLED_COMPLETE_DATE,NOT_COMPUTABLE,PASS,PUBLIC_SOURCE_BACKED,Direct CMC historical global-metrics BTC dominance; not TradingView top-125 convention.
2024-08-15,55.653,CMC_GLOBAL_METRICS_BTC_DOMINANCE,CoinMarketCap,CMC_DIRECT_SOURCE_CONVENTION: Bitcoin market cap / total market cap of cryptoassets tracked by CoinMarketCap * 100,UTC,2024-08-15T00:00:00Z,2026-08-30T10:38:54Z,SETTLED_COMPLETE_DATE,NOT_COMPUTABLE,PASS,PUBLIC_SOURCE_BACKED,Direct CMC historical global-metrics BTC dominance; not TradingView top-125 convention.
2024-08-16,55.7072,CMC_GLOBAL_METRICS_BTC_DOMINANCE,CoinMarketCap,CMC_DIRECT_SOURCE_CONVENTION: Bitcoin market cap / total market cap of cryptoassets tracked by CoinMarketCap * 100,UTC,2024-08-16T00:00:00Z,2026-08-30T10:38:54Z,SETTLED_COMPLETE_DATE,NOT_COMPUTABLE,PASS,PUBLIC_SOURCE_BACKED,Direct CMC historical global-metrics BTC dominance; not TradingView top-125 convention.
2024-08-17,56.1999,CMC_GLOBAL_METRICS_BTC_DOMINANCE,CoinMarketCap,CMC_DIRECT_SOURCE_CONVENTION: Bitcoin market cap / total market cap of cryptoassets tracked by CoinMarketCap * 100,UTC,2024-08-17T00:00:00Z,2026-08-30T10:38:54Z,SETTLED_COMPLETE_DATE,NOT_COMPUTABLE,PASS,PUBLIC_SOURCE_BACKED,Direct CMC historical global-metrics BTC dominance; not TradingView top-125 convention.
2024-08-18,56.169,CMC_GLOBAL_METRICS_BTC_DOMINANCE,CoinMarketCap,CMC_DIRECT_SOURCE_CONVENTION: Bitcoin market cap / total market cap of cryptoassets tracked by CoinMarketCap * 100,UTC,2024-08-18T00:00:00Z,2026-08-30T10:38:54Z,SETTLED_COMPLETE_DATE,NOT_COMPUTABLE,PASS,PUBLIC_SOURCE_BACKED,Direct CMC historical global-metrics BTC dominance; not TradingView top-125 convention.
2024-08-19,55.7955,CMC_GLOBAL_METRICS_BTC_DOMINANCE,CoinMarketCap,CMC_DIRECT_SOURCE_CONVENTION: Bitcoin market cap / total market cap of cryptoassets tracked by CoinMarketCap * 100,UTC,2024-08-19T00:00:00Z,2026-08-30T10:38:54Z,SETTLED_COMPLETE_DATE,NOT_COMPUTABLE,PASS,PUBLIC_SOURCE_BACKED,Direct CMC historical global-metrics BTC dominance; not TradingView top-125 convention.
2024-08-20,55.8055,CMC_GLOBAL_METRICS_BTC_DOMINANCE,CoinMarketCap,CMC_DIRECT_SOURCE_CONVENTION: Bitcoin market cap / total market cap of cryptoassets tracked by CoinMarketCap * 100,UTC,2024-08-20T00:00:00Z,2026-08-30T10:38:54Z,SETTLED_COMPLETE_DATE,NOT_COMPUTABLE,PASS,PUBLIC_SOURCE_BACKED,Direct CMC historical global-metrics BTC dominance; not TradingView top-125 convention.
2024-08-21,55.6939,CMC_GLOBAL_METRICS_BTC_DOMINANCE,CoinMarketCap,CMC_DIRECT_SOURCE_CONVENTION: Bitcoin market cap / total market cap of cryptoassets tracked by CoinMarketCap * 100,UTC,2024-08-21T00:00:00Z,2026-08-30T10:38:54Z,SETTLED_COMPLETE_DATE,NOT_COMPUTABLE,PASS,PUBLIC_SOURCE_BACKED,Direct CMC historical global-metrics BTC dominance; not TradingView top-125 convention.
2024-08-22,56.142,CMC_GLOBAL_METRICS_BTC_DOMINANCE,CoinMarketCap,CMC_DIRECT_SOURCE_CONVENTION: Bitcoin market cap / total market cap of cryptoassets tracked by CoinMarketCap * 100,UTC,2024-08-22T00:00:00Z,2026-08-30T10:38:54Z,SETTLED_COMPLETE_DATE,NOT_COMPUTABLE,PASS,PUBLIC_SOURCE_BACKED,Direct CMC historical global-metrics BTC dominance; not TradingView top-125 convention.
2024-08-23,55.6849,CMC_GLOBAL_METRICS_BTC_DOMINANCE,CoinMarketCap,CMC_DIRECT_SOURCE_CONVENTION: Bitcoin market cap / total market cap of cryptoassets tracked by CoinMarketCap * 100,UTC,2024-08-23T00:00:00Z,2026-08-30T10:38:54Z,SETTLED_COMPLETE_DATE,NOT_COMPUTABLE,PASS,PUBLIC_SOURCE_BACKED,Direct CMC historical global-metrics BTC dominance; not TradingView top-125 convention.
2024-08-24,56.0515,CMC_GLOBAL_METRICS_BTC_DOMINANCE,CoinMarketCap,CMC_DIRECT_SOURCE_CONVENTION: Bitcoin market cap / total market cap of cryptoassets tracked by CoinMarketCap * 100,UTC,2024-08-24T00:00:00Z,2026-08-30T10:38:54Z,SETTLED_COMPLETE_DATE,NOT_COMPUTABLE,PASS,PUBLIC_SOURCE_BACKED,Direct CMC historical global-metrics BTC dominance; not TradingView top-125 convention.
2024-08-25,55.9653,CMC_GLOBAL_METRICS_BTC_DOMINANCE,CoinMarketCap,CMC_DIRECT_SOURCE_CONVENTION: Bitcoin market cap / total market cap of cryptoassets tracked by CoinMarketCap * 100,UTC,2024-08-25T00:00:00Z,2026-08-30T10:38:54Z,SETTLED_COMPLETE_DATE,NOT_COMPUTABLE,PASS,PUBLIC_SOURCE_BACKED,Direct CMC historical global-metrics BTC dominance; not TradingView top-125 convention.
2024-08-26,56.2779,CMC_GLOBAL_METRICS_BTC_DOMINANCE,CoinMarketCap,CMC_DIRECT_SOURCE_CONVENTION: Bitcoin market cap / total market cap of cryptoassets tracked by CoinMarketCap * 100,UTC,2024-08-26T00:00:00Z,2026-08-30T10:38:54Z,SETTLED_COMPLETE_DATE,NOT_COMPUTABLE,PASS,PUBLIC_SOURCE_BACKED,Direct CMC historical global-metrics BTC dominance; not TradingView top-125 convention.
2024-08-27,56.3937,CMC_GLOBAL_METRICS_BTC_DOMINANCE,CoinMarketCap,CMC_DIRECT_SOURCE_CONVENTION: Bitcoin market cap / total market cap of cryptoassets tracked by CoinMarketCap * 100,UTC,2024-08-27T00:00:00Z,2026-08-30T10:38:54Z,SETTLED_COMPLETE_DATE,NOT_COMPUTABLE,PASS,PUBLIC_SOURCE_BACKED,Direct CMC historical global-metrics BTC dominance; not TradingView top-125 convention.
2024-08-28,56.309,CMC_GLOBAL_METRICS_BTC_DOMINANCE,CoinMarketCap,CMC_DIRECT_SOURCE_CONVENTION: Bitcoin market cap / total market cap of cryptoassets tracked by CoinMarketCap * 100,UTC,2024-08-28T00:00:00Z,2026-08-30T10:38:54Z,SETTLED_COMPLETE_DATE,NOT_COMPUTABLE,PASS,PUBLIC_SOURCE_BACKED,Direct CMC historical global-metrics BTC dominance; not TradingView top-125 convention.
2024-08-29,55.9813,CMC_GLOBAL_METRICS_BTC_DOMINANCE,CoinMarketCap,CMC_DIRECT_SOURCE_CONVENTION: Bitcoin market cap / total market cap of cryptoassets tracked by CoinMarketCap * 100,UTC,2024-08-29T00:00:00Z,2026-08-30T10:38:54Z,SETTLED_COMPLETE_DATE,NOT_COMPUTABLE,PASS,PUBLIC_SOURCE_BACKED,Direct CMC historical global-metrics BTC dominance; not TradingView top-125 convention.
2024-08-30,56.2013,CMC_GLOBAL_METRICS_BTC_DOMINANCE,CoinMarketCap,CMC_DIRECT_SOURCE_CONVENTION: Bitcoin market cap / total market cap of cryptoassets tracked by CoinMarketCap * 100,UTC,2024-08-30T00:00:00Z,2026-08-30T10:38:54Z,SETTLED_COMPLETE_DATE,NOT_COMPUTABLE,PASS,PUBLIC_SOURCE_BACKED,Direct CMC historical global-metrics BTC dominance; not TradingView top-125 convention.
2024-08-31,56.1117,CMC_GLOBAL_METRICS_BTC_DOMINANCE,CoinMarketCap,CMC_DIRECT_SOURCE_CONVENTION: Bitcoin market cap / total market cap of cryptoassets tracked by CoinMarketCap * 100,UTC,2024-08-31T00:00:00Z,2026-08-30T10:38:54Z,SETTLED_COMPLETE_DATE,NOT_COMPUTABLE,PASS,PUBLIC_SOURCE_BACKED,Direct CMC historical global-metrics BTC dominance; not TradingView top-125 convention.
2024-09-01,56.2327,CMC_GLOBAL_METRICS_BTC_DOMINANCE,CoinMarketCap,CMC_DIRECT_SOURCE_CONVENTION: Bitcoin market cap / total market cap of cryptoassets tracked by CoinMarketCap * 100,UTC,2024-09-01T00:00:00Z,2026-08-30T10:38:54Z,SETTLED_COMPLETE_DATE,NOT_COMPUTABLE,PASS,PUBLIC_SOURCE_BACKED,Direct CMC historical global-metrics BTC dominance; not TradingView top-125 convention.
2024-09-02,56.3349,CMC_GLOBAL_METRICS_BTC_DOMINANCE,CoinMarketCap,CMC_DIRECT_SOURCE_CONVENTION: Bitcoin market cap / total market cap of cryptoassets tracked by CoinMarketCap * 100,UTC,2024-09-02T00:00:00Z,2026-08-30T10:38:54Z,SETTLED_COMPLETE_DATE,NOT_COMPUTABLE,PASS,PUBLIC_SOURCE_BACKED,Direct CMC historical global-metrics BTC dominance; not TradingView top-125 convention.
2024-09-03,56.2907,CMC_GLOBAL_METRICS_BTC_DOMINANCE,CoinMarketCap,CMC_DIRECT_SOURCE_CONVENTION: Bitcoin market cap / total market cap of cryptoassets tracked by CoinMarketCap * 100,UTC,2024-09-03T00:00:00Z,2026-08-30T10:38:54Z,SETTLED_COMPLETE_DATE,NOT_COMPUTABLE,PASS,PUBLIC_SOURCE_BACKED,Direct CMC historical global-metrics BTC dominance; not TradingView top-125 convention.
2024-09-04,56.4435,CMC_GLOBAL_METRICS_BTC_DOMINANCE,CoinMarketCap,CMC_DIRECT_SOURCE_CONVENTION: Bitcoin market cap / total market cap of cryptoassets tracked by CoinMarketCap * 100,UTC,2024-09-04T00:00:00Z,2026-08-30T10:38:54Z,SETTLED_COMPLETE_DATE,NOT_COMPUTABLE,PASS,PUBLIC_SOURCE_BACKED,Direct CMC historical global-metrics BTC dominance; not TradingView top-125 convention.
2024-09-05,56.4743,CMC_GLOBAL_METRICS_BTC_DOMINANCE,CoinMarketCap,CMC_DIRECT_SOURCE_CONVENTION: Bitcoin market cap / total market cap of cryptoassets tracked by CoinMarketCap * 100,UTC,2024-09-05T00:00:00Z,2026-08-30T10:38:54Z,SETTLED_COMPLETE_DATE,NOT_COMPUTABLE,PASS,PUBLIC_SOURCE_BACKED,Direct CMC historical global-metrics BTC dominance; not TradingView top-125 convention.
2024-09-06,56.1746,CMC_GLOBAL_METRICS_BTC_DOMINANCE,CoinMarketCap,CMC_DIRECT_SOURCE_CONVENTION: Bitcoin market cap / total market cap of cryptoassets tracked by CoinMarketCap * 100,UTC,2024-09-06T00:00:00Z,2026-08-30T10:38:54Z,SETTLED_COMPLETE_DATE,NOT_COMPUTABLE,PASS,PUBLIC_SOURCE_BACKED,Direct CMC historical global-metrics BTC dominance; not TradingView top-125 convention.
2024-09-07,56.0539,CMC_GLOBAL_METRICS_BTC_DOMINANCE,CoinMarketCap,CMC_DIRECT_SOURCE_CONVENTION: Bitcoin market cap / total market cap of cryptoassets tracked by CoinMarketCap * 100,UTC,2024-09-07T00:00:00Z,2026-08-30T10:38:54Z,SETTLED_COMPLETE_DATE,NOT_COMPUTABLE,PASS,PUBLIC_SOURCE_BACKED,Direct CMC historical global-metrics BTC dominance; not TradingView top-125 convention.
2024-09-08,55.7568,CMC_GLOBAL_METRICS_BTC_DOMINANCE,CoinMarketCap,CMC_DIRECT_SOURCE_CONVENTION: Bitcoin market cap / total market cap of cryptoassets tracked by CoinMarketCap * 100,UTC,2024-09-08T00:00:00Z,2026-08-30T10:38:54Z,SETTLED_COMPLETE_DATE,NOT_COMPUTABLE,PASS,PUBLIC_SOURCE_BACKED,Direct CMC historical global-metrics BTC dominance; not TradingView top-125 convention.
2024-09-09,55.7323,CMC_GLOBAL_METRICS_BTC_DOMINANCE,CoinMarketCap,CMC_DIRECT_SOURCE_CONVENTION: Bitcoin market cap / total market cap of cryptoassets tracked by CoinMarketCap * 100,UTC,2024-09-09T00:00:00Z,2026-08-30T10:38:54Z,SETTLED_COMPLETE_DATE,NOT_COMPUTABLE,PASS,PUBLIC_SOURCE_BACKED,Direct CMC historical global-metrics BTC dominance; not TradingView top-125 convention.
2024-09-10,56.0264,CMC_GLOBAL_METRICS_BTC_DOMINANCE,CoinMarketCap,CMC_DIRECT_SOURCE_CONVENTION: Bitcoin market cap / total market cap of cryptoassets tracked by CoinMarketCap * 100,UTC,2024-09-10T00:00:00Z,2026-08-30T10:38:54Z,SETTLED_COMPLETE_DATE,NOT_COMPUTABLE,PASS,PUBLIC_SOURCE_BACKED,Direct CMC historical global-metrics BTC dominance; not TradingView top-125 convention.
2024-09-11,56.0596,CMC_GLOBAL_METRICS_BTC_DOMINANCE,CoinMarketCap,CMC_DIRECT_SOURCE_CONVENTION: Bitcoin market cap / total market cap of cryptoassets tracked by CoinMarketCap * 100,UTC,2024-09-11T00:00:00Z,2026-08-30T10:38:54Z,SETTLED_COMPLETE_DATE,NOT_COMPUTABLE,PASS,PUBLIC_SOURCE_BACKED,Direct CMC historical global-metrics BTC dominance; not TradingView top-125 convention.
2024-09-12,56.1928,CMC_GLOBAL_METRICS_BTC_DOMINANCE,CoinMarketCap,CMC_DIRECT_SOURCE_CONVENTION: Bitcoin market cap / total market cap of cryptoassets tracked by CoinMarketCap * 100,UTC,2024-09-12T00:00:00Z,2026-08-30T10:38:54Z,SETTLED_COMPLETE_DATE,NOT_COMPUTABLE,PASS,PUBLIC_SOURCE_BACKED,Direct CMC historical global-metrics BTC dominance; not TradingView top-125 convention.
2024-09-13,56.1404,CMC_GLOBAL_METRICS_BTC_DOMINANCE,CoinMarketCap,CMC_DIRECT_SOURCE_CONVENTION: Bitcoin market cap / total market cap of cryptoassets tracked by CoinMarketCap * 100,UTC,2024-09-13T00:00:00Z,2026-08-30T10:38:54Z,SETTLED_COMPLETE_DATE,NOT_COMPUTABLE,PASS,PUBLIC_SOURCE_BACKED,Direct CMC historical global-metrics BTC dominance; not TradingView top-125 convention.
2024-09-14,56.5869,CMC_GLOBAL_METRICS_BTC_DOMINANCE,CoinMarketCap,CMC_DIRECT_SOURCE_CONVENTION: Bitcoin market cap / total market cap of cryptoassets tracked by CoinMarketCap * 100,UTC,2024-09-14T00:00:00Z,2026-08-30T10:38:54Z,SETTLED_COMPLETE_DATE,NOT_COMPUTABLE,PASS,PUBLIC_SOURCE_BACKED,Direct CMC historical global-metrics BTC dominance; not TradingView top-125 convention.
2024-09-15,56.5118,CMC_GLOBAL_METRICS_BTC_DOMINANCE,CoinMarketCap,CMC_DIRECT_SOURCE_CONVENTION: Bitcoin market cap / total market cap of cryptoassets tracked by CoinMarketCap * 100,UTC,2024-09-15T00:00:00Z,2026-08-30T10:38:54Z,SETTLED_COMPLETE_DATE,NOT_COMPUTABLE,PASS,PUBLIC_SOURCE_BACKED,Direct CMC historical global-metrics BTC dominance; not TradingView top-125 convention.
2024-09-16,56.8071,CMC_GLOBAL_METRICS_BTC_DOMINANCE,CoinMarketCap,CMC_DIRECT_SOURCE_CONVENTION: Bitcoin market cap / total market cap of cryptoassets tracked by CoinMarketCap * 100,UTC,2024-09-16T00:00:00Z,2026-08-30T10:38:54Z,SETTLED_COMPLETE_DATE,NOT_COMPUTABLE,PASS,PUBLIC_SOURCE_BACKED,Direct CMC historical global-metrics BTC dominance; not TradingView top-125 convention.
2024-09-17,56.7041,CMC_GLOBAL_METRICS_BTC_DOMINANCE,CoinMarketCap,CMC_DIRECT_SOURCE_CONVENTION: Bitcoin market cap / total market cap of cryptoassets tracked by CoinMarketCap * 100,UTC,2024-09-17T00:00:00Z,2026-08-30T10:38:54Z,SETTLED_COMPLETE_DATE,NOT_COMPUTABLE,PASS,PUBLIC_SOURCE_BACKED,Direct CMC historical global-metrics BTC dominance; not TradingView top-125 convention.
2024-09-18,57.1998,CMC_GLOBAL_METRICS_BTC_DOMINANCE,CoinMarketCap,CMC_DIRECT_SOURCE_CONVENTION: Bitcoin market cap / total market cap of cryptoassets tracked by CoinMarketCap * 100,UTC,2024-09-18T00:00:00Z,2026-08-30T10:38:54Z,SETTLED_COMPLETE_DATE,NOT_COMPUTABLE,PASS,PUBLIC_SOURCE_BACKED,Direct CMC historical global-metrics BTC dominance; not TradingView top-125 convention.
2024-09-19,57.3762,CMC_GLOBAL_METRICS_BTC_DOMINANCE,CoinMarketCap,CMC_DIRECT_SOURCE_CONVENTION: Bitcoin market cap / total market cap of cryptoassets tracked by CoinMarketCap * 100,UTC,2024-09-19T00:00:00Z,2026-08-30T10:38:54Z,SETTLED_COMPLETE_DATE,NOT_COMPUTABLE,PASS,PUBLIC_SOURCE_BACKED,Direct CMC historical global-metrics BTC dominance; not TradingView top-125 convention.
2024-09-20,57.1765,CMC_GLOBAL_METRICS_BTC_DOMINANCE,CoinMarketCap,CMC_DIRECT_SOURCE_CONVENTION: Bitcoin market cap / total market cap of cryptoassets tracked by CoinMarketCap * 100,UTC,2024-09-20T00:00:00Z,2026-08-30T10:38:54Z,SETTLED_COMPLETE_DATE,NOT_COMPUTABLE,PASS,PUBLIC_SOURCE_BACKED,Direct CMC historical global-metrics BTC dominance; not TradingView top-125 convention.
2024-09-21,56.7851,CMC_GLOBAL_METRICS_BTC_DOMINANCE,CoinMarketCap,CMC_DIRECT_SOURCE_CONVENTION: Bitcoin market cap / total market cap of cryptoassets tracked by CoinMarketCap * 100,UTC,2024-09-21T00:00:00Z,2026-08-30T10:38:54Z,SETTLED_COMPLETE_DATE,NOT_COMPUTABLE,PASS,PUBLIC_SOURCE_BACKED,Direct CMC historical global-metrics BTC dominance; not TradingView top-125 convention.
2024-09-22,56.3715,CMC_GLOBAL_METRICS_BTC_DOMINANCE,CoinMarketCap,CMC_DIRECT_SOURCE_CONVENTION: Bitcoin market cap / total market cap of cryptoassets tracked by CoinMarketCap * 100,UTC,2024-09-22T00:00:00Z,2026-08-30T10:38:54Z,SETTLED_COMPLETE_DATE,NOT_COMPUTABLE,PASS,PUBLIC_SOURCE_BACKED,Direct CMC historical global-metrics BTC dominance; not TradingView top-125 convention.
2024-09-23,56.7862,CMC_GLOBAL_METRICS_BTC_DOMINANCE,CoinMarketCap,CMC_DIRECT_SOURCE_CONVENTION: Bitcoin market cap / total market cap of cryptoassets tracked by CoinMarketCap * 100,UTC,2024-09-23T00:00:00Z,2026-08-30T10:38:54Z,SETTLED_COMPLETE_DATE,NOT_COMPUTABLE,PASS,PUBLIC_SOURCE_BACKED,Direct CMC historical global-metrics BTC dominance; not TradingView top-125 convention.
2024-09-24,56.2265,CMC_GLOBAL_METRICS_BTC_DOMINANCE,CoinMarketCap,CMC_DIRECT_SOURCE_CONVENTION: Bitcoin market cap / total market cap of cryptoassets tracked by CoinMarketCap * 100,UTC,2024-09-24T00:00:00Z,2026-08-30T10:38:54Z,SETTLED_COMPLETE_DATE,NOT_COMPUTABLE,PASS,PUBLIC_SOURCE_BACKED,Direct CMC historical global-metrics BTC dominance; not TradingView top-125 convention.
2024-09-25,56.2591,CMC_GLOBAL_METRICS_BTC_DOMINANCE,CoinMarketCap,CMC_DIRECT_SOURCE_CONVENTION: Bitcoin market cap / total market cap of cryptoassets tracked by CoinMarketCap * 100,UTC,2024-09-25T00:00:00Z,2026-08-30T10:38:54Z,SETTLED_COMPLETE_DATE,NOT_COMPUTABLE,PASS,PUBLIC_SOURCE_BACKED,Direct CMC historical global-metrics BTC dominance; not TradingView top-125 convention.
2024-09-26,56.2726,CMC_GLOBAL_METRICS_BTC_DOMINANCE,CoinMarketCap,CMC_DIRECT_SOURCE_CONVENTION: Bitcoin market cap / total market cap of cryptoassets tracked by CoinMarketCap * 100,UTC,2024-09-26T00:00:00Z,2026-08-30T10:38:54Z,SETTLED_COMPLETE_DATE,NOT_COMPUTABLE,PASS,PUBLIC_SOURCE_BACKED,Direct CMC historical global-metrics BTC dominance; not TradingView top-125 convention.
2024-09-27,56.3878,CMC_GLOBAL_METRICS_BTC_DOMINANCE,CoinMarketCap,CMC_DIRECT_SOURCE_CONVENTION: Bitcoin market cap / total market cap of cryptoassets tracked by CoinMarketCap * 100,UTC,2024-09-27T00:00:00Z,2026-08-30T10:38:54Z,SETTLED_COMPLETE_DATE,NOT_COMPUTABLE,PASS,PUBLIC_SOURCE_BACKED,Direct CMC historical global-metrics BTC dominance; not TradingView top-125 convention.
2024-09-28,56.1325,CMC_GLOBAL_METRICS_BTC_DOMINANCE,CoinMarketCap,CMC_DIRECT_SOURCE_CONVENTION: Bitcoin market cap / total market cap of cryptoassets tracked by CoinMarketCap * 100,UTC,2024-09-28T00:00:00Z,2026-08-30T10:38:54Z,SETTLED_COMPLETE_DATE,NOT_COMPUTABLE,PASS,PUBLIC_SOURCE_BACKED,Direct CMC historical global-metrics BTC dominance; not TradingView top-125 convention.
2024-09-29,56.3107,CMC_GLOBAL_METRICS_BTC_DOMINANCE,CoinMarketCap,CMC_DIRECT_SOURCE_CONVENTION: Bitcoin market cap / total market cap of cryptoassets tracked by CoinMarketCap * 100,UTC,2024-09-29T00:00:00Z,2026-08-30T10:38:54Z,SETTLED_COMPLETE_DATE,NOT_COMPUTABLE,PASS,PUBLIC_SOURCE_BACKED,Direct CMC historical global-metrics BTC dominance; not TradingView top-125 convention.
2024-09-30,56.2292,CMC_GLOBAL_METRICS_BTC_DOMINANCE,CoinMarketCap,CMC_DIRECT_SOURCE_CONVENTION: Bitcoin market cap / total market cap of cryptoassets tracked by CoinMarketCap * 100,UTC,2024-09-30T00:00:00Z,2026-08-30T10:38:54Z,SETTLED_COMPLETE_DATE,NOT_COMPUTABLE,PASS,PUBLIC_SOURCE_BACKED,Direct CMC historical global-metrics BTC dominance; not TradingView top-125 convention.
2024-10-01,56.1202,CMC_GLOBAL_METRICS_BTC_DOMINANCE,CoinMarketCap,CMC_DIRECT_SOURCE_CONVENTION: Bitcoin market cap / total market cap of cryptoassets tracked by CoinMarketCap * 100,UTC,2024-10-01T00:00:00Z,2026-08-30T10:38:54Z,SETTLED_COMPLETE_DATE,NOT_COMPUTABLE,PASS,PUBLIC_SOURCE_BACKED,Direct CMC historical global-metrics BTC dominance; not TradingView top-125 convention.
2024-10-02,56.2534,CMC_GLOBAL_METRICS_BTC_DOMINANCE,CoinMarketCap,CMC_DIRECT_SOURCE_CONVENTION: Bitcoin market cap / total market cap of cryptoassets tracked by CoinMarketCap * 100,UTC,2024-10-02T00:00:00Z,2026-08-30T10:38:54Z,SETTLED_COMPLETE_DATE,NOT_COMPUTABLE,PASS,PUBLIC_SOURCE_BACKED,Direct CMC historical global-metrics BTC dominance; not TradingView top-125 convention.
2024-10-03,56.7689,CMC_GLOBAL_METRICS_BTC_DOMINANCE,CoinMarketCap,CMC_DIRECT_SOURCE_CONVENTION: Bitcoin market cap / total market cap of cryptoassets tracked by CoinMarketCap * 100,UTC,2024-10-03T00:00:00Z,2026-08-30T10:38:54Z,SETTLED_COMPLETE_DATE,NOT_COMPUTABLE,PASS,PUBLIC_SOURCE_BACKED,Direct CMC historical global-metrics BTC dominance; not TradingView top-125 convention.
2024-10-04,56.9929,CMC_GLOBAL_METRICS_BTC_DOMINANCE,CoinMarketCap,CMC_DIRECT_SOURCE_CONVENTION: Bitcoin market cap / total market cap of cryptoassets tracked by CoinMarketCap * 100,UTC,2024-10-04T00:00:00Z,2026-08-30T10:38:54Z,SETTLED_COMPLETE_DATE,NOT_COMPUTABLE,PASS,PUBLIC_SOURCE_BACKED,Direct CMC historical global-metrics BTC dominance; not TradingView top-125 convention.
2024-10-05,56.8438,CMC_GLOBAL_METRICS_BTC_DOMINANCE,CoinMarketCap,CMC_DIRECT_SOURCE_CONVENTION: Bitcoin market cap / total market cap of cryptoassets tracked by CoinMarketCap * 100,UTC,2024-10-05T00:00:00Z,2026-08-30T10:38:54Z,SETTLED_COMPLETE_DATE,NOT_COMPUTABLE,PASS,PUBLIC_SOURCE_BACKED,Direct CMC historical global-metrics BTC dominance; not TradingView top-125 convention.
2024-10-06,56.8935,CMC_GLOBAL_METRICS_BTC_DOMINANCE,CoinMarketCap,CMC_DIRECT_SOURCE_CONVENTION: Bitcoin market cap / total market cap of cryptoassets tracked by CoinMarketCap * 100,UTC,2024-10-06T00:00:00Z,2026-08-30T10:38:54Z,SETTLED_COMPLETE_DATE,NOT_COMPUTABLE,PASS,PUBLIC_SOURCE_BACKED,Direct CMC historical global-metrics BTC dominance; not TradingView top-125 convention.
2024-10-07,56.828,CMC_GLOBAL_METRICS_BTC_DOMINANCE,CoinMarketCap,CMC_DIRECT_SOURCE_CONVENTION: Bitcoin market cap / total market cap of cryptoassets tracked by CoinMarketCap * 100,UTC,2024-10-07T00:00:00Z,2026-08-30T10:38:54Z,SETTLED_COMPLETE_DATE,NOT_COMPUTABLE,PASS,PUBLIC_SOURCE_BACKED,Direct CMC historical global-metrics BTC dominance; not TradingView top-125 convention.
2024-10-08,56.7962,CMC_GLOBAL_METRICS_BTC_DOMINANCE,CoinMarketCap,CMC_DIRECT_SOURCE_CONVENTION: Bitcoin market cap / total market cap of cryptoassets tracked by CoinMarketCap * 100,UTC,2024-10-08T00:00:00Z,2026-08-30T10:38:54Z,SETTLED_COMPLETE_DATE,NOT_COMPUTABLE,PASS,PUBLIC_SOURCE_BACKED,Direct CMC historical global-metrics BTC dominance; not TradingView top-125 convention.
2024-10-09,56.7049,CMC_GLOBAL_METRICS_BTC_DOMINANCE,CoinMarketCap,CMC_DIRECT_SOURCE_CONVENTION: Bitcoin market cap / total market cap of cryptoassets tracked by CoinMarketCap * 100,UTC,2024-10-09T00:00:00Z,2026-08-30T10:38:54Z,SETTLED_COMPLETE_DATE,NOT_COMPUTABLE,PASS,PUBLIC_SOURCE_BACKED,Direct CMC historical global-metrics BTC dominance; not TradingView top-125 convention.
2024-10-10,56.6185,CMC_GLOBAL_METRICS_BTC_DOMINANCE,CoinMarketCap,CMC_DIRECT_SOURCE_CONVENTION: Bitcoin market cap / total market cap of cryptoassets tracked by CoinMarketCap * 100,UTC,2024-10-10T00:00:00Z,2026-08-30T10:38:54Z,SETTLED_COMPLETE_DATE,NOT_COMPUTABLE,PASS,PUBLIC_SOURCE_BACKED,Direct CMC historical global-metrics BTC dominance; not TradingView top-125 convention.
2024-10-11,56.4506,CMC_GLOBAL_METRICS_BTC_DOMINANCE,CoinMarketCap,CMC_DIRECT_SOURCE_CONVENTION: Bitcoin market cap / total market cap of cryptoassets tracked by CoinMarketCap * 100,UTC,2024-10-11T00:00:00Z,2026-08-30T10:38:54Z,SETTLED_COMPLETE_DATE,NOT_COMPUTABLE,PASS,PUBLIC_SOURCE_BACKED,Direct CMC historical global-metrics BTC dominance; not TradingView top-125 convention.
2024-10-12,56.7188,CMC_GLOBAL_METRICS_BTC_DOMINANCE,CoinMarketCap,CMC_DIRECT_SOURCE_CONVENTION: Bitcoin market cap / total market cap of cryptoassets tracked by CoinMarketCap * 100,UTC,2024-10-12T00:00:00Z,2026-08-30T10:38:54Z,SETTLED_COMPLETE_DATE,NOT_COMPUTABLE,PASS,PUBLIC_SOURCE_BACKED,Direct CMC historical global-metrics BTC dominance; not TradingView top-125 convention.
2024-10-13,56.6981,CMC_GLOBAL_METRICS_BTC_DOMINANCE,CoinMarketCap,CMC_DIRECT_SOURCE_CONVENTION: Bitcoin market cap / total market cap of cryptoassets tracked by CoinMarketCap * 100,UTC,2024-10-13T00:00:00Z,2026-08-30T10:38:54Z,SETTLED_COMPLETE_DATE,NOT_COMPUTABLE,PASS,PUBLIC_SOURCE_BACKED,Direct CMC historical global-metrics BTC dominance; not TradingView top-125 convention.
2024-10-14,56.6712,CMC_GLOBAL_METRICS_BTC_DOMINANCE,CoinMarketCap,CMC_DIRECT_SOURCE_CONVENTION: Bitcoin market cap / total market cap of cryptoassets tracked by CoinMarketCap * 100,UTC,2024-10-14T00:00:00Z,2026-08-30T10:38:54Z,SETTLED_COMPLETE_DATE,NOT_COMPUTABLE,PASS,PUBLIC_SOURCE_BACKED,Direct CMC historical global-metrics BTC dominance; not TradingView top-125 convention.
2024-10-15,56.8389,CMC_GLOBAL_METRICS_BTC_DOMINANCE,CoinMarketCap,CMC_DIRECT_SOURCE_CONVENTION: Bitcoin market cap / total market cap of cryptoassets tracked by CoinMarketCap * 100,UTC,2024-10-15T00:00:00Z,2026-08-30T10:38:54Z,SETTLED_COMPLETE_DATE,NOT_COMPUTABLE,PASS,PUBLIC_SOURCE_BACKED,Direct CMC historical global-metrics BTC dominance; not TradingView top-125 convention.
2024-10-16,57.4001,CMC_GLOBAL_METRICS_BTC_DOMINANCE,CoinMarketCap,CMC_DIRECT_SOURCE_CONVENTION: Bitcoin market cap / total market cap of cryptoassets tracked by CoinMarketCap * 100,UTC,2024-10-16T00:00:00Z,2026-08-30T10:38:54Z,SETTLED_COMPLETE_DATE,NOT_COMPUTABLE,PASS,PUBLIC_SOURCE_BACKED,Direct CMC historical global-metrics BTC dominance; not TradingView top-125 convention.
2024-10-17,57.6043,CMC_GLOBAL_METRICS_BTC_DOMINANCE,CoinMarketCap,CMC_DIRECT_SOURCE_CONVENTION: Bitcoin market cap / total market cap of cryptoassets tracked by CoinMarketCap * 100,UTC,2024-10-17T00:00:00Z,2026-08-30T10:38:54Z,SETTLED_COMPLETE_DATE,NOT_COMPUTABLE,PASS,PUBLIC_SOURCE_BACKED,Direct CMC historical global-metrics BTC dominance; not TradingView top-125 convention.
2024-10-18,57.7655,CMC_GLOBAL_METRICS_BTC_DOMINANCE,CoinMarketCap,CMC_DIRECT_SOURCE_CONVENTION: Bitcoin market cap / total market cap of cryptoassets tracked by CoinMarketCap * 100,UTC,2024-10-18T00:00:00Z,2026-08-30T10:38:54Z,SETTLED_COMPLETE_DATE,NOT_COMPUTABLE,PASS,PUBLIC_SOURCE_BACKED,Direct CMC historical global-metrics BTC dominance; not TradingView top-125 convention.
2024-10-19,57.7025,CMC_GLOBAL_METRICS_BTC_DOMINANCE,CoinMarketCap,CMC_DIRECT_SOURCE_CONVENTION: Bitcoin market cap / total market cap of cryptoassets tracked by CoinMarketCap * 100,UTC,2024-10-19T00:00:00Z,2026-08-30T10:38:54Z,SETTLED_COMPLETE_DATE,NOT_COMPUTABLE,PASS,PUBLIC_SOURCE_BACKED,Direct CMC historical global-metrics BTC dominance; not TradingView top-125 convention.
2024-10-20,57.5791,CMC_GLOBAL_METRICS_BTC_DOMINANCE,CoinMarketCap,CMC_DIRECT_SOURCE_CONVENTION: Bitcoin market cap / total market cap of cryptoassets tracked by CoinMarketCap * 100,UTC,2024-10-20T00:00:00Z,2026-08-30T10:38:54Z,SETTLED_COMPLETE_DATE,NOT_COMPUTABLE,PASS,PUBLIC_SOURCE_BACKED,Direct CMC historical global-metrics BTC dominance; not TradingView top-125 convention.
2024-10-21,57.198,CMC_GLOBAL_METRICS_BTC_DOMINANCE,CoinMarketCap,CMC_DIRECT_SOURCE_CONVENTION: Bitcoin market cap / total market cap of cryptoassets tracked by CoinMarketCap * 100,UTC,2024-10-21T00:00:00Z,2026-08-30T10:38:54Z,SETTLED_COMPLETE_DATE,NOT_COMPUTABLE,PASS,PUBLIC_SOURCE_BACKED,Direct CMC historical global-metrics BTC dominance; not TradingView top-125 convention.
2024-10-22,57.0998,CMC_GLOBAL_METRICS_BTC_DOMINANCE,CoinMarketCap,CMC_DIRECT_SOURCE_CONVENTION: Bitcoin market cap / total market cap of cryptoassets tracked by CoinMarketCap * 100,UTC,2024-10-22T00:00:00Z,2026-08-30T10:38:54Z,SETTLED_COMPLETE_DATE,NOT_COMPUTABLE,PASS,PUBLIC_SOURCE_BACKED,Direct CMC historical global-metrics BTC dominance; not TradingView top-125 convention.
2024-10-23,57.3079,CMC_GLOBAL_METRICS_BTC_DOMINANCE,CoinMarketCap,CMC_DIRECT_SOURCE_CONVENTION: Bitcoin market cap / total market cap of cryptoassets tracked by CoinMarketCap * 100,UTC,2024-10-23T00:00:00Z,2026-08-30T10:38:54Z,SETTLED_COMPLETE_DATE,NOT_COMPUTABLE,PASS,PUBLIC_SOURCE_BACKED,Direct CMC historical global-metrics BTC dominance; not TradingView top-125 convention.
2024-10-24,57.5139,CMC_GLOBAL_METRICS_BTC_DOMINANCE,CoinMarketCap,CMC_DIRECT_SOURCE_CONVENTION: Bitcoin market cap / total market cap of cryptoassets tracked by CoinMarketCap * 100,UTC,2024-10-24T00:00:00Z,2026-08-30T10:38:54Z,SETTLED_COMPLETE_DATE,NOT_COMPUTABLE,PASS,PUBLIC_SOURCE_BACKED,Direct CMC historical global-metrics BTC dominance; not TradingView top-125 convention.
2024-10-25,57.7814,CMC_GLOBAL_METRICS_BTC_DOMINANCE,CoinMarketCap,CMC_DIRECT_SOURCE_CONVENTION: Bitcoin market cap / total market cap of cryptoassets tracked by CoinMarketCap * 100,UTC,2024-10-25T00:00:00Z,2026-08-30T10:38:54Z,SETTLED_COMPLETE_DATE,NOT_COMPUTABLE,PASS,PUBLIC_SOURCE_BACKED,Direct CMC historical global-metrics BTC dominance; not TradingView top-125 convention.
2024-10-26,58.3698,CMC_GLOBAL_METRICS_BTC_DOMINANCE,CoinMarketCap,CMC_DIRECT_SOURCE_CONVENTION: Bitcoin market cap / total market cap of cryptoassets tracked by CoinMarketCap * 100,UTC,2024-10-26T00:00:00Z,2026-08-30T10:38:54Z,SETTLED_COMPLETE_DATE,NOT_COMPUTABLE,PASS,PUBLIC_SOURCE_BACKED,Direct CMC historical global-metrics BTC dominance; not TradingView top-125 convention.
2024-10-27,58.1199,CMC_GLOBAL_METRICS_BTC_DOMINANCE,CoinMarketCap,CMC_DIRECT_SOURCE_CONVENTION: Bitcoin market cap / total market cap of cryptoassets tracked by CoinMarketCap * 100,UTC,2024-10-27T00:00:00Z,2026-08-30T10:38:54Z,SETTLED_COMPLETE_DATE,NOT_COMPUTABLE,PASS,PUBLIC_SOURCE_BACKED,Direct CMC historical global-metrics BTC dominance; not TradingView top-125 convention.
2024-10-28,58.1475,CMC_GLOBAL_METRICS_BTC_DOMINANCE,CoinMarketCap,CMC_DIRECT_SOURCE_CONVENTION: Bitcoin market cap / total market cap of cryptoassets tracked by CoinMarketCap * 100,UTC,2024-10-28T00:00:00Z,2026-08-30T10:38:54Z,SETTLED_COMPLETE_DATE,NOT_COMPUTABLE,PASS,PUBLIC_SOURCE_BACKED,Direct CMC historical global-metrics BTC dominance; not TradingView top-125 convention.
2024-10-29,58.4768,CMC_GLOBAL_METRICS_BTC_DOMINANCE,CoinMarketCap,CMC_DIRECT_SOURCE_CONVENTION: Bitcoin market cap / total market cap of cryptoassets tracked by CoinMarketCap * 100,UTC,2024-10-29T00:00:00Z,2026-08-30T10:38:54Z,SETTLED_COMPLETE_DATE,NOT_COMPUTABLE,PASS,PUBLIC_SOURCE_BACKED,Direct CMC historical global-metrics BTC dominance; not TradingView top-125 convention.
2024-10-30,58.874,CMC_GLOBAL_METRICS_BTC_DOMINANCE,CoinMarketCap,CMC_DIRECT_SOURCE_CONVENTION: Bitcoin market cap / total market cap of cryptoassets tracked by CoinMarketCap * 100,UTC,2024-10-30T00:00:00Z,2026-08-30T10:38:54Z,SETTLED_COMPLETE_DATE,NOT_COMPUTABLE,PASS,PUBLIC_SOURCE_BACKED,Direct CMC historical global-metrics BTC dominance; not TradingView top-125 convention.
2024-10-31,58.85,CMC_GLOBAL_METRICS_BTC_DOMINANCE,CoinMarketCap,CMC_DIRECT_SOURCE_CONVENTION: Bitcoin market cap / total market cap of cryptoassets tracked by CoinMarketCap * 100,UTC,2024-10-31T00:00:00Z,2026-08-30T10:38:54Z,SETTLED_COMPLETE_DATE,NOT_COMPUTABLE,PASS,PUBLIC_SOURCE_BACKED,Direct CMC historical global-metrics BTC dominance; not TradingView top-125 convention.
2024-11-01,59.0453,CMC_GLOBAL_METRICS_BTC_DOMINANCE,CoinMarketCap,CMC_DIRECT_SOURCE_CONVENTION: Bitcoin market cap / total market cap of cryptoassets tracked by CoinMarketCap * 100,UTC,2024-11-01T00:00:00Z,2026-08-30T10:38:54Z,SETTLED_COMPLETE_DATE,NOT_COMPUTABLE,PASS,PUBLIC_SOURCE_BACKED,Direct CMC historical global-metrics BTC dominance; not TradingView top-125 convention.
2024-11-02,58.9304,CMC_GLOBAL_METRICS_BTC_DOMINANCE,CoinMarketCap,CMC_DIRECT_SOURCE_CONVENTION: Bitcoin market cap / total market cap of cryptoassets tracked by CoinMarketCap * 100,UTC,2024-11-02T00:00:00Z,2026-08-30T10:38:54Z,SETTLED_COMPLETE_DATE,NOT_COMPUTABLE,PASS,PUBLIC_SOURCE_BACKED,Direct CMC historical global-metrics BTC dominance; not TradingView top-125 convention.
2024-11-03,59.0963,CMC_GLOBAL_METRICS_BTC_DOMINANCE,CoinMarketCap,CMC_DIRECT_SOURCE_CONVENTION: Bitcoin market cap / total market cap of cryptoassets tracked by CoinMarketCap * 100,UTC,2024-11-03T00:00:00Z,2026-08-30T10:38:54Z,SETTLED_COMPLETE_DATE,NOT_COMPUTABLE,PASS,PUBLIC_SOURCE_BACKED,Direct CMC historical global-metrics BTC dominance; not TradingView top-125 convention.
2024-11-04,59.3318,CMC_GLOBAL_METRICS_BTC_DOMINANCE,CoinMarketCap,CMC_DIRECT_SOURCE_CONVENTION: Bitcoin market cap / total market cap of cryptoassets tracked by CoinMarketCap * 100,UTC,2024-11-04T00:00:00Z,2026-08-30T10:38:54Z,SETTLED_COMPLETE_DATE,NOT_COMPUTABLE,PASS,PUBLIC_SOURCE_BACKED,Direct CMC historical global-metrics BTC dominance; not TradingView top-125 convention.
2024-11-05,59.4298,CMC_GLOBAL_METRICS_BTC_DOMINANCE,CoinMarketCap,CMC_DIRECT_SOURCE_CONVENTION: Bitcoin market cap / total market cap of cryptoassets tracked by CoinMarketCap * 100,UTC,2024-11-05T00:00:00Z,2026-08-30T10:38:54Z,SETTLED_COMPLETE_DATE,NOT_COMPUTABLE,PASS,PUBLIC_SOURCE_BACKED,Direct CMC historical global-metrics BTC dominance; not TradingView top-125 convention.
2024-11-06,59.3953,CMC_GLOBAL_METRICS_BTC_DOMINANCE,CoinMarketCap,CMC_DIRECT_SOURCE_CONVENTION: Bitcoin market cap / total market cap of cryptoassets tracked by CoinMarketCap * 100,UTC,2024-11-06T00:00:00Z,2026-08-30T10:38:54Z,SETTLED_COMPLETE_DATE,NOT_COMPUTABLE,PASS,PUBLIC_SOURCE_BACKED,Direct CMC historical global-metrics BTC dominance; not TradingView top-125 convention.
2024-11-07,59.3914,CMC_GLOBAL_METRICS_BTC_DOMINANCE,CoinMarketCap,CMC_DIRECT_SOURCE_CONVENTION: Bitcoin market cap / total market cap of cryptoassets tracked by CoinMarketCap * 100,UTC,2024-11-07T00:00:00Z,2026-08-30T10:38:54Z,SETTLED_COMPLETE_DATE,NOT_COMPUTABLE,PASS,PUBLIC_SOURCE_BACKED,Direct CMC historical global-metrics BTC dominance; not TradingView top-125 convention.
2024-11-08,59.9458,CMC_GLOBAL_METRICS_BTC_DOMINANCE,CoinMarketCap,CMC_DIRECT_SOURCE_CONVENTION: Bitcoin market cap / total market cap of cryptoassets tracked by CoinMarketCap * 100,UTC,2024-11-08T00:00:00Z,2026-08-30T10:38:54Z,SETTLED_COMPLETE_DATE,NOT_COMPUTABLE,PASS,PUBLIC_SOURCE_BACKED,Direct CMC historical global-metrics BTC dominance; not TradingView top-125 convention.
2024-11-09,58.5569,CMC_GLOBAL_METRICS_BTC_DOMINANCE,CoinMarketCap,CMC_DIRECT_SOURCE_CONVENTION: Bitcoin market cap / total market cap of cryptoassets tracked by CoinMarketCap * 100,UTC,2024-11-09T00:00:00Z,2026-08-30T10:38:54Z,SETTLED_COMPLETE_DATE,NOT_COMPUTABLE,PASS,PUBLIC_SOURCE_BACKED,Direct CMC historical global-metrics BTC dominance; not TradingView top-125 convention.
2024-11-10,57.6367,CMC_GLOBAL_METRICS_BTC_DOMINANCE,CoinMarketCap,CMC_DIRECT_SOURCE_CONVENTION: Bitcoin market cap / total market cap of cryptoassets tracked by CoinMarketCap * 100,UTC,2024-11-10T00:00:00Z,2026-08-30T10:38:54Z,SETTLED_COMPLETE_DATE,NOT_COMPUTABLE,PASS,PUBLIC_SOURCE_BACKED,Direct CMC historical global-metrics BTC dominance; not TradingView top-125 convention.
2024-11-11,58.4617,CMC_GLOBAL_METRICS_BTC_DOMINANCE,CoinMarketCap,CMC_DIRECT_SOURCE_CONVENTION: Bitcoin market cap / total market cap of cryptoassets tracked by CoinMarketCap * 100,UTC,2024-11-11T00:00:00Z,2026-08-30T10:38:54Z,SETTLED_COMPLETE_DATE,NOT_COMPUTABLE,PASS,PUBLIC_SOURCE_BACKED,Direct CMC historical global-metrics BTC dominance; not TradingView top-125 convention.
2024-11-12,58.7924,CMC_GLOBAL_METRICS_BTC_DOMINANCE,CoinMarketCap,CMC_DIRECT_SOURCE_CONVENTION: Bitcoin market cap / total market cap of cryptoassets tracked by CoinMarketCap * 100,UTC,2024-11-12T00:00:00Z,2026-08-30T10:38:54Z,SETTLED_COMPLETE_DATE,NOT_COMPUTABLE,PASS,PUBLIC_SOURCE_BACKED,Direct CMC historical global-metrics BTC dominance; not TradingView top-125 convention.
2024-11-13,59.1519,CMC_GLOBAL_METRICS_BTC_DOMINANCE,CoinMarketCap,CMC_DIRECT_SOURCE_CONVENTION: Bitcoin market cap / total market cap of cryptoassets tracked by CoinMarketCap * 100,UTC,2024-11-13T00:00:00Z,2026-08-30T10:38:54Z,SETTLED_COMPLETE_DATE,NOT_COMPUTABLE,PASS,PUBLIC_SOURCE_BACKED,Direct CMC historical global-metrics BTC dominance; not TradingView top-125 convention.
2024-11-14,59.9668,CMC_GLOBAL_METRICS_BTC_DOMINANCE,CoinMarketCap,CMC_DIRECT_SOURCE_CONVENTION: Bitcoin market cap / total market cap of cryptoassets tracked by CoinMarketCap * 100,UTC,2024-11-14T00:00:00Z,2026-08-30T10:38:54Z,SETTLED_COMPLETE_DATE,NOT_COMPUTABLE,PASS,PUBLIC_SOURCE_BACKED,Direct CMC historical global-metrics BTC dominance; not TradingView top-125 convention.
2024-11-15,59.7018,CMC_GLOBAL_METRICS_BTC_DOMINANCE,CoinMarketCap,CMC_DIRECT_SOURCE_CONVENTION: Bitcoin market cap / total market cap of cryptoassets tracked by CoinMarketCap * 100,UTC,2024-11-15T00:00:00Z,2026-08-30T10:38:54Z,SETTLED_COMPLETE_DATE,NOT_COMPUTABLE,PASS,PUBLIC_SOURCE_BACKED,Direct CMC historical global-metrics BTC dominance; not TradingView top-125 convention.
2024-11-16,59.8262,CMC_GLOBAL_METRICS_BTC_DOMINANCE,CoinMarketCap,CMC_DIRECT_SOURCE_CONVENTION: Bitcoin market cap / total market cap of cryptoassets tracked by CoinMarketCap * 100,UTC,2024-11-16T00:00:00Z,2026-08-30T10:38:54Z,SETTLED_COMPLETE_DATE,NOT_COMPUTABLE,PASS,PUBLIC_SOURCE_BACKED,Direct CMC historical global-metrics BTC dominance; not TradingView top-125 convention.
2024-11-17,58.9781,CMC_GLOBAL_METRICS_BTC_DOMINANCE,CoinMarketCap,CMC_DIRECT_SOURCE_CONVENTION: Bitcoin market cap / total market cap of cryptoassets tracked by CoinMarketCap * 100,UTC,2024-11-17T00:00:00Z,2026-08-30T10:38:54Z,SETTLED_COMPLETE_DATE,NOT_COMPUTABLE,PASS,PUBLIC_SOURCE_BACKED,Direct CMC historical global-metrics BTC dominance; not TradingView top-125 convention.
2024-11-18,58.99,CMC_GLOBAL_METRICS_BTC_DOMINANCE,CoinMarketCap,CMC_DIRECT_SOURCE_CONVENTION: Bitcoin market cap / total market cap of cryptoassets tracked by CoinMarketCap * 100,UTC,2024-11-18T00:00:00Z,2026-08-30T10:38:54Z,SETTLED_COMPLETE_DATE,NOT_COMPUTABLE,PASS,PUBLIC_SOURCE_BACKED,Direct CMC historical global-metrics BTC dominance; not TradingView top-125 convention.
2024-11-19,58.3852,CMC_GLOBAL_METRICS_BTC_DOMINANCE,CoinMarketCap,CMC_DIRECT_SOURCE_CONVENTION: Bitcoin market cap / total market cap of cryptoassets tracked by CoinMarketCap * 100,UTC,2024-11-19T00:00:00Z,2026-08-30T10:38:54Z,SETTLED_COMPLETE_DATE,NOT_COMPUTABLE,PASS,PUBLIC_SOURCE_BACKED,Direct CMC historical global-metrics BTC dominance; not TradingView top-125 convention.
2024-11-20,59.2093,CMC_GLOBAL_METRICS_BTC_DOMINANCE,CoinMarketCap,CMC_DIRECT_SOURCE_CONVENTION: Bitcoin market cap / total market cap of cryptoassets tracked by CoinMarketCap * 100,UTC,2024-11-20T00:00:00Z,2026-08-30T10:38:54Z,SETTLED_COMPLETE_DATE,NOT_COMPUTABLE,PASS,PUBLIC_SOURCE_BACKED,Direct CMC historical global-metrics BTC dominance; not TradingView top-125 convention.
2024-11-21,60.0869,CMC_GLOBAL_METRICS_BTC_DOMINANCE,CoinMarketCap,CMC_DIRECT_SOURCE_CONVENTION: Bitcoin market cap / total market cap of cryptoassets tracked by CoinMarketCap * 100,UTC,2024-11-21T00:00:00Z,2026-08-30T10:38:54Z,SETTLED_COMPLETE_DATE,NOT_COMPUTABLE,PASS,PUBLIC_SOURCE_BACKED,Direct CMC historical global-metrics BTC dominance; not TradingView top-125 convention.
2024-11-22,59.6425,CMC_GLOBAL_METRICS_BTC_DOMINANCE,CoinMarketCap,CMC_DIRECT_SOURCE_CONVENTION: Bitcoin market cap / total market cap of cryptoassets tracked by CoinMarketCap * 100,UTC,2024-11-22T00:00:00Z,2026-08-30T10:38:54Z,SETTLED_COMPLETE_DATE,NOT_COMPUTABLE,PASS,PUBLIC_SOURCE_BACKED,Direct CMC historical global-metrics BTC dominance; not TradingView top-125 convention.
2024-11-23,59.0591,CMC_GLOBAL_METRICS_BTC_DOMINANCE,CoinMarketCap,CMC_DIRECT_SOURCE_CONVENTION: Bitcoin market cap / total market cap of cryptoassets tracked by CoinMarketCap * 100,UTC,2024-11-23T00:00:00Z,2026-08-30T10:38:54Z,SETTLED_COMPLETE_DATE,NOT_COMPUTABLE,PASS,PUBLIC_SOURCE_BACKED,Direct CMC historical global-metrics BTC dominance; not TradingView top-125 convention.
2024-11-24,58.0248,CMC_GLOBAL_METRICS_BTC_DOMINANCE,CoinMarketCap,CMC_DIRECT_SOURCE_CONVENTION: Bitcoin market cap / total market cap of cryptoassets tracked by CoinMarketCap * 100,UTC,2024-11-24T00:00:00Z,2026-08-30T10:38:54Z,SETTLED_COMPLETE_DATE,NOT_COMPUTABLE,PASS,PUBLIC_SOURCE_BACKED,Direct CMC historical global-metrics BTC dominance; not TradingView top-125 convention.
2024-11-25,58.0154,CMC_GLOBAL_METRICS_BTC_DOMINANCE,CoinMarketCap,CMC_DIRECT_SOURCE_CONVENTION: Bitcoin market cap / total market cap of cryptoassets tracked by CoinMarketCap * 100,UTC,2024-11-25T00:00:00Z,2026-08-30T10:38:54Z,SETTLED_COMPLETE_DATE,NOT_COMPUTABLE,PASS,PUBLIC_SOURCE_BACKED,Direct CMC historical global-metrics BTC dominance; not TradingView top-125 convention.
2024-11-26,57.3123,CMC_GLOBAL_METRICS_BTC_DOMINANCE,CoinMarketCap,CMC_DIRECT_SOURCE_CONVENTION: Bitcoin market cap / total market cap of cryptoassets tracked by CoinMarketCap * 100,UTC,2024-11-26T00:00:00Z,2026-08-30T10:38:54Z,SETTLED_COMPLETE_DATE,NOT_COMPUTABLE,PASS,PUBLIC_SOURCE_BACKED,Direct CMC historical global-metrics BTC dominance; not TradingView top-125 convention.
2024-11-27,57.3579,CMC_GLOBAL_METRICS_BTC_DOMINANCE,CoinMarketCap,CMC_DIRECT_SOURCE_CONVENTION: Bitcoin market cap / total market cap of cryptoassets tracked by CoinMarketCap * 100,UTC,2024-11-27T00:00:00Z,2026-08-30T10:38:54Z,SETTLED_COMPLETE_DATE,NOT_COMPUTABLE,PASS,PUBLIC_SOURCE_BACKED,Direct CMC historical global-metrics BTC dominance; not TradingView top-125 convention.
2024-11-28,56.9557,CMC_GLOBAL_METRICS_BTC_DOMINANCE,CoinMarketCap,CMC_DIRECT_SOURCE_CONVENTION: Bitcoin market cap / total market cap of cryptoassets tracked by CoinMarketCap * 100,UTC,2024-11-28T00:00:00Z,2026-08-30T10:38:54Z,SETTLED_COMPLETE_DATE,NOT_COMPUTABLE,PASS,PUBLIC_SOURCE_BACKED,Direct CMC historical global-metrics BTC dominance; not TradingView top-125 convention.
2024-11-29,56.9642,CMC_GLOBAL_METRICS_BTC_DOMINANCE,CoinMarketCap,CMC_DIRECT_SOURCE_CONVENTION: Bitcoin market cap / total market cap of cryptoassets tracked by CoinMarketCap * 100,UTC,2024-11-29T00:00:00Z,2026-08-30T10:38:54Z,SETTLED_COMPLETE_DATE,NOT_COMPUTABLE,PASS,PUBLIC_SOURCE_BACKED,Direct CMC historical global-metrics BTC dominance; not TradingView top-125 convention.
2024-11-30,56.7302,CMC_GLOBAL_METRICS_BTC_DOMINANCE,CoinMarketCap,CMC_DIRECT_SOURCE_CONVENTION: Bitcoin market cap / total market cap of cryptoassets tracked by CoinMarketCap * 100,UTC,2024-11-30T00:00:00Z,2026-08-30T10:38:54Z,SETTLED_COMPLETE_DATE,NOT_COMPUTABLE,PASS,PUBLIC_SOURCE_BACKED,Direct CMC historical global-metrics BTC dominance; not TradingView top-125 convention.
2024-12-01,55.9609,CMC_GLOBAL_METRICS_BTC_DOMINANCE,CoinMarketCap,CMC_DIRECT_SOURCE_CONVENTION: Bitcoin market cap / total market cap of cryptoassets tracked by CoinMarketCap * 100,UTC,2024-12-01T00:00:00Z,2026-08-30T10:38:54Z,SETTLED_COMPLETE_DATE,NOT_COMPUTABLE,PASS,PUBLIC_SOURCE_BACKED,Direct CMC historical global-metrics BTC dominance; not TradingView top-125 convention.
2024-12-02,55.5257,CMC_GLOBAL_METRICS_BTC_DOMINANCE,CoinMarketCap,CMC_DIRECT_SOURCE_CONVENTION: Bitcoin market cap / total market cap of cryptoassets tracked by CoinMarketCap * 100,UTC,2024-12-02T00:00:00Z,2026-08-30T10:38:54Z,SETTLED_COMPLETE_DATE,NOT_COMPUTABLE,PASS,PUBLIC_SOURCE_BACKED,Direct CMC historical global-metrics BTC dominance; not TradingView top-125 convention.
2024-12-03,54.7365,CMC_GLOBAL_METRICS_BTC_DOMINANCE,CoinMarketCap,CMC_DIRECT_SOURCE_CONVENTION: Bitcoin market cap / total market cap of cryptoassets tracked by CoinMarketCap * 100,UTC,2024-12-03T00:00:00Z,2026-08-30T10:38:54Z,SETTLED_COMPLETE_DATE,NOT_COMPUTABLE,PASS,PUBLIC_SOURCE_BACKED,Direct CMC historical global-metrics BTC dominance; not TradingView top-125 convention.
2024-12-04,54.1544,CMC_GLOBAL_METRICS_BTC_DOMINANCE,CoinMarketCap,CMC_DIRECT_SOURCE_CONVENTION: Bitcoin market cap / total market cap of cryptoassets tracked by CoinMarketCap * 100,UTC,2024-12-04T00:00:00Z,2026-08-30T10:38:54Z,SETTLED_COMPLETE_DATE,NOT_COMPUTABLE,PASS,PUBLIC_SOURCE_BACKED,Direct CMC historical global-metrics BTC dominance; not TradingView top-125 convention.
2024-12-05,54.4297,CMC_GLOBAL_METRICS_BTC_DOMINANCE,CoinMarketCap,CMC_DIRECT_SOURCE_CONVENTION: Bitcoin market cap / total market cap of cryptoassets tracked by CoinMarketCap * 100,UTC,2024-12-05T00:00:00Z,2026-08-30T10:38:54Z,SETTLED_COMPLETE_DATE,NOT_COMPUTABLE,PASS,PUBLIC_SOURCE_BACKED,Direct CMC historical global-metrics BTC dominance; not TradingView top-125 convention.
2024-12-06,54.2491,CMC_GLOBAL_METRICS_BTC_DOMINANCE,CoinMarketCap,CMC_DIRECT_SOURCE_CONVENTION: Bitcoin market cap / total market cap of cryptoassets tracked by CoinMarketCap * 100,UTC,2024-12-06T00:00:00Z,2026-08-30T10:38:54Z,SETTLED_COMPLETE_DATE,NOT_COMPUTABLE,PASS,PUBLIC_SOURCE_BACKED,Direct CMC historical global-metrics BTC dominance; not TradingView top-125 convention.
2024-12-07,53.9221,CMC_GLOBAL_METRICS_BTC_DOMINANCE,CoinMarketCap,CMC_DIRECT_SOURCE_CONVENTION: Bitcoin market cap / total market cap of cryptoassets tracked by CoinMarketCap * 100,UTC,2024-12-07T00:00:00Z,2026-08-30T10:38:54Z,SETTLED_COMPLETE_DATE,NOT_COMPUTABLE,PASS,PUBLIC_SOURCE_BACKED,Direct CMC historical global-metrics BTC dominance; not TradingView top-125 convention.
2024-12-08,54.1553,CMC_GLOBAL_METRICS_BTC_DOMINANCE,CoinMarketCap,CMC_DIRECT_SOURCE_CONVENTION: Bitcoin market cap / total market cap of cryptoassets tracked by CoinMarketCap * 100,UTC,2024-12-08T00:00:00Z,2026-08-30T10:38:54Z,SETTLED_COMPLETE_DATE,NOT_COMPUTABLE,PASS,PUBLIC_SOURCE_BACKED,Direct CMC historical global-metrics BTC dominance; not TradingView top-125 convention.
2024-12-09,53.9544,CMC_GLOBAL_METRICS_BTC_DOMINANCE,CoinMarketCap,CMC_DIRECT_SOURCE_CONVENTION: Bitcoin market cap / total market cap of cryptoassets tracked by CoinMarketCap * 100,UTC,2024-12-09T00:00:00Z,2026-08-30T10:38:54Z,SETTLED_COMPLETE_DATE,NOT_COMPUTABLE,PASS,PUBLIC_SOURCE_BACKED,Direct CMC historical global-metrics BTC dominance; not TradingView top-125 convention.
2024-12-10,55.6324,CMC_GLOBAL_METRICS_BTC_DOMINANCE,CoinMarketCap,CMC_DIRECT_SOURCE_CONVENTION: Bitcoin market cap / total market cap of cryptoassets tracked by CoinMarketCap * 100,UTC,2024-12-10T00:00:00Z,2026-08-30T10:38:54Z,SETTLED_COMPLETE_DATE,NOT_COMPUTABLE,PASS,PUBLIC_SOURCE_BACKED,Direct CMC historical global-metrics BTC dominance; not TradingView top-125 convention.
2024-12-11,55.6448,CMC_GLOBAL_METRICS_BTC_DOMINANCE,CoinMarketCap,CMC_DIRECT_SOURCE_CONVENTION: Bitcoin market cap / total market cap of cryptoassets tracked by CoinMarketCap * 100,UTC,2024-12-11T00:00:00Z,2026-08-30T10:38:54Z,SETTLED_COMPLETE_DATE,NOT_COMPUTABLE,PASS,PUBLIC_SOURCE_BACKED,Direct CMC historical global-metrics BTC dominance; not TradingView top-125 convention.
2024-12-12,55.4727,CMC_GLOBAL_METRICS_BTC_DOMINANCE,CoinMarketCap,CMC_DIRECT_SOURCE_CONVENTION: Bitcoin market cap / total market cap of cryptoassets tracked by CoinMarketCap * 100,UTC,2024-12-12T00:00:00Z,2026-08-30T10:38:54Z,SETTLED_COMPLETE_DATE,NOT_COMPUTABLE,PASS,PUBLIC_SOURCE_BACKED,Direct CMC historical global-metrics BTC dominance; not TradingView top-125 convention.
2024-12-13,55.0304,CMC_GLOBAL_METRICS_BTC_DOMINANCE,CoinMarketCap,CMC_DIRECT_SOURCE_CONVENTION: Bitcoin market cap / total market cap of cryptoassets tracked by CoinMarketCap * 100,UTC,2024-12-13T00:00:00Z,2026-08-30T10:38:54Z,SETTLED_COMPLETE_DATE,NOT_COMPUTABLE,PASS,PUBLIC_SOURCE_BACKED,Direct CMC historical global-metrics BTC dominance; not TradingView top-125 convention.
2024-12-14,55.1509,CMC_GLOBAL_METRICS_BTC_DOMINANCE,CoinMarketCap,CMC_DIRECT_SOURCE_CONVENTION: Bitcoin market cap / total market cap of cryptoassets tracked by CoinMarketCap * 100,UTC,2024-12-14T00:00:00Z,2026-08-30T10:38:54Z,SETTLED_COMPLETE_DATE,NOT_COMPUTABLE,PASS,PUBLIC_SOURCE_BACKED,Direct CMC historical global-metrics BTC dominance; not TradingView top-125 convention.
2024-12-15,55.6411,CMC_GLOBAL_METRICS_BTC_DOMINANCE,CoinMarketCap,CMC_DIRECT_SOURCE_CONVENTION: Bitcoin market cap / total market cap of cryptoassets tracked by CoinMarketCap * 100,UTC,2024-12-15T00:00:00Z,2026-08-30T10:38:54Z,SETTLED_COMPLETE_DATE,NOT_COMPUTABLE,PASS,PUBLIC_SOURCE_BACKED,Direct CMC historical global-metrics BTC dominance; not TradingView top-125 convention.
2024-12-16,55.8634,CMC_GLOBAL_METRICS_BTC_DOMINANCE,CoinMarketCap,CMC_DIRECT_SOURCE_CONVENTION: Bitcoin market cap / total market cap of cryptoassets tracked by CoinMarketCap * 100,UTC,2024-12-16T00:00:00Z,2026-08-30T10:38:54Z,SETTLED_COMPLETE_DATE,NOT_COMPUTABLE,PASS,PUBLIC_SOURCE_BACKED,Direct CMC historical global-metrics BTC dominance; not TradingView top-125 convention.
2024-12-17,56.4109,CMC_GLOBAL_METRICS_BTC_DOMINANCE,CoinMarketCap,CMC_DIRECT_SOURCE_CONVENTION: Bitcoin market cap / total market cap of cryptoassets tracked by CoinMarketCap * 100,UTC,2024-12-17T00:00:00Z,2026-08-30T10:38:54Z,SETTLED_COMPLETE_DATE,NOT_COMPUTABLE,PASS,PUBLIC_SOURCE_BACKED,Direct CMC historical global-metrics BTC dominance; not TradingView top-125 convention.
2024-12-18,56.7497,CMC_GLOBAL_METRICS_BTC_DOMINANCE,CoinMarketCap,CMC_DIRECT_SOURCE_CONVENTION: Bitcoin market cap / total market cap of cryptoassets tracked by CoinMarketCap * 100,UTC,2024-12-18T00:00:00Z,2026-08-30T10:38:54Z,SETTLED_COMPLETE_DATE,NOT_COMPUTABLE,PASS,PUBLIC_SOURCE_BACKED,Direct CMC historical global-metrics BTC dominance; not TradingView top-125 convention.
2024-12-19,56.9999,CMC_GLOBAL_METRICS_BTC_DOMINANCE,CoinMarketCap,CMC_DIRECT_SOURCE_CONVENTION: Bitcoin market cap / total market cap of cryptoassets tracked by CoinMarketCap * 100,UTC,2024-12-19T00:00:00Z,2026-08-30T10:38:54Z,SETTLED_COMPLETE_DATE,NOT_COMPUTABLE,PASS,PUBLIC_SOURCE_BACKED,Direct CMC historical global-metrics BTC dominance; not TradingView top-125 convention.
2024-12-20,57.626,CMC_GLOBAL_METRICS_BTC_DOMINANCE,CoinMarketCap,CMC_DIRECT_SOURCE_CONVENTION: Bitcoin market cap / total market cap of cryptoassets tracked by CoinMarketCap * 100,UTC,2024-12-20T00:00:00Z,2026-08-30T10:38:54Z,SETTLED_COMPLETE_DATE,NOT_COMPUTABLE,PASS,PUBLIC_SOURCE_BACKED,Direct CMC historical global-metrics BTC dominance; not TradingView top-125 convention.
2024-12-21,57.0626,CMC_GLOBAL_METRICS_BTC_DOMINANCE,CoinMarketCap,CMC_DIRECT_SOURCE_CONVENTION: Bitcoin market cap / total market cap of cryptoassets tracked by CoinMarketCap * 100,UTC,2024-12-21T00:00:00Z,2026-08-30T10:38:54Z,SETTLED_COMPLETE_DATE,NOT_COMPUTABLE,PASS,PUBLIC_SOURCE_BACKED,Direct CMC historical global-metrics BTC dominance; not TradingView top-125 convention.
2024-12-22,57.7511,CMC_GLOBAL_METRICS_BTC_DOMINANCE,CoinMarketCap,CMC_DIRECT_SOURCE_CONVENTION: Bitcoin market cap / total market cap of cryptoassets tracked by CoinMarketCap * 100,UTC,2024-12-22T00:00:00Z,2026-08-30T10:38:54Z,SETTLED_COMPLETE_DATE,NOT_COMPUTABLE,PASS,PUBLIC_SOURCE_BACKED,Direct CMC historical global-metrics BTC dominance; not TradingView top-125 convention.
2024-12-23,57.4899,CMC_GLOBAL_METRICS_BTC_DOMINANCE,CoinMarketCap,CMC_DIRECT_SOURCE_CONVENTION: Bitcoin market cap / total market cap of cryptoassets tracked by CoinMarketCap * 100,UTC,2024-12-23T00:00:00Z,2026-08-30T10:38:54Z,SETTLED_COMPLETE_DATE,NOT_COMPUTABLE,PASS,PUBLIC_SOURCE_BACKED,Direct CMC historical global-metrics BTC dominance; not TradingView top-125 convention.
2024-12-24,56.3265,CMC_GLOBAL_METRICS_BTC_DOMINANCE,CoinMarketCap,CMC_DIRECT_SOURCE_CONVENTION: Bitcoin market cap / total market cap of cryptoassets tracked by CoinMarketCap * 100,UTC,2024-12-24T00:00:00Z,2026-08-30T10:38:54Z,SETTLED_COMPLETE_DATE,NOT_COMPUTABLE,PASS,PUBLIC_SOURCE_BACKED,Direct CMC historical global-metrics BTC dominance; not TradingView top-125 convention.
2024-12-25,56.7261,CMC_GLOBAL_METRICS_BTC_DOMINANCE,CoinMarketCap,CMC_DIRECT_SOURCE_CONVENTION: Bitcoin market cap / total market cap of cryptoassets tracked by CoinMarketCap * 100,UTC,2024-12-25T00:00:00Z,2026-08-30T10:38:54Z,SETTLED_COMPLETE_DATE,NOT_COMPUTABLE,PASS,PUBLIC_SOURCE_BACKED,Direct CMC historical global-metrics BTC dominance; not TradingView top-125 convention.
2024-12-26,57.0358,CMC_GLOBAL_METRICS_BTC_DOMINANCE,CoinMarketCap,CMC_DIRECT_SOURCE_CONVENTION: Bitcoin market cap / total market cap of cryptoassets tracked by CoinMarketCap * 100,UTC,2024-12-26T00:00:00Z,2026-08-30T10:38:54Z,SETTLED_COMPLETE_DATE,NOT_COMPUTABLE,PASS,PUBLIC_SOURCE_BACKED,Direct CMC historical global-metrics BTC dominance; not TradingView top-125 convention.
2024-12-27,57.15,CMC_GLOBAL_METRICS_BTC_DOMINANCE,CoinMarketCap,CMC_DIRECT_SOURCE_CONVENTION: Bitcoin market cap / total market cap of cryptoassets tracked by CoinMarketCap * 100,UTC,2024-12-27T00:00:00Z,2026-08-30T10:38:54Z,SETTLED_COMPLETE_DATE,NOT_COMPUTABLE,PASS,PUBLIC_SOURCE_BACKED,Direct CMC historical global-metrics BTC dominance; not TradingView top-125 convention.
2024-12-28,56.7789,CMC_GLOBAL_METRICS_BTC_DOMINANCE,CoinMarketCap,CMC_DIRECT_SOURCE_CONVENTION: Bitcoin market cap / total market cap of cryptoassets tracked by CoinMarketCap * 100,UTC,2024-12-28T00:00:00Z,2026-08-30T10:38:54Z,SETTLED_COMPLETE_DATE,NOT_COMPUTABLE,PASS,PUBLIC_SOURCE_BACKED,Direct CMC historical global-metrics BTC dominance; not TradingView top-125 convention.
2024-12-29,56.4627,CMC_GLOBAL_METRICS_BTC_DOMINANCE,CoinMarketCap,CMC_DIRECT_SOURCE_CONVENTION: Bitcoin market cap / total market cap of cryptoassets tracked by CoinMarketCap * 100,UTC,2024-12-29T00:00:00Z,2026-08-30T10:38:54Z,SETTLED_COMPLETE_DATE,NOT_COMPUTABLE,PASS,PUBLIC_SOURCE_BACKED,Direct CMC historical global-metrics BTC dominance; not TradingView top-125 convention.
2024-12-30,56.6932,CMC_GLOBAL_METRICS_BTC_DOMINANCE,CoinMarketCap,CMC_DIRECT_SOURCE_CONVENTION: Bitcoin market cap / total market cap of cryptoassets tracked by CoinMarketCap * 100,UTC,2024-12-30T00:00:00Z,2026-08-30T10:38:54Z,SETTLED_COMPLETE_DATE,NOT_COMPUTABLE,PASS,PUBLIC_SOURCE_BACKED,Direct CMC historical global-metrics BTC dominance; not TradingView top-125 convention.
2024-12-31,56.4801,CMC_GLOBAL_METRICS_BTC_DOMINANCE,CoinMarketCap,CMC_DIRECT_SOURCE_CONVENTION: Bitcoin market cap / total market cap of cryptoassets tracked by CoinMarketCap * 100,UTC,2024-12-31T00:00:00Z,2026-08-30T10:38:54Z,SETTLED_COMPLETE_DATE,NOT_COMPUTABLE,PASS,PUBLIC_SOURCE_BACKED,Direct CMC historical global-metrics BTC dominance; not TradingView top-125 convention.
2025-01-01,56.7671,CMC_GLOBAL_METRICS_BTC_DOMINANCE,CoinMarketCap,CMC_DIRECT_SOURCE_CONVENTION: Bitcoin market cap / total market cap of cryptoassets tracked by CoinMarketCap * 100,UTC,2025-01-01T00:00:00Z,2026-08-30T10:38:54Z,SETTLED_COMPLETE_DATE,NOT_COMPUTABLE,PASS,PUBLIC_SOURCE_BACKED,Direct CMC historical global-metrics BTC dominance; not TradingView top-125 convention.
2025-01-02,56.3047,CMC_GLOBAL_METRICS_BTC_DOMINANCE,CoinMarketCap,CMC_DIRECT_SOURCE_CONVENTION: Bitcoin market cap / total market cap of cryptoassets tracked by CoinMarketCap * 100,UTC,2025-01-02T00:00:00Z,2026-08-30T10:38:54Z,SETTLED_COMPLETE_DATE,NOT_COMPUTABLE,PASS,PUBLIC_SOURCE_BACKED,Direct CMC historical global-metrics BTC dominance; not TradingView top-125 convention.
2025-01-03,56.3374,CMC_GLOBAL_METRICS_BTC_DOMINANCE,CoinMarketCap,CMC_DIRECT_SOURCE_CONVENTION: Bitcoin market cap / total market cap of cryptoassets tracked by CoinMarketCap * 100,UTC,2025-01-03T00:00:00Z,2026-08-30T10:38:54Z,SETTLED_COMPLETE_DATE,NOT_COMPUTABLE,PASS,PUBLIC_SOURCE_BACKED,Direct CMC historical global-metrics BTC dominance; not TradingView top-125 convention.
2025-01-04,55.5999,CMC_GLOBAL_METRICS_BTC_DOMINANCE,CoinMarketCap,CMC_DIRECT_SOURCE_CONVENTION: Bitcoin market cap / total market cap of cryptoassets tracked by CoinMarketCap * 100,UTC,2025-01-04T00:00:00Z,2026-08-30T10:38:54Z,SETTLED_COMPLETE_DATE,NOT_COMPUTABLE,PASS,PUBLIC_SOURCE_BACKED,Direct CMC historical global-metrics BTC dominance; not TradingView top-125 convention.
2025-01-05,55.5045,CMC_GLOBAL_METRICS_BTC_DOMINANCE,CoinMarketCap,CMC_DIRECT_SOURCE_CONVENTION: Bitcoin market cap / total market cap of cryptoassets tracked by CoinMarketCap * 100,UTC,2025-01-05T00:00:00Z,2026-08-30T10:38:54Z,SETTLED_COMPLETE_DATE,NOT_COMPUTABLE,PASS,PUBLIC_SOURCE_BACKED,Direct CMC historical global-metrics BTC dominance; not TradingView top-125 convention.
2025-01-06,55.6628,CMC_GLOBAL_METRICS_BTC_DOMINANCE,CoinMarketCap,CMC_DIRECT_SOURCE_CONVENTION: Bitcoin market cap / total market cap of cryptoassets tracked by CoinMarketCap * 100,UTC,2025-01-06T00:00:00Z,2026-08-30T10:38:54Z,SETTLED_COMPLETE_DATE,NOT_COMPUTABLE,PASS,PUBLIC_SOURCE_BACKED,Direct CMC historical global-metrics BTC dominance; not TradingView top-125 convention.
2025-01-07,56.3399,CMC_GLOBAL_METRICS_BTC_DOMINANCE,CoinMarketCap,CMC_DIRECT_SOURCE_CONVENTION: Bitcoin market cap / total market cap of cryptoassets tracked by CoinMarketCap * 100,UTC,2025-01-07T00:00:00Z,2026-08-30T10:38:54Z,SETTLED_COMPLETE_DATE,NOT_COMPUTABLE,PASS,PUBLIC_SOURCE_BACKED,Direct CMC historical global-metrics BTC dominance; not TradingView top-125 convention.
2025-01-08,56.7933,CMC_GLOBAL_METRICS_BTC_DOMINANCE,CoinMarketCap,CMC_DIRECT_SOURCE_CONVENTION: Bitcoin market cap / total market cap of cryptoassets tracked by CoinMarketCap * 100,UTC,2025-01-08T00:00:00Z,2026-08-30T10:38:54Z,SETTLED_COMPLETE_DATE,NOT_COMPUTABLE,PASS,PUBLIC_SOURCE_BACKED,Direct CMC historical global-metrics BTC dominance; not TradingView top-125 convention.
2025-01-09,56.6258,CMC_GLOBAL_METRICS_BTC_DOMINANCE,CoinMarketCap,CMC_DIRECT_SOURCE_CONVENTION: Bitcoin market cap / total market cap of cryptoassets tracked by CoinMarketCap * 100,UTC,2025-01-09T00:00:00Z,2026-08-30T10:38:54Z,SETTLED_COMPLETE_DATE,NOT_COMPUTABLE,PASS,PUBLIC_SOURCE_BACKED,Direct CMC historical global-metrics BTC dominance; not TradingView top-125 convention.
2025-01-10,56.7404,CMC_GLOBAL_METRICS_BTC_DOMINANCE,CoinMarketCap,CMC_DIRECT_SOURCE_CONVENTION: Bitcoin market cap / total market cap of cryptoassets tracked by CoinMarketCap * 100,UTC,2025-01-10T00:00:00Z,2026-08-30T10:38:54Z,SETTLED_COMPLETE_DATE,NOT_COMPUTABLE,PASS,PUBLIC_SOURCE_BACKED,Direct CMC historical global-metrics BTC dominance; not TradingView top-125 convention.
2025-01-11,56.8241,CMC_GLOBAL_METRICS_BTC_DOMINANCE,CoinMarketCap,CMC_DIRECT_SOURCE_CONVENTION: Bitcoin market cap / total market cap of cryptoassets tracked by CoinMarketCap * 100,UTC,2025-01-11T00:00:00Z,2026-08-30T10:38:54Z,SETTLED_COMPLETE_DATE,NOT_COMPUTABLE,PASS,PUBLIC_SOURCE_BACKED,Direct CMC historical global-metrics BTC dominance; not TradingView top-125 convention.
2025-01-12,56.4512,CMC_GLOBAL_METRICS_BTC_DOMINANCE,CoinMarketCap,CMC_DIRECT_SOURCE_CONVENTION: Bitcoin market cap / total market cap of cryptoassets tracked by CoinMarketCap * 100,UTC,2025-01-12T00:00:00Z,2026-08-30T10:38:54Z,SETTLED_COMPLETE_DATE,NOT_COMPUTABLE,PASS,PUBLIC_SOURCE_BACKED,Direct CMC historical global-metrics BTC dominance; not TradingView top-125 convention.
2025-01-13,56.7167,CMC_GLOBAL_METRICS_BTC_DOMINANCE,CoinMarketCap,CMC_DIRECT_SOURCE_CONVENTION: Bitcoin market cap / total market cap of cryptoassets tracked by CoinMarketCap * 100,UTC,2025-01-13T00:00:00Z,2026-08-30T10:38:54Z,SETTLED_COMPLETE_DATE,NOT_COMPUTABLE,PASS,PUBLIC_SOURCE_BACKED,Direct CMC historical global-metrics BTC dominance; not TradingView top-125 convention.
2025-01-14,57.252,CMC_GLOBAL_METRICS_BTC_DOMINANCE,CoinMarketCap,CMC_DIRECT_SOURCE_CONVENTION: Bitcoin market cap / total market cap of cryptoassets tracked by CoinMarketCap * 100,UTC,2025-01-14T00:00:00Z,2026-08-30T10:38:54Z,SETTLED_COMPLETE_DATE,NOT_COMPUTABLE,PASS,PUBLIC_SOURCE_BACKED,Direct CMC historical global-metrics BTC dominance; not TradingView top-125 convention.
2025-01-15,57.074,CMC_GLOBAL_METRICS_BTC_DOMINANCE,CoinMarketCap,CMC_DIRECT_SOURCE_CONVENTION: Bitcoin market cap / total market cap of cryptoassets tracked by CoinMarketCap * 100,UTC,2025-01-15T00:00:00Z,2026-08-30T10:38:54Z,SETTLED_COMPLETE_DATE,NOT_COMPUTABLE,PASS,PUBLIC_SOURCE_BACKED,Direct CMC historical global-metrics BTC dominance; not TradingView top-125 convention.
2025-01-16,56.3235,CMC_GLOBAL_METRICS_BTC_DOMINANCE,CoinMarketCap,CMC_DIRECT_SOURCE_CONVENTION: Bitcoin market cap / total market cap of cryptoassets tracked by CoinMarketCap * 100,UTC,2025-01-16T00:00:00Z,2026-08-30T10:38:54Z,SETTLED_COMPLETE_DATE,NOT_COMPUTABLE,PASS,PUBLIC_SOURCE_BACKED,Direct CMC historical global-metrics BTC dominance; not TradingView top-125 convention.
2025-01-17,56.4343,CMC_GLOBAL_METRICS_BTC_DOMINANCE,CoinMarketCap,CMC_DIRECT_SOURCE_CONVENTION: Bitcoin market cap / total market cap of cryptoassets tracked by CoinMarketCap * 100,UTC,2025-01-17T00:00:00Z,2026-08-30T10:38:54Z,SETTLED_COMPLETE_DATE,NOT_COMPUTABLE,PASS,PUBLIC_SOURCE_BACKED,Direct CMC historical global-metrics BTC dominance; not TradingView top-125 convention.
2025-01-18,56.4296,CMC_GLOBAL_METRICS_BTC_DOMINANCE,CoinMarketCap,CMC_DIRECT_SOURCE_CONVENTION: Bitcoin market cap / total market cap of cryptoassets tracked by CoinMarketCap * 100,UTC,2025-01-18T00:00:00Z,2026-08-30T10:38:54Z,SETTLED_COMPLETE_DATE,NOT_COMPUTABLE,PASS,PUBLIC_SOURCE_BACKED,Direct CMC historical global-metrics BTC dominance; not TradingView top-125 convention.
2025-01-19,56.8622,CMC_GLOBAL_METRICS_BTC_DOMINANCE,CoinMarketCap,CMC_DIRECT_SOURCE_CONVENTION: Bitcoin market cap / total market cap of cryptoassets tracked by CoinMarketCap * 100,UTC,2025-01-19T00:00:00Z,2026-08-30T10:38:54Z,SETTLED_COMPLETE_DATE,NOT_COMPUTABLE,PASS,PUBLIC_SOURCE_BACKED,Direct CMC historical global-metrics BTC dominance; not TradingView top-125 convention.
2025-01-20,57.3799,CMC_GLOBAL_METRICS_BTC_DOMINANCE,CoinMarketCap,CMC_DIRECT_SOURCE_CONVENTION: Bitcoin market cap / total market cap of cryptoassets tracked by CoinMarketCap * 100,UTC,2025-01-20T00:00:00Z,2026-08-30T10:38:54Z,SETTLED_COMPLETE_DATE,NOT_COMPUTABLE,PASS,PUBLIC_SOURCE_BACKED,Direct CMC historical global-metrics BTC dominance; not TradingView top-125 convention.
2025-01-21,57.3344,CMC_GLOBAL_METRICS_BTC_DOMINANCE,CoinMarketCap,CMC_DIRECT_SOURCE_CONVENTION: Bitcoin market cap / total market cap of cryptoassets tracked by CoinMarketCap * 100,UTC,2025-01-21T00:00:00Z,2026-08-30T10:38:54Z,SETTLED_COMPLETE_DATE,NOT_COMPUTABLE,PASS,PUBLIC_SOURCE_BACKED,Direct CMC historical global-metrics BTC dominance; not TradingView top-125 convention.
2025-01-22,57.7211,CMC_GLOBAL_METRICS_BTC_DOMINANCE,CoinMarketCap,CMC_DIRECT_SOURCE_CONVENTION: Bitcoin market cap / total market cap of cryptoassets tracked by CoinMarketCap * 100,UTC,2025-01-22T00:00:00Z,2026-08-30T10:38:54Z,SETTLED_COMPLETE_DATE,NOT_COMPUTABLE,PASS,PUBLIC_SOURCE_BACKED,Direct CMC historical global-metrics BTC dominance; not TradingView top-125 convention.
2025-01-23,57.4414,CMC_GLOBAL_METRICS_BTC_DOMINANCE,CoinMarketCap,CMC_DIRECT_SOURCE_CONVENTION: Bitcoin market cap / total market cap of cryptoassets tracked by CoinMarketCap * 100,UTC,2025-01-23T00:00:00Z,2026-08-30T10:38:54Z,SETTLED_COMPLETE_DATE,NOT_COMPUTABLE,PASS,PUBLIC_SOURCE_BACKED,Direct CMC historical global-metrics BTC dominance; not TradingView top-125 convention.
2025-01-24,57.4712,CMC_GLOBAL_METRICS_BTC_DOMINANCE,CoinMarketCap,CMC_DIRECT_SOURCE_CONVENTION: Bitcoin market cap / total market cap of cryptoassets tracked by CoinMarketCap * 100,UTC,2025-01-24T00:00:00Z,2026-08-30T10:38:54Z,SETTLED_COMPLETE_DATE,NOT_COMPUTABLE,PASS,PUBLIC_SOURCE_BACKED,Direct CMC historical global-metrics BTC dominance; not TradingView top-125 convention.
2025-01-25,57.8867,CMC_GLOBAL_METRICS_BTC_DOMINANCE,CoinMarketCap,CMC_DIRECT_SOURCE_CONVENTION: Bitcoin market cap / total market cap of cryptoassets tracked by CoinMarketCap * 100,UTC,2025-01-25T00:00:00Z,2026-08-30T10:38:54Z,SETTLED_COMPLETE_DATE,NOT_COMPUTABLE,PASS,PUBLIC_SOURCE_BACKED,Direct CMC historical global-metrics BTC dominance; not TradingView top-125 convention.
2025-01-26,57.7389,CMC_GLOBAL_METRICS_BTC_DOMINANCE,CoinMarketCap,CMC_DIRECT_SOURCE_CONVENTION: Bitcoin market cap / total market cap of cryptoassets tracked by CoinMarketCap * 100,UTC,2025-01-26T00:00:00Z,2026-08-30T10:38:54Z,SETTLED_COMPLETE_DATE,NOT_COMPUTABLE,PASS,PUBLIC_SOURCE_BACKED,Direct CMC historical global-metrics BTC dominance; not TradingView top-125 convention.
2025-01-27,57.9022,CMC_GLOBAL_METRICS_BTC_DOMINANCE,CoinMarketCap,CMC_DIRECT_SOURCE_CONVENTION: Bitcoin market cap / total market cap of cryptoassets tracked by CoinMarketCap * 100,UTC,2025-01-27T00:00:00Z,2026-08-30T10:38:54Z,SETTLED_COMPLETE_DATE,NOT_COMPUTABLE,PASS,PUBLIC_SOURCE_BACKED,Direct CMC historical global-metrics BTC dominance; not TradingView top-125 convention.
2025-01-28,57.9842,CMC_GLOBAL_METRICS_BTC_DOMINANCE,CoinMarketCap,CMC_DIRECT_SOURCE_CONVENTION: Bitcoin market cap / total market cap of cryptoassets tracked by CoinMarketCap * 100,UTC,2025-01-28T00:00:00Z,2026-08-30T10:38:54Z,SETTLED_COMPLETE_DATE,NOT_COMPUTABLE,PASS,PUBLIC_SOURCE_BACKED,Direct CMC historical global-metrics BTC dominance; not TradingView top-125 convention.
2025-01-29,58.4987,CMC_GLOBAL_METRICS_BTC_DOMINANCE,CoinMarketCap,CMC_DIRECT_SOURCE_CONVENTION: Bitcoin market cap / total market cap of cryptoassets tracked by CoinMarketCap * 100,UTC,2025-01-29T00:00:00Z,2026-08-30T10:38:54Z,SETTLED_COMPLETE_DATE,NOT_COMPUTABLE,PASS,PUBLIC_SOURCE_BACKED,Direct CMC historical global-metrics BTC dominance; not TradingView top-125 convention.
2025-01-30,58.7658,CMC_GLOBAL_METRICS_BTC_DOMINANCE,CoinMarketCap,CMC_DIRECT_SOURCE_CONVENTION: Bitcoin market cap / total market cap of cryptoassets tracked by CoinMarketCap * 100,UTC,2025-01-30T00:00:00Z,2026-08-30T10:38:54Z,SETTLED_COMPLETE_DATE,NOT_COMPUTABLE,PASS,PUBLIC_SOURCE_BACKED,Direct CMC historical global-metrics BTC dominance; not TradingView top-125 convention.
2025-01-31,58.1759,CMC_GLOBAL_METRICS_BTC_DOMINANCE,CoinMarketCap,CMC_DIRECT_SOURCE_CONVENTION: Bitcoin market cap / total market cap of cryptoassets tracked by CoinMarketCap * 100,UTC,2025-01-31T00:00:00Z,2026-08-30T10:38:54Z,SETTLED_COMPLETE_DATE,NOT_COMPUTABLE,PASS,PUBLIC_SOURCE_BACKED,Direct CMC historical global-metrics BTC dominance; not TradingView top-125 convention.
2025-02-01,57.7038,CMC_GLOBAL_METRICS_BTC_DOMINANCE,CoinMarketCap,CMC_DIRECT_SOURCE_CONVENTION: Bitcoin market cap / total market cap of cryptoassets tracked by CoinMarketCap * 100,UTC,2025-02-01T00:00:00Z,2026-08-30T10:38:54Z,SETTLED_COMPLETE_DATE,NOT_COMPUTABLE,PASS,PUBLIC_SOURCE_BACKED,Direct CMC historical global-metrics BTC dominance; not TradingView top-125 convention.
2025-02-02,58.5817,CMC_GLOBAL_METRICS_BTC_DOMINANCE,CoinMarketCap,CMC_DIRECT_SOURCE_CONVENTION: Bitcoin market cap / total market cap of cryptoassets tracked by CoinMarketCap * 100,UTC,2025-02-02T00:00:00Z,2026-08-30T10:38:54Z,SETTLED_COMPLETE_DATE,NOT_COMPUTABLE,PASS,PUBLIC_SOURCE_BACKED,Direct CMC historical global-metrics BTC dominance; not TradingView top-125 convention.
2025-02-03,59.7831,CMC_GLOBAL_METRICS_BTC_DOMINANCE,CoinMarketCap,CMC_DIRECT_SOURCE_CONVENTION: Bitcoin market cap / total market cap of cryptoassets tracked by CoinMarketCap * 100,UTC,2025-02-03T00:00:00Z,2026-08-30T10:38:54Z,SETTLED_COMPLETE_DATE,NOT_COMPUTABLE,PASS,PUBLIC_SOURCE_BACKED,Direct CMC historical global-metrics BTC dominance; not TradingView top-125 convention.
2025-02-04,60.0624,CMC_GLOBAL_METRICS_BTC_DOMINANCE,CoinMarketCap,CMC_DIRECT_SOURCE_CONVENTION: Bitcoin market cap / total market cap of cryptoassets tracked by CoinMarketCap * 100,UTC,2025-02-04T00:00:00Z,2026-08-30T10:38:54Z,SETTLED_COMPLETE_DATE,NOT_COMPUTABLE,PASS,PUBLIC_SOURCE_BACKED,Direct CMC historical global-metrics BTC dominance; not TradingView top-125 convention.
2025-02-05,60.3659,CMC_GLOBAL_METRICS_BTC_DOMINANCE,CoinMarketCap,CMC_DIRECT_SOURCE_CONVENTION: Bitcoin market cap / total market cap of cryptoassets tracked by CoinMarketCap * 100,UTC,2025-02-05T00:00:00Z,2026-08-30T10:38:54Z,SETTLED_COMPLETE_DATE,NOT_COMPUTABLE,PASS,PUBLIC_SOURCE_BACKED,Direct CMC historical global-metrics BTC dominance; not TradingView top-125 convention.
2025-02-06,60.3696,CMC_GLOBAL_METRICS_BTC_DOMINANCE,CoinMarketCap,CMC_DIRECT_SOURCE_CONVENTION: Bitcoin market cap / total market cap of cryptoassets tracked by CoinMarketCap * 100,UTC,2025-02-06T00:00:00Z,2026-08-30T10:38:54Z,SETTLED_COMPLETE_DATE,NOT_COMPUTABLE,PASS,PUBLIC_SOURCE_BACKED,Direct CMC historical global-metrics BTC dominance; not TradingView top-125 convention.
2025-02-07,60.9692,CMC_GLOBAL_METRICS_BTC_DOMINANCE,CoinMarketCap,CMC_DIRECT_SOURCE_CONVENTION: Bitcoin market cap / total market cap of cryptoassets tracked by CoinMarketCap * 100,UTC,2025-02-07T00:00:00Z,2026-08-30T10:38:54Z,SETTLED_COMPLETE_DATE,NOT_COMPUTABLE,PASS,PUBLIC_SOURCE_BACKED,Direct CMC historical global-metrics BTC dominance; not TradingView top-125 convention.
2025-02-08,60.9825,CMC_GLOBAL_METRICS_BTC_DOMINANCE,CoinMarketCap,CMC_DIRECT_SOURCE_CONVENTION: Bitcoin market cap / total market cap of cryptoassets tracked by CoinMarketCap * 100,UTC,2025-02-08T00:00:00Z,2026-08-30T10:38:54Z,SETTLED_COMPLETE_DATE,NOT_COMPUTABLE,PASS,PUBLIC_SOURCE_BACKED,Direct CMC historical global-metrics BTC dominance; not TradingView top-125 convention.
2025-02-09,60.5815,CMC_GLOBAL_METRICS_BTC_DOMINANCE,CoinMarketCap,CMC_DIRECT_SOURCE_CONVENTION: Bitcoin market cap / total market cap of cryptoassets tracked by CoinMarketCap * 100,UTC,2025-02-09T00:00:00Z,2026-08-30T10:38:54Z,SETTLED_COMPLETE_DATE,NOT_COMPUTABLE,PASS,PUBLIC_SOURCE_BACKED,Direct CMC historical global-metrics BTC dominance; not TradingView top-125 convention.
2025-02-10,60.6678,CMC_GLOBAL_METRICS_BTC_DOMINANCE,CoinMarketCap,CMC_DIRECT_SOURCE_CONVENTION: Bitcoin market cap / total market cap of cryptoassets tracked by CoinMarketCap * 100,UTC,2025-02-10T00:00:00Z,2026-08-30T10:38:54Z,SETTLED_COMPLETE_DATE,NOT_COMPUTABLE,PASS,PUBLIC_SOURCE_BACKED,Direct CMC historical global-metrics BTC dominance; not TradingView top-125 convention.
2025-02-11,60.593,CMC_GLOBAL_METRICS_BTC_DOMINANCE,CoinMarketCap,CMC_DIRECT_SOURCE_CONVENTION: Bitcoin market cap / total market cap of cryptoassets tracked by CoinMarketCap * 100,UTC,2025-02-11T00:00:00Z,2026-08-30T10:38:54Z,SETTLED_COMPLETE_DATE,NOT_COMPUTABLE,PASS,PUBLIC_SOURCE_BACKED,Direct CMC historical global-metrics BTC dominance; not TradingView top-125 convention.
2025-02-12,60.2812,CMC_GLOBAL_METRICS_BTC_DOMINANCE,CoinMarketCap,CMC_DIRECT_SOURCE_CONVENTION: Bitcoin market cap / total market cap of cryptoassets tracked by CoinMarketCap * 100,UTC,2025-02-12T00:00:00Z,2026-08-30T10:38:54Z,SETTLED_COMPLETE_DATE,NOT_COMPUTABLE,PASS,PUBLIC_SOURCE_BACKED,Direct CMC historical global-metrics BTC dominance; not TradingView top-125 convention.
2025-02-13,59.9812,CMC_GLOBAL_METRICS_BTC_DOMINANCE,CoinMarketCap,CMC_DIRECT_SOURCE_CONVENTION: Bitcoin market cap / total market cap of cryptoassets tracked by CoinMarketCap * 100,UTC,2025-02-13T00:00:00Z,2026-08-30T10:38:54Z,SETTLED_COMPLETE_DATE,NOT_COMPUTABLE,PASS,PUBLIC_SOURCE_BACKED,Direct CMC historical global-metrics BTC dominance; not TradingView top-125 convention.
2025-02-14,59.9444,CMC_GLOBAL_METRICS_BTC_DOMINANCE,CoinMarketCap,CMC_DIRECT_SOURCE_CONVENTION: Bitcoin market cap / total market cap of cryptoassets tracked by CoinMarketCap * 100,UTC,2025-02-14T00:00:00Z,2026-08-30T10:38:54Z,SETTLED_COMPLETE_DATE,NOT_COMPUTABLE,PASS,PUBLIC_SOURCE_BACKED,Direct CMC historical global-metrics BTC dominance; not TradingView top-125 convention.
2025-02-15,59.6132,CMC_GLOBAL_METRICS_BTC_DOMINANCE,CoinMarketCap,CMC_DIRECT_SOURCE_CONVENTION: Bitcoin market cap / total market cap of cryptoassets tracked by CoinMarketCap * 100,UTC,2025-02-15T00:00:00Z,2026-08-30T10:38:54Z,SETTLED_COMPLETE_DATE,NOT_COMPUTABLE,PASS,PUBLIC_SOURCE_BACKED,Direct CMC historical global-metrics BTC dominance; not TradingView top-125 convention.
2025-02-16,59.8564,CMC_GLOBAL_METRICS_BTC_DOMINANCE,CoinMarketCap,CMC_DIRECT_SOURCE_CONVENTION: Bitcoin market cap / total market cap of cryptoassets tracked by CoinMarketCap * 100,UTC,2025-02-16T00:00:00Z,2026-08-30T10:38:54Z,SETTLED_COMPLETE_DATE,NOT_COMPUTABLE,PASS,PUBLIC_SOURCE_BACKED,Direct CMC historical global-metrics BTC dominance; not TradingView top-125 convention.
2025-02-17,59.7272,CMC_GLOBAL_METRICS_BTC_DOMINANCE,CoinMarketCap,CMC_DIRECT_SOURCE_CONVENTION: Bitcoin market cap / total market cap of cryptoassets tracked by CoinMarketCap * 100,UTC,2025-02-17T00:00:00Z,2026-08-30T10:38:54Z,SETTLED_COMPLETE_DATE,NOT_COMPUTABLE,PASS,PUBLIC_SOURCE_BACKED,Direct CMC historical global-metrics BTC dominance; not TradingView top-125 convention.
2025-02-18,59.6711,CMC_GLOBAL_METRICS_BTC_DOMINANCE,CoinMarketCap,CMC_DIRECT_SOURCE_CONVENTION: Bitcoin market cap / total market cap of cryptoassets tracked by CoinMarketCap * 100,UTC,2025-02-18T00:00:00Z,2026-08-30T10:38:54Z,SETTLED_COMPLETE_DATE,NOT_COMPUTABLE,PASS,PUBLIC_SOURCE_BACKED,Direct CMC historical global-metrics BTC dominance; not TradingView top-125 convention.
2025-02-19,60.3199,CMC_GLOBAL_METRICS_BTC_DOMINANCE,CoinMarketCap,CMC_DIRECT_SOURCE_CONVENTION: Bitcoin market cap / total market cap of cryptoassets tracked by CoinMarketCap * 100,UTC,2025-02-19T00:00:00Z,2026-08-30T10:38:54Z,SETTLED_COMPLETE_DATE,NOT_COMPUTABLE,PASS,PUBLIC_SOURCE_BACKED,Direct CMC historical global-metrics BTC dominance; not TradingView top-125 convention.
2025-02-20,60.118,CMC_GLOBAL_METRICS_BTC_DOMINANCE,CoinMarketCap,CMC_DIRECT_SOURCE_CONVENTION: Bitcoin market cap / total market cap of cryptoassets tracked by CoinMarketCap * 100,UTC,2025-02-20T00:00:00Z,2026-08-30T10:38:54Z,SETTLED_COMPLETE_DATE,NOT_COMPUTABLE,PASS,PUBLIC_SOURCE_BACKED,Direct CMC historical global-metrics BTC dominance; not TradingView top-125 convention.
2025-02-21,60.2324,CMC_GLOBAL_METRICS_BTC_DOMINANCE,CoinMarketCap,CMC_DIRECT_SOURCE_CONVENTION: Bitcoin market cap / total market cap of cryptoassets tracked by CoinMarketCap * 100,UTC,2025-02-21T00:00:00Z,2026-08-30T10:38:54Z,SETTLED_COMPLETE_DATE,NOT_COMPUTABLE,PASS,PUBLIC_SOURCE_BACKED,Direct CMC historical global-metrics BTC dominance; not TradingView top-125 convention.
2025-02-22,60.3624,CMC_GLOBAL_METRICS_BTC_DOMINANCE,CoinMarketCap,CMC_DIRECT_SOURCE_CONVENTION: Bitcoin market cap / total market cap of cryptoassets tracked by CoinMarketCap * 100,UTC,2025-02-22T00:00:00Z,2026-08-30T10:38:54Z,SETTLED_COMPLETE_DATE,NOT_COMPUTABLE,PASS,PUBLIC_SOURCE_BACKED,Direct CMC historical global-metrics BTC dominance; not TradingView top-125 convention.
2025-02-23,59.9388,CMC_GLOBAL_METRICS_BTC_DOMINANCE,CoinMarketCap,CMC_DIRECT_SOURCE_CONVENTION: Bitcoin market cap / total market cap of cryptoassets tracked by CoinMarketCap * 100,UTC,2025-02-23T00:00:00Z,2026-08-30T10:38:54Z,SETTLED_COMPLETE_DATE,NOT_COMPUTABLE,PASS,PUBLIC_SOURCE_BACKED,Direct CMC historical global-metrics BTC dominance; not TradingView top-125 convention.
2025-02-24,59.8519,CMC_GLOBAL_METRICS_BTC_DOMINANCE,CoinMarketCap,CMC_DIRECT_SOURCE_CONVENTION: Bitcoin market cap / total market cap of cryptoassets tracked by CoinMarketCap * 100,UTC,2025-02-24T00:00:00Z,2026-08-30T10:38:54Z,SETTLED_COMPLETE_DATE,NOT_COMPUTABLE,PASS,PUBLIC_SOURCE_BACKED,Direct CMC historical global-metrics BTC dominance; not TradingView top-125 convention.
2025-02-25,60.9141,CMC_GLOBAL_METRICS_BTC_DOMINANCE,CoinMarketCap,CMC_DIRECT_SOURCE_CONVENTION: Bitcoin market cap / total market cap of cryptoassets tracked by CoinMarketCap * 100,UTC,2025-02-25T00:00:00Z,2026-08-30T10:38:54Z,SETTLED_COMPLETE_DATE,NOT_COMPUTABLE,PASS,PUBLIC_SOURCE_BACKED,Direct CMC historical global-metrics BTC dominance; not TradingView top-125 convention.
2025-02-26,60.0417,CMC_GLOBAL_METRICS_BTC_DOMINANCE,CoinMarketCap,CMC_DIRECT_SOURCE_CONVENTION: Bitcoin market cap / total market cap of cryptoassets tracked by CoinMarketCap * 100,UTC,2025-02-26T00:00:00Z,2026-08-30T10:38:54Z,SETTLED_COMPLETE_DATE,NOT_COMPUTABLE,PASS,PUBLIC_SOURCE_BACKED,Direct CMC historical global-metrics BTC dominance; not TradingView top-125 convention.
2025-02-27,59.5722,CMC_GLOBAL_METRICS_BTC_DOMINANCE,CoinMarketCap,CMC_DIRECT_SOURCE_CONVENTION: Bitcoin market cap / total market cap of cryptoassets tracked by CoinMarketCap * 100,UTC,2025-02-27T00:00:00Z,2026-08-30T10:38:54Z,SETTLED_COMPLETE_DATE,NOT_COMPUTABLE,PASS,PUBLIC_SOURCE_BACKED,Direct CMC historical global-metrics BTC dominance; not TradingView top-125 convention.
2025-02-28,59.7488,CMC_GLOBAL_METRICS_BTC_DOMINANCE,CoinMarketCap,CMC_DIRECT_SOURCE_CONVENTION: Bitcoin market cap / total market cap of cryptoassets tracked by CoinMarketCap * 100,UTC,2025-02-28T00:00:00Z,2026-08-30T10:38:54Z,SETTLED_COMPLETE_DATE,NOT_COMPUTABLE,PASS,PUBLIC_SOURCE_BACKED,Direct CMC historical global-metrics BTC dominance; not TradingView top-125 convention.
2025-03-01,59.8498,CMC_GLOBAL_METRICS_BTC_DOMINANCE,CoinMarketCap,CMC_DIRECT_SOURCE_CONVENTION: Bitcoin market cap / total market cap of cryptoassets tracked by CoinMarketCap * 100,UTC,2025-03-01T00:00:00Z,2026-08-30T10:38:54Z,SETTLED_COMPLETE_DATE,NOT_COMPUTABLE,PASS,PUBLIC_SOURCE_BACKED,Direct CMC historical global-metrics BTC dominance; not TradingView top-125 convention.
2025-03-02,60.2114,CMC_GLOBAL_METRICS_BTC_DOMINANCE,CoinMarketCap,CMC_DIRECT_SOURCE_CONVENTION: Bitcoin market cap / total market cap of cryptoassets tracked by CoinMarketCap * 100,UTC,2025-03-02T00:00:00Z,2026-08-30T10:38:54Z,SETTLED_COMPLETE_DATE,NOT_COMPUTABLE,PASS,PUBLIC_SOURCE_BACKED,Direct CMC historical global-metrics BTC dominance; not TradingView top-125 convention.
2025-03-03,59.4301,CMC_GLOBAL_METRICS_BTC_DOMINANCE,CoinMarketCap,CMC_DIRECT_SOURCE_CONVENTION: Bitcoin market cap / total market cap of cryptoassets tracked by CoinMarketCap * 100,UTC,2025-03-03T00:00:00Z,2026-08-30T10:38:54Z,SETTLED_COMPLETE_DATE,NOT_COMPUTABLE,PASS,PUBLIC_SOURCE_BACKED,Direct CMC historical global-metrics BTC dominance; not TradingView top-125 convention.
2025-03-04,60.5092,CMC_GLOBAL_METRICS_BTC_DOMINANCE,CoinMarketCap,CMC_DIRECT_SOURCE_CONVENTION: Bitcoin market cap / total market cap of cryptoassets tracked by CoinMarketCap * 100,UTC,2025-03-04T00:00:00Z,2026-08-30T10:38:54Z,SETTLED_COMPLETE_DATE,NOT_COMPUTABLE,PASS,PUBLIC_SOURCE_BACKED,Direct CMC historical global-metrics BTC dominance; not TradingView top-125 convention.
2025-03-05,60.316,CMC_GLOBAL_METRICS_BTC_DOMINANCE,CoinMarketCap,CMC_DIRECT_SOURCE_CONVENTION: Bitcoin market cap / total market cap of cryptoassets tracked by CoinMarketCap * 100,UTC,2025-03-05T00:00:00Z,2026-08-30T10:38:54Z,SETTLED_COMPLETE_DATE,NOT_COMPUTABLE,PASS,PUBLIC_SOURCE_BACKED,Direct CMC historical global-metrics BTC dominance; not TradingView top-125 convention.
2025-03-06,60.6374,CMC_GLOBAL_METRICS_BTC_DOMINANCE,CoinMarketCap,CMC_DIRECT_SOURCE_CONVENTION: Bitcoin market cap / total market cap of cryptoassets tracked by CoinMarketCap * 100,UTC,2025-03-06T00:00:00Z,2026-08-30T10:38:54Z,SETTLED_COMPLETE_DATE,NOT_COMPUTABLE,PASS,PUBLIC_SOURCE_BACKED,Direct CMC historical global-metrics BTC dominance; not TradingView top-125 convention.
2025-03-07,60.6268,CMC_GLOBAL_METRICS_BTC_DOMINANCE,CoinMarketCap,CMC_DIRECT_SOURCE_CONVENTION: Bitcoin market cap / total market cap of cryptoassets tracked by CoinMarketCap * 100,UTC,2025-03-07T00:00:00Z,2026-08-30T10:38:54Z,SETTLED_COMPLETE_DATE,NOT_COMPUTABLE,PASS,PUBLIC_SOURCE_BACKED,Direct CMC historical global-metrics BTC dominance; not TradingView top-125 convention.
2025-03-08,60.4212,CMC_GLOBAL_METRICS_BTC_DOMINANCE,CoinMarketCap,CMC_DIRECT_SOURCE_CONVENTION: Bitcoin market cap / total market cap of cryptoassets tracked by CoinMarketCap * 100,UTC,2025-03-08T00:00:00Z,2026-08-30T10:38:54Z,SETTLED_COMPLETE_DATE,NOT_COMPUTABLE,PASS,PUBLIC_SOURCE_BACKED,Direct CMC historical global-metrics BTC dominance; not TradingView top-125 convention.
2025-03-09,60.3264,CMC_GLOBAL_METRICS_BTC_DOMINANCE,CoinMarketCap,CMC_DIRECT_SOURCE_CONVENTION: Bitcoin market cap / total market cap of cryptoassets tracked by CoinMarketCap * 100,UTC,2025-03-09T00:00:00Z,2026-08-30T10:38:54Z,SETTLED_COMPLETE_DATE,NOT_COMPUTABLE,PASS,PUBLIC_SOURCE_BACKED,Direct CMC historical global-metrics BTC dominance; not TradingView top-125 convention.
2025-03-10,60.3851,CMC_GLOBAL_METRICS_BTC_DOMINANCE,CoinMarketCap,CMC_DIRECT_SOURCE_CONVENTION: Bitcoin market cap / total market cap of cryptoassets tracked by CoinMarketCap * 100,UTC,2025-03-10T00:00:00Z,2026-08-30T10:38:54Z,SETTLED_COMPLETE_DATE,NOT_COMPUTABLE,PASS,PUBLIC_SOURCE_BACKED,Direct CMC historical global-metrics BTC dominance; not TradingView top-125 convention.
2025-03-11,60.9068,CMC_GLOBAL_METRICS_BTC_DOMINANCE,CoinMarketCap,CMC_DIRECT_SOURCE_CONVENTION: Bitcoin market cap / total market cap of cryptoassets tracked by CoinMarketCap * 100,UTC,2025-03-11T00:00:00Z,2026-08-30T10:38:54Z,SETTLED_COMPLETE_DATE,NOT_COMPUTABLE,PASS,PUBLIC_SOURCE_BACKED,Direct CMC historical global-metrics BTC dominance; not TradingView top-125 convention.
2025-03-12,61.3372,CMC_GLOBAL_METRICS_BTC_DOMINANCE,CoinMarketCap,CMC_DIRECT_SOURCE_CONVENTION: Bitcoin market cap / total market cap of cryptoassets tracked by CoinMarketCap * 100,UTC,2025-03-12T00:00:00Z,2026-08-30T10:38:54Z,SETTLED_COMPLETE_DATE,NOT_COMPUTABLE,PASS,PUBLIC_SOURCE_BACKED,Direct CMC historical global-metrics BTC dominance; not TradingView top-125 convention.
2025-03-13,61.2047,CMC_GLOBAL_METRICS_BTC_DOMINANCE,CoinMarketCap,CMC_DIRECT_SOURCE_CONVENTION: Bitcoin market cap / total market cap of cryptoassets tracked by CoinMarketCap * 100,UTC,2025-03-13T00:00:00Z,2026-08-30T10:38:54Z,SETTLED_COMPLETE_DATE,NOT_COMPUTABLE,PASS,PUBLIC_SOURCE_BACKED,Direct CMC historical global-metrics BTC dominance; not TradingView top-125 convention.
2025-03-14,60.7605,CMC_GLOBAL_METRICS_BTC_DOMINANCE,CoinMarketCap,CMC_DIRECT_SOURCE_CONVENTION: Bitcoin market cap / total market cap of cryptoassets tracked by CoinMarketCap * 100,UTC,2025-03-14T00:00:00Z,2026-08-30T10:38:54Z,SETTLED_COMPLETE_DATE,NOT_COMPUTABLE,PASS,PUBLIC_SOURCE_BACKED,Direct CMC historical global-metrics BTC dominance; not TradingView top-125 convention.
2025-03-15,60.9407,CMC_GLOBAL_METRICS_BTC_DOMINANCE,CoinMarketCap,CMC_DIRECT_SOURCE_CONVENTION: Bitcoin market cap / total market cap of cryptoassets tracked by CoinMarketCap * 100,UTC,2025-03-15T00:00:00Z,2026-08-30T10:38:54Z,SETTLED_COMPLETE_DATE,NOT_COMPUTABLE,PASS,PUBLIC_SOURCE_BACKED,Direct CMC historical global-metrics BTC dominance; not TradingView top-125 convention.
2025-03-16,60.6177,CMC_GLOBAL_METRICS_BTC_DOMINANCE,CoinMarketCap,CMC_DIRECT_SOURCE_CONVENTION: Bitcoin market cap / total market cap of cryptoassets tracked by CoinMarketCap * 100,UTC,2025-03-16T00:00:00Z,2026-08-30T10:38:54Z,SETTLED_COMPLETE_DATE,NOT_COMPUTABLE,PASS,PUBLIC_SOURCE_BACKED,Direct CMC historical global-metrics BTC dominance; not TradingView top-125 convention.
2025-03-17,60.8226,CMC_GLOBAL_METRICS_BTC_DOMINANCE,CoinMarketCap,CMC_DIRECT_SOURCE_CONVENTION: Bitcoin market cap / total market cap of cryptoassets tracked by CoinMarketCap * 100,UTC,2025-03-17T00:00:00Z,2026-08-30T10:38:54Z,SETTLED_COMPLETE_DATE,NOT_COMPUTABLE,PASS,PUBLIC_SOURCE_BACKED,Direct CMC historical global-metrics BTC dominance; not TradingView top-125 convention.
2025-03-18,60.737,CMC_GLOBAL_METRICS_BTC_DOMINANCE,CoinMarketCap,CMC_DIRECT_SOURCE_CONVENTION: Bitcoin market cap / total market cap of cryptoassets tracked by CoinMarketCap * 100,UTC,2025-03-18T00:00:00Z,2026-08-30T10:38:54Z,SETTLED_COMPLETE_DATE,NOT_COMPUTABLE,PASS,PUBLIC_SOURCE_BACKED,Direct CMC historical global-metrics BTC dominance; not TradingView top-125 convention.
2025-03-19,60.5108,CMC_GLOBAL_METRICS_BTC_DOMINANCE,CoinMarketCap,CMC_DIRECT_SOURCE_CONVENTION: Bitcoin market cap / total market cap of cryptoassets tracked by CoinMarketCap * 100,UTC,2025-03-19T00:00:00Z,2026-08-30T10:38:54Z,SETTLED_COMPLETE_DATE,NOT_COMPUTABLE,PASS,PUBLIC_SOURCE_BACKED,Direct CMC historical global-metrics BTC dominance; not TradingView top-125 convention.
2025-03-20,60.6417,CMC_GLOBAL_METRICS_BTC_DOMINANCE,CoinMarketCap,CMC_DIRECT_SOURCE_CONVENTION: Bitcoin market cap / total market cap of cryptoassets tracked by CoinMarketCap * 100,UTC,2025-03-20T00:00:00Z,2026-08-30T10:38:54Z,SETTLED_COMPLETE_DATE,NOT_COMPUTABLE,PASS,PUBLIC_SOURCE_BACKED,Direct CMC historical global-metrics BTC dominance; not TradingView top-125 convention.
2025-03-21,60.4843,CMC_GLOBAL_METRICS_BTC_DOMINANCE,CoinMarketCap,CMC_DIRECT_SOURCE_CONVENTION: Bitcoin market cap / total market cap of cryptoassets tracked by CoinMarketCap * 100,UTC,2025-03-21T00:00:00Z,2026-08-30T10:38:54Z,SETTLED_COMPLETE_DATE,NOT_COMPUTABLE,PASS,PUBLIC_SOURCE_BACKED,Direct CMC historical global-metrics BTC dominance; not TradingView top-125 convention.
2025-03-22,60.6251,CMC_GLOBAL_METRICS_BTC_DOMINANCE,CoinMarketCap,CMC_DIRECT_SOURCE_CONVENTION: Bitcoin market cap / total market cap of cryptoassets tracked by CoinMarketCap * 100,UTC,2025-03-22T00:00:00Z,2026-08-30T10:38:54Z,SETTLED_COMPLETE_DATE,NOT_COMPUTABLE,PASS,PUBLIC_SOURCE_BACKED,Direct CMC historical global-metrics BTC dominance; not TradingView top-125 convention.
2025-03-23,60.4789,CMC_GLOBAL_METRICS_BTC_DOMINANCE,CoinMarketCap,CMC_DIRECT_SOURCE_CONVENTION: Bitcoin market cap / total market cap of cryptoassets tracked by CoinMarketCap * 100,UTC,2025-03-23T00:00:00Z,2026-08-30T10:38:54Z,SETTLED_COMPLETE_DATE,NOT_COMPUTABLE,PASS,PUBLIC_SOURCE_BACKED,Direct CMC historical global-metrics BTC dominance; not TradingView top-125 convention.
2025-03-24,60.8461,CMC_GLOBAL_METRICS_BTC_DOMINANCE,CoinMarketCap,CMC_DIRECT_SOURCE_CONVENTION: Bitcoin market cap / total market cap of cryptoassets tracked by CoinMarketCap * 100,UTC,2025-03-24T00:00:00Z,2026-08-30T10:38:54Z,SETTLED_COMPLETE_DATE,NOT_COMPUTABLE,PASS,PUBLIC_SOURCE_BACKED,Direct CMC historical global-metrics BTC dominance; not TradingView top-125 convention.
2025-03-25,60.6446,CMC_GLOBAL_METRICS_BTC_DOMINANCE,CoinMarketCap,CMC_DIRECT_SOURCE_CONVENTION: Bitcoin market cap / total market cap of cryptoassets tracked by CoinMarketCap * 100,UTC,2025-03-25T00:00:00Z,2026-08-30T10:38:54Z,SETTLED_COMPLETE_DATE,NOT_COMPUTABLE,PASS,PUBLIC_SOURCE_BACKED,Direct CMC historical global-metrics BTC dominance; not TradingView top-125 convention.
2025-03-26,60.5263,CMC_GLOBAL_METRICS_BTC_DOMINANCE,CoinMarketCap,CMC_DIRECT_SOURCE_CONVENTION: Bitcoin market cap / total market cap of cryptoassets tracked by CoinMarketCap * 100,UTC,2025-03-26T00:00:00Z,2026-08-30T10:38:54Z,SETTLED_COMPLETE_DATE,NOT_COMPUTABLE,PASS,PUBLIC_SOURCE_BACKED,Direct CMC historical global-metrics BTC dominance; not TradingView top-125 convention.
2025-03-27,60.8286,CMC_GLOBAL_METRICS_BTC_DOMINANCE,CoinMarketCap,CMC_DIRECT_SOURCE_CONVENTION: Bitcoin market cap / total market cap of cryptoassets tracked by CoinMarketCap * 100,UTC,2025-03-27T00:00:00Z,2026-08-30T10:38:54Z,SETTLED_COMPLETE_DATE,NOT_COMPUTABLE,PASS,PUBLIC_SOURCE_BACKED,Direct CMC historical global-metrics BTC dominance; not TradingView top-125 convention.
2025-03-28,60.8118,CMC_GLOBAL_METRICS_BTC_DOMINANCE,CoinMarketCap,CMC_DIRECT_SOURCE_CONVENTION: Bitcoin market cap / total market cap of cryptoassets tracked by CoinMarketCap * 100,UTC,2025-03-28T00:00:00Z,2026-08-30T10:38:54Z,SETTLED_COMPLETE_DATE,NOT_COMPUTABLE,PASS,PUBLIC_SOURCE_BACKED,Direct CMC historical global-metrics BTC dominance; not TradingView top-125 convention.
2025-03-29,61.0687,CMC_GLOBAL_METRICS_BTC_DOMINANCE,CoinMarketCap,CMC_DIRECT_SOURCE_CONVENTION: Bitcoin market cap / total market cap of cryptoassets tracked by CoinMarketCap * 100,UTC,2025-03-29T00:00:00Z,2026-08-30T10:38:54Z,SETTLED_COMPLETE_DATE,NOT_COMPUTABLE,PASS,PUBLIC_SOURCE_BACKED,Direct CMC historical global-metrics BTC dominance; not TradingView top-125 convention.
2025-03-30,61.2697,CMC_GLOBAL_METRICS_BTC_DOMINANCE,CoinMarketCap,CMC_DIRECT_SOURCE_CONVENTION: Bitcoin market cap / total market cap of cryptoassets tracked by CoinMarketCap * 100,UTC,2025-03-30T00:00:00Z,2026-08-30T10:38:54Z,SETTLED_COMPLETE_DATE,NOT_COMPUTABLE,PASS,PUBLIC_SOURCE_BACKED,Direct CMC historical global-metrics BTC dominance; not TradingView top-125 convention.
2025-03-31,61.3103,CMC_GLOBAL_METRICS_BTC_DOMINANCE,CoinMarketCap,CMC_DIRECT_SOURCE_CONVENTION: Bitcoin market cap / total market cap of cryptoassets tracked by CoinMarketCap * 100,UTC,2025-03-31T00:00:00Z,2026-08-30T10:38:54Z,SETTLED_COMPLETE_DATE,NOT_COMPUTABLE,PASS,PUBLIC_SOURCE_BACKED,Direct CMC historical global-metrics BTC dominance; not TradingView top-125 convention.
2025-04-01,61.4073,CMC_GLOBAL_METRICS_BTC_DOMINANCE,CoinMarketCap,CMC_DIRECT_SOURCE_CONVENTION: Bitcoin market cap / total market cap of cryptoassets tracked by CoinMarketCap * 100,UTC,2025-04-01T00:00:00Z,2026-08-30T10:38:54Z,SETTLED_COMPLETE_DATE,NOT_COMPUTABLE,PASS,PUBLIC_SOURCE_BACKED,Direct CMC historical global-metrics BTC dominance; not TradingView top-125 convention.
2025-04-02,61.6421,CMC_GLOBAL_METRICS_BTC_DOMINANCE,CoinMarketCap,CMC_DIRECT_SOURCE_CONVENTION: Bitcoin market cap / total market cap of cryptoassets tracked by CoinMarketCap * 100,UTC,2025-04-02T00:00:00Z,2026-08-30T10:38:54Z,SETTLED_COMPLETE_DATE,NOT_COMPUTABLE,PASS,PUBLIC_SOURCE_BACKED,Direct CMC historical global-metrics BTC dominance; not TradingView top-125 convention.
2025-04-03,61.9144,CMC_GLOBAL_METRICS_BTC_DOMINANCE,CoinMarketCap,CMC_DIRECT_SOURCE_CONVENTION: Bitcoin market cap / total market cap of cryptoassets tracked by CoinMarketCap * 100,UTC,2025-04-03T00:00:00Z,2026-08-30T10:38:54Z,SETTLED_COMPLETE_DATE,NOT_COMPUTABLE,PASS,PUBLIC_SOURCE_BACKED,Direct CMC historical global-metrics BTC dominance; not TradingView top-125 convention.
2025-04-04,61.9644,CMC_GLOBAL_METRICS_BTC_DOMINANCE,CoinMarketCap,CMC_DIRECT_SOURCE_CONVENTION: Bitcoin market cap / total market cap of cryptoassets tracked by CoinMarketCap * 100,UTC,2025-04-04T00:00:00Z,2026-08-30T10:38:54Z,SETTLED_COMPLETE_DATE,NOT_COMPUTABLE,PASS,PUBLIC_SOURCE_BACKED,Direct CMC historical global-metrics BTC dominance; not TradingView top-125 convention.
2025-04-05,61.9603,CMC_GLOBAL_METRICS_BTC_DOMINANCE,CoinMarketCap,CMC_DIRECT_SOURCE_CONVENTION: Bitcoin market cap / total market cap of cryptoassets tracked by CoinMarketCap * 100,UTC,2025-04-05T00:00:00Z,2026-08-30T10:38:54Z,SETTLED_COMPLETE_DATE,NOT_COMPUTABLE,PASS,PUBLIC_SOURCE_BACKED,Direct CMC historical global-metrics BTC dominance; not TradingView top-125 convention.
2025-04-06,61.9717,CMC_GLOBAL_METRICS_BTC_DOMINANCE,CoinMarketCap,CMC_DIRECT_SOURCE_CONVENTION: Bitcoin market cap / total market cap of cryptoassets tracked by CoinMarketCap * 100,UTC,2025-04-06T00:00:00Z,2026-08-30T10:38:54Z,SETTLED_COMPLETE_DATE,NOT_COMPUTABLE,PASS,PUBLIC_SOURCE_BACKED,Direct CMC historical global-metrics BTC dominance; not TradingView top-125 convention.
2025-04-07,62.5001,CMC_GLOBAL_METRICS_BTC_DOMINANCE,CoinMarketCap,CMC_DIRECT_SOURCE_CONVENTION: Bitcoin market cap / total market cap of cryptoassets tracked by CoinMarketCap * 100,UTC,2025-04-07T00:00:00Z,2026-08-30T10:38:54Z,SETTLED_COMPLETE_DATE,NOT_COMPUTABLE,PASS,PUBLIC_SOURCE_BACKED,Direct CMC historical global-metrics BTC dominance; not TradingView top-125 convention.
2025-04-08,62.7009,CMC_GLOBAL_METRICS_BTC_DOMINANCE,CoinMarketCap,CMC_DIRECT_SOURCE_CONVENTION: Bitcoin market cap / total market cap of cryptoassets tracked by CoinMarketCap * 100,UTC,2025-04-08T00:00:00Z,2026-08-30T10:38:54Z,SETTLED_COMPLETE_DATE,NOT_COMPUTABLE,PASS,PUBLIC_SOURCE_BACKED,Direct CMC historical global-metrics BTC dominance; not TradingView top-125 convention.
2025-04-09,62.5291,CMC_GLOBAL_METRICS_BTC_DOMINANCE,CoinMarketCap,CMC_DIRECT_SOURCE_CONVENTION: Bitcoin market cap / total market cap of cryptoassets tracked by CoinMarketCap * 100,UTC,2025-04-09T00:00:00Z,2026-08-30T10:38:54Z,SETTLED_COMPLETE_DATE,NOT_COMPUTABLE,PASS,PUBLIC_SOURCE_BACKED,Direct CMC historical global-metrics BTC dominance; not TradingView top-125 convention.
2025-04-10,62.3915,CMC_GLOBAL_METRICS_BTC_DOMINANCE,CoinMarketCap,CMC_DIRECT_SOURCE_CONVENTION: Bitcoin market cap / total market cap of cryptoassets tracked by CoinMarketCap * 100,UTC,2025-04-10T00:00:00Z,2026-08-30T10:38:54Z,SETTLED_COMPLETE_DATE,NOT_COMPUTABLE,PASS,PUBLIC_SOURCE_BACKED,Direct CMC historical global-metrics BTC dominance; not TradingView top-125 convention.
2025-04-11,62.3548,CMC_GLOBAL_METRICS_BTC_DOMINANCE,CoinMarketCap,CMC_DIRECT_SOURCE_CONVENTION: Bitcoin market cap / total market cap of cryptoassets tracked by CoinMarketCap * 100,UTC,2025-04-11T00:00:00Z,2026-08-30T10:38:54Z,SETTLED_COMPLETE_DATE,NOT_COMPUTABLE,PASS,PUBLIC_SOURCE_BACKED,Direct CMC historical global-metrics BTC dominance; not TradingView top-125 convention.
2025-04-12,62.8249,CMC_GLOBAL_METRICS_BTC_DOMINANCE,CoinMarketCap,CMC_DIRECT_SOURCE_CONVENTION: Bitcoin market cap / total market cap of cryptoassets tracked by CoinMarketCap * 100,UTC,2025-04-12T00:00:00Z,2026-08-30T10:38:54Z,SETTLED_COMPLETE_DATE,NOT_COMPUTABLE,PASS,PUBLIC_SOURCE_BACKED,Direct CMC historical global-metrics BTC dominance; not TradingView top-125 convention.
2025-04-13,62.4635,CMC_GLOBAL_METRICS_BTC_DOMINANCE,CoinMarketCap,CMC_DIRECT_SOURCE_CONVENTION: Bitcoin market cap / total market cap of cryptoassets tracked by CoinMarketCap * 100,UTC,2025-04-13T00:00:00Z,2026-08-30T10:38:54Z,SETTLED_COMPLETE_DATE,NOT_COMPUTABLE,PASS,PUBLIC_SOURCE_BACKED,Direct CMC historical global-metrics BTC dominance; not TradingView top-125 convention.
2025-04-14,62.6569,CMC_GLOBAL_METRICS_BTC_DOMINANCE,CoinMarketCap,CMC_DIRECT_SOURCE_CONVENTION: Bitcoin market cap / total market cap of cryptoassets tracked by CoinMarketCap * 100,UTC,2025-04-14T00:00:00Z,2026-08-30T10:38:54Z,SETTLED_COMPLETE_DATE,NOT_COMPUTABLE,PASS,PUBLIC_SOURCE_BACKED,Direct CMC historical global-metrics BTC dominance; not TradingView top-125 convention.
2025-04-15,62.8196,CMC_GLOBAL_METRICS_BTC_DOMINANCE,CoinMarketCap,CMC_DIRECT_SOURCE_CONVENTION: Bitcoin market cap / total market cap of cryptoassets tracked by CoinMarketCap * 100,UTC,2025-04-15T00:00:00Z,2026-08-30T10:38:54Z,SETTLED_COMPLETE_DATE,NOT_COMPUTABLE,PASS,PUBLIC_SOURCE_BACKED,Direct CMC historical global-metrics BTC dominance; not TradingView top-125 convention.
2025-04-16,62.9578,CMC_GLOBAL_METRICS_BTC_DOMINANCE,CoinMarketCap,CMC_DIRECT_SOURCE_CONVENTION: Bitcoin market cap / total market cap of cryptoassets tracked by CoinMarketCap * 100,UTC,2025-04-16T00:00:00Z,2026-08-30T10:38:54Z,SETTLED_COMPLETE_DATE,NOT_COMPUTABLE,PASS,PUBLIC_SOURCE_BACKED,Direct CMC historical global-metrics BTC dominance; not TradingView top-125 convention.
2025-04-17,63.0587,CMC_GLOBAL_METRICS_BTC_DOMINANCE,CoinMarketCap,CMC_DIRECT_SOURCE_CONVENTION: Bitcoin market cap / total market cap of cryptoassets tracked by CoinMarketCap * 100,UTC,2025-04-17T00:00:00Z,2026-08-30T10:38:54Z,SETTLED_COMPLETE_DATE,NOT_COMPUTABLE,PASS,PUBLIC_SOURCE_BACKED,Direct CMC historical global-metrics BTC dominance; not TradingView top-125 convention.
2025-04-18,63.1502,CMC_GLOBAL_METRICS_BTC_DOMINANCE,CoinMarketCap,CMC_DIRECT_SOURCE_CONVENTION: Bitcoin market cap / total market cap of cryptoassets tracked by CoinMarketCap * 100,UTC,2025-04-18T00:00:00Z,2026-08-30T10:38:54Z,SETTLED_COMPLETE_DATE,NOT_COMPUTABLE,PASS,PUBLIC_SOURCE_BACKED,Direct CMC historical global-metrics BTC dominance; not TradingView top-125 convention.
2025-04-19,62.9509,CMC_GLOBAL_METRICS_BTC_DOMINANCE,CoinMarketCap,CMC_DIRECT_SOURCE_CONVENTION: Bitcoin market cap / total market cap of cryptoassets tracked by CoinMarketCap * 100,UTC,2025-04-19T00:00:00Z,2026-08-30T10:38:54Z,SETTLED_COMPLETE_DATE,NOT_COMPUTABLE,PASS,PUBLIC_SOURCE_BACKED,Direct CMC historical global-metrics BTC dominance; not TradingView top-125 convention.
2025-04-20,62.7918,CMC_GLOBAL_METRICS_BTC_DOMINANCE,CoinMarketCap,CMC_DIRECT_SOURCE_CONVENTION: Bitcoin market cap / total market cap of cryptoassets tracked by CoinMarketCap * 100,UTC,2025-04-20T00:00:00Z,2026-08-30T10:38:54Z,SETTLED_COMPLETE_DATE,NOT_COMPUTABLE,PASS,PUBLIC_SOURCE_BACKED,Direct CMC historical global-metrics BTC dominance; not TradingView top-125 convention.
2025-04-21,62.9429,CMC_GLOBAL_METRICS_BTC_DOMINANCE,CoinMarketCap,CMC_DIRECT_SOURCE_CONVENTION: Bitcoin market cap / total market cap of cryptoassets tracked by CoinMarketCap * 100,UTC,2025-04-21T00:00:00Z,2026-08-30T10:38:54Z,SETTLED_COMPLETE_DATE,NOT_COMPUTABLE,PASS,PUBLIC_SOURCE_BACKED,Direct CMC historical global-metrics BTC dominance; not TradingView top-125 convention.
2025-04-22,63.5284,CMC_GLOBAL_METRICS_BTC_DOMINANCE,CoinMarketCap,CMC_DIRECT_SOURCE_CONVENTION: Bitcoin market cap / total market cap of cryptoassets tracked by CoinMarketCap * 100,UTC,2025-04-22T00:00:00Z,2026-08-30T10:38:54Z,SETTLED_COMPLETE_DATE,NOT_COMPUTABLE,PASS,PUBLIC_SOURCE_BACKED,Direct CMC historical global-metrics BTC dominance; not TradingView top-125 convention.
2025-04-23,63.634,CMC_GLOBAL_METRICS_BTC_DOMINANCE,CoinMarketCap,CMC_DIRECT_SOURCE_CONVENTION: Bitcoin market cap / total market cap of cryptoassets tracked by CoinMarketCap * 100,UTC,2025-04-23T00:00:00Z,2026-08-30T10:38:54Z,SETTLED_COMPLETE_DATE,NOT_COMPUTABLE,PASS,PUBLIC_SOURCE_BACKED,Direct CMC historical global-metrics BTC dominance; not TradingView top-125 convention.
2025-04-24,63.4725,CMC_GLOBAL_METRICS_BTC_DOMINANCE,CoinMarketCap,CMC_DIRECT_SOURCE_CONVENTION: Bitcoin market cap / total market cap of cryptoassets tracked by CoinMarketCap * 100,UTC,2025-04-24T00:00:00Z,2026-08-30T10:38:54Z,SETTLED_COMPLETE_DATE,NOT_COMPUTABLE,PASS,PUBLIC_SOURCE_BACKED,Direct CMC historical global-metrics BTC dominance; not TradingView top-125 convention.
2025-04-25,63.4587,CMC_GLOBAL_METRICS_BTC_DOMINANCE,CoinMarketCap,CMC_DIRECT_SOURCE_CONVENTION: Bitcoin market cap / total market cap of cryptoassets tracked by CoinMarketCap * 100,UTC,2025-04-25T00:00:00Z,2026-08-30T10:38:54Z,SETTLED_COMPLETE_DATE,NOT_COMPUTABLE,PASS,PUBLIC_SOURCE_BACKED,Direct CMC historical global-metrics BTC dominance; not TradingView top-125 convention.
2025-04-26,63.539,CMC_GLOBAL_METRICS_BTC_DOMINANCE,CoinMarketCap,CMC_DIRECT_SOURCE_CONVENTION: Bitcoin market cap / total market cap of cryptoassets tracked by CoinMarketCap * 100,UTC,2025-04-26T00:00:00Z,2026-08-30T10:38:54Z,SETTLED_COMPLETE_DATE,NOT_COMPUTABLE,PASS,PUBLIC_SOURCE_BACKED,Direct CMC historical global-metrics BTC dominance; not TradingView top-125 convention.
2025-04-27,63.3053,CMC_GLOBAL_METRICS_BTC_DOMINANCE,CoinMarketCap,CMC_DIRECT_SOURCE_CONVENTION: Bitcoin market cap / total market cap of cryptoassets tracked by CoinMarketCap * 100,UTC,2025-04-27T00:00:00Z,2026-08-30T10:38:54Z,SETTLED_COMPLETE_DATE,NOT_COMPUTABLE,PASS,PUBLIC_SOURCE_BACKED,Direct CMC historical global-metrics BTC dominance; not TradingView top-125 convention.
2025-04-28,63.3001,CMC_GLOBAL_METRICS_BTC_DOMINANCE,CoinMarketCap,CMC_DIRECT_SOURCE_CONVENTION: Bitcoin market cap / total market cap of cryptoassets tracked by CoinMarketCap * 100,UTC,2025-04-28T00:00:00Z,2026-08-30T10:38:54Z,SETTLED_COMPLETE_DATE,NOT_COMPUTABLE,PASS,PUBLIC_SOURCE_BACKED,Direct CMC historical global-metrics BTC dominance; not TradingView top-125 convention.
2025-04-29,63.4169,CMC_GLOBAL_METRICS_BTC_DOMINANCE,CoinMarketCap,CMC_DIRECT_SOURCE_CONVENTION: Bitcoin market cap / total market cap of cryptoassets tracked by CoinMarketCap * 100,UTC,2025-04-29T00:00:00Z,2026-08-30T10:38:54Z,SETTLED_COMPLETE_DATE,NOT_COMPUTABLE,PASS,PUBLIC_SOURCE_BACKED,Direct CMC historical global-metrics BTC dominance; not TradingView top-125 convention.
2025-04-30,63.4611,CMC_GLOBAL_METRICS_BTC_DOMINANCE,CoinMarketCap,CMC_DIRECT_SOURCE_CONVENTION: Bitcoin market cap / total market cap of cryptoassets tracked by CoinMarketCap * 100,UTC,2025-04-30T00:00:00Z,2026-08-30T10:38:54Z,SETTLED_COMPLETE_DATE,NOT_COMPUTABLE,PASS,PUBLIC_SOURCE_BACKED,Direct CMC historical global-metrics BTC dominance; not TradingView top-125 convention.
2025-05-01,63.5229,CMC_GLOBAL_METRICS_BTC_DOMINANCE,CoinMarketCap,CMC_DIRECT_SOURCE_CONVENTION: Bitcoin market cap / total market cap of cryptoassets tracked by CoinMarketCap * 100,UTC,2025-05-01T00:00:00Z,2026-08-30T10:38:54Z,SETTLED_COMPLETE_DATE,NOT_COMPUTABLE,PASS,PUBLIC_SOURCE_BACKED,Direct CMC historical global-metrics BTC dominance; not TradingView top-125 convention.
2025-05-02,63.7525,CMC_GLOBAL_METRICS_BTC_DOMINANCE,CoinMarketCap,CMC_DIRECT_SOURCE_CONVENTION: Bitcoin market cap / total market cap of cryptoassets tracked by CoinMarketCap * 100,UTC,2025-05-02T00:00:00Z,2026-08-30T10:38:54Z,SETTLED_COMPLETE_DATE,NOT_COMPUTABLE,PASS,PUBLIC_SOURCE_BACKED,Direct CMC historical global-metrics BTC dominance; not TradingView top-125 convention.
2025-05-03,63.8073,CMC_GLOBAL_METRICS_BTC_DOMINANCE,CoinMarketCap,CMC_DIRECT_SOURCE_CONVENTION: Bitcoin market cap / total market cap of cryptoassets tracked by CoinMarketCap * 100,UTC,2025-05-03T00:00:00Z,2026-08-30T10:38:54Z,SETTLED_COMPLETE_DATE,NOT_COMPUTABLE,PASS,PUBLIC_SOURCE_BACKED,Direct CMC historical global-metrics BTC dominance; not TradingView top-125 convention.
2025-05-04,63.8639,CMC_GLOBAL_METRICS_BTC_DOMINANCE,CoinMarketCap,CMC_DIRECT_SOURCE_CONVENTION: Bitcoin market cap / total market cap of cryptoassets tracked by CoinMarketCap * 100,UTC,2025-05-04T00:00:00Z,2026-08-30T10:38:54Z,SETTLED_COMPLETE_DATE,NOT_COMPUTABLE,PASS,PUBLIC_SOURCE_BACKED,Direct CMC historical global-metrics BTC dominance; not TradingView top-125 convention.
2025-05-05,63.8009,CMC_GLOBAL_METRICS_BTC_DOMINANCE,CoinMarketCap,CMC_DIRECT_SOURCE_CONVENTION: Bitcoin market cap / total market cap of cryptoassets tracked by CoinMarketCap * 100,UTC,2025-05-05T00:00:00Z,2026-08-30T10:38:54Z,SETTLED_COMPLETE_DATE,NOT_COMPUTABLE,PASS,PUBLIC_SOURCE_BACKED,Direct CMC historical global-metrics BTC dominance; not TradingView top-125 convention.
2025-05-06,63.849,CMC_GLOBAL_METRICS_BTC_DOMINANCE,CoinMarketCap,CMC_DIRECT_SOURCE_CONVENTION: Bitcoin market cap / total market cap of cryptoassets tracked by CoinMarketCap * 100,UTC,2025-05-06T00:00:00Z,2026-08-30T10:38:54Z,SETTLED_COMPLETE_DATE,NOT_COMPUTABLE,PASS,PUBLIC_SOURCE_BACKED,Direct CMC historical global-metrics BTC dominance; not TradingView top-125 convention.
2025-05-07,64.3098,CMC_GLOBAL_METRICS_BTC_DOMINANCE,CoinMarketCap,CMC_DIRECT_SOURCE_CONVENTION: Bitcoin market cap / total market cap of cryptoassets tracked by CoinMarketCap * 100,UTC,2025-05-07T00:00:00Z,2026-08-30T10:38:54Z,SETTLED_COMPLETE_DATE,NOT_COMPUTABLE,PASS,PUBLIC_SOURCE_BACKED,Direct CMC historical global-metrics BTC dominance; not TradingView top-125 convention.
2025-05-08,64.383,CMC_GLOBAL_METRICS_BTC_DOMINANCE,CoinMarketCap,CMC_DIRECT_SOURCE_CONVENTION: Bitcoin market cap / total market cap of cryptoassets tracked by CoinMarketCap * 100,UTC,2025-05-08T00:00:00Z,2026-08-30T10:38:54Z,SETTLED_COMPLETE_DATE,NOT_COMPUTABLE,PASS,PUBLIC_SOURCE_BACKED,Direct CMC historical global-metrics BTC dominance; not TradingView top-125 convention.
2025-05-09,63.5161,CMC_GLOBAL_METRICS_BTC_DOMINANCE,CoinMarketCap,CMC_DIRECT_SOURCE_CONVENTION: Bitcoin market cap / total market cap of cryptoassets tracked by CoinMarketCap * 100,UTC,2025-05-09T00:00:00Z,2026-08-30T10:38:54Z,SETTLED_COMPLETE_DATE,NOT_COMPUTABLE,PASS,PUBLIC_SOURCE_BACKED,Direct CMC historical global-metrics BTC dominance; not TradingView top-125 convention.
2025-05-10,62.6355,CMC_GLOBAL_METRICS_BTC_DOMINANCE,CoinMarketCap,CMC_DIRECT_SOURCE_CONVENTION: Bitcoin market cap / total market cap of cryptoassets tracked by CoinMarketCap * 100,UTC,2025-05-10T00:00:00Z,2026-08-30T10:38:54Z,SETTLED_COMPLETE_DATE,NOT_COMPUTABLE,PASS,PUBLIC_SOURCE_BACKED,Direct CMC historical global-metrics BTC dominance; not TradingView top-125 convention.
2025-05-11,61.7123,CMC_GLOBAL_METRICS_BTC_DOMINANCE,CoinMarketCap,CMC_DIRECT_SOURCE_CONVENTION: Bitcoin market cap / total market cap of cryptoassets tracked by CoinMarketCap * 100,UTC,2025-05-11T00:00:00Z,2026-08-30T10:38:54Z,SETTLED_COMPLETE_DATE,NOT_COMPUTABLE,PASS,PUBLIC_SOURCE_BACKED,Direct CMC historical global-metrics BTC dominance; not TradingView top-125 convention.
2025-05-12,62.1463,CMC_GLOBAL_METRICS_BTC_DOMINANCE,CoinMarketCap,CMC_DIRECT_SOURCE_CONVENTION: Bitcoin market cap / total market cap of cryptoassets tracked by CoinMarketCap * 100,UTC,2025-05-12T00:00:00Z,2026-08-30T10:38:54Z,SETTLED_COMPLETE_DATE,NOT_COMPUTABLE,PASS,PUBLIC_SOURCE_BACKED,Direct CMC historical global-metrics BTC dominance; not TradingView top-125 convention.
2025-05-13,61.5968,CMC_GLOBAL_METRICS_BTC_DOMINANCE,CoinMarketCap,CMC_DIRECT_SOURCE_CONVENTION: Bitcoin market cap / total market cap of cryptoassets tracked by CoinMarketCap * 100,UTC,2025-05-13T00:00:00Z,2026-08-30T10:38:54Z,SETTLED_COMPLETE_DATE,NOT_COMPUTABLE,PASS,PUBLIC_SOURCE_BACKED,Direct CMC historical global-metrics BTC dominance; not TradingView top-125 convention.
2025-05-14,61.127,CMC_GLOBAL_METRICS_BTC_DOMINANCE,CoinMarketCap,CMC_DIRECT_SOURCE_CONVENTION: Bitcoin market cap / total market cap of cryptoassets tracked by CoinMarketCap * 100,UTC,2025-05-14T00:00:00Z,2026-08-30T10:38:54Z,SETTLED_COMPLETE_DATE,NOT_COMPUTABLE,PASS,PUBLIC_SOURCE_BACKED,Direct CMC historical global-metrics BTC dominance; not TradingView top-125 convention.
2025-05-15,61.5572,CMC_GLOBAL_METRICS_BTC_DOMINANCE,CoinMarketCap,CMC_DIRECT_SOURCE_CONVENTION: Bitcoin market cap / total market cap of cryptoassets tracked by CoinMarketCap * 100,UTC,2025-05-15T00:00:00Z,2026-08-30T10:38:54Z,SETTLED_COMPLETE_DATE,NOT_COMPUTABLE,PASS,PUBLIC_SOURCE_BACKED,Direct CMC historical global-metrics BTC dominance; not TradingView top-125 convention.
2025-05-16,62.3222,CMC_GLOBAL_METRICS_BTC_DOMINANCE,CoinMarketCap,CMC_DIRECT_SOURCE_CONVENTION: Bitcoin market cap / total market cap of cryptoassets tracked by CoinMarketCap * 100,UTC,2025-05-16T00:00:00Z,2026-08-30T10:38:54Z,SETTLED_COMPLETE_DATE,NOT_COMPUTABLE,PASS,PUBLIC_SOURCE_BACKED,Direct CMC historical global-metrics BTC dominance; not TradingView top-125 convention.
2025-05-17,62.3721,CMC_GLOBAL_METRICS_BTC_DOMINANCE,CoinMarketCap,CMC_DIRECT_SOURCE_CONVENTION: Bitcoin market cap / total market cap of cryptoassets tracked by CoinMarketCap * 100,UTC,2025-05-17T00:00:00Z,2026-08-30T10:38:54Z,SETTLED_COMPLETE_DATE,NOT_COMPUTABLE,PASS,PUBLIC_SOURCE_BACKED,Direct CMC historical global-metrics BTC dominance; not TradingView top-125 convention.
2025-05-18,62.6841,CMC_GLOBAL_METRICS_BTC_DOMINANCE,CoinMarketCap,CMC_DIRECT_SOURCE_CONVENTION: Bitcoin market cap / total market cap of cryptoassets tracked by CoinMarketCap * 100,UTC,2025-05-18T00:00:00Z,2026-08-30T10:38:54Z,SETTLED_COMPLETE_DATE,NOT_COMPUTABLE,PASS,PUBLIC_SOURCE_BACKED,Direct CMC historical global-metrics BTC dominance; not TradingView top-125 convention.
2025-05-19,62.8405,CMC_GLOBAL_METRICS_BTC_DOMINANCE,CoinMarketCap,CMC_DIRECT_SOURCE_CONVENTION: Bitcoin market cap / total market cap of cryptoassets tracked by CoinMarketCap * 100,UTC,2025-05-19T00:00:00Z,2026-08-30T10:38:54Z,SETTLED_COMPLETE_DATE,NOT_COMPUTABLE,PASS,PUBLIC_SOURCE_BACKED,Direct CMC historical global-metrics BTC dominance; not TradingView top-125 convention.
2025-05-20,62.9163,CMC_GLOBAL_METRICS_BTC_DOMINANCE,CoinMarketCap,CMC_DIRECT_SOURCE_CONVENTION: Bitcoin market cap / total market cap of cryptoassets tracked by CoinMarketCap * 100,UTC,2025-05-20T00:00:00Z,2026-08-30T10:38:54Z,SETTLED_COMPLETE_DATE,NOT_COMPUTABLE,PASS,PUBLIC_SOURCE_BACKED,Direct CMC historical global-metrics BTC dominance; not TradingView top-125 convention.
2025-05-21,63.1336,CMC_GLOBAL_METRICS_BTC_DOMINANCE,CoinMarketCap,CMC_DIRECT_SOURCE_CONVENTION: Bitcoin market cap / total market cap of cryptoassets tracked by CoinMarketCap * 100,UTC,2025-05-21T00:00:00Z,2026-08-30T10:38:54Z,SETTLED_COMPLETE_DATE,NOT_COMPUTABLE,PASS,PUBLIC_SOURCE_BACKED,Direct CMC historical global-metrics BTC dominance; not TradingView top-125 convention.
2025-05-22,63.3104,CMC_GLOBAL_METRICS_BTC_DOMINANCE,CoinMarketCap,CMC_DIRECT_SOURCE_CONVENTION: Bitcoin market cap / total market cap of cryptoassets tracked by CoinMarketCap * 100,UTC,2025-05-22T00:00:00Z,2026-08-30T10:38:54Z,SETTLED_COMPLETE_DATE,NOT_COMPUTABLE,PASS,PUBLIC_SOURCE_BACKED,Direct CMC historical global-metrics BTC dominance; not TradingView top-125 convention.
2025-05-23,63.0212,CMC_GLOBAL_METRICS_BTC_DOMINANCE,CoinMarketCap,CMC_DIRECT_SOURCE_CONVENTION: Bitcoin market cap / total market cap of cryptoassets tracked by CoinMarketCap * 100,UTC,2025-05-23T00:00:00Z,2026-08-30T10:38:54Z,SETTLED_COMPLETE_DATE,NOT_COMPUTABLE,PASS,PUBLIC_SOURCE_BACKED,Direct CMC historical global-metrics BTC dominance; not TradingView top-125 convention.
2025-05-24,63.1658,CMC_GLOBAL_METRICS_BTC_DOMINANCE,CoinMarketCap,CMC_DIRECT_SOURCE_CONVENTION: Bitcoin market cap / total market cap of cryptoassets tracked by CoinMarketCap * 100,UTC,2025-05-24T00:00:00Z,2026-08-30T10:38:54Z,SETTLED_COMPLETE_DATE,NOT_COMPUTABLE,PASS,PUBLIC_SOURCE_BACKED,Direct CMC historical global-metrics BTC dominance; not TradingView top-125 convention.
2025-05-25,63.1047,CMC_GLOBAL_METRICS_BTC_DOMINANCE,CoinMarketCap,CMC_DIRECT_SOURCE_CONVENTION: Bitcoin market cap / total market cap of cryptoassets tracked by CoinMarketCap * 100,UTC,2025-05-25T00:00:00Z,2026-08-30T10:38:54Z,SETTLED_COMPLETE_DATE,NOT_COMPUTABLE,PASS,PUBLIC_SOURCE_BACKED,Direct CMC historical global-metrics BTC dominance; not TradingView top-125 convention.
2025-05-26,63.2434,CMC_GLOBAL_METRICS_BTC_DOMINANCE,CoinMarketCap,CMC_DIRECT_SOURCE_CONVENTION: Bitcoin market cap / total market cap of cryptoassets tracked by CoinMarketCap * 100,UTC,2025-05-26T00:00:00Z,2026-08-30T10:38:54Z,SETTLED_COMPLETE_DATE,NOT_COMPUTABLE,PASS,PUBLIC_SOURCE_BACKED,Direct CMC historical global-metrics BTC dominance; not TradingView top-125 convention.
2025-05-27,63.4069,CMC_GLOBAL_METRICS_BTC_DOMINANCE,CoinMarketCap,CMC_DIRECT_SOURCE_CONVENTION: Bitcoin market cap / total market cap of cryptoassets tracked by CoinMarketCap * 100,UTC,2025-05-27T00:00:00Z,2026-08-30T10:38:54Z,SETTLED_COMPLETE_DATE,NOT_COMPUTABLE,PASS,PUBLIC_SOURCE_BACKED,Direct CMC historical global-metrics BTC dominance; not TradingView top-125 convention.
2025-05-28,62.929,CMC_GLOBAL_METRICS_BTC_DOMINANCE,CoinMarketCap,CMC_DIRECT_SOURCE_CONVENTION: Bitcoin market cap / total market cap of cryptoassets tracked by CoinMarketCap * 100,UTC,2025-05-28T00:00:00Z,2026-08-30T10:38:54Z,SETTLED_COMPLETE_DATE,NOT_COMPUTABLE,PASS,PUBLIC_SOURCE_BACKED,Direct CMC historical global-metrics BTC dominance; not TradingView top-125 convention.
2025-05-29,62.7853,CMC_GLOBAL_METRICS_BTC_DOMINANCE,CoinMarketCap,CMC_DIRECT_SOURCE_CONVENTION: Bitcoin market cap / total market cap of cryptoassets tracked by CoinMarketCap * 100,UTC,2025-05-29T00:00:00Z,2026-08-30T10:38:54Z,SETTLED_COMPLETE_DATE,NOT_COMPUTABLE,PASS,PUBLIC_SOURCE_BACKED,Direct CMC historical global-metrics BTC dominance; not TradingView top-125 convention.
2025-05-30,62.7573,CMC_GLOBAL_METRICS_BTC_DOMINANCE,CoinMarketCap,CMC_DIRECT_SOURCE_CONVENTION: Bitcoin market cap / total market cap of cryptoassets tracked by CoinMarketCap * 100,UTC,2025-05-30T00:00:00Z,2026-08-30T10:38:54Z,SETTLED_COMPLETE_DATE,NOT_COMPUTABLE,PASS,PUBLIC_SOURCE_BACKED,Direct CMC historical global-metrics BTC dominance; not TradingView top-125 convention.
2025-05-31,63.4427,CMC_GLOBAL_METRICS_BTC_DOMINANCE,CoinMarketCap,CMC_DIRECT_SOURCE_CONVENTION: Bitcoin market cap / total market cap of cryptoassets tracked by CoinMarketCap * 100,UTC,2025-05-31T00:00:00Z,2026-08-30T10:38:54Z,SETTLED_COMPLETE_DATE,NOT_COMPUTABLE,PASS,PUBLIC_SOURCE_BACKED,Direct CMC historical global-metrics BTC dominance; not TradingView top-125 convention.
2025-06-01,63.4887,CMC_GLOBAL_METRICS_BTC_DOMINANCE,CoinMarketCap,CMC_DIRECT_SOURCE_CONVENTION: Bitcoin market cap / total market cap of cryptoassets tracked by CoinMarketCap * 100,UTC,2025-06-01T00:00:00Z,2026-08-30T10:38:54Z,SETTLED_COMPLETE_DATE,NOT_COMPUTABLE,PASS,PUBLIC_SOURCE_BACKED,Direct CMC historical global-metrics BTC dominance; not TradingView top-125 convention.
2025-06-02,63.5764,CMC_GLOBAL_METRICS_BTC_DOMINANCE,CoinMarketCap,CMC_DIRECT_SOURCE_CONVENTION: Bitcoin market cap / total market cap of cryptoassets tracked by CoinMarketCap * 100,UTC,2025-06-02T00:00:00Z,2026-08-30T10:38:54Z,SETTLED_COMPLETE_DATE,NOT_COMPUTABLE,PASS,PUBLIC_SOURCE_BACKED,Direct CMC historical global-metrics BTC dominance; not TradingView top-125 convention.
2025-06-03,63.3375,CMC_GLOBAL_METRICS_BTC_DOMINANCE,CoinMarketCap,CMC_DIRECT_SOURCE_CONVENTION: Bitcoin market cap / total market cap of cryptoassets tracked by CoinMarketCap * 100,UTC,2025-06-03T00:00:00Z,2026-08-30T10:38:54Z,SETTLED_COMPLETE_DATE,NOT_COMPUTABLE,PASS,PUBLIC_SOURCE_BACKED,Direct CMC historical global-metrics BTC dominance; not TradingView top-125 convention.
2025-06-04,63.2486,CMC_GLOBAL_METRICS_BTC_DOMINANCE,CoinMarketCap,CMC_DIRECT_SOURCE_CONVENTION: Bitcoin market cap / total market cap of cryptoassets tracked by CoinMarketCap * 100,UTC,2025-06-04T00:00:00Z,2026-08-30T10:38:54Z,SETTLED_COMPLETE_DATE,NOT_COMPUTABLE,PASS,PUBLIC_SOURCE_BACKED,Direct CMC historical global-metrics BTC dominance; not TradingView top-125 convention.
2025-06-05,63.2642,CMC_GLOBAL_METRICS_BTC_DOMINANCE,CoinMarketCap,CMC_DIRECT_SOURCE_CONVENTION: Bitcoin market cap / total market cap of cryptoassets tracked by CoinMarketCap * 100,UTC,2025-06-05T00:00:00Z,2026-08-30T10:38:54Z,SETTLED_COMPLETE_DATE,NOT_COMPUTABLE,PASS,PUBLIC_SOURCE_BACKED,Direct CMC historical global-metrics BTC dominance; not TradingView top-125 convention.
2025-06-06,63.6527,CMC_GLOBAL_METRICS_BTC_DOMINANCE,CoinMarketCap,CMC_DIRECT_SOURCE_CONVENTION: Bitcoin market cap / total market cap of cryptoassets tracked by CoinMarketCap * 100,UTC,2025-06-06T00:00:00Z,2026-08-30T10:38:54Z,SETTLED_COMPLETE_DATE,NOT_COMPUTABLE,PASS,PUBLIC_SOURCE_BACKED,Direct CMC historical global-metrics BTC dominance; not TradingView top-125 convention.
2025-06-07,63.825,CMC_GLOBAL_METRICS_BTC_DOMINANCE,CoinMarketCap,CMC_DIRECT_SOURCE_CONVENTION: Bitcoin market cap / total market cap of cryptoassets tracked by CoinMarketCap * 100,UTC,2025-06-07T00:00:00Z,2026-08-30T10:38:54Z,SETTLED_COMPLETE_DATE,NOT_COMPUTABLE,PASS,PUBLIC_SOURCE_BACKED,Direct CMC historical global-metrics BTC dominance; not TradingView top-125 convention.
2025-06-08,63.7146,CMC_GLOBAL_METRICS_BTC_DOMINANCE,CoinMarketCap,CMC_DIRECT_SOURCE_CONVENTION: Bitcoin market cap / total market cap of cryptoassets tracked by CoinMarketCap * 100,UTC,2025-06-08T00:00:00Z,2026-08-30T10:38:54Z,SETTLED_COMPLETE_DATE,NOT_COMPUTABLE,PASS,PUBLIC_SOURCE_BACKED,Direct CMC historical global-metrics BTC dominance; not TradingView top-125 convention.
2025-06-09,63.6821,CMC_GLOBAL_METRICS_BTC_DOMINANCE,CoinMarketCap,CMC_DIRECT_SOURCE_CONVENTION: Bitcoin market cap / total market cap of cryptoassets tracked by CoinMarketCap * 100,UTC,2025-06-09T00:00:00Z,2026-08-30T10:38:54Z,SETTLED_COMPLETE_DATE,NOT_COMPUTABLE,PASS,PUBLIC_SOURCE_BACKED,Direct CMC historical global-metrics BTC dominance; not TradingView top-125 convention.
2025-06-10,63.7291,CMC_GLOBAL_METRICS_BTC_DOMINANCE,CoinMarketCap,CMC_DIRECT_SOURCE_CONVENTION: Bitcoin market cap / total market cap of cryptoassets tracked by CoinMarketCap * 100,UTC,2025-06-10T00:00:00Z,2026-08-30T10:38:54Z,SETTLED_COMPLETE_DATE,NOT_COMPUTABLE,PASS,PUBLIC_SOURCE_BACKED,Direct CMC historical global-metrics BTC dominance; not TradingView top-125 convention.
2025-06-11,63.1665,CMC_GLOBAL_METRICS_BTC_DOMINANCE,CoinMarketCap,CMC_DIRECT_SOURCE_CONVENTION: Bitcoin market cap / total market cap of cryptoassets tracked by CoinMarketCap * 100,UTC,2025-06-11T00:00:00Z,2026-08-30T10:38:54Z,SETTLED_COMPLETE_DATE,NOT_COMPUTABLE,PASS,PUBLIC_SOURCE_BACKED,Direct CMC historical global-metrics BTC dominance; not TradingView top-125 convention.
2025-06-12,63.2249,CMC_GLOBAL_METRICS_BTC_DOMINANCE,CoinMarketCap,CMC_DIRECT_SOURCE_CONVENTION: Bitcoin market cap / total market cap of cryptoassets tracked by CoinMarketCap * 100,UTC,2025-06-12T00:00:00Z,2026-08-30T10:38:54Z,SETTLED_COMPLETE_DATE,NOT_COMPUTABLE,PASS,PUBLIC_SOURCE_BACKED,Direct CMC historical global-metrics BTC dominance; not TradingView top-125 convention.
2025-06-13,63.4355,CMC_GLOBAL_METRICS_BTC_DOMINANCE,CoinMarketCap,CMC_DIRECT_SOURCE_CONVENTION: Bitcoin market cap / total market cap of cryptoassets tracked by CoinMarketCap * 100,UTC,2025-06-13T00:00:00Z,2026-08-30T10:38:54Z,SETTLED_COMPLETE_DATE,NOT_COMPUTABLE,PASS,PUBLIC_SOURCE_BACKED,Direct CMC historical global-metrics BTC dominance; not TradingView top-125 convention.
2025-06-14,63.8481,CMC_GLOBAL_METRICS_BTC_DOMINANCE,CoinMarketCap,CMC_DIRECT_SOURCE_CONVENTION: Bitcoin market cap / total market cap of cryptoassets tracked by CoinMarketCap * 100,UTC,2025-06-14T00:00:00Z,2026-08-30T10:38:54Z,SETTLED_COMPLETE_DATE,NOT_COMPUTABLE,PASS,PUBLIC_SOURCE_BACKED,Direct CMC historical global-metrics BTC dominance; not TradingView top-125 convention.
2025-06-15,64.0106,CMC_GLOBAL_METRICS_BTC_DOMINANCE,CoinMarketCap,CMC_DIRECT_SOURCE_CONVENTION: Bitcoin market cap / total market cap of cryptoassets tracked by CoinMarketCap * 100,UTC,2025-06-15T00:00:00Z,2026-08-30T10:38:54Z,SETTLED_COMPLETE_DATE,NOT_COMPUTABLE,PASS,PUBLIC_SOURCE_BACKED,Direct CMC historical global-metrics BTC dominance; not TradingView top-125 convention.
2025-06-16,63.8318,CMC_GLOBAL_METRICS_BTC_DOMINANCE,CoinMarketCap,CMC_DIRECT_SOURCE_CONVENTION: Bitcoin market cap / total market cap of cryptoassets tracked by CoinMarketCap * 100,UTC,2025-06-16T00:00:00Z,2026-08-30T10:38:54Z,SETTLED_COMPLETE_DATE,NOT_COMPUTABLE,PASS,PUBLIC_SOURCE_BACKED,Direct CMC historical global-metrics BTC dominance; not TradingView top-125 convention.
2025-06-17,64.0365,CMC_GLOBAL_METRICS_BTC_DOMINANCE,CoinMarketCap,CMC_DIRECT_SOURCE_CONVENTION: Bitcoin market cap / total market cap of cryptoassets tracked by CoinMarketCap * 100,UTC,2025-06-17T00:00:00Z,2026-08-30T10:38:54Z,SETTLED_COMPLETE_DATE,NOT_COMPUTABLE,PASS,PUBLIC_SOURCE_BACKED,Direct CMC historical global-metrics BTC dominance; not TradingView top-125 convention.
2025-06-18,63.9744,CMC_GLOBAL_METRICS_BTC_DOMINANCE,CoinMarketCap,CMC_DIRECT_SOURCE_CONVENTION: Bitcoin market cap / total market cap of cryptoassets tracked by CoinMarketCap * 100,UTC,2025-06-18T00:00:00Z,2026-08-30T10:38:54Z,SETTLED_COMPLETE_DATE,NOT_COMPUTABLE,PASS,PUBLIC_SOURCE_BACKED,Direct CMC historical global-metrics BTC dominance; not TradingView top-125 convention.
2025-06-19,64.019,CMC_GLOBAL_METRICS_BTC_DOMINANCE,CoinMarketCap,CMC_DIRECT_SOURCE_CONVENTION: Bitcoin market cap / total market cap of cryptoassets tracked by CoinMarketCap * 100,UTC,2025-06-19T00:00:00Z,2026-08-30T10:38:54Z,SETTLED_COMPLETE_DATE,NOT_COMPUTABLE,PASS,PUBLIC_SOURCE_BACKED,Direct CMC historical global-metrics BTC dominance; not TradingView top-125 convention.
2025-06-20,63.9933,CMC_GLOBAL_METRICS_BTC_DOMINANCE,CoinMarketCap,CMC_DIRECT_SOURCE_CONVENTION: Bitcoin market cap / total market cap of cryptoassets tracked by CoinMarketCap * 100,UTC,2025-06-20T00:00:00Z,2026-08-30T10:38:54Z,SETTLED_COMPLETE_DATE,NOT_COMPUTABLE,PASS,PUBLIC_SOURCE_BACKED,Direct CMC historical global-metrics BTC dominance; not TradingView top-125 convention.
2025-06-21,64.3162,CMC_GLOBAL_METRICS_BTC_DOMINANCE,CoinMarketCap,CMC_DIRECT_SOURCE_CONVENTION: Bitcoin market cap / total market cap of cryptoassets tracked by CoinMarketCap * 100,UTC,2025-06-21T00:00:00Z,2026-08-30T10:38:54Z,SETTLED_COMPLETE_DATE,NOT_COMPUTABLE,PASS,PUBLIC_SOURCE_BACKED,Direct CMC historical global-metrics BTC dominance; not TradingView top-125 convention.
2025-06-22,64.7368,CMC_GLOBAL_METRICS_BTC_DOMINANCE,CoinMarketCap,CMC_DIRECT_SOURCE_CONVENTION: Bitcoin market cap / total market cap of cryptoassets tracked by CoinMarketCap * 100,UTC,2025-06-22T00:00:00Z,2026-08-30T10:38:54Z,SETTLED_COMPLETE_DATE,NOT_COMPUTABLE,PASS,PUBLIC_SOURCE_BACKED,Direct CMC historical global-metrics BTC dominance; not TradingView top-125 convention.
2025-06-23,64.9398,CMC_GLOBAL_METRICS_BTC_DOMINANCE,CoinMarketCap,CMC_DIRECT_SOURCE_CONVENTION: Bitcoin market cap / total market cap of cryptoassets tracked by CoinMarketCap * 100,UTC,2025-06-23T00:00:00Z,2026-08-30T10:38:54Z,SETTLED_COMPLETE_DATE,NOT_COMPUTABLE,PASS,PUBLIC_SOURCE_BACKED,Direct CMC historical global-metrics BTC dominance; not TradingView top-125 convention.
2025-06-24,64.5104,CMC_GLOBAL_METRICS_BTC_DOMINANCE,CoinMarketCap,CMC_DIRECT_SOURCE_CONVENTION: Bitcoin market cap / total market cap of cryptoassets tracked by CoinMarketCap * 100,UTC,2025-06-24T00:00:00Z,2026-08-30T10:38:54Z,SETTLED_COMPLETE_DATE,NOT_COMPUTABLE,PASS,PUBLIC_SOURCE_BACKED,Direct CMC historical global-metrics BTC dominance; not TradingView top-125 convention.
2025-06-25,64.4476,CMC_GLOBAL_METRICS_BTC_DOMINANCE,CoinMarketCap,CMC_DIRECT_SOURCE_CONVENTION: Bitcoin market cap / total market cap of cryptoassets tracked by CoinMarketCap * 100,UTC,2025-06-25T00:00:00Z,2026-08-30T10:38:54Z,SETTLED_COMPLETE_DATE,NOT_COMPUTABLE,PASS,PUBLIC_SOURCE_BACKED,Direct CMC historical global-metrics BTC dominance; not TradingView top-125 convention.
2025-06-26,64.9175,CMC_GLOBAL_METRICS_BTC_DOMINANCE,CoinMarketCap,CMC_DIRECT_SOURCE_CONVENTION: Bitcoin market cap / total market cap of cryptoassets tracked by CoinMarketCap * 100,UTC,2025-06-26T00:00:00Z,2026-08-30T10:38:54Z,SETTLED_COMPLETE_DATE,NOT_COMPUTABLE,PASS,PUBLIC_SOURCE_BACKED,Direct CMC historical global-metrics BTC dominance; not TradingView top-125 convention.
2025-06-27,65.1177,CMC_GLOBAL_METRICS_BTC_DOMINANCE,CoinMarketCap,CMC_DIRECT_SOURCE_CONVENTION: Bitcoin market cap / total market cap of cryptoassets tracked by CoinMarketCap * 100,UTC,2025-06-27T00:00:00Z,2026-08-30T10:38:54Z,SETTLED_COMPLETE_DATE,NOT_COMPUTABLE,PASS,PUBLIC_SOURCE_BACKED,Direct CMC historical global-metrics BTC dominance; not TradingView top-125 convention.
2025-06-28,64.9492,CMC_GLOBAL_METRICS_BTC_DOMINANCE,CoinMarketCap,CMC_DIRECT_SOURCE_CONVENTION: Bitcoin market cap / total market cap of cryptoassets tracked by CoinMarketCap * 100,UTC,2025-06-28T00:00:00Z,2026-08-30T10:38:54Z,SETTLED_COMPLETE_DATE,NOT_COMPUTABLE,PASS,PUBLIC_SOURCE_BACKED,Direct CMC historical global-metrics BTC dominance; not TradingView top-125 convention.
2025-06-29,64.7124,CMC_GLOBAL_METRICS_BTC_DOMINANCE,CoinMarketCap,CMC_DIRECT_SOURCE_CONVENTION: Bitcoin market cap / total market cap of cryptoassets tracked by CoinMarketCap * 100,UTC,2025-06-29T00:00:00Z,2026-08-30T10:38:54Z,SETTLED_COMPLETE_DATE,NOT_COMPUTABLE,PASS,PUBLIC_SOURCE_BACKED,Direct CMC historical global-metrics BTC dominance; not TradingView top-125 convention.
2025-06-30,64.5198,CMC_GLOBAL_METRICS_BTC_DOMINANCE,CoinMarketCap,CMC_DIRECT_SOURCE_CONVENTION: Bitcoin market cap / total market cap of cryptoassets tracked by CoinMarketCap * 100,UTC,2025-06-30T00:00:00Z,2026-08-30T10:38:54Z,SETTLED_COMPLETE_DATE,NOT_COMPUTABLE,PASS,PUBLIC_SOURCE_BACKED,Direct CMC historical global-metrics BTC dominance; not TradingView top-125 convention.
2025-07-01,64.3824,CMC_GLOBAL_METRICS_BTC_DOMINANCE,CoinMarketCap,CMC_DIRECT_SOURCE_CONVENTION: Bitcoin market cap / total market cap of cryptoassets tracked by CoinMarketCap * 100,UTC,2025-07-01T00:00:00Z,2026-08-30T10:38:54Z,SETTLED_COMPLETE_DATE,NOT_COMPUTABLE,PASS,PUBLIC_SOURCE_BACKED,Direct CMC historical global-metrics BTC dominance; not TradingView top-125 convention.
2025-07-02,64.6941,CMC_GLOBAL_METRICS_BTC_DOMINANCE,CoinMarketCap,CMC_DIRECT_SOURCE_CONVENTION: Bitcoin market cap / total market cap of cryptoassets tracked by CoinMarketCap * 100,UTC,2025-07-02T00:00:00Z,2026-08-30T10:38:54Z,SETTLED_COMPLETE_DATE,NOT_COMPUTABLE,PASS,PUBLIC_SOURCE_BACKED,Direct CMC historical global-metrics BTC dominance; not TradingView top-125 convention.
2025-07-03,64.4382,CMC_GLOBAL_METRICS_BTC_DOMINANCE,CoinMarketCap,CMC_DIRECT_SOURCE_CONVENTION: Bitcoin market cap / total market cap of cryptoassets tracked by CoinMarketCap * 100,UTC,2025-07-03T00:00:00Z,2026-08-30T10:38:54Z,SETTLED_COMPLETE_DATE,NOT_COMPUTABLE,PASS,PUBLIC_SOURCE_BACKED,Direct CMC historical global-metrics BTC dominance; not TradingView top-125 convention.
2025-07-04,64.4485,CMC_GLOBAL_METRICS_BTC_DOMINANCE,CoinMarketCap,CMC_DIRECT_SOURCE_CONVENTION: Bitcoin market cap / total market cap of cryptoassets tracked by CoinMarketCap * 100,UTC,2025-07-04T00:00:00Z,2026-08-30T10:38:54Z,SETTLED_COMPLETE_DATE,NOT_COMPUTABLE,PASS,PUBLIC_SOURCE_BACKED,Direct CMC historical global-metrics BTC dominance; not TradingView top-125 convention.
2025-07-05,64.6629,CMC_GLOBAL_METRICS_BTC_DOMINANCE,CoinMarketCap,CMC_DIRECT_SOURCE_CONVENTION: Bitcoin market cap / total market cap of cryptoassets tracked by CoinMarketCap * 100,UTC,2025-07-05T00:00:00Z,2026-08-30T10:38:54Z,SETTLED_COMPLETE_DATE,NOT_COMPUTABLE,PASS,PUBLIC_SOURCE_BACKED,Direct CMC historical global-metrics BTC dominance; not TradingView top-125 convention.
2025-07-06,64.6551,CMC_GLOBAL_METRICS_BTC_DOMINANCE,CoinMarketCap,CMC_DIRECT_SOURCE_CONVENTION: Bitcoin market cap / total market cap of cryptoassets tracked by CoinMarketCap * 100,UTC,2025-07-06T00:00:00Z,2026-08-30T10:38:54Z,SETTLED_COMPLETE_DATE,NOT_COMPUTABLE,PASS,PUBLIC_SOURCE_BACKED,Direct CMC historical global-metrics BTC dominance; not TradingView top-125 convention.
2025-07-07,64.486,CMC_GLOBAL_METRICS_BTC_DOMINANCE,CoinMarketCap,CMC_DIRECT_SOURCE_CONVENTION: Bitcoin market cap / total market cap of cryptoassets tracked by CoinMarketCap * 100,UTC,2025-07-07T00:00:00Z,2026-08-30T10:38:54Z,SETTLED_COMPLETE_DATE,NOT_COMPUTABLE,PASS,PUBLIC_SOURCE_BACKED,Direct CMC historical global-metrics BTC dominance; not TradingView top-125 convention.
2025-07-08,64.4749,CMC_GLOBAL_METRICS_BTC_DOMINANCE,CoinMarketCap,CMC_DIRECT_SOURCE_CONVENTION: Bitcoin market cap / total market cap of cryptoassets tracked by CoinMarketCap * 100,UTC,2025-07-08T00:00:00Z,2026-08-30T10:38:54Z,SETTLED_COMPLETE_DATE,NOT_COMPUTABLE,PASS,PUBLIC_SOURCE_BACKED,Direct CMC historical global-metrics BTC dominance; not TradingView top-125 convention.
2025-07-09,64.2632,CMC_GLOBAL_METRICS_BTC_DOMINANCE,CoinMarketCap,CMC_DIRECT_SOURCE_CONVENTION: Bitcoin market cap / total market cap of cryptoassets tracked by CoinMarketCap * 100,UTC,2025-07-09T00:00:00Z,2026-08-30T10:38:54Z,SETTLED_COMPLETE_DATE,NOT_COMPUTABLE,PASS,PUBLIC_SOURCE_BACKED,Direct CMC historical global-metrics BTC dominance; not TradingView top-125 convention.
2025-07-10,63.9403,CMC_GLOBAL_METRICS_BTC_DOMINANCE,CoinMarketCap,CMC_DIRECT_SOURCE_CONVENTION: Bitcoin market cap / total market cap of cryptoassets tracked by CoinMarketCap * 100,UTC,2025-07-10T00:00:00Z,2026-08-30T10:38:54Z,SETTLED_COMPLETE_DATE,NOT_COMPUTABLE,PASS,PUBLIC_SOURCE_BACKED,Direct CMC historical global-metrics BTC dominance; not TradingView top-125 convention.
2025-07-11,63.8418,CMC_GLOBAL_METRICS_BTC_DOMINANCE,CoinMarketCap,CMC_DIRECT_SOURCE_CONVENTION: Bitcoin market cap / total market cap of cryptoassets tracked by CoinMarketCap * 100,UTC,2025-07-11T00:00:00Z,2026-08-30T10:38:54Z,SETTLED_COMPLETE_DATE,NOT_COMPUTABLE,PASS,PUBLIC_SOURCE_BACKED,Direct CMC historical global-metrics BTC dominance; not TradingView top-125 convention.
2025-07-12,63.7757,CMC_GLOBAL_METRICS_BTC_DOMINANCE,CoinMarketCap,CMC_DIRECT_SOURCE_CONVENTION: Bitcoin market cap / total market cap of cryptoassets tracked by CoinMarketCap * 100,UTC,2025-07-12T00:00:00Z,2026-08-30T10:38:54Z,SETTLED_COMPLETE_DATE,NOT_COMPUTABLE,PASS,PUBLIC_SOURCE_BACKED,Direct CMC historical global-metrics BTC dominance; not TradingView top-125 convention.
2025-07-13,63.8392,CMC_GLOBAL_METRICS_BTC_DOMINANCE,CoinMarketCap,CMC_DIRECT_SOURCE_CONVENTION: Bitcoin market cap / total market cap of cryptoassets tracked by CoinMarketCap * 100,UTC,2025-07-13T00:00:00Z,2026-08-30T10:38:54Z,SETTLED_COMPLETE_DATE,NOT_COMPUTABLE,PASS,PUBLIC_SOURCE_BACKED,Direct CMC historical global-metrics BTC dominance; not TradingView top-125 convention.
2025-07-14,63.7605,CMC_GLOBAL_METRICS_BTC_DOMINANCE,CoinMarketCap,CMC_DIRECT_SOURCE_CONVENTION: Bitcoin market cap / total market cap of cryptoassets tracked by CoinMarketCap * 100,UTC,2025-07-14T00:00:00Z,2026-08-30T10:38:54Z,SETTLED_COMPLETE_DATE,NOT_COMPUTABLE,PASS,PUBLIC_SOURCE_BACKED,Direct CMC historical global-metrics BTC dominance; not TradingView top-125 convention.
2025-07-15,63.6484,CMC_GLOBAL_METRICS_BTC_DOMINANCE,CoinMarketCap,CMC_DIRECT_SOURCE_CONVENTION: Bitcoin market cap / total market cap of cryptoassets tracked by CoinMarketCap * 100,UTC,2025-07-15T00:00:00Z,2026-08-30T10:38:54Z,SETTLED_COMPLETE_DATE,NOT_COMPUTABLE,PASS,PUBLIC_SOURCE_BACKED,Direct CMC historical global-metrics BTC dominance; not TradingView top-125 convention.
2025-07-16,62.8844,CMC_GLOBAL_METRICS_BTC_DOMINANCE,CoinMarketCap,CMC_DIRECT_SOURCE_CONVENTION: Bitcoin market cap / total market cap of cryptoassets tracked by CoinMarketCap * 100,UTC,2025-07-16T00:00:00Z,2026-08-30T10:38:54Z,SETTLED_COMPLETE_DATE,NOT_COMPUTABLE,PASS,PUBLIC_SOURCE_BACKED,Direct CMC historical global-metrics BTC dominance; not TradingView top-125 convention.
2025-07-17,62.1934,CMC_GLOBAL_METRICS_BTC_DOMINANCE,CoinMarketCap,CMC_DIRECT_SOURCE_CONVENTION: Bitcoin market cap / total market cap of cryptoassets tracked by CoinMarketCap * 100,UTC,2025-07-17T00:00:00Z,2026-08-30T10:38:54Z,SETTLED_COMPLETE_DATE,NOT_COMPUTABLE,PASS,PUBLIC_SOURCE_BACKED,Direct CMC historical global-metrics BTC dominance; not TradingView top-125 convention.
2025-07-18,61.3959,CMC_GLOBAL_METRICS_BTC_DOMINANCE,CoinMarketCap,CMC_DIRECT_SOURCE_CONVENTION: Bitcoin market cap / total market cap of cryptoassets tracked by CoinMarketCap * 100,UTC,2025-07-18T00:00:00Z,2026-08-30T10:38:54Z,SETTLED_COMPLETE_DATE,NOT_COMPUTABLE,PASS,PUBLIC_SOURCE_BACKED,Direct CMC historical global-metrics BTC dominance; not TradingView top-125 convention.
2025-07-19,61.0259,CMC_GLOBAL_METRICS_BTC_DOMINANCE,CoinMarketCap,CMC_DIRECT_SOURCE_CONVENTION: Bitcoin market cap / total market cap of cryptoassets tracked by CoinMarketCap * 100,UTC,2025-07-19T00:00:00Z,2026-08-30T10:38:54Z,SETTLED_COMPLETE_DATE,NOT_COMPUTABLE,PASS,PUBLIC_SOURCE_BACKED,Direct CMC historical global-metrics BTC dominance; not TradingView top-125 convention.
2025-07-20,60.7821,CMC_GLOBAL_METRICS_BTC_DOMINANCE,CoinMarketCap,CMC_DIRECT_SOURCE_CONVENTION: Bitcoin market cap / total market cap of cryptoassets tracked by CoinMarketCap * 100,UTC,2025-07-20T00:00:00Z,2026-08-30T10:38:54Z,SETTLED_COMPLETE_DATE,NOT_COMPUTABLE,PASS,PUBLIC_SOURCE_BACKED,Direct CMC historical global-metrics BTC dominance; not TradingView top-125 convention.
2025-07-21,59.9782,CMC_GLOBAL_METRICS_BTC_DOMINANCE,CoinMarketCap,CMC_DIRECT_SOURCE_CONVENTION: Bitcoin market cap / total market cap of cryptoassets tracked by CoinMarketCap * 100,UTC,2025-07-21T00:00:00Z,2026-08-30T10:38:54Z,SETTLED_COMPLETE_DATE,NOT_COMPUTABLE,PASS,PUBLIC_SOURCE_BACKED,Direct CMC historical global-metrics BTC dominance; not TradingView top-125 convention.
2025-07-22,59.6801,CMC_GLOBAL_METRICS_BTC_DOMINANCE,CoinMarketCap,CMC_DIRECT_SOURCE_CONVENTION: Bitcoin market cap / total market cap of cryptoassets tracked by CoinMarketCap * 100,UTC,2025-07-22T00:00:00Z,2026-08-30T10:38:54Z,SETTLED_COMPLETE_DATE,NOT_COMPUTABLE,PASS,PUBLIC_SOURCE_BACKED,Direct CMC historical global-metrics BTC dominance; not TradingView top-125 convention.
2025-07-23,60.0532,CMC_GLOBAL_METRICS_BTC_DOMINANCE,CoinMarketCap,CMC_DIRECT_SOURCE_CONVENTION: Bitcoin market cap / total market cap of cryptoassets tracked by CoinMarketCap * 100,UTC,2025-07-23T00:00:00Z,2026-08-30T10:38:54Z,SETTLED_COMPLETE_DATE,NOT_COMPUTABLE,PASS,PUBLIC_SOURCE_BACKED,Direct CMC historical global-metrics BTC dominance; not TradingView top-125 convention.
2025-07-24,61.0286,CMC_GLOBAL_METRICS_BTC_DOMINANCE,CoinMarketCap,CMC_DIRECT_SOURCE_CONVENTION: Bitcoin market cap / total market cap of cryptoassets tracked by CoinMarketCap * 100,UTC,2025-07-24T00:00:00Z,2026-08-30T10:38:54Z,SETTLED_COMPLETE_DATE,NOT_COMPUTABLE,PASS,PUBLIC_SOURCE_BACKED,Direct CMC historical global-metrics BTC dominance; not TradingView top-125 convention.
2025-07-25,61.006,CMC_GLOBAL_METRICS_BTC_DOMINANCE,CoinMarketCap,CMC_DIRECT_SOURCE_CONVENTION: Bitcoin market cap / total market cap of cryptoassets tracked by CoinMarketCap * 100,UTC,2025-07-25T00:00:00Z,2026-08-30T10:38:54Z,SETTLED_COMPLETE_DATE,NOT_COMPUTABLE,PASS,PUBLIC_SOURCE_BACKED,Direct CMC historical global-metrics BTC dominance; not TradingView top-125 convention.
2025-07-26,60.5837,CMC_GLOBAL_METRICS_BTC_DOMINANCE,CoinMarketCap,CMC_DIRECT_SOURCE_CONVENTION: Bitcoin market cap / total market cap of cryptoassets tracked by CoinMarketCap * 100,UTC,2025-07-26T00:00:00Z,2026-08-30T10:38:54Z,SETTLED_COMPLETE_DATE,NOT_COMPUTABLE,PASS,PUBLIC_SOURCE_BACKED,Direct CMC historical global-metrics BTC dominance; not TradingView top-125 convention.
2025-07-27,60.5204,CMC_GLOBAL_METRICS_BTC_DOMINANCE,CoinMarketCap,CMC_DIRECT_SOURCE_CONVENTION: Bitcoin market cap / total market cap of cryptoassets tracked by CoinMarketCap * 100,UTC,2025-07-27T00:00:00Z,2026-08-30T10:38:54Z,SETTLED_COMPLETE_DATE,NOT_COMPUTABLE,PASS,PUBLIC_SOURCE_BACKED,Direct CMC historical global-metrics BTC dominance; not TradingView top-125 convention.
2025-07-28,60.1961,CMC_GLOBAL_METRICS_BTC_DOMINANCE,CoinMarketCap,CMC_DIRECT_SOURCE_CONVENTION: Bitcoin market cap / total market cap of cryptoassets tracked by CoinMarketCap * 100,UTC,2025-07-28T00:00:00Z,2026-08-30T10:38:54Z,SETTLED_COMPLETE_DATE,NOT_COMPUTABLE,PASS,PUBLIC_SOURCE_BACKED,Direct CMC historical global-metrics BTC dominance; not TradingView top-125 convention.
2025-07-29,60.6019,CMC_GLOBAL_METRICS_BTC_DOMINANCE,CoinMarketCap,CMC_DIRECT_SOURCE_CONVENTION: Bitcoin market cap / total market cap of cryptoassets tracked by CoinMarketCap * 100,UTC,2025-07-29T00:00:00Z,2026-08-30T10:38:54Z,SETTLED_COMPLETE_DATE,NOT_COMPUTABLE,PASS,PUBLIC_SOURCE_BACKED,Direct CMC historical global-metrics BTC dominance; not TradingView top-125 convention.
2025-07-30,60.6566,CMC_GLOBAL_METRICS_BTC_DOMINANCE,CoinMarketCap,CMC_DIRECT_SOURCE_CONVENTION: Bitcoin market cap / total market cap of cryptoassets tracked by CoinMarketCap * 100,UTC,2025-07-30T00:00:00Z,2026-08-30T10:38:54Z,SETTLED_COMPLETE_DATE,NOT_COMPUTABLE,PASS,PUBLIC_SOURCE_BACKED,Direct CMC historical global-metrics BTC dominance; not TradingView top-125 convention.
2025-07-31,60.7898,CMC_GLOBAL_METRICS_BTC_DOMINANCE,CoinMarketCap,CMC_DIRECT_SOURCE_CONVENTION: Bitcoin market cap / total market cap of cryptoassets tracked by CoinMarketCap * 100,UTC,2025-07-31T00:00:00Z,2026-08-30T10:38:54Z,SETTLED_COMPLETE_DATE,NOT_COMPUTABLE,PASS,PUBLIC_SOURCE_BACKED,Direct CMC historical global-metrics BTC dominance; not TradingView top-125 convention.
2025-08-01,60.9352,CMC_GLOBAL_METRICS_BTC_DOMINANCE,CoinMarketCap,CMC_DIRECT_SOURCE_CONVENTION: Bitcoin market cap / total market cap of cryptoassets tracked by CoinMarketCap * 100,UTC,2025-08-01T00:00:00Z,2026-08-30T10:38:54Z,SETTLED_COMPLETE_DATE,NOT_COMPUTABLE,PASS,PUBLIC_SOURCE_BACKED,Direct CMC historical global-metrics BTC dominance; not TradingView top-125 convention.
2025-08-02,61.2459,CMC_GLOBAL_METRICS_BTC_DOMINANCE,CoinMarketCap,CMC_DIRECT_SOURCE_CONVENTION: Bitcoin market cap / total market cap of cryptoassets tracked by CoinMarketCap * 100,UTC,2025-08-02T00:00:00Z,2026-08-30T10:38:54Z,SETTLED_COMPLETE_DATE,NOT_COMPUTABLE,PASS,PUBLIC_SOURCE_BACKED,Direct CMC historical global-metrics BTC dominance; not TradingView top-125 convention.
2025-08-03,61.728,CMC_GLOBAL_METRICS_BTC_DOMINANCE,CoinMarketCap,CMC_DIRECT_SOURCE_CONVENTION: Bitcoin market cap / total market cap of cryptoassets tracked by CoinMarketCap * 100,UTC,2025-08-03T00:00:00Z,2026-08-30T10:38:54Z,SETTLED_COMPLETE_DATE,NOT_COMPUTABLE,PASS,PUBLIC_SOURCE_BACKED,Direct CMC historical global-metrics BTC dominance; not TradingView top-125 convention.
2025-08-04,61.3709,CMC_GLOBAL_METRICS_BTC_DOMINANCE,CoinMarketCap,CMC_DIRECT_SOURCE_CONVENTION: Bitcoin market cap / total market cap of cryptoassets tracked by CoinMarketCap * 100,UTC,2025-08-04T00:00:00Z,2026-08-30T10:38:54Z,SETTLED_COMPLETE_DATE,NOT_COMPUTABLE,PASS,PUBLIC_SOURCE_BACKED,Direct CMC historical global-metrics BTC dominance; not TradingView top-125 convention.
2025-08-05,60.6389,CMC_GLOBAL_METRICS_BTC_DOMINANCE,CoinMarketCap,CMC_DIRECT_SOURCE_CONVENTION: Bitcoin market cap / total market cap of cryptoassets tracked by CoinMarketCap * 100,UTC,2025-08-05T00:00:00Z,2026-08-30T10:38:54Z,SETTLED_COMPLETE_DATE,NOT_COMPUTABLE,PASS,PUBLIC_SOURCE_BACKED,Direct CMC historical global-metrics BTC dominance; not TradingView top-125 convention.
2025-08-06,61.0555,CMC_GLOBAL_METRICS_BTC_DOMINANCE,CoinMarketCap,CMC_DIRECT_SOURCE_CONVENTION: Bitcoin market cap / total market cap of cryptoassets tracked by CoinMarketCap * 100,UTC,2025-08-06T00:00:00Z,2026-08-30T10:38:54Z,SETTLED_COMPLETE_DATE,NOT_COMPUTABLE,PASS,PUBLIC_SOURCE_BACKED,Direct CMC historical global-metrics BTC dominance; not TradingView top-125 convention.
2025-08-07,60.886,CMC_GLOBAL_METRICS_BTC_DOMINANCE,CoinMarketCap,CMC_DIRECT_SOURCE_CONVENTION: Bitcoin market cap / total market cap of cryptoassets tracked by CoinMarketCap * 100,UTC,2025-08-07T00:00:00Z,2026-08-30T10:38:54Z,SETTLED_COMPLETE_DATE,NOT_COMPUTABLE,PASS,PUBLIC_SOURCE_BACKED,Direct CMC historical global-metrics BTC dominance; not TradingView top-125 convention.
2025-08-08,60.2129,CMC_GLOBAL_METRICS_BTC_DOMINANCE,CoinMarketCap,CMC_DIRECT_SOURCE_CONVENTION: Bitcoin market cap / total market cap of cryptoassets tracked by CoinMarketCap * 100,UTC,2025-08-08T00:00:00Z,2026-08-30T10:38:54Z,SETTLED_COMPLETE_DATE,NOT_COMPUTABLE,PASS,PUBLIC_SOURCE_BACKED,Direct CMC historical global-metrics BTC dominance; not TradingView top-125 convention.
2025-08-09,59.7298,CMC_GLOBAL_METRICS_BTC_DOMINANCE,CoinMarketCap,CMC_DIRECT_SOURCE_CONVENTION: Bitcoin market cap / total market cap of cryptoassets tracked by CoinMarketCap * 100,UTC,2025-08-09T00:00:00Z,2026-08-30T10:38:54Z,SETTLED_COMPLETE_DATE,NOT_COMPUTABLE,PASS,PUBLIC_SOURCE_BACKED,Direct CMC historical global-metrics BTC dominance; not TradingView top-125 convention.
2025-08-10,59.0473,CMC_GLOBAL_METRICS_BTC_DOMINANCE,CoinMarketCap,CMC_DIRECT_SOURCE_CONVENTION: Bitcoin market cap / total market cap of cryptoassets tracked by CoinMarketCap * 100,UTC,2025-08-10T00:00:00Z,2026-08-30T10:38:54Z,SETTLED_COMPLETE_DATE,NOT_COMPUTABLE,PASS,PUBLIC_SOURCE_BACKED,Direct CMC historical global-metrics BTC dominance; not TradingView top-125 convention.
2025-08-11,59.6591,CMC_GLOBAL_METRICS_BTC_DOMINANCE,CoinMarketCap,CMC_DIRECT_SOURCE_CONVENTION: Bitcoin market cap / total market cap of cryptoassets tracked by CoinMarketCap * 100,UTC,2025-08-11T00:00:00Z,2026-08-30T10:38:54Z,SETTLED_COMPLETE_DATE,NOT_COMPUTABLE,PASS,PUBLIC_SOURCE_BACKED,Direct CMC historical global-metrics BTC dominance; not TradingView top-125 convention.
2025-08-12,59.9163,CMC_GLOBAL_METRICS_BTC_DOMINANCE,CoinMarketCap,CMC_DIRECT_SOURCE_CONVENTION: Bitcoin market cap / total market cap of cryptoassets tracked by CoinMarketCap * 100,UTC,2025-08-12T00:00:00Z,2026-08-30T10:38:54Z,SETTLED_COMPLETE_DATE,NOT_COMPUTABLE,PASS,PUBLIC_SOURCE_BACKED,Direct CMC historical global-metrics BTC dominance; not TradingView top-125 convention.
2025-08-13,58.9044,CMC_GLOBAL_METRICS_BTC_DOMINANCE,CoinMarketCap,CMC_DIRECT_SOURCE_CONVENTION: Bitcoin market cap / total market cap of cryptoassets tracked by CoinMarketCap * 100,UTC,2025-08-13T00:00:00Z,2026-08-30T10:38:54Z,SETTLED_COMPLETE_DATE,NOT_COMPUTABLE,PASS,PUBLIC_SOURCE_BACKED,Direct CMC historical global-metrics BTC dominance; not TradingView top-125 convention.
2025-08-14,58.8472,CMC_GLOBAL_METRICS_BTC_DOMINANCE,CoinMarketCap,CMC_DIRECT_SOURCE_CONVENTION: Bitcoin market cap / total market cap of cryptoassets tracked by CoinMarketCap * 100,UTC,2025-08-14T00:00:00Z,2026-08-30T10:38:54Z,SETTLED_COMPLETE_DATE,NOT_COMPUTABLE,PASS,PUBLIC_SOURCE_BACKED,Direct CMC historical global-metrics BTC dominance; not TradingView top-125 convention.
2025-08-15,58.8495,CMC_GLOBAL_METRICS_BTC_DOMINANCE,CoinMarketCap,CMC_DIRECT_SOURCE_CONVENTION: Bitcoin market cap / total market cap of cryptoassets tracked by CoinMarketCap * 100,UTC,2025-08-15T00:00:00Z,2026-08-30T10:38:54Z,SETTLED_COMPLETE_DATE,NOT_COMPUTABLE,PASS,PUBLIC_SOURCE_BACKED,Direct CMC historical global-metrics BTC dominance; not TradingView top-125 convention.
2025-08-16,58.9661,CMC_GLOBAL_METRICS_BTC_DOMINANCE,CoinMarketCap,CMC_DIRECT_SOURCE_CONVENTION: Bitcoin market cap / total market cap of cryptoassets tracked by CoinMarketCap * 100,UTC,2025-08-16T00:00:00Z,2026-08-30T10:38:54Z,SETTLED_COMPLETE_DATE,NOT_COMPUTABLE,PASS,PUBLIC_SOURCE_BACKED,Direct CMC historical global-metrics BTC dominance; not TradingView top-125 convention.
2025-08-17,58.8529,CMC_GLOBAL_METRICS_BTC_DOMINANCE,CoinMarketCap,CMC_DIRECT_SOURCE_CONVENTION: Bitcoin market cap / total market cap of cryptoassets tracked by CoinMarketCap * 100,UTC,2025-08-17T00:00:00Z,2026-08-30T10:38:54Z,SETTLED_COMPLETE_DATE,NOT_COMPUTABLE,PASS,PUBLIC_SOURCE_BACKED,Direct CMC historical global-metrics BTC dominance; not TradingView top-125 convention.
2025-08-18,58.631,CMC_GLOBAL_METRICS_BTC_DOMINANCE,CoinMarketCap,CMC_DIRECT_SOURCE_CONVENTION: Bitcoin market cap / total market cap of cryptoassets tracked by CoinMarketCap * 100,UTC,2025-08-18T00:00:00Z,2026-08-30T10:38:54Z,SETTLED_COMPLETE_DATE,NOT_COMPUTABLE,PASS,PUBLIC_SOURCE_BACKED,Direct CMC historical global-metrics BTC dominance; not TradingView top-125 convention.
2025-08-19,58.9897,CMC_GLOBAL_METRICS_BTC_DOMINANCE,CoinMarketCap,CMC_DIRECT_SOURCE_CONVENTION: Bitcoin market cap / total market cap of cryptoassets tracked by CoinMarketCap * 100,UTC,2025-08-19T00:00:00Z,2026-08-30T10:38:54Z,SETTLED_COMPLETE_DATE,NOT_COMPUTABLE,PASS,PUBLIC_SOURCE_BACKED,Direct CMC historical global-metrics BTC dominance; not TradingView top-125 convention.
2025-08-20,59.3228,CMC_GLOBAL_METRICS_BTC_DOMINANCE,CoinMarketCap,CMC_DIRECT_SOURCE_CONVENTION: Bitcoin market cap / total market cap of cryptoassets tracked by CoinMarketCap * 100,UTC,2025-08-20T00:00:00Z,2026-08-30T10:38:54Z,SETTLED_COMPLETE_DATE,NOT_COMPUTABLE,PASS,PUBLIC_SOURCE_BACKED,Direct CMC historical global-metrics BTC dominance; not TradingView top-125 convention.
2025-08-21,58.5738,CMC_GLOBAL_METRICS_BTC_DOMINANCE,CoinMarketCap,CMC_DIRECT_SOURCE_CONVENTION: Bitcoin market cap / total market cap of cryptoassets tracked by CoinMarketCap * 100,UTC,2025-08-21T00:00:00Z,2026-08-30T10:38:54Z,SETTLED_COMPLETE_DATE,NOT_COMPUTABLE,PASS,PUBLIC_SOURCE_BACKED,Direct CMC historical global-metrics BTC dominance; not TradingView top-125 convention.
2025-08-22,58.7533,CMC_GLOBAL_METRICS_BTC_DOMINANCE,CoinMarketCap,CMC_DIRECT_SOURCE_CONVENTION: Bitcoin market cap / total market cap of cryptoassets tracked by CoinMarketCap * 100,UTC,2025-08-22T00:00:00Z,2026-08-30T10:38:54Z,SETTLED_COMPLETE_DATE,NOT_COMPUTABLE,PASS,PUBLIC_SOURCE_BACKED,Direct CMC historical global-metrics BTC dominance; not TradingView top-125 convention.
2025-08-23,57.5895,CMC_GLOBAL_METRICS_BTC_DOMINANCE,CoinMarketCap,CMC_DIRECT_SOURCE_CONVENTION: Bitcoin market cap / total market cap of cryptoassets tracked by CoinMarketCap * 100,UTC,2025-08-23T00:00:00Z,2026-08-30T10:38:54Z,SETTLED_COMPLETE_DATE,NOT_COMPUTABLE,PASS,PUBLIC_SOURCE_BACKED,Direct CMC historical global-metrics BTC dominance; not TradingView top-125 convention.
2025-08-24,57.4676,CMC_GLOBAL_METRICS_BTC_DOMINANCE,CoinMarketCap,CMC_DIRECT_SOURCE_CONVENTION: Bitcoin market cap / total market cap of cryptoassets tracked by CoinMarketCap * 100,UTC,2025-08-24T00:00:00Z,2026-08-30T10:38:54Z,SETTLED_COMPLETE_DATE,NOT_COMPUTABLE,PASS,PUBLIC_SOURCE_BACKED,Direct CMC historical global-metrics BTC dominance; not TradingView top-125 convention.
2025-08-25,57.1651,CMC_GLOBAL_METRICS_BTC_DOMINANCE,CoinMarketCap,CMC_DIRECT_SOURCE_CONVENTION: Bitcoin market cap / total market cap of cryptoassets tracked by CoinMarketCap * 100,UTC,2025-08-25T00:00:00Z,2026-08-30T10:38:54Z,SETTLED_COMPLETE_DATE,NOT_COMPUTABLE,PASS,PUBLIC_SOURCE_BACKED,Direct CMC historical global-metrics BTC dominance; not TradingView top-125 convention.
2025-08-26,58.0185,CMC_GLOBAL_METRICS_BTC_DOMINANCE,CoinMarketCap,CMC_DIRECT_SOURCE_CONVENTION: Bitcoin market cap / total market cap of cryptoassets tracked by CoinMarketCap * 100,UTC,2025-08-26T00:00:00Z,2026-08-30T10:38:54Z,SETTLED_COMPLETE_DATE,NOT_COMPUTABLE,PASS,PUBLIC_SOURCE_BACKED,Direct CMC historical global-metrics BTC dominance; not TradingView top-125 convention.
2025-08-27,57.4464,CMC_GLOBAL_METRICS_BTC_DOMINANCE,CoinMarketCap,CMC_DIRECT_SOURCE_CONVENTION: Bitcoin market cap / total market cap of cryptoassets tracked by CoinMarketCap * 100,UTC,2025-08-27T00:00:00Z,2026-08-30T10:38:54Z,SETTLED_COMPLETE_DATE,NOT_COMPUTABLE,PASS,PUBLIC_SOURCE_BACKED,Direct CMC historical global-metrics BTC dominance; not TradingView top-125 convention.
2025-08-28,57.5426,CMC_GLOBAL_METRICS_BTC_DOMINANCE,CoinMarketCap,CMC_DIRECT_SOURCE_CONVENTION: Bitcoin market cap / total market cap of cryptoassets tracked by CoinMarketCap * 100,UTC,2025-08-28T00:00:00Z,2026-08-30T10:38:54Z,SETTLED_COMPLETE_DATE,NOT_COMPUTABLE,PASS,PUBLIC_SOURCE_BACKED,Direct CMC historical global-metrics BTC dominance; not TradingView top-125 convention.
2025-08-29,57.5132,CMC_GLOBAL_METRICS_BTC_DOMINANCE,CoinMarketCap,CMC_DIRECT_SOURCE_CONVENTION: Bitcoin market cap / total market cap of cryptoassets tracked by CoinMarketCap * 100,UTC,2025-08-29T00:00:00Z,2026-08-30T10:38:54Z,SETTLED_COMPLETE_DATE,NOT_COMPUTABLE,PASS,PUBLIC_SOURCE_BACKED,Direct CMC historical global-metrics BTC dominance; not TradingView top-125 convention.
2025-08-30,57.3532,CMC_GLOBAL_METRICS_BTC_DOMINANCE,CoinMarketCap,CMC_DIRECT_SOURCE_CONVENTION: Bitcoin market cap / total market cap of cryptoassets tracked by CoinMarketCap * 100,UTC,2025-08-30T00:00:00Z,2026-08-30T10:38:54Z,SETTLED_COMPLETE_DATE,NOT_COMPUTABLE,PASS,PUBLIC_SOURCE_BACKED,Direct CMC historical global-metrics BTC dominance; not TradingView top-125 convention.
2025-08-31,57.3714,CMC_GLOBAL_METRICS_BTC_DOMINANCE,CoinMarketCap,CMC_DIRECT_SOURCE_CONVENTION: Bitcoin market cap / total market cap of cryptoassets tracked by CoinMarketCap * 100,UTC,2025-08-31T00:00:00Z,2026-08-30T10:38:54Z,SETTLED_COMPLETE_DATE,NOT_COMPUTABLE,PASS,PUBLIC_SOURCE_BACKED,Direct CMC historical global-metrics BTC dominance; not TradingView top-125 convention.
2025-09-01,57.3442,CMC_GLOBAL_METRICS_BTC_DOMINANCE,CoinMarketCap,CMC_DIRECT_SOURCE_CONVENTION: Bitcoin market cap / total market cap of cryptoassets tracked by CoinMarketCap * 100,UTC,2025-09-01T00:00:00Z,2026-08-30T10:38:54Z,SETTLED_COMPLETE_DATE,NOT_COMPUTABLE,PASS,PUBLIC_SOURCE_BACKED,Direct CMC historical global-metrics BTC dominance; not TradingView top-125 convention.
2025-09-02,57.8286,CMC_GLOBAL_METRICS_BTC_DOMINANCE,CoinMarketCap,CMC_DIRECT_SOURCE_CONVENTION: Bitcoin market cap / total market cap of cryptoassets tracked by CoinMarketCap * 100,UTC,2025-09-02T00:00:00Z,2026-08-30T10:38:54Z,SETTLED_COMPLETE_DATE,NOT_COMPUTABLE,PASS,PUBLIC_SOURCE_BACKED,Direct CMC historical global-metrics BTC dominance; not TradingView top-125 convention.
2025-09-03,57.8243,CMC_GLOBAL_METRICS_BTC_DOMINANCE,CoinMarketCap,CMC_DIRECT_SOURCE_CONVENTION: Bitcoin market cap / total market cap of cryptoassets tracked by CoinMarketCap * 100,UTC,2025-09-03T00:00:00Z,2026-08-30T10:38:54Z,SETTLED_COMPLETE_DATE,NOT_COMPUTABLE,PASS,PUBLIC_SOURCE_BACKED,Direct CMC historical global-metrics BTC dominance; not TradingView top-125 convention.
2025-09-04,57.6162,CMC_GLOBAL_METRICS_BTC_DOMINANCE,CoinMarketCap,CMC_DIRECT_SOURCE_CONVENTION: Bitcoin market cap / total market cap of cryptoassets tracked by CoinMarketCap * 100,UTC,2025-09-04T00:00:00Z,2026-08-30T10:38:54Z,SETTLED_COMPLETE_DATE,NOT_COMPUTABLE,PASS,PUBLIC_SOURCE_BACKED,Direct CMC historical global-metrics BTC dominance; not TradingView top-125 convention.
2025-09-05,58.0284,CMC_GLOBAL_METRICS_BTC_DOMINANCE,CoinMarketCap,CMC_DIRECT_SOURCE_CONVENTION: Bitcoin market cap / total market cap of cryptoassets tracked by CoinMarketCap * 100,UTC,2025-09-05T00:00:00Z,2026-08-30T10:38:54Z,SETTLED_COMPLETE_DATE,NOT_COMPUTABLE,PASS,PUBLIC_SOURCE_BACKED,Direct CMC historical global-metrics BTC dominance; not TradingView top-125 convention.
2025-09-06,57.8475,CMC_GLOBAL_METRICS_BTC_DOMINANCE,CoinMarketCap,CMC_DIRECT_SOURCE_CONVENTION: Bitcoin market cap / total market cap of cryptoassets tracked by CoinMarketCap * 100,UTC,2025-09-06T00:00:00Z,2026-08-30T10:38:54Z,SETTLED_COMPLETE_DATE,NOT_COMPUTABLE,PASS,PUBLIC_SOURCE_BACKED,Direct CMC historical global-metrics BTC dominance; not TradingView top-125 convention.
2025-09-07,57.8583,CMC_GLOBAL_METRICS_BTC_DOMINANCE,CoinMarketCap,CMC_DIRECT_SOURCE_CONVENTION: Bitcoin market cap / total market cap of cryptoassets tracked by CoinMarketCap * 100,UTC,2025-09-07T00:00:00Z,2026-08-30T10:38:54Z,SETTLED_COMPLETE_DATE,NOT_COMPUTABLE,PASS,PUBLIC_SOURCE_BACKED,Direct CMC historical global-metrics BTC dominance; not TradingView top-125 convention.
2025-09-08,57.7037,CMC_GLOBAL_METRICS_BTC_DOMINANCE,CoinMarketCap,CMC_DIRECT_SOURCE_CONVENTION: Bitcoin market cap / total market cap of cryptoassets tracked by CoinMarketCap * 100,UTC,2025-09-08T00:00:00Z,2026-08-30T10:38:54Z,SETTLED_COMPLETE_DATE,NOT_COMPUTABLE,PASS,PUBLIC_SOURCE_BACKED,Direct CMC historical global-metrics BTC dominance; not TradingView top-125 convention.
2025-09-09,57.5593,CMC_GLOBAL_METRICS_BTC_DOMINANCE,CoinMarketCap,CMC_DIRECT_SOURCE_CONVENTION: Bitcoin market cap / total market cap of cryptoassets tracked by CoinMarketCap * 100,UTC,2025-09-09T00:00:00Z,2026-08-30T10:38:54Z,SETTLED_COMPLETE_DATE,NOT_COMPUTABLE,PASS,PUBLIC_SOURCE_BACKED,Direct CMC historical global-metrics BTC dominance; not TradingView top-125 convention.
2025-09-10,57.3952,CMC_GLOBAL_METRICS_BTC_DOMINANCE,CoinMarketCap,CMC_DIRECT_SOURCE_CONVENTION: Bitcoin market cap / total market cap of cryptoassets tracked by CoinMarketCap * 100,UTC,2025-09-10T00:00:00Z,2026-08-30T10:38:54Z,SETTLED_COMPLETE_DATE,NOT_COMPUTABLE,PASS,PUBLIC_SOURCE_BACKED,Direct CMC historical global-metrics BTC dominance; not TradingView top-125 convention.
2025-09-11,57.5844,CMC_GLOBAL_METRICS_BTC_DOMINANCE,CoinMarketCap,CMC_DIRECT_SOURCE_CONVENTION: Bitcoin market cap / total market cap of cryptoassets tracked by CoinMarketCap * 100,UTC,2025-09-11T00:00:00Z,2026-08-30T10:38:54Z,SETTLED_COMPLETE_DATE,NOT_COMPUTABLE,PASS,PUBLIC_SOURCE_BACKED,Direct CMC historical global-metrics BTC dominance; not TradingView top-125 convention.
2025-09-12,57.4948,CMC_GLOBAL_METRICS_BTC_DOMINANCE,CoinMarketCap,CMC_DIRECT_SOURCE_CONVENTION: Bitcoin market cap / total market cap of cryptoassets tracked by CoinMarketCap * 100,UTC,2025-09-12T00:00:00Z,2026-08-30T10:38:54Z,SETTLED_COMPLETE_DATE,NOT_COMPUTABLE,PASS,PUBLIC_SOURCE_BACKED,Direct CMC historical global-metrics BTC dominance; not TradingView top-125 convention.
2025-09-13,56.8154,CMC_GLOBAL_METRICS_BTC_DOMINANCE,CoinMarketCap,CMC_DIRECT_SOURCE_CONVENTION: Bitcoin market cap / total market cap of cryptoassets tracked by CoinMarketCap * 100,UTC,2025-09-13T00:00:00Z,2026-08-30T10:38:54Z,SETTLED_COMPLETE_DATE,NOT_COMPUTABLE,PASS,PUBLIC_SOURCE_BACKED,Direct CMC historical global-metrics BTC dominance; not TradingView top-125 convention.
2025-09-14,56.7359,CMC_GLOBAL_METRICS_BTC_DOMINANCE,CoinMarketCap,CMC_DIRECT_SOURCE_CONVENTION: Bitcoin market cap / total market cap of cryptoassets tracked by CoinMarketCap * 100,UTC,2025-09-14T00:00:00Z,2026-08-30T10:38:54Z,SETTLED_COMPLETE_DATE,NOT_COMPUTABLE,PASS,PUBLIC_SOURCE_BACKED,Direct CMC historical global-metrics BTC dominance; not TradingView top-125 convention.
2025-09-15,57.0097,CMC_GLOBAL_METRICS_BTC_DOMINANCE,CoinMarketCap,CMC_DIRECT_SOURCE_CONVENTION: Bitcoin market cap / total market cap of cryptoassets tracked by CoinMarketCap * 100,UTC,2025-09-15T00:00:00Z,2026-08-30T10:38:54Z,SETTLED_COMPLETE_DATE,NOT_COMPUTABLE,PASS,PUBLIC_SOURCE_BACKED,Direct CMC historical global-metrics BTC dominance; not TradingView top-125 convention.
2025-09-16,57.3892,CMC_GLOBAL_METRICS_BTC_DOMINANCE,CoinMarketCap,CMC_DIRECT_SOURCE_CONVENTION: Bitcoin market cap / total market cap of cryptoassets tracked by CoinMarketCap * 100,UTC,2025-09-16T00:00:00Z,2026-08-30T10:38:54Z,SETTLED_COMPLETE_DATE,NOT_COMPUTABLE,PASS,PUBLIC_SOURCE_BACKED,Direct CMC historical global-metrics BTC dominance; not TradingView top-125 convention.
2025-09-17,57.5188,CMC_GLOBAL_METRICS_BTC_DOMINANCE,CoinMarketCap,CMC_DIRECT_SOURCE_CONVENTION: Bitcoin market cap / total market cap of cryptoassets tracked by CoinMarketCap * 100,UTC,2025-09-17T00:00:00Z,2026-08-30T10:38:54Z,SETTLED_COMPLETE_DATE,NOT_COMPUTABLE,PASS,PUBLIC_SOURCE_BACKED,Direct CMC historical global-metrics BTC dominance; not TradingView top-125 convention.
2025-09-18,56.9077,CMC_GLOBAL_METRICS_BTC_DOMINANCE,CoinMarketCap,CMC_DIRECT_SOURCE_CONVENTION: Bitcoin market cap / total market cap of cryptoassets tracked by CoinMarketCap * 100,UTC,2025-09-18T00:00:00Z,2026-08-30T10:38:54Z,SETTLED_COMPLETE_DATE,NOT_COMPUTABLE,PASS,PUBLIC_SOURCE_BACKED,Direct CMC historical global-metrics BTC dominance; not TradingView top-125 convention.
2025-09-19,56.9472,CMC_GLOBAL_METRICS_BTC_DOMINANCE,CoinMarketCap,CMC_DIRECT_SOURCE_CONVENTION: Bitcoin market cap / total market cap of cryptoassets tracked by CoinMarketCap * 100,UTC,2025-09-19T00:00:00Z,2026-08-30T10:38:54Z,SETTLED_COMPLETE_DATE,NOT_COMPUTABLE,PASS,PUBLIC_SOURCE_BACKED,Direct CMC historical global-metrics BTC dominance; not TradingView top-125 convention.
2025-09-20,57.2351,CMC_GLOBAL_METRICS_BTC_DOMINANCE,CoinMarketCap,CMC_DIRECT_SOURCE_CONVENTION: Bitcoin market cap / total market cap of cryptoassets tracked by CoinMarketCap * 100,UTC,2025-09-20T00:00:00Z,2026-08-30T10:38:54Z,SETTLED_COMPLETE_DATE,NOT_COMPUTABLE,PASS,PUBLIC_SOURCE_BACKED,Direct CMC historical global-metrics BTC dominance; not TradingView top-125 convention.
2025-09-21,57.0694,CMC_GLOBAL_METRICS_BTC_DOMINANCE,CoinMarketCap,CMC_DIRECT_SOURCE_CONVENTION: Bitcoin market cap / total market cap of cryptoassets tracked by CoinMarketCap * 100,UTC,2025-09-21T00:00:00Z,2026-08-30T10:38:54Z,SETTLED_COMPLETE_DATE,NOT_COMPUTABLE,PASS,PUBLIC_SOURCE_BACKED,Direct CMC historical global-metrics BTC dominance; not TradingView top-125 convention.
2025-09-22,57.1508,CMC_GLOBAL_METRICS_BTC_DOMINANCE,CoinMarketCap,CMC_DIRECT_SOURCE_CONVENTION: Bitcoin market cap / total market cap of cryptoassets tracked by CoinMarketCap * 100,UTC,2025-09-22T00:00:00Z,2026-08-30T10:38:54Z,SETTLED_COMPLETE_DATE,NOT_COMPUTABLE,PASS,PUBLIC_SOURCE_BACKED,Direct CMC historical global-metrics BTC dominance; not TradingView top-125 convention.
2025-09-23,57.7248,CMC_GLOBAL_METRICS_BTC_DOMINANCE,CoinMarketCap,CMC_DIRECT_SOURCE_CONVENTION: Bitcoin market cap / total market cap of cryptoassets tracked by CoinMarketCap * 100,UTC,2025-09-23T00:00:00Z,2026-08-30T10:38:54Z,SETTLED_COMPLETE_DATE,NOT_COMPUTABLE,PASS,PUBLIC_SOURCE_BACKED,Direct CMC historical global-metrics BTC dominance; not TradingView top-125 convention.
2025-09-24,57.719,CMC_GLOBAL_METRICS_BTC_DOMINANCE,CoinMarketCap,CMC_DIRECT_SOURCE_CONVENTION: Bitcoin market cap / total market cap of cryptoassets tracked by CoinMarketCap * 100,UTC,2025-09-24T00:00:00Z,2026-08-30T10:38:54Z,SETTLED_COMPLETE_DATE,NOT_COMPUTABLE,PASS,PUBLIC_SOURCE_BACKED,Direct CMC historical global-metrics BTC dominance; not TradingView top-125 convention.
2025-09-25,57.8942,CMC_GLOBAL_METRICS_BTC_DOMINANCE,CoinMarketCap,CMC_DIRECT_SOURCE_CONVENTION: Bitcoin market cap / total market cap of cryptoassets tracked by CoinMarketCap * 100,UTC,2025-09-25T00:00:00Z,2026-08-30T10:38:54Z,SETTLED_COMPLETE_DATE,NOT_COMPUTABLE,PASS,PUBLIC_SOURCE_BACKED,Direct CMC historical global-metrics BTC dominance; not TradingView top-125 convention.
2025-09-26,58.3411,CMC_GLOBAL_METRICS_BTC_DOMINANCE,CoinMarketCap,CMC_DIRECT_SOURCE_CONVENTION: Bitcoin market cap / total market cap of cryptoassets tracked by CoinMarketCap * 100,UTC,2025-09-26T00:00:00Z,2026-08-30T10:38:54Z,SETTLED_COMPLETE_DATE,NOT_COMPUTABLE,PASS,PUBLIC_SOURCE_BACKED,Direct CMC historical global-metrics BTC dominance; not TradingView top-125 convention.
2025-09-27,57.754,CMC_GLOBAL_METRICS_BTC_DOMINANCE,CoinMarketCap,CMC_DIRECT_SOURCE_CONVENTION: Bitcoin market cap / total market cap of cryptoassets tracked by CoinMarketCap * 100,UTC,2025-09-27T00:00:00Z,2026-08-30T10:38:54Z,SETTLED_COMPLETE_DATE,NOT_COMPUTABLE,PASS,PUBLIC_SOURCE_BACKED,Direct CMC historical global-metrics BTC dominance; not TradingView top-125 convention.
2025-09-28,57.771,CMC_GLOBAL_METRICS_BTC_DOMINANCE,CoinMarketCap,CMC_DIRECT_SOURCE_CONVENTION: Bitcoin market cap / total market cap of cryptoassets tracked by CoinMarketCap * 100,UTC,2025-09-28T00:00:00Z,2026-08-30T10:38:54Z,SETTLED_COMPLETE_DATE,NOT_COMPUTABLE,PASS,PUBLIC_SOURCE_BACKED,Direct CMC historical global-metrics BTC dominance; not TradingView top-125 convention.
2025-09-29,57.7738,CMC_GLOBAL_METRICS_BTC_DOMINANCE,CoinMarketCap,CMC_DIRECT_SOURCE_CONVENTION: Bitcoin market cap / total market cap of cryptoassets tracked by CoinMarketCap * 100,UTC,2025-09-29T00:00:00Z,2026-08-30T10:38:54Z,SETTLED_COMPLETE_DATE,NOT_COMPUTABLE,PASS,PUBLIC_SOURCE_BACKED,Direct CMC historical global-metrics BTC dominance; not TradingView top-125 convention.
2025-09-30,58.0413,CMC_GLOBAL_METRICS_BTC_DOMINANCE,CoinMarketCap,CMC_DIRECT_SOURCE_CONVENTION: Bitcoin market cap / total market cap of cryptoassets tracked by CoinMarketCap * 100,UTC,2025-09-30T00:00:00Z,2026-08-30T10:38:54Z,SETTLED_COMPLETE_DATE,NOT_COMPUTABLE,PASS,PUBLIC_SOURCE_BACKED,Direct CMC historical global-metrics BTC dominance; not TradingView top-125 convention.
2025-10-01,58.2793,CMC_GLOBAL_METRICS_BTC_DOMINANCE,CoinMarketCap,CMC_DIRECT_SOURCE_CONVENTION: Bitcoin market cap / total market cap of cryptoassets tracked by CoinMarketCap * 100,UTC,2025-10-01T00:00:00Z,2026-08-30T10:38:54Z,SETTLED_COMPLETE_DATE,NOT_COMPUTABLE,PASS,PUBLIC_SOURCE_BACKED,Direct CMC historical global-metrics BTC dominance; not TradingView top-125 convention.
2025-10-02,58.313,CMC_GLOBAL_METRICS_BTC_DOMINANCE,CoinMarketCap,CMC_DIRECT_SOURCE_CONVENTION: Bitcoin market cap / total market cap of cryptoassets tracked by CoinMarketCap * 100,UTC,2025-10-02T00:00:00Z,2026-08-30T10:38:54Z,SETTLED_COMPLETE_DATE,NOT_COMPUTABLE,PASS,PUBLIC_SOURCE_BACKED,Direct CMC historical global-metrics BTC dominance; not TradingView top-125 convention.
2025-10-03,57.9579,CMC_GLOBAL_METRICS_BTC_DOMINANCE,CoinMarketCap,CMC_DIRECT_SOURCE_CONVENTION: Bitcoin market cap / total market cap of cryptoassets tracked by CoinMarketCap * 100,UTC,2025-10-03T00:00:00Z,2026-08-30T10:38:54Z,SETTLED_COMPLETE_DATE,NOT_COMPUTABLE,PASS,PUBLIC_SOURCE_BACKED,Direct CMC historical global-metrics BTC dominance; not TradingView top-125 convention.
2025-10-04,58.0396,CMC_GLOBAL_METRICS_BTC_DOMINANCE,CoinMarketCap,CMC_DIRECT_SOURCE_CONVENTION: Bitcoin market cap / total market cap of cryptoassets tracked by CoinMarketCap * 100,UTC,2025-10-04T00:00:00Z,2026-08-30T10:38:54Z,SETTLED_COMPLETE_DATE,NOT_COMPUTABLE,PASS,PUBLIC_SOURCE_BACKED,Direct CMC historical global-metrics BTC dominance; not TradingView top-125 convention.
2025-10-05,58.4075,CMC_GLOBAL_METRICS_BTC_DOMINANCE,CoinMarketCap,CMC_DIRECT_SOURCE_CONVENTION: Bitcoin market cap / total market cap of cryptoassets tracked by CoinMarketCap * 100,UTC,2025-10-05T00:00:00Z,2026-08-30T10:38:54Z,SETTLED_COMPLETE_DATE,NOT_COMPUTABLE,PASS,PUBLIC_SOURCE_BACKED,Direct CMC historical global-metrics BTC dominance; not TradingView top-125 convention.
2025-10-06,58.5459,CMC_GLOBAL_METRICS_BTC_DOMINANCE,CoinMarketCap,CMC_DIRECT_SOURCE_CONVENTION: Bitcoin market cap / total market cap of cryptoassets tracked by CoinMarketCap * 100,UTC,2025-10-06T00:00:00Z,2026-08-30T10:38:54Z,SETTLED_COMPLETE_DATE,NOT_COMPUTABLE,PASS,PUBLIC_SOURCE_BACKED,Direct CMC historical global-metrics BTC dominance; not TradingView top-125 convention.
2025-10-07,58.1387,CMC_GLOBAL_METRICS_BTC_DOMINANCE,CoinMarketCap,CMC_DIRECT_SOURCE_CONVENTION: Bitcoin market cap / total market cap of cryptoassets tracked by CoinMarketCap * 100,UTC,2025-10-07T00:00:00Z,2026-08-30T10:38:54Z,SETTLED_COMPLETE_DATE,NOT_COMPUTABLE,PASS,PUBLIC_SOURCE_BACKED,Direct CMC historical global-metrics BTC dominance; not TradingView top-125 convention.
2025-10-08,58.225,CMC_GLOBAL_METRICS_BTC_DOMINANCE,CoinMarketCap,CMC_DIRECT_SOURCE_CONVENTION: Bitcoin market cap / total market cap of cryptoassets tracked by CoinMarketCap * 100,UTC,2025-10-08T00:00:00Z,2026-08-30T10:38:54Z,SETTLED_COMPLETE_DATE,NOT_COMPUTABLE,PASS,PUBLIC_SOURCE_BACKED,Direct CMC historical global-metrics BTC dominance; not TradingView top-125 convention.
2025-10-09,58.2586,CMC_GLOBAL_METRICS_BTC_DOMINANCE,CoinMarketCap,CMC_DIRECT_SOURCE_CONVENTION: Bitcoin market cap / total market cap of cryptoassets tracked by CoinMarketCap * 100,UTC,2025-10-09T00:00:00Z,2026-08-30T10:38:54Z,SETTLED_COMPLETE_DATE,NOT_COMPUTABLE,PASS,PUBLIC_SOURCE_BACKED,Direct CMC historical global-metrics BTC dominance; not TradingView top-125 convention.
2025-10-10,58.5943,CMC_GLOBAL_METRICS_BTC_DOMINANCE,CoinMarketCap,CMC_DIRECT_SOURCE_CONVENTION: Bitcoin market cap / total market cap of cryptoassets tracked by CoinMarketCap * 100,UTC,2025-10-10T00:00:00Z,2026-08-30T10:38:54Z,SETTLED_COMPLETE_DATE,NOT_COMPUTABLE,PASS,PUBLIC_SOURCE_BACKED,Direct CMC historical global-metrics BTC dominance; not TradingView top-125 convention.
2025-10-11,60.1327,CMC_GLOBAL_METRICS_BTC_DOMINANCE,CoinMarketCap,CMC_DIRECT_SOURCE_CONVENTION: Bitcoin market cap / total market cap of cryptoassets tracked by CoinMarketCap * 100,UTC,2025-10-11T00:00:00Z,2026-08-30T10:38:54Z,SETTLED_COMPLETE_DATE,NOT_COMPUTABLE,PASS,PUBLIC_SOURCE_BACKED,Direct CMC historical global-metrics BTC dominance; not TradingView top-125 convention.
2025-10-12,59.8352,CMC_GLOBAL_METRICS_BTC_DOMINANCE,CoinMarketCap,CMC_DIRECT_SOURCE_CONVENTION: Bitcoin market cap / total market cap of cryptoassets tracked by CoinMarketCap * 100,UTC,2025-10-12T00:00:00Z,2026-08-30T10:38:54Z,SETTLED_COMPLETE_DATE,NOT_COMPUTABLE,PASS,PUBLIC_SOURCE_BACKED,Direct CMC historical global-metrics BTC dominance; not TradingView top-125 convention.
2025-10-13,58.8017,CMC_GLOBAL_METRICS_BTC_DOMINANCE,CoinMarketCap,CMC_DIRECT_SOURCE_CONVENTION: Bitcoin market cap / total market cap of cryptoassets tracked by CoinMarketCap * 100,UTC,2025-10-13T00:00:00Z,2026-08-30T10:38:54Z,SETTLED_COMPLETE_DATE,NOT_COMPUTABLE,PASS,PUBLIC_SOURCE_BACKED,Direct CMC historical global-metrics BTC dominance; not TradingView top-125 convention.
2025-10-14,58.3302,CMC_GLOBAL_METRICS_BTC_DOMINANCE,CoinMarketCap,CMC_DIRECT_SOURCE_CONVENTION: Bitcoin market cap / total market cap of cryptoassets tracked by CoinMarketCap * 100,UTC,2025-10-14T00:00:00Z,2026-08-30T10:38:54Z,SETTLED_COMPLETE_DATE,NOT_COMPUTABLE,PASS,PUBLIC_SOURCE_BACKED,Direct CMC historical global-metrics BTC dominance; not TradingView top-125 convention.
2025-10-15,58.5948,CMC_GLOBAL_METRICS_BTC_DOMINANCE,CoinMarketCap,CMC_DIRECT_SOURCE_CONVENTION: Bitcoin market cap / total market cap of cryptoassets tracked by CoinMarketCap * 100,UTC,2025-10-15T00:00:00Z,2026-08-30T10:38:54Z,SETTLED_COMPLETE_DATE,NOT_COMPUTABLE,PASS,PUBLIC_SOURCE_BACKED,Direct CMC historical global-metrics BTC dominance; not TradingView top-125 convention.
2025-10-16,58.8506,CMC_GLOBAL_METRICS_BTC_DOMINANCE,CoinMarketCap,CMC_DIRECT_SOURCE_CONVENTION: Bitcoin market cap / total market cap of cryptoassets tracked by CoinMarketCap * 100,UTC,2025-10-16T00:00:00Z,2026-08-30T10:38:54Z,SETTLED_COMPLETE_DATE,NOT_COMPUTABLE,PASS,PUBLIC_SOURCE_BACKED,Direct CMC historical global-metrics BTC dominance; not TradingView top-125 convention.
2025-10-17,58.8603,CMC_GLOBAL_METRICS_BTC_DOMINANCE,CoinMarketCap,CMC_DIRECT_SOURCE_CONVENTION: Bitcoin market cap / total market cap of cryptoassets tracked by CoinMarketCap * 100,UTC,2025-10-17T00:00:00Z,2026-08-30T10:38:54Z,SETTLED_COMPLETE_DATE,NOT_COMPUTABLE,PASS,PUBLIC_SOURCE_BACKED,Direct CMC historical global-metrics BTC dominance; not TradingView top-125 convention.
2025-10-18,58.9681,CMC_GLOBAL_METRICS_BTC_DOMINANCE,CoinMarketCap,CMC_DIRECT_SOURCE_CONVENTION: Bitcoin market cap / total market cap of cryptoassets tracked by CoinMarketCap * 100,UTC,2025-10-18T00:00:00Z,2026-08-30T10:38:54Z,SETTLED_COMPLETE_DATE,NOT_COMPUTABLE,PASS,PUBLIC_SOURCE_BACKED,Direct CMC historical global-metrics BTC dominance; not TradingView top-125 convention.
2025-10-19,58.7614,CMC_GLOBAL_METRICS_BTC_DOMINANCE,CoinMarketCap,CMC_DIRECT_SOURCE_CONVENTION: Bitcoin market cap / total market cap of cryptoassets tracked by CoinMarketCap * 100,UTC,2025-10-19T00:00:00Z,2026-08-30T10:38:54Z,SETTLED_COMPLETE_DATE,NOT_COMPUTABLE,PASS,PUBLIC_SOURCE_BACKED,Direct CMC historical global-metrics BTC dominance; not TradingView top-125 convention.
2025-10-20,58.8992,CMC_GLOBAL_METRICS_BTC_DOMINANCE,CoinMarketCap,CMC_DIRECT_SOURCE_CONVENTION: Bitcoin market cap / total market cap of cryptoassets tracked by CoinMarketCap * 100,UTC,2025-10-20T00:00:00Z,2026-08-30T10:38:54Z,SETTLED_COMPLETE_DATE,NOT_COMPUTABLE,PASS,PUBLIC_SOURCE_BACKED,Direct CMC historical global-metrics BTC dominance; not TradingView top-125 convention.
2025-10-21,58.9732,CMC_GLOBAL_METRICS_BTC_DOMINANCE,CoinMarketCap,CMC_DIRECT_SOURCE_CONVENTION: Bitcoin market cap / total market cap of cryptoassets tracked by CoinMarketCap * 100,UTC,2025-10-21T00:00:00Z,2026-08-30T10:38:54Z,SETTLED_COMPLETE_DATE,NOT_COMPUTABLE,PASS,PUBLIC_SOURCE_BACKED,Direct CMC historical global-metrics BTC dominance; not TradingView top-125 convention.
2025-10-22,59.0672,CMC_GLOBAL_METRICS_BTC_DOMINANCE,CoinMarketCap,CMC_DIRECT_SOURCE_CONVENTION: Bitcoin market cap / total market cap of cryptoassets tracked by CoinMarketCap * 100,UTC,2025-10-22T00:00:00Z,2026-08-30T10:38:54Z,SETTLED_COMPLETE_DATE,NOT_COMPUTABLE,PASS,PUBLIC_SOURCE_BACKED,Direct CMC historical global-metrics BTC dominance; not TradingView top-125 convention.
2025-10-23,59.2247,CMC_GLOBAL_METRICS_BTC_DOMINANCE,CoinMarketCap,CMC_DIRECT_SOURCE_CONVENTION: Bitcoin market cap / total market cap of cryptoassets tracked by CoinMarketCap * 100,UTC,2025-10-23T00:00:00Z,2026-08-30T10:38:54Z,SETTLED_COMPLETE_DATE,NOT_COMPUTABLE,PASS,PUBLIC_SOURCE_BACKED,Direct CMC historical global-metrics BTC dominance; not TradingView top-125 convention.
2025-10-24,59.268,CMC_GLOBAL_METRICS_BTC_DOMINANCE,CoinMarketCap,CMC_DIRECT_SOURCE_CONVENTION: Bitcoin market cap / total market cap of cryptoassets tracked by CoinMarketCap * 100,UTC,2025-10-24T00:00:00Z,2026-08-30T10:38:54Z,SETTLED_COMPLETE_DATE,NOT_COMPUTABLE,PASS,PUBLIC_SOURCE_BACKED,Direct CMC historical global-metrics BTC dominance; not TradingView top-125 convention.
2025-10-25,59.1298,CMC_GLOBAL_METRICS_BTC_DOMINANCE,CoinMarketCap,CMC_DIRECT_SOURCE_CONVENTION: Bitcoin market cap / total market cap of cryptoassets tracked by CoinMarketCap * 100,UTC,2025-10-25T00:00:00Z,2026-08-30T10:38:54Z,SETTLED_COMPLETE_DATE,NOT_COMPUTABLE,PASS,PUBLIC_SOURCE_BACKED,Direct CMC historical global-metrics BTC dominance; not TradingView top-125 convention.
2025-10-26,59.086,CMC_GLOBAL_METRICS_BTC_DOMINANCE,CoinMarketCap,CMC_DIRECT_SOURCE_CONVENTION: Bitcoin market cap / total market cap of cryptoassets tracked by CoinMarketCap * 100,UTC,2025-10-26T00:00:00Z,2026-08-30T10:38:54Z,SETTLED_COMPLETE_DATE,NOT_COMPUTABLE,PASS,PUBLIC_SOURCE_BACKED,Direct CMC historical global-metrics BTC dominance; not TradingView top-125 convention.
2025-10-27,58.9506,CMC_GLOBAL_METRICS_BTC_DOMINANCE,CoinMarketCap,CMC_DIRECT_SOURCE_CONVENTION: Bitcoin market cap / total market cap of cryptoassets tracked by CoinMarketCap * 100,UTC,2025-10-27T00:00:00Z,2026-08-30T10:38:54Z,SETTLED_COMPLETE_DATE,NOT_COMPUTABLE,PASS,PUBLIC_SOURCE_BACKED,Direct CMC historical global-metrics BTC dominance; not TradingView top-125 convention.
2025-10-28,59.0789,CMC_GLOBAL_METRICS_BTC_DOMINANCE,CoinMarketCap,CMC_DIRECT_SOURCE_CONVENTION: Bitcoin market cap / total market cap of cryptoassets tracked by CoinMarketCap * 100,UTC,2025-10-28T00:00:00Z,2026-08-30T10:38:54Z,SETTLED_COMPLETE_DATE,NOT_COMPUTABLE,PASS,PUBLIC_SOURCE_BACKED,Direct CMC historical global-metrics BTC dominance; not TradingView top-125 convention.
2025-10-29,59.3306,CMC_GLOBAL_METRICS_BTC_DOMINANCE,CoinMarketCap,CMC_DIRECT_SOURCE_CONVENTION: Bitcoin market cap / total market cap of cryptoassets tracked by CoinMarketCap * 100,UTC,2025-10-29T00:00:00Z,2026-08-30T10:38:54Z,SETTLED_COMPLETE_DATE,NOT_COMPUTABLE,PASS,PUBLIC_SOURCE_BACKED,Direct CMC historical global-metrics BTC dominance; not TradingView top-125 convention.
2025-10-30,58.8832,CMC_GLOBAL_METRICS_BTC_DOMINANCE,CoinMarketCap,CMC_DIRECT_SOURCE_CONVENTION: Bitcoin market cap / total market cap of cryptoassets tracked by CoinMarketCap * 100,UTC,2025-10-30T00:00:00Z,2026-08-30T10:38:54Z,SETTLED_COMPLETE_DATE,NOT_COMPUTABLE,PASS,PUBLIC_SOURCE_BACKED,Direct CMC historical global-metrics BTC dominance; not TradingView top-125 convention.
2025-10-31,59.2555,CMC_GLOBAL_METRICS_BTC_DOMINANCE,CoinMarketCap,CMC_DIRECT_SOURCE_CONVENTION: Bitcoin market cap / total market cap of cryptoassets tracked by CoinMarketCap * 100,UTC,2025-10-31T00:00:00Z,2026-08-30T10:38:54Z,SETTLED_COMPLETE_DATE,NOT_COMPUTABLE,PASS,PUBLIC_SOURCE_BACKED,Direct CMC historical global-metrics BTC dominance; not TradingView top-125 convention.
2025-11-01,59.2483,CMC_GLOBAL_METRICS_BTC_DOMINANCE,CoinMarketCap,CMC_DIRECT_SOURCE_CONVENTION: Bitcoin market cap / total market cap of cryptoassets tracked by CoinMarketCap * 100,UTC,2025-11-01T00:00:00Z,2026-08-30T10:38:54Z,SETTLED_COMPLETE_DATE,NOT_COMPUTABLE,PASS,PUBLIC_SOURCE_BACKED,Direct CMC historical global-metrics BTC dominance; not TradingView top-125 convention.
2025-11-02,59.2036,CMC_GLOBAL_METRICS_BTC_DOMINANCE,CoinMarketCap,CMC_DIRECT_SOURCE_CONVENTION: Bitcoin market cap / total market cap of cryptoassets tracked by CoinMarketCap * 100,UTC,2025-11-02T00:00:00Z,2026-08-30T10:38:54Z,SETTLED_COMPLETE_DATE,NOT_COMPUTABLE,PASS,PUBLIC_SOURCE_BACKED,Direct CMC historical global-metrics BTC dominance; not TradingView top-125 convention.
2025-11-03,59.2448,CMC_GLOBAL_METRICS_BTC_DOMINANCE,CoinMarketCap,CMC_DIRECT_SOURCE_CONVENTION: Bitcoin market cap / total market cap of cryptoassets tracked by CoinMarketCap * 100,UTC,2025-11-03T00:00:00Z,2026-08-30T10:38:54Z,SETTLED_COMPLETE_DATE,NOT_COMPUTABLE,PASS,PUBLIC_SOURCE_BACKED,Direct CMC historical global-metrics BTC dominance; not TradingView top-125 convention.
2025-11-04,60.1276,CMC_GLOBAL_METRICS_BTC_DOMINANCE,CoinMarketCap,CMC_DIRECT_SOURCE_CONVENTION: Bitcoin market cap / total market cap of cryptoassets tracked by CoinMarketCap * 100,UTC,2025-11-04T00:00:00Z,2026-08-30T10:38:54Z,SETTLED_COMPLETE_DATE,NOT_COMPUTABLE,PASS,PUBLIC_SOURCE_BACKED,Direct CMC historical global-metrics BTC dominance; not TradingView top-125 convention.
2025-11-05,60.1201,CMC_GLOBAL_METRICS_BTC_DOMINANCE,CoinMarketCap,CMC_DIRECT_SOURCE_CONVENTION: Bitcoin market cap / total market cap of cryptoassets tracked by CoinMarketCap * 100,UTC,2025-11-05T00:00:00Z,2026-08-30T10:38:54Z,SETTLED_COMPLETE_DATE,NOT_COMPUTABLE,PASS,PUBLIC_SOURCE_BACKED,Direct CMC historical global-metrics BTC dominance; not TradingView top-125 convention.
2025-11-06,59.907,CMC_GLOBAL_METRICS_BTC_DOMINANCE,CoinMarketCap,CMC_DIRECT_SOURCE_CONVENTION: Bitcoin market cap / total market cap of cryptoassets tracked by CoinMarketCap * 100,UTC,2025-11-06T00:00:00Z,2026-08-30T10:38:54Z,SETTLED_COMPLETE_DATE,NOT_COMPUTABLE,PASS,PUBLIC_SOURCE_BACKED,Direct CMC historical global-metrics BTC dominance; not TradingView top-125 convention.
2025-11-07,59.9145,CMC_GLOBAL_METRICS_BTC_DOMINANCE,CoinMarketCap,CMC_DIRECT_SOURCE_CONVENTION: Bitcoin market cap / total market cap of cryptoassets tracked by CoinMarketCap * 100,UTC,2025-11-07T00:00:00Z,2026-08-30T10:38:54Z,SETTLED_COMPLETE_DATE,NOT_COMPUTABLE,PASS,PUBLIC_SOURCE_BACKED,Direct CMC historical global-metrics BTC dominance; not TradingView top-125 convention.
2025-11-08,59.2964,CMC_GLOBAL_METRICS_BTC_DOMINANCE,CoinMarketCap,CMC_DIRECT_SOURCE_CONVENTION: Bitcoin market cap / total market cap of cryptoassets tracked by CoinMarketCap * 100,UTC,2025-11-08T00:00:00Z,2026-08-30T10:38:54Z,SETTLED_COMPLETE_DATE,NOT_COMPUTABLE,PASS,PUBLIC_SOURCE_BACKED,Direct CMC historical global-metrics BTC dominance; not TradingView top-125 convention.
2025-11-09,59.2883,CMC_GLOBAL_METRICS_BTC_DOMINANCE,CoinMarketCap,CMC_DIRECT_SOURCE_CONVENTION: Bitcoin market cap / total market cap of cryptoassets tracked by CoinMarketCap * 100,UTC,2025-11-09T00:00:00Z,2026-08-30T10:38:54Z,SETTLED_COMPLETE_DATE,NOT_COMPUTABLE,PASS,PUBLIC_SOURCE_BACKED,Direct CMC historical global-metrics BTC dominance; not TradingView top-125 convention.
2025-11-10,59.2195,CMC_GLOBAL_METRICS_BTC_DOMINANCE,CoinMarketCap,CMC_DIRECT_SOURCE_CONVENTION: Bitcoin market cap / total market cap of cryptoassets tracked by CoinMarketCap * 100,UTC,2025-11-10T00:00:00Z,2026-08-30T10:38:54Z,SETTLED_COMPLETE_DATE,NOT_COMPUTABLE,PASS,PUBLIC_SOURCE_BACKED,Direct CMC historical global-metrics BTC dominance; not TradingView top-125 convention.
2025-11-11,59.2666,CMC_GLOBAL_METRICS_BTC_DOMINANCE,CoinMarketCap,CMC_DIRECT_SOURCE_CONVENTION: Bitcoin market cap / total market cap of cryptoassets tracked by CoinMarketCap * 100,UTC,2025-11-11T00:00:00Z,2026-08-30T10:38:54Z,SETTLED_COMPLETE_DATE,NOT_COMPUTABLE,PASS,PUBLIC_SOURCE_BACKED,Direct CMC historical global-metrics BTC dominance; not TradingView top-125 convention.
2025-11-12,59.491,CMC_GLOBAL_METRICS_BTC_DOMINANCE,CoinMarketCap,CMC_DIRECT_SOURCE_CONVENTION: Bitcoin market cap / total market cap of cryptoassets tracked by CoinMarketCap * 100,UTC,2025-11-12T00:00:00Z,2026-08-30T10:38:54Z,SETTLED_COMPLETE_DATE,NOT_COMPUTABLE,PASS,PUBLIC_SOURCE_BACKED,Direct CMC historical global-metrics BTC dominance; not TradingView top-125 convention.
2025-11-13,59.24,CMC_GLOBAL_METRICS_BTC_DOMINANCE,CoinMarketCap,CMC_DIRECT_SOURCE_CONVENTION: Bitcoin market cap / total market cap of cryptoassets tracked by CoinMarketCap * 100,UTC,2025-11-13T00:00:00Z,2026-08-30T10:38:54Z,SETTLED_COMPLETE_DATE,NOT_COMPUTABLE,PASS,PUBLIC_SOURCE_BACKED,Direct CMC historical global-metrics BTC dominance; not TradingView top-125 convention.
2025-11-14,59.4296,CMC_GLOBAL_METRICS_BTC_DOMINANCE,CoinMarketCap,CMC_DIRECT_SOURCE_CONVENTION: Bitcoin market cap / total market cap of cryptoassets tracked by CoinMarketCap * 100,UTC,2025-11-14T00:00:00Z,2026-08-30T10:38:54Z,SETTLED_COMPLETE_DATE,NOT_COMPUTABLE,PASS,PUBLIC_SOURCE_BACKED,Direct CMC historical global-metrics BTC dominance; not TradingView top-125 convention.
2025-11-15,58.8293,CMC_GLOBAL_METRICS_BTC_DOMINANCE,CoinMarketCap,CMC_DIRECT_SOURCE_CONVENTION: Bitcoin market cap / total market cap of cryptoassets tracked by CoinMarketCap * 100,UTC,2025-11-15T00:00:00Z,2026-08-30T10:38:54Z,SETTLED_COMPLETE_DATE,NOT_COMPUTABLE,PASS,PUBLIC_SOURCE_BACKED,Direct CMC historical global-metrics BTC dominance; not TradingView top-125 convention.
2025-11-16,58.7952,CMC_GLOBAL_METRICS_BTC_DOMINANCE,CoinMarketCap,CMC_DIRECT_SOURCE_CONVENTION: Bitcoin market cap / total market cap of cryptoassets tracked by CoinMarketCap * 100,UTC,2025-11-16T00:00:00Z,2026-08-30T10:38:54Z,SETTLED_COMPLETE_DATE,NOT_COMPUTABLE,PASS,PUBLIC_SOURCE_BACKED,Direct CMC historical global-metrics BTC dominance; not TradingView top-125 convention.
2025-11-17,58.8049,CMC_GLOBAL_METRICS_BTC_DOMINANCE,CoinMarketCap,CMC_DIRECT_SOURCE_CONVENTION: Bitcoin market cap / total market cap of cryptoassets tracked by CoinMarketCap * 100,UTC,2025-11-17T00:00:00Z,2026-08-30T10:38:54Z,SETTLED_COMPLETE_DATE,NOT_COMPUTABLE,PASS,PUBLIC_SOURCE_BACKED,Direct CMC historical global-metrics BTC dominance; not TradingView top-125 convention.
2025-11-18,58.7592,CMC_GLOBAL_METRICS_BTC_DOMINANCE,CoinMarketCap,CMC_DIRECT_SOURCE_CONVENTION: Bitcoin market cap / total market cap of cryptoassets tracked by CoinMarketCap * 100,UTC,2025-11-18T00:00:00Z,2026-08-30T10:38:54Z,SETTLED_COMPLETE_DATE,NOT_COMPUTABLE,PASS,PUBLIC_SOURCE_BACKED,Direct CMC historical global-metrics BTC dominance; not TradingView top-125 convention.
2025-11-19,58.3588,CMC_GLOBAL_METRICS_BTC_DOMINANCE,CoinMarketCap,CMC_DIRECT_SOURCE_CONVENTION: Bitcoin market cap / total market cap of cryptoassets tracked by CoinMarketCap * 100,UTC,2025-11-19T00:00:00Z,2026-08-30T10:38:54Z,SETTLED_COMPLETE_DATE,NOT_COMPUTABLE,PASS,PUBLIC_SOURCE_BACKED,Direct CMC historical global-metrics BTC dominance; not TradingView top-125 convention.
2025-11-20,58.611,CMC_GLOBAL_METRICS_BTC_DOMINANCE,CoinMarketCap,CMC_DIRECT_SOURCE_CONVENTION: Bitcoin market cap / total market cap of cryptoassets tracked by CoinMarketCap * 100,UTC,2025-11-20T00:00:00Z,2026-08-30T10:38:54Z,SETTLED_COMPLETE_DATE,NOT_COMPUTABLE,PASS,PUBLIC_SOURCE_BACKED,Direct CMC historical global-metrics BTC dominance; not TradingView top-125 convention.
2025-11-21,58.2184,CMC_GLOBAL_METRICS_BTC_DOMINANCE,CoinMarketCap,CMC_DIRECT_SOURCE_CONVENTION: Bitcoin market cap / total market cap of cryptoassets tracked by CoinMarketCap * 100,UTC,2025-11-21T00:00:00Z,2026-08-30T10:38:54Z,SETTLED_COMPLETE_DATE,NOT_COMPUTABLE,PASS,PUBLIC_SOURCE_BACKED,Direct CMC historical global-metrics BTC dominance; not TradingView top-125 convention.
2025-11-22,58.4373,CMC_GLOBAL_METRICS_BTC_DOMINANCE,CoinMarketCap,CMC_DIRECT_SOURCE_CONVENTION: Bitcoin market cap / total market cap of cryptoassets tracked by CoinMarketCap * 100,UTC,2025-11-22T00:00:00Z,2026-08-30T10:38:54Z,SETTLED_COMPLETE_DATE,NOT_COMPUTABLE,PASS,PUBLIC_SOURCE_BACKED,Direct CMC historical global-metrics BTC dominance; not TradingView top-125 convention.
2025-11-23,58.3639,CMC_GLOBAL_METRICS_BTC_DOMINANCE,CoinMarketCap,CMC_DIRECT_SOURCE_CONVENTION: Bitcoin market cap / total market cap of cryptoassets tracked by CoinMarketCap * 100,UTC,2025-11-23T00:00:00Z,2026-08-30T10:38:54Z,SETTLED_COMPLETE_DATE,NOT_COMPUTABLE,PASS,PUBLIC_SOURCE_BACKED,Direct CMC historical global-metrics BTC dominance; not TradingView top-125 convention.
2025-11-24,58.6059,CMC_GLOBAL_METRICS_BTC_DOMINANCE,CoinMarketCap,CMC_DIRECT_SOURCE_CONVENTION: Bitcoin market cap / total market cap of cryptoassets tracked by CoinMarketCap * 100,UTC,2025-11-24T00:00:00Z,2026-08-30T10:38:54Z,SETTLED_COMPLETE_DATE,NOT_COMPUTABLE,PASS,PUBLIC_SOURCE_BACKED,Direct CMC historical global-metrics BTC dominance; not TradingView top-125 convention.
2025-11-25,58.1036,CMC_GLOBAL_METRICS_BTC_DOMINANCE,CoinMarketCap,CMC_DIRECT_SOURCE_CONVENTION: Bitcoin market cap / total market cap of cryptoassets tracked by CoinMarketCap * 100,UTC,2025-11-25T00:00:00Z,2026-08-30T10:38:54Z,SETTLED_COMPLETE_DATE,NOT_COMPUTABLE,PASS,PUBLIC_SOURCE_BACKED,Direct CMC historical global-metrics BTC dominance; not TradingView top-125 convention.
2025-11-26,57.8378,CMC_GLOBAL_METRICS_BTC_DOMINANCE,CoinMarketCap,CMC_DIRECT_SOURCE_CONVENTION: Bitcoin market cap / total market cap of cryptoassets tracked by CoinMarketCap * 100,UTC,2025-11-26T00:00:00Z,2026-08-30T10:38:54Z,SETTLED_COMPLETE_DATE,NOT_COMPUTABLE,PASS,PUBLIC_SOURCE_BACKED,Direct CMC historical global-metrics BTC dominance; not TradingView top-125 convention.
2025-11-27,58.2653,CMC_GLOBAL_METRICS_BTC_DOMINANCE,CoinMarketCap,CMC_DIRECT_SOURCE_CONVENTION: Bitcoin market cap / total market cap of cryptoassets tracked by CoinMarketCap * 100,UTC,2025-11-27T00:00:00Z,2026-08-30T10:38:54Z,SETTLED_COMPLETE_DATE,NOT_COMPUTABLE,PASS,PUBLIC_SOURCE_BACKED,Direct CMC historical global-metrics BTC dominance; not TradingView top-125 convention.
2025-11-28,58.5707,CMC_GLOBAL_METRICS_BTC_DOMINANCE,CoinMarketCap,CMC_DIRECT_SOURCE_CONVENTION: Bitcoin market cap / total market cap of cryptoassets tracked by CoinMarketCap * 100,UTC,2025-11-28T00:00:00Z,2026-08-30T10:38:54Z,SETTLED_COMPLETE_DATE,NOT_COMPUTABLE,PASS,PUBLIC_SOURCE_BACKED,Direct CMC historical global-metrics BTC dominance; not TradingView top-125 convention.
2025-11-29,58.5733,CMC_GLOBAL_METRICS_BTC_DOMINANCE,CoinMarketCap,CMC_DIRECT_SOURCE_CONVENTION: Bitcoin market cap / total market cap of cryptoassets tracked by CoinMarketCap * 100,UTC,2025-11-29T00:00:00Z,2026-08-30T10:38:54Z,SETTLED_COMPLETE_DATE,NOT_COMPUTABLE,PASS,PUBLIC_SOURCE_BACKED,Direct CMC historical global-metrics BTC dominance; not TradingView top-125 convention.
2025-11-30,58.7277,CMC_GLOBAL_METRICS_BTC_DOMINANCE,CoinMarketCap,CMC_DIRECT_SOURCE_CONVENTION: Bitcoin market cap / total market cap of cryptoassets tracked by CoinMarketCap * 100,UTC,2025-11-30T00:00:00Z,2026-08-30T10:38:54Z,SETTLED_COMPLETE_DATE,NOT_COMPUTABLE,PASS,PUBLIC_SOURCE_BACKED,Direct CMC historical global-metrics BTC dominance; not TradingView top-125 convention.
2025-12-01,58.7201,CMC_GLOBAL_METRICS_BTC_DOMINANCE,CoinMarketCap,CMC_DIRECT_SOURCE_CONVENTION: Bitcoin market cap / total market cap of cryptoassets tracked by CoinMarketCap * 100,UTC,2025-12-01T00:00:00Z,2026-08-30T10:38:54Z,SETTLED_COMPLETE_DATE,NOT_COMPUTABLE,PASS,PUBLIC_SOURCE_BACKED,Direct CMC historical global-metrics BTC dominance; not TradingView top-125 convention.
2025-12-02,58.7584,CMC_GLOBAL_METRICS_BTC_DOMINANCE,CoinMarketCap,CMC_DIRECT_SOURCE_CONVENTION: Bitcoin market cap / total market cap of cryptoassets tracked by CoinMarketCap * 100,UTC,2025-12-02T00:00:00Z,2026-08-30T10:38:54Z,SETTLED_COMPLETE_DATE,NOT_COMPUTABLE,PASS,PUBLIC_SOURCE_BACKED,Direct CMC historical global-metrics BTC dominance; not TradingView top-125 convention.
2025-12-03,58.9377,CMC_GLOBAL_METRICS_BTC_DOMINANCE,CoinMarketCap,CMC_DIRECT_SOURCE_CONVENTION: Bitcoin market cap / total market cap of cryptoassets tracked by CoinMarketCap * 100,UTC,2025-12-03T00:00:00Z,2026-08-30T10:38:54Z,SETTLED_COMPLETE_DATE,NOT_COMPUTABLE,PASS,PUBLIC_SOURCE_BACKED,Direct CMC historical global-metrics BTC dominance; not TradingView top-125 convention.
2025-12-04,58.6235,CMC_GLOBAL_METRICS_BTC_DOMINANCE,CoinMarketCap,CMC_DIRECT_SOURCE_CONVENTION: Bitcoin market cap / total market cap of cryptoassets tracked by CoinMarketCap * 100,UTC,2025-12-04T00:00:00Z,2026-08-30T10:38:54Z,SETTLED_COMPLETE_DATE,NOT_COMPUTABLE,PASS,PUBLIC_SOURCE_BACKED,Direct CMC historical global-metrics BTC dominance; not TradingView top-125 convention.
2025-12-05,58.7347,CMC_GLOBAL_METRICS_BTC_DOMINANCE,CoinMarketCap,CMC_DIRECT_SOURCE_CONVENTION: Bitcoin market cap / total market cap of cryptoassets tracked by CoinMarketCap * 100,UTC,2025-12-05T00:00:00Z,2026-08-30T10:38:54Z,SETTLED_COMPLETE_DATE,NOT_COMPUTABLE,PASS,PUBLIC_SOURCE_BACKED,Direct CMC historical global-metrics BTC dominance; not TradingView top-125 convention.
2025-12-06,58.6388,CMC_GLOBAL_METRICS_BTC_DOMINANCE,CoinMarketCap,CMC_DIRECT_SOURCE_CONVENTION: Bitcoin market cap / total market cap of cryptoassets tracked by CoinMarketCap * 100,UTC,2025-12-06T00:00:00Z,2026-08-30T10:38:54Z,SETTLED_COMPLETE_DATE,NOT_COMPUTABLE,PASS,PUBLIC_SOURCE_BACKED,Direct CMC historical global-metrics BTC dominance; not TradingView top-125 convention.
2025-12-07,58.5287,CMC_GLOBAL_METRICS_BTC_DOMINANCE,CoinMarketCap,CMC_DIRECT_SOURCE_CONVENTION: Bitcoin market cap / total market cap of cryptoassets tracked by CoinMarketCap * 100,UTC,2025-12-07T00:00:00Z,2026-08-30T10:38:54Z,SETTLED_COMPLETE_DATE,NOT_COMPUTABLE,PASS,PUBLIC_SOURCE_BACKED,Direct CMC historical global-metrics BTC dominance; not TradingView top-125 convention.
2025-12-08,58.8308,CMC_GLOBAL_METRICS_BTC_DOMINANCE,CoinMarketCap,CMC_DIRECT_SOURCE_CONVENTION: Bitcoin market cap / total market cap of cryptoassets tracked by CoinMarketCap * 100,UTC,2025-12-08T00:00:00Z,2026-08-30T10:38:54Z,SETTLED_COMPLETE_DATE,NOT_COMPUTABLE,PASS,PUBLIC_SOURCE_BACKED,Direct CMC historical global-metrics BTC dominance; not TradingView top-125 convention.
2025-12-09,58.5777,CMC_GLOBAL_METRICS_BTC_DOMINANCE,CoinMarketCap,CMC_DIRECT_SOURCE_CONVENTION: Bitcoin market cap / total market cap of cryptoassets tracked by CoinMarketCap * 100,UTC,2025-12-09T00:00:00Z,2026-08-30T10:38:54Z,SETTLED_COMPLETE_DATE,NOT_COMPUTABLE,PASS,PUBLIC_SOURCE_BACKED,Direct CMC historical global-metrics BTC dominance; not TradingView top-125 convention.
2025-12-10,58.4563,CMC_GLOBAL_METRICS_BTC_DOMINANCE,CoinMarketCap,CMC_DIRECT_SOURCE_CONVENTION: Bitcoin market cap / total market cap of cryptoassets tracked by CoinMarketCap * 100,UTC,2025-12-10T00:00:00Z,2026-08-30T10:38:54Z,SETTLED_COMPLETE_DATE,NOT_COMPUTABLE,PASS,PUBLIC_SOURCE_BACKED,Direct CMC historical global-metrics BTC dominance; not TradingView top-125 convention.
2025-12-11,58.47,CMC_GLOBAL_METRICS_BTC_DOMINANCE,CoinMarketCap,CMC_DIRECT_SOURCE_CONVENTION: Bitcoin market cap / total market cap of cryptoassets tracked by CoinMarketCap * 100,UTC,2025-12-11T00:00:00Z,2026-08-30T10:38:54Z,SETTLED_COMPLETE_DATE,NOT_COMPUTABLE,PASS,PUBLIC_SOURCE_BACKED,Direct CMC historical global-metrics BTC dominance; not TradingView top-125 convention.
2025-12-12,58.8375,CMC_GLOBAL_METRICS_BTC_DOMINANCE,CoinMarketCap,CMC_DIRECT_SOURCE_CONVENTION: Bitcoin market cap / total market cap of cryptoassets tracked by CoinMarketCap * 100,UTC,2025-12-12T00:00:00Z,2026-08-30T10:38:54Z,SETTLED_COMPLETE_DATE,NOT_COMPUTABLE,PASS,PUBLIC_SOURCE_BACKED,Direct CMC historical global-metrics BTC dominance; not TradingView top-125 convention.
2025-12-13,58.7909,CMC_GLOBAL_METRICS_BTC_DOMINANCE,CoinMarketCap,CMC_DIRECT_SOURCE_CONVENTION: Bitcoin market cap / total market cap of cryptoassets tracked by CoinMarketCap * 100,UTC,2025-12-13T00:00:00Z,2026-08-30T10:38:54Z,SETTLED_COMPLETE_DATE,NOT_COMPUTABLE,PASS,PUBLIC_SOURCE_BACKED,Direct CMC historical global-metrics BTC dominance; not TradingView top-125 convention.
2025-12-14,58.5981,CMC_GLOBAL_METRICS_BTC_DOMINANCE,CoinMarketCap,CMC_DIRECT_SOURCE_CONVENTION: Bitcoin market cap / total market cap of cryptoassets tracked by CoinMarketCap * 100,UTC,2025-12-14T00:00:00Z,2026-08-30T10:38:54Z,SETTLED_COMPLETE_DATE,NOT_COMPUTABLE,PASS,PUBLIC_SOURCE_BACKED,Direct CMC historical global-metrics BTC dominance; not TradingView top-125 convention.
2025-12-15,58.4691,CMC_GLOBAL_METRICS_BTC_DOMINANCE,CoinMarketCap,CMC_DIRECT_SOURCE_CONVENTION: Bitcoin market cap / total market cap of cryptoassets tracked by CoinMarketCap * 100,UTC,2025-12-15T00:00:00Z,2026-08-30T10:38:54Z,SETTLED_COMPLETE_DATE,NOT_COMPUTABLE,PASS,PUBLIC_SOURCE_BACKED,Direct CMC historical global-metrics BTC dominance; not TradingView top-125 convention.
2025-12-16,58.464,CMC_GLOBAL_METRICS_BTC_DOMINANCE,CoinMarketCap,CMC_DIRECT_SOURCE_CONVENTION: Bitcoin market cap / total market cap of cryptoassets tracked by CoinMarketCap * 100,UTC,2025-12-16T00:00:00Z,2026-08-30T10:38:54Z,SETTLED_COMPLETE_DATE,NOT_COMPUTABLE,PASS,PUBLIC_SOURCE_BACKED,Direct CMC historical global-metrics BTC dominance; not TradingView top-125 convention.
2025-12-17,58.7923,CMC_GLOBAL_METRICS_BTC_DOMINANCE,CoinMarketCap,CMC_DIRECT_SOURCE_CONVENTION: Bitcoin market cap / total market cap of cryptoassets tracked by CoinMarketCap * 100,UTC,2025-12-17T00:00:00Z,2026-08-30T10:38:54Z,SETTLED_COMPLETE_DATE,NOT_COMPUTABLE,PASS,PUBLIC_SOURCE_BACKED,Direct CMC historical global-metrics BTC dominance; not TradingView top-125 convention.
2025-12-18,59.1378,CMC_GLOBAL_METRICS_BTC_DOMINANCE,CoinMarketCap,CMC_DIRECT_SOURCE_CONVENTION: Bitcoin market cap / total market cap of cryptoassets tracked by CoinMarketCap * 100,UTC,2025-12-18T00:00:00Z,2026-08-30T10:38:54Z,SETTLED_COMPLETE_DATE,NOT_COMPUTABLE,PASS,PUBLIC_SOURCE_BACKED,Direct CMC historical global-metrics BTC dominance; not TradingView top-125 convention.
2025-12-19,59.2564,CMC_GLOBAL_METRICS_BTC_DOMINANCE,CoinMarketCap,CMC_DIRECT_SOURCE_CONVENTION: Bitcoin market cap / total market cap of cryptoassets tracked by CoinMarketCap * 100,UTC,2025-12-19T00:00:00Z,2026-08-30T10:38:54Z,SETTLED_COMPLETE_DATE,NOT_COMPUTABLE,PASS,PUBLIC_SOURCE_BACKED,Direct CMC historical global-metrics BTC dominance; not TradingView top-125 convention.
2025-12-20,58.9865,CMC_GLOBAL_METRICS_BTC_DOMINANCE,CoinMarketCap,CMC_DIRECT_SOURCE_CONVENTION: Bitcoin market cap / total market cap of cryptoassets tracked by CoinMarketCap * 100,UTC,2025-12-20T00:00:00Z,2026-08-30T10:38:54Z,SETTLED_COMPLETE_DATE,NOT_COMPUTABLE,PASS,PUBLIC_SOURCE_BACKED,Direct CMC historical global-metrics BTC dominance; not TradingView top-125 convention.
2025-12-21,58.976,CMC_GLOBAL_METRICS_BTC_DOMINANCE,CoinMarketCap,CMC_DIRECT_SOURCE_CONVENTION: Bitcoin market cap / total market cap of cryptoassets tracked by CoinMarketCap * 100,UTC,2025-12-21T00:00:00Z,2026-08-30T10:38:54Z,SETTLED_COMPLETE_DATE,NOT_COMPUTABLE,PASS,PUBLIC_SOURCE_BACKED,Direct CMC historical global-metrics BTC dominance; not TradingView top-125 convention.
2025-12-22,59.0295,CMC_GLOBAL_METRICS_BTC_DOMINANCE,CoinMarketCap,CMC_DIRECT_SOURCE_CONVENTION: Bitcoin market cap / total market cap of cryptoassets tracked by CoinMarketCap * 100,UTC,2025-12-22T00:00:00Z,2026-08-30T10:38:54Z,SETTLED_COMPLETE_DATE,NOT_COMPUTABLE,PASS,PUBLIC_SOURCE_BACKED,Direct CMC historical global-metrics BTC dominance; not TradingView top-125 convention.
2025-12-23,59.0177,CMC_GLOBAL_METRICS_BTC_DOMINANCE,CoinMarketCap,CMC_DIRECT_SOURCE_CONVENTION: Bitcoin market cap / total market cap of cryptoassets tracked by CoinMarketCap * 100,UTC,2025-12-23T00:00:00Z,2026-08-30T10:38:54Z,SETTLED_COMPLETE_DATE,NOT_COMPUTABLE,PASS,PUBLIC_SOURCE_BACKED,Direct CMC historical global-metrics BTC dominance; not TradingView top-125 convention.
2025-12-24,59.0224,CMC_GLOBAL_METRICS_BTC_DOMINANCE,CoinMarketCap,CMC_DIRECT_SOURCE_CONVENTION: Bitcoin market cap / total market cap of cryptoassets tracked by CoinMarketCap * 100,UTC,2025-12-24T00:00:00Z,2026-08-30T10:38:54Z,SETTLED_COMPLETE_DATE,NOT_COMPUTABLE,PASS,PUBLIC_SOURCE_BACKED,Direct CMC historical global-metrics BTC dominance; not TradingView top-125 convention.
2025-12-25,59.1383,CMC_GLOBAL_METRICS_BTC_DOMINANCE,CoinMarketCap,CMC_DIRECT_SOURCE_CONVENTION: Bitcoin market cap / total market cap of cryptoassets tracked by CoinMarketCap * 100,UTC,2025-12-25T00:00:00Z,2026-08-30T10:38:54Z,SETTLED_COMPLETE_DATE,NOT_COMPUTABLE,PASS,PUBLIC_SOURCE_BACKED,Direct CMC historical global-metrics BTC dominance; not TradingView top-125 convention.
2025-12-26,59.3462,CMC_GLOBAL_METRICS_BTC_DOMINANCE,CoinMarketCap,CMC_DIRECT_SOURCE_CONVENTION: Bitcoin market cap / total market cap of cryptoassets tracked by CoinMarketCap * 100,UTC,2025-12-26T00:00:00Z,2026-08-30T10:38:54Z,SETTLED_COMPLETE_DATE,NOT_COMPUTABLE,PASS,PUBLIC_SOURCE_BACKED,Direct CMC historical global-metrics BTC dominance; not TradingView top-125 convention.
2025-12-27,59.1404,CMC_GLOBAL_METRICS_BTC_DOMINANCE,CoinMarketCap,CMC_DIRECT_SOURCE_CONVENTION: Bitcoin market cap / total market cap of cryptoassets tracked by CoinMarketCap * 100,UTC,2025-12-27T00:00:00Z,2026-08-30T10:38:54Z,SETTLED_COMPLETE_DATE,NOT_COMPUTABLE,PASS,PUBLIC_SOURCE_BACKED,Direct CMC historical global-metrics BTC dominance; not TradingView top-125 convention.
2025-12-28,58.9539,CMC_GLOBAL_METRICS_BTC_DOMINANCE,CoinMarketCap,CMC_DIRECT_SOURCE_CONVENTION: Bitcoin market cap / total market cap of cryptoassets tracked by CoinMarketCap * 100,UTC,2025-12-28T00:00:00Z,2026-08-30T10:38:54Z,SETTLED_COMPLETE_DATE,NOT_COMPUTABLE,PASS,PUBLIC_SOURCE_BACKED,Direct CMC historical global-metrics BTC dominance; not TradingView top-125 convention.
2025-12-29,58.9301,CMC_GLOBAL_METRICS_BTC_DOMINANCE,CoinMarketCap,CMC_DIRECT_SOURCE_CONVENTION: Bitcoin market cap / total market cap of cryptoassets tracked by CoinMarketCap * 100,UTC,2025-12-29T00:00:00Z,2026-08-30T10:38:54Z,SETTLED_COMPLETE_DATE,NOT_COMPUTABLE,PASS,PUBLIC_SOURCE_BACKED,Direct CMC historical global-metrics BTC dominance; not TradingView top-125 convention.
2025-12-30,58.9435,CMC_GLOBAL_METRICS_BTC_DOMINANCE,CoinMarketCap,CMC_DIRECT_SOURCE_CONVENTION: Bitcoin market cap / total market cap of cryptoassets tracked by CoinMarketCap * 100,UTC,2025-12-30T00:00:00Z,2026-08-30T10:38:54Z,SETTLED_COMPLETE_DATE,NOT_COMPUTABLE,PASS,PUBLIC_SOURCE_BACKED,Direct CMC historical global-metrics BTC dominance; not TradingView top-125 convention.
2025-12-31,59.0733,CMC_GLOBAL_METRICS_BTC_DOMINANCE,CoinMarketCap,CMC_DIRECT_SOURCE_CONVENTION: Bitcoin market cap / total market cap of cryptoassets tracked by CoinMarketCap * 100,UTC,2025-12-31T00:00:00Z,2026-08-30T10:38:54Z,SETTLED_COMPLETE_DATE,NOT_COMPUTABLE,PASS,PUBLIC_SOURCE_BACKED,Direct CMC historical global-metrics BTC dominance; not TradingView top-125 convention.
2026-01-01,58.9858,CMC_GLOBAL_METRICS_BTC_DOMINANCE,CoinMarketCap,CMC_DIRECT_SOURCE_CONVENTION: Bitcoin market cap / total market cap of cryptoassets tracked by CoinMarketCap * 100,UTC,2026-01-01T00:00:00Z,2026-08-30T10:38:54Z,SETTLED_COMPLETE_DATE,NOT_COMPUTABLE,PASS,PUBLIC_SOURCE_BACKED,Direct CMC historical global-metrics BTC dominance; not TradingView top-125 convention.
2026-01-02,58.9757,CMC_GLOBAL_METRICS_BTC_DOMINANCE,CoinMarketCap,CMC_DIRECT_SOURCE_CONVENTION: Bitcoin market cap / total market cap of cryptoassets tracked by CoinMarketCap * 100,UTC,2026-01-02T00:00:00Z,2026-08-30T10:38:54Z,SETTLED_COMPLETE_DATE,NOT_COMPUTABLE,PASS,PUBLIC_SOURCE_BACKED,Direct CMC historical global-metrics BTC dominance; not TradingView top-125 convention.
2026-01-03,58.5264,CMC_GLOBAL_METRICS_BTC_DOMINANCE,CoinMarketCap,CMC_DIRECT_SOURCE_CONVENTION: Bitcoin market cap / total market cap of cryptoassets tracked by CoinMarketCap * 100,UTC,2026-01-03T00:00:00Z,2026-08-30T10:38:54Z,SETTLED_COMPLETE_DATE,NOT_COMPUTABLE,PASS,PUBLIC_SOURCE_BACKED,Direct CMC historical global-metrics BTC dominance; not TradingView top-125 convention.
2026-01-04,58.5689,CMC_GLOBAL_METRICS_BTC_DOMINANCE,CoinMarketCap,CMC_DIRECT_SOURCE_CONVENTION: Bitcoin market cap / total market cap of cryptoassets tracked by CoinMarketCap * 100,UTC,2026-01-04T00:00:00Z,2026-08-30T10:38:54Z,SETTLED_COMPLETE_DATE,NOT_COMPUTABLE,PASS,PUBLIC_SOURCE_BACKED,Direct CMC historical global-metrics BTC dominance; not TradingView top-125 convention.
2026-01-05,58.5183,CMC_GLOBAL_METRICS_BTC_DOMINANCE,CoinMarketCap,CMC_DIRECT_SOURCE_CONVENTION: Bitcoin market cap / total market cap of cryptoassets tracked by CoinMarketCap * 100,UTC,2026-01-05T00:00:00Z,2026-08-30T10:38:54Z,SETTLED_COMPLETE_DATE,NOT_COMPUTABLE,PASS,PUBLIC_SOURCE_BACKED,Direct CMC historical global-metrics BTC dominance; not TradingView top-125 convention.
2026-01-06,58.4391,CMC_GLOBAL_METRICS_BTC_DOMINANCE,CoinMarketCap,CMC_DIRECT_SOURCE_CONVENTION: Bitcoin market cap / total market cap of cryptoassets tracked by CoinMarketCap * 100,UTC,2026-01-06T00:00:00Z,2026-08-30T10:38:54Z,SETTLED_COMPLETE_DATE,NOT_COMPUTABLE,PASS,PUBLIC_SOURCE_BACKED,Direct CMC historical global-metrics BTC dominance; not TradingView top-125 convention.
2026-01-07,58.229,CMC_GLOBAL_METRICS_BTC_DOMINANCE,CoinMarketCap,CMC_DIRECT_SOURCE_CONVENTION: Bitcoin market cap / total market cap of cryptoassets tracked by CoinMarketCap * 100,UTC,2026-01-07T00:00:00Z,2026-08-30T10:38:54Z,SETTLED_COMPLETE_DATE,NOT_COMPUTABLE,PASS,PUBLIC_SOURCE_BACKED,Direct CMC historical global-metrics BTC dominance; not TradingView top-125 convention.
2026-01-08,58.3237,CMC_GLOBAL_METRICS_BTC_DOMINANCE,CoinMarketCap,CMC_DIRECT_SOURCE_CONVENTION: Bitcoin market cap / total market cap of cryptoassets tracked by CoinMarketCap * 100,UTC,2026-01-08T00:00:00Z,2026-08-30T10:38:54Z,SETTLED_COMPLETE_DATE,NOT_COMPUTABLE,PASS,PUBLIC_SOURCE_BACKED,Direct CMC historical global-metrics BTC dominance; not TradingView top-125 convention.
2026-01-09,58.5242,CMC_GLOBAL_METRICS_BTC_DOMINANCE,CoinMarketCap,CMC_DIRECT_SOURCE_CONVENTION: Bitcoin market cap / total market cap of cryptoassets tracked by CoinMarketCap * 100,UTC,2026-01-09T00:00:00Z,2026-08-30T10:38:54Z,SETTLED_COMPLETE_DATE,NOT_COMPUTABLE,PASS,PUBLIC_SOURCE_BACKED,Direct CMC historical global-metrics BTC dominance; not TradingView top-125 convention.
2026-01-10,58.5158,CMC_GLOBAL_METRICS_BTC_DOMINANCE,CoinMarketCap,CMC_DIRECT_SOURCE_CONVENTION: Bitcoin market cap / total market cap of cryptoassets tracked by CoinMarketCap * 100,UTC,2026-01-10T00:00:00Z,2026-08-30T10:38:54Z,SETTLED_COMPLETE_DATE,NOT_COMPUTABLE,PASS,PUBLIC_SOURCE_BACKED,Direct CMC historical global-metrics BTC dominance; not TradingView top-125 convention.
2026-01-11,58.4788,CMC_GLOBAL_METRICS_BTC_DOMINANCE,CoinMarketCap,CMC_DIRECT_SOURCE_CONVENTION: Bitcoin market cap / total market cap of cryptoassets tracked by CoinMarketCap * 100,UTC,2026-01-11T00:00:00Z,2026-08-30T10:38:54Z,SETTLED_COMPLETE_DATE,NOT_COMPUTABLE,PASS,PUBLIC_SOURCE_BACKED,Direct CMC historical global-metrics BTC dominance; not TradingView top-125 convention.
2026-01-12,58.4756,CMC_GLOBAL_METRICS_BTC_DOMINANCE,CoinMarketCap,CMC_DIRECT_SOURCE_CONVENTION: Bitcoin market cap / total market cap of cryptoassets tracked by CoinMarketCap * 100,UTC,2026-01-12T00:00:00Z,2026-08-30T10:38:54Z,SETTLED_COMPLETE_DATE,NOT_COMPUTABLE,PASS,PUBLIC_SOURCE_BACKED,Direct CMC historical global-metrics BTC dominance; not TradingView top-125 convention.
2026-01-13,58.6883,CMC_GLOBAL_METRICS_BTC_DOMINANCE,CoinMarketCap,CMC_DIRECT_SOURCE_CONVENTION: Bitcoin market cap / total market cap of cryptoassets tracked by CoinMarketCap * 100,UTC,2026-01-13T00:00:00Z,2026-08-30T10:38:54Z,SETTLED_COMPLETE_DATE,NOT_COMPUTABLE,PASS,PUBLIC_SOURCE_BACKED,Direct CMC historical global-metrics BTC dominance; not TradingView top-125 convention.
2026-01-14,58.6414,CMC_GLOBAL_METRICS_BTC_DOMINANCE,CoinMarketCap,CMC_DIRECT_SOURCE_CONVENTION: Bitcoin market cap / total market cap of cryptoassets tracked by CoinMarketCap * 100,UTC,2026-01-14T00:00:00Z,2026-08-30T10:38:54Z,SETTLED_COMPLETE_DATE,NOT_COMPUTABLE,PASS,PUBLIC_SOURCE_BACKED,Direct CMC historical global-metrics BTC dominance; not TradingView top-125 convention.
2026-01-15,58.9718,CMC_GLOBAL_METRICS_BTC_DOMINANCE,CoinMarketCap,CMC_DIRECT_SOURCE_CONVENTION: Bitcoin market cap / total market cap of cryptoassets tracked by CoinMarketCap * 100,UTC,2026-01-15T00:00:00Z,2026-08-30T10:38:54Z,SETTLED_COMPLETE_DATE,NOT_COMPUTABLE,PASS,PUBLIC_SOURCE_BACKED,Direct CMC historical global-metrics BTC dominance; not TradingView top-125 convention.
2026-01-16,59.0676,CMC_GLOBAL_METRICS_BTC_DOMINANCE,CoinMarketCap,CMC_DIRECT_SOURCE_CONVENTION: Bitcoin market cap / total market cap of cryptoassets tracked by CoinMarketCap * 100,UTC,2026-01-16T00:00:00Z,2026-08-30T10:38:54Z,SETTLED_COMPLETE_DATE,NOT_COMPUTABLE,PASS,PUBLIC_SOURCE_BACKED,Direct CMC historical global-metrics BTC dominance; not TradingView top-125 convention.
2026-01-17,59.0675,CMC_GLOBAL_METRICS_BTC_DOMINANCE,CoinMarketCap,CMC_DIRECT_SOURCE_CONVENTION: Bitcoin market cap / total market cap of cryptoassets tracked by CoinMarketCap * 100,UTC,2026-01-17T00:00:00Z,2026-08-30T10:38:54Z,SETTLED_COMPLETE_DATE,NOT_COMPUTABLE,PASS,PUBLIC_SOURCE_BACKED,Direct CMC historical global-metrics BTC dominance; not TradingView top-125 convention.
2026-01-18,58.9283,CMC_GLOBAL_METRICS_BTC_DOMINANCE,CoinMarketCap,CMC_DIRECT_SOURCE_CONVENTION: Bitcoin market cap / total market cap of cryptoassets tracked by CoinMarketCap * 100,UTC,2026-01-18T00:00:00Z,2026-08-30T10:38:54Z,SETTLED_COMPLETE_DATE,NOT_COMPUTABLE,PASS,PUBLIC_SOURCE_BACKED,Direct CMC historical global-metrics BTC dominance; not TradingView top-125 convention.
2026-01-19,58.9582,CMC_GLOBAL_METRICS_BTC_DOMINANCE,CoinMarketCap,CMC_DIRECT_SOURCE_CONVENTION: Bitcoin market cap / total market cap of cryptoassets tracked by CoinMarketCap * 100,UTC,2026-01-19T00:00:00Z,2026-08-30T10:38:54Z,SETTLED_COMPLETE_DATE,NOT_COMPUTABLE,PASS,PUBLIC_SOURCE_BACKED,Direct CMC historical global-metrics BTC dominance; not TradingView top-125 convention.
2026-01-20,59.0704,CMC_GLOBAL_METRICS_BTC_DOMINANCE,CoinMarketCap,CMC_DIRECT_SOURCE_CONVENTION: Bitcoin market cap / total market cap of cryptoassets tracked by CoinMarketCap * 100,UTC,2026-01-20T00:00:00Z,2026-08-30T10:38:54Z,SETTLED_COMPLETE_DATE,NOT_COMPUTABLE,PASS,PUBLIC_SOURCE_BACKED,Direct CMC historical global-metrics BTC dominance; not TradingView top-125 convention.
2026-01-21,59.1367,CMC_GLOBAL_METRICS_BTC_DOMINANCE,CoinMarketCap,CMC_DIRECT_SOURCE_CONVENTION: Bitcoin market cap / total market cap of cryptoassets tracked by CoinMarketCap * 100,UTC,2026-01-21T00:00:00Z,2026-08-30T10:38:54Z,SETTLED_COMPLETE_DATE,NOT_COMPUTABLE,PASS,PUBLIC_SOURCE_BACKED,Direct CMC historical global-metrics BTC dominance; not TradingView top-125 convention.
2026-01-22,59.0726,CMC_GLOBAL_METRICS_BTC_DOMINANCE,CoinMarketCap,CMC_DIRECT_SOURCE_CONVENTION: Bitcoin market cap / total market cap of cryptoassets tracked by CoinMarketCap * 100,UTC,2026-01-22T00:00:00Z,2026-08-30T10:38:54Z,SETTLED_COMPLETE_DATE,NOT_COMPUTABLE,PASS,PUBLIC_SOURCE_BACKED,Direct CMC historical global-metrics BTC dominance; not TradingView top-125 convention.
2026-01-23,59.2235,CMC_GLOBAL_METRICS_BTC_DOMINANCE,CoinMarketCap,CMC_DIRECT_SOURCE_CONVENTION: Bitcoin market cap / total market cap of cryptoassets tracked by CoinMarketCap * 100,UTC,2026-01-23T00:00:00Z,2026-08-30T10:38:54Z,SETTLED_COMPLETE_DATE,NOT_COMPUTABLE,PASS,PUBLIC_SOURCE_BACKED,Direct CMC historical global-metrics BTC dominance; not TradingView top-125 convention.
2026-01-24,59.2154,CMC_GLOBAL_METRICS_BTC_DOMINANCE,CoinMarketCap,CMC_DIRECT_SOURCE_CONVENTION: Bitcoin market cap / total market cap of cryptoassets tracked by CoinMarketCap * 100,UTC,2026-01-24T00:00:00Z,2026-08-30T10:38:54Z,SETTLED_COMPLETE_DATE,NOT_COMPUTABLE,PASS,PUBLIC_SOURCE_BACKED,Direct CMC historical global-metrics BTC dominance; not TradingView top-125 convention.
2026-01-25,59.1336,CMC_GLOBAL_METRICS_BTC_DOMINANCE,CoinMarketCap,CMC_DIRECT_SOURCE_CONVENTION: Bitcoin market cap / total market cap of cryptoassets tracked by CoinMarketCap * 100,UTC,2026-01-25T00:00:00Z,2026-08-30T10:38:54Z,SETTLED_COMPLETE_DATE,NOT_COMPUTABLE,PASS,PUBLIC_SOURCE_BACKED,Direct CMC historical global-metrics BTC dominance; not TradingView top-125 convention.
2026-01-26,59.2585,CMC_GLOBAL_METRICS_BTC_DOMINANCE,CoinMarketCap,CMC_DIRECT_SOURCE_CONVENTION: Bitcoin market cap / total market cap of cryptoassets tracked by CoinMarketCap * 100,UTC,2026-01-26T00:00:00Z,2026-08-30T10:38:54Z,SETTLED_COMPLETE_DATE,NOT_COMPUTABLE,PASS,PUBLIC_SOURCE_BACKED,Direct CMC historical global-metrics BTC dominance; not TradingView top-125 convention.
2026-01-27,59.0879,CMC_GLOBAL_METRICS_BTC_DOMINANCE,CoinMarketCap,CMC_DIRECT_SOURCE_CONVENTION: Bitcoin market cap / total market cap of cryptoassets tracked by CoinMarketCap * 100,UTC,2026-01-27T00:00:00Z,2026-08-30T10:38:54Z,SETTLED_COMPLETE_DATE,NOT_COMPUTABLE,PASS,PUBLIC_SOURCE_BACKED,Direct CMC historical global-metrics BTC dominance; not TradingView top-125 convention.
2026-01-28,58.9068,CMC_GLOBAL_METRICS_BTC_DOMINANCE,CoinMarketCap,CMC_DIRECT_SOURCE_CONVENTION: Bitcoin market cap / total market cap of cryptoassets tracked by CoinMarketCap * 100,UTC,2026-01-28T00:00:00Z,2026-08-30T10:38:54Z,SETTLED_COMPLETE_DATE,NOT_COMPUTABLE,PASS,PUBLIC_SOURCE_BACKED,Direct CMC historical global-metrics BTC dominance; not TradingView top-125 convention.
2026-01-29,58.9858,CMC_GLOBAL_METRICS_BTC_DOMINANCE,CoinMarketCap,CMC_DIRECT_SOURCE_CONVENTION: Bitcoin market cap / total market cap of cryptoassets tracked by CoinMarketCap * 100,UTC,2026-01-29T00:00:00Z,2026-08-30T10:38:54Z,SETTLED_COMPLETE_DATE,NOT_COMPUTABLE,PASS,PUBLIC_SOURCE_BACKED,Direct CMC historical global-metrics BTC dominance; not TradingView top-125 convention.
2026-01-30,58.7564,CMC_GLOBAL_METRICS_BTC_DOMINANCE,CoinMarketCap,CMC_DIRECT_SOURCE_CONVENTION: Bitcoin market cap / total market cap of cryptoassets tracked by CoinMarketCap * 100,UTC,2026-01-30T00:00:00Z,2026-08-30T10:38:54Z,SETTLED_COMPLETE_DATE,NOT_COMPUTABLE,PASS,PUBLIC_SOURCE_BACKED,Direct CMC historical global-metrics BTC dominance; not TradingView top-125 convention.
2026-01-31,59.1663,CMC_GLOBAL_METRICS_BTC_DOMINANCE,CoinMarketCap,CMC_DIRECT_SOURCE_CONVENTION: Bitcoin market cap / total market cap of cryptoassets tracked by CoinMarketCap * 100,UTC,2026-01-31T00:00:00Z,2026-08-30T10:38:54Z,SETTLED_COMPLETE_DATE,NOT_COMPUTABLE,PASS,PUBLIC_SOURCE_BACKED,Direct CMC historical global-metrics BTC dominance; not TradingView top-125 convention.
2026-02-01,59.0654,CMC_GLOBAL_METRICS_BTC_DOMINANCE,CoinMarketCap,CMC_DIRECT_SOURCE_CONVENTION: Bitcoin market cap / total market cap of cryptoassets tracked by CoinMarketCap * 100,UTC,2026-02-01T00:00:00Z,2026-08-30T10:38:54Z,SETTLED_COMPLETE_DATE,NOT_COMPUTABLE,PASS,PUBLIC_SOURCE_BACKED,Direct CMC historical global-metrics BTC dominance; not TradingView top-125 convention.
2026-02-02,59.353,CMC_GLOBAL_METRICS_BTC_DOMINANCE,CoinMarketCap,CMC_DIRECT_SOURCE_CONVENTION: Bitcoin market cap / total market cap of cryptoassets tracked by CoinMarketCap * 100,UTC,2026-02-02T00:00:00Z,2026-08-30T10:38:54Z,SETTLED_COMPLETE_DATE,NOT_COMPUTABLE,PASS,PUBLIC_SOURCE_BACKED,Direct CMC historical global-metrics BTC dominance; not TradingView top-125 convention.
2026-02-03,59.3776,CMC_GLOBAL_METRICS_BTC_DOMINANCE,CoinMarketCap,CMC_DIRECT_SOURCE_CONVENTION: Bitcoin market cap / total market cap of cryptoassets tracked by CoinMarketCap * 100,UTC,2026-02-03T00:00:00Z,2026-08-30T10:38:54Z,SETTLED_COMPLETE_DATE,NOT_COMPUTABLE,PASS,PUBLIC_SOURCE_BACKED,Direct CMC historical global-metrics BTC dominance; not TradingView top-125 convention.
2026-02-04,59.0594,CMC_GLOBAL_METRICS_BTC_DOMINANCE,CoinMarketCap,CMC_DIRECT_SOURCE_CONVENTION: Bitcoin market cap / total market cap of cryptoassets tracked by CoinMarketCap * 100,UTC,2026-02-04T00:00:00Z,2026-08-30T10:38:54Z,SETTLED_COMPLETE_DATE,NOT_COMPUTABLE,PASS,PUBLIC_SOURCE_BACKED,Direct CMC historical global-metrics BTC dominance; not TradingView top-125 convention.
2026-02-05,58.868,CMC_GLOBAL_METRICS_BTC_DOMINANCE,CoinMarketCap,CMC_DIRECT_SOURCE_CONVENTION: Bitcoin market cap / total market cap of cryptoassets tracked by CoinMarketCap * 100,UTC,2026-02-05T00:00:00Z,2026-08-30T10:38:54Z,SETTLED_COMPLETE_DATE,NOT_COMPUTABLE,PASS,PUBLIC_SOURCE_BACKED,Direct CMC historical global-metrics BTC dominance; not TradingView top-125 convention.
2026-02-06,57.9165,CMC_GLOBAL_METRICS_BTC_DOMINANCE,CoinMarketCap,CMC_DIRECT_SOURCE_CONVENTION: Bitcoin market cap / total market cap of cryptoassets tracked by CoinMarketCap * 100,UTC,2026-02-06T00:00:00Z,2026-08-30T10:38:54Z,SETTLED_COMPLETE_DATE,NOT_COMPUTABLE,PASS,PUBLIC_SOURCE_BACKED,Direct CMC historical global-metrics BTC dominance; not TradingView top-125 convention.
2026-02-07,58.7204,CMC_GLOBAL_METRICS_BTC_DOMINANCE,CoinMarketCap,CMC_DIRECT_SOURCE_CONVENTION: Bitcoin market cap / total market cap of cryptoassets tracked by CoinMarketCap * 100,UTC,2026-02-07T00:00:00Z,2026-08-30T10:38:54Z,SETTLED_COMPLETE_DATE,NOT_COMPUTABLE,PASS,PUBLIC_SOURCE_BACKED,Direct CMC historical global-metrics BTC dominance; not TradingView top-125 convention.
2026-02-08,58.3231,CMC_GLOBAL_METRICS_BTC_DOMINANCE,CoinMarketCap,CMC_DIRECT_SOURCE_CONVENTION: Bitcoin market cap / total market cap of cryptoassets tracked by CoinMarketCap * 100,UTC,2026-02-08T00:00:00Z,2026-08-30T10:38:54Z,SETTLED_COMPLETE_DATE,NOT_COMPUTABLE,PASS,PUBLIC_SOURCE_BACKED,Direct CMC historical global-metrics BTC dominance; not TradingView top-125 convention.
2026-02-09,58.7483,CMC_GLOBAL_METRICS_BTC_DOMINANCE,CoinMarketCap,CMC_DIRECT_SOURCE_CONVENTION: Bitcoin market cap / total market cap of cryptoassets tracked by CoinMarketCap * 100,UTC,2026-02-09T00:00:00Z,2026-08-30T10:38:54Z,SETTLED_COMPLETE_DATE,NOT_COMPUTABLE,PASS,PUBLIC_SOURCE_BACKED,Direct CMC historical global-metrics BTC dominance; not TradingView top-125 convention.
2026-02-10,58.6644,CMC_GLOBAL_METRICS_BTC_DOMINANCE,CoinMarketCap,CMC_DIRECT_SOURCE_CONVENTION: Bitcoin market cap / total market cap of cryptoassets tracked by CoinMarketCap * 100,UTC,2026-02-10T00:00:00Z,2026-08-30T10:38:54Z,SETTLED_COMPLETE_DATE,NOT_COMPUTABLE,PASS,PUBLIC_SOURCE_BACKED,Direct CMC historical global-metrics BTC dominance; not TradingView top-125 convention.
2026-02-11,58.7084,CMC_GLOBAL_METRICS_BTC_DOMINANCE,CoinMarketCap,CMC_DIRECT_SOURCE_CONVENTION: Bitcoin market cap / total market cap of cryptoassets tracked by CoinMarketCap * 100,UTC,2026-02-11T00:00:00Z,2026-08-30T10:38:54Z,SETTLED_COMPLETE_DATE,NOT_COMPUTABLE,PASS,PUBLIC_SOURCE_BACKED,Direct CMC historical global-metrics BTC dominance; not TradingView top-125 convention.
2026-02-12,58.5552,CMC_GLOBAL_METRICS_BTC_DOMINANCE,CoinMarketCap,CMC_DIRECT_SOURCE_CONVENTION: Bitcoin market cap / total market cap of cryptoassets tracked by CoinMarketCap * 100,UTC,2026-02-12T00:00:00Z,2026-08-30T10:38:54Z,SETTLED_COMPLETE_DATE,NOT_COMPUTABLE,PASS,PUBLIC_SOURCE_BACKED,Direct CMC historical global-metrics BTC dominance; not TradingView top-125 convention.
2026-02-13,58.1676,CMC_GLOBAL_METRICS_BTC_DOMINANCE,CoinMarketCap,CMC_DIRECT_SOURCE_CONVENTION: Bitcoin market cap / total market cap of cryptoassets tracked by CoinMarketCap * 100,UTC,2026-02-13T00:00:00Z,2026-08-30T10:38:54Z,SETTLED_COMPLETE_DATE,NOT_COMPUTABLE,PASS,PUBLIC_SOURCE_BACKED,Direct CMC historical global-metrics BTC dominance; not TradingView top-125 convention.
2026-02-14,58.4235,CMC_GLOBAL_METRICS_BTC_DOMINANCE,CoinMarketCap,CMC_DIRECT_SOURCE_CONVENTION: Bitcoin market cap / total market cap of cryptoassets tracked by CoinMarketCap * 100,UTC,2026-02-14T00:00:00Z,2026-08-30T10:38:54Z,SETTLED_COMPLETE_DATE,NOT_COMPUTABLE,PASS,PUBLIC_SOURCE_BACKED,Direct CMC historical global-metrics BTC dominance; not TradingView top-125 convention.
2026-02-15,58.0978,CMC_GLOBAL_METRICS_BTC_DOMINANCE,CoinMarketCap,CMC_DIRECT_SOURCE_CONVENTION: Bitcoin market cap / total market cap of cryptoassets tracked by CoinMarketCap * 100,UTC,2026-02-15T00:00:00Z,2026-08-30T10:38:54Z,SETTLED_COMPLETE_DATE,NOT_COMPUTABLE,PASS,PUBLIC_SOURCE_BACKED,Direct CMC historical global-metrics BTC dominance; not TradingView top-125 convention.
2026-02-16,58.4728,CMC_GLOBAL_METRICS_BTC_DOMINANCE,CoinMarketCap,CMC_DIRECT_SOURCE_CONVENTION: Bitcoin market cap / total market cap of cryptoassets tracked by CoinMarketCap * 100,UTC,2026-02-16T00:00:00Z,2026-08-30T10:38:54Z,SETTLED_COMPLETE_DATE,NOT_COMPUTABLE,PASS,PUBLIC_SOURCE_BACKED,Direct CMC historical global-metrics BTC dominance; not TradingView top-125 convention.
2026-02-17,58.2925,CMC_GLOBAL_METRICS_BTC_DOMINANCE,CoinMarketCap,CMC_DIRECT_SOURCE_CONVENTION: Bitcoin market cap / total market cap of cryptoassets tracked by CoinMarketCap * 100,UTC,2026-02-17T00:00:00Z,2026-08-30T10:38:54Z,SETTLED_COMPLETE_DATE,NOT_COMPUTABLE,PASS,PUBLIC_SOURCE_BACKED,Direct CMC historical global-metrics BTC dominance; not TradingView top-125 convention.
2026-02-18,57.9461,CMC_GLOBAL_METRICS_BTC_DOMINANCE,CoinMarketCap,CMC_DIRECT_SOURCE_CONVENTION: Bitcoin market cap / total market cap of cryptoassets tracked by CoinMarketCap * 100,UTC,2026-02-18T00:00:00Z,2026-08-30T10:38:54Z,SETTLED_COMPLETE_DATE,NOT_COMPUTABLE,PASS,PUBLIC_SOURCE_BACKED,Direct CMC historical global-metrics BTC dominance; not TradingView top-125 convention.
2026-02-19,57.9903,CMC_GLOBAL_METRICS_BTC_DOMINANCE,CoinMarketCap,CMC_DIRECT_SOURCE_CONVENTION: Bitcoin market cap / total market cap of cryptoassets tracked by CoinMarketCap * 100,UTC,2026-02-19T00:00:00Z,2026-08-30T10:38:54Z,SETTLED_COMPLETE_DATE,NOT_COMPUTABLE,PASS,PUBLIC_SOURCE_BACKED,Direct CMC historical global-metrics BTC dominance; not TradingView top-125 convention.
2026-02-20,58.2124,CMC_GLOBAL_METRICS_BTC_DOMINANCE,CoinMarketCap,CMC_DIRECT_SOURCE_CONVENTION: Bitcoin market cap / total market cap of cryptoassets tracked by CoinMarketCap * 100,UTC,2026-02-20T00:00:00Z,2026-08-30T10:38:54Z,SETTLED_COMPLETE_DATE,NOT_COMPUTABLE,PASS,PUBLIC_SOURCE_BACKED,Direct CMC historical global-metrics BTC dominance; not TradingView top-125 convention.
2026-02-21,58.2733,CMC_GLOBAL_METRICS_BTC_DOMINANCE,CoinMarketCap,CMC_DIRECT_SOURCE_CONVENTION: Bitcoin market cap / total market cap of cryptoassets tracked by CoinMarketCap * 100,UTC,2026-02-21T00:00:00Z,2026-08-30T10:38:54Z,SETTLED_COMPLETE_DATE,NOT_COMPUTABLE,PASS,PUBLIC_SOURCE_BACKED,Direct CMC historical global-metrics BTC dominance; not TradingView top-125 convention.
2026-02-22,58.2659,CMC_GLOBAL_METRICS_BTC_DOMINANCE,CoinMarketCap,CMC_DIRECT_SOURCE_CONVENTION: Bitcoin market cap / total market cap of cryptoassets tracked by CoinMarketCap * 100,UTC,2026-02-22T00:00:00Z,2026-08-30T10:38:54Z,SETTLED_COMPLETE_DATE,NOT_COMPUTABLE,PASS,PUBLIC_SOURCE_BACKED,Direct CMC historical global-metrics BTC dominance; not TradingView top-125 convention.
2026-02-23,58.4373,CMC_GLOBAL_METRICS_BTC_DOMINANCE,CoinMarketCap,CMC_DIRECT_SOURCE_CONVENTION: Bitcoin market cap / total market cap of cryptoassets tracked by CoinMarketCap * 100,UTC,2026-02-23T00:00:00Z,2026-08-30T10:38:54Z,SETTLED_COMPLETE_DATE,NOT_COMPUTABLE,PASS,PUBLIC_SOURCE_BACKED,Direct CMC historical global-metrics BTC dominance; not TradingView top-125 convention.
2026-02-24,58.0576,CMC_GLOBAL_METRICS_BTC_DOMINANCE,CoinMarketCap,CMC_DIRECT_SOURCE_CONVENTION: Bitcoin market cap / total market cap of cryptoassets tracked by CoinMarketCap * 100,UTC,2026-02-24T00:00:00Z,2026-08-30T10:38:54Z,SETTLED_COMPLETE_DATE,NOT_COMPUTABLE,PASS,PUBLIC_SOURCE_BACKED,Direct CMC historical global-metrics BTC dominance; not TradingView top-125 convention.
2026-02-25,57.8675,CMC_GLOBAL_METRICS_BTC_DOMINANCE,CoinMarketCap,CMC_DIRECT_SOURCE_CONVENTION: Bitcoin market cap / total market cap of cryptoassets tracked by CoinMarketCap * 100,UTC,2026-02-25T00:00:00Z,2026-08-30T10:38:54Z,SETTLED_COMPLETE_DATE,NOT_COMPUTABLE,PASS,PUBLIC_SOURCE_BACKED,Direct CMC historical global-metrics BTC dominance; not TradingView top-125 convention.
2026-02-26,57.9181,CMC_GLOBAL_METRICS_BTC_DOMINANCE,CoinMarketCap,CMC_DIRECT_SOURCE_CONVENTION: Bitcoin market cap / total market cap of cryptoassets tracked by CoinMarketCap * 100,UTC,2026-02-26T00:00:00Z,2026-08-30T10:38:54Z,SETTLED_COMPLETE_DATE,NOT_COMPUTABLE,PASS,PUBLIC_SOURCE_BACKED,Direct CMC historical global-metrics BTC dominance; not TradingView top-125 convention.
2026-02-27,57.9748,CMC_GLOBAL_METRICS_BTC_DOMINANCE,CoinMarketCap,CMC_DIRECT_SOURCE_CONVENTION: Bitcoin market cap / total market cap of cryptoassets tracked by CoinMarketCap * 100,UTC,2026-02-27T00:00:00Z,2026-08-30T10:38:54Z,SETTLED_COMPLETE_DATE,NOT_COMPUTABLE,PASS,PUBLIC_SOURCE_BACKED,Direct CMC historical global-metrics BTC dominance; not TradingView top-125 convention.
2026-02-28,57.9767,CMC_GLOBAL_METRICS_BTC_DOMINANCE,CoinMarketCap,CMC_DIRECT_SOURCE_CONVENTION: Bitcoin market cap / total market cap of cryptoassets tracked by CoinMarketCap * 100,UTC,2026-02-28T00:00:00Z,2026-08-30T10:38:54Z,SETTLED_COMPLETE_DATE,NOT_COMPUTABLE,PASS,PUBLIC_SOURCE_BACKED,Direct CMC historical global-metrics BTC dominance; not TradingView top-125 convention.
2026-03-01,58.1458,CMC_GLOBAL_METRICS_BTC_DOMINANCE,CoinMarketCap,CMC_DIRECT_SOURCE_CONVENTION: Bitcoin market cap / total market cap of cryptoassets tracked by CoinMarketCap * 100,UTC,2026-03-01T00:00:00Z,2026-08-30T10:38:54Z,SETTLED_COMPLETE_DATE,NOT_COMPUTABLE,PASS,PUBLIC_SOURCE_BACKED,Direct CMC historical global-metrics BTC dominance; not TradingView top-125 convention.
2026-03-02,57.9156,CMC_GLOBAL_METRICS_BTC_DOMINANCE,CoinMarketCap,CMC_DIRECT_SOURCE_CONVENTION: Bitcoin market cap / total market cap of cryptoassets tracked by CoinMarketCap * 100,UTC,2026-03-02T00:00:00Z,2026-08-30T10:38:54Z,SETTLED_COMPLETE_DATE,NOT_COMPUTABLE,PASS,PUBLIC_SOURCE_BACKED,Direct CMC historical global-metrics BTC dominance; not TradingView top-125 convention.
2026-03-03,58.4597,CMC_GLOBAL_METRICS_BTC_DOMINANCE,CoinMarketCap,CMC_DIRECT_SOURCE_CONVENTION: Bitcoin market cap / total market cap of cryptoassets tracked by CoinMarketCap * 100,UTC,2026-03-03T00:00:00Z,2026-08-30T10:38:54Z,SETTLED_COMPLETE_DATE,NOT_COMPUTABLE,PASS,PUBLIC_SOURCE_BACKED,Direct CMC historical global-metrics BTC dominance; not TradingView top-125 convention.
2026-03-04,58.5303,CMC_GLOBAL_METRICS_BTC_DOMINANCE,CoinMarketCap,CMC_DIRECT_SOURCE_CONVENTION: Bitcoin market cap / total market cap of cryptoassets tracked by CoinMarketCap * 100,UTC,2026-03-04T00:00:00Z,2026-08-30T10:38:54Z,SETTLED_COMPLETE_DATE,NOT_COMPUTABLE,PASS,PUBLIC_SOURCE_BACKED,Direct CMC historical global-metrics BTC dominance; not TradingView top-125 convention.
2026-03-05,59.1958,CMC_GLOBAL_METRICS_BTC_DOMINANCE,CoinMarketCap,CMC_DIRECT_SOURCE_CONVENTION: Bitcoin market cap / total market cap of cryptoassets tracked by CoinMarketCap * 100,UTC,2026-03-05T00:00:00Z,2026-08-30T10:38:54Z,SETTLED_COMPLETE_DATE,NOT_COMPUTABLE,PASS,PUBLIC_SOURCE_BACKED,Direct CMC historical global-metrics BTC dominance; not TradingView top-125 convention.
2026-03-06,58.8972,CMC_GLOBAL_METRICS_BTC_DOMINANCE,CoinMarketCap,CMC_DIRECT_SOURCE_CONVENTION: Bitcoin market cap / total market cap of cryptoassets tracked by CoinMarketCap * 100,UTC,2026-03-06T00:00:00Z,2026-08-30T10:38:54Z,SETTLED_COMPLETE_DATE,NOT_COMPUTABLE,PASS,PUBLIC_SOURCE_BACKED,Direct CMC historical global-metrics BTC dominance; not TradingView top-125 convention.
2026-03-07,58.5263,CMC_GLOBAL_METRICS_BTC_DOMINANCE,CoinMarketCap,CMC_DIRECT_SOURCE_CONVENTION: Bitcoin market cap / total market cap of cryptoassets tracked by CoinMarketCap * 100,UTC,2026-03-07T00:00:00Z,2026-08-30T10:38:54Z,SETTLED_COMPLETE_DATE,NOT_COMPUTABLE,PASS,PUBLIC_SOURCE_BACKED,Direct CMC historical global-metrics BTC dominance; not TradingView top-125 convention.
2026-03-08,58.3604,CMC_GLOBAL_METRICS_BTC_DOMINANCE,CoinMarketCap,CMC_DIRECT_SOURCE_CONVENTION: Bitcoin market cap / total market cap of cryptoassets tracked by CoinMarketCap * 100,UTC,2026-03-08T00:00:00Z,2026-08-30T10:38:54Z,SETTLED_COMPLETE_DATE,NOT_COMPUTABLE,PASS,PUBLIC_SOURCE_BACKED,Direct CMC historical global-metrics BTC dominance; not TradingView top-125 convention.
2026-03-09,58.1218,CMC_GLOBAL_METRICS_BTC_DOMINANCE,CoinMarketCap,CMC_DIRECT_SOURCE_CONVENTION: Bitcoin market cap / total market cap of cryptoassets tracked by CoinMarketCap * 100,UTC,2026-03-09T00:00:00Z,2026-08-30T10:38:54Z,SETTLED_COMPLETE_DATE,NOT_COMPUTABLE,PASS,PUBLIC_SOURCE_BACKED,Direct CMC historical global-metrics BTC dominance; not TradingView top-125 convention.
2026-03-10,58.544,CMC_GLOBAL_METRICS_BTC_DOMINANCE,CoinMarketCap,CMC_DIRECT_SOURCE_CONVENTION: Bitcoin market cap / total market cap of cryptoassets tracked by CoinMarketCap * 100,UTC,2026-03-10T00:00:00Z,2026-08-30T10:38:54Z,SETTLED_COMPLETE_DATE,NOT_COMPUTABLE,PASS,PUBLIC_SOURCE_BACKED,Direct CMC historical global-metrics BTC dominance; not TradingView top-125 convention.
2026-03-11,58.776,CMC_GLOBAL_METRICS_BTC_DOMINANCE,CoinMarketCap,CMC_DIRECT_SOURCE_CONVENTION: Bitcoin market cap / total market cap of cryptoassets tracked by CoinMarketCap * 100,UTC,2026-03-11T00:00:00Z,2026-08-30T10:38:54Z,SETTLED_COMPLETE_DATE,NOT_COMPUTABLE,PASS,PUBLIC_SOURCE_BACKED,Direct CMC historical global-metrics BTC dominance; not TradingView top-125 convention.
2026-03-12,58.7023,CMC_GLOBAL_METRICS_BTC_DOMINANCE,CoinMarketCap,CMC_DIRECT_SOURCE_CONVENTION: Bitcoin market cap / total market cap of cryptoassets tracked by CoinMarketCap * 100,UTC,2026-03-12T00:00:00Z,2026-08-30T10:38:54Z,SETTLED_COMPLETE_DATE,NOT_COMPUTABLE,PASS,PUBLIC_SOURCE_BACKED,Direct CMC historical global-metrics BTC dominance; not TradingView top-125 convention.
2026-03-13,58.6906,CMC_GLOBAL_METRICS_BTC_DOMINANCE,CoinMarketCap,CMC_DIRECT_SOURCE_CONVENTION: Bitcoin market cap / total market cap of cryptoassets tracked by CoinMarketCap * 100,UTC,2026-03-13T00:00:00Z,2026-08-30T10:38:54Z,SETTLED_COMPLETE_DATE,NOT_COMPUTABLE,PASS,PUBLIC_SOURCE_BACKED,Direct CMC historical global-metrics BTC dominance; not TradingView top-125 convention.
2026-03-14,58.7378,CMC_GLOBAL_METRICS_BTC_DOMINANCE,CoinMarketCap,CMC_DIRECT_SOURCE_CONVENTION: Bitcoin market cap / total market cap of cryptoassets tracked by CoinMarketCap * 100,UTC,2026-03-14T00:00:00Z,2026-08-30T10:38:54Z,SETTLED_COMPLETE_DATE,NOT_COMPUTABLE,PASS,PUBLIC_SOURCE_BACKED,Direct CMC historical global-metrics BTC dominance; not TradingView top-125 convention.
2026-03-15,58.7661,CMC_GLOBAL_METRICS_BTC_DOMINANCE,CoinMarketCap,CMC_DIRECT_SOURCE_CONVENTION: Bitcoin market cap / total market cap of cryptoassets tracked by CoinMarketCap * 100,UTC,2026-03-15T00:00:00Z,2026-08-30T10:38:54Z,SETTLED_COMPLETE_DATE,NOT_COMPUTABLE,PASS,PUBLIC_SOURCE_BACKED,Direct CMC historical global-metrics BTC dominance; not TradingView top-125 convention.
2026-03-16,58.826,CMC_GLOBAL_METRICS_BTC_DOMINANCE,CoinMarketCap,CMC_DIRECT_SOURCE_CONVENTION: Bitcoin market cap / total market cap of cryptoassets tracked by CoinMarketCap * 100,UTC,2026-03-16T00:00:00Z,2026-08-30T10:38:54Z,SETTLED_COMPLETE_DATE,NOT_COMPUTABLE,PASS,PUBLIC_SOURCE_BACKED,Direct CMC historical global-metrics BTC dominance; not TradingView top-125 convention.
2026-03-17,58.5796,CMC_GLOBAL_METRICS_BTC_DOMINANCE,CoinMarketCap,CMC_DIRECT_SOURCE_CONVENTION: Bitcoin market cap / total market cap of cryptoassets tracked by CoinMarketCap * 100,UTC,2026-03-17T00:00:00Z,2026-08-30T10:38:54Z,SETTLED_COMPLETE_DATE,NOT_COMPUTABLE,PASS,PUBLIC_SOURCE_BACKED,Direct CMC historical global-metrics BTC dominance; not TradingView top-125 convention.
2026-03-18,58.4988,CMC_GLOBAL_METRICS_BTC_DOMINANCE,CoinMarketCap,CMC_DIRECT_SOURCE_CONVENTION: Bitcoin market cap / total market cap of cryptoassets tracked by CoinMarketCap * 100,UTC,2026-03-18T00:00:00Z,2026-08-30T10:38:54Z,SETTLED_COMPLETE_DATE,NOT_COMPUTABLE,PASS,PUBLIC_SOURCE_BACKED,Direct CMC historical global-metrics BTC dominance; not TradingView top-125 convention.
2026-03-19,58.3076,CMC_GLOBAL_METRICS_BTC_DOMINANCE,CoinMarketCap,CMC_DIRECT_SOURCE_CONVENTION: Bitcoin market cap / total market cap of cryptoassets tracked by CoinMarketCap * 100,UTC,2026-03-19T00:00:00Z,2026-08-30T10:38:54Z,SETTLED_COMPLETE_DATE,NOT_COMPUTABLE,PASS,PUBLIC_SOURCE_BACKED,Direct CMC historical global-metrics BTC dominance; not TradingView top-125 convention.
2026-03-20,58.2034,CMC_GLOBAL_METRICS_BTC_DOMINANCE,CoinMarketCap,CMC_DIRECT_SOURCE_CONVENTION: Bitcoin market cap / total market cap of cryptoassets tracked by CoinMarketCap * 100,UTC,2026-03-20T00:00:00Z,2026-08-30T10:38:54Z,SETTLED_COMPLETE_DATE,NOT_COMPUTABLE,PASS,PUBLIC_SOURCE_BACKED,Direct CMC historical global-metrics BTC dominance; not TradingView top-125 convention.
2026-03-21,58.362,CMC_GLOBAL_METRICS_BTC_DOMINANCE,CoinMarketCap,CMC_DIRECT_SOURCE_CONVENTION: Bitcoin market cap / total market cap of cryptoassets tracked by CoinMarketCap * 100,UTC,2026-03-21T00:00:00Z,2026-08-30T10:38:54Z,SETTLED_COMPLETE_DATE,NOT_COMPUTABLE,PASS,PUBLIC_SOURCE_BACKED,Direct CMC historical global-metrics BTC dominance; not TradingView top-125 convention.
2026-03-22,58.1525,CMC_GLOBAL_METRICS_BTC_DOMINANCE,CoinMarketCap,CMC_DIRECT_SOURCE_CONVENTION: Bitcoin market cap / total market cap of cryptoassets tracked by CoinMarketCap * 100,UTC,2026-03-22T00:00:00Z,2026-08-30T10:38:54Z,SETTLED_COMPLETE_DATE,NOT_COMPUTABLE,PASS,PUBLIC_SOURCE_BACKED,Direct CMC historical global-metrics BTC dominance; not TradingView top-125 convention.
2026-03-23,58.0662,CMC_GLOBAL_METRICS_BTC_DOMINANCE,CoinMarketCap,CMC_DIRECT_SOURCE_CONVENTION: Bitcoin market cap / total market cap of cryptoassets tracked by CoinMarketCap * 100,UTC,2026-03-23T00:00:00Z,2026-08-30T10:38:54Z,SETTLED_COMPLETE_DATE,NOT_COMPUTABLE,PASS,PUBLIC_SOURCE_BACKED,Direct CMC historical global-metrics BTC dominance; not TradingView top-125 convention.
2026-03-24,58.4511,CMC_GLOBAL_METRICS_BTC_DOMINANCE,CoinMarketCap,CMC_DIRECT_SOURCE_CONVENTION: Bitcoin market cap / total market cap of cryptoassets tracked by CoinMarketCap * 100,UTC,2026-03-24T00:00:00Z,2026-08-30T10:38:54Z,SETTLED_COMPLETE_DATE,NOT_COMPUTABLE,PASS,PUBLIC_SOURCE_BACKED,Direct CMC historical global-metrics BTC dominance; not TradingView top-125 convention.
2026-03-25,58.349,CMC_GLOBAL_METRICS_BTC_DOMINANCE,CoinMarketCap,CMC_DIRECT_SOURCE_CONVENTION: Bitcoin market cap / total market cap of cryptoassets tracked by CoinMarketCap * 100,UTC,2026-03-25T00:00:00Z,2026-08-30T10:38:54Z,SETTLED_COMPLETE_DATE,NOT_COMPUTABLE,PASS,PUBLIC_SOURCE_BACKED,Direct CMC historical global-metrics BTC dominance; not TradingView top-125 convention.
2026-03-26,58.4225,CMC_GLOBAL_METRICS_BTC_DOMINANCE,CoinMarketCap,CMC_DIRECT_SOURCE_CONVENTION: Bitcoin market cap / total market cap of cryptoassets tracked by CoinMarketCap * 100,UTC,2026-03-26T00:00:00Z,2026-08-30T10:38:54Z,SETTLED_COMPLETE_DATE,NOT_COMPUTABLE,PASS,PUBLIC_SOURCE_BACKED,Direct CMC historical global-metrics BTC dominance; not TradingView top-125 convention.
2026-03-27,58.3307,CMC_GLOBAL_METRICS_BTC_DOMINANCE,CoinMarketCap,CMC_DIRECT_SOURCE_CONVENTION: Bitcoin market cap / total market cap of cryptoassets tracked by CoinMarketCap * 100,UTC,2026-03-27T00:00:00Z,2026-08-30T10:38:54Z,SETTLED_COMPLETE_DATE,NOT_COMPUTABLE,PASS,PUBLIC_SOURCE_BACKED,Direct CMC historical global-metrics BTC dominance; not TradingView top-125 convention.
2026-03-28,57.9639,CMC_GLOBAL_METRICS_BTC_DOMINANCE,CoinMarketCap,CMC_DIRECT_SOURCE_CONVENTION: Bitcoin market cap / total market cap of cryptoassets tracked by CoinMarketCap * 100,UTC,2026-03-28T00:00:00Z,2026-08-30T10:38:54Z,SETTLED_COMPLETE_DATE,NOT_COMPUTABLE,PASS,PUBLIC_SOURCE_BACKED,Direct CMC historical global-metrics BTC dominance; not TradingView top-125 convention.
2026-03-29,57.9106,CMC_GLOBAL_METRICS_BTC_DOMINANCE,CoinMarketCap,CMC_DIRECT_SOURCE_CONVENTION: Bitcoin market cap / total market cap of cryptoassets tracked by CoinMarketCap * 100,UTC,2026-03-29T00:00:00Z,2026-08-30T10:38:54Z,SETTLED_COMPLETE_DATE,NOT_COMPUTABLE,PASS,PUBLIC_SOURCE_BACKED,Direct CMC historical global-metrics BTC dominance; not TradingView top-125 convention.
2026-03-30,57.8964,CMC_GLOBAL_METRICS_BTC_DOMINANCE,CoinMarketCap,CMC_DIRECT_SOURCE_CONVENTION: Bitcoin market cap / total market cap of cryptoassets tracked by CoinMarketCap * 100,UTC,2026-03-30T00:00:00Z,2026-08-30T10:38:54Z,SETTLED_COMPLETE_DATE,NOT_COMPUTABLE,PASS,PUBLIC_SOURCE_BACKED,Direct CMC historical global-metrics BTC dominance; not TradingView top-125 convention.
2026-03-31,58.003,CMC_GLOBAL_METRICS_BTC_DOMINANCE,CoinMarketCap,CMC_DIRECT_SOURCE_CONVENTION: Bitcoin market cap / total market cap of cryptoassets tracked by CoinMarketCap * 100,UTC,2026-03-31T00:00:00Z,2026-08-30T10:38:54Z,SETTLED_COMPLETE_DATE,NOT_COMPUTABLE,PASS,PUBLIC_SOURCE_BACKED,Direct CMC historical global-metrics BTC dominance; not TradingView top-125 convention.
2026-04-01,58.1975,CMC_GLOBAL_METRICS_BTC_DOMINANCE,CoinMarketCap,CMC_DIRECT_SOURCE_CONVENTION: Bitcoin market cap / total market cap of cryptoassets tracked by CoinMarketCap * 100,UTC,2026-04-01T00:00:00Z,2026-08-30T10:38:54Z,SETTLED_COMPLETE_DATE,NOT_COMPUTABLE,PASS,PUBLIC_SOURCE_BACKED,Direct CMC historical global-metrics BTC dominance; not TradingView top-125 convention.
2026-04-02,58.0117,CMC_GLOBAL_METRICS_BTC_DOMINANCE,CoinMarketCap,CMC_DIRECT_SOURCE_CONVENTION: Bitcoin market cap / total market cap of cryptoassets tracked by CoinMarketCap * 100,UTC,2026-04-02T00:00:00Z,2026-08-30T10:38:54Z,SETTLED_COMPLETE_DATE,NOT_COMPUTABLE,PASS,PUBLIC_SOURCE_BACKED,Direct CMC historical global-metrics BTC dominance; not TradingView top-125 convention.
2026-04-03,58.1008,CMC_GLOBAL_METRICS_BTC_DOMINANCE,CoinMarketCap,CMC_DIRECT_SOURCE_CONVENTION: Bitcoin market cap / total market cap of cryptoassets tracked by CoinMarketCap * 100,UTC,2026-04-03T00:00:00Z,2026-08-30T10:38:54Z,SETTLED_COMPLETE_DATE,NOT_COMPUTABLE,PASS,PUBLIC_SOURCE_BACKED,Direct CMC historical global-metrics BTC dominance; not TradingView top-125 convention.
2026-04-04,58.084,CMC_GLOBAL_METRICS_BTC_DOMINANCE,CoinMarketCap,CMC_DIRECT_SOURCE_CONVENTION: Bitcoin market cap / total market cap of cryptoassets tracked by CoinMarketCap * 100,UTC,2026-04-04T00:00:00Z,2026-08-30T10:38:54Z,SETTLED_COMPLETE_DATE,NOT_COMPUTABLE,PASS,PUBLIC_SOURCE_BACKED,Direct CMC historical global-metrics BTC dominance; not TradingView top-125 convention.
2026-04-05,58.0873,CMC_GLOBAL_METRICS_BTC_DOMINANCE,CoinMarketCap,CMC_DIRECT_SOURCE_CONVENTION: Bitcoin market cap / total market cap of cryptoassets tracked by CoinMarketCap * 100,UTC,2026-04-05T00:00:00Z,2026-08-30T10:38:54Z,SETTLED_COMPLETE_DATE,NOT_COMPUTABLE,PASS,PUBLIC_SOURCE_BACKED,Direct CMC historical global-metrics BTC dominance; not TradingView top-125 convention.
2026-04-06,58.4894,CMC_GLOBAL_METRICS_BTC_DOMINANCE,CoinMarketCap,CMC_DIRECT_SOURCE_CONVENTION: Bitcoin market cap / total market cap of cryptoassets tracked by CoinMarketCap * 100,UTC,2026-04-06T00:00:00Z,2026-08-30T10:38:54Z,SETTLED_COMPLETE_DATE,NOT_COMPUTABLE,PASS,PUBLIC_SOURCE_BACKED,Direct CMC historical global-metrics BTC dominance; not TradingView top-125 convention.
2026-04-07,58.5454,CMC_GLOBAL_METRICS_BTC_DOMINANCE,CoinMarketCap,CMC_DIRECT_SOURCE_CONVENTION: Bitcoin market cap / total market cap of cryptoassets tracked by CoinMarketCap * 100,UTC,2026-04-07T00:00:00Z,2026-08-30T10:38:54Z,SETTLED_COMPLETE_DATE,NOT_COMPUTABLE,PASS,PUBLIC_SOURCE_BACKED,Direct CMC historical global-metrics BTC dominance; not TradingView top-125 convention.
2026-04-08,58.7047,CMC_GLOBAL_METRICS_BTC_DOMINANCE,CoinMarketCap,CMC_DIRECT_SOURCE_CONVENTION: Bitcoin market cap / total market cap of cryptoassets tracked by CoinMarketCap * 100,UTC,2026-04-08T00:00:00Z,2026-08-30T10:38:54Z,SETTLED_COMPLETE_DATE,NOT_COMPUTABLE,PASS,PUBLIC_SOURCE_BACKED,Direct CMC historical global-metrics BTC dominance; not TradingView top-125 convention.
2026-04-09,58.8573,CMC_GLOBAL_METRICS_BTC_DOMINANCE,CoinMarketCap,CMC_DIRECT_SOURCE_CONVENTION: Bitcoin market cap / total market cap of cryptoassets tracked by CoinMarketCap * 100,UTC,2026-04-09T00:00:00Z,2026-08-30T10:38:54Z,SETTLED_COMPLETE_DATE,NOT_COMPUTABLE,PASS,PUBLIC_SOURCE_BACKED,Direct CMC historical global-metrics BTC dominance; not TradingView top-125 convention.
2026-04-10,58.9868,CMC_GLOBAL_METRICS_BTC_DOMINANCE,CoinMarketCap,CMC_DIRECT_SOURCE_CONVENTION: Bitcoin market cap / total market cap of cryptoassets tracked by CoinMarketCap * 100,UTC,2026-04-10T00:00:00Z,2026-08-30T10:38:54Z,SETTLED_COMPLETE_DATE,NOT_COMPUTABLE,PASS,PUBLIC_SOURCE_BACKED,Direct CMC historical global-metrics BTC dominance; not TradingView top-125 convention.
2026-04-11,59.1501,CMC_GLOBAL_METRICS_BTC_DOMINANCE,CoinMarketCap,CMC_DIRECT_SOURCE_CONVENTION: Bitcoin market cap / total market cap of cryptoassets tracked by CoinMarketCap * 100,UTC,2026-04-11T00:00:00Z,2026-08-30T10:38:54Z,SETTLED_COMPLETE_DATE,NOT_COMPUTABLE,PASS,PUBLIC_SOURCE_BACKED,Direct CMC historical global-metrics BTC dominance; not TradingView top-125 convention.
2026-04-12,59.0471,CMC_GLOBAL_METRICS_BTC_DOMINANCE,CoinMarketCap,CMC_DIRECT_SOURCE_CONVENTION: Bitcoin market cap / total market cap of cryptoassets tracked by CoinMarketCap * 100,UTC,2026-04-12T00:00:00Z,2026-08-30T10:38:54Z,SETTLED_COMPLETE_DATE,NOT_COMPUTABLE,PASS,PUBLIC_SOURCE_BACKED,Direct CMC historical global-metrics BTC dominance; not TradingView top-125 convention.
2026-04-13,58.8005,CMC_GLOBAL_METRICS_BTC_DOMINANCE,CoinMarketCap,CMC_DIRECT_SOURCE_CONVENTION: Bitcoin market cap / total market cap of cryptoassets tracked by CoinMarketCap * 100,UTC,2026-04-13T00:00:00Z,2026-08-30T10:38:54Z,SETTLED_COMPLETE_DATE,NOT_COMPUTABLE,PASS,PUBLIC_SOURCE_BACKED,Direct CMC historical global-metrics BTC dominance; not TradingView top-125 convention.
2026-04-14,59.0885,CMC_GLOBAL_METRICS_BTC_DOMINANCE,CoinMarketCap,CMC_DIRECT_SOURCE_CONVENTION: Bitcoin market cap / total market cap of cryptoassets tracked by CoinMarketCap * 100,UTC,2026-04-14T00:00:00Z,2026-08-30T10:38:54Z,SETTLED_COMPLETE_DATE,NOT_COMPUTABLE,PASS,PUBLIC_SOURCE_BACKED,Direct CMC historical global-metrics BTC dominance; not TradingView top-125 convention.
2026-04-15,59.1771,CMC_GLOBAL_METRICS_BTC_DOMINANCE,CoinMarketCap,CMC_DIRECT_SOURCE_CONVENTION: Bitcoin market cap / total market cap of cryptoassets tracked by CoinMarketCap * 100,UTC,2026-04-15T00:00:00Z,2026-08-30T10:38:54Z,SETTLED_COMPLETE_DATE,NOT_COMPUTABLE,PASS,PUBLIC_SOURCE_BACKED,Direct CMC historical global-metrics BTC dominance; not TradingView top-125 convention.
2026-04-16,59.1553,CMC_GLOBAL_METRICS_BTC_DOMINANCE,CoinMarketCap,CMC_DIRECT_SOURCE_CONVENTION: Bitcoin market cap / total market cap of cryptoassets tracked by CoinMarketCap * 100,UTC,2026-04-16T00:00:00Z,2026-08-30T10:38:54Z,SETTLED_COMPLETE_DATE,NOT_COMPUTABLE,PASS,PUBLIC_SOURCE_BACKED,Direct CMC historical global-metrics BTC dominance; not TradingView top-125 convention.
2026-04-17,58.8656,CMC_GLOBAL_METRICS_BTC_DOMINANCE,CoinMarketCap,CMC_DIRECT_SOURCE_CONVENTION: Bitcoin market cap / total market cap of cryptoassets tracked by CoinMarketCap * 100,UTC,2026-04-17T00:00:00Z,2026-08-30T10:38:54Z,SETTLED_COMPLETE_DATE,NOT_COMPUTABLE,PASS,PUBLIC_SOURCE_BACKED,Direct CMC historical global-metrics BTC dominance; not TradingView top-125 convention.
2026-04-18,59.1738,CMC_GLOBAL_METRICS_BTC_DOMINANCE,CoinMarketCap,CMC_DIRECT_SOURCE_CONVENTION: Bitcoin market cap / total market cap of cryptoassets tracked by CoinMarketCap * 100,UTC,2026-04-18T00:00:00Z,2026-08-30T10:38:54Z,SETTLED_COMPLETE_DATE,NOT_COMPUTABLE,PASS,PUBLIC_SOURCE_BACKED,Direct CMC historical global-metrics BTC dominance; not TradingView top-125 convention.
2026-04-19,59.3544,CMC_GLOBAL_METRICS_BTC_DOMINANCE,CoinMarketCap,CMC_DIRECT_SOURCE_CONVENTION: Bitcoin market cap / total market cap of cryptoassets tracked by CoinMarketCap * 100,UTC,2026-04-19T00:00:00Z,2026-08-30T10:38:54Z,SETTLED_COMPLETE_DATE,NOT_COMPUTABLE,PASS,PUBLIC_SOURCE_BACKED,Direct CMC historical global-metrics BTC dominance; not TradingView top-125 convention.
2026-04-20,59.2437,CMC_GLOBAL_METRICS_BTC_DOMINANCE,CoinMarketCap,CMC_DIRECT_SOURCE_CONVENTION: Bitcoin market cap / total market cap of cryptoassets tracked by CoinMarketCap * 100,UTC,2026-04-20T00:00:00Z,2026-08-30T10:38:54Z,SETTLED_COMPLETE_DATE,NOT_COMPUTABLE,PASS,PUBLIC_SOURCE_BACKED,Direct CMC historical global-metrics BTC dominance; not TradingView top-125 convention.
2026-04-21,59.5635,CMC_GLOBAL_METRICS_BTC_DOMINANCE,CoinMarketCap,CMC_DIRECT_SOURCE_CONVENTION: Bitcoin market cap / total market cap of cryptoassets tracked by CoinMarketCap * 100,UTC,2026-04-21T00:00:00Z,2026-08-30T10:38:54Z,SETTLED_COMPLETE_DATE,NOT_COMPUTABLE,PASS,PUBLIC_SOURCE_BACKED,Direct CMC historical global-metrics BTC dominance; not TradingView top-125 convention.
2026-04-22,59.6048,CMC_GLOBAL_METRICS_BTC_DOMINANCE,CoinMarketCap,CMC_DIRECT_SOURCE_CONVENTION: Bitcoin market cap / total market cap of cryptoassets tracked by CoinMarketCap * 100,UTC,2026-04-22T00:00:00Z,2026-08-30T10:38:54Z,SETTLED_COMPLETE_DATE,NOT_COMPUTABLE,PASS,PUBLIC_SOURCE_BACKED,Direct CMC historical global-metrics BTC dominance; not TradingView top-125 convention.
2026-04-23,59.9697,CMC_GLOBAL_METRICS_BTC_DOMINANCE,CoinMarketCap,CMC_DIRECT_SOURCE_CONVENTION: Bitcoin market cap / total market cap of cryptoassets tracked by CoinMarketCap * 100,UTC,2026-04-23T00:00:00Z,2026-08-30T10:38:54Z,SETTLED_COMPLETE_DATE,NOT_COMPUTABLE,PASS,PUBLIC_SOURCE_BACKED,Direct CMC historical global-metrics BTC dominance; not TradingView top-125 convention.
2026-04-24,60.0894,CMC_GLOBAL_METRICS_BTC_DOMINANCE,CoinMarketCap,CMC_DIRECT_SOURCE_CONVENTION: Bitcoin market cap / total market cap of cryptoassets tracked by CoinMarketCap * 100,UTC,2026-04-24T00:00:00Z,2026-08-30T10:38:54Z,SETTLED_COMPLETE_DATE,NOT_COMPUTABLE,PASS,PUBLIC_SOURCE_BACKED,Direct CMC historical global-metrics BTC dominance; not TradingView top-125 convention.
2026-04-25,59.9157,CMC_GLOBAL_METRICS_BTC_DOMINANCE,CoinMarketCap,CMC_DIRECT_SOURCE_CONVENTION: Bitcoin market cap / total market cap of cryptoassets tracked by CoinMarketCap * 100,UTC,2026-04-25T00:00:00Z,2026-08-30T10:38:54Z,SETTLED_COMPLETE_DATE,NOT_COMPUTABLE,PASS,PUBLIC_SOURCE_BACKED,Direct CMC historical global-metrics BTC dominance; not TradingView top-125 convention.
2026-04-26,59.9978,CMC_GLOBAL_METRICS_BTC_DOMINANCE,CoinMarketCap,CMC_DIRECT_SOURCE_CONVENTION: Bitcoin market cap / total market cap of cryptoassets tracked by CoinMarketCap * 100,UTC,2026-04-26T00:00:00Z,2026-08-30T10:38:54Z,SETTLED_COMPLETE_DATE,NOT_COMPUTABLE,PASS,PUBLIC_SOURCE_BACKED,Direct CMC historical global-metrics BTC dominance; not TradingView top-125 convention.
2026-04-27,60.0425,CMC_GLOBAL_METRICS_BTC_DOMINANCE,CoinMarketCap,CMC_DIRECT_SOURCE_CONVENTION: Bitcoin market cap / total market cap of cryptoassets tracked by CoinMarketCap * 100,UTC,2026-04-27T00:00:00Z,2026-08-30T10:38:54Z,SETTLED_COMPLETE_DATE,NOT_COMPUTABLE,PASS,PUBLIC_SOURCE_BACKED,Direct CMC historical global-metrics BTC dominance; not TradingView top-125 convention.
2026-04-28,60.0384,CMC_GLOBAL_METRICS_BTC_DOMINANCE,CoinMarketCap,CMC_DIRECT_SOURCE_CONVENTION: Bitcoin market cap / total market cap of cryptoassets tracked by CoinMarketCap * 100,UTC,2026-04-28T00:00:00Z,2026-08-30T10:38:54Z,SETTLED_COMPLETE_DATE,NOT_COMPUTABLE,PASS,PUBLIC_SOURCE_BACKED,Direct CMC historical global-metrics BTC dominance; not TradingView top-125 convention.
2026-04-29,59.8556,CMC_GLOBAL_METRICS_BTC_DOMINANCE,CoinMarketCap,CMC_DIRECT_SOURCE_CONVENTION: Bitcoin market cap / total market cap of cryptoassets tracked by CoinMarketCap * 100,UTC,2026-04-29T00:00:00Z,2026-08-30T10:38:54Z,SETTLED_COMPLETE_DATE,NOT_COMPUTABLE,PASS,PUBLIC_SOURCE_BACKED,Direct CMC historical global-metrics BTC dominance; not TradingView top-125 convention.
2026-04-30,59.8359,CMC_GLOBAL_METRICS_BTC_DOMINANCE,CoinMarketCap,CMC_DIRECT_SOURCE_CONVENTION: Bitcoin market cap / total market cap of cryptoassets tracked by CoinMarketCap * 100,UTC,2026-04-30T00:00:00Z,2026-08-30T10:38:54Z,SETTLED_COMPLETE_DATE,NOT_COMPUTABLE,PASS,PUBLIC_SOURCE_BACKED,Direct CMC historical global-metrics BTC dominance; not TradingView top-125 convention.
2026-05-01,60.0353,CMC_GLOBAL_METRICS_BTC_DOMINANCE,CoinMarketCap,CMC_DIRECT_SOURCE_CONVENTION: Bitcoin market cap / total market cap of cryptoassets tracked by CoinMarketCap * 100,UTC,2026-05-01T00:00:00Z,2026-08-30T10:38:54Z,SETTLED_COMPLETE_DATE,NOT_COMPUTABLE,PASS,PUBLIC_SOURCE_BACKED,Direct CMC historical global-metrics BTC dominance; not TradingView top-125 convention.
2026-05-02,60.3784,CMC_GLOBAL_METRICS_BTC_DOMINANCE,CoinMarketCap,CMC_DIRECT_SOURCE_CONVENTION: Bitcoin market cap / total market cap of cryptoassets tracked by CoinMarketCap * 100,UTC,2026-05-02T00:00:00Z,2026-08-30T10:38:54Z,SETTLED_COMPLETE_DATE,NOT_COMPUTABLE,PASS,PUBLIC_SOURCE_BACKED,Direct CMC historical global-metrics BTC dominance; not TradingView top-125 convention.
2026-05-03,60.4187,CMC_GLOBAL_METRICS_BTC_DOMINANCE,CoinMarketCap,CMC_DIRECT_SOURCE_CONVENTION: Bitcoin market cap / total market cap of cryptoassets tracked by CoinMarketCap * 100,UTC,2026-05-03T00:00:00Z,2026-08-30T10:38:54Z,SETTLED_COMPLETE_DATE,NOT_COMPUTABLE,PASS,PUBLIC_SOURCE_BACKED,Direct CMC historical global-metrics BTC dominance; not TradingView top-125 convention.
2026-05-04,60.3608,CMC_GLOBAL_METRICS_BTC_DOMINANCE,CoinMarketCap,CMC_DIRECT_SOURCE_CONVENTION: Bitcoin market cap / total market cap of cryptoassets tracked by CoinMarketCap * 100,UTC,2026-05-04T00:00:00Z,2026-08-30T10:38:54Z,SETTLED_COMPLETE_DATE,NOT_COMPUTABLE,PASS,PUBLIC_SOURCE_BACKED,Direct CMC historical global-metrics BTC dominance; not TradingView top-125 convention.
2026-05-05,60.5702,CMC_GLOBAL_METRICS_BTC_DOMINANCE,CoinMarketCap,CMC_DIRECT_SOURCE_CONVENTION: Bitcoin market cap / total market cap of cryptoassets tracked by CoinMarketCap * 100,UTC,2026-05-05T00:00:00Z,2026-08-30T10:38:54Z,SETTLED_COMPLETE_DATE,NOT_COMPUTABLE,PASS,PUBLIC_SOURCE_BACKED,Direct CMC historical global-metrics BTC dominance; not TradingView top-125 convention.
2026-05-06,60.5409,CMC_GLOBAL_METRICS_BTC_DOMINANCE,CoinMarketCap,CMC_DIRECT_SOURCE_CONVENTION: Bitcoin market cap / total market cap of cryptoassets tracked by CoinMarketCap * 100,UTC,2026-05-06T00:00:00Z,2026-08-30T10:38:54Z,SETTLED_COMPLETE_DATE,NOT_COMPUTABLE,PASS,PUBLIC_SOURCE_BACKED,Direct CMC historical global-metrics BTC dominance; not TradingView top-125 convention.
2026-05-07,60.4407,CMC_GLOBAL_METRICS_BTC_DOMINANCE,CoinMarketCap,CMC_DIRECT_SOURCE_CONVENTION: Bitcoin market cap / total market cap of cryptoassets tracked by CoinMarketCap * 100,UTC,2026-05-07T00:00:00Z,2026-08-30T10:38:54Z,SETTLED_COMPLETE_DATE,NOT_COMPUTABLE,PASS,PUBLIC_SOURCE_BACKED,Direct CMC historical global-metrics BTC dominance; not TradingView top-125 convention.
2026-05-08,60.3362,CMC_GLOBAL_METRICS_BTC_DOMINANCE,CoinMarketCap,CMC_DIRECT_SOURCE_CONVENTION: Bitcoin market cap / total market cap of cryptoassets tracked by CoinMarketCap * 100,UTC,2026-05-08T00:00:00Z,2026-08-30T10:38:54Z,SETTLED_COMPLETE_DATE,NOT_COMPUTABLE,PASS,PUBLIC_SOURCE_BACKED,Direct CMC historical global-metrics BTC dominance; not TradingView top-125 convention.
2026-05-09,60.0308,CMC_GLOBAL_METRICS_BTC_DOMINANCE,CoinMarketCap,CMC_DIRECT_SOURCE_CONVENTION: Bitcoin market cap / total market cap of cryptoassets tracked by CoinMarketCap * 100,UTC,2026-05-09T00:00:00Z,2026-08-30T10:38:54Z,SETTLED_COMPLETE_DATE,NOT_COMPUTABLE,PASS,PUBLIC_SOURCE_BACKED,Direct CMC historical global-metrics BTC dominance; not TradingView top-125 convention.
2026-05-10,60.1535,CMC_GLOBAL_METRICS_BTC_DOMINANCE,CoinMarketCap,CMC_DIRECT_SOURCE_CONVENTION: Bitcoin market cap / total market cap of cryptoassets tracked by CoinMarketCap * 100,UTC,2026-05-10T00:00:00Z,2026-08-30T10:38:54Z,SETTLED_COMPLETE_DATE,NOT_COMPUTABLE,PASS,PUBLIC_SOURCE_BACKED,Direct CMC historical global-metrics BTC dominance; not TradingView top-125 convention.
2026-05-11,60.1625,CMC_GLOBAL_METRICS_BTC_DOMINANCE,CoinMarketCap,CMC_DIRECT_SOURCE_CONVENTION: Bitcoin market cap / total market cap of cryptoassets tracked by CoinMarketCap * 100,UTC,2026-05-11T00:00:00Z,2026-08-30T10:38:54Z,SETTLED_COMPLETE_DATE,NOT_COMPUTABLE,PASS,PUBLIC_SOURCE_BACKED,Direct CMC historical global-metrics BTC dominance; not TradingView top-125 convention.
2026-05-12,60.1544,CMC_GLOBAL_METRICS_BTC_DOMINANCE,CoinMarketCap,CMC_DIRECT_SOURCE_CONVENTION: Bitcoin market cap / total market cap of cryptoassets tracked by CoinMarketCap * 100,UTC,2026-05-12T00:00:00Z,2026-08-30T10:38:54Z,SETTLED_COMPLETE_DATE,NOT_COMPUTABLE,PASS,PUBLIC_SOURCE_BACKED,Direct CMC historical global-metrics BTC dominance; not TradingView top-125 convention.
2026-05-13,60.1625,CMC_GLOBAL_METRICS_BTC_DOMINANCE,CoinMarketCap,CMC_DIRECT_SOURCE_CONVENTION: Bitcoin market cap / total market cap of cryptoassets tracked by CoinMarketCap * 100,UTC,2026-05-13T00:00:00Z,2026-08-30T10:38:54Z,SETTLED_COMPLETE_DATE,NOT_COMPUTABLE,PASS,PUBLIC_SOURCE_BACKED,Direct CMC historical global-metrics BTC dominance; not TradingView top-125 convention.
2026-05-14,59.998,CMC_GLOBAL_METRICS_BTC_DOMINANCE,CoinMarketCap,CMC_DIRECT_SOURCE_CONVENTION: Bitcoin market cap / total market cap of cryptoassets tracked by CoinMarketCap * 100,UTC,2026-05-14T00:00:00Z,2026-08-30T10:38:54Z,SETTLED_COMPLETE_DATE,NOT_COMPUTABLE,PASS,PUBLIC_SOURCE_BACKED,Direct CMC historical global-metrics BTC dominance; not TradingView top-125 convention.
2026-05-15,60.2425,CMC_GLOBAL_METRICS_BTC_DOMINANCE,CoinMarketCap,CMC_DIRECT_SOURCE_CONVENTION: Bitcoin market cap / total market cap of cryptoassets tracked by CoinMarketCap * 100,UTC,2026-05-15T00:00:00Z,2026-08-30T10:38:54Z,SETTLED_COMPLETE_DATE,NOT_COMPUTABLE,PASS,PUBLIC_SOURCE_BACKED,Direct CMC historical global-metrics BTC dominance; not TradingView top-125 convention.
2026-05-16,60.1658,CMC_GLOBAL_METRICS_BTC_DOMINANCE,CoinMarketCap,CMC_DIRECT_SOURCE_CONVENTION: Bitcoin market cap / total market cap of cryptoassets tracked by CoinMarketCap * 100,UTC,2026-05-16T00:00:00Z,2026-08-30T10:38:54Z,SETTLED_COMPLETE_DATE,NOT_COMPUTABLE,PASS,PUBLIC_SOURCE_BACKED,Direct CMC historical global-metrics BTC dominance; not TradingView top-125 convention.
2026-05-17,60.1942,CMC_GLOBAL_METRICS_BTC_DOMINANCE,CoinMarketCap,CMC_DIRECT_SOURCE_CONVENTION: Bitcoin market cap / total market cap of cryptoassets tracked by CoinMarketCap * 100,UTC,2026-05-17T00:00:00Z,2026-08-30T10:38:54Z,SETTLED_COMPLETE_DATE,NOT_COMPUTABLE,PASS,PUBLIC_SOURCE_BACKED,Direct CMC historical global-metrics BTC dominance; not TradingView top-125 convention.
2026-05-18,60.2516,CMC_GLOBAL_METRICS_BTC_DOMINANCE,CoinMarketCap,CMC_DIRECT_SOURCE_CONVENTION: Bitcoin market cap / total market cap of cryptoassets tracked by CoinMarketCap * 100,UTC,2026-05-18T00:00:00Z,2026-08-30T10:38:54Z,SETTLED_COMPLETE_DATE,NOT_COMPUTABLE,PASS,PUBLIC_SOURCE_BACKED,Direct CMC historical global-metrics BTC dominance; not TradingView top-125 convention.
2026-05-19,60.114,CMC_GLOBAL_METRICS_BTC_DOMINANCE,CoinMarketCap,CMC_DIRECT_SOURCE_CONVENTION: Bitcoin market cap / total market cap of cryptoassets tracked by CoinMarketCap * 100,UTC,2026-05-19T00:00:00Z,2026-08-30T10:38:54Z,SETTLED_COMPLETE_DATE,NOT_COMPUTABLE,PASS,PUBLIC_SOURCE_BACKED,Direct CMC historical global-metrics BTC dominance; not TradingView top-125 convention.
2026-05-20,60.2126,CMC_GLOBAL_METRICS_BTC_DOMINANCE,CoinMarketCap,CMC_DIRECT_SOURCE_CONVENTION: Bitcoin market cap / total market cap of cryptoassets tracked by CoinMarketCap * 100,UTC,2026-05-20T00:00:00Z,2026-08-30T10:38:54Z,SETTLED_COMPLETE_DATE,NOT_COMPUTABLE,PASS,PUBLIC_SOURCE_BACKED,Direct CMC historical global-metrics BTC dominance; not TradingView top-125 convention.
2026-05-21,60.1647,CMC_GLOBAL_METRICS_BTC_DOMINANCE,CoinMarketCap,CMC_DIRECT_SOURCE_CONVENTION: Bitcoin market cap / total market cap of cryptoassets tracked by CoinMarketCap * 100,UTC,2026-05-21T00:00:00Z,2026-08-30T10:38:54Z,SETTLED_COMPLETE_DATE,NOT_COMPUTABLE,PASS,PUBLIC_SOURCE_BACKED,Direct CMC historical global-metrics BTC dominance; not TradingView top-125 convention.
2026-05-22,59.9798,CMC_GLOBAL_METRICS_BTC_DOMINANCE,CoinMarketCap,CMC_DIRECT_SOURCE_CONVENTION: Bitcoin market cap / total market cap of cryptoassets tracked by CoinMarketCap * 100,UTC,2026-05-22T00:00:00Z,2026-08-30T10:38:54Z,SETTLED_COMPLETE_DATE,NOT_COMPUTABLE,PASS,PUBLIC_SOURCE_BACKED,Direct CMC historical global-metrics BTC dominance; not TradingView top-125 convention.
2026-05-23,59.8595,CMC_GLOBAL_METRICS_BTC_DOMINANCE,CoinMarketCap,CMC_DIRECT_SOURCE_CONVENTION: Bitcoin market cap / total market cap of cryptoassets tracked by CoinMarketCap * 100,UTC,2026-05-23T00:00:00Z,2026-08-30T10:38:54Z,SETTLED_COMPLETE_DATE,NOT_COMPUTABLE,PASS,PUBLIC_SOURCE_BACKED,Direct CMC historical global-metrics BTC dominance; not TradingView top-125 convention.
2026-05-24,59.9206,CMC_GLOBAL_METRICS_BTC_DOMINANCE,CoinMarketCap,CMC_DIRECT_SOURCE_CONVENTION: Bitcoin market cap / total market cap of cryptoassets tracked by CoinMarketCap * 100,UTC,2026-05-24T00:00:00Z,2026-08-30T10:38:54Z,SETTLED_COMPLETE_DATE,NOT_COMPUTABLE,PASS,PUBLIC_SOURCE_BACKED,Direct CMC historical global-metrics BTC dominance; not TradingView top-125 convention.
2026-05-25,60.0834,CMC_GLOBAL_METRICS_BTC_DOMINANCE,CoinMarketCap,CMC_DIRECT_SOURCE_CONVENTION: Bitcoin market cap / total market cap of cryptoassets tracked by CoinMarketCap * 100,UTC,2026-05-25T00:00:00Z,2026-08-30T10:38:54Z,SETTLED_COMPLETE_DATE,NOT_COMPUTABLE,PASS,PUBLIC_SOURCE_BACKED,Direct CMC historical global-metrics BTC dominance; not TradingView top-125 convention.
2026-05-26,60.0261,CMC_GLOBAL_METRICS_BTC_DOMINANCE,CoinMarketCap,CMC_DIRECT_SOURCE_CONVENTION: Bitcoin market cap / total market cap of cryptoassets tracked by CoinMarketCap * 100,UTC,2026-05-26T00:00:00Z,2026-08-30T10:38:54Z,SETTLED_COMPLETE_DATE,NOT_COMPUTABLE,PASS,PUBLIC_SOURCE_BACKED,Direct CMC historical global-metrics BTC dominance; not TradingView top-125 convention.
2026-05-27,59.8726,CMC_GLOBAL_METRICS_BTC_DOMINANCE,CoinMarketCap,CMC_DIRECT_SOURCE_CONVENTION: Bitcoin market cap / total market cap of cryptoassets tracked by CoinMarketCap * 100,UTC,2026-05-27T00:00:00Z,2026-08-30T10:38:54Z,SETTLED_COMPLETE_DATE,NOT_COMPUTABLE,PASS,PUBLIC_SOURCE_BACKED,Direct CMC historical global-metrics BTC dominance; not TradingView top-125 convention.
2026-05-28,59.7148,CMC_GLOBAL_METRICS_BTC_DOMINANCE,CoinMarketCap,CMC_DIRECT_SOURCE_CONVENTION: Bitcoin market cap / total market cap of cryptoassets tracked by CoinMarketCap * 100,UTC,2026-05-28T00:00:00Z,2026-08-30T10:38:54Z,SETTLED_COMPLETE_DATE,NOT_COMPUTABLE,PASS,PUBLIC_SOURCE_BACKED,Direct CMC historical global-metrics BTC dominance; not TradingView top-125 convention.
2026-05-29,59.6052,CMC_GLOBAL_METRICS_BTC_DOMINANCE,CoinMarketCap,CMC_DIRECT_SOURCE_CONVENTION: Bitcoin market cap / total market cap of cryptoassets tracked by CoinMarketCap * 100,UTC,2026-05-29T00:00:00Z,2026-08-30T10:38:54Z,SETTLED_COMPLETE_DATE,NOT_COMPUTABLE,PASS,PUBLIC_SOURCE_BACKED,Direct CMC historical global-metrics BTC dominance; not TradingView top-125 convention.
2026-05-30,59.476,CMC_GLOBAL_METRICS_BTC_DOMINANCE,CoinMarketCap,CMC_DIRECT_SOURCE_CONVENTION: Bitcoin market cap / total market cap of cryptoassets tracked by CoinMarketCap * 100,UTC,2026-05-30T00:00:00Z,2026-08-30T10:38:54Z,SETTLED_COMPLETE_DATE,NOT_COMPUTABLE,PASS,PUBLIC_SOURCE_BACKED,Direct CMC historical global-metrics BTC dominance; not TradingView top-125 convention.
2026-05-31,59.298,CMC_GLOBAL_METRICS_BTC_DOMINANCE,CoinMarketCap,CMC_DIRECT_SOURCE_CONVENTION: Bitcoin market cap / total market cap of cryptoassets tracked by CoinMarketCap * 100,UTC,2026-05-31T00:00:00Z,2026-08-30T10:38:54Z,SETTLED_COMPLETE_DATE,NOT_COMPUTABLE,PASS,PUBLIC_SOURCE_BACKED,Direct CMC historical global-metrics BTC dominance; not TradingView top-125 convention.
2026-06-01,59.2305,CMC_GLOBAL_METRICS_BTC_DOMINANCE,CoinMarketCap,CMC_DIRECT_SOURCE_CONVENTION: Bitcoin market cap / total market cap of cryptoassets tracked by CoinMarketCap * 100,UTC,2026-06-01T00:00:00Z,2026-08-30T10:38:54Z,SETTLED_COMPLETE_DATE,NOT_COMPUTABLE,PASS,PUBLIC_SOURCE_BACKED,Direct CMC historical global-metrics BTC dominance; not TradingView top-125 convention.
2026-06-02,58.6363,CMC_GLOBAL_METRICS_BTC_DOMINANCE,CoinMarketCap,CMC_DIRECT_SOURCE_CONVENTION: Bitcoin market cap / total market cap of cryptoassets tracked by CoinMarketCap * 100,UTC,2026-06-02T00:00:00Z,2026-08-30T10:38:54Z,SETTLED_COMPLETE_DATE,NOT_COMPUTABLE,PASS,PUBLIC_SOURCE_BACKED,Direct CMC historical global-metrics BTC dominance; not TradingView top-125 convention.
2026-06-03,58.0881,CMC_GLOBAL_METRICS_BTC_DOMINANCE,CoinMarketCap,CMC_DIRECT_SOURCE_CONVENTION: Bitcoin market cap / total market cap of cryptoassets tracked by CoinMarketCap * 100,UTC,2026-06-03T00:00:00Z,2026-08-30T10:38:54Z,SETTLED_COMPLETE_DATE,NOT_COMPUTABLE,PASS,PUBLIC_SOURCE_BACKED,Direct CMC historical global-metrics BTC dominance; not TradingView top-125 convention.
2026-06-04,57.3313,CMC_GLOBAL_METRICS_BTC_DOMINANCE,CoinMarketCap,CMC_DIRECT_SOURCE_CONVENTION: Bitcoin market cap / total market cap of cryptoassets tracked by CoinMarketCap * 100,UTC,2026-06-04T00:00:00Z,2026-08-30T10:38:54Z,SETTLED_COMPLETE_DATE,NOT_COMPUTABLE,PASS,PUBLIC_SOURCE_BACKED,Direct CMC historical global-metrics BTC dominance; not TradingView top-125 convention.
2026-06-05,57.9126,CMC_GLOBAL_METRICS_BTC_DOMINANCE,CoinMarketCap,CMC_DIRECT_SOURCE_CONVENTION: Bitcoin market cap / total market cap of cryptoassets tracked by CoinMarketCap * 100,UTC,2026-06-05T00:00:00Z,2026-08-30T10:38:54Z,SETTLED_COMPLETE_DATE,NOT_COMPUTABLE,PASS,PUBLIC_SOURCE_BACKED,Direct CMC historical global-metrics BTC dominance; not TradingView top-125 convention.
2026-06-06,58.1748,CMC_GLOBAL_METRICS_BTC_DOMINANCE,CoinMarketCap,CMC_DIRECT_SOURCE_CONVENTION: Bitcoin market cap / total market cap of cryptoassets tracked by CoinMarketCap * 100,UTC,2026-06-06T00:00:00Z,2026-08-30T10:38:54Z,SETTLED_COMPLETE_DATE,NOT_COMPUTABLE,PASS,PUBLIC_SOURCE_BACKED,Direct CMC historical global-metrics BTC dominance; not TradingView top-125 convention.
2026-06-07,58.2034,CMC_GLOBAL_METRICS_BTC_DOMINANCE,CoinMarketCap,CMC_DIRECT_SOURCE_CONVENTION: Bitcoin market cap / total market cap of cryptoassets tracked by CoinMarketCap * 100,UTC,2026-06-07T00:00:00Z,2026-08-30T10:38:54Z,SETTLED_COMPLETE_DATE,NOT_COMPUTABLE,PASS,PUBLIC_SOURCE_BACKED,Direct CMC historical global-metrics BTC dominance; not TradingView top-125 convention.
2026-06-08,58.2393,CMC_GLOBAL_METRICS_BTC_DOMINANCE,CoinMarketCap,CMC_DIRECT_SOURCE_CONVENTION: Bitcoin market cap / total market cap of cryptoassets tracked by CoinMarketCap * 100,UTC,2026-06-08T00:00:00Z,2026-08-30T10:38:54Z,SETTLED_COMPLETE_DATE,NOT_COMPUTABLE,PASS,PUBLIC_SOURCE_BACKED,Direct CMC historical global-metrics BTC dominance; not TradingView top-125 convention.
2026-06-09,58.1216,CMC_GLOBAL_METRICS_BTC_DOMINANCE,CoinMarketCap,CMC_DIRECT_SOURCE_CONVENTION: Bitcoin market cap / total market cap of cryptoassets tracked by CoinMarketCap * 100,UTC,2026-06-09T00:00:00Z,2026-08-30T10:38:54Z,SETTLED_COMPLETE_DATE,NOT_COMPUTABLE,PASS,PUBLIC_SOURCE_BACKED,Direct CMC historical global-metrics BTC dominance; not TradingView top-125 convention.
2026-06-10,58.0509,CMC_GLOBAL_METRICS_BTC_DOMINANCE,CoinMarketCap,CMC_DIRECT_SOURCE_CONVENTION: Bitcoin market cap / total market cap of cryptoassets tracked by CoinMarketCap * 100,UTC,2026-06-10T00:00:00Z,2026-08-30T10:38:54Z,SETTLED_COMPLETE_DATE,NOT_COMPUTABLE,PASS,PUBLIC_SOURCE_BACKED,Direct CMC historical global-metrics BTC dominance; not TradingView top-125 convention.
2026-06-11,58.2979,CMC_GLOBAL_METRICS_BTC_DOMINANCE,CoinMarketCap,CMC_DIRECT_SOURCE_CONVENTION: Bitcoin market cap / total market cap of cryptoassets tracked by CoinMarketCap * 100,UTC,2026-06-11T00:00:00Z,2026-08-30T10:38:54Z,SETTLED_COMPLETE_DATE,NOT_COMPUTABLE,PASS,PUBLIC_SOURCE_BACKED,Direct CMC historical global-metrics BTC dominance; not TradingView top-125 convention.
2026-06-12,58.4698,CMC_GLOBAL_METRICS_BTC_DOMINANCE,CoinMarketCap,CMC_DIRECT_SOURCE_CONVENTION: Bitcoin market cap / total market cap of cryptoassets tracked by CoinMarketCap * 100,UTC,2026-06-12T00:00:00Z,2026-08-30T10:38:54Z,SETTLED_COMPLETE_DATE,NOT_COMPUTABLE,PASS,PUBLIC_SOURCE_BACKED,Direct CMC historical global-metrics BTC dominance; not TradingView top-125 convention.
2026-06-13,58.5673,CMC_GLOBAL_METRICS_BTC_DOMINANCE,CoinMarketCap,CMC_DIRECT_SOURCE_CONVENTION: Bitcoin market cap / total market cap of cryptoassets tracked by CoinMarketCap * 100,UTC,2026-06-13T00:00:00Z,2026-08-30T10:38:54Z,SETTLED_COMPLETE_DATE,NOT_COMPUTABLE,PASS,PUBLIC_SOURCE_BACKED,Direct CMC historical global-metrics BTC dominance; not TradingView top-125 convention.
2026-06-14,58.6627,CMC_GLOBAL_METRICS_BTC_DOMINANCE,CoinMarketCap,CMC_DIRECT_SOURCE_CONVENTION: Bitcoin market cap / total market cap of cryptoassets tracked by CoinMarketCap * 100,UTC,2026-06-14T00:00:00Z,2026-08-30T10:38:54Z,SETTLED_COMPLETE_DATE,NOT_COMPUTABLE,PASS,PUBLIC_SOURCE_BACKED,Direct CMC historical global-metrics BTC dominance; not TradingView top-125 convention.
2026-06-15,58.7646,CMC_GLOBAL_METRICS_BTC_DOMINANCE,CoinMarketCap,CMC_DIRECT_SOURCE_CONVENTION: Bitcoin market cap / total market cap of cryptoassets tracked by CoinMarketCap * 100,UTC,2026-06-15T00:00:00Z,2026-08-30T10:38:54Z,SETTLED_COMPLETE_DATE,NOT_COMPUTABLE,PASS,PUBLIC_SOURCE_BACKED,Direct CMC historical global-metrics BTC dominance; not TradingView top-125 convention.
2026-06-16,58.5397,CMC_GLOBAL_METRICS_BTC_DOMINANCE,CoinMarketCap,CMC_DIRECT_SOURCE_CONVENTION: Bitcoin market cap / total market cap of cryptoassets tracked by CoinMarketCap * 100,UTC,2026-06-16T00:00:00Z,2026-08-30T10:38:54Z,SETTLED_COMPLETE_DATE,NOT_COMPUTABLE,PASS,PUBLIC_SOURCE_BACKED,Direct CMC historical global-metrics BTC dominance; not TradingView top-125 convention.
2026-06-17,58.4218,CMC_GLOBAL_METRICS_BTC_DOMINANCE,CoinMarketCap,CMC_DIRECT_SOURCE_CONVENTION: Bitcoin market cap / total market cap of cryptoassets tracked by CoinMarketCap * 100,UTC,2026-06-17T00:00:00Z,2026-08-30T10:38:54Z,SETTLED_COMPLETE_DATE,NOT_COMPUTABLE,PASS,PUBLIC_SOURCE_BACKED,Direct CMC historical global-metrics BTC dominance; not TradingView top-125 convention.
2026-06-18,58.2482,CMC_GLOBAL_METRICS_BTC_DOMINANCE,CoinMarketCap,CMC_DIRECT_SOURCE_CONVENTION: Bitcoin market cap / total market cap of cryptoassets tracked by CoinMarketCap * 100,UTC,2026-06-18T00:00:00Z,2026-08-30T10:38:54Z,SETTLED_COMPLETE_DATE,NOT_COMPUTABLE,PASS,PUBLIC_SOURCE_BACKED,Direct CMC historical global-metrics BTC dominance; not TradingView top-125 convention.
2026-06-19,58.0882,CMC_GLOBAL_METRICS_BTC_DOMINANCE,CoinMarketCap,CMC_DIRECT_SOURCE_CONVENTION: Bitcoin market cap / total market cap of cryptoassets tracked by CoinMarketCap * 100,UTC,2026-06-19T00:00:00Z,2026-08-30T10:38:54Z,SETTLED_COMPLETE_DATE,NOT_COMPUTABLE,PASS,PUBLIC_SOURCE_BACKED,Direct CMC historical global-metrics BTC dominance; not TradingView top-125 convention.
2026-06-20,58.336,CMC_GLOBAL_METRICS_BTC_DOMINANCE,CoinMarketCap,CMC_DIRECT_SOURCE_CONVENTION: Bitcoin market cap / total market cap of cryptoassets tracked by CoinMarketCap * 100,UTC,2026-06-20T00:00:00Z,2026-08-30T10:38:54Z,SETTLED_COMPLETE_DATE,NOT_COMPUTABLE,PASS,PUBLIC_SOURCE_BACKED,Direct CMC historical global-metrics BTC dominance; not TradingView top-125 convention.
2026-06-21,58.4439,CMC_GLOBAL_METRICS_BTC_DOMINANCE,CoinMarketCap,CMC_DIRECT_SOURCE_CONVENTION: Bitcoin market cap / total market cap of cryptoassets tracked by CoinMarketCap * 100,UTC,2026-06-21T00:00:00Z,2026-08-30T10:38:54Z,SETTLED_COMPLETE_DATE,NOT_COMPUTABLE,PASS,PUBLIC_SOURCE_BACKED,Direct CMC historical global-metrics BTC dominance; not TradingView top-125 convention.
2026-06-22,58.3109,CMC_GLOBAL_METRICS_BTC_DOMINANCE,CoinMarketCap,CMC_DIRECT_SOURCE_CONVENTION: Bitcoin market cap / total market cap of cryptoassets tracked by CoinMarketCap * 100,UTC,2026-06-22T00:00:00Z,2026-08-30T10:38:54Z,SETTLED_COMPLETE_DATE,NOT_COMPUTABLE,PASS,PUBLIC_SOURCE_BACKED,Direct CMC historical global-metrics BTC dominance; not TradingView top-125 convention.
2026-06-23,58.5006,CMC_GLOBAL_METRICS_BTC_DOMINANCE,CoinMarketCap,CMC_DIRECT_SOURCE_CONVENTION: Bitcoin market cap / total market cap of cryptoassets tracked by CoinMarketCap * 100,UTC,2026-06-23T00:00:00Z,2026-08-30T10:38:54Z,SETTLED_COMPLETE_DATE,NOT_COMPUTABLE,PASS,PUBLIC_SOURCE_BACKED,Direct CMC historical global-metrics BTC dominance; not TradingView top-125 convention.
2026-06-24,58.4409,CMC_GLOBAL_METRICS_BTC_DOMINANCE,CoinMarketCap,CMC_DIRECT_SOURCE_CONVENTION: Bitcoin market cap / total market cap of cryptoassets tracked by CoinMarketCap * 100,UTC,2026-06-24T00:00:00Z,2026-08-30T10:38:54Z,SETTLED_COMPLETE_DATE,NOT_COMPUTABLE,PASS,PUBLIC_SOURCE_BACKED,Direct CMC historical global-metrics BTC dominance; not TradingView top-125 convention.
2026-06-25,58.1805,CMC_GLOBAL_METRICS_BTC_DOMINANCE,CoinMarketCap,CMC_DIRECT_SOURCE_CONVENTION: Bitcoin market cap / total market cap of cryptoassets tracked by CoinMarketCap * 100,UTC,2026-06-25T00:00:00Z,2026-08-30T10:38:54Z,SETTLED_COMPLETE_DATE,NOT_COMPUTABLE,PASS,PUBLIC_SOURCE_BACKED,Direct CMC historical global-metrics BTC dominance; not TradingView top-125 convention.
2026-06-26,58.0728,CMC_GLOBAL_METRICS_BTC_DOMINANCE,CoinMarketCap,CMC_DIRECT_SOURCE_CONVENTION: Bitcoin market cap / total market cap of cryptoassets tracked by CoinMarketCap * 100,UTC,2026-06-26T00:00:00Z,2026-08-30T10:38:54Z,SETTLED_COMPLETE_DATE,NOT_COMPUTABLE,PASS,PUBLIC_SOURCE_BACKED,Direct CMC historical global-metrics BTC dominance; not TradingView top-125 convention.
2026-06-27,58.0008,CMC_GLOBAL_METRICS_BTC_DOMINANCE,CoinMarketCap,CMC_DIRECT_SOURCE_CONVENTION: Bitcoin market cap / total market cap of cryptoassets tracked by CoinMarketCap * 100,UTC,2026-06-27T00:00:00Z,2026-08-30T10:38:54Z,SETTLED_COMPLETE_DATE,NOT_COMPUTABLE,PASS,PUBLIC_SOURCE_BACKED,Direct CMC historical global-metrics BTC dominance; not TradingView top-125 convention.
2026-06-28,58.1403,CMC_GLOBAL_METRICS_BTC_DOMINANCE,CoinMarketCap,CMC_DIRECT_SOURCE_CONVENTION: Bitcoin market cap / total market cap of cryptoassets tracked by CoinMarketCap * 100,UTC,2026-06-28T00:00:00Z,2026-08-30T10:38:54Z,SETTLED_COMPLETE_DATE,NOT_COMPUTABLE,PASS,PUBLIC_SOURCE_BACKED,Direct CMC historical global-metrics BTC dominance; not TradingView top-125 convention.
2026-06-29,58.0148,CMC_GLOBAL_METRICS_BTC_DOMINANCE,CoinMarketCap,CMC_DIRECT_SOURCE_CONVENTION: Bitcoin market cap / total market cap of cryptoassets tracked by CoinMarketCap * 100,UTC,2026-06-29T00:00:00Z,2026-08-30T10:38:54Z,SETTLED_COMPLETE_DATE,NOT_COMPUTABLE,PASS,PUBLIC_SOURCE_BACKED,Direct CMC historical global-metrics BTC dominance; not TradingView top-125 convention.
2026-06-30,57.8966,CMC_GLOBAL_METRICS_BTC_DOMINANCE,CoinMarketCap,CMC_DIRECT_SOURCE_CONVENTION: Bitcoin market cap / total market cap of cryptoassets tracked by CoinMarketCap * 100,UTC,2026-06-30T00:00:00Z,2026-08-30T10:38:54Z,SETTLED_COMPLETE_DATE,NOT_COMPUTABLE,PASS,PUBLIC_SOURCE_BACKED,Direct CMC historical global-metrics BTC dominance; not TradingView top-125 convention.
2026-07-01,57.6599,CMC_GLOBAL_METRICS_BTC_DOMINANCE,CoinMarketCap,CMC_DIRECT_SOURCE_CONVENTION: Bitcoin market cap / total market cap of cryptoassets tracked by CoinMarketCap * 100,UTC,2026-07-01T00:00:00Z,2026-08-30T10:38:54Z,SETTLED_COMPLETE_DATE,NOT_COMPUTABLE,PASS,PUBLIC_SOURCE_BACKED,Direct CMC historical global-metrics BTC dominance; not TradingView top-125 convention.
2026-07-02,57.9257,CMC_GLOBAL_METRICS_BTC_DOMINANCE,CoinMarketCap,CMC_DIRECT_SOURCE_CONVENTION: Bitcoin market cap / total market cap of cryptoassets tracked by CoinMarketCap * 100,UTC,2026-07-02T00:00:00Z,2026-08-30T10:38:54Z,SETTLED_COMPLETE_DATE,NOT_COMPUTABLE,PASS,PUBLIC_SOURCE_BACKED,Direct CMC historical global-metrics BTC dominance; not TradingView top-125 convention.
2026-07-03,57.9463,CMC_GLOBAL_METRICS_BTC_DOMINANCE,CoinMarketCap,CMC_DIRECT_SOURCE_CONVENTION: Bitcoin market cap / total market cap of cryptoassets tracked by CoinMarketCap * 100,UTC,2026-07-03T00:00:00Z,2026-08-30T10:38:54Z,SETTLED_COMPLETE_DATE,NOT_COMPUTABLE,PASS,PUBLIC_SOURCE_BACKED,Direct CMC historical global-metrics BTC dominance; not TradingView top-125 convention.
2026-07-04,57.8341,CMC_GLOBAL_METRICS_BTC_DOMINANCE,CoinMarketCap,CMC_DIRECT_SOURCE_CONVENTION: Bitcoin market cap / total market cap of cryptoassets tracked by CoinMarketCap * 100,UTC,2026-07-04T00:00:00Z,2026-08-30T10:38:54Z,SETTLED_COMPLETE_DATE,NOT_COMPUTABLE,PASS,PUBLIC_SOURCE_BACKED,Direct CMC historical global-metrics BTC dominance; not TradingView top-125 convention.
2026-07-05,57.9143,CMC_GLOBAL_METRICS_BTC_DOMINANCE,CoinMarketCap,CMC_DIRECT_SOURCE_CONVENTION: Bitcoin market cap / total market cap of cryptoassets tracked by CoinMarketCap * 100,UTC,2026-07-05T00:00:00Z,2026-08-30T10:38:54Z,SETTLED_COMPLETE_DATE,NOT_COMPUTABLE,PASS,PUBLIC_SOURCE_BACKED,Direct CMC historical global-metrics BTC dominance; not TradingView top-125 convention.
2026-07-06,58.0507,CMC_GLOBAL_METRICS_BTC_DOMINANCE,CoinMarketCap,CMC_DIRECT_SOURCE_CONVENTION: Bitcoin market cap / total market cap of cryptoassets tracked by CoinMarketCap * 100,UTC,2026-07-06T00:00:00Z,2026-08-30T10:38:54Z,SETTLED_COMPLETE_DATE,NOT_COMPUTABLE,PASS,PUBLIC_SOURCE_BACKED,Direct CMC historical global-metrics BTC dominance; not TradingView top-125 convention.
2026-07-07,58.2153,CMC_GLOBAL_METRICS_BTC_DOMINANCE,CoinMarketCap,CMC_DIRECT_SOURCE_CONVENTION: Bitcoin market cap / total market cap of cryptoassets tracked by CoinMarketCap * 100,UTC,2026-07-07T00:00:00Z,2026-08-30T10:38:54Z,SETTLED_COMPLETE_DATE,NOT_COMPUTABLE,PASS,PUBLIC_SOURCE_BACKED,Direct CMC historical global-metrics BTC dominance; not TradingView top-125 convention.
2026-07-08,58.2362,CMC_GLOBAL_METRICS_BTC_DOMINANCE,CoinMarketCap,CMC_DIRECT_SOURCE_CONVENTION: Bitcoin market cap / total market cap of cryptoassets tracked by CoinMarketCap * 100,UTC,2026-07-08T00:00:00Z,2026-08-30T10:38:54Z,SETTLED_COMPLETE_DATE,NOT_COMPUTABLE,PASS,PUBLIC_SOURCE_BACKED,Direct CMC historical global-metrics BTC dominance; not TradingView top-125 convention.
2026-07-09,58.1037,CMC_GLOBAL_METRICS_BTC_DOMINANCE,CoinMarketCap,CMC_DIRECT_SOURCE_CONVENTION: Bitcoin market cap / total market cap of cryptoassets tracked by CoinMarketCap * 100,UTC,2026-07-09T00:00:00Z,2026-08-30T10:38:54Z,SETTLED_COMPLETE_DATE,NOT_COMPUTABLE,PASS,PUBLIC_SOURCE_BACKED,Direct CMC historical global-metrics BTC dominance; not TradingView top-125 convention.
2026-07-10,58.4364,CMC_GLOBAL_METRICS_BTC_DOMINANCE,CoinMarketCap,CMC_DIRECT_SOURCE_CONVENTION: Bitcoin market cap / total market cap of cryptoassets tracked by CoinMarketCap * 100,UTC,2026-07-10T00:00:00Z,2026-08-30T10:38:54Z,SETTLED_COMPLETE_DATE,NOT_COMPUTABLE,PASS,PUBLIC_SOURCE_BACKED,Direct CMC historical global-metrics BTC dominance; not TradingView top-125 convention.
2026-07-11,58.4887,CMC_GLOBAL_METRICS_BTC_DOMINANCE,CoinMarketCap,CMC_DIRECT_SOURCE_CONVENTION: Bitcoin market cap / total market cap of cryptoassets tracked by CoinMarketCap * 100,UTC,2026-07-11T00:00:00Z,2026-08-30T10:38:54Z,SETTLED_COMPLETE_DATE,NOT_COMPUTABLE,PASS,PUBLIC_SOURCE_BACKED,Direct CMC historical global-metrics BTC dominance; not TradingView top-125 convention.
2026-07-12,58.4779,CMC_GLOBAL_METRICS_BTC_DOMINANCE,CoinMarketCap,CMC_DIRECT_SOURCE_CONVENTION: Bitcoin market cap / total market cap of cryptoassets tracked by CoinMarketCap * 100,UTC,2026-07-12T00:00:00Z,2026-08-30T10:38:54Z,SETTLED_COMPLETE_DATE,NOT_COMPUTABLE,PASS,PUBLIC_SOURCE_BACKED,Direct CMC historical global-metrics BTC dominance; not TradingView top-125 convention.
2026-07-13,58.4112,CMC_GLOBAL_METRICS_BTC_DOMINANCE,CoinMarketCap,CMC_DIRECT_SOURCE_CONVENTION: Bitcoin market cap / total market cap of cryptoassets tracked by CoinMarketCap * 100,UTC,2026-07-13T00:00:00Z,2026-08-30T10:38:54Z,SETTLED_COMPLETE_DATE,NOT_COMPUTABLE,PASS,PUBLIC_SOURCE_BACKED,Direct CMC historical global-metrics BTC dominance; not TradingView top-125 convention.
2026-07-14,58.1836,CMC_GLOBAL_METRICS_BTC_DOMINANCE,CoinMarketCap,CMC_DIRECT_SOURCE_CONVENTION: Bitcoin market cap / total market cap of cryptoassets tracked by CoinMarketCap * 100,UTC,2026-07-14T00:00:00Z,2026-08-30T10:38:54Z,SETTLED_COMPLETE_DATE,NOT_COMPUTABLE,PASS,PUBLIC_SOURCE_BACKED,Direct CMC historical global-metrics BTC dominance; not TradingView top-125 convention.
2026-07-15,58.504,CMC_GLOBAL_METRICS_BTC_DOMINANCE,CoinMarketCap,CMC_DIRECT_SOURCE_CONVENTION: Bitcoin market cap / total market cap of cryptoassets tracked by CoinMarketCap * 100,UTC,2026-07-15T00:00:00Z,2026-08-30T10:38:54Z,SETTLED_COMPLETE_DATE,NOT_COMPUTABLE,PASS,PUBLIC_SOURCE_BACKED,Direct CMC historical global-metrics BTC dominance; not TradingView top-125 convention.
2026-07-16,58.358,CMC_GLOBAL_METRICS_BTC_DOMINANCE,CoinMarketCap,CMC_DIRECT_SOURCE_CONVENTION: Bitcoin market cap / total market cap of cryptoassets tracked by CoinMarketCap * 100,UTC,2026-07-16T00:00:00Z,2026-08-30T10:38:54Z,SETTLED_COMPLETE_DATE,NOT_COMPUTABLE,PASS,PUBLIC_SOURCE_BACKED,Direct CMC historical global-metrics BTC dominance; not TradingView top-125 convention.
2026-07-17,58.4248,CMC_GLOBAL_METRICS_BTC_DOMINANCE,CoinMarketCap,CMC_DIRECT_SOURCE_CONVENTION: Bitcoin market cap / total market cap of cryptoassets tracked by CoinMarketCap * 100,UTC,2026-07-17T00:00:00Z,2026-08-30T10:38:54Z,SETTLED_COMPLETE_DATE,NOT_COMPUTABLE,PASS,PUBLIC_SOURCE_BACKED,Direct CMC historical global-metrics BTC dominance; not TradingView top-125 convention.
2026-07-18,58.516,CMC_GLOBAL_METRICS_BTC_DOMINANCE,CoinMarketCap,CMC_DIRECT_SOURCE_CONVENTION: Bitcoin market cap / total market cap of cryptoassets tracked by CoinMarketCap * 100,UTC,2026-07-18T00:00:00Z,2026-08-30T10:38:54Z,SETTLED_COMPLETE_DATE,NOT_COMPUTABLE,PASS,PUBLIC_SOURCE_BACKED,Direct CMC historical global-metrics BTC dominance; not TradingView top-125 convention.
2026-07-19,58.7837,CMC_GLOBAL_METRICS_BTC_DOMINANCE,CoinMarketCap,CMC_DIRECT_SOURCE_CONVENTION: Bitcoin market cap / total market cap of cryptoassets tracked by CoinMarketCap * 100,UTC,2026-07-19T00:00:00Z,2026-08-30T10:38:54Z,SETTLED_COMPLETE_DATE,NOT_COMPUTABLE,PASS,PUBLIC_SOURCE_BACKED,Direct CMC historical global-metrics BTC dominance; not TradingView top-125 convention.
2026-07-20,58.6991,CMC_GLOBAL_METRICS_BTC_DOMINANCE,CoinMarketCap,CMC_DIRECT_SOURCE_CONVENTION: Bitcoin market cap / total market cap of cryptoassets tracked by CoinMarketCap * 100,UTC,2026-07-20T00:00:00Z,2026-08-30T10:38:54Z,SETTLED_COMPLETE_DATE,NOT_COMPUTABLE,PASS,PUBLIC_SOURCE_BACKED,Direct CMC historical global-metrics BTC dominance; not TradingView top-125 convention.
2026-07-21,58.7049,CMC_GLOBAL_METRICS_BTC_DOMINANCE,CoinMarketCap,CMC_DIRECT_SOURCE_CONVENTION: Bitcoin market cap / total market cap of cryptoassets tracked by CoinMarketCap * 100,UTC,2026-07-21T00:00:00Z,2026-08-30T10:38:54Z,SETTLED_COMPLETE_DATE,NOT_COMPUTABLE,PASS,PUBLIC_SOURCE_BACKED,Direct CMC historical global-metrics BTC dominance; not TradingView top-125 convention.
2026-07-22,59.0128,CMC_GLOBAL_METRICS_BTC_DOMINANCE,CoinMarketCap,CMC_DIRECT_SOURCE_CONVENTION: Bitcoin market cap / total market cap of cryptoassets tracked by CoinMarketCap * 100,UTC,2026-07-22T00:00:00Z,2026-08-30T10:38:54Z,SETTLED_COMPLETE_DATE,NOT_COMPUTABLE,PASS,PUBLIC_SOURCE_BACKED,Direct CMC historical global-metrics BTC dominance; not TradingView top-125 convention.
2026-07-23,58.9378,CMC_GLOBAL_METRICS_BTC_DOMINANCE,CoinMarketCap,CMC_DIRECT_SOURCE_CONVENTION: Bitcoin market cap / total market cap of cryptoassets tracked by CoinMarketCap * 100,UTC,2026-07-23T00:00:00Z,2026-08-30T10:38:54Z,SETTLED_COMPLETE_DATE,NOT_COMPUTABLE,PASS,PUBLIC_SOURCE_BACKED,Direct CMC historical global-metrics BTC dominance; not TradingView top-125 convention.
2026-07-24,58.9473,CMC_GLOBAL_METRICS_BTC_DOMINANCE,CoinMarketCap,CMC_DIRECT_SOURCE_CONVENTION: Bitcoin market cap / total market cap of cryptoassets tracked by CoinMarketCap * 100,UTC,2026-07-24T00:00:00Z,2026-08-30T10:38:54Z,SETTLED_COMPLETE_DATE,NOT_COMPUTABLE,PASS,PUBLIC_SOURCE_BACKED,Direct CMC historical global-metrics BTC dominance; not TradingView top-125 convention.
2026-07-25,58.729,CMC_GLOBAL_METRICS_BTC_DOMINANCE,CoinMarketCap,CMC_DIRECT_SOURCE_CONVENTION: Bitcoin market cap / total market cap of cryptoassets tracked by CoinMarketCap * 100,UTC,2026-07-25T00:00:00Z,2026-08-30T10:38:54Z,SETTLED_COMPLETE_DATE,NOT_COMPUTABLE,PASS,PUBLIC_SOURCE_BACKED,Direct CMC historical global-metrics BTC dominance; not TradingView top-125 convention.
2026-07-26,58.6907,CMC_GLOBAL_METRICS_BTC_DOMINANCE,CoinMarketCap,CMC_DIRECT_SOURCE_CONVENTION: Bitcoin market cap / total market cap of cryptoassets tracked by CoinMarketCap * 100,UTC,2026-07-26T00:00:00Z,2026-08-30T10:38:54Z,SETTLED_COMPLETE_DATE,NOT_COMPUTABLE,PASS,PUBLIC_SOURCE_BACKED,Direct CMC historical global-metrics BTC dominance; not TradingView top-125 convention.
2026-07-27,58.6687,CMC_GLOBAL_METRICS_BTC_DOMINANCE,CoinMarketCap,CMC_DIRECT_SOURCE_CONVENTION: Bitcoin market cap / total market cap of cryptoassets tracked by CoinMarketCap * 100,UTC,2026-07-27T00:00:00Z,2026-08-30T10:38:54Z,SETTLED_COMPLETE_DATE,NOT_COMPUTABLE,PASS,PUBLIC_SOURCE_BACKED,Direct CMC historical global-metrics BTC dominance; not TradingView top-125 convention.
2026-07-28,58.6387,CMC_GLOBAL_METRICS_BTC_DOMINANCE,CoinMarketCap,CMC_DIRECT_SOURCE_CONVENTION: Bitcoin market cap / total market cap of cryptoassets tracked by CoinMarketCap * 100,UTC,2026-07-28T00:00:00Z,2026-08-30T10:38:54Z,SETTLED_COMPLETE_DATE,NOT_COMPUTABLE,PASS,PUBLIC_SOURCE_BACKED,Direct CMC historical global-metrics BTC dominance; not TradingView top-125 convention.
2026-07-29,58.5583,CMC_GLOBAL_METRICS_BTC_DOMINANCE,CoinMarketCap,CMC_DIRECT_SOURCE_CONVENTION: Bitcoin market cap / total market cap of cryptoassets tracked by CoinMarketCap * 100,UTC,2026-07-29T00:00:00Z,2026-08-30T10:38:54Z,SETTLED_COMPLETE_DATE,NOT_COMPUTABLE,PASS,PUBLIC_SOURCE_BACKED,Direct CMC historical global-metrics BTC dominance; not TradingView top-125 convention.
2026-07-30,58.6576,CMC_GLOBAL_METRICS_BTC_DOMINANCE,CoinMarketCap,CMC_DIRECT_SOURCE_CONVENTION: Bitcoin market cap / total market cap of cryptoassets tracked by CoinMarketCap * 100,UTC,2026-07-30T00:00:00Z,2026-08-30T10:38:54Z,SETTLED_COMPLETE_DATE,NOT_COMPUTABLE,PASS,PUBLIC_SOURCE_BACKED,Direct CMC historical global-metrics BTC dominance; not TradingView top-125 convention.
2026-07-31,58.8041,CMC_GLOBAL_METRICS_BTC_DOMINANCE,CoinMarketCap,CMC_DIRECT_SOURCE_CONVENTION: Bitcoin market cap / total market cap of cryptoassets tracked by CoinMarketCap * 100,UTC,2026-07-31T00:00:00Z,2026-08-30T10:38:54Z,SETTLED_COMPLETE_DATE,NOT_COMPUTABLE,PASS,PUBLIC_SOURCE_BACKED,Direct CMC historical global-metrics BTC dominance; not TradingView top-125 convention.
2026-08-01,58.405,CMC_GLOBAL_METRICS_BTC_DOMINANCE,CoinMarketCap,CMC_DIRECT_SOURCE_CONVENTION: Bitcoin market cap / total market cap of cryptoassets tracked by CoinMarketCap * 100,UTC,2026-08-01T00:00:00Z,2026-08-30T10:38:54Z,SETTLED_COMPLETE_DATE,NOT_COMPUTABLE,PASS,PUBLIC_SOURCE_BACKED,Direct CMC historical global-metrics BTC dominance; not TradingView top-125 convention.
2026-08-02,58.5326,CMC_GLOBAL_METRICS_BTC_DOMINANCE,CoinMarketCap,CMC_DIRECT_SOURCE_CONVENTION: Bitcoin market cap / total market cap of cryptoassets tracked by CoinMarketCap * 100,UTC,2026-08-02T00:00:00Z,2026-08-30T10:38:54Z,SETTLED_COMPLETE_DATE,NOT_COMPUTABLE,PASS,PUBLIC_SOURCE_BACKED,Direct CMC historical global-metrics BTC dominance; not TradingView top-125 convention.
2026-08-03,58.4967,CMC_GLOBAL_METRICS_BTC_DOMINANCE,CoinMarketCap,CMC_DIRECT_SOURCE_CONVENTION: Bitcoin market cap / total market cap of cryptoassets tracked by CoinMarketCap * 100,UTC,2026-08-03T00:00:00Z,2026-08-30T10:38:54Z,SETTLED_COMPLETE_DATE,NOT_COMPUTABLE,PASS,PUBLIC_SOURCE_BACKED,Direct CMC historical global-metrics BTC dominance; not TradingView top-125 convention.
2026-08-04,58.5446,CMC_GLOBAL_METRICS_BTC_DOMINANCE,CoinMarketCap,CMC_DIRECT_SOURCE_CONVENTION: Bitcoin market cap / total market cap of cryptoassets tracked by CoinMarketCap * 100,UTC,2026-08-04T00:00:00Z,2026-08-30T10:38:54Z,SETTLED_COMPLETE_DATE,NOT_COMPUTABLE,PASS,PUBLIC_SOURCE_BACKED,Direct CMC historical global-metrics BTC dominance; not TradingView top-125 convention.
2026-08-05,58.7589,CMC_GLOBAL_METRICS_BTC_DOMINANCE,CoinMarketCap,CMC_DIRECT_SOURCE_CONVENTION: Bitcoin market cap / total market cap of cryptoassets tracked by CoinMarketCap * 100,UTC,2026-08-05T00:00:00Z,2026-08-30T10:38:54Z,SETTLED_COMPLETE_DATE,NOT_COMPUTABLE,PASS,PUBLIC_SOURCE_BACKED,Direct CMC historical global-metrics BTC dominance; not TradingView top-125 convention.
2026-08-06,58.837,CMC_GLOBAL_METRICS_BTC_DOMINANCE,CoinMarketCap,CMC_DIRECT_SOURCE_CONVENTION: Bitcoin market cap / total market cap of cryptoassets tracked by CoinMarketCap * 100,UTC,2026-08-06T00:00:00Z,2026-08-30T10:38:54Z,SETTLED_COMPLETE_DATE,NOT_COMPUTABLE,PASS,PUBLIC_SOURCE_BACKED,Direct CMC historical global-metrics BTC dominance; not TradingView top-125 convention.
2026-08-07,58.832,CMC_GLOBAL_METRICS_BTC_DOMINANCE,CoinMarketCap,CMC_DIRECT_SOURCE_CONVENTION: Bitcoin market cap / total market cap of cryptoassets tracked by CoinMarketCap * 100,UTC,2026-08-07T00:00:00Z,2026-08-30T10:38:54Z,SETTLED_COMPLETE_DATE,NOT_COMPUTABLE,PASS,PUBLIC_SOURCE_BACKED,Direct CMC historical global-metrics BTC dominance; not TradingView top-125 convention.
2026-08-08,59.0299,CMC_GLOBAL_METRICS_BTC_DOMINANCE,CoinMarketCap,CMC_DIRECT_SOURCE_CONVENTION: Bitcoin market cap / total market cap of cryptoassets tracked by CoinMarketCap * 100,UTC,2026-08-08T00:00:00Z,2026-08-30T10:38:54Z,SETTLED_COMPLETE_DATE,NOT_COMPUTABLE,PASS,PUBLIC_SOURCE_BACKED,Direct CMC historical global-metrics BTC dominance; not TradingView top-125 convention.
2026-08-09,58.859,CMC_GLOBAL_METRICS_BTC_DOMINANCE,CoinMarketCap,CMC_DIRECT_SOURCE_CONVENTION: Bitcoin market cap / total market cap of cryptoassets tracked by CoinMarketCap * 100,UTC,2026-08-09T00:00:00Z,2026-08-30T10:38:54Z,SETTLED_COMPLETE_DATE,NOT_COMPUTABLE,PASS,PUBLIC_SOURCE_BACKED,Direct CMC historical global-metrics BTC dominance; not TradingView top-125 convention.
2026-08-10,58.9086,CMC_GLOBAL_METRICS_BTC_DOMINANCE,CoinMarketCap,CMC_DIRECT_SOURCE_CONVENTION: Bitcoin market cap / total market cap of cryptoassets tracked by CoinMarketCap * 100,UTC,2026-08-10T00:00:00Z,2026-08-30T10:38:54Z,SETTLED_COMPLETE_DATE,NOT_COMPUTABLE,PASS,PUBLIC_SOURCE_BACKED,Direct CMC historical global-metrics BTC dominance; not TradingView top-125 convention.
2026-08-11,58.7087,CMC_GLOBAL_METRICS_BTC_DOMINANCE,CoinMarketCap,CMC_DIRECT_SOURCE_CONVENTION: Bitcoin market cap / total market cap of cryptoassets tracked by CoinMarketCap * 100,UTC,2026-08-11T00:00:00Z,2026-08-30T10:38:54Z,SETTLED_COMPLETE_DATE,NOT_COMPUTABLE,PASS,PUBLIC_SOURCE_BACKED,Direct CMC historical global-metrics BTC dominance; not TradingView top-125 convention.
2026-08-12,58.4654,CMC_GLOBAL_METRICS_BTC_DOMINANCE,CoinMarketCap,CMC_DIRECT_SOURCE_CONVENTION: Bitcoin market cap / total market cap of cryptoassets tracked by CoinMarketCap * 100,UTC,2026-08-12T00:00:00Z,2026-08-30T10:38:54Z,SETTLED_COMPLETE_DATE,NOT_COMPUTABLE,PASS,PUBLIC_SOURCE_BACKED,Direct CMC historical global-metrics BTC dominance; not TradingView top-125 convention.
2026-08-13,58.5199,CMC_GLOBAL_METRICS_BTC_DOMINANCE,CoinMarketCap,CMC_DIRECT_SOURCE_CONVENTION: Bitcoin market cap / total market cap of cryptoassets tracked by CoinMarketCap * 100,UTC,2026-08-13T00:00:00Z,2026-08-30T10:38:54Z,SETTLED_COMPLETE_DATE,NOT_COMPUTABLE,PASS,PUBLIC_SOURCE_BACKED,Direct CMC historical global-metrics BTC dominance; not TradingView top-125 convention.
2026-08-14,58.4552,CMC_GLOBAL_METRICS_BTC_DOMINANCE,CoinMarketCap,CMC_DIRECT_SOURCE_CONVENTION: Bitcoin market cap / total market cap of cryptoassets tracked by CoinMarketCap * 100,UTC,2026-08-14T00:00:00Z,2026-08-30T10:38:54Z,SETTLED_COMPLETE_DATE,NOT_COMPUTABLE,PASS,PUBLIC_SOURCE_BACKED,Direct CMC historical global-metrics BTC dominance; not TradingView top-125 convention.
2026-08-15,58.3664,CMC_GLOBAL_METRICS_BTC_DOMINANCE,CoinMarketCap,CMC_DIRECT_SOURCE_CONVENTION: Bitcoin market cap / total market cap of cryptoassets tracked by CoinMarketCap * 100,UTC,2026-08-15T00:00:00Z,2026-08-30T10:38:54Z,SETTLED_COMPLETE_DATE,NOT_COMPUTABLE,PASS,PUBLIC_SOURCE_BACKED,Direct CMC historical global-metrics BTC dominance; not TradingView top-125 convention.
2026-08-16,58.423,CMC_GLOBAL_METRICS_BTC_DOMINANCE,CoinMarketCap,CMC_DIRECT_SOURCE_CONVENTION: Bitcoin market cap / total market cap of cryptoassets tracked by CoinMarketCap * 100,UTC,2026-08-16T00:00:00Z,2026-08-30T10:38:54Z,SETTLED_COMPLETE_DATE,NOT_COMPUTABLE,PASS,PUBLIC_SOURCE_BACKED,Direct CMC historical global-metrics BTC dominance; not TradingView top-125 convention.
2026-08-17,58.3911,CMC_GLOBAL_METRICS_BTC_DOMINANCE,CoinMarketCap,CMC_DIRECT_SOURCE_CONVENTION: Bitcoin market cap / total market cap of cryptoassets tracked by CoinMarketCap * 100,UTC,2026-08-17T00:00:00Z,2026-08-30T10:38:54Z,SETTLED_COMPLETE_DATE,NOT_COMPUTABLE,PASS,PUBLIC_SOURCE_BACKED,Direct CMC historical global-metrics BTC dominance; not TradingView top-125 convention.
2026-08-18,58.803,CMC_GLOBAL_METRICS_BTC_DOMINANCE,CoinMarketCap,CMC_DIRECT_SOURCE_CONVENTION: Bitcoin market cap / total market cap of cryptoassets tracked by CoinMarketCap * 100,UTC,2026-08-18T00:00:00Z,2026-08-30T10:38:54Z,SETTLED_COMPLETE_DATE,NOT_COMPUTABLE,PASS,PUBLIC_SOURCE_BACKED,Direct CMC historical global-metrics BTC dominance; not TradingView top-125 convention.
2026-08-19,58.9047,CMC_GLOBAL_METRICS_BTC_DOMINANCE,CoinMarketCap,CMC_DIRECT_SOURCE_CONVENTION: Bitcoin market cap / total market cap of cryptoassets tracked by CoinMarketCap * 100,UTC,2026-08-19T00:00:00Z,2026-08-30T10:38:54Z,SETTLED_COMPLETE_DATE,NOT_COMPUTABLE,PASS,PUBLIC_SOURCE_BACKED,Direct CMC historical global-metrics BTC dominance; not TradingView top-125 convention.
2026-08-20,58.8085,CMC_GLOBAL_METRICS_BTC_DOMINANCE,CoinMarketCap,CMC_DIRECT_SOURCE_CONVENTION: Bitcoin market cap / total market cap of cryptoassets tracked by CoinMarketCap * 100,UTC,2026-08-20T00:00:00Z,2026-08-30T10:38:54Z,SETTLED_COMPLETE_DATE,NOT_COMPUTABLE,PASS,PUBLIC_SOURCE_BACKED,Direct CMC historical global-metrics BTC dominance; not TradingView top-125 convention.
2026-08-21,59.2811,CMC_GLOBAL_METRICS_BTC_DOMINANCE,CoinMarketCap,CMC_DIRECT_SOURCE_CONVENTION: Bitcoin market cap / total market cap of cryptoassets tracked by CoinMarketCap * 100,UTC,2026-08-21T00:00:00Z,2026-08-30T10:38:54Z,SETTLED_COMPLETE_DATE,NOT_COMPUTABLE,PASS,PUBLIC_SOURCE_BACKED,Direct CMC historical global-metrics BTC dominance; not TradingView top-125 convention.
2026-08-22,59.4697,CMC_GLOBAL_METRICS_BTC_DOMINANCE,CoinMarketCap,CMC_DIRECT_SOURCE_CONVENTION: Bitcoin market cap / total market cap of cryptoassets tracked by CoinMarketCap * 100,UTC,2026-08-22T00:00:00Z,2026-08-30T10:38:54Z,SETTLED_COMPLETE_DATE,NOT_COMPUTABLE,PASS,PUBLIC_SOURCE_BACKED,Direct CMC historical global-metrics BTC dominance; not TradingView top-125 convention.
2026-08-23,59.2835,CMC_GLOBAL_METRICS_BTC_DOMINANCE,CoinMarketCap,CMC_DIRECT_SOURCE_CONVENTION: Bitcoin market cap / total market cap of cryptoassets tracked by CoinMarketCap * 100,UTC,2026-08-23T00:00:00Z,2026-08-30T10:38:54Z,SETTLED_COMPLETE_DATE,NOT_COMPUTABLE,PASS,PUBLIC_SOURCE_BACKED,Direct CMC historical global-metrics BTC dominance; not TradingView top-125 convention.
2026-08-24,59.1695,CMC_GLOBAL_METRICS_BTC_DOMINANCE,CoinMarketCap,CMC_DIRECT_SOURCE_CONVENTION: Bitcoin market cap / total market cap of cryptoassets tracked by CoinMarketCap * 100,UTC,2026-08-24T00:00:00Z,2026-08-30T10:38:54Z,SETTLED_COMPLETE_DATE,NOT_COMPUTABLE,PASS,PUBLIC_SOURCE_BACKED,Direct CMC historical global-metrics BTC dominance; not TradingView top-125 convention.
2026-08-25,59.5987,CMC_GLOBAL_METRICS_BTC_DOMINANCE,CoinMarketCap,CMC_DIRECT_SOURCE_CONVENTION: Bitcoin market cap / total market cap of cryptoassets tracked by CoinMarketCap * 100,UTC,2026-08-25T00:00:00Z,2026-08-30T10:38:54Z,SETTLED_COMPLETE_DATE,NOT_COMPUTABLE,PASS,PUBLIC_SOURCE_BACKED,Direct CMC historical global-metrics BTC dominance; not TradingView top-125 convention.
2026-08-26,59.8131,CMC_GLOBAL_METRICS_BTC_DOMINANCE,CoinMarketCap,CMC_DIRECT_SOURCE_CONVENTION: Bitcoin market cap / total market cap of cryptoassets tracked by CoinMarketCap * 100,UTC,2026-08-26T00:00:00Z,2026-08-30T10:38:54Z,SETTLED_COMPLETE_DATE,NOT_COMPUTABLE,PASS,PUBLIC_SOURCE_BACKED,Direct CMC historical global-metrics BTC dominance; not TradingView top-125 convention.
2026-08-27,59.5586,CMC_GLOBAL_METRICS_BTC_DOMINANCE,CoinMarketCap,CMC_DIRECT_SOURCE_CONVENTION: Bitcoin market cap / total market cap of cryptoassets tracked by CoinMarketCap * 100,UTC,2026-08-27T00:00:00Z,2026-08-30T10:38:54Z,SETTLED_COMPLETE_DATE,NOT_COMPUTABLE,PASS,PUBLIC_SOURCE_BACKED,Direct CMC historical global-metrics BTC dominance; not TradingView top-125 convention.
2026-08-28,59.7101,CMC_GLOBAL_METRICS_BTC_DOMINANCE,CoinMarketCap,CMC_DIRECT_SOURCE_CONVENTION: Bitcoin market cap / total market cap of cryptoassets tracked by CoinMarketCap * 100,UTC,2026-08-28T00:00:00Z,2026-08-30T10:38:54Z,SETTLED_COMPLETE_DATE,NOT_COMPUTABLE,PASS,PUBLIC_SOURCE_BACKED,Direct CMC historical global-metrics BTC dominance; not TradingView top-125 convention.
2026-08-29,59.561,CMC_GLOBAL_METRICS_BTC_DOMINANCE,CoinMarketCap,CMC_DIRECT_SOURCE_CONVENTION: Bitcoin market cap / total market cap of cryptoassets tracked by CoinMarketCap * 100,UTC,2026-08-29T00:00:00Z,2026-08-30T10:38:54Z,SETTLED_COMPLETE_DATE,NOT_COMPUTABLE,PASS,PUBLIC_SOURCE_BACKED,Direct CMC historical global-metrics BTC dominance; not TradingView top-125 convention.
