timestamp_utc,timestamp_copenhagen,source_window_end_utc,btc_open,btc_high,btc_low,btc_close,btc_volume,btc_quote_volume,btc_trade_count,btc_taker_buy_base_volume,btc_taker_buy_quote_volume,btc_taker_sell_quote_volume,btc_taker_buy_quote_share,btc_return_1h_pct,btc_range_1h_pct,eth_open,eth_high,eth_low,eth_close,eth_volume,eth_quote_volume,eth_trade_count,eth_taker_buy_base_volume,eth_taker_buy_quote_volume,eth_taker_sell_quote_volume,eth_taker_buy_quote_share,eth_return_1h_pct,eth_range_1h_pct,ethbtc_open,ethbtc_high,ethbtc_low,ethbtc_close,ethbtc_return_1h_pct,ethbtc_range_1h_pct,derived_ethbtc_close,ethbtc_direct_minus_derived_bps,btc_open_interest,btc_open_interest_value,btc_oi_change_1h_pct,btc_open_interest_source,eth_open_interest,eth_open_interest_value,eth_oi_change_1h_pct,eth_open_interest_source,btc_long_short_ratio,btc_long_account,btc_short_account,btc_long_short_source,eth_long_short_ratio,eth_long_account,eth_short_account,eth_long_short_source,btc_funding_event_rate,btc_funding_source,eth_funding_event_rate,eth_funding_source,btc_price_oi_state,eth_price_oi_state,spot_status,derivatives_status,btc_return_4h_pct,eth_return_4h_pct,ethbtc_return_4h_pct,eth_minus_btc_return_4h_pct,btc_oi_change_4h_pct,eth_oi_change_4h_pct,btc_return_12h_pct,eth_return_12h_pct,ethbtc_return_12h_pct,eth_minus_btc_return_12h_pct,btc_oi_change_12h_pct,eth_oi_change_12h_pct,btc_return_24h_pct,eth_return_24h_pct,ethbtc_return_24h_pct,eth_minus_btc_return_24h_pct,btc_oi_change_24h_pct,eth_oi_change_24h_pct,btc_return_48h_pct,eth_return_48h_pct,ethbtc_return_48h_pct,eth_minus_btc_return_48h_pct,btc_oi_change_48h_pct,eth_oi_change_48h_pct,btc_return_72h_pct,eth_return_72h_pct,ethbtc_return_72h_pct,eth_minus_btc_return_72h_pct,btc_oi_change_72h_pct,eth_oi_change_72h_pct
2026-08-31T00:00:00Z,2026-08-31T02:00:00+02:00,2026-09-01T00:00:00Z,77682,78185.89,77436.4,77937.04,711.43379,55360956.3401,231415,364.76246,28391430.3666,26969525.9734,0.512842122745,0.328312865271,0.967878155493,2416.89,2441.9,2406.53,2428.25,21801.4593,52882741.4005,189019,11177.4936,27134913.4295,25747827.971,0.513114727241,0.470441230016,1.46975105235,0.03111,0.03121,0.03107,0.03116,0.12853470437,0.450595429675,0.0311565591919,1.10436075363,2681683.28,26816.8328,1.24715510786,OKX_CONTRACT_OI_HISTORY,6164237.15,616423.715,-0.483386581122,OKX_CONTRACT_OI_HISTORY,1.15,0.53488372093,0.46511627907,OKX_GLOBAL_ACCOUNT_RATIO,1.42,0.586776859504,0.413223140496,OKX_GLOBAL_ACCOUNT_RATIO,6.46500235042e-05,OKX_FUNDING_HISTORY,5.79200283002e-05,OKX_FUNDING_HISTORY,PRICE_UP_OI_UP,PRICE_UP_OI_DOWN,PASS,PASS,,,,,,,,,,,,,,,,,,,,,,,,,,,,,,
2026-08-31T01:00:00Z,2026-08-31T03:00:00+02:00,2026-09-01T00:00:00Z,77937.03,77993.03,77565.08,77640.94,567.26058,44099982.3647,239052,255.01238,19826232.5668,24273749.7978,0.449574614404,-0.379922049901,0.55173023737,2428.24,2430.75,2409.49,2412.95,17449.6471,42210605.1189,161515,8724.8922,21104525.8442,21106079.2747,0.499981599049,-0.63008339339,0.882344396532,0.03117,0.03117,0.03105,0.03108,-0.256739409499,0.386473429952,0.0310783202779,0.540480324915,2696710.62,26967.1062,0.56036967945,OKX_CONTRACT_OI_HISTORY,6253407.82,625340.782,1.44658078251,OKX_CONTRACT_OI_HISTORY,1.15,0.53488372093,0.46511627907,OKX_GLOBAL_ACCOUNT_RATIO,1.47,0.595141700405,0.404858299595,OKX_GLOBAL_ACCOUNT_RATIO,,,,,PRICE_DOWN_OI_UP,PRICE_DOWN_OI_UP,PASS,PASS,,,,,,,,,,,,,,,,,,,,,,,,,,,,,,
2026-08-31T02:00:00Z,2026-08-31T04:00:00+02:00,2026-09-01T00:00:00Z,77640.93,78000,77392,77473.99,573.39934,44571951.9357,173143,345.41556,26857082.3274,17714869.6082,0.602555669229,-0.215028308519,0.785610915857,2412.95,2425.31,2401.35,2407.9,9595.3566,23156184.707,132497,3930.9348,9490714.28484,13665470.4222,0.409856563372,-0.209287386809,0.997772086535,0.03108,0.03111,0.03101,0.03107,-0.032175032175,0.322476620445,0.0310801083047,-3.25233896756,2706649.2,27066.492,0.368544549285,OKX_CONTRACT_OI_HISTORY,6320887.69,632088.769,1.07908954513,OKX_CONTRACT_OI_HISTORY,1.13,0.530516431925,0.469483568075,OKX_GLOBAL_ACCOUNT_RATIO,1.5,0.6,0.4,OKX_GLOBAL_ACCOUNT_RATIO,,,,,PRICE_DOWN_OI_UP,PRICE_DOWN_OI_UP,PASS,PASS,,,,,,,,,,,,,,,,,,,,,,,,,,,,,,
2026-08-31T03:00:00Z,2026-08-31T05:00:00+02:00,2026-09-01T00:00:00Z,77474,77872,77394,77756.71,278.92536,21668121.1729,118748,152.93235,11880039.0457,9788082.1272,0.548272688291,0.364922472691,0.617618936868,2407.91,2424.24,2405.03,2420.94,6133.5769,14825046.3855,96928,3351.9994,8100898.39364,6724147.99191,0.54643325781,0.541550728851,0.798742635227,0.03107,0.03115,0.03107,0.03114,0.225297714837,0.257483102671,0.0311348049577,1.66856427669,2706750.54,27067.5054,0.00374411283146,OKX_CONTRACT_OI_HISTORY,6292608.25,629260.825,-0.447396653555,OKX_CONTRACT_OI_HISTORY,1.14,0.532710280374,0.467289719626,OKX_GLOBAL_ACCOUNT_RATIO,1.51,0.601593625498,0.398406374502,OKX_GLOBAL_ACCOUNT_RATIO,,,,,PRICE_UP_OI_UP,PRICE_UP_OI_DOWN,PASS,PASS,,,,,,,,,,,,,,,,,,,,,,,,,,,,,,
2026-08-31T04:00:00Z,2026-08-31T06:00:00+02:00,2026-09-01T06:00:00Z,77756.7,77769.11,77458.83,77622.28,550.02773,42657623.1153,121607,310.6392,24088535.3246,18569087.7907,0.564694738371,-0.17287256275,0.400574085614,2420.94,2421.29,2411.34,2417.68,8318.9572,20085343.3407,102211,3091.8294,7464887.17791,12620456.1628,0.371658430293,-0.134658438458,0.412633639387,0.03114,0.03116,0.03111,0.03114,0,0.160720025715,0.0311467274602,-2.15992521756,2742241.57,27422.4157,1.31120431955,OKX_CONTRACT_OI_HISTORY,6335500.29,633550.029,0.681625778945,OKX_CONTRACT_OI_HISTORY,1.15,0.53488372093,0.46511627907,OKX_GLOBAL_ACCOUNT_RATIO,1.53,0.604743083004,0.395256916996,OKX_GLOBAL_ACCOUNT_RATIO,,,,,UNAVAILABLE,UNAVAILABLE,PASS,PASS,-0.40386445264,-0.435292906414,-0.0641848523748,-0.0314284537739,2.2582193226,2.7783347044,,,,,,,,,,,,,,,,,,,,,,,,
2026-08-31T05:00:00Z,2026-08-31T07:00:00+02:00,2026-09-01T06:00:00Z,77622.29,78156.78,77514,78016,511.92091,39886514.1354,189845,304.7978,23747983.4425,16138530.693,0.595388791355,0.507225502781,0.829243749516,2417.67,2441.93,2414.1,2435.99,12360.5113,30053780.5004,134899,6367.0859,15479861.6214,14573918.879,0.515072026335,0.757337612918,1.15281057123,0.03114,0.03125,0.03114,0.03123,0.28901734104,0.353243416827,0.0312242360541,1.84598458943,2737492.99,27374.9299,-0.173164175321,OKX_CONTRACT_OI_HISTORY,6198582.56,619858.256,-2.16111946544,OKX_CONTRACT_OI_HISTORY,1.15,0.53488372093,0.46511627907,OKX_GLOBAL_ACCOUNT_RATIO,1.49,0.598393574297,0.401606425703,OKX_GLOBAL_ACCOUNT_RATIO,,,,,PRICE_UP_OI_DOWN,PRICE_UP_OI_DOWN,PASS,PASS,0.483069885553,0.95484780041,0.482625482625,0.471777914858,1.51230056713,-0.876726124029,,,,,,,,,,,,,,,,,,,,,,,,
2026-08-31T06:00:00Z,2026-08-31T08:00:00+02:00,2026-09-01T06:00:00Z,78016.01,78156.77,77864.16,78093.87,968.0221,75553014.3465,161967,459.01655,35826120.2807,39726894.0658,0.474185187587,0.0998128589007,0.375795487937,2436,2444.83,2431.32,2438.66,9080.2755,22153295.5836,89942,4882.1948,11912200.6502,10241094.9334,0.537716864979,0.109606361274,0.555665235345,0.03123,0.03131,0.03121,0.03123,0,0.32041012496,0.0312272909513,0.867526018389,2745377.61,27453.7761,0.288023385952,OKX_CONTRACT_OI_HISTORY,6255635.87,625563.587,0.920425104413,OKX_CONTRACT_OI_HISTORY,1.15,0.53488372093,0.46511627907,OKX_GLOBAL_ACCOUNT_RATIO,1.46,0.593495934959,0.406504065041,OKX_GLOBAL_ACCOUNT_RATIO,,,,,PRICE_UP_OI_UP,PRICE_UP_OI_UP,PASS,PASS,0.800113689769,1.27746168861,0.514966205343,0.47734799884,1.43086181985,-1.0323205094,,,,,,,,,,,,,,,,,,,,,,,,
2026-08-31T07:00:00Z,2026-08-31T09:00:00+02:00,2026-09-01T06:00:00Z,78093.88,78322.56,78034.01,78196.01,716.03378,55972072.016,159758,329.23211,25736451.9954,30235620.0206,0.459808813011,0.130791315631,0.3697746662,2438.66,2446.6,2436.17,2440.38,7598.4676,18549354.7648,84677,3662.5787,8940579.67113,9608775.09363,0.481988715215,0.0705305372623,0.428131041758,0.03123,0.03125,0.03118,0.03119,-0.128081972462,0.224502886466,0.0312084977226,-5.92714290398,2740480.46,27404.8046,-0.178378011905,OKX_CONTRACT_OI_HISTORY,6243654.14,624365.414,-0.191534965413,OKX_CONTRACT_OI_HISTORY,1.17,0.539170506912,0.460829493088,OKX_GLOBAL_ACCOUNT_RATIO,1.43,0.588477366255,0.411522633745,OKX_GLOBAL_ACCOUNT_RATIO,,,,,PRICE_UP_OI_DOWN,PRICE_UP_OI_DOWN,PASS,PASS,0.564967319219,0.802993878411,0.160565189467,0.238026559192,1.24614069533,-0.777962143122,,,,,,,,,,,,,,,,,,,,,,,,
2026-08-31T08:00:00Z,2026-08-31T10:00:00+02:00,2026-09-01T06:00:00Z,78196.01,78521.89,77982,78480.8,782.74546,61270278.0024,198166,492.12493,38536295.1205,22733982.8819,0.62895577394,0.364200168269,0.692326434305,2440.38,2449.69,2433.56,2446.14,10074.9945,24586121.3564,105680,4623.8998,11286980.4756,13299140.8809,0.459079344478,0.236028815185,0.66281497066,0.03121,0.03123,0.03117,0.03117,-0.0641231163835,0.192492781521,0.0311686425215,0.43552699355,2736396.2,27363.962,-0.149034450696,OKX_CONTRACT_OI_HISTORY,6207499.06,620749.906,-0.579069230763,OKX_CONTRACT_OI_HISTORY,1.15,0.53488372093,0.46511627907,OKX_GLOBAL_ACCOUNT_RATIO,1.43,0.588477366255,0.411522633745,OKX_GLOBAL_ACCOUNT_RATIO,8.30510949862e-05,OKX_FUNDING_HISTORY,3.6919220214e-05,OKX_FUNDING_HISTORY,PRICE_UP_OI_DOWN,PRICE_UP_OI_DOWN,PASS,PASS,1.10602265226,1.17716157639,0.0963391136801,0.0711389241282,-0.213160286969,-2.02038077722,,,,,,,,,,,,,,,,,,,,,,,,
2026-08-31T09:00:00Z,2026-08-31T11:00:00+02:00,2026-09-01T06:00:00Z,78480.79,78802,78396.35,78511.03,624.76686,49126113.8183,187043,307.37441,24167280.7757,24958833.0426,0.49194367104,0.0385189753417,0.517434804044,2446.15,2456.7,2443.03,2446.7,9353.1135,22908905.0477,120273,4260.896,10438061.3604,12470843.6873,0.45563335911,0.0228932113452,0.559551049312,0.03117,0.03118,0.0311,0.03117,0,0.257234726688,0.0311637740582,1.99781379,2737907.2,27379.072,0.0552186119832,OKX_CONTRACT_OI_HISTORY,6238369.87,623836.987,0.497314775268,OKX_CONTRACT_OI_HISTORY,1.14,0.532710280374,0.467289719626,OKX_GLOBAL_ACCOUNT_RATIO,1.41,0.585062240664,0.414937759336,OKX_GLOBAL_ACCOUNT_RATIO,,,,,PRICE_UP_OI_UP,PRICE_UP_OI_UP,PASS,PASS,0.634523687449,0.439656977245,-0.192122958694,-0.194866710203,0.0151309976505,0.641877552083,,,,,,,,,,,,,,,,,,,,,,,,
2026-08-31T10:00:00Z,2026-08-31T12:00:00+02:00,2026-09-01T12:00:00Z,78511.03,78732,78316.91,78710.01,576.71834,45275075.8062,140563,356.70789,28004532.1894,17270543.6168,0.618541917176,0.25344209597,0.530013250012,2446.71,2456.9,2440.82,2455.63,12876.5817,31550344.9177,114196,4628.5026,11342123.8785,20208221.0392,0.359492864755,0.364571199693,0.658794995125,0.03117,0.03123,0.03115,0.0312,0.0962463907603,0.256821829856,0.0311984460426,0.498088067011,2745944.11,27459.4411,0.293542089374,OKX_CONTRACT_OI_HISTORY,6278258,627825.8,0.639399888612,OKX_CONTRACT_OI_HISTORY,1.13,0.530516431925,0.469483568075,OKX_GLOBAL_ACCOUNT_RATIO,1.38,0.579831932773,0.420168067227,OKX_GLOBAL_ACCOUNT_RATIO,,,,,UNAVAILABLE,UNAVAILABLE,PASS,PASS,0.788973577568,0.69587396357,-0.0960614793468,-0.0930996139975,0.0206346842029,0.361627985869,,,,,,,,,,,,,,,,,,,,,,,,
2026-08-31T11:00:00Z,2026-08-31T13:00:00+02:00,2026-09-01T12:00:00Z,78710.02,78710.02,78302,78315.43,482.35572,37865204.1415,117644,192.88418,15142107.5655,22723096.576,0.399895046357,-0.501308537504,0.521085029757,2455.64,2458.02,2444.02,2446.35,7395.4931,18137279.3112,86144,3456.0289,8477773.64727,9659505.66397,0.467422566626,-0.377907095124,0.572826736279,0.03119,0.03125,0.03119,0.03124,0.128205128205,0.19236934915,0.0312371393479,0.915785558075,2754474.47,27544.7447,0.310653081719,OKX_CONTRACT_OI_HISTORY,6256063.31,625606.331,-0.353516692051,OKX_CONTRACT_OI_HISTORY,1.12,0.528301886792,0.471698113208,OKX_GLOBAL_ACCOUNT_RATIO,1.33,0.570815450644,0.429184549356,OKX_GLOBAL_ACCOUNT_RATIO,,,,,PRICE_DOWN_OI_UP,PRICE_DOWN_OI_DOWN,PASS,PASS,0.152718789616,0.244634032405,0.160307790959,0.0919152427888,0.510640750929,0.198748516842,,,,,,,,,,,,,,,,,,,,,,,,
2026-08-31T12:00:00Z,2026-08-31T14:00:00+02:00,2026-09-01T12:00:00Z,78315.43,78543.86,77675.04,77930.39,816.61258,63787889.7337,266690,320.42336,25029255.1645,38758634.5692,0.3923825552,-0.491652794347,1.11853177031,2446.36,2464.27,2444.59,2451.55,13907.0494,34121100.3068,187303,6432.4231,15785493.6856,18335606.6212,0.462631437547,0.212561571321,0.805042972441,0.03123,0.03148,0.03122,0.03145,0.672215108835,0.832799487508,0.0314582026344,-2.60747078379,2741434.38,27414.3438,-0.473414807145,OKX_CONTRACT_OI_HISTORY,6253687.11,625368.711,-0.0379823521959,OKX_CONTRACT_OI_HISTORY,1.12,0.528301886792,0.471698113208,OKX_GLOBAL_ACCOUNT_RATIO,1.28,0.561403508772,0.438596491228,OKX_GLOBAL_ACCOUNT_RATIO,,,,,PRICE_DOWN_OI_DOWN,PRICE_UP_OI_DOWN,PASS,PASS,-0.701330771348,0.221164773889,0.898299647097,0.922495545237,0.184117343826,0.74406857824,-0.00853252830746,0.959538762483,0.930680359435,0.968071290791,2.22811919833,1.45111159456,,,,,,,,,,,,,,,,,,
2026-08-31T13:00:00Z,2026-08-31T15:00:00+02:00,2026-09-01T12:00:00Z,77930.4,78282,77716.75,77867.39,1083.2716,84481767.1887,401876,522.83505,40777748.4238,43704018.7649,0.482681053922,-0.0808413765156,0.727320686982,2451.55,2459.03,2437.05,2440.28,13172.5615,32251928.6884,176224,6242.5086,15287061.7256,16964866.9628,0.473989071267,-0.45970916359,0.901910096223,0.03145,0.03147,0.03133,0.03135,-0.317965023847,0.446856048516,0.0313389212095,3.53515375285,2764461.54,27644.6154,0.839967579308,OKX_CONTRACT_OI_HISTORY,6265619.62,626561.962,0.190807595425,OKX_CONTRACT_OI_HISTORY,1.12,0.528301886792,0.471698113208,OKX_GLOBAL_ACCOUNT_RATIO,1.25,0.555555555556,0.444444444444,OKX_GLOBAL_ACCOUNT_RATIO,,,,,PRICE_DOWN_OI_UP,PRICE_DOWN_OI_UP,PASS,PASS,-0.81980837597,-0.26239424531,0.577478344562,0.55741413066,0.969877284373,0.436808822943,0.291663135454,1.13263847158,0.868725868726,0.840975336126,2.51235410643,0.19528232208,,,,,,,,,,,,,,,,,,
2026-08-31T14:00:00Z,2026-08-31T16:00:00+02:00,2026-09-01T12:00:00Z,77867.39,78686.94,77746.6,78600.14,1368.66274,107089319.438,378195,806.57194,63132005.2938,43957314.1444,0.589526627165,0.941022936559,1.2094934055,2440.29,2475,2437.75,2467.56,24090.3456,59193590.2883,328340,14106.0077,34663948.1017,24529642.1866,0.585603068387,1.11790450276,1.52804840529,0.03135,0.03148,0.03133,0.0314,0.159489633174,0.478774337696,0.031393837212,1.96305662274,2739230.77,27392.3077,-0.912682981294,OKX_CONTRACT_OI_HISTORY,6127390.11,612739.011,-2.20615866241,OKX_CONTRACT_OI_HISTORY,1.11,0.526066350711,0.473933649289,OKX_GLOBAL_ACCOUNT_RATIO,1.27,0.559471365639,0.440528634361,OKX_GLOBAL_ACCOUNT_RATIO,,,,,PRICE_UP_OI_DOWN,PRICE_UP_OI_DOWN,PASS,PASS,-0.139588344608,0.485822375521,0.641025641026,0.625410720129,-0.24448203354,-2.40302150692,1.45358461595,2.47767764442,1.06211779852,1.02409302847,1.20376035432,-3.0612405961,,,,,,,,,,,,,,,,,,
2026-08-31T15:00:00Z,2026-08-31T17:00:00+02:00,2026-09-01T17:00:00Z,78601.93,78777.9,78212.3,78580.42,1119.65651,87907139.5197,269808,630.74683,49518667.0714,38388472.4483,0.563306545315,-0.027365740256,0.723159912188,2467.57,2478.09,2458.28,2467.68,15473.6501,38195350.0388,181759,8603.6748,21241679.5577,16953670.4811,0.556132606093,0.00445782693093,0.805847991278,0.03139,0.03148,0.03139,0.0314,0.0318572793883,0.286715514495,0.0314032426907,-1.03259741944,2735448.65,27354.4865,-0.138072339192,OKX_CONTRACT_OI_HISTORY,6146384.63,614638.463,0.309993645892,OKX_CONTRACT_OI_HISTORY,1.1,0.52380952381,0.47619047619,OKX_GLOBAL_ACCOUNT_RATIO,1.25,0.555555555556,0.444444444444,OKX_GLOBAL_ACCOUNT_RATIO,,,,,UNAVAILABLE,UNAVAILABLE,PASS,PASS,0.338362440199,0.871911214667,0.512163892446,0.533548774468,-0.690724136572,-1.75315808944,1.05934265995,1.93065503482,0.834938985228,0.871312374876,1.06024214555,-2.32373626628,,,,,,,,,,,,,,,,,,
2026-08-31T16:00:00Z,2026-08-31T18:00:00+02:00,2026-09-01T17:00:00Z,78580.43,78884.48,78524,78639.57,576.26452,45336123.1351,187411,296.00316,23289460.8197,22046662.3154,0.51370649295,0.0752732041901,0.459069838521,2467.68,2477.24,2462.05,2469.2,11750.932,29003839.5944,103640,6786.229,16751484.7867,12252354.8078,0.57756093748,0.0615963171886,0.616965536849,0.0314,0.03143,0.03133,0.0314,0,0.319182891797,0.0313989509353,0.334108213187,2729206.05,27292.0605,-0.228211193071,OKX_CONTRACT_OI_HISTORY,6172032.25,617203.225,0.417279775737,OKX_CONTRACT_OI_HISTORY,1.1,0.52380952381,0.47619047619,OKX_GLOBAL_ACCOUNT_RATIO,1.23,0.551569506726,0.448430493274,OKX_GLOBAL_ACCOUNT_RATIO,7.44588100483e-05,OKX_FUNDING_HISTORY,4.8636158381e-05,OKX_FUNDING_HISTORY,PRICE_UP_OI_DOWN,PRICE_UP_OI_UP,PASS,PASS,0.910017260275,0.719952682996,-0.158982511924,-0.190064577279,-0.446055907419,-1.30570747407,1.31056444103,2.13096853182,0.834938985228,0.820404090781,-0.475360017243,-2.58019150055,,,,,,,,,,,,,,,,,,
2026-08-31T17:00:00Z,2026-08-31T19:00:00+02:00,2026-09-01T17:00:00Z,78639.57,79019.86,78494,78897.36,604.69852,47632868.2811,180507,365.15982,28767017.54,18865850.7411,0.603932086773,0.327812067131,0.66993655566,2469.19,2477.37,2461.26,2475.42,9600.1435,23712653.4176,96922,5116.8479,12640554.8979,11072098.5197,0.533072139809,0.25190345051,0.654542795154,0.03141,0.03142,0.03131,0.03138,-0.0636942675159,0.351325455126,0.0313751943031,1.53168674407,2728527.32,27285.2732,-0.0248691373082,OKX_CONTRACT_OI_HISTORY,6172872.02,617287.202,0.0136060533384,OKX_CONTRACT_OI_HISTORY,1.1,0.52380952381,0.47619047619,OKX_GLOBAL_ACCOUNT_RATIO,1.23,0.551569506726,0.448430493274,OKX_GLOBAL_ACCOUNT_RATIO,,,,,PRICE_UP_OI_DOWN,PRICE_UP_OI_UP,PASS,PASS,1.32272315792,1.43999868868,0.0956937799043,0.117275530752,-1.29986326379,-1.48026221866,1.12971698113,1.6186437547,0.480307396734,0.488926773563,-0.327513898036,-0.414780955987,,,,,,,,,,,,,,,,,,
2026-08-31T18:00:00Z,2026-08-31T20:00:00+02:00,2026-09-01T20:00:00Z,78897.35,79212,78779.24,79016,473.51591,37412001.435,155159,263.58814,20825128.9964,16586872.4387,0.556643007526,0.1503852791,0.549332539892,2475.41,2489.89,2468.98,2477.8,12840.7312,31822893.4189,113680,6283.7788,15573454.2596,16249439.1594,0.489378952899,0.0965496624802,0.846908439923,0.03137,0.03143,0.03131,0.03136,-0.0318775900542,0.383264132865,0.031358205933,0.572120429414,2731192.58,27311.9258,0.097681264925,OKX_CONTRACT_OI_HISTORY,6097549.86,609754.986,-1.22021256485,OKX_CONTRACT_OI_HISTORY,1.08,0.519230769231,0.480769230769,OKX_GLOBAL_ACCOUNT_RATIO,1.21,0.547511312217,0.452488687783,OKX_GLOBAL_ACCOUNT_RATIO,,,,,UNAVAILABLE,UNAVAILABLE,PASS,PASS,0.529083027079,0.414984843327,-0.127388535032,-0.114098183752,-0.293446981103,-0.486997717859,1.18079690506,1.60497978398,0.416266410503,0.424182878922,-0.516687757208,-2.52709737723,,,,,,,,,,,,,,,,,,
2026-08-31T19:00:00Z,2026-08-31T21:00:00+02:00,2026-09-01T20:00:00Z,79016.01,79250,78851.93,78898.06,423.46335,33483864.9391,151293,209.67417,16578899.4327,16904965.5064,0.495130997059,-0.149260909183,0.504832285018,2477.81,2489.95,2477.4,2481.84,12500.2288,31042977.8205,74776,7077.6262,17577986.8137,13464991.0068,0.566246798723,0.163047865042,0.506579478485,0.03136,0.03146,0.03136,0.03146,0.31887755102,0.31887755102,0.0314562867579,1.18044515359,2729774.4,27297.744,-0.0519253021696,OKX_CONTRACT_OI_HISTORY,6114403.59,611440.359,0.276401675869,OKX_CONTRACT_OI_HISTORY,1.07,0.51690821256,0.48309178744,OKX_GLOBAL_ACCOUNT_RATIO,1.21,0.547511312217,0.452488687783,OKX_GLOBAL_ACCOUNT_RATIO,,,,,PRICE_DOWN_OI_DOWN,PRICE_UP_OI_UP,PASS,PASS,0.404222833118,0.573818323283,0.191082802548,0.169595490165,-0.207433979797,-0.520322790147,0.897807957209,1.69891574263,0.865662071177,0.801107785421,-0.390663613781,-2.07011066119,,,,,,,,,,,,,,,,,,
2026-08-31T20:00:00Z,2026-08-31T22:00:00+02:00,2026-09-01T20:00:00Z,78898.06,79172,78784.32,78864.72,366.68341,28941395.7699,94763,194.44178,15345150.4679,13596245.302,0.530214596073,-0.042257059299,0.492077611383,2481.84,2487,2470.06,2472.62,5780.9663,14317953.3145,53537,2559.0438,6339261.74368,7978691.57084,0.442749155862,-0.37149856558,0.685813300082,0.03146,0.03146,0.03134,0.03135,-0.34965034965,0.382897255903,0.0313526758226,-0.853459083885,2729564.32,27295.6432,-0.00769587406201,OKX_CONTRACT_OI_HISTORY,6103708.11,610370.811,-0.174922702477,OKX_CONTRACT_OI_HISTORY,1.05,0.512195121951,0.487804878049,OKX_GLOBAL_ACCOUNT_RATIO,1.21,0.547511312217,0.452488687783,OKX_GLOBAL_ACCOUNT_RATIO,,,,,PRICE_DOWN_OI_DOWN,PRICE_DOWN_OI_DOWN,PASS,PASS,0.286306245062,0.138506398834,-0.15923566879,-0.147799846228,0.0131272609483,-1.10699583593,0.489189712643,1.08252185075,0.577478344562,0.59333213811,-0.249667062102,-1.67202522299,,,,,,,,,,,,,,,,,,
2026-08-31T21:00:00Z,2026-08-31T23:00:00+02:00,2026-09-01T23:00:00Z,78864.73,79071.12,78732.22,78964.32,404.71113,31939620.9428,83010,239.11198,18870141.5375,13069479.4053,0.590806684002,0.126279516839,0.430446391579,2472.63,2483.51,2467.64,2478.27,6285.542,15566829.2222,57348,3152.2295,7805956.43553,7760872.78664,0.501448067819,0.228097208236,0.643124604886,0.03135,0.0314,0.03133,0.03139,0.127591706539,0.223428024258,0.0313846810813,1.69474996671,2725038.68,27250.3868,-0.165800819085,OKX_CONTRACT_OI_HISTORY,6115931.82,611593.182,0.200266948873,OKX_CONTRACT_OI_HISTORY,1.04,0.509803921569,0.490196078431,OKX_GLOBAL_ACCOUNT_RATIO,1.19,0.543378995434,0.456621004566,OKX_GLOBAL_ACCOUNT_RATIO,,,,,UNAVAILABLE,UNAVAILABLE,PASS,PASS,0.0848697599007,0.115131977604,0.031867431485,0.0302622177031,-0.127857983112,-0.922426381359,0.577358366079,1.29030939633,0.705806865576,0.71295103025,-0.470013008476,-1.96266096034,,,,,,,,,,,,,,,,,,
2026-08-31T22:00:00Z,2026-09-01T00:00:00+02:00,2026-09-01T23:00:00Z,78964.33,79015.83,78579.3,78593.15,346.21313,27269635.3033,77678,205.00686,16146570.8374,11123064.466,0.592108059303,-0.470047738016,0.55552798256,2478.27,2480.91,2467.72,2469.45,3865.5252,9555790.04705,57277,1614.5568,3991479.0186,5564311.02845,0.417702670208,-0.355893425656,0.53450148315,0.03139,0.03142,0.03136,0.03142,0.095571838165,0.191326530612,0.0314206772473,-0.215541922292,2736951.52,27369.5152,0.43716223507,OKX_CONTRACT_OI_HISTORY,6145903.31,614590.331,0.490055986268,OKX_CONTRACT_OI_HISTORY,1.04,0.509803921569,0.490196078431,OKX_GLOBAL_ACCOUNT_RATIO,1.18,0.54128440367,0.45871559633,OKX_GLOBAL_ACCOUNT_RATIO,,,,,PRICE_DOWN_OI_UP,PRICE_DOWN_OI_UP,PASS,PASS,-0.535144780804,-0.336992493341,0.191326530612,0.198152287463,0.210858071385,0.792998025604,-0.148469044789,0.562788367954,0.705128205128,0.711257412743,-0.327486272108,-2.10814353281,,,,,,,,,,,,,,,,,,
2026-08-31T23:00:00Z,2026-09-01T01:00:00+02:00,2026-09-01T23:00:00Z,78593.15,78593.61,78405.01,78581.29,376.54265,29569649.3559,69396,226.17219,17760714.7717,11808934.5842,0.600640019702,-0.0150903736522,0.240545852873,2469.45,2469.45,2462,2467.65,3915.7446,9654930.53986,55326,1869.7794,4610776.75463,5044153.78522,0.477556698684,-0.0728907246553,0.302599512591,0.03142,0.03143,0.03138,0.0314,-0.0636537237428,0.159337157425,0.0314025132446,-0.800332299964,2733225.57,27332.2557,-0.1361350383,OKX_CONTRACT_OI_HISTORY,6140832.33,614083.233,-0.0825099215562,OKX_CONTRACT_OI_HISTORY,1.03,0.507389162562,0.492610837438,OKX_GLOBAL_ACCOUNT_RATIO,1.17,0.539170506912,0.460829493088,OKX_GLOBAL_ACCOUNT_RATIO,,,,,PRICE_DOWN_OI_DOWN,PRICE_DOWN_OI_DOWN,PASS,PASS,-0.401492761672,-0.571753215356,-0.190718372537,-0.170260453684,0.126426931105,0.432237414672,0.339473332394,0.870684897909,0.512163892446,0.531211565515,-0.771432091001,-1.84190878976,,,,,,,,,,,,,,,,,,
2026-09-01T00:00:00Z,2026-09-01T02:00:00+02:00,2026-09-01T23:00:00Z,78581.3,78900.01,78562,78652,522.70913,41160252.3009,90560,336.2322,26474473.1573,14685779.1436,0.643204831782,0.0899832517384,0.430246174996,2467.64,2477.55,2465.42,2471.61,6555.7578,16210644.0864,78436,3522.0212,8707481.23587,7503162.85056,0.537145914095,0.160476566774,0.492005418955,0.0314,0.03143,0.03137,0.03142,0.0636942675159,0.191265540325,0.0314246300158,-1.47337160798,2727085.84,27270.8584,-0.224633124591,OKX_CONTRACT_OI_HISTORY,6186285.94,618628.594,0.740186469153,OKX_CONTRACT_OI_HISTORY,1.06,0.514563106796,0.485436893204,OKX_GLOBAL_ACCOUNT_RATIO,1.18,0.54128440367,0.45871559633,OKX_GLOBAL_ACCOUNT_RATIO,3.00643768007e-05,OKX_FUNDING_HISTORY,5.59283721234e-05,OKX_FUNDING_HISTORY,PRICE_UP_OI_DOWN,PRICE_UP_OI_UP,PASS,PASS,-0.269727705874,-0.0408473602899,0.223285486443,0.228880345584,-0.0908013041437,1.35291250027,0.925967392182,0.818257836879,-0.0953895071542,-0.107709555303,-0.523395347511,-1.07778289535,0.917355855444,1.78564810048,0.834403080873,0.86829224504,1.69306197859,0.357688866659,,,,,,,,,,,,
2026-09-01T01:00:00Z,2026-09-01T03:00:00+02:00,2026-09-01T23:00:00Z,78652,78797.99,78375.83,78410.62,440.9443,34636356.7049,93552,237.71264,18673587.6304,15962769.0745,0.539132559162,-0.306896200987,0.538635444116,2471.62,2476.22,2458.18,2462.86,7182.2715,17711032.1355,99345,3293.5657,8121977.08461,9589055.0509,0.458582934211,-0.354020254004,0.733876282453,0.03143,0.03143,0.03136,0.0314,-0.0636537237428,0.223214285714,0.0314097758696,-3.11236529888,2731101.67,27311.0167,0.147257190848,OKX_CONTRACT_OI_HISTORY,6193668.95,619366.895,0.119344790584,OKX_CONTRACT_OI_HISTORY,1.05,0.512195121951,0.487804878049,OKX_GLOBAL_ACCOUNT_RATIO,1.17,0.539170506912,0.460829493088,OKX_GLOBAL_ACCOUNT_RATIO,,,,,PRICE_DOWN_OI_UP,PRICE_DOWN_OI_UP,PASS,PASS,-0.701202771074,-0.621804726684,0.0318572793883,0.07939804439,0.222491887711,1.27105946057,0.697634786526,0.925303653679,0.159489633174,0.227668867153,-1.20674024642,-1.14834085635,0.991332665473,2.06842247042,1.0296010296,1.07708980495,1.27529627187,-0.955301040961,,,,,,,,,,,,
2026-09-01T02:00:00Z,2026-09-01T04:00:00+02:00,2026-09-02T04:00:00Z,78410.62,78457.55,78189.93,78449.99,524.89493,41109592.5149,105652,291.37786,22820156.1321,18289436.3828,0.55510538383,0.0502100353243,0.34226913875,2462.85,2465.34,2454.66,2465.08,7215.5597,17748899.2051,69201,3250.12,7995414.51349,9753484.69164,0.450473824945,0.0905455062225,0.435090806873,0.03141,0.03144,0.03139,0.03142,0.0318369945877,0.159286396942,0.0314223112074,-0.735530692717,2725045.76,27250.4576,-0.221738724212,OKX_CONTRACT_OI_HISTORY,6258100.01,625810.001,1.04027290642,OKX_CONTRACT_OI_HISTORY,1.08,0.519230769231,0.480769230769,OKX_GLOBAL_ACCOUNT_RATIO,1.17,0.539170506912,0.460829493088,OKX_GLOBAL_ACCOUNT_RATIO,,,,,UNAVAILABLE,UNAVAILABLE,PASS,PASS,-0.182153279262,-0.176962481524,0,0.00519079773738,-0.435000763185,1.82555263792,-0.191030194094,-0.100504141743,0.0636942675159,0.0905260523505,-0.517846475564,2.13320675938,1.25977763634,2.37468333403,1.12648857419,1.11490569769,0.679680248183,-0.993336428036,,,,,,,,,,,,
2026-09-01T03:00:00Z,2026-09-01T05:00:00+02:00,2026-09-02T04:00:00Z,78449.99,78874,78400.18,78679.01,542.2064,42665617.9389,113731,201.80206,15870508.7308,26795109.2081,0.371974191339,0.29193120356,0.604360857335,2465.09,2482.8,2463.3,2472.21,8543.4613,21138635.1506,89017,4214.2359,10426800.8331,10711834.3175,0.49325799697,0.289240105798,0.791620996225,0.03143,0.03148,0.03141,0.03141,-0.0318268618714,0.222858962114,0.0314214680637,-3.64975426845,2719364.92,27193.6492,-0.208467691933,OKX_CONTRACT_OI_HISTORY,6200865.27,620086.527,-0.914570555097,OKX_CONTRACT_OI_HISTORY,1.08,0.519230769231,0.480769230769,OKX_GLOBAL_ACCOUNT_RATIO,1.16,0.537037037037,0.462962962963,OKX_GLOBAL_ACCOUNT_RATIO,,,,,PRICE_UP_OI_DOWN,PRICE_UP_OI_DOWN,PASS,PASS,0.12435530137,0.184791198103,0.031847133758,0.0604358967334,-0.507116944614,0.977602656674,0.125463824194,0.183573234779,0.031847133758,0.0581094105849,-0.587974115325,0.886385139877,1.18613557595,2.1177724355,0.867052023121,0.931636859548,0.46603408085,-1.45794837935,,,,,,,,,,,,
2026-09-01T04:00:00Z,2026-09-01T06:00:00+02:00,2026-09-02T04:00:00Z,78679.01,78915.09,78653.96,78727.11,444.12648,34968841.6107,81525,252.22083,19857725.9226,15111115.6881,0.567869137436,0.061134475383,0.331998541459,2472.21,2478.2,2468.72,2470.02,5922.7902,14645305.8613,53292,2937.2378,7262637.94149,7382667.91982,0.495902100664,-0.0885847076098,0.384004666386,0.03142,0.03145,0.03137,0.03138,-0.0955109837631,0.255020720434,0.031374452841,1.76804965142,2725468.46,27254.6846,0.224447258075,OKX_CONTRACT_OI_HISTORY,6241931.89,624193.189,0.662272412185,OKX_CONTRACT_OI_HISTORY,1.08,0.519230769231,0.480769230769,OKX_GLOBAL_ACCOUNT_RATIO,1.17,0.539170506912,0.460829493088,OKX_GLOBAL_ACCOUNT_RATIO,,,,,PRICE_UP_OI_UP,PRICE_DOWN_OI_UP,PASS,PASS,0.0954966180135,-0.0643305375848,-0.127307447486,-0.159827155598,-0.0593079974336,0.899504978265,0.111318004409,0.0332091365625,-0.0636942675159,-0.0781088678468,-0.136947886364,1.13252227417,1.42334133963,2.16488534463,0.770712909441,0.741544005002,-0.611656908111,-1.47689046984,,,,,,,,,,,,
2026-09-01T05:00:00Z,2026-09-01T07:00:00+02:00,2026-09-02T04:00:00Z,78727.11,79220.61,78727.11,79179.99,546.96321,43215526.7897,139563,367.6978,29046715.2902,14168811.4995,0.672136092001,0.575252921135,0.626848870738,2470.02,2485.5,2468.73,2484.54,8773.2436,21751024.9267,58600,5373.7552,13323480.3994,8427544.52728,0.612544946471,0.587849491097,0.679296642403,0.03137,0.0314,0.03133,0.03138,0,0.223428024258,0.0313783823413,0.515532855176,2766459.13,27664.5913,1.50398621747,OKX_CONTRACT_OI_HISTORY,6241568.33,624156.833,-0.00582447880569,OKX_CONTRACT_OI_HISTORY,1.06,0.514563106796,0.485436893204,OKX_GLOBAL_ACCOUNT_RATIO,1.15,0.53488372093,0.46511627907,OKX_GLOBAL_ACCOUNT_RATIO,,,,,PRICE_UP_OI_UP,PRICE_UP_OI_DOWN,PASS,PASS,0.9812063723,0.88027740107,-0.0636942675159,-0.10092897123,1.29462262018,0.773360352106,0.35822491399,0.368422328332,0,0.0101974143426,1.39019352022,1.11287436022,1.49198882281,1.99302952804,0.480307396734,0.50104070523,1.05812654519,0.693477413327,,,,,,,,,,,,
2026-09-01T06:00:00Z,2026-09-01T08:00:00+02:00,2026-09-02T04:00:00Z,79179.99,79179.99,78745.38,78745.39,464.70536,36677350.3854,107181,280.39984,22128814.3694,14548536.0159,0.603337322269,-0.548876048103,0.551918093481,2484.54,2484.55,2471.61,2471.61,6115.1352,15148706.0675,52323,2740.003,6786807.08628,8361898.98121,0.448012328977,-0.52041826656,0.523545381351,0.03138,0.03141,0.03137,0.03139,0.031867431485,0.127510360217,0.0313873612157,0.840715565966,2755976.39,27559.7639,-0.378922641087,OKX_CONTRACT_OI_HISTORY,6281084.74,628108.474,0.633116676943,OKX_CONTRACT_OI_HISTORY,1.05,0.512195121951,0.487804878049,OKX_GLOBAL_ACCOUNT_RATIO,1.15,0.53488372093,0.46511627907,OKX_GLOBAL_ACCOUNT_RATIO,,,,,PRICE_DOWN_OI_DOWN,PRICE_DOWN_OI_UP,PASS,PASS,0.376545618425,0.264900124945,-0.0954805856142,-0.11164549348,1.13504993032,0.367279684941,-0.342474941784,-0.249818387279,0.0956632653061,0.0926565545049,0.907435461764,3.00997751907,0.834278029761,1.35115186209,0.512327889849,0.516873832327,0.386059096621,0.406815078896,,,,,,,,,,,,
2026-09-01T07:00:00Z,2026-09-01T09:00:00+02:00,2026-09-02T09:00:00Z,78745.39,78806,78500,78632.37,405.713,31916443.8691,113433,163.92095,12898584.1138,19017859.7553,0.404136004834,-0.143525862276,0.389808917197,2471.61,2477.22,2466.57,2472.72,6434.0688,15907416.787,75260,3437.092,8496969.51241,7410447.27454,0.534151435535,0.0449099979366,0.431773677617,0.03139,0.03145,0.03139,0.03143,0.127429117553,0.19114367633,0.0314465912702,-5.27601548093,2757383.29,27573.8329,0.0510490585153,OKX_CONTRACT_OI_HISTORY,6332201.14,633220.114,0.813814844345,OKX_CONTRACT_OI_HISTORY,1.07,0.51690821256,0.48309178744,OKX_GLOBAL_ACCOUNT_RATIO,1.16,0.537037037037,0.462962962963,OKX_GLOBAL_ACCOUNT_RATIO,,,,,UNAVAILABLE,UNAVAILABLE,PASS,PASS,-0.0592788343422,0.0206293154708,0.0636739891754,0.079908149813,1.39806061777,2.118024893,-0.336750992356,-0.367469296973,-0.0953591862683,-0.0307183046168,1.0113982313,3.56204079096,0.558033587647,1.32520345192,0.769477396601,0.767169864274,0.616783452636,1.4181919436,,,,,,,,,,,,
2026-09-01T08:00:00Z,2026-09-01T10:00:00+02:00,2026-09-02T09:00:00Z,78632.37,78658.01,77820,77883.28,939.11065,73318923.4874,285101,467.29323,36480576.7596,36838346.7278,0.497560179888,-0.952648381322,1.07685684914,2472.72,2473.62,2444.92,2448.17,21078.0254,51730213.3936,186335,9827.8943,24118234.7449,27611978.6487,0.466231108722,-0.992833802452,1.17386253947,0.03144,0.03149,0.03141,0.03143,0,0.254695956702,0.0314338327816,-1.21931728597,2765654.68,27656.5468,0.299972442351,OKX_CONTRACT_OI_HISTORY,6330331.61,633033.161,-0.0295241726955,OKX_CONTRACT_OI_HISTORY,1.16,0.537037037037,0.462962962963,OKX_GLOBAL_ACCOUNT_RATIO,1.25,0.555555555556,0.444444444444,OKX_GLOBAL_ACCOUNT_RATIO,7.52851949628e-05,OKX_FUNDING_HISTORY,7.60301736977e-05,OKX_FUNDING_HISTORY,PRICE_DOWN_OI_UP,PRICE_DOWN_OI_DOWN,PASS,PASS,-1.07184170739,-0.884608221796,0.159337157425,0.187233485591,1.47447019071,1.4162237198,-1.24446013376,-0.988829662463,0.255183413078,0.255630471295,1.3222022187,3.71288233179,-0.761358192067,0.0829878911264,0.83413538659,0.844346083194,1.06923405317,1.97877677971,,,,,,,,,,,,
2026-09-01T09:00:00Z,2026-09-01T11:00:00+02:00,2026-09-02T09:00:00Z,77883.28,78062.24,77786.18,77915,951.34245,74131405.2839,164648,658.2051,51292391.5507,22839013.7332,0.691911766062,0.0407276118828,0.354895946812,2448.18,2455,2443.44,2452.44,8281.8056,20286678.7379,106287,4374.8521,10715912.7435,9570765.99437,0.528224106173,0.174415992353,0.473103493435,0.03143,0.03149,0.0314,0.03148,0.159083678015,0.286624203822,0.0314758390554,1.32194875308,2792163.48,27921.6348,0.958499996102,OKX_CONTRACT_OI_HISTORY,6396224.9,639622.49,1.04091371605,OKX_CONTRACT_OI_HISTORY,1.19,0.543378995434,0.456621004566,OKX_GLOBAL_ACCOUNT_RATIO,1.26,0.557522123894,0.442477876106,OKX_GLOBAL_ACCOUNT_RATIO,,,,,PRICE_UP_OI_UP,PRICE_UP_OI_UP,PASS,PASS,-1.59761323536,-1.29198966408,0.31867431485,0.305623571281,0.929142589574,2.47784790333,-1.32885333528,-1.04225931799,0.286715514495,0.286594017287,2.4632604481,4.58299876862,-0.759167215103,0.234601708424,0.994546037857,0.993768923527,1.98166979509,2.53038908063,,,,,,,,,,,,
2026-09-01T10:00:00Z,2026-09-01T12:00:00+02:00,2026-09-02T09:00:00Z,77915,78196,77758.69,78029.67,423.94155,33064705.8299,146353,212.4853,16573825.3623,16490880.4676,0.501254281455,0.147173201566,0.562393733742,2452.44,2463.55,2448.35,2456.97,9715.0517,23856118.0018,86455,6063.6503,14886389.3675,8969728.63422,0.624007198759,0.184713999119,0.620826270754,0.03148,0.03151,0.03146,0.03149,0.0317662007624,0.158931977114,0.0314876379716,0.750144690411,2793726.94,27937.2694,0.0559945723521,OKX_CONTRACT_OI_HISTORY,6368836.31,636883.631,-0.428199296119,OKX_CONTRACT_OI_HISTORY,1.22,0.54954954955,0.45045045045,OKX_GLOBAL_ACCOUNT_RATIO,1.26,0.557522123894,0.442477876106,OKX_GLOBAL_ACCOUNT_RATIO,,,,,PRICE_UP_OI_UP,PRICE_UP_OI_DOWN,PASS,PASS,-0.908904000602,-0.592326459271,0.318572793883,0.316577541331,1.36977044277,1.39707667755,-0.716958157295,-0.505375690943,0.2227880331,0.211582466352,2.07440356854,3.62734310573,-0.864362741156,0.054568481408,0.929487179487,0.918931222564,1.74012390951,1.44272997382,,,,,,,,,,,,
2026-09-01T11:00:00Z,2026-09-01T13:00:00+02:00,2026-09-02T09:00:00Z,78029.67,78202.52,77890,78098.97,337.44732,26336537.1819,123215,177.94101,13888379.6834,12448157.4985,0.527342664202,0.0888123709866,0.401232507382,2456.97,2464.73,2452.77,2459.18,6384.3509,15694856.8811,56491,3285.7656,8078426.14044,7616430.74065,0.514718050737,0.0899481882156,0.487611965247,0.03149,0.03152,0.03147,0.0315,0.0317561130518,0.15888147442,0.0314879952962,3.81247001033,2801418.48,28014.1848,0.275314666221,OKX_CONTRACT_OI_HISTORY,6376845.19,637684.519,0.12575107304,OKX_CONTRACT_OI_HISTORY,1.23,0.551569506726,0.448430493274,OKX_GLOBAL_ACCOUNT_RATIO,1.26,0.557522123894,0.442477876106,OKX_GLOBAL_ACCOUNT_RATIO,,,,,PRICE_UP_OI_UP,PRICE_UP_OI_UP,PASS,PASS,-0.678346589324,-0.547575139927,0.22271714922,0.130771449398,1.59699198003,0.705032089363,-0.613784782612,-0.3432415456,0.31847133758,0.270543237012,2.49496092633,3.84333665726,-0.276395085873,0.524454800008,0.832266325224,0.800849885881,1.70428190609,1.93063711179,,,,,,,,,,,,
2026-09-01T12:00:00Z,2026-09-01T14:00:00+02:00,2026-09-02T14:00:00Z,78098.96,78156,77742.01,78004,474.45626,36989970.3106,144497,212.33553,16553889.0354,20436081.2752,0.447523717819,-0.121589327182,0.53251774684,2459.18,2459.32,2438.43,2446.61,12105.9852,29640701.7401,126084,4503.881,11028298.6341,18612403.1061,0.372066043873,-0.511145991753,0.856698777492,0.03149,0.03149,0.03136,0.03137,-0.381073356621,0.414540816327,0.0313651864007,1.53469494525,2823253.07,28232.5307,0.779411935628,OKX_CONTRACT_OI_HISTORY,6397610.73,639761.073,0.325639707117,OKX_CONTRACT_OI_HISTORY,1.21,0.547511312217,0.452488687783,OKX_GLOBAL_ACCOUNT_RATIO,1.26,0.557522123894,0.442477876106,OKX_GLOBAL_ACCOUNT_RATIO,,,,,UNAVAILABLE,UNAVAILABLE,PASS,PASS,0.155001176119,-0.0637210651221,-0.190900413618,-0.218722241241,2.08263129944,1.06280561817,-0.823882418756,-1.01148644001,-0.159134309357,-0.187604021257,3.52637341258,3.41602040464,0.094456090878,-0.201505170198,-0.254372019078,-0.295961261076,2.98452119069,2.30142022568,,,,,,,,,,,,
2026-09-01T13:00:00Z,2026-09-01T15:00:00+02:00,2026-09-02T14:00:00Z,78004.01,78202,77510,78071.99,1285.21254,100019632.191,328526,640.88379,49873470.521,50146161.6703,0.498636811877,0.0871621968104,0.892788027351,2446.62,2450,2426.58,2444.41,20969.2723,51162955.8107,189634,8340.682,20354159.0672,30808796.7435,0.397830006978,-0.0899203387544,0.965144359551,0.03137,0.0314,0.03129,0.0313,-0.223143130379,0.35155001598,0.031309692503,-3.09568771196,2792196.5,27921.965,-1.10002784837,OKX_CONTRACT_OI_HISTORY,6436673.59,643667.359,0.610585133241,OKX_CONTRACT_OI_HISTORY,1.23,0.551569506726,0.448430493274,OKX_GLOBAL_ACCOUNT_RATIO,1.3,0.565217391304,0.434782608696,OKX_GLOBAL_ACCOUNT_RATIO,,,,,PRICE_UP_OI_DOWN,PRICE_DOWN_OI_UP,PASS,PASS,0.2014888019,-0.327429009476,-0.571791613723,-0.528917811376,0.00118259551192,0.632383798762,-0.431867519986,-0.749129061335,-0.31847133758,-0.317261541349,2.23700313581,3.92343604351,0.262754408489,0.169242873769,-0.159489633174,-0.09351153472,1.00326807223,2.7300407681,,,,,,,,,,,,
2026-09-01T14:00:00Z,2026-09-01T16:00:00+02:00,2026-09-02T14:00:00Z,78072,78424,78052,78167.99,800.55583,62663911.1622,231720,405.27556,31722389.1386,30941522.0236,0.506230596691,0.122963434133,0.47660534003,2444.42,2457.64,2442.05,2449.29,16110.3873,39496684.6616,146475,8402.5162,20599224.7867,18897459.8748,0.521543136171,0.199639176734,0.638398067198,0.0313,0.03136,0.03129,0.03133,0.0958466453674,0.223713646532,0.0313336699588,-1.17125085229,2767721.53,27677.2153,-0.876548982136,OKX_CONTRACT_OI_HISTORY,6366377.28,636637.728,-1.092121715,OKX_CONTRACT_OI_HISTORY,1.24,0.553571428571,0.446428571429,OKX_GLOBAL_ACCOUNT_RATIO,1.29,0.563318777293,0.436681222707,OKX_GLOBAL_ACCOUNT_RATIO,,,,,PRICE_UP_OI_DOWN,PRICE_UP_OI_DOWN,PASS,PASS,0.177265904111,-0.312580129184,-0.508097808828,-0.489846033294,-0.930850099473,-0.0386103501536,-0.359464672972,-0.64054716277,-0.286441756843,-0.281082489798,1.56605700449,1.73019398583,-0.549808181003,-0.740407528084,-0.222929936306,-0.190599347081,1.04010075792,3.90030936026,,,,,,,,,,,,
2026-09-01T15:00:00Z,2026-09-01T17:00:00+02:00,2026-09-02T14:00:00Z,78168,78169.69,77727.61,77919.06,560.10608,43631741.2667,165388,256.17459,19954287.1133,23677454.1534,0.457334191439,-0.318455163041,0.568755426804,2449.3,2454.68,2435,2448.97,11376.7945,27790117.0125,88563,5693.3254,13906846.6857,13883270.3267,0.500424186033,-0.0130650106766,0.808213552361,0.03133,0.03143,0.03131,0.03143,0.319182891797,0.383264132865,0.0314296656043,0.106394933381,2772360.83,27723.6083,0.167621632079,OKX_CONTRACT_OI_HISTORY,6396763.04,639676.304,0.477284940298,OKX_CONTRACT_OI_HISTORY,1.27,0.559471365639,0.440528634361,OKX_GLOBAL_ACCOUNT_RATIO,1.33,0.570815450644,0.429184549356,OKX_GLOBAL_ACCOUNT_RATIO,,,,,PRICE_DOWN_OI_UP,PRICE_DOWN_OI_UP,PASS,PASS,-0.230361552784,-0.415179043421,-0.222222222222,-0.184817490637,-1.03724774458,0.312346456697,-0.96588658144,-0.940049591256,0.0636739891754,0.0258369901838,1.94883406821,3.1592005546,-0.841634595488,-0.75820203592,0.0955414012739,0.0834325595679,1.34940131302,4.07358837873,,,,,,,,,,,,
2026-09-01T16:00:00Z,2026-09-01T18:00:00+02:00,2026-09-02T18:00:00Z,77919.07,77976,77318,77596.01,692.23833,53703500.8855,195360,289.8627,22488436.9178,31215063.9677,0.41875178614,-0.414609671291,0.851030807833,2448.97,2449.6,2420.01,2432.83,15662.7999,38109181.8501,156863,7602.7192,18496188.9425,19612992.9077,0.485347311186,-0.659052581289,1.22272222016,0.03143,0.03144,0.03129,0.03136,-0.22271714922,0.479386385427,0.0313525141306,2.38764566369,2777069.11,27770.6911,0.169829264252,OKX_CONTRACT_OI_HISTORY,6455442.78,645544.278,0.91733490256,OKX_CONTRACT_OI_HISTORY,1.26,0.557522123894,0.442477876106,OKX_GLOBAL_ACCOUNT_RATIO,1.38,0.579831932773,0.420168067227,OKX_GLOBAL_ACCOUNT_RATIO,5.32184888605e-05,OKX_FUNDING_HISTORY,8.29478306291e-05,OKX_FUNDING_HISTORY,UNAVAILABLE,UNAVAILABLE,PASS,PASS,-0.523037280139,-0.563228303653,-0.0318775900542,-0.0401910235133,-1.63584201823,0.903963251919,-1.43673507131,-1.50565582465,-0.06373486297,-0.0689207533377,1.89327635808,3.42058987126,-1.32701641171,-1.47294670339,-0.127388535032,-0.145930291673,1.75373566976,4.59185108762,,,,,,,,,,,,
2026-09-01T17:00:00Z,2026-09-01T19:00:00+02:00,2026-09-02T18:00:00Z,77596.01,77721.26,77241.12,77265.79,484.76204,37569508.872,133839,206.28247,15992423.9769,21577084.895,0.425675619861,-0.425563118516,0.621611908269,2432.83,2439.53,2416.85,2418.18,12086.2016,29338318.8136,101812,4523.6658,10983380.8544,18354937.9592,0.374369810491,-0.602179354908,0.938411568778,0.03135,0.03141,0.03129,0.0313,-0.191326530612,0.383509108341,0.0312969038432,0.989285330291,2797676.78,27976.7678,0.742065436031,OKX_CONTRACT_OI_HISTORY,6512591.02,651259.102,0.88527219507,OKX_CONTRACT_OI_HISTORY,1.25,0.555555555556,0.444444444444,OKX_GLOBAL_ACCOUNT_RATIO,1.38,0.579831932773,0.420168067227,OKX_GLOBAL_ACCOUNT_RATIO,,,,,PRICE_DOWN_OI_UP,PRICE_DOWN_OI_UP,PASS,PASS,-1.0326366729,-1.07306057494,0,-0.0404239020481,0.196271286781,1.17945129481,-2.41752998453,-2.67091695042,-0.25493945188,-0.253386965889,1.12843344264,4.34222098791,-2.06796526525,-2.31233487651,-0.25493945188,-0.244369611255,2.53431437146,5.50341881217,,,,,,,,,,,,
2026-09-01T18:00:00Z,2026-09-01T20:00:00+02:00,2026-09-02T18:00:00Z,77265.79,77319.64,76420,77153.9,1485.89835,114250942.367,308625,563.76262,43348758.615,70902183.7523,0.379417077153,-0.144811824224,1.17723109134,2418.18,2421.98,2383.34,2412.83,36005.5501,86564519.8796,251635,16692.0404,40139751.9332,46424767.9464,0.463697505503,-0.22124076785,1.62125420628,0.0313,0.03137,0.03119,0.03128,-0.0638977635783,0.577108047451,0.0312729492612,2.25458072057,2810645.31,28106.4531,0.463546400096,OKX_CONTRACT_OI_HISTORY,6505165.3,650516.53,-0.114020978397,OKX_CONTRACT_OI_HISTORY,1.29,0.563318777293,0.436681222707,OKX_GLOBAL_ACCOUNT_RATIO,1.47,0.595141700405,0.404858299595,OKX_GLOBAL_ACCOUNT_RATIO,,,,,PRICE_DOWN_OI_UP,PRICE_DOWN_OI_DOWN,PASS,PASS,-1.2973213204,-1.48859465396,-0.159591445898,-0.191273333559,1.55087061811,2.18001563363,-2.02105799463,-2.37820691776,-0.350430073272,-0.357148923125,1.98364979462,3.56754556379,-2.35661131923,-2.62208410687,-0.255102040816,-0.265472787643,2.90908559806,6.68490540232,,,,,,,,,,,,
2026-09-01T19:00:00Z,2026-09-01T21:00:00+02:00,2026-09-02T21:00:00Z,77153.89,77466.55,77112,77312,445.04268,34392130.6255,153845,242.69299,18756541.6442,15635588.9813,0.545373063636,0.204928098894,0.459785766158,2412.83,2424.89,2412.24,2419.18,11583.273,28004092.853,99509,6950.6118,16805955.3205,11198137.5325,0.600124967758,0.263176435969,0.524408848207,0.03128,0.03133,0.03125,0.03129,0.0319693094629,0.256,0.0312911320364,-0.361775477642,2808048.31,28080.4831,-0.0923987096757,OKX_CONTRACT_OI_HISTORY,6527093,652709.3,0.337081365173,OKX_CONTRACT_OI_HISTORY,1.29,0.563318777293,0.436681222707,OKX_GLOBAL_ACCOUNT_RATIO,1.46,0.593495934959,0.406504065041,OKX_GLOBAL_ACCOUNT_RATIO,,,,,UNAVAILABLE,UNAVAILABLE,PASS,PASS,-0.779090507509,-1.21642976435,-0.445434298441,-0.437339256841,1.28725956643,2.03743610925,-1.67916851546,-2.16522695655,-0.445434298441,-0.48605844109,1.8374311683,3.07779010317,-2.01026489118,-2.52473970925,-0.540368722187,-0.514474818071,2.86741314594,6.74946303307,,,,,,,,,,,,
2026-09-01T20:00:00Z,2026-09-01T22:00:00+02:00,2026-09-02T21:00:00Z,77312,77471.9,77236.48,77448.45,266.37627,20611023.1088,104602,138.08612,10684246.0268,9926777.08204,0.518375335876,0.176492653146,0.304804154721,2419.19,2423.12,2413.07,2421.32,6994.2204,16916907.0022,76998,3919.5327,9479298.08925,7437608.91292,0.560344635578,0.0884597260229,0.416481908938,0.03128,0.03129,0.03123,0.03126,-0.0958772770853,0.192122958694,0.0312636340689,-1.16239489204,2820188.44,28201.8844,0.432333373923,OKX_CONTRACT_OI_HISTORY,6525021.85,652502.185,-0.0317315840298,OKX_CONTRACT_OI_HISTORY,1.29,0.563318777293,0.436681222707,OKX_GLOBAL_ACCOUNT_RATIO,1.47,0.595141700405,0.404858299595,OKX_GLOBAL_ACCOUNT_RATIO,,,,,PRICE_UP_OI_UP,PRICE_UP_OI_DOWN,PASS,PASS,-0.190164416959,-0.473111561433,-0.31887755102,-0.282947144473,1.5526920034,1.07783574839,-0.558309819515,-1.09673756316,-0.54088450525,-0.538427743645,1.9718210084,3.07551408038,-1.79582201015,-2.07472235928,-0.287081339713,-0.278900349133,3.32009468822,6.90258663106,,,,,,,,,,,,
2026-09-01T21:00:00Z,2026-09-01T23:00:00+02:00,2026-09-02T21:00:00Z,77448.46,77516.3,76920.36,77211.32,414.9871,32019439.5431,144966,186.03385,14350021.1868,17669418.3563,0.448165907698,-0.306177851203,0.774749364148,2421.33,2423.39,2400.42,2415.46,11459.8559,27636326.2988,110451,6444.627,15539202.2416,12097124.0571,0.562274524974,-0.242016751194,0.956915873056,0.03127,0.0313,0.03121,0.03128,0.0639795265515,0.288369112464,0.0312837547655,-1.2002285279,2791638.05,27916.3805,-1.01235752885,OKX_CONTRACT_OI_HISTORY,6619247.68,661924.768,1.44406918729,OKX_CONTRACT_OI_HISTORY,1.3,0.565217391304,0.434782608696,OKX_GLOBAL_ACCOUNT_RATIO,1.48,0.596774193548,0.403225806452,OKX_GLOBAL_ACCOUNT_RATIO,,,,,PRICE_DOWN_OI_DOWN,PRICE_DOWN_OI_UP,PASS,PASS,-0.0704969171997,-0.11248128758,-0.0638977635783,-0.0419843703802,-0.215848022301,1.63769933767,-0.903138035038,-1.50788602372,-0.635324015248,-0.604747988677,-0.0188180242226,3.48678765189,-2.21998999042,-2.53442925912,-0.350430073272,-0.314439268704,2.44397888693,8.22958585565,,,,,,,,,,,,
2026-09-01T22:00:00Z,2026-09-02T00:00:00+02:00,2026-09-03T00:00:00Z,77211.32,77364.01,77030,77274.02,335.29844,25882223.1704,95770,151.00211,11657774.9917,14224448.1787,0.4504162921,0.0812057092147,0.433610281708,2415.46,2418.7,2405.85,2413.18,12277.7378,29599361.3813,61331,4262.2422,10277086.8177,19322274.5636,0.347206369938,-0.0943919584675,0.534114761934,0.03128,0.03129,0.0312,0.03123,-0.159846547315,0.288461538462,0.0312288657947,0.363191307737,2804650.72,28046.5072,0.46613027072,OKX_CONTRACT_OI_HISTORY,6653229.49,665322.949,0.513378734908,OKX_CONTRACT_OI_HISTORY,1.31,0.5670995671,0.4329004329,OKX_GLOBAL_ACCOUNT_RATIO,1.5,0.6,0.4,OKX_GLOBAL_ACCOUNT_RATIO,,,,,UNAVAILABLE,UNAVAILABLE,PASS,PASS,0.155688824544,0.0145057878093,-0.159846547315,-0.141183036735,-0.21328162535,2.27610188476,-0.968413681616,-1.78227654387,-0.825658939346,-0.813862862257,0.391011012694,4.46538686437,-1.67842871802,-2.27864504242,-0.604710375557,-0.600216324394,2.47352572763,8.25470487267,,,,,,,,,,,,
2026-09-01T23:00:00Z,2026-09-02T01:00:00+02:00,2026-09-03T00:00:00Z,77274.02,77638.18,77218,77439,341.60079,26451699.2502,91153,188.46396,14593580.3591,11858118.8911,0.551706724814,0.213499957683,0.544147737574,2413.17,2427.15,2411,2418.57,7754.0827,18762046.1757,53894,4731.8795,11447367.7054,7314678.47025,0.610134289098,0.22335673261,0.669846536707,0.03123,0.0313,0.03122,0.03124,0.0320204931156,0.256245996156,0.0312319373959,2.58152544685,2786808.02,27868.0802,-0.636182604585,OKX_CONTRACT_OI_HISTORY,6641005.33,664100.533,-0.183732727368,OKX_CONTRACT_OI_HISTORY,1.33,0.570815450644,0.429184549356,OKX_GLOBAL_ACCOUNT_RATIO,1.55,0.607843137255,0.392156862745,OKX_GLOBAL_ACCOUNT_RATIO,,,,,PRICE_UP_OI_DOWN,PRICE_UP_OI_DOWN,PASS,PASS,0.164269453642,-0.0252151555486,-0.159795461809,-0.189484609191,-0.756407570495,1.74522302654,-0.845043154859,-1.65136346262,-0.825396825397,-0.806320307759,-0.521537931741,4.14248946194,-1.45364119118,-1.98893684275,-0.509554140127,-0.535295651566,1.96041082698,8.14503593522,,,,,,,,,,,,
2026-09-02T00:00:00Z,2026-09-02T02:00:00+02:00,2026-09-03T00:00:00Z,77439.01,77512,77132,77213.25,352.51719,27259232.4425,102604,168.09409,12996908.6,14262323.8425,0.476789235626,-0.291519776857,0.492661930198,2418.58,2422.32,2405.87,2408.85,7274.2694,17556271.1311,89469,3541.3632,8548241.39345,9008029.73764,0.486905296098,-0.401890373237,0.683744341964,0.03123,0.03127,0.03119,0.03121,-0.0960307298335,0.256492465534,0.0311973657371,4.0497851672,2792905.46,27929.0546,0.218796557073,OKX_CONTRACT_OI_HISTORY,6679962.79,667996.279,0.58661991768,OKX_CONTRACT_OI_HISTORY,1.3,0.565217391304,0.434782608696,OKX_GLOBAL_ACCOUNT_RATIO,1.58,0.612403100775,0.387596899225,OKX_GLOBAL_ACCOUNT_RATIO,8.80327536236e-05,OKX_FUNDING_HISTORY,8.19210647289e-05,OKX_FUNDING_HISTORY,PRICE_DOWN_OI_UP,PRICE_DOWN_OI_UP,PASS,PASS,-0.303685871054,-0.515008342557,-0.159948816379,-0.211322471503,-0.967416914878,2.37456584149,-1.01373006512,-1.54335999608,-0.510041440867,-0.529629930951,-1.07491639069,4.41339856262,-1.8292605401,-2.53923555901,-0.6683640993,-0.709975018907,2.41355145608,7.9801815627,-0.928685513332,-0.79892927005,0.160462130937,0.129756243282,4.14747635672,8.36641465035,,,,,,
2026-09-02T01:00:00Z,2026-09-02T03:00:00+02:00,2026-09-03T00:00:00Z,77213.24,77372,76718.48,77020.68,661.59711,50993069.6101,159137,303.28153,23378770.5493,27614299.0608,0.458469567101,-0.249400200095,0.851841694465,2408.84,2415,2386.74,2399.32,14811.6916,35560628.1246,150129,6805.7998,16343148.7886,19217479.336,0.459585492455,-0.395624468107,1.18404183112,0.03121,0.03127,0.0311,0.03116,-0.16020506248,0.546623794212,0.0311516335613,2.68571428571,2884376.08,28843.7608,3.27510620428,OKX_CONTRACT_OI_HISTORY,6789587.23,678958.723,1.64109357262,OKX_CONTRACT_OI_HISTORY,1.3,0.565217391304,0.434782608696,OKX_GLOBAL_ACCOUNT_RATIO,1.6,0.615384615385,0.384615384615,OKX_GLOBAL_ACCOUNT_RATIO,,,,,PRICE_DOWN_OI_UP,PRICE_DOWN_OI_UP,PASS,PASS,-0.246906800713,-0.668195705994,-0.383631713555,-0.421288905281,3.32199333649,2.5733974348,-1.34659049936,-1.84461690142,-0.447284345048,-0.498026402062,3.30132854188,5.48285748944,-1.77264253235,-2.57992740148,-0.764331210191,-0.807284869125,5.6121825007,9.6214099399,-0.798882651343,-0.564868729149,0.2574002574,0.234013922195,6.95905072677,8.57419546963,,,,,,
2026-09-02T02:00:00Z,2026-09-02T04:00:00+02:00,2026-09-03T04:00:00Z,77020.67,77343.74,76948.97,77329.2,437.17945,33741152.0189,148395,270.60642,20886282.5886,12854869.4303,0.619015099927,0.40058077916,0.513028309541,2399.32,2411.01,2395,2409.92,9401.4828,22613282.3127,105268,4959.9526,11930615.4594,10682666.8533,0.527593265517,0.441791841022,0.668475991649,0.03116,0.03119,0.03113,0.03116,0,0.192740122069,0.0311644243054,-1.41966538308,2846242.32,28462.4232,-1.32208002502,OKX_CONTRACT_OI_HISTORY,6804504.02,680450.402,0.21970098468,OKX_CONTRACT_OI_HISTORY,1.3,0.565217391304,0.434782608696,OKX_GLOBAL_ACCOUNT_RATIO,1.65,0.622641509434,0.377358490566,OKX_GLOBAL_ACCOUNT_RATIO,,,,,UNAVAILABLE,UNAVAILABLE,PASS,PASS,0.0714082171472,-0.135091456087,-0.224143451809,-0.206499673234,1.48295114623,2.27370076784,-1.07306072473,-1.6074045948,-0.542610916055,-0.534343870072,2.83701915633,6.88188463754,-1.42866812348,-2.23765557304,-0.827498408657,-0.808987449568,4.44750549804,8.73114857747,-0.186888528653,0.0838905270153,0.289668490505,0.270779055669,5.15741456263,7.65108247003,,,,,,
2026-09-02T03:00:00Z,2026-09-02T05:00:00+02:00,2026-09-03T04:00:00Z,77329.2,77792,77314.51,77563.5,618.37453,47965092.3022,179529,357.51722,27731284.9344,20233807.3678,0.578155562793,0.302990332242,0.617594291162,2409.93,2424.3,2408.64,2414.42,12151.7278,29358750.1735,106894,6406.0328,15476883.3848,13881866.7887,0.527164245525,0.186728190147,0.650159426066,0.03116,0.03119,0.03111,0.03113,-0.0962772785623,0.257152041144,0.0311283013273,0.545700416663,2863328.57,28633.2857,0.600309041853,OKX_CONTRACT_OI_HISTORY,6741360.22,674136.022,-0.927970647301,OKX_CONTRACT_OI_HISTORY,1.3,0.565217391304,0.434782608696,OKX_GLOBAL_ACCOUNT_RATIO,1.61,0.616858237548,0.383141762452,OKX_GLOBAL_ACCOUNT_RATIO,,,,,PRICE_UP_OI_UP,PRICE_UP_OI_DOWN,PASS,PASS,0.16077170418,-0.171588996804,-0.352112676056,-0.332360700984,2.74581347014,1.51114003096,-0.456319673261,-1.41079719229,-0.954502068088,-0.954477519028,3.28123738496,5.38705557553,-1.41779872421,-2.33758459031,-0.891435848456,-0.919785866097,5.29401732519,8.71644401976,-0.24848016332,-0.269316876916,-0.0321130378934,-0.0208367135959,5.78472333102,7.13141438608,,,,,,
2026-09-02T04:00:00Z,2026-09-02T06:00:00+02:00,2026-09-03T04:00:00Z,77563.5,77612.84,77294.56,77561.82,299.9271,23234243.1437,93055,167.18115,12950828.9929,10283414.1509,0.557402662645,-0.00216596723973,0.411775421194,2414.42,2416.49,2405.44,2415.23,7359.4966,17756612.8025,70050,4098.6954,9889616.41421,7866996.38826,0.55695399366,0.0335484298506,0.459375415724,0.03113,0.03117,0.03112,0.03115,0.0642467073563,0.160668380463,0.0311394188532,3.3979910816,2858474.55,28584.7455,-0.169523681315,OKX_CONTRACT_OI_HISTORY,6715522.64,671552.264,-0.383269535477,OKX_CONTRACT_OI_HISTORY,1.32,0.568965517241,0.431034482759,OKX_GLOBAL_ACCOUNT_RATIO,1.63,0.619771863118,0.380228136882,OKX_GLOBAL_ACCOUNT_RATIO,,,,,PRICE_DOWN_OI_DOWN,PRICE_UP_OI_DOWN,PASS,PASS,0.451438062768,0.264856674347,-0.192246074976,-0.186581388421,2.3477017371,0.532336049135,-0.0440615438861,-0.723437313746,-0.669642857143,-0.67937576986,2.93134368557,4.02884618241,-1.48016356754,-2.21820066234,-0.732950924156,-0.738037094799,4.88011848062,7.58724635811,-0.0778900078689,-0.101336818768,0.0321130378934,-0.0234468108995,4.2386119907,5.99830056988,,,,,,
2026-09-02T05:00:00Z,2026-09-02T07:00:00+02:00,2026-09-03T04:00:00Z,77561.82,77761.93,77438,77651.07,341.8285,26540903.4197,114750,172.26874,13374683.0509,13166220.3688,0.503927196426,0.115069501979,0.418308840621,2415.23,2425,2409.45,2422.53,6893.6865,16674478.853,84496,3748.9477,9068857.55509,7605621.29786,0.543876521424,0.302248647127,0.645375500633,0.03115,0.0312,0.0311,0.0312,0.16051364366,0.32154340836,0.0311976383584,0.75699372144,2862426.82,28624.2682,0.138265005718,OKX_CONTRACT_OI_HISTORY,6609085.74,660908.574,-1.58493844345,OKX_CONTRACT_OI_HISTORY,1.31,0.5670995671,0.4329004329,OKX_GLOBAL_ACCOUNT_RATIO,1.6,0.615384615385,0.384615384615,OKX_GLOBAL_ACCOUNT_RATIO,,,,,PRICE_UP_OI_UP,PRICE_UP_OI_DOWN,PASS,PASS,0.818468494436,0.967357417935,0.12836970475,0.1488889235,-0.760970809327,-2.65850461722,0.498642413415,0.179887353299,-0.319488817891,-0.318755060116,2.3144217539,1.48166405204,-1.93094240098,-2.49583423893,-0.57361376673,-0.564891837956,3.46897190561,5.88822216739,-0.46776302297,-0.55254742425,-0.0960614793468,-0.0847844012809,4.56380456339,6.6225330715,,,,,,
2026-09-02T06:00:00Z,2026-09-02T08:00:00+02:00,2026-09-03T04:00:00Z,77651.08,77724,77462,77611.54,397.05137,30813549.5636,106101,194.84751,15120950.8886,15692598.6751,0.490724084135,-0.0509072186642,0.338230358111,2422.53,2425.5,2414.98,2420.73,8489.7809,20546399.1824,67955,3830.9602,9270992.36086,11275406.8215,0.451222244763,-0.0743024854181,0.435614373618,0.03119,0.03122,0.03114,0.0312,0,0.256904303147,0.0311903358702,3.09843724827,2866999.39,28669.9939,0.15974452056,OKX_CONTRACT_OI_HISTORY,6617711.27,661771.127,0.130510184605,OKX_CONTRACT_OI_HISTORY,1.3,0.565217391304,0.434782608696,OKX_GLOBAL_ACCOUNT_RATIO,1.58,0.612403100775,0.387596899225,OKX_GLOBAL_ACCOUNT_RATIO,,,,,PRICE_DOWN_OI_UP,PRICE_DOWN_OI_UP,PASS,PASS,0.365114342318,0.448562607887,0.12836970475,0.0834482655691,0.729279789502,-2.74513395026,0.593152128408,0.327416353411,-0.255754475703,-0.265735774998,2.00502282517,1.73010161633,-1.43989381474,-2.05857720271,-0.605288308378,-0.618683387978,4.02844525094,5.35936934358,-0.617628502724,-0.735239844833,-0.0960614793468,-0.117611342109,4.43005652691,5.7879871451,,,,,,
2026-09-02T07:00:00Z,2026-09-02T09:00:00+02:00,2026-09-03T09:00:00Z,77611.53,77765.99,77473.84,77473.85,515.9071,40029235.0722,105104,241.78819,18760005.7386,21269229.3336,0.468657612486,-0.177396322428,0.377095029755,2420.73,2429,2417.6,2417.9,6328.5646,15337413.489,73226,3496.6042,8475692.23436,6861721.25461,0.552615487641,-0.116906883461,0.471542025149,0.03119,0.03126,0.03119,0.0312,0.0320615581917,0.224430907342,0.0312092402791,-2.96075106497,2867202.41,28672.0241,0.00708127112647,OKX_CONTRACT_OI_HISTORY,6583734.04,658373.404,-0.513428715967,OKX_CONTRACT_OI_HISTORY,1.3,0.565217391304,0.434782608696,OKX_GLOBAL_ACCOUNT_RATIO,1.59,0.6138996139,0.3861003861,OKX_GLOBAL_ACCOUNT_RATIO,,,,,UNAVAILABLE,UNAVAILABLE,PASS,PASS,-0.115582716097,0.144133994914,0.224863475747,0.259716711011,0.135291493983,-2.33819548067,0.209346543874,-0.0529104903314,-0.287631831256,-0.262257034206,2.10659125021,0.867783560001,-1.47333725284,-2.21699181468,-0.731784918867,-0.743654561843,3.98272958273,3.9722822197,-0.923525381922,-0.921168014817,0.0320615581917,0.00235736710428,4.62407785239,5.44680874972,,,,,,
2026-09-02T08:00:00Z,2026-09-02T10:00:00+02:00,2026-09-03T09:00:00Z,77473.86,77546,76746.81,76854.11,705.11459,54393253.1673,157280,353.33066,27249460.1848,27143792.9825,0.500971326371,-0.799934429488,1.04133318375,2417.9,2420.64,2390.09,2393.16,16675.4326,40085321.728,133336,7861.8515,18885978.518,21199343.2099,0.471144491397,-1.02320195211,1.27819454498,0.03121,0.03126,0.03111,0.03115,-0.160256410256,0.482160077146,0.0311389982917,3.5330964081,2890088.46,28900.8846,0.798201407762,OKX_CONTRACT_OI_HISTORY,6754193.54,675419.354,2.58910063749,OKX_CONTRACT_OI_HISTORY,1.31,0.5670995671,0.4329004329,OKX_GLOBAL_ACCOUNT_RATIO,1.67,0.625468164794,0.374531835206,OKX_GLOBAL_ACCOUNT_RATIO,7.40231074545e-05,OKX_FUNDING_HISTORY,3.12212330133e-05,OKX_FUNDING_HISTORY,PRICE_DOWN_OI_UP,PRICE_DOWN_OI_UP,PASS,PASS,-0.912446355694,-0.913784608505,0,-0.00133825281111,1.10597136504,0.575843490865,-0.767400767866,-1.16300199891,-0.351887396033,-0.395601231044,2.47855848952,3.51219804728,-1.32142611354,-2.24698448229,-0.890868596882,-0.925558368749,4.49925223492,6.69573027313,-2.07272351964,-2.1658613162,-0.0641642605069,-0.0931377965582,5.61659382512,8.80700060871,,,,,,
2026-09-02T09:00:00Z,2026-09-02T11:00:00+02:00,2026-09-03T09:00:00Z,76854.11,77049.4,76484.64,76752.26,1036.05232,79490076.2082,198501,564.33657,43299201.2329,36190874.9753,0.544712035745,-0.132523816879,0.738396624473,2393.15,2400,2366.9,2376.61,28573.6103,68021086.9086,169115,13657.389,32510283.4957,35510803.4129,0.477944193091,-0.691554262983,1.39845367358,0.03114,0.03116,0.03092,0.03097,-0.577849117175,0.776196636481,0.0309646908117,1.71459431711,2922403.91,29224.0391,1.11814743553,OKX_CONTRACT_OI_HISTORY,7020632.04,702063.204,3.94478627866,OKX_CONTRACT_OI_HISTORY,1.36,0.576271186441,0.423728813559,OKX_GLOBAL_ACCOUNT_RATIO,1.77,0.638989169675,0.361010830325,OKX_GLOBAL_ACCOUNT_RATIO,,,,,PRICE_DOWN_OI_UP,PRICE_DOWN_OI_UP,PASS,PASS,-1.15749853801,-1.89553896133,-0.737179487179,-0.738040423323,2.09532308672,6.22697777257,-0.594550125552,-1.60838929231,-0.99104859335,-1.01383916676,4.68419822548,6.06389697749,-1.49231855227,-3.09202263868,-1.62007623888,-1.59970408641,4.6644987277,9.76211984041,-2.24015657418,-2.86467486819,-0.641642605069,-0.624518294012,6.73860348517,12.5395285355,,,,,,
2026-09-02T10:00:00Z,2026-09-02T12:00:00+02:00,2026-09-03T09:00:00Z,76752.26,76753.83,76264,76680.88,924.89427,70777656.1679,165139,436.27318,33391894.7593,37385761.4086,0.471785822917,-0.0930005188121,0.6422820728,2376.62,2376.89,2356.41,2372.76,18785.4313,44467760.536,110207,8183.1735,19374735.3676,25093025.1685,0.435702970737,-0.161995447297,0.869118701754,0.03096,0.03099,0.03085,0.03095,-0.0645786244753,0.453808752026,0.0309433068582,2.16303376658,2929091.32,29290.9132,0.228832502486,OKX_CONTRACT_OI_HISTORY,7065760.89,706576.089,0.642803236844,OKX_CONTRACT_OI_HISTORY,1.37,0.57805907173,0.42194092827,OKX_GLOBAL_ACCOUNT_RATIO,1.82,0.645390070922,0.354609929078,OKX_GLOBAL_ACCOUNT_RATIO,,,,,PRICE_DOWN_OI_UP,PRICE_DOWN_OI_UP,PASS,PASS,-1.19912580011,-1.98163363944,-0.801282051282,-0.782507839333,2.16574618804,6.77046189717,-0.767580100013,-1.67496829909,-0.896573807237,-0.907388199078,4.43693751641,6.20046851864,-1.72856043092,-3.42739227585,-1.7148301048,-1.69883184493,4.84529744342,10.9427302898,-2.57798213976,-3.37469407036,-0.801282051282,-0.796711930605,6.66973553224,12.5433343134,,,,,,
2026-09-02T11:00:00Z,2026-09-02T13:00:00+02:00,2026-09-03T09:00:00Z,76680.88,76848.73,76356,76828.76,641.75915,49175296.1193,169221,373.60001,28629866.431,20545429.6883,0.582200183636,0.192851203586,0.645306197286,2372.73,2382.28,2367.52,2381.88,16350.494,38834938.8749,109916,10610.6912,25202695.5842,13632243.2907,0.648969621541,0.38436251454,0.623437183213,0.03095,0.03107,0.03093,0.03101,0.193861066236,0.452634982218,0.0310024527273,2.43441147329,2950765.8,29507.658,0.739972832257,OKX_CONTRACT_OI_HISTORY,7093721.08,709372.108,0.395713787026,OKX_CONTRACT_OI_HISTORY,1.38,0.579831932773,0.420168067227,OKX_GLOBAL_ACCOUNT_RATIO,1.83,0.646643109541,0.353356890459,OKX_GLOBAL_ACCOUNT_RATIO,,,,,PRICE_UP_OI_UP,PRICE_UP_OI_UP,PASS,PASS,-0.832655147511,-1.48972248646,-0.608974358974,-0.657067338944,2.91445730195,7.7461670976,-0.78802670489,-1.51701211873,-0.736235595391,-0.728985413841,5.88335395992,6.81697615804,-1.62641069402,-3.1433241975,-1.55555555556,-1.51691350348,5.33113210562,11.2418581389,-1.89831046066,-2.63535471212,-0.736235595391,-0.737044251463,7.12627153157,13.389534736,,,,,,
2026-09-02T12:00:00Z,2026-09-02T14:00:00+02:00,2026-09-03T14:00:00Z,76828.75,77049.4,76611.67,76613.88,581.91449,44705399.462,133844,310.10599,23828836.6476,20876562.8144,0.53301920874,-0.279673950181,0.57136203923,2381.87,2390,2377.21,2377.65,13001.5802,30986303.762,92234,7614.3608,18147222.8884,12839080.8737,0.585653036507,-0.17717171802,0.538025668746,0.031,0.03103,0.03099,0.03103,0.0967741935484,0.129073894805,0.031034193804,-1.35134944168,2927284.33,29272.8433,-0.795775455985,OKX_CONTRACT_OI_HISTORY,7009311.73,700931.173,-1.18991639293,OKX_CONTRACT_OI_HISTORY,1.36,0.576271186441,0.423728813559,OKX_GLOBAL_ACCOUNT_RATIO,1.74,0.63503649635,0.36496350365,OKX_GLOBAL_ACCOUNT_RATIO,,,,,UNAVAILABLE,UNAVAILABLE,PASS,PASS,-0.312579249177,-0.648097076668,-0.385232744783,-0.335517827491,1.28701493102,3.777182109,-0.776252780449,-1.29522386201,-0.576738224928,-0.51897108156,4.81143640286,4.9304008174,-1.78211373776,-2.81859389114,-1.08383806184,-1.03648015338,3.68480109365,9.56139761883,-1.68934096185,-3.01441944892,-1.33545310016,-1.32507848707,6.77929595382,12.0828657832,,,,,,
2026-09-02T13:00:00Z,2026-09-02T15:00:00+02:00,2026-09-03T14:00:00Z,76613.87,77443.61,76613.87,77146,812.83227,62582744.2961,256420,456.03474,35113253.6864,27469490.6097,0.561069254495,0.69454777646,1.08301538612,2377.65,2419.72,2377.64,2402.99,26280.6169,63060672.9311,157351,15865.1083,38079745.7557,24980927.1754,0.603858855064,1.06575820663,1.76982217661,0.03104,0.03125,0.03103,0.03115,0.386722526587,0.708991298743,0.0311486013533,0.449023924363,2937699.45,29376.9945,0.355794614594,OKX_CONTRACT_OI_HISTORY,6764076.41,676407.641,-3.49870756854,OKX_CONTRACT_OI_HISTORY,1.35,0.574468085106,0.425531914894,OKX_GLOBAL_ACCOUNT_RATIO,1.71,0.630996309963,0.369003690037,OKX_GLOBAL_ACCOUNT_RATIO,,,,,PRICE_UP_OI_UP,PRICE_UP_OI_DOWN,PASS,PASS,0.513001180682,1.10998438953,0.581207620278,0.596983208848,0.523388979452,-3.65430959119,0.162709547618,0.152960005335,-0.0320924261874,-0.00974954228279,1.84869685925,-0.375734475982,-1.18607198305,-1.6944784222,-0.479233226837,-0.508406439145,5.2110569582,5.0865220276,-0.926434030985,-1.5281033324,-0.637958532695,-0.601669301419,6.26660590113,7.95542692073,,,,,,
2026-09-02T14:00:00Z,2026-09-02T16:00:00+02:00,2026-09-03T14:00:00Z,77146,77490,77010.24,77066.42,555.40079,42896658.6781,201789,288.32914,22272844.1255,20623814.5526,0.51922095594,-0.103155056646,0.622982086538,2403,2410.9,2393.15,2394.45,13599.7026,32656849.3375,106866,6736.4061,16180497.7108,16476351.6267,0.495470262413,-0.355390575908,0.741700269519,0.03114,0.03116,0.03104,0.03107,-0.256821829856,0.386597938144,0.0310699523865,0.0153246048162,2956996.06,29569.9606,0.656861272858,OKX_CONTRACT_OI_HISTORY,6741322.29,674132.229,-0.336396554692,OKX_CONTRACT_OI_HISTORY,1.31,0.5670995671,0.4329004329,OKX_GLOBAL_ACCOUNT_RATIO,1.65,0.622641509434,0.377358490566,OKX_GLOBAL_ACCOUNT_RATIO,,,,,PRICE_DOWN_OI_UP,PRICE_DOWN_OI_DOWN,PASS,PASS,0.502785048894,0.914125322409,0.387722132472,0.411340273516,0.952675657787,-4.59170080973,-0.339819886925,-0.641930022573,-0.288831835687,-0.302110135648,3.89122666126,-0.928528072205,-1.40923413791,-2.2390162047,-0.829875518672,-0.829782066784,6.83864066339,5.88945633458,-1.95129423434,-2.96284588825,-1.05095541401,-1.01155165391,7.94987017468,10.0194727115,,,,,,
2026-09-02T15:00:00Z,2026-09-02T17:00:00+02:00,2026-09-03T14:00:00Z,77066.42,77386,76748.01,77288.98,824.93813,63589769.5446,220698,352.07808,27141953.7164,36447815.8282,0.426828936647,0.288789851663,0.831278882671,2394.46,2399.09,2379.01,2390.98,17063.4731,40764171.2853,157963,8172.2174,19527112.3252,21237058.9601,0.479026353524,-0.144918457266,0.844048574827,0.03107,0.03107,0.0309,0.03093,-0.450595429675,0.550161812298,0.0309355874537,-1.80615730788,2938498.4,29384.984,-0.625555787856,OKX_CONTRACT_OI_HISTORY,6696679.1,669667.91,-0.662231949157,OKX_CONTRACT_OI_HISTORY,1.29,0.563318777293,0.436681222707,OKX_GLOBAL_ACCOUNT_RATIO,1.68,0.626865671642,0.373134328358,OKX_GLOBAL_ACCOUNT_RATIO,,,,,PRICE_UP_OI_DOWN,PRICE_DOWN_OI_DOWN,PASS,PASS,0.59902047098,0.382051152871,-0.257981296356,-0.216969318109,-0.415736145512,-5.59709037785,-0.353929361104,-0.970833574937,-0.642467073562,-0.616904213833,2.62526036263,-0.662790869229,-0.808633985061,-2.36793427441,-1.59083678015,-1.55930028935,5.99263877206,4.68855979383,-1.64346283718,-3.10818258445,-1.49681528662,-1.46471974727,7.42290483135,8.95314079946,,,,,,
2026-09-02T16:00:00Z,2026-09-02T18:00:00+02:00,2026-09-03T18:00:00Z,77288.97,77582,77171.5,77171.5,1179.92404,91376850.0616,165560,572.1254,44301149.0424,47075701.0192,0.484818080428,-0.151988052111,0.531932125202,2390.98,2404.8,2384.81,2386.2,12579.0998,30112687.2724,90874,6312.9769,15113779.4548,14998907.8176,0.501907362771,-0.199918025245,0.838221912857,0.03094,0.03099,0.0309,0.03093,-0.0323206205559,0.291262135922,0.0309207414654,2.99427960774,2913735.1,29137.351,-0.842719533215,OKX_CONTRACT_OI_HISTORY,6577219.7,657721.97,-1.78386030174,OKX_CONTRACT_OI_HISTORY,1.3,0.565217391304,0.434782608696,OKX_GLOBAL_ACCOUNT_RATIO,1.66,0.624060150376,0.375939849624,OKX_GLOBAL_ACCOUNT_RATIO,7.64625270974e-05,OKX_FUNDING_HISTORY,7.57645008435e-05,OKX_FUNDING_HISTORY,UNAVAILABLE,UNAVAILABLE,PASS,PASS,0.727831562636,0.359598763485,-0.322268772156,-0.368232799151,-0.462860059788,-6.16454292011,-0.503237288656,-1.20195592138,-0.706260032103,-0.698718632727,1.9332181915,-2.05945162296,-0.547077098423,-1.9166978375,-1.37117346939,-1.36962073907,4.92123114646,1.88642242136,-1.86683370725,-3.36141260327,-1.49681528662,-1.49457889602,6.76127220222,6.56489521745,,,,,,
2026-09-02T17:00:00Z,2026-09-02T19:00:00+02:00,2026-09-03T18:00:00Z,77171.51,77406,76950.56,77381.66,465.02159,35888319.9043,129111,254.84207,19665572.6892,16222747.2151,0.547965821237,0.272328515061,0.591860540066,2386.21,2394.3,2372.55,2393.77,11843.1228,28213022.4041,91453,5851.3249,13939760.1967,14273262.2074,0.494089573142,0.317240801274,0.916735158374,0.03091,0.03094,0.03082,0.03093,0,0.389357560026,0.0309345909612,-1.48408660815,2932068.94,29320.6894,0.629221235657,OKX_CONTRACT_OI_HISTORY,6623046.73,662304.673,0.696753827457,OKX_CONTRACT_OI_HISTORY,1.31,0.5670995671,0.4329004329,OKX_GLOBAL_ACCOUNT_RATIO,1.68,0.626865671642,0.373134328358,OKX_GLOBAL_ACCOUNT_RATIO,,,,,PRICE_UP_OI_UP,PRICE_UP_OI_UP,PASS,PASS,0.305472739999,-0.383688654551,-0.706260032103,-0.689161394551,-0.191663922598,-2.08498058643,-0.346949501147,-1.18718860035,-0.865384615385,-0.840239099201,2.43297468824,0.21123935366,0.149962874902,-1.0094368492,-1.1821086262,-1.1593997241,4.80370573759,1.69603326327,-1.92110357051,-3.29843016539,-1.43403441683,-1.37732659487,7.45976111392,7.29279188911,,,,,,
2026-09-02T18:00:00Z,2026-09-02T20:00:00+02:00,2026-09-03T18:00:00Z,77381.65,77524,77296.52,77377.76,374.99513,29028999.8869,96880,156.26,12094658.4427,16934341.4442,0.416640548757,-0.00503995391157,0.294295267109,2393.77,2399.91,2390.39,2394.93,7984.9934,19119897.8245,82430,3556.3059,8516077.48321,10603820.3412,0.445403922207,0.0484591251457,0.398261371575,0.03093,0.03096,0.03092,0.03096,0.0969932104753,0.12936610608,0.0309511415166,2.86208615701,2928497.99,29284.9799,-0.121789428321,OKX_CONTRACT_OI_HISTORY,6581557.46,658155.746,-0.626437826749,OKX_CONTRACT_OI_HISTORY,1.27,0.559471365639,0.440528634361,OKX_GLOBAL_ACCOUNT_RATIO,1.63,0.619771863118,0.380228136882,OKX_GLOBAL_ACCOUNT_RATIO,,,,,PRICE_DOWN_OI_DOWN,PRICE_UP_OI_DOWN,PASS,PASS,0.403989182318,0.020046357201,-0.354039266173,-0.383942825117,-0.963750692316,-2.3699331248,-0.301218092052,-1.06579420258,-0.769230769231,-0.764576110523,2.14505103191,-0.546318939055,0.290147354832,-0.741867433677,-1.02301790281,-1.03201478851,4.19308261988,1.17433080448,-2.0733016098,-3.34449915247,-1.27551020408,-1.27119754267,7.22414858054,7.93773911018,,,,,,
2026-09-02T19:00:00Z,2026-09-02T21:00:00+02:00,2026-09-03T21:00:00Z,77377.76,77416,77124,77341.47,289.4138,22362121.1199,87259,134.12701,10363403.0204,11998718.0995,0.463435600087,-0.0468997810223,0.378611067891,2394.92,2396.67,2383.14,2392.99,6876.8741,16432693.5746,64280,3750.9675,8962206.37683,7470487.1978,0.545388760286,-0.0805872429977,0.567738361993,0.03096,0.03097,0.0309,0.03093,-0.0968992248062,0.226537216828,0.0309405807777,-3.41970881617,2911283.23,29112.8323,-0.587835814086,OKX_CONTRACT_OI_HISTORY,6571615.03,657161.503,-0.151065003389,OKX_CONTRACT_OI_HISTORY,1.29,0.563318777293,0.436681222707,OKX_GLOBAL_ACCOUNT_RATIO,1.63,0.619771863118,0.380228136882,OKX_GLOBAL_ACCOUNT_RATIO,,,,,UNAVAILABLE,UNAVAILABLE,PASS,PASS,0.0679139509928,0.084065947854,0,0.0161519968612,-0.926159088601,-1.86755357592,-0.170870558259,-1.03023284669,-0.865384615385,-0.859362288426,1.53741569993,-0.184075023784,0.0381182740066,-1.08259823577,-1.15052732502,-1.12071650977,3.67639401475,0.682111163423,-1.97291289545,-3.58000515746,-1.68467895741,-1.60709226201,6.64922456596,7.47761303732,,,,,,
2026-09-02T20:00:00Z,2026-09-02T22:00:00+02:00,2026-09-03T21:00:00Z,77341.48,77520,77207.47,77406.01,382.13526,29576149.2827,95684,226.50911,17530840.073,12045309.2097,0.592735717737,0.083448116515,0.40479243783,2393,2399.74,2386.08,2393.56,7723.3638,18482979.2415,54504,3849.9933,9212316.78428,9270662.45727,0.498421637761,0.0238195730028,0.572487091799,0.03094,0.03096,0.0309,0.03092,-0.0323310701584,0.194174757282,0.0309221467429,-0.694241213924,2905378.59,29053.7859,-0.202819153394,OKX_CONTRACT_OI_HISTORY,6571500.73,657150.073,-0.00173929847501,OKX_CONTRACT_OI_HISTORY,1.3,0.565217391304,0.434782608696,OKX_GLOBAL_ACCOUNT_RATIO,1.64,0.621212121212,0.378787878788,OKX_GLOBAL_ACCOUNT_RATIO,,,,,PRICE_UP_OI_DOWN,PRICE_UP_OI_DOWN,PASS,PASS,0.303881614327,0.308440197804,-0.0323310701584,0.00455858347752,-0.286797176586,-0.0869511778662,0.718113839325,0.0167143024286,-0.738362760835,-0.701399536896,0.529054048401,-2.70487970056,-0.0547977396578,-1.14648208415,-1.08765195138,-1.09168434449,3.02072545195,0.712317614691,-1.84963567993,-3.19741812329,-1.3716108453,-1.34778244335,6.44111108545,7.6640725862,,,,,,
2026-09-02T21:00:00Z,2026-09-02T23:00:00+02:00,2026-09-03T23:00:00Z,77406,77431.78,77242,77284,291.06451,22508523.1602,90854,116.91879,9040709.3786,13467813.7816,0.401657155126,-0.157610521148,0.245695347091,2393.56,2395.09,2389.38,2390.15,4092.8953,9790102.45441,41471,1878.2895,4492447.04886,5297655.40555,0.458876408064,-0.14246561607,0.238974127179,0.03092,0.03096,0.03091,0.03093,0.0323415265201,0.161759948237,0.0309268412608,1.02135849214,2902754.76,29027.5476,-0.0903094009515,OKX_CONTRACT_OI_HISTORY,6566373.68,656637.368,-0.0780194693823,OKX_CONTRACT_OI_HISTORY,1.3,0.565217391304,0.434782608696,OKX_GLOBAL_ACCOUNT_RATIO,1.64,0.621212121212,0.378787878788,OKX_GLOBAL_ACCOUNT_RATIO,,,,,UNAVAILABLE,UNAVAILABLE,PASS,PASS,-0.126205615129,-0.151225890541,0,-0.0250202754119,-0.999777992942,-0.85569455132,0.692800446528,0.56971905361,-0.129157248951,-0.123081392918,-0.6723625688,-6.47033425783,0.0941312750514,-1.04783353895,-1.1189258312,-1.141964814,3.98034086117,-0.798791683831,-2.12794842025,-3.55570619828,-1.46543485186,-1.42775777803,6.52159843838,7.36505692439,,,,,,
2026-09-02T22:00:00Z,2026-09-03T00:00:00+02:00,2026-09-03T23:00:00Z,77284.01,77284.01,77023.11,77034.03,188.20028,14511772.7918,76920,90.3961,6970020.82274,7541751.96905,0.48030112673,-0.323443403551,0.338729505989,2390.14,2390.15,2378.64,2379.81,6113.3481,14569754.1319,73675,2727.1172,6498451.49296,8071302.63898,0.446023414954,-0.432608832082,0.483889953923,0.03093,0.03093,0.03088,0.0309,-0.0969932104753,0.161917098446,0.0308929702886,2.27550518739,2907515.83,29075.1583,0.164019023088,OKX_CONTRACT_OI_HISTORY,6603743.99,660374.399,0.569116407643,OKX_CONTRACT_OI_HISTORY,1.3,0.565217391304,0.434782608696,OKX_GLOBAL_ACCOUNT_RATIO,1.65,0.622641509434,0.377358490566,OKX_GLOBAL_ACCOUNT_RATIO,,,,,PRICE_DOWN_OI_UP,PRICE_DOWN_OI_UP,PASS,PASS,-0.444223249678,-0.631333692425,-0.193798449612,-0.187110442747,-0.716481966921,0.337101516394,0.460545053734,0.297122338542,-0.16155088853,-0.163422715192,-0.736593285866,-6.53881311854,-0.310570098463,-1.38282266553,-1.05667627281,-1.07225256707,3.6676620467,-0.743781648812,-1.98378611876,-3.62995808783,-1.65499681731,-1.64617196907,6.23190833866,7.44952624385,,,,,,
2026-09-02T23:00:00Z,2026-09-03T01:00:00+02:00,2026-09-03T23:00:00Z,77034.03,77372.62,77007.36,77340.01,192.93523,14893045.1638,58657,86.53126,6679914.09754,8213131.06621,0.448525739638,0.397201081133,0.474318298926,2379.81,2393.63,2377.77,2391.92,5354.9078,12775968.6816,55957,3433.2547,8192557.44703,4583411.23459,0.641247458505,0.508864153021,0.667011527608,0.0309,0.03094,0.03088,0.03093,0.0970873786408,0.194300518135,0.0309273298517,0.863362068964,2913152.17,29131.5217,0.193854146617,OKX_CONTRACT_OI_HISTORY,6630561.94,663056.194,0.406102205667,OKX_CONTRACT_OI_HISTORY,1.3,0.565217391304,0.434782608696,OKX_GLOBAL_ACCOUNT_RATIO,1.67,0.625468164794,0.374531835206,OKX_GLOBAL_ACCOUNT_RATIO,,,,,PRICE_UP_OI_UP,PRICE_UP_OI_UP,PASS,PASS,-0.00188773241575,-0.044713935286,0,-0.0428262028702,0.0641964334058,0.896992744263,0.665440910409,0.421515777453,-0.257981296356,-0.243925132956,-1.27470739969,-6.52914224815,-0.127829646561,-1.1018907867,-0.992317541613,-0.974061140144,4.53365101196,-0.157256160492,-1.57961265334,-3.06891171763,-1.49681528662,-1.48929906428,6.58294002423,7.97497120394,,,,,,
2026-09-03T00:00:00Z,2026-09-03T02:00:00+02:00,2026-09-03T23:00:00Z,77340.01,77394,76980.01,77068.01,327.32527,25246388.2933,92205,164.9479,12723473.7443,12522914.549,0.503972037365,-0.351693774025,0.537788966252,2391.91,2395.41,2379.26,2379.84,6844.055,16323545.9061,76431,3136.5414,7482744.1808,8840801.72527,0.458401883013,-0.505033613164,0.678782478586,0.03094,0.03096,0.03089,0.03089,-0.129324280634,0.226610553577,0.0308797385582,3.32303390144,2901135.17,29011.3517,-0.412508489043,OKX_CONTRACT_OI_HISTORY,6661422.95,666142.295,0.465435814932,OKX_CONTRACT_OI_HISTORY,1.31,0.5670995671,0.4329004329,OKX_GLOBAL_ACCOUNT_RATIO,1.68,0.626865671642,0.373134328358,OKX_GLOBAL_ACCOUNT_RATIO,5.83196496528e-05,OKX_FUNDING_HISTORY,0.0001,OKX_FUNDING_HISTORY,PRICE_DOWN_OI_DOWN,PRICE_DOWN_OI_UP,PASS,PASS,-0.43665860054,-0.573204766122,-0.0970245795602,-0.136546165582,-0.146053943352,1.36836658314,0.592751600624,0.0921077534541,-0.451176281018,-0.50064384717,-0.893290745009,-4.96323738194,-0.188102430606,-1.20430911016,-1.02531239987,-1.01620667955,3.87516554177,-0.27754406099,-2.01392208717,-3.712964424,-1.68682367919,-1.69904233683,6.38224611221,7.68048898173,-1.11504106392,-1.99361680222,-0.86649550706,-0.878575738309,8.18336347311,8.06565010238
2026-09-03T01:00:00Z,2026-09-03T03:00:00+02:00,2026-09-03T23:00:00Z,77068,77546.8,76968,77356.7,533.28645,41252307.5053,138834,306.71624,23722240.6709,17530066.8344,0.575052454164,0.374591221442,0.752000831514,2379.82,2394.61,2370.14,2386.81,10881.7295,25958345.8394,151932,6101.3124,14559657.0123,11398688.8271,0.560885393173,0.292876832056,1.03242846414,0.03089,0.03091,0.0308,0.03086,-0.097118808676,0.357142857143,0.030854599537,1.7502943259,2914533.2,29145.332,0.461820260515,OKX_CONTRACT_OI_HISTORY,6661984.79,666198.479,0.00843423400998,OKX_CONTRACT_OI_HISTORY,1.29,0.563318777293,0.436681222707,OKX_GLOBAL_ACCOUNT_RATIO,1.67,0.625468164794,0.374531835206,OKX_GLOBAL_ACCOUNT_RATIO,,,,,PRICE_UP_OI_UP,PRICE_UP_OI_UP,PASS,PASS,0.0940686299881,-0.13974018367,-0.226317491109,-0.233808813659,0.405767657754,1.4560717172,0.27311850258,-0.673327812434,-0.930979133226,-0.946446315013,-0.788584754645,-1.50932091555,0.436272440077,-0.521397729357,-0.962772785623,-0.957670169434,1.04553356302,-1.8793843525,-1.3441036431,-3.08787344794,-1.71974522293,-1.74376980484,6.71639331538,7.5612023145,-0.366095516103,-1.08332124578,-0.707850707851,-0.717225729675,8.0773435008,6.53366902912
2026-09-03T02:00:00Z,2026-09-03T04:00:00+02:00,2026-09-04T04:00:00Z,77356.69,77900,77238.89,77816.01,563.52004,43743957.9204,140123,338.33307,26265735.1703,17478222.7501,0.600442584965,0.593768942285,0.855928923888,2386.8,2409.73,2382.53,2406.08,10233.8414,24552843.0983,88592,6199.3677,14877920.0138,9674923.08444,0.605955080407,0.807776101894,1.14164354699,0.03086,0.03095,0.03084,0.03092,0.194426441996,0.356679636835,0.0309201152822,-0.037283880836,2899411.5,28994.115,-0.518837802225,OKX_CONTRACT_OI_HISTORY,6675553.86,667555.386,0.203679090057,OKX_CONTRACT_OI_HISTORY,1.28,0.561403508772,0.438596491228,OKX_GLOBAL_ACCOUNT_RATIO,1.64,0.621212121212,0.378787878788,OKX_GLOBAL_ACCOUNT_RATIO,,,,,UNAVAILABLE,UNAVAILABLE,PASS,PASS,1.01510981575,1.10386963665,0.0647249190938,0.0887598208988,-0.278737261424,1.08741147611,0.972654497251,0.485706529683,-0.482780817509,-0.486947967567,-1.94740063333,-0.975601331174,0.629529336913,-0.159341388926,-0.770218228498,-0.788870725839,1.86804825529,-1.89507067115,-0.808132671527,-2.3934314505,-1.59134309357,-1.58529877897,6.39863530218,6.67061647038,0.441464290144,-0.0755845342415,-0.482780817509,-0.517048824386,7.12180581067,5.61101837897
2026-09-03T03:00:00Z,2026-09-03T05:00:00+02:00,2026-09-04T04:00:00Z,77816.02,77880,77642.09,77708,385.93335,30008657.7,72216,178.99132,13917179.4056,16091478.2945,0.463772140183,-0.138801770998,0.306418850909,2406.09,2410.94,2399.78,2403.3,7732.3578,18598611.1926,52143,4730.9873,11379750.3631,7218860.82957,0.611860221454,-0.115540630403,0.465042628908,0.03093,0.03096,0.03091,0.03093,0.0323415265201,0.161759948237,0.0309273176507,0.867307452252,2892568.84,28925.6884,-0.23600168517,OKX_CONTRACT_OI_HISTORY,6663308.46,666330.846,-0.183436464701,OKX_CONTRACT_OI_HISTORY,1.26,0.557522123894,0.442477876106,OKX_GLOBAL_ACCOUNT_RATIO,1.59,0.6138996139,0.3861003861,OKX_GLOBAL_ACCOUNT_RATIO,,,,,PRICE_DOWN_OI_DOWN,PRICE_DOWN_OI_DOWN,PASS,PASS,0.475808058468,0.475768420349,0,-3.96381195422e-05,-0.706565561936,0.493872469578,0.54214714698,0.515269889334,0,-0.026877257646,-1.56302824599,-0.498316247526,0.186298967942,-0.46056609869,-0.642467073562,-0.646865066633,1.02119855564,-1.15780432217,-1.23414110066,-2.78738456685,-1.52817574021,-1.55324346619,6.36927830929,7.45772033199,-0.0626441113571,-0.728642593373,-0.674373795761,-0.665998482016,6.86499539777,5.89104223992
2026-09-03T04:00:00Z,2026-09-03T06:00:00+02:00,2026-09-04T04:00:00Z,77708.01,77833.1,77547.16,77776,336.15526,26114310.8206,70635,160.13536,12439414.9642,13674895.8564,0.47634475402,0.0875070777784,0.368730460277,2403.29,2408.31,2396.94,2408.31,6243.5054,15001155.3458,49246,3101.8598,7454332.82973,7546822.51607,0.496917247898,0.208463362876,0.474354802373,0.03093,0.03096,0.0309,0.03096,0.0969932104753,0.194174757282,0.0309646934787,-1.51575170971,2887837.12,28878.3712,-0.163581932245,OKX_CONTRACT_OI_HISTORY,6651292.81,665129.281,-0.180325585588,OKX_CONTRACT_OI_HISTORY,1.26,0.557522123894,0.442477876106,OKX_GLOBAL_ACCOUNT_RATIO,1.59,0.6138996139,0.3861003861,OKX_GLOBAL_ACCOUNT_RATIO,,,,,PRICE_UP_OI_DOWN,PRICE_UP_OI_DOWN,PASS,PASS,0.918656132421,1.19629891085,0.226610553577,0.27764277843,-0.458374023297,-0.152071713147,0.783320267197,0.926577822479,0.0969932104753,0.143257555282,-0.888824107586,1.12620702027,0.276141018867,-0.286515155906,-0.609951845907,-0.562656174774,1.02721117458,-0.956438291451,-1.20810988743,-2.49836033716,-1.33843212237,-1.29025044973,5.95745877756,6.55824073723,0.198035924737,-0.387561629331,-0.578034682081,-0.585597554068,5.30936266129,4.98449223495
2026-09-03T05:00:00Z,2026-09-03T07:00:00+02:00,2026-09-04T04:00:00Z,77775.99,77829.8,77101.01,77809.91,617.52986,47867468.5714,160539,327.77946,25411298.4735,22456170.0978,0.53086781549,0.0435995679901,0.94524053576,2408.3,2410,2379.41,2404.81,11195.7719,26822240.5592,101360,6058.4203,14517805.5171,12304435.0421,0.541259984789,-0.145330127766,1.28561281998,0.03097,0.03098,0.03083,0.0309,-0.193798449612,0.486539085307,0.0309062174728,-2.01172233981,2869314.91,28693.1491,-0.641386935285,OKX_CONTRACT_OI_HISTORY,6569108.01,656910.801,-1.23562144004,OKX_CONTRACT_OI_HISTORY,1.28,0.561403508772,0.438596491228,OKX_GLOBAL_ACCOUNT_RATIO,1.63,0.619771863118,0.380228136882,OKX_GLOBAL_ACCOUNT_RATIO,,,,,PRICE_UP_OI_DOWN,PRICE_DOWN_OI_DOWN,PASS,PASS,0.585870390024,0.754144653324,0.129617627997,0.168274263299,-1.5514762364,-1.39413077225,0.553425708366,0.461197191042,-0.0969932104753,-0.0922285173238,-2.14026447823,-0.814409473448,0.204556099485,-0.731466689783,-0.961538461538,-0.936022789268,0.240638116995,-0.604890473096,-1.73033616195,-3.20904473263,-1.52963671128,-1.47870857067,3.71795769128,5.24771439937,-0.26416376128,-1.27997241368,-1.05667627281,-1.0158086524,4.81542493375,5.97758352677
2026-09-03T06:00:00Z,2026-09-03T08:00:00+02:00,2026-09-04T04:00:00Z,77809.91,77856.16,77698.75,77835.19,408.13131,31739177.7571,80580,232.35987,18070723.2068,13668454.5503,0.569350704201,0.0324894348291,0.202590131759,2404.82,2410.24,2400.37,2408.6,9065.6667,21814127.5482,83989,6475.9146,15584985.8538,6229141.69444,0.714444610234,0.15760080838,0.411186608731,0.03091,0.03097,0.03089,0.03095,0.161812297735,0.258983489803,0.0309448721073,1.65710578759,2872183.11,28721.8311,0.099961143686,OKX_CONTRACT_OI_HISTORY,6629371.69,662937.169,0.917379953385,OKX_CONTRACT_OI_HISTORY,1.24,0.553571428571,0.446428571429,OKX_GLOBAL_ACCOUNT_RATIO,1.53,0.604743083004,0.395256916996,OKX_GLOBAL_ACCOUNT_RATIO,,,,,PRICE_UP_OI_UP,PRICE_UP_OI_UP,PASS,PASS,0.0246478841565,0.104734672164,0.0970245795602,0.0800867880073,-0.939100572651,-0.691810312201,0.591164696419,0.570789125361,-0.0322997416021,-0.0203755710586,-1.92299534411,0.726488073539,0.288165909348,-0.501088514622,-0.801282051282,-0.78925442397,0.180806456328,0.176200192548,-1.15587718849,-2.54935042341,-1.40172029309,-1.39347323492,4.21653539637,5.54501275523,-0.331242388167,-1.23264415704,-0.896573807237,-0.90140176887,4.61887281145,5.97438578214
2026-09-03T07:00:00Z,2026-09-03T09:00:00+02:00,2026-09-04T09:00:00Z,77835.2,78183.91,77600,77663.15,696.21966,54266550.8457,165170,392.92812,30625367.9767,23641182.869,0.56435073723,-0.221043949267,0.752461340206,2408.6,2419.33,2395.85,2398.68,14022.8773,33773972.7012,117278,8514.0228,20509708.304,13264264.3972,0.607263720068,-0.411857510587,0.980027965023,0.03095,0.03096,0.03087,0.03089,-0.193861066236,0.291545189504,0.0308856903177,1.39536536762,2854221.47,28542.2147,-0.625365421078,OKX_CONTRACT_OI_HISTORY,6504703.11,650470.311,-1.88054895441,OKX_CONTRACT_OI_HISTORY,1.24,0.553571428571,0.446428571429,OKX_GLOBAL_ACCOUNT_RATIO,1.55,0.607843137255,0.392156862745,OKX_GLOBAL_ACCOUNT_RATIO,,,,,UNAVAILABLE,UNAVAILABLE,PASS,PASS,-0.05771606527,-0.192235675946,-0.129324280634,-0.134519610676,-1.32572022037,-2.38027927046,0.415921755819,0.237777842782,-0.129324280634,-0.178143913036,-1.96002090803,-1.01819597914,0.244340509733,-0.794904669341,-0.99358974359,-1.03924517907,-0.452738877267,-1.20039675843,-1.23259670286,-2.99427351257,-1.71810372256,-1.76167680971,3.51195934026,2.72420231427,-0.681441418814,-1.7087502766,-0.961846745752,-1.02730885778,4.15040397697,4.18102867562
2026-09-03T08:00:00Z,2026-09-03T10:00:00+02:00,2026-09-04T09:00:00Z,77663.14,78066,77663.14,77843.34,363.22912,28295515.0034,126495,182.17587,14191118.6846,14104396.3188,0.501532440139,0.232014797237,0.518727416893,2398.68,2413.04,2398.67,2403.69,10453.2385,25145263.7646,101096,6646.6045,15987230.1394,9158033.62521,0.635794887222,0.208864875682,0.59908199127,0.03088,0.03091,0.03085,0.03088,-0.0323729362253,0.194489465154,0.0308785568553,0.4673614318,2852637.71,28526.3771,-0.055488336019,OKX_CONTRACT_OI_HISTORY,6468149.97,646814.997,-0.561949398487,OKX_CONTRACT_OI_HISTORY,1.23,0.551569506726,0.448430493274,OKX_GLOBAL_ACCOUNT_RATIO,1.55,0.607843137255,0.392156862745,OKX_GLOBAL_ACCOUNT_RATIO,4.57850394567e-05,OKX_FUNDING_HISTORY,3.86701308021e-05,OKX_FUNDING_HISTORY,PRICE_UP_OI_DOWN,PRICE_UP_OI_DOWN,PASS,PASS,0.0865819790167,-0.191835768651,-0.258397932817,-0.278417747668,-1.21888487949,-2.75349236955,0.564981969746,0.423218970905,-0.12936610608,-0.141762998841,-1.81528425182,-1.57271168712,1.28715302279,0.440004011433,-0.866773675762,-0.847149011353,-1.29583403824,-4.23505142851,-0.0512818669168,-1.81686729271,-1.74992045816,-1.7655854258,3.14511535475,2.17711122404,-0.812249620289,-1.73538718144,-0.93038177735,-0.923137561148,4.2479780523,4.19896817512
2026-09-03T09:00:00Z,2026-09-03T11:00:00+02:00,2026-09-04T09:00:00Z,77843.34,77975.46,77608,77615.24,341.00857,26518544.2482,121647,183.2475,14251458.4714,12267085.7768,0.53741481199,-0.293024425725,0.473482115246,2403.69,2407.64,2393.57,2393.58,8785.3227,21082217.7458,62838,5432.9408,13038601.5788,8043616.16706,0.618464420393,-0.420603322392,0.587824880827,0.03088,0.03088,0.03082,0.03084,-0.129533678756,0.194678780013,0.0308390465584,0.309167021784,2859609.84,28596.0984,0.244409935954,OKX_CONTRACT_OI_HISTORY,6482480.64,648248.064,0.221557478823,OKX_CONTRACT_OI_HISTORY,1.23,0.551569506726,0.448430493274,OKX_GLOBAL_ACCOUNT_RATIO,1.58,0.612403100775,0.387596899225,OKX_GLOBAL_ACCOUNT_RATIO,,,,,PRICE_DOWN_OI_UP,PRICE_DOWN_OI_UP,PASS,PASS,-0.250186640751,-0.466980759395,-0.194174757282,-0.216794118644,-0.338236488654,-1.31870826097,0.428601004089,0.143505637721,-0.290979631426,-0.285095366367,-1.48634395832,-1.27761598849,1.12437080029,0.714042270293,-0.419761059089,-0.410328529994,-2.1487129067,-7.66528422133,-0.384726946031,-2.40005871703,-2.03303684879,-2.015331771,2.41555913481,1.34854138728,-1.14097344029,-2.17108758736,-1.05871029836,-1.03011414707,4.44509733566,3.91305381192
2026-09-03T10:00:00Z,2026-09-03T12:00:00+02:00,2026-09-04T09:00:00Z,77615.25,77773.26,77478,77735.88,406.3926,31537803.0368,127753,220.50401,17111293.7892,14426509.2476,0.542564546086,0.15543339169,0.381088825215,2393.57,2398.86,2390,2396.83,8074.5748,19334068.2636,63845,5360.3653,12834943.0343,6499125.2293,0.663851128449,0.13577987784,0.370711297071,0.03084,0.03088,0.03082,0.03083,-0.0324254215305,0.194678780013,0.0308329950082,-0.97136467751,2865684.05,28656.8405,0.212413942456,OKX_CONTRACT_OI_HISTORY,6504717.08,650471.708,0.343023623747,OKX_CONTRACT_OI_HISTORY,1.25,0.555555555556,0.444444444444,OKX_GLOBAL_ACCOUNT_RATIO,1.63,0.619771863118,0.380228136882,OKX_GLOBAL_ACCOUNT_RATIO,,,,,PRICE_UP_OI_UP,PRICE_UP_OI_UP,PASS,PASS,-0.127590104168,-0.48866561488,-0.387722132472,-0.361075510712,-0.226275963304,-1.88033822554,0.911090851666,0.715183144873,-0.226537216828,-0.195907706794,-1.43874642292,-1.49955707172,1.37583188925,1.0144304523,-0.387722132472,-0.361401436953,-2.16474199924,-7.94031695573,-0.376510627304,-2.44773033452,-2.09590346142,-2.07121970721,2.57566725544,2.13352586542,-1.23761895088,-2.39449754238,-1.1858974359,-1.1568785915,4.3606109667,3.6070368564
2026-09-03T11:00:00Z,2026-09-03T13:00:00+02:00,2026-09-04T09:00:00Z,77735.88,78004.94,77709.52,77948.39,396.769,30904556.6573,138937,216.39992,16855218.9928,14049337.6645,0.545395916198,0.273374405744,0.380159342124,2396.83,2411.35,2395.71,2407.2,9413.2046,22629139.8681,83531,5346.6319,12853376.1466,9775763.72147,0.568001091582,0.432654798213,0.652833606739,0.03082,0.03092,0.03082,0.03089,0.194615634123,0.324464633355,0.030881972033,2.599564224,2876649.8,28766.498,0.382657327489,OKX_CONTRACT_OI_HISTORY,6480643.47,648064.347,-0.370094651373,OKX_CONTRACT_OI_HISTORY,1.23,0.551569506726,0.448430493274,OKX_GLOBAL_ACCOUNT_RATIO,1.59,0.6138996139,0.3861003861,OKX_GLOBAL_ACCOUNT_RATIO,,,,,PRICE_UP_OI_UP,PRICE_UP_OI_DOWN,PASS,PASS,0.367278432564,0.355195357447,0,-0.0120830751176,0.785795014008,-0.369880678536,0.78663036118,0.638817351751,-0.129324280634,-0.14781300943,-1.25301968005,-2.26102208767,1.45730583183,1.06302584513,-0.386971944534,-0.394279986696,-2.51175474516,-8.64253898745,-0.192806640088,-2.11371270098,-1.93650793651,-1.92090606089,2.68547239683,1.62773717892,-0.468668817882,-1.60034336869,-1.12035851472,-1.13167455081,4.43552232307,3.58979998877
2026-09-03T12:00:00Z,2026-09-03T14:00:00+02:00,2026-09-04T14:00:00Z,77948.39,78782.75,77896.07,78652.38,979.94222,76741938.5923,237253,590.82503,46273313.5531,30468625.0391,0.602972955882,0.903148865551,1.1382859238,2407.2,2427,2405.09,2423.27,18391.3684,44437871.0846,136647,11051.1239,26703473.4658,17734397.6188,0.600917028967,0.667580591559,0.910984620118,0.03089,0.0309,0.0308,0.0308,-0.291356426028,0.324675324675,0.0308098750476,-3.20515666847,2873066.06,28730.6606,-0.124580336473,OKX_CONTRACT_OI_HISTORY,6485752.83,648575.283,0.0788403192314,OKX_CONTRACT_OI_HISTORY,1.2,0.545454545455,0.454545454545,OKX_GLOBAL_ACCOUNT_RATIO,1.54,0.606299212598,0.393700787402,OKX_GLOBAL_ACCOUNT_RATIO,,,,,UNAVAILABLE,UNAVAILABLE,PASS,PASS,1.03931819986,0.814580915176,-0.259067357513,-0.224737284685,0.716121431347,0.272146751106,2.05580759124,1.82491259917,-0.291356426028,-0.230894992077,-0.967521620166,-2.63712605127,2.66074502427,1.91870123862,-0.741218175959,-0.742043785652,-1.85216958409,-7.46947660723,0.831213783909,-0.953973048422,-1.81702263309,-1.78518683233,1.76438274448,1.37773465314,0.926455006834,-1.15355591361,-2.06677265501,-2.08001092044,4.80156231206,3.71086234278
2026-09-03T13:00:00Z,2026-09-03T15:00:00+02:00,2026-09-04T14:00:00Z,78652.37,79000,78450.25,78840.52,1052.74377,82875868.4486,263867,511.29123,40257778.8,42618089.6486,0.485759963107,0.239204458911,0.700762585205,2423.27,2436.21,2415.87,2430.17,21659.4411,52560975.5753,159431,13936.3528,33820904.5785,18740070.9968,0.643460365953,0.284739216018,0.84193271989,0.03081,0.03091,0.03077,0.03083,0.0974025974026,0.454988625284,0.030823870771,1.98846829646,2902207.02,29022.0702,1.01428088987,OKX_CONTRACT_OI_HISTORY,6490213.38,649021.338,0.0687745912759,OKX_CONTRACT_OI_HISTORY,1.14,0.532710280374,0.467289719626,OKX_GLOBAL_ACCOUNT_RATIO,1.45,0.591836734694,0.408163265306,OKX_GLOBAL_ACCOUNT_RATIO,,,,,PRICE_UP_OI_UP,PRICE_UP_OI_UP,PASS,PASS,1.57865903655,1.52867253236,-0.0324254215305,-0.0499865041926,1.48961510078,0.119286742675,1.91815317872,1.81665067601,-0.097213220998,-0.101502502709,-0.422921241728,-2.57838189991,2.19651051253,1.13109084932,-1.02728731942,-1.06541966322,-1.20817090394,-4.04878675816,0.98438633369,-0.582553663256,-1.50159744409,-1.56693999695,3.93992758031,0.831792839133,1.24972726067,-0.414296720049,-1.65869218501,-1.66402398072,4.98272368803,3.58454189085
2026-09-03T14:00:00Z,2026-09-03T16:00:00+02:00,2026-09-04T14:00:00Z,78840.52,80561,78704,80549.97,2513.5082,200372259.494,489059,1560.4523,124390746.149,75981513.3445,0.620798240553,2.16823785536,2.35947347022,2430.17,2489.9,2425.71,2489.46,47006.2579,115607903.88,366780,28276.114,69518526.0973,46089377.7829,0.601330218472,2.43974701358,2.64623553516,0.03082,0.03092,0.03075,0.0309,0.227051573143,0.552845528455,0.0309057843225,-1.87159865995,2878962.61,28789.6261,-0.800921844645,OKX_CONTRACT_OI_HISTORY,6326907.3,632690.73,-2.51618969113,OKX_CONTRACT_OI_HISTORY,1.05,0.512195121951,0.487804878049,OKX_GLOBAL_ACCOUNT_RATIO,1.35,0.574468085106,0.425531914894,OKX_GLOBAL_ACCOUNT_RATIO,,,,,PRICE_UP_OI_DOWN,PRICE_UP_OI_DOWN,PASS,PASS,3.62006579201,3.86468794199,0.227051573143,0.244622149977,0.463364410323,-2.73355132611,3.5133644092,3.46538768453,-0.0646830530401,-0.0479767246681,-0.705277260575,-5.22273608021,4.52019180338,3.96792582848,-0.547151593177,-0.552265974904,-2.63894332007,-6.14738432866,3.04725757948,1.64006712149,-1.37248643473,-1.40719045798,4.01922949235,-0.61997550984,2.48069532701,0.887516412975,-1.5923566879,-1.59317891403,5.10113428669,3.25615288758
2026-09-03T15:00:00Z,2026-09-03T17:00:00+02:00,2026-09-04T14:00:00Z,80549.97,81370.33,80354.65,81348,3056.18534,246896380.125,470728,1741.69826,140704298.262,106192081.864,0.569892106925,0.990726625969,1.26399654532,2489.46,2517.17,2479.2,2516.58,42850.9652,106983721.756,389736,24180.241,60398666.4515,46585055.3047,0.564559406422,1.08939288038,1.53154243304,0.03091,0.03098,0.03081,0.03093,0.0970873786408,0.551768906199,0.0309359787579,-1.93262284529,2908617.6,29086.176,1.03005818474,OKX_CONTRACT_OI_HISTORY,6282422.78,628242.278,-0.703100549616,OKX_CONTRACT_OI_HISTORY,0.98,0.494949494949,0.505050505051,OKX_GLOBAL_ACCOUNT_RATIO,1.28,0.561403508772,0.438596491228,OKX_GLOBAL_ACCOUNT_RATIO,,,,,PRICE_UP_OI_UP,PRICE_UP_OI_DOWN,PASS,PASS,4.36136012559,4.54386839482,0.129491744901,0.182508269225,1.11128577417,-3.05865753791,4.68420239872,4.7135189115,0,0.0293165127732,0.554827244838,-5.71616460931,5.25174481537,5.25307614451,0,0.00133132914282,-1.01687310771,-6.18599627986,4.40064343692,2.76075247961,-1.59083678015,-1.63989095731,4.91482813224,-1.78747062045,3.52197150384,1.98161836219,-1.49681528662,-1.54035314166,6.3305502006,2.21330356281
2026-09-03T16:00:00Z,2026-09-03T18:00:00+02:00,2026-09-04T18:00:00Z,81348,81360,80613.52,80969.37,1239.78575,100310005.756,286152,592.66244,47946282.3832,52363723.3731,0.477981055048,-0.465444755864,0.92599851737,2516.58,2519,2488.38,2494.09,22057.2758,55126977.6711,227904,10583.7704,26453444.5688,28673533.1023,0.47986386496,-0.893673159605,1.23051945442,0.03094,0.03096,0.0308,0.03081,-0.420168067227,0.519480519481,0.0308028826209,2.3106211083,2929762.93,29297.6293,0.72698899986,OKX_CONTRACT_OI_HISTORY,6416681.05,641668.105,2.137046084,OKX_CONTRACT_OI_HISTORY,0.91,0.476439790576,0.523560209424,OKX_GLOBAL_ACCOUNT_RATIO,1.21,0.547511312217,0.452488687783,OKX_GLOBAL_ACCOUNT_RATIO,3.83236146165e-05,OKX_FUNDING_HISTORY,3.7410071876e-05,OKX_FUNDING_HISTORY,UNAVAILABLE,UNAVAILABLE,PASS,PASS,2.94586126955,2.92249728672,0.0324675324675,-0.0233639828268,1.97339249485,-1.06497706296,4.10585527669,3.56183381708,-0.484496124031,-0.544021459617,1.45180660328,-3.52731065526,4.92133754041,4.52141480178,-0.387972841901,-0.399922738636,0.550078488604,-2.44082845522,4.34733693137,2.51805510455,-1.75382653061,-1.82928182682,5.49838026897,-0.600450369107,2.96263064511,1.00801879151,-1.87898089172,-1.9546118536,7.34854299477,3.96382893171
2026-09-03T17:00:00Z,2026-09-03T19:00:00+02:00,2026-09-04T18:00:00Z,80969.37,81188.17,80886,81042,875.49534,70963938.6806,175257,444.82291,36055644.7012,34908293.9794,0.508084040593,0.0897005867774,0.373575155157,2494.1,2506,2492.08,2500.49,10361.0627,25905475.3221,97193,5282.135,13204560.269,12700915.0532,0.509720825608,0.256606618045,0.558569548329,0.03081,0.03088,0.0308,0.03086,0.162284972412,0.25974025974,0.0308542484144,1.86411463353,2955626.24,29556.2624,0.882778252642,OKX_CONTRACT_OI_HISTORY,6392242.8,639224.28,-0.380854990447,OKX_CONTRACT_OI_HISTORY,0.9,0.473684210526,0.526315789474,OKX_GLOBAL_ACCOUNT_RATIO,1.2,0.545454545455,0.454545454545,OKX_GLOBAL_ACCOUNT_RATIO,,,,,PRICE_UP_OI_UP,PRICE_UP_OI_DOWN,PASS,PASS,2.79232049713,2.89362472584,0.0973078170613,0.101304228717,1.8406412648,-1.50951246537,4.1538282206,3.97869270337,-0.129449838188,-0.175135517222,3.00808146569,-2.69237786516,4.73024228222,4.4582395134,-0.226317491109,-0.272002768812,0.803436088375,-3.48486035822,4.88729876443,3.40379955173,-1.40575079872,-1.4834992127,5.64573653144,-1.8479314858,2.71826585833,1.01275743106,-1.65710643722,-1.70550842726,8.32313161519,3.55378791735
2026-09-03T18:00:00Z,2026-09-03T20:00:00+02:00,2026-09-04T18:00:00Z,81042,81333.33,80904,81254.32,595.62382,48315186.1286,140651,249.34767,20227113.6444,28088072.4842,0.418649192214,0.261987611362,0.530665974488,2500.49,2514.45,2498.37,2512.8,11556.1404,28947813.5132,100009,6977.4598,17479573.3626,11468240.1506,0.603830522627,0.492303508512,0.643619640005,0.03086,0.03094,0.03084,0.03092,0.194426441996,0.324254215305,0.0309251249657,-1.65721744667,2947608.77,29476.0877,-0.271261294527,OKX_CONTRACT_OI_HISTORY,6403469.81,640346.981,0.17563491174,OKX_CONTRACT_OI_HISTORY,0.89,0.470899470899,0.529100529101,OKX_GLOBAL_ACCOUNT_RATIO,1.19,0.543378995434,0.456621004566,OKX_GLOBAL_ACCOUNT_RATIO,,,,,PRICE_UP_OI_DOWN,PRICE_UP_OI_UP,PASS,PASS,0.874426148141,0.937552722277,0.0647249190938,0.0631265741358,2.38440609689,1.21010955858,4.39278172251,4.32616457693,-0.0969305331179,-0.0666171455761,2.62607421294,-3.40759110461,5.00991499366,4.92164697924,-0.129198966408,-0.0882680144186,0.65257958398,-2.70585877404,5.31459848433,4.14326744943,-1.15089514066,-1.1713310349,4.87302540497,-1.56330370267,2.83274273565,1.41254338526,-1.40306122449,-1.42019935039,7.92387148328,5.01709632597
2026-09-03T19:00:00Z,2026-09-03T21:00:00+02:00,2026-09-04T21:00:00Z,81254.31,81790,81171.98,81755.41,1102.96623,89904177.8061,212360,569.09371,46389067.0268,43515110.7793,0.515983441023,0.61670574767,0.761371103674,2512.8,2529.84,2507.19,2518.18,22665.2886,57023201.1464,189663,14302.9337,35990736.7094,21032464.437,0.631159527803,0.214103788602,0.903401816376,0.03093,0.03104,0.03077,0.03079,-0.452634982218,0.877478063048,0.0308013867217,-3.69682111684,2941430.49,29414.3049,-0.209603121787,OKX_CONTRACT_OI_HISTORY,6354642.59,635464.259,-0.76251191071,OKX_CONTRACT_OI_HISTORY,0.92,0.479166666667,0.520833333333,OKX_GLOBAL_ACCOUNT_RATIO,1.21,0.547511312217,0.452488687783,OKX_GLOBAL_ACCOUNT_RATIO,,,,,UNAVAILABLE,UNAVAILABLE,PASS,PASS,0.50082362197,0.0635783483935,-0.452634982218,-0.437245273576,1.12812663995,1.14955348484,5.26924287774,4.98190671536,-0.323729362253,-0.287336162375,3.05543984294,-2.3069541755,5.70708056105,5.23153042846,-0.452634982218,-0.47555013259,1.03553167515,-3.30166083998,5.74737427566,4.09229573657,-1.59795461809,-1.65507853909,4.74999591442,-2.64207067373,3.62157193726,1.46423621184,-2.12968849332,-2.15733572541,7.75361106764,3.92906677591
2026-09-03T20:00:00Z,2026-09-03T22:00:00+02:00,2026-09-04T21:00:00Z,81755.41,81780,81392.74,81473,601.53572,49030070.3409,170081,292.62238,23851204.8745,25178865.4664,0.486460751711,-0.345432797658,0.475791821236,2518.18,2518.3,2502.37,2505.13,10814.7169,27139884.0603,109806,5598.2651,14051135.6427,13088748.4176,0.517730127787,-0.518231421106,0.636596506512,0.03079,0.03085,0.03073,0.03076,-0.0974342318935,0.390497884803,0.0307479778577,3.90989689158,2956064.04,29560.6404,0.497497732812,OKX_CONTRACT_OI_HISTORY,6353337.35,635333.735,-0.0205399435376,OKX_CONTRACT_OI_HISTORY,0.92,0.479166666667,0.520833333333,OKX_GLOBAL_ACCOUNT_RATIO,1.2,0.545454545455,0.454545454545,OKX_GLOBAL_ACCOUNT_RATIO,,,,,PRICE_DOWN_OI_UP,PRICE_DOWN_OI_DOWN,PASS,PASS,0.622000640489,0.442646416128,-0.162284972412,-0.179354224361,0.897721441236,-0.98717233265,4.66277526118,4.22017814277,-0.388601036269,-0.442597118413,3.62563846217,-1.77504573228,5.25410107045,4.66125770818,-0.517464424321,-0.592843362263,1.74453856631,-3.31984106772,5.19642420216,3.46133513951,-1.59948816379,-1.73508906265,4.81796173876,-2.63117126573,3.30728366245,1.31479968616,-1.88197767145,-1.99248397629,8.29801731875,4.0897964893
2026-09-03T21:00:00Z,2026-09-03T23:00:00+02:00,2026-09-04T23:00:00Z,81473,82300,81288,81590,1292.57121,105713630.466,271260,847.8079,69368680.2127,36344950.2531,0.656194285515,0.143605857155,1.2449562051,2505.13,2526.19,2500.62,2511.19,14072.202,35357014.9399,134141,6852.9925,17223237.6419,18133777.298,0.487123635047,0.241903613785,1.02254640849,0.03076,0.03079,0.03069,0.03078,0.0650195058518,0.325839035516,0.0307781590881,0.598122802336,2939441.45,29394.4145,-0.562321714789,OKX_CONTRACT_OI_HISTORY,6293358.95,629335.895,-0.944045573151,OKX_CONTRACT_OI_HISTORY,0.91,0.476439790576,0.523560209424,OKX_GLOBAL_ACCOUNT_RATIO,1.19,0.543378995434,0.456621004566,OKX_GLOBAL_ACCOUNT_RATIO,,,,,UNAVAILABLE,UNAVAILABLE,PASS,PASS,0.676192591496,0.427916128439,-0.259235255995,-0.248276463057,-0.547592580583,-1.54693513832,5.12110765875,4.91356044085,-0.194552529183,-0.207547217908,2.79169587695,-2.9174277642,5.57165778169,5.06411731481,-0.484966052376,-0.507540466875,1.26385771563,-4.15777022912,5.67103372925,3.96322025618,-1.59846547315,-1.70781347307,5.29450442188,-4.92334999013,3.32514735769,1.32834598329,-1.94329404269,-1.99680137441,7.86787987905,2.90106455111
2026-09-03T22:00:00Z,2026-09-04T00:00:00+02:00,2026-09-04T23:00:00Z,81590,81604.65,80905.05,81140,712.57205,57885175.6271,188149,336.19266,27311309.5042,30573866.1229,0.471818720568,-0.551538178698,0.864717344591,2511.19,2512.57,2490.13,2496.54,9755.5402,24385501.7855,98483,4264.3019,10659254.0395,13726247.7461,0.43711440237,-0.583388751946,0.901157770879,0.03078,0.03083,0.03072,0.03078,0,0.358072916667,0.0307683017008,3.80206205388,2935335.15,29353.3515,-0.139696608007,OKX_CONTRACT_OI_HISTORY,6249275.08,624927.508,-0.700482371183,OKX_CONTRACT_OI_HISTORY,0.9,0.473684210526,0.526315789474,OKX_GLOBAL_ACCOUNT_RATIO,1.17,0.539170506912,0.460829493088,OKX_GLOBAL_ACCOUNT_RATIO,,,,,PRICE_DOWN_OI_DOWN,PRICE_DOWN_OI_DOWN,PASS,PASS,-0.140694057867,-0.647086914995,-0.452781371281,-0.506392857129,-0.416392437318,-2.40798714721,4.37908466464,4.16007810316,-0.162179695102,-0.219006561475,2.43052265305,-3.92702706141,5.33007295607,4.90501342544,-0.388349514563,-0.425059530627,0.956807172396,-5.36769612112,5.00294924478,3.45436312252,-1.4409221902,-1.54858612226,4.65956167262,-6.07155383122,3.24054958988,1.09700540606,-2.03691915977,-2.14354418382,7.24834285702,1.68196219149
2026-09-03T23:00:00Z,2026-09-04T01:00:00+02:00,2026-09-04T23:00:00Z,81140,81338,81078,81270.37,407.99233,33135210.0223,120694,200.01954,16245042.8223,16890167.2001,0.490265274049,0.160672911018,0.320678852463,2496.54,2509.16,2495.5,2507.51,7010.8961,17543131.6747,56729,3781.918,9464070.6012,8079061.07349,0.539474409512,0.439408140867,0.547385293528,0.03077,0.03087,0.03075,0.03086,0.259909031839,0.390243902439,0.0308539262218,1.96855924802,2938575.67,29385.7567,0.11039693372,OKX_CONTRACT_OI_HISTORY,6234926.98,623492.698,-0.229596230224,OKX_CONTRACT_OI_HISTORY,0.9,0.473684210526,0.526315789474,OKX_GLOBAL_ACCOUNT_RATIO,1.17,0.539170506912,0.460829493088,OKX_GLOBAL_ACCOUNT_RATIO,,,,,PRICE_UP_OI_UP,PRICE_UP_OI_DOWN,PASS,PASS,-0.593281839086,-0.423718717486,0.227346541085,0.169563121599,-0.0970554976467,-1.88390784068,4.26176858816,4.16708208707,-0.097118808676,-0.0946865010924,2.15270798691,-3.79154463808,5.08192331498,4.83251948226,-0.226317491109,-0.249403832726,0.872714452126,-5.96683906402,4.94759746381,3.67737960861,-1.21638924456,-1.2702178552,5.44593129167,-6.1147120025,3.42203595792,1.61530200798,-1.71974522293,-1.80673394994,7.51310474532,1.53227844278
2026-09-04T00:00:00Z,2026-09-04T02:00:00+02:00,2026-09-04T23:00:00Z,81270.37,81427.75,80960,80972.12,643.20132,52223184.0838,142119,298.15775,24206039.2074,28017144.8764,0.463511362473,-0.366984917135,0.57775444664,2507.5,2515.76,2500.86,2501.48,10804.5221,27091269.1558,107599,5026.4384,12605475.2435,14485793.9123,0.465296593193,-0.240477605274,0.595795046504,0.03086,0.03091,0.03083,0.03089,0.0972132209981,0.259487512163,0.0308931024654,-1.0042582791,2962032.18,29620.3218,0.798227190114,OKX_CONTRACT_OI_HISTORY,6298594.52,629859.452,1.02114331418,OKX_CONTRACT_OI_HISTORY,0.88,0.468085106383,0.531914893617,OKX_GLOBAL_ACCOUNT_RATIO,1.14,0.532710280374,0.467289719626,OKX_GLOBAL_ACCOUNT_RATIO,4.18741079605e-05,OKX_FUNDING_HISTORY,0.0001,OKX_FUNDING_HISTORY,PRICE_DOWN_OI_UP,PRICE_DOWN_OI_UP,PASS,PASS,-0.614780356683,-0.145701021504,0.422626788036,0.469079335179,0.20189481416,-0.86163896208,2.94935766724,3.22745711373,0.292207792208,0.278099446491,3.09655671475,-2.8856836655,5.0657983773,5.1112679844,0,0.0454696070989,2.09907523888,-5.44671060107,4.86816705682,3.84540340827,-1.02531239987,-1.02276364855,6.055583421,-5.70913764027,2.94985505772,1.20852399853,-1.68682367919,-1.7413310592,8.61528949892,1.81544437307
2026-09-04T01:00:00Z,2026-09-04T03:00:00+02:00,2026-09-04T23:00:00Z,80972.11,81097.92,80759.52,80968.01,505.56595,40907970.7716,131593,247.43832,20024464.3686,20883506.403,0.489500309863,-0.00507582115918,0.419021806965,2501.48,2509.91,2497.26,2506.79,7309.6194,18300052.4937,85777,3870.0778,9689582.75688,8610469.73683,0.529483877722,0.212274333595,0.506555184482,0.03089,0.031,0.03086,0.03095,0.194237617352,0.453661697991,0.0309602520798,-3.31136832363,2956022.72,29560.2272,-0.202883008516,OKX_CONTRACT_OI_HISTORY,6344546.88,634454.688,0.729565299911,OKX_CONTRACT_OI_HISTORY,0.86,0.462365591398,0.537634408602,OKX_GLOBAL_ACCOUNT_RATIO,1.12,0.528301886792,0.471698113208,OKX_GLOBAL_ACCOUNT_RATIO,,,,,PRICE_DOWN_OI_DOWN,PRICE_UP_OI_UP,PASS,PASS,-0.762336070597,-0.175215734373,0.552306692658,0.587120336224,0.564095944146,0.813364221025,2.69847281576,3.15286584889,0.389231268245,0.454393033136,1.8543025921,-2.24440232503,4.66838683656,5.02679308366,0.291639662994,0.358406247092,1.42353911083,-4.76491496163,5.1250261618,4.4791857693,-0.673940949936,-0.645840392504,2.48395625303,-6.55474824793,3.26153523592,1.7836986268,-1.43312101911,-1.47783660912,8.23554291188,2.43600249251
2026-09-04T02:00:00Z,2026-09-04T04:00:00+02:00,2026-09-05T04:00:00Z,80968.01,80968.01,80669.45,80831.99,433.77504,35039220.5105,80848,155.25388,12541780.753,22497439.7575,0.357935495433,-0.167992272504,0.370102932399,2506.79,2507.74,2497.05,2507.74,7193.0964,17991110.9259,54710,3387.8236,8476478.49424,9514632.43168,0.471148142499,0.0378970715537,0.428105164094,0.03094,0.03102,0.03093,0.03101,0.226244343891,0.290979631426,0.0310241032047,-4.5458863359,2956517.82,29565.1782,0.0167488563823,OKX_CONTRACT_OI_HISTORY,6362808.84,636280.884,0.287837103979,OKX_CONTRACT_OI_HISTORY,0.86,0.462365591398,0.537634408602,OKX_GLOBAL_ACCOUNT_RATIO,1.12,0.528301886792,0.471698113208,OKX_GLOBAL_ACCOUNT_RATIO,,,,,UNAVAILABLE,UNAVAILABLE,PASS,PASS,-0.379603155041,0.448620891314,0.747238466537,0.828224046354,0.721644000345,1.81675087985,0.350118069566,0.734295791055,0.355987055016,0.384177721489,2.69385957743,0.567442168783,3.87578340241,4.2251296715,0.29107373868,0.349346269086,1.96958313782,-4.68492991831,4.52971193288,4.05905590227,-0.481386392811,-0.470656030609,3.87442415655,-6.49121785661,3.03632925893,1.73057263862,-1.30490133673,-1.30575662032,8.49424488196,1.67317284532
2026-09-04T03:00:00Z,2026-09-04T05:00:00+02:00,2026-09-05T04:00:00Z,80832,81021.8,80806,80850,523.81704,42378467.8607,79313,351.58007,28443763.7114,13934704.1492,0.671184333633,0.0222807826456,0.267059376779,2507.74,2517.2,2505.13,2505.14,10488.2307,26333524.0666,65081,7722.0221,19390629.1726,6942894.894,0.736347673162,-0.103679009786,0.481811323165,0.03102,0.03108,0.03097,0.03099,-0.064495324089,0.355182434614,0.0309850340136,1.60270483885,2955583.28,29555.8328,-0.0316094830776,OKX_CONTRACT_OI_HISTORY,6369777.95,636977.795,0.109528828781,OKX_CONTRACT_OI_HISTORY,0.87,0.465240641711,0.534759358289,OKX_GLOBAL_ACCOUNT_RATIO,1.11,0.526066350711,0.473933649289,OKX_GLOBAL_ACCOUNT_RATIO,,,,,PRICE_UP_OI_DOWN,PRICE_DOWN_OI_UP,PASS,PASS,-0.51724878329,-0.0945160737146,0.421257290992,0.422732709575,0.57877053069,2.1628315846,-0.612184688007,-0.454585191013,0.193986420951,0.157599496994,1.61470796299,1.39046945834,4.04334174088,4.23750676154,0.193986420951,0.19416502066,2.17849404753,-4.40517667405,4.23717341275,3.75742414327,-0.449726951494,-0.47974926948,3.22193935291,-5.51197767029,2.75930009795,1.3320065852,-1.33715377268,-1.42729351275,8.68652670565,2.72401790146
2026-09-04T04:00:00Z,2026-09-04T06:00:00+02:00,2026-09-05T04:00:00Z,80850.01,81288,80820,81070.54,602.46481,48855186.9549,99403,361.13471,29280496.7104,19574690.2445,0.599332405327,0.272776747062,0.579064587973,2505.14,2525,2502.55,2509.4,13547.6521,34063890.3858,94969,8031.438,20197054.0901,13866836.2957,0.592916835432,0.170050376426,0.897084973327,0.03099,0.03107,0.03095,0.03095,-0.129073894805,0.387722132472,0.0309532908008,-1.06315055392,2956623.87,29566.2387,0.0352076020677,OKX_CONTRACT_OI_HISTORY,6332391.04,633239.104,-0.586942124097,OKX_CONTRACT_OI_HISTORY,0.88,0.468085106383,0.531914893617,OKX_GLOBAL_ACCOUNT_RATIO,1.1,0.52380952381,0.47619047619,OKX_GLOBAL_ACCOUNT_RATIO,,,,,PRICE_UP_OI_UP,PRICE_UP_OI_DOWN,PASS,PASS,0.121548009364,0.316612565361,0.194237617352,0.195064555997,-0.182587820501,0.536572403457,0.124948483606,0.613851144105,0.454397922752,0.488902660499,0.916829813257,-1.31360760093,4.2359339642,4.19754931882,-0.0322997416021,-0.038384645388,2.3819470123,-4.79458323532,4.52377213428,3.89900754794,-0.642054574639,-0.624764586344,3.43362581276,-5.70516429679,2.97664933973,1.59431907434,-1.37029955386,-1.38233026539,8.48130930123,1.44921719099
2026-09-04T05:00:00Z,2026-09-04T07:00:00+02:00,2026-09-05T04:00:00Z,81070.54,81143.3,80863.03,80996.15,593.73244,48092884.4106,88487,345.03898,27947067.9074,20145816.5032,0.581106087729,-0.0917595960259,0.346598439361,2509.41,2516.56,2504.52,2509.25,9901.2486,24857993.3368,80127,6121.5934,15369728.0624,9488265.27433,0.618301238326,-0.00597752450785,0.480730838644,0.03095,0.03102,0.03095,0.03099,0.129240710824,0.226171243942,0.0309798675616,3.27065258543,2954358.12,29543.5812,-0.0766330145336,OKX_CONTRACT_OI_HISTORY,6354285.39,635428.539,0.345751705188,OKX_CONTRACT_OI_HISTORY,0.89,0.470899470899,0.529100529101,OKX_GLOBAL_ACCOUNT_RATIO,1.12,0.528301886792,0.471698113208,OKX_GLOBAL_ACCOUNT_RATIO,,,,,PRICE_DOWN_OI_DOWN,PRICE_DOWN_OI_UP,PASS,PASS,0.0347544666097,0.0981334694969,0.129240710824,0.0633790028871,-0.056312151755,0.153494176719,-0.0565756027739,0.350331335058,0.421257290992,0.406906937832,-0.0429052896756,-0.593804259125,4.09490256447,4.3429626457,0.291262135922,0.24806008123,2.96388554995,-3.27019466985,4.30783503692,3.57972863081,-0.673076923077,-0.728106406104,3.21165590532,-3.85530404694,2.29371082265,0.994550299049,-1.24282982792,-1.2991605236,6.792039252,1.80590925294
2026-09-04T06:00:00Z,2026-09-04T08:00:00+02:00,2026-09-05T08:00:00Z,80996.15,81090,80573.21,80797.39,435.61525,35210813.0825,90837,204.75934,16556123.6174,18654689.4652,0.470199980289,-0.245394379856,0.641391847241,2509.25,2519.08,2500.19,2508.19,10042.2299,25188773.1948,61853,6590.5395,16533113.6657,8655659.52915,0.656368356561,-0.0422436983162,0.755542578764,0.03098,0.03105,0.03098,0.03104,0.193673337637,0.225952227243,0.0310429581946,-0.952935782376,2948992.04,29489.9204,-0.181632685749,OKX_CONTRACT_OI_HISTORY,6326061.3,632606.13,-0.444174100905,OKX_CONTRACT_OI_HISTORY,0.9,0.473684210526,0.526315789474,OKX_GLOBAL_ACCOUNT_RATIO,1.14,0.532710280374,0.467289719626,OKX_GLOBAL_ACCOUNT_RATIO,,,,,UNAVAILABLE,UNAVAILABLE,PASS,PASS,-0.0428048350659,0.0179444440014,0.0967429861335,0.0607492790673,-0.254548778603,-0.577536445366,-0.562345485139,-0.183460681312,0.388098318241,0.378884803827,0.0469285481194,-1.20885257988,3.80573362768,4.13476708461,0.290791599354,0.329033456932,2.67423513956,-4.57525093151,4.10486636395,3.61295972702,-0.51282051282,-0.491906636921,2.85987678567,-4.40711233991,2.60586683233,1.48000695903,-1.11500477859,-1.1258598733,7.00353060717,0.716063575987
2026-09-04T07:00:00Z,2026-09-04T09:00:00+02:00,2026-09-05T08:00:00Z,80797.4,80966.75,80641.65,80656.87,705.83482,57031148.8392,122842,246.77533,19946356.7503,37084792.0889,0.34974495791,-0.173916508937,0.403141552783,2508.19,2516.5,2503.86,2504.39,17960.4854,45067156.6076,83008,8481.5291,21286535.3094,23780621.2982,0.472329228462,-0.151503673964,0.50482055706,0.03105,0.03108,0.03103,0.03106,0.0644329896907,0.161134386078,0.0310499279231,3.2438326299,2940276.39,29402.7639,-0.295546745525,OKX_CONTRACT_OI_HISTORY,6324796.79,632479.679,-0.0199888989378,OKX_CONTRACT_OI_HISTORY,0.91,0.476439790576,0.523560209424,OKX_GLOBAL_ACCOUNT_RATIO,1.13,0.530516431925,0.469483568075,OKX_GLOBAL_ACCOUNT_RATIO,,,,,PRICE_DOWN_OI_DOWN,PRICE_DOWN_OI_DOWN,PASS,PASS,-0.238874458874,-0.0299384465539,0.225879315908,0.208936012321,-0.517897435121,-0.706165275353,-1.34369089458,-0.547617723912,0.876908087041,0.796073170673,-0.0392360113191,-0.469669215496,3.85474964639,4.40700718729,0.55033991583,0.552257540897,3.01500499889,-2.76578833742,4.10850887106,3.57707101204,-0.448717948718,-0.531437859023,2.54861602185,-3.9329846623,2.57463942649,1.28077582581,-1.17721921731,-1.29386360067,6.63285008882,-0.116931693045
2026-09-04T08:00:00Z,2026-09-04T10:00:00+02:00,2026-09-05T08:00:00Z,80656.86,81237,80502.87,81147.16,754.04554,61064292.3849,156567,400.77611,32455875.2707,28608417.1142,0.531503338581,0.607871344375,0.911930220624,2504.39,2534.47,2503.4,2527.15,24642.6367,62125775.6409,165893,14282.7149,36009420.8887,26116354.7522,0.579621268584,0.90880413993,1.24111208756,0.03106,0.03119,0.03104,0.03114,0.257566001288,0.48324742268,0.0311428027795,-0.899976653542,2910548.88,29105.4888,-1.0110447474,OKX_CONTRACT_OI_HISTORY,6244080.69,624408.069,-1.27618487487,OKX_CONTRACT_OI_HISTORY,0.92,0.479166666667,0.520833333333,OKX_GLOBAL_ACCOUNT_RATIO,1.13,0.530516431925,0.469483568075,OKX_GLOBAL_ACCOUNT_RATIO,4.82484421847e-05,OKX_FUNDING_HISTORY,7.50079024033e-05,OKX_FUNDING_HISTORY,PRICE_UP_OI_DOWN,PRICE_UP_OI_DOWN,PASS,PASS,0.0945102869674,0.707340400096,0.613893376414,0.612830113128,-1.55836494684,-1.3945814376,-0.399936175175,0.878996299593,1.23537061118,1.27893247477,-1.53972171726,-1.7196735193,4.24419096097,5.13626965208,0.841968911917,0.892078691103,2.03009200211,-3.46419426017,5.58597321601,5.59887345602,-0.0321027287319,0.0129002400101,0.7079513407,-7.55253528018,4.1907325937,3.22608315599,-0.922685332485,-0.964649437707,5.23905609214,-1.3625023982
2026-09-04T09:00:00Z,2026-09-04T11:00:00+02:00,2026-09-05T08:00:00Z,81147.16,81310,80934.24,81056.63,968.87345,78600433.1947,165263,538.44361,43681138.149,34919295.0457,0.555736608229,-0.111562746004,0.464278159652,2527.16,2546.66,2519.5,2521.33,30131.7703,76267567.7415,237425,18424.798,46639175.758,29628391.9834,0.611520429184,-0.230298953366,1.07799166501,0.03113,0.03132,0.0311,0.03112,-0.0642260757868,0.707395498392,0.0311057836972,4.57030852764,2912437.08,29124.3708,0.0648743614297,OKX_CONTRACT_OI_HISTORY,6312755.32,631275.532,1.09983572297,OKX_CONTRACT_OI_HISTORY,0.93,0.481865284974,0.518134715026,OKX_GLOBAL_ACCOUNT_RATIO,1.17,0.539170506912,0.460829493088,OKX_GLOBAL_ACCOUNT_RATIO,,,,,PRICE_DOWN_OI_UP,PRICE_DOWN_OI_UP,PASS,PASS,0.0746702158066,0.481418750623,0.419490158116,0.406748534816,-1.4189559389,-0.653575775261,-0.653719818605,0.403792624214,1.10461338532,1.05751244282,-0.91869052197,0.308203777253,4.43391014445,5.33719365971,0.907911802853,0.903283515255,1.84735830955,-2.61821560951,5.60813453571,6.08934574878,0.484339683565,0.481211213064,-0.341049023576,-10.0828061628,4.03212475133,2.809039161,-1.14358322745,-1.22308559033,4.30754147676,-1.30498194333
2026-09-04T10:00:00Z,2026-09-04T12:00:00+02:00,2026-09-05T12:00:00Z,81056.63,81194,80831.14,81179.63,483.39639,39154493.2928,112533,242.00295,19601989.2565,19552504.0364,0.500631922621,0.151745760957,0.448911149837,2521.33,2528.51,2514.67,2526.52,12721.4511,32083018.1823,110405,7702.7882,19429045.0029,12653973.1794,0.605586572078,0.2058437412,0.550370426338,0.03111,0.03119,0.0311,0.03113,0.0642880102861,0.289389067524,0.0311225858014,2.38225662176,2907483.21,29074.8321,-0.170093631688,OKX_CONTRACT_OI_HISTORY,6300724.02,630072.402,-0.190587142858,OKX_CONTRACT_OI_HISTORY,0.94,0.484536082474,0.515463917526,OKX_GLOBAL_ACCOUNT_RATIO,1.17,0.539170506912,0.460829493088,OKX_GLOBAL_ACCOUNT_RATIO,,,,,UNAVAILABLE,UNAVAILABLE,PASS,PASS,0.4730845885,0.730805879937,0.289948453608,0.257721291438,-1.40755992003,-0.400522201706,0.0488415085038,1.200861993,1.13710201429,1.15202048449,-0.948850423435,0.823278529771,4.43006498415,5.41089689298,0.973078170613,0.980831908831,1.45861020513,-3.1360789023,5.86684712017,6.4802171311,0.581583198708,0.613370010936,-0.737706941824,-10.8273812532,4.03687469138,2.83072239384,-1.14322006986,-1.20615229754,4.07184640601,-1.06946209142
2026-09-04T11:00:00Z,2026-09-04T13:00:00+02:00,2026-09-05T12:00:00Z,81179.64,81423.03,81080.01,81224.86,512.44736,41630838.1417,114902,270.38074,21964899.3226,19665938.8192,0.527611268545,0.0557159474612,0.42306358867,2526.52,2527.89,2520.43,2523.02,12251.9788,30927136.7652,72496,5837.6901,14734908.3654,16192228.3999,0.476439460828,-0.138530468787,0.295981241296,0.03112,0.03112,0.03104,0.03106,-0.224863475747,0.257731958763,0.0310621649579,-0.696975846406,2907192.23,29071.9223,-0.0100079683693,OKX_CONTRACT_OI_HISTORY,6311329.39,631132.939,0.168319862389,OKX_CONTRACT_OI_HISTORY,0.94,0.484536082474,0.515463917526,OKX_GLOBAL_ACCOUNT_RATIO,1.18,0.54128440367,0.45871559633,OKX_GLOBAL_ACCOUNT_RATIO,,,,,PRICE_UP_OI_DOWN,PRICE_DOWN_OI_UP,PASS,PASS,0.704205357833,0.743893722623,0,0.0396883647906,-1.1252057838,-0.212930161192,-0.0559982684956,0.618541900132,0.648088139987,0.674540168628,-1.06798134621,1.22539382169,4.20338380305,4.81139913593,0.55033991583,0.608015332873,1.06173612096,-2.61261217013,5.72194579217,5.92557139738,0.161238310223,0.203625605209,-1.4766868316,-11.0293551322,4.00247275988,2.59598728031,-1.39682539683,-1.40648547957,3.77572114824,-1.02740145084
2026-09-04T12:00:00Z,2026-09-04T14:00:00+02:00,2026-09-05T12:00:00Z,81224.86,81350,79177.77,79453.96,3691.19669,295282454.87,497181,1497.15543,119781258.378,175501196.492,0.405649764836,-2.18024383175,2.74348469274,2523.03,2532.21,2434.69,2451.24,103506.029,255223126.444,531110,43552.8412,107359709.511,147863416.933,0.42065039719,-2.84500321044,4.00543806398,0.03106,0.03112,0.03059,0.03085,-0.676110753381,1.73259235044,0.0308510740056,-0.348125846509,2782868.01,27828.6801,-4.2764361681,OKX_CONTRACT_OI_HISTORY,5893652.9,589365.29,-6.6178845088,OKX_CONTRACT_OI_HISTORY,0.96,0.489795918367,0.510204081633,OKX_GLOBAL_ACCOUNT_RATIO,1.31,0.5670995671,0.4329004329,OKX_GLOBAL_ACCOUNT_RATIO,,,,,PRICE_DOWN_OI_DOWN,PRICE_DOWN_OI_DOWN,PASS,PASS,-2.08657949336,-3.00377896049,-0.931278098908,-0.917199467134,-4.38683132509,-5.61215985824,-1.87491694672,-2.00841102068,-0.129491744901,-0.133494073954,-6.04869086871,-6.42907903841,1.0191427138,1.1542254887,0.162337662338,0.1350827749,-3.13943529722,-9.12923982026,3.70700452712,3.09507286607,-0.580083789881,-0.611931661052,-4.93345721562,-15.9168099947,1.85882775242,0.189241440197,-1.65763468282,-1.66958631223,-1.4304442074,-7.8772818677
2026-09-04T13:00:00Z,2026-09-04T15:00:00+02:00,2026-09-05T15:00:00Z,79453.95,79704,79000,79378.67,1927.84184,152990738.384,420756,890.55014,70672909.2653,82317829.1188,0.461942402604,-0.0947467054816,0.891139240506,2451.25,2463.86,2435.38,2452.27,33469.9511,82011950.3433,342892,17345.4722,42509904.269,39502046.0743,0.518337926254,0.0416114227435,1.16942735836,0.03084,0.03093,0.03082,0.03089,0.162127107652,0.35691109669,0.0308933117675,-1.07200145172,2789132.8,27891.328,0.225119911454,OKX_CONTRACT_OI_HISTORY,5981925.05,598192.505,1.49774938392,OKX_CONTRACT_OI_HISTORY,1,0.5,0.5,OKX_GLOBAL_ACCOUNT_RATIO,1.38,0.579831932773,0.420168067227,OKX_GLOBAL_ACCOUNT_RATIO,,,,,UNAVAILABLE,UNAVAILABLE,PASS,PASS,-2.07010826875,-2.739030591,-0.739074550129,-0.668922322248,-4.23371481042,-5.24066359664,-1.96292338172,-2.17489299064,-0.193861066236,-0.211969608922,-5.64575904207,-5.71548822727,0.68258048019,0.909401399902,0.194615634123,0.226820919712,-3.89614590623,-7.83161200164,2.89408394473,2.05077840524,-0.834670947031,-0.843305539491,-5.05724470895,-11.5633134901,1.67368604284,0.321549985477,-1.30990415335,-1.35213605737,-0.109723653045,-7.06496195032
2026-09-04T14:00:00Z,2026-09-04T16:00:00+02:00,2026-09-05T15:00:00Z,79378.66,79572,78660,78915.71,1816.73349,143787875.483,368177,823.68013,65195877.3782,78591998.1049,0.453417071218,-0.583229726575,1.15942028986,2452.26,2458.49,2431.61,2440.18,28405.8194,69518227.4096,226961,11633.8682,28494629.578,41023597.8316,0.409887171174,-0.493012596492,1.10544042836,0.03089,0.03097,0.03088,0.03093,0.129491744901,0.291450777202,0.0309213463327,2.79860625036,2763911.25,27639.1125,-0.904279279925,OKX_CONTRACT_OI_HISTORY,5970823.77,597082.377,-0.18558039272,OKX_CONTRACT_OI_HISTORY,1.02,0.50495049505,0.49504950495,OKX_GLOBAL_ACCOUNT_RATIO,1.4,0.583333333333,0.416666666667,OKX_GLOBAL_ACCOUNT_RATIO,,,,,PRICE_DOWN_OI_DOWN,PRICE_DOWN_OI_DOWN,PASS,PASS,-2.78877841646,-3.41734876431,-0.642467073562,-0.628570347851,-4.93801510207,-5.23591017402,-2.37069506763,-2.69405919274,-0.257981296356,-0.323364125106,-6.51464262103,-6.16056650226,-2.02887722987,-1.97954576495,0.0970873786408,0.0493314649286,-3.99627836778,-5.62808198565,2.39960543126,1.90983315584,-0.450595429675,-0.489772275424,-6.52976216681,-11.4294864843,0.956555234438,-0.371944522698,-1.27673156719,-1.32849975714,-0.137668474184,-6.2131647655
2026-09-04T15:00:00Z,2026-09-04T17:00:00+02:00,2026-09-05T15:00:00Z,78915.71,79555.32,78800,79429.33,942.77981,74749564.0845,153236,540.59499,42853642.393,31895921.6915,0.573296218083,0.650846327049,0.958527918782,2440.19,2458.76,2437.95,2451.98,12183.0817,29862324.9097,102640,6251.9213,15321753.8873,14540571.0224,0.513079739559,0.483570884115,0.853586004635,0.03092,0.03094,0.03086,0.03087,-0.193986420951,0.259235255995,0.0308699569794,0.0139360843088,2786466.14,27864.6614,0.816049719397,OKX_CONTRACT_OI_HISTORY,6026432.89,602643.289,0.931347534982,OKX_CONTRACT_OI_HISTORY,1.03,0.507389162562,0.492610837438,OKX_GLOBAL_ACCOUNT_RATIO,1.39,0.581589958159,0.418410041841,OKX_GLOBAL_ACCOUNT_RATIO,,,,,PRICE_UP_OI_UP,PRICE_UP_OI_UP,PASS,PASS,-2.21056706038,-2.81567328043,-0.611719253059,-0.605106220053,-4.15266967056,-4.51404898073,-1.75716759431,-2.12203709174,-0.387221684414,-0.364869497429,-5.72195482172,-5.39022023523,-2.35859517136,-2.56697581639,-0.193986420951,-0.208380645023,-4.19963971888,-4.07470014299,2.76928224438,2.55125513388,-0.193986420951,-0.218027110499,-5.17380781967,-10.0086356236,1.93825490195,0.122908814726,-1.78173719376,-1.81534608722,0.508783339,-5.78933669552
2026-09-04T16:00:00Z,2026-09-04T18:00:00+02:00,2026-09-05T18:00:00Z,79429.33,79877.07,79378.19,79745.73,1059.83504,84422369.7046,146157,542.34324,43193124.9712,41229244.7334,0.511631278799,0.398341519436,0.628484978053,2451.98,2464.49,2450.1,2460.23,13654.4238,33549592.2678,79776,6179.2838,15180448.4643,18369143.8034,0.452477882389,0.336462777021,0.58732296641,0.03087,0.03088,0.03082,0.03084,-0.0971817298348,0.194678780013,0.0308509308273,-3.54311100995,2779824.3,27798.243,-0.238360692946,OKX_CONTRACT_OI_HISTORY,6088998.46,608899.846,1.03818579153,OKX_CONTRACT_OI_HISTORY,1.06,0.514563106796,0.485436893204,OKX_GLOBAL_ACCOUNT_RATIO,1.41,0.585062240664,0.414937759336,OKX_GLOBAL_ACCOUNT_RATIO,3.45512460052e-05,OKX_FUNDING_HISTORY,4.37067677912e-05,OKX_FUNDING_HISTORY,UNAVAILABLE,UNAVAILABLE,PASS,PASS,0.367218952963,0.366753153506,-0.032414910859,-0.00046579945745,-0.109373135523,3.31450737454,-1.63414478305,-1.95943253367,-0.355411954766,-0.325287750624,-5.97977888882,-3.84361260166,-1.51123813857,-1.35760938859,0.0973709834469,0.153628749976,-5.11777347118,-5.1067302153,3.335726272,3.10242226134,-0.290979631426,-0.233304010669,-4.59584675354,-7.4229121463,2.77040017908,1.12626036345,-1.65816326531,-1.64413981564,0.0992121510436,-5.67651720398
2026-09-04T17:00:00Z,2026-09-04T19:00:00+02:00,2026-09-05T18:00:00Z,79745.72,79752.92,79383,79472.22,392.51492,31238161.8603,94348,164.99009,13130376.9835,18107784.8768,0.420331293571,-0.342977611466,0.46599397856,2460.24,2460.81,2443.04,2445.36,16166.0912,39611910.1125,116355,5139.1293,12593206.3049,27018703.8075,0.317914644085,-0.604415034367,0.727372453992,0.03085,0.03085,0.03076,0.03078,-0.194552529183,0.292587776333,0.0307699973651,3.25077534596,2775208.1,27752.081,-0.166060854997,OKX_CONTRACT_OI_HISTORY,6061253.04,606125.304,-0.455664756401,OKX_CONTRACT_OI_HISTORY,1.04,0.509803921569,0.490196078431,OKX_GLOBAL_ACCOUNT_RATIO,1.41,0.585062240664,0.414937759336,OKX_GLOBAL_ACCOUNT_RATIO,,,,,PRICE_DOWN_OI_DOWN,PRICE_DOWN_OI_DOWN,PASS,PASS,0.117852818648,-0.281779738773,-0.356102298478,-0.39963255742,-0.499248368525,1.32612811657,-1.88148449031,-2.54617913719,-0.677637947725,-0.66469464688,-6.0639236248,-4.61157049164,-1.93699563189,-2.2047678655,-0.259235255995,-0.267772233604,-6.10422717048,-5.17799104878,2.70162206394,2.15517781575,-0.484966052376,-0.546444248189,-5.34983464611,-8.48240564958,2.85563636895,1.12398580751,-1.66134185304,-1.73165056145,-0.803119222371,-6.93023680765
2026-09-04T18:00:00Z,2026-09-04T20:00:00+02:00,2026-09-05T18:00:00Z,79472.22,79655.86,79472.22,79618.15,263.34116,20957583.0169,61975,115.79654,9215259.73879,11742323.2781,0.439710043441,0.183623912859,0.231074455955,2445.35,2452.13,2444.66,2450.74,8866.9695,21715709.1857,47845,2692.3585,6593534.13081,15122175.0549,0.303629693804,0.220008505905,0.305563963905,0.03077,0.03081,0.03075,0.03078,0,0.19512195122,0.0307811723834,-0.380876796396,2773245.75,27732.4575,-0.0707100127014,OKX_CONTRACT_OI_HISTORY,6044871.82,604487.182,-0.270261279176,OKX_CONTRACT_OI_HISTORY,1.05,0.512195121951,0.487804878049,OKX_GLOBAL_ACCOUNT_RATIO,1.43,0.588477366255,0.411522633745,OKX_GLOBAL_ACCOUNT_RATIO,,,,,PRICE_UP_OI_DOWN,PRICE_UP_OI_DOWN,PASS,PASS,0.890114275092,0.4327549607,-0.484966052376,-0.457359314392,0.337727920895,1.24016472186,-1.45950259037,-2.29049633401,-0.837628865979,-0.830993743641,-5.95953761883,-4.44493764232,-2.01364062858,-2.46975485514,-0.452781371281,-0.456114226557,-5.91540579519,-5.60005747884,2.89539268131,2.33033950888,-0.581395348837,-0.565053172429,-5.30142894174,-8.15438660624,3.19394094142,1.57118404529,-1.59846547315,-1.62275689613,-1.33063961742,-7.07581527559
2026-09-04T19:00:00Z,2026-09-04T21:00:00+02:00,2026-09-05T21:00:00Z,79618.15,79819.99,79618.14,79793.34,391.97239,31252743.5851,67612,214.73828,17121242.505,14131501.0802,0.547831663429,0.22003776777,0.253522626879,2450.75,2457.75,2450.75,2455.84,10256.5399,25181726.8225,58117,4973.0365,12209736.0468,12971990.7757,0.484864923397,0.207691523003,0.285626848924,0.03078,0.03082,0.03077,0.03078,0,0.162495937602,0.0307775059924,0.810334549481,2760662.76,27606.6276,-0.453727910698,OKX_CONTRACT_OI_HISTORY,6029254.83,602925.483,-0.258351053009,OKX_CONTRACT_OI_HISTORY,1.06,0.514563106796,0.485436893204,OKX_GLOBAL_ACCOUNT_RATIO,1.43,0.588477366255,0.411522633745,OKX_GLOBAL_ACCOUNT_RATIO,,,,,UNAVAILABLE,UNAVAILABLE,PASS,PASS,0.458281594469,0.157423796279,-0.291545189504,-0.30085779819,-0.926025248597,0.0468260420635,-1.07062175857,-1.93859582573,-0.901481004507,-0.867974067162,-6.10873285963,-4.67275028452,-2.39992680607,-2.47559745531,-0.0324780772978,-0.075670649238,-6.14557204784,-5.12047303041,3.17018799875,2.62642133899,-0.484966052376,-0.54376665976,-5.17367971786,-8.25307321753,3.20951469371,1.51538951215,-1.62991371045,-1.69412518156,-1.68749055461,-7.62725718785
2026-09-04T20:00:00Z,2026-09-04T22:00:00+02:00,2026-09-05T21:00:00Z,79793.35,79862.15,79667.99,79697.04,252.17194,20115253.2635,56258,127.83459,10197307.9737,9917945.28973,0.506944050874,-0.120686764083,0.24371143291,2455.85,2458.91,2450.8,2451.18,5300.3329,13010049.5126,44579,2220.8434,5451762.44106,7558287.0715,0.419042405319,-0.18975177536,0.330912355149,0.03079,0.03079,0.03074,0.03076,-0.0649772579597,0.162654521796,0.0307562238196,1.22777764179,2760866.31,27608.6631,0.0073732294632,OKX_CONTRACT_OI_HISTORY,6005343.64,600534.364,-0.396586156568,OKX_CONTRACT_OI_HISTORY,1.06,0.514563106796,0.485436893204,OKX_GLOBAL_ACCOUNT_RATIO,1.43,0.588477366255,0.411522633745,OKX_GLOBAL_ACCOUNT_RATIO,,,,,PRICE_DOWN_OI_UP,PRICE_DOWN_OI_DOWN,PASS,PASS,-0.0610565606459,-0.367851786215,-0.259403372244,-0.306795225569,-0.681985188776,-1.37386830609,-1.78702495565,-3.0061531765,-1.22029543995,-1.21912822085,-5.1427609077,-3.82341391556,-2.17981417157,-2.15358085209,0,0.0262333194745,-6.60329841839,-5.47733719822,2.95975725916,2.40729290262,-0.517464424321,-0.552464356537,-4.97395693964,-8.61533937622,2.90333763942,1.23321163663,-1.59948816379,-1.6701260028,-2.10348107093,-7.96439034147
2026-09-04T21:00:00Z,2026-09-04T23:00:00+02:00,2026-09-05T23:00:00Z,79697.03,79819.3,79512,79624,645.54178,51471300.6374,80909,347.99386,27742969.2999,23728331.3375,0.538998800426,-0.0916345314248,0.386482543515,2451.19,2456.84,2449.81,2451.8,6556.019,16088576.6771,54423,2813.5027,6905185.66998,9183391.00707,0.42919804583,0.0248858717603,0.286961029631,0.03075,0.03081,0.03075,0.0308,0.162601626016,0.19512195122,0.0307922234502,2.52549147565,2757447.48,27574.4748,-0.1238317838,OKX_CONTRACT_OI_HISTORY,6004235.85,600423.585,-0.0184467378789,OKX_CONTRACT_OI_HISTORY,1.05,0.512195121951,0.487804878049,OKX_GLOBAL_ACCOUNT_RATIO,1.43,0.588477366255,0.411522633745,OKX_GLOBAL_ACCOUNT_RATIO,,,,,UNAVAILABLE,UNAVAILABLE,PASS,PASS,0.19098497563,0.263355906697,0.0649772579597,0.0723709310663,-0.639974350032,-0.940683215562,-1.76744332944,-2.75767154637,-1.02827763496,-0.990228216931,-5.3216462963,-4.88723947565,-2.40960902071,-2.36501419646,0.0649772579597,0.0445948242567,-6.19144735814,-4.59409835506,3.02779359246,2.57933602494,-0.420303912059,-0.448457567528,-5.00584072765,-8.56085653048,3.12477496823,1.50447533803,-1.53452685422,-1.6202996302,-1.22474939042,-9.29126480428
2026-09-04T22:00:00Z,2026-09-05T00:00:00+02:00,2026-09-05T23:00:00Z,79624,79716,79604,79636.09,498.99738,39753854.8764,49729,267.69523,21324869.4257,18428985.4507,0.536422681322,0.0151838641615,0.140696447415,2451.79,2454.57,2450.56,2451.31,3811.2075,9347193.98034,33094,1697.1373,4162468.59655,5184725.38379,0.445317450916,-0.01998531691,0.163636066858,0.0308,0.03081,0.03076,0.03078,-0.0649350649351,0.162548764629,0.0307813957215,-0.453430206707,2753327.64,27533.2764,-0.149407741394,OKX_CONTRACT_OI_HISTORY,5998767.82,599876.782,-0.0910695405145,OKX_CONTRACT_OI_HISTORY,1.05,0.512195121951,0.487804878049,OKX_GLOBAL_ACCOUNT_RATIO,1.43,0.588477366255,0.411522633745,OKX_GLOBAL_ACCOUNT_RATIO,,,,,PRICE_UP_OI_DOWN,PRICE_DOWN_OI_DOWN,PASS,PASS,0.022532550681,0.0232582811722,0,0.000725730491258,-0.718223763617,-0.762696073182,-1.90138831626,-2.97682187357,-1.12431737873,-1.07543355731,-5.30202786622,-4.79240479414,-1.85347547449,-1.81170740305,0,0.0417680714427,-6.2005699758,-4.0085811041,3.37780588657,3.00444153105,-0.388349514563,-0.373364355521,-5.30309030166,-9.16110877278,3.05674533304,1.58007276705,-1.4409221902,-1.47667256598,-1.82992768526,-9.83675177572
2026-09-04T23:00:00Z,2026-09-05T01:00:00+02:00,2026-09-05T23:00:00Z,79636.09,79758,79600.89,79660.77,152.92964,12182459.1909,36855,87.24518,6949944.18749,5232515.00338,0.570487787285,0.0309909740672,0.19737216506,2451.32,2456.02,2450,2455.85,3096.3722,7595928.73462,19196,1847.1627,4531681.99779,3064246.73683,0.596593537948,0.18520709335,0.245714285714,0.03078,0.03083,0.03077,0.03083,0.162443144899,0.194995125122,0.0308288508886,0.372738970216,2753772.08,27537.7208,0.0161419219981,OKX_CONTRACT_OI_HISTORY,6019063.7,601906.37,0.338334148095,OKX_CONTRACT_OI_HISTORY,1.05,0.512195121951,0.487804878049,OKX_GLOBAL_ACCOUNT_RATIO,1.43,0.588477366255,0.411522633745,OKX_GLOBAL_ACCOUNT_RATIO,,,,,PRICE_UP_OI_UP,PRICE_UP_OI_UP,PASS,PASS,-0.166141685509,0.000407192650975,0.162443144899,0.16654887816,-0.249602381712,-0.169028019006,-1.9256296656,-2.66228567352,-0.740502253703,-0.736656007921,-5.27726197177,-4.63081027688,-1.98054961482,-2.06021112578,-0.097213220998,-0.0796615109555,-6.28888314453,-3.46216211822,3.00072368752,2.67274825245,-0.323310701584,-0.32797543507,-5.47105268449,-9.22241954051,2.86905822648,1.541406699,-1.31241997439,-1.32765152748,-1.18544010793,-9.36517287813
2026-09-05T00:00:00Z,2026-09-05T02:00:00+02:00,2026-09-05T23:00:00Z,79660.77,79721.57,79562,79573.36,179.53978,14298523.9526,49108,73.95008,5889471.46066,8409052.49191,0.411893666801,-0.109727786965,0.200560569116,2455.86,2456.58,2451.69,2452.14,3295.1922,8086814.59238,24401,1580.2405,3878046.83652,4208767.75585,0.479551842351,-0.151067858379,0.199454254004,0.03083,0.03083,0.03078,0.03081,-0.0648718780409,0.162443144899,0.0308160922198,-1.97696053243,2744526.06,27445.2606,-0.335758360946,OKX_CONTRACT_OI_HISTORY,6035788.94,603578.894,0.277871124707,OKX_CONTRACT_OI_HISTORY,1.05,0.512195121951,0.487804878049,OKX_GLOBAL_ACCOUNT_RATIO,1.43,0.588477366255,0.411522633745,OKX_GLOBAL_ACCOUNT_RATIO,7.019044316e-07,OKX_FUNDING_HISTORY,5.75932507952e-05,OKX_FUNDING_HISTORY,PRICE_DOWN_OI_DOWN,PRICE_DOWN_OI_UP,PASS,PASS,-0.155187695804,0.0391648104178,0.162548764629,0.194352506222,-0.59185227263,0.506970155666,0.150275706837,0.0367161110295,-0.129659643436,-0.113559595807,-1.37778543079,2.41167985987,-1.72745878458,-1.97243232007,-0.258983489803,-0.244973535487,-7.34313831796,-4.17244798289,3.25083001365,3.03801936265,-0.258983489803,-0.212810651,-5.39820107727,-9.39189741735,3.05661269277,1.79712310854,-1.28164049984,-1.25948958423,-1.73222476353,-9.64337482485
2026-09-05T01:00:00Z,2026-09-05T03:00:00+02:00,2026-09-05T23:00:00Z,79573.37,79710,79533.34,79533.34,251.27651,20008220.7007,57685,119.72812,9533295.88013,10474924.8205,0.476468948577,-0.0502932137087,0.222120685489,2452.15,2456.21,2451.51,2451.95,3684.7716,9042257.7018,31739,1735.4824,4258320.15993,4783937.54188,0.470935500885,-0.00774833410817,0.191718573451,0.03081,0.03083,0.03079,0.03082,0.0324569944823,0.129912309191,0.0308292094862,-2.98725993597,2736070.45,27360.7045,-0.308089987675,OKX_CONTRACT_OI_HISTORY,6042521.35,604252.135,0.111541507944,OKX_CONTRACT_OI_HISTORY,1.05,0.512195121951,0.487804878049,OKX_GLOBAL_ACCOUNT_RATIO,1.43,0.588477366255,0.411522633745,OKX_GLOBAL_ACCOUNT_RATIO,,,,,PRICE_DOWN_OI_DOWN,PRICE_DOWN_OI_UP,PASS,PASS,-0.113860142671,0.00611795415613,0.0649350649351,0.119978096827,-0.775247041151,0.637641507703,0.194850833354,-0.0130491340676,-0.226610553577,-0.207899967421,-1.90246767741,1.01298995714,-1.77189732093,-2.18765832,-0.420032310178,-0.415760999073,-7.44081797856,-4.76039559188,2.81377049435,2.72916570653,-0.129617627997,-0.0846047878175,-6.12320182182,-9.29848175171,3.26231863962,2.19353816915,-1.09114249037,-1.06878047047,-5.14168838898,-11.0031118932
2026-09-05T02:00:00Z,2026-09-05T04:00:00+02:00,2026-09-06T04:00:00Z,79533.34,79622,79472.22,79569.09,226.54938,18022299.2277,47171,126.10239,10031359.9267,7990939.30102,0.556608221846,0.0449497028542,0.188468372974,2451.95,2453.17,2450.12,2453.17,2935.0736,7196316.59984,30830,1305.9676,3201977.98732,3994338.61253,0.444946792278,0.0497563164013,0.124483698758,0.03083,0.03084,0.0308,0.03083,0,0.12987012987,0.0308306906614,-0.22401749573,2736862.13,27368.6213,0.0289349274614,OKX_CONTRACT_OI_HISTORY,6054948.54,605494.854,0.205662326704,OKX_CONTRACT_OI_HISTORY,1.05,0.512195121951,0.487804878049,OKX_GLOBAL_ACCOUNT_RATIO,1.44,0.590163934426,0.409836065574,OKX_GLOBAL_ACCOUNT_RATIO,,,,,UNAVAILABLE,UNAVAILABLE,PASS,PASS,-0.0841327091775,0.075877795954,0.162443144899,0.160010505131,-0.598022180898,0.93653766383,0.827946678805,0.532337778361,-0.323310701584,-0.295608900444,-0.97865371039,1.40893071443,-1.56237647991,-2.17606290923,-0.580457916801,-0.613686429327,-7.42954053969,-4.83843390147,2.25285259422,1.95712528262,-0.29107373868,-0.295727311598,-5.60628837956,-9.29668658235,2.89656429913,1.79466538308,-1.05905006418,-1.10189891604,-3.84296829653,-11.0155784727
2026-09-05T03:00:00Z,2026-09-05T05:00:00+02:00,2026-09-06T04:00:00Z,79569.09,79630.74,79510.93,79582,222.17902,17683584.811,39488,115.99001,9231953.91595,8451630.89507,0.522063485125,0.01622489336,0.150683685878,2453.17,2456,2451.09,2452.49,3389.7982,8316807.27081,26679,1894.4263,4648516.26603,3668291.00478,0.558930382137,-0.0277192367427,0.200319041732,0.03083,0.03084,0.03081,0.03082,-0.0324359390204,0.0973709834469,0.0308171445804,0.926568507926,2734504.24,27345.0424,-0.0861530427183,OKX_CONTRACT_OI_HISTORY,6069608.41,606960.841,0.242113866091,OKX_CONTRACT_OI_HISTORY,1.05,0.512195121951,0.487804878049,OKX_GLOBAL_ACCOUNT_RATIO,1.44,0.590163934426,0.409836065574,OKX_GLOBAL_ACCOUNT_RATIO,,,,,PRICE_UP_OI_DOWN,PRICE_DOWN_OI_UP,PASS,PASS,-0.0988817958953,-0.136816173626,-0.0324359390204,-0.037934377731,-0.699688988059,0.839743729577,0.192208595993,0.0207995171249,-0.161969549725,-0.171409078869,-1.8647956727,0.716435755414,-1.56833642548,-2.10167894808,-0.54856405292,-0.533342522603,-7.48004772851,-4.71240194487,2.41159211407,2.04676902592,-0.355641771743,-0.364823088145,-5.46450607551,-8.90998898766,2.60238385323,1.57677620298,-0.995823964022,-1.02560765025,-4.49911097698,-9.96463307223
2026-09-05T04:00:00Z,2026-09-05T06:00:00+02:00,2026-09-06T04:00:00Z,79581.99,79589.84,79500,79500.01,283.95874,22587408.8241,31702,112.58614,8955180.60319,13632228.2209,0.396467814124,-0.103025809857,0.113006289308,2452.5,2453,2447.9,2448.95,5211.9413,12774401.6765,25542,1939.7067,4754515.78425,8019885.89223,0.372190878654,-0.1443430962,0.20834184403,0.03082,0.03083,0.0308,0.03081,-0.0324464633355,0.0974025974026,0.030804398641,1.81836338022,2744100.46,27441.0046,0.350930887567,OKX_CONTRACT_OI_HISTORY,6084544.32,608454.432,0.24607699527,OKX_CONTRACT_OI_HISTORY,1.05,0.512195121951,0.487804878049,OKX_GLOBAL_ACCOUNT_RATIO,1.45,0.591836734694,0.408163265306,OKX_GLOBAL_ACCOUNT_RATIO,,,,,PRICE_DOWN_OI_UP,PRICE_DOWN_OI_UP,PASS,PASS,-0.0921790910928,-0.130090451606,0,-0.0379113605127,-0.0155072311465,0.807771452658,-0.308129350625,-0.458493718067,-0.0972762645914,-0.150364367442,-1.28511143672,-0.0731506179425,-1.93723885397,-2.40894237666,-0.452342487884,-0.471703522698,-7.18804350315,-3.91395159324,2.21663495166,1.68749039783,-0.484496124031,-0.529144553825,-4.97731187831,-8.52087716162,2.49889700886,1.39614032618,-1.09149277689,-1.10275668268,-4.00122820754,-9.39581852113
2026-09-05T05:00:00Z,2026-09-05T07:00:00+02:00,2026-09-06T04:00:00Z,79500.01,79600.01,79442,79577.53,486.56078,38693694.0067,38996,223.57064,17779589.6087,20914104.398,0.459495792923,0.0975094216969,0.198899826288,2448.95,2452.17,2444.47,2450.93,4838.6087,11847692.8453,31414,2235.3933,5473035.59936,6374657.2459,0.461949484245,0.0808509769493,0.314996706853,0.03079,0.03081,0.03077,0.03079,-0.0649139889646,0.129996750081,0.0307992721061,-3.01049519978,2745673.75,27456.7375,0.0573335423733,OKX_CONTRACT_OI_HISTORY,6102251.34,610225.134,0.291016369817,OKX_CONTRACT_OI_HISTORY,1.05,0.512195121951,0.487804878049,OKX_GLOBAL_ACCOUNT_RATIO,1.46,0.593495934959,0.406504065041,OKX_GLOBAL_ACCOUNT_RATIO,,,,,PRICE_UP_OI_UP,PRICE_UP_OI_UP,PASS,PASS,0.0555616047308,-0.0415995432207,-0.0973393900065,-0.0971611479515,0.350988769313,0.98849448004,0.132511712898,0.227778323028,0.0324886289799,0.0952666101302,-1.06422109391,0.676399743245,-1.75146596474,-2.3242004583,-0.645369474024,-0.572734493564,-7.06361116438,-3.96636339936,2.27171577502,1.91782302968,-0.355987055016,-0.353892745343,-4.30908296503,-7.10685026474,2.48091880769,1.17232810326,-1.3141025641,-1.30859070442,-4.07881414415,-7.66875207765
2026-09-05T06:00:00Z,2026-09-05T08:00:00+02:00,2026-09-06T04:00:00Z,79577.53,79715.72,79576,79644.01,255.76484,20369489.2118,37438,154.10683,12273039.7095,8096449.50228,0.602520739813,0.0835411704786,0.175580577058,2450.93,2454.71,2450.44,2453.4,3346.6174,8206908.20745,28822,2070.8343,5078319.55198,3128588.65548,0.618785957343,0.100778071997,0.174254419614,0.0308,0.03081,0.03078,0.0308,0.0324780772978,0.0974658869396,0.0308045765149,-1.48566071574,2746732.76,27467.3276,0.0385701323764,OKX_CONTRACT_OI_HISTORY,6079437.19,607943.719,-0.373864476057,OKX_CONTRACT_OI_HISTORY,1.06,0.514563106796,0.485436893204,OKX_GLOBAL_ACCOUNT_RATIO,1.47,0.595141700405,0.404858299595,OKX_GLOBAL_ACCOUNT_RATIO,,,,,PRICE_UP_OI_UP,PRICE_UP_OI_DOWN,PASS,PASS,0.094157165804,0.00937562419236,-0.0973078170613,-0.0847815416116,0.3606549958,0.404440266308,0.0324800312492,0.10853864547,0.0649772579597,0.0760586142212,-0.956027427429,0.571813117453,-1.42749660602,-2.18444376223,-0.773195876289,-0.756947156218,-6.85859023207,-3.89854126137,2.3239103033,1.86000166072,-0.48465266559,-0.46390864258,-4.36776992258,-8.2954241475,2.6187729299,1.3495928914,-1.28205128205,-1.2691800385,-4.19486067627,-8.13384050828
2026-09-05T07:00:00Z,2026-09-05T09:00:00+02:00,2026-09-06T09:00:00Z,79644.01,79763.41,79639.22,79709.96,273.27755,21782261.7218,38976,169.19107,13485250.306,8297011.41582,0.619093208879,0.0828059762435,0.155940753815,2453.41,2459.33,2452.94,2457.53,5021.8398,12336020.8548,36599,2686.6566,6600142.05127,5735878.80357,0.535030065929,0.167929534811,0.260503722064,0.0308,0.03084,0.03078,0.03084,0.12987012987,0.194931773879,0.0308309024368,2.95079368309,2732340.33,27323.4033,-0.52398362919,OKX_CONTRACT_OI_HISTORY,6045547.21,604554.721,-0.557452588798,OKX_CONTRACT_OI_HISTORY,1.06,0.514563106796,0.485436893204,OKX_GLOBAL_ACCOUNT_RATIO,1.46,0.593495934959,0.406504065041,OKX_GLOBAL_ACCOUNT_RATIO,,,,,UNAVAILABLE,UNAVAILABLE,PASS,PASS,0.160790128421,0.205505425099,0.064892926671,0.0447152966776,-0.07913353976,-0.3964209612,-0.104494936545,0.0688155580168,0.194931773879,0.173310494562,-1.02592864331,0.270222116321,-1.17399794959,-1.87111432325,-0.708306503542,-0.697116373663,-7.07199026279,-4.41515497291,2.63549701499,2.45343272133,-0.161864681127,-0.182064293664,-4.27020612384,-7.05882946901,2.88627711157,1.63902560073,-1.15384615385,-1.24725151084,-4.70361211785,-8.17449226731
2026-09-05T08:00:00Z,2026-09-05T10:00:00+02:00,2026-09-06T09:00:00Z,79709.96,79727.95,79568,79650,377.92884,30097204.4914,49058,168.13998,13390225.1067,16706979.3846,0.444899296563,-0.0752227199713,0.201023024331,2457.53,2457.6,2453.15,2456.84,5045.6368,12390400.708,31371,2388.5206,5864723.65105,6525677.05693,0.473328005225,-0.0280769715934,0.181399425229,0.03083,0.03085,0.03081,0.03085,0.0324254215305,0.129827977929,0.0308454488387,1.47547255824,2728478.69,27284.7869,-0.141330856834,OKX_CONTRACT_OI_HISTORY,6022380.43,602238.043,-0.383204020997,OKX_CONTRACT_OI_HISTORY,1.06,0.514563106796,0.485436893204,OKX_GLOBAL_ACCOUNT_RATIO,1.46,0.593495934959,0.406504065041,OKX_GLOBAL_ACCOUNT_RATIO,-1.35375417752e-05,OKX_FUNDING_HISTORY,6.27391853463e-05,OKX_FUNDING_HISTORY,PRICE_DOWN_OI_DOWN,PRICE_DOWN_OI_DOWN,PASS,PASS,0.188666642935,0.322178892995,0.129827977929,0.13351225006,-0.569285644885,-1.02166878456,-0.0590235220781,0.230909194755,0.292587776333,0.289932716833,-1.17309628078,0.283693840374,-1.84499371266,-2.78218546584,-0.931278098908,-0.937191753184,-6.25552765154,-3.55056686495,2.32089219193,2.21118363849,-0.0971502590674,-0.109708553444,-4.35242861597,-6.89176259158,3.63791864872,2.66091694663,-0.963081861958,-0.977001702092,-5.59186240272,-10.83494433
2026-09-05T09:00:00Z,2026-09-05T11:00:00+02:00,2026-09-06T09:00:00Z,79650.01,79735.97,79612,79631.28,391.22508,31173423.3496,42403,136.65149,10888805.35,20284617.9996,0.349297708752,-0.0235028248588,0.155717730995,2456.85,2460.28,2456.83,2458.55,4246.8761,10442174.279,31241,2419.9025,5949952.40976,4492221.86928,0.569800144181,0.0696016020579,0.140424856421,0.03085,0.03089,0.03084,0.03088,0.097244732577,0.162127107652,0.0308741740683,1.88699192613,2719676.36,27196.7636,-0.322609446512,OKX_CONTRACT_OI_HISTORY,6047234.66,604723.466,0.412697774391,OKX_CONTRACT_OI_HISTORY,1.07,0.51690821256,0.48309178744,OKX_GLOBAL_ACCOUNT_RATIO,1.45,0.591836734694,0.408163265306,OKX_GLOBAL_ACCOUNT_RATIO,,,,,PRICE_DOWN_OI_DOWN,PRICE_UP_OI_UP,PASS,PASS,0.0675441924372,0.310902392153,0.29230269568,0.243358199716,-0.946849202313,-0.901580038819,0.00914297196826,0.275307937026,0.25974025974,0.266164965058,-1.36978565409,0.71614125551,-1.75846195432,-2.48995569798,-0.771208226221,-0.73149374367,-6.61853680286,-4.20609775828,2.59747956716,2.71434420408,0.129701686122,0.116864636922,-4.89344658291,-6.71418865973,3.75105566924,3.44776803935,-0.290603810139,-0.30328762989,-6.9370133713,-13.8648112371
2026-09-05T10:00:00Z,2026-09-05T12:00:00+02:00,2026-09-06T09:00:00Z,79631.29,79664,79593.92,79618.01,324.09358,25806378.6723,48678,127.55993,10156836.0617,15649542.6105,0.393578509823,-0.0166643057854,0.0880469261974,2458.54,2458.55,2454.05,2454.15,4628.7032,11368183.1374,30475,2517.6472,6182836.33017,5185346.80727,0.54387198512,-0.17896727746,0.183370346977,0.03088,0.03088,0.03083,0.03083,-0.161917098446,0.162179695102,0.0308240560145,1.92835930974,2715783.02,27157.8302,-0.143154533284,OKX_CONTRACT_OI_HISTORY,6031562.06,603156.206,-0.259169701213,OKX_CONTRACT_OI_HISTORY,1.07,0.51690821256,0.48309178744,OKX_GLOBAL_ACCOUNT_RATIO,1.45,0.591836734694,0.408163265306,OKX_GLOBAL_ACCOUNT_RATIO,,,,,PRICE_DOWN_OI_DOWN,PRICE_DOWN_OI_DOWN,PASS,PASS,-0.0326452673591,0.0305698214722,0.0974025974026,0.0632150888313,-1.12678380841,-0.787492797504,-0.0227032743571,0.115856419629,0.162443144899,0.138559693986,-1.36360887293,0.546682935297,-1.92365991321,-2.86441429318,-0.963700610344,-0.940754379971,-6.59333781673,-4.27192111804,2.42118568671,2.39149209581,0,-0.0296935909026,-5.23089870986,-7.27402920343,3.83032902074,3.43018257219,-0.387722132472,-0.400146448547,-7.28240524778,-14.636765185
2026-09-05T11:00:00Z,2026-09-05T13:00:00+02:00,2026-09-06T13:00:00Z,79618,79674.33,79608,79609.28,224.00252,17839676.2643,37745,113.95351,9075218.39838,8764457.86592,0.508709814233,-0.0109522972192,0.0833207717817,2454.15,2456.17,2453,2453.67,3148.2566,7726638.20843,24303,1816.7993,4458714.3891,3267923.81934,0.577057482028,-0.0195587066805,0.12922951488,0.03082,0.03083,0.03081,0.03082,0,0.0649139889646,0.0308214067506,-0.456419974976,2715980,27159.8,0.00725315677097,OKX_CONTRACT_OI_HISTORY,6024392.34,602439.234,-0.118870036131,OKX_CONTRACT_OI_HISTORY,1.07,0.51690821256,0.48309178744,OKX_GLOBAL_ACCOUNT_RATIO,1.47,0.595141700405,0.404858299595,OKX_GLOBAL_ACCOUNT_RATIO,,,,,UNAVAILABLE,UNAVAILABLE,PASS,PASS,-0.126307929398,-0.15706827587,-0.064850843061,-0.0307603464725,-0.598766186641,-0.349924816814,-0.0646365833521,-0.0887676364599,-0.0324359390204,-0.0241310531077,-1.37237501515,0.0885293837312,-1.98902158773,-2.74869006191,-0.772698003863,-0.759668474184,-6.57721316213,-4.54638052095,2.13075600407,1.93045862413,-0.226610553577,-0.200297379941,-5.58530968907,-7.04021340029,3.6191134674,3.01400574336,-0.612705578846,-0.605107724042,-7.95677515308,-15.0742991998
2026-09-05T12:00:00Z,2026-09-05T14:00:00+02:00,2026-09-06T13:00:00Z,79609.29,79774,79609.28,79704.14,350.25887,27916538.7123,48453,197.59434,15748941.3599,12167597.3524,0.564143768761,0.119156962605,0.206910551132,2453.67,2461.69,2453,2458.94,6213.55,15270516.6547,40653,4139.6909,10172779.5652,5097737.08949,0.666171276011,0.21478030868,0.354260089686,0.03082,0.03086,0.03081,0.03085,0.0973393900065,0.162284972412,0.0308508441343,-0.273617900397,2706345.72,27063.4572,-0.354725734357,OKX_CONTRACT_OI_HISTORY,6002422.1,600242.21,-0.364688067444,OKX_CONTRACT_OI_HISTORY,1.04,0.509803921569,0.490196078431,OKX_GLOBAL_ACCOUNT_RATIO,1.48,0.596774193548,0.403225806452,OKX_GLOBAL_ACCOUNT_RATIO,,,,,PRICE_UP_OI_DOWN,PRICE_UP_OI_DOWN,PASS,PASS,0.0679723791588,0.0854756516501,0,0.0175032724913,-0.811183539059,-0.331402677595,0.164351486477,0.277308799661,0.129827977929,0.112957313183,-1.39114510722,-0.552816546962,0.314874173672,0.314126727697,0,-0.00074744597538,-2.7497635434,1.84553114758,1.33722590467,1.47197794715,0.162337662338,0.134752042483,-5.80287179335,-7.4521916371,4.03355110066,3.41892204488,-0.580083789881,-0.614629055786,-7.54756235108,-14.3650285333
2026-09-05T13:00:00Z,2026-09-05T15:00:00+02:00,2026-09-06T13:00:00Z,79704.13,79762,79545.96,79613.67,488.89817,38953067.3772,64938,234.6678,18698462.1657,20254605.2115,0.480025410699,-0.113507278292,0.271591417088,2458.93,2462,2450,2454.15,7806.9039,19182375.0288,54733,4135.5952,10163896.5702,9018478.45853,0.529856003492,-0.194799385101,0.489795918367,0.03085,0.03087,0.03079,0.03082,-0.097244732577,0.259824618383,0.030825736334,-1.86089114357,2703249.96,27032.4996,-0.114388933281,OKX_CONTRACT_OI_HISTORY,5953524.28,595352.428,-0.81463481217,OKX_CONTRACT_OI_HISTORY,1.06,0.514563106796,0.485436893204,OKX_GLOBAL_ACCOUNT_RATIO,1.49,0.598393574297,0.401606425703,OKX_GLOBAL_ACCOUNT_RATIO,,,,,PRICE_DOWN_OI_DOWN,PRICE_DOWN_OI_DOWN,PASS,PASS,-0.0221144253866,-0.17896727746,-0.194300518135,-0.156852852074,-0.603983629876,-1.54964021191,0.10100166798,0.0897245049858,0,-0.0112771629939,-1.19954842537,-1.47284659573,0.296049303925,0.0766636626473,-0.226610553577,-0.219385641278,-3.07919508171,-0.474776426696,0.980650558875,0.986762242971,-0.0324359390204,0.00611168409561,-6.85537105482,-8.26920578072,3.19870116403,2.12901426972,-1.05939004815,-1.0696868943,-7.98071736031,-11.9831900302
2026-09-05T14:00:00Z,2026-09-05T16:00:00+02:00,2026-09-06T16:00:00Z,79613.67,79756.32,79613.67,79719.76,292.28201,23299226.741,47013,175.13017,13960057.7876,9339168.95342,0.599163995559,0.133256009929,0.179177771858,2454.15,2459.79,2453.93,2457.26,5733.3255,14085754.483,27242,3086.379,7583119.69609,6502634.78693,0.538353817343,0.126724120368,0.238800617785,0.03082,0.03083,0.03081,0.03083,0.0324464633355,0.0649139889646,0.0308237255105,2.035603884,2702211.18,27022.1118,-0.0384270790851,OKX_CONTRACT_OI_HISTORY,5950054.43,595005.443,-0.0582822851946,OKX_CONTRACT_OI_HISTORY,1.04,0.509803921569,0.490196078431,OKX_GLOBAL_ACCOUNT_RATIO,1.49,0.598393574297,0.401606425703,OKX_GLOBAL_ACCOUNT_RATIO,,,,,UNAVAILABLE,UNAVAILABLE,PASS,PASS,0.127797718129,0.126724120368,0,-0.00107359776182,-0.499739482133,-1.35135192491,0.189357450236,0.16672305629,0,-0.0226343939456,-1.26608314026,-1.7323699666,1.01887190776,0.699948364465,-0.323310701584,-0.318923543296,-2.23234628102,-0.347847144717,-1.03067698225,-1.29345319869,-0.226537216828,-0.262776216435,-6.13941387728,-5.95635200788,3.44292624466,2.62314936624,-0.772449308014,-0.819776878417,-8.61634154494,-11.7375764866
2026-09-05T15:00:00Z,2026-09-05T17:00:00+02:00,2026-09-06T16:00:00Z,79719.75,79816,79678.62,79806.01,383.76927,30602148.2421,41440,211.57504,16872139.3466,13730008.8956,0.551338396673,0.108191494806,0.172417644784,2457.26,2460.12,2455.86,2460,5274.3836,12967352.9649,36844,2517.3077,6188533.92014,6778819.04474,0.477239567466,0.111506311908,0.173462656666,0.03082,0.03084,0.03081,0.03082,-0.0324359390204,0.0973709834469,0.0308247461563,-1.53972276423,2700022.59,27000.2259,-0.0809925595822,OKX_CONTRACT_OI_HISTORY,5953580.56,595358.056,0.0592621469515,OKX_CONTRACT_OI_HISTORY,1.04,0.509803921569,0.490196078431,OKX_GLOBAL_ACCOUNT_RATIO,1.49,0.598393574297,0.401606425703,OKX_GLOBAL_ACCOUNT_RATIO,,,,,PRICE_UP_OI_DOWN,PRICE_UP_OI_UP,PASS,PASS,0.247119431302,0.257980902077,0,0.0108614707748,-0.587537831648,-1.17541780156,0.281483249981,0.306219393351,0,0.0247361433701,-1.26098359972,-1.91162002822,0.474232880977,0.327082602631,-0.161969549725,-0.147150278346,-3.10226450482,-1.20887980219,-1.89554752422,-2.24828934506,-0.355641771743,-0.352741820847,-7.17162029137,-5.23432171816,3.25664797232,2.8866824482,-0.355641771743,-0.369965524123,-8.11556712095,-11.0965230513
2026-09-05T16:00:00Z,2026-09-05T18:00:00+02:00,2026-09-06T16:00:00Z,79806,80200,79754,80042,716.52557,57276507.6031,95798,371.98143,29736908.9292,27539598.6739,0.519181601212,0.295704546562,0.559219600271,2459.99,2474.44,2458.89,2471.15,14615.2594,36071539.5302,77473,7863.4126,19408723.2352,16662816.295,0.538061959317,0.45325203252,0.632399171984,0.03082,0.03091,0.03082,0.03087,0.162232316677,0.292018170019,0.0308731665875,-1.02567630455,2685477.61,26854.7761,-0.538698455853,OKX_CONTRACT_OI_HISTORY,5923402.36,592340.236,-0.506891604067,OKX_CONTRACT_OI_HISTORY,1.1,0.52380952381,0.47619047619,OKX_GLOBAL_ACCOUNT_RATIO,1.54,0.606299212598,0.393700787402,OKX_GLOBAL_ACCOUNT_RATIO,-2.71584359721e-05,OKX_FUNDING_HISTORY,-1.60337352153e-05,OKX_FUNDING_HISTORY,PRICE_UP_OI_DOWN,PRICE_UP_OI_DOWN,PASS,PASS,0.423892661034,0.496555426322,0.064829821718,0.0726627652883,-0.771080717655,-1.316464232,0.681748341918,0.906510953674,0.194741966894,0.224762611756,-2.1363230266,-2.64838172795,0.371518324555,0.443860939831,0.0972762645914,0.072342615276,-3.39398033178,-2.71959503829,-1.14533434063,-0.919774346555,0.194741966894,0.225559994073,-8.33805757792,-7.68744287204,3.71963743092,3.56005364177,-0.193986420951,-0.159583789143,-7.83384495042,-9.94063403416
2026-09-05T17:00:00Z,2026-09-05T19:00:00+02:00,2026-09-06T19:00:00Z,80041.99,80162.29,79973.85,80058.6,894.70031,71625567.1938,134524,309.87664,24809051.3402,46816515.8535,0.346371446848,0.0207516079997,0.235627020582,2471.15,2485.34,2471.05,2481.01,10609.8259,26297365.9568,82539,6015.053,14908858.411,11388507.5458,0.566933526174,0.399004512069,0.578296675502,0.03087,0.03101,0.03087,0.03099,0.388726919339,0.453514739229,0.03098992488,0.0242401280115,2693460.31,26934.6031,0.297254386716,OKX_CONTRACT_OI_HISTORY,5883833.81,588383.381,-0.668003751817,OKX_CONTRACT_OI_HISTORY,1.12,0.528301886792,0.471698113208,OKX_GLOBAL_ACCOUNT_RATIO,1.51,0.601593625498,0.398406374502,OKX_GLOBAL_ACCOUNT_RATIO,,,,,UNAVAILABLE,UNAVAILABLE,PASS,PASS,0.558861311129,1.094472628,0.551589876703,0.535611316868,-0.362143721256,-1.17057505307,0.604529947084,1.22728923307,0.649561545956,0.622759285982,-1.90166220586,-3.57929422815,0.73784273297,1.45786305493,0.682261208577,0.720020321958,-2.94564540944,-2.92710482188,-1.21344488043,-0.779047306728,0.421257290992,0.434397573704,-8.87006369249,-7.95353064499,3.45939851898,3.64446041182,0.193986420951,0.185061892842,-8.13789289688,-11.1612215667
2026-09-05T18:00:00Z,2026-09-05T20:00:00+02:00,2026-09-06T19:00:00Z,80058.6,80078,79930,79999.98,332.81067,26628394.365,60189,120.76731,9661300.45517,16967093.9098,0.362819489705,-0.0732213653499,0.185162016765,2481.01,2482.17,2475.59,2480.5,5263.8724,13045021.8077,45503,2042.9327,5063241.74433,7981780.06334,0.388135935607,-0.0205561444734,0.265795224573,0.03099,0.03101,0.03097,0.03101,0.0645369474024,0.129157248951,0.0310062577516,1.20693327958,2700182.48,27001.8248,0.249573753697,OKX_CONTRACT_OI_HISTORY,5862925.7,586292.57,-0.355348411855,OKX_CONTRACT_OI_HISTORY,1.11,0.526066350711,0.473933649289,OKX_GLOBAL_ACCOUNT_RATIO,1.49,0.598393574297,0.401606425703,OKX_GLOBAL_ACCOUNT_RATIO,,,,,PRICE_DOWN_OI_UP,PRICE_DOWN_OI_DOWN,PASS,PASS,0.351506326662,0.945768864508,0.583846902368,0.594262537845,-0.0750755534954,-1.46433500777,0.446951377762,1.1045895492,0.681818181818,0.657638171435,-1.6947509666,-3.56137391067,0.479576578958,1.2143271012,0.747238466537,0.734750522244,-2.63457610996,-3.0099251964,-1.54372099847,-1.28541865648,0.29107373868,0.258302341986,-8.39413603726,-8.44142513416,3.38885488543,3.57296455429,0.16149870801,0.184109668853,-7.79633487131,-10.9188708656
2026-09-05T19:00:00Z,2026-09-05T21:00:00+02:00,2026-09-06T21:00:00Z,79999.99,79999.99,79712.86,79754,243.22911,19422533.0441,59828,114.73568,9162602.61033,10259930.4338,0.471751166004,-0.307487538436,0.360205367114,2480.5,2482.65,2472.86,2477.57,5098.0072,12629681.9726,39732,2409.2955,5968175.7953,6661506.17729,0.472551550249,-0.118121346503,0.395897867247,0.031,0.03106,0.03099,0.03106,0.193548387097,0.225879315908,0.0310651503373,-1.65791481169,2695352.06,26953.5206,-0.178892353972,OKX_CONTRACT_OI_HISTORY,5830306.88,583030.688,-0.556357383141,OKX_CONTRACT_OI_HISTORY,1.08,0.519230769231,0.480769230769,OKX_GLOBAL_ACCOUNT_RATIO,1.46,0.593495934959,0.406504065041,OKX_GLOBAL_ACCOUNT_RATIO,,,,,UNAVAILABLE,UNAVAILABLE,PASS,PASS,-0.0651705303899,0.714227642276,0.778715120052,0.779398172666,-0.172981145317,-2.07058053146,0.0552503099989,0.815452914105,0.713359273671,0.760202604106,-1.3537211889,-3.56031178855,-0.0493023603223,0.884829630595,0.909681611436,0.934131990917,-2.36576161878,-3.29971042209,-2.44804594583,-1.61267264453,0.876908087041,0.835373301299,-8.36594408185,-8.25122267026,3.11932266092,3.53449032382,0.420303912059,0.415167662899,-7.4170444076,-11.2804561225
2026-09-05T20:00:00Z,2026-09-05T22:00:00+02:00,2026-09-06T21:00:00Z,79753.99,79840.25,79694,79737.83,651.64016,51973748.1068,70284,265.87148,21203930.118,30769817.9888,0.407973850076,-0.0202748451488,0.183514442743,2477.57,2483.64,2475,2477.5,6379.9543,15813182.6823,34662,3351.1035,8305060.43354,7508122.24877,0.525198538485,-0.00282534903152,0.349090909091,0.03106,0.03111,0.03105,0.03107,0.032195750161,0.193236714976,0.0310705721488,-0.184144904136,2699806.99,26998.0699,0.165281933522,OKX_CONTRACT_OI_HISTORY,5815474.74,581547.474,-0.254397243666,OKX_CONTRACT_OI_HISTORY,1.1,0.52380952381,0.47619047619,OKX_GLOBAL_ACCOUNT_RATIO,1.45,0.591836734694,0.408163265306,OKX_GLOBAL_ACCOUNT_RATIO,,,,,PRICE_DOWN_OI_UP,PRICE_DOWN_OI_DOWN,PASS,PASS,-0.380012993179,0.256965380491,0.647878198899,0.636978373669,0.533587766535,-1.8220545126,0.110269930948,0.840917601472,0.713128038898,0.730647670524,-1.05083100356,-3.43561308365,0.0511813236728,1.07376855229,1.0078023407,1.02258722862,-2.21160002492,-3.16166586597,-2.12974850564,-1.10293677374,1.0078023407,1.0268117319,-8.66885989385,-8.46582796363,3.01245342577,3.50691020906,0.485122897801,0.494456783287,-7.07555293164,-11.5046169979
2026-09-05T21:00:00Z,2026-09-05T23:00:00+02:00,2026-09-06T23:00:00Z,79737.83,79938,79724.87,79906.02,164.28133,13116656.8596,44415,85.76395,6847517.67463,6269139.185,0.522047481146,0.210928739847,0.267331887779,2477.5,2493.57,2476.77,2489.12,5254.8057,13065204.8408,42857,3058.9738,7606447.78375,5458757.05701,0.582191238213,0.469021190716,0.67830278952,0.03108,0.03119,0.03104,0.03116,0.2574002574,0.48324742268,0.0311505941605,3.01947354889,2685206.1,26852.061,-0.540812363776,OKX_CONTRACT_OI_HISTORY,5763382.71,576338.271,-0.895748538665,OKX_CONTRACT_OI_HISTORY,1.1,0.52380952381,0.47619047619,OKX_GLOBAL_ACCOUNT_RATIO,1.46,0.593495934959,0.406504065041,OKX_GLOBAL_ACCOUNT_RATIO,,,,,UNAVAILABLE,UNAVAILABLE,PASS,PASS,-0.190585396197,0.326883003293,0.54856405292,0.51746839949,-0.306453745368,-2.04715333386,0.345015174941,1.24341583454,0.906735751295,0.898400659595,-1.26743977728,-4.69391326713,0.35418969155,1.52214699405,1.16883116883,1.16795730249,-2.61986422313,-4.01138706102,-2.06395391592,-0.878866194912,1.23456790123,1.18508772101,-8.64910406703,-8.42119834909,3.3927074168,4.14074430475,0.743614613644,0.74803688795,-7.49455872049,-12.2288345003
2026-09-05T22:00:00Z,2026-09-06T00:00:00+02:00,2026-09-06T23:00:00Z,79906.02,79947.99,79749.41,79783.99,517.56847,41300931.2679,45570,282.75987,22562881.4954,18738049.7725,0.546304424687,-0.152716904183,0.249004976965,2489.13,2491.05,2478.9,2480.98,5254.4396,13052522.2998,66357,2114.6803,5251934.04384,7800588.25599,0.402369283361,-0.327023204988,0.490136754206,0.03116,0.03116,0.03107,0.0311,-0.192554557125,0.289668490505,0.0310962136639,1.2176196503,2688061.68,26880.6168,0.106344909614,OKX_CONTRACT_OI_HISTORY,5756131.71,575613.171,-0.125811530569,OKX_CONTRACT_OI_HISTORY,1.08,0.519230769231,0.480769230769,OKX_GLOBAL_ACCOUNT_RATIO,1.44,0.590163934426,0.409836065574,OKX_GLOBAL_ACCOUNT_RATIO,,,,,PRICE_DOWN_OI_UP,PRICE_DOWN_OI_DOWN,PASS,PASS,-0.269987567497,0.019350937311,0.290228958401,0.289338504808,-0.448888180328,-1.82151361734,0.208470420198,1.09325020883,0.875770353552,0.884779788632,-1.02074944117,-4.56648455674,0.185719816229,1.21037322901,1.03963612736,1.02465341278,-2.37043928415,-4.04476581326,-1.6711979295,-0.623262595432,1.03963612736,1.04793533407,-8.42402851341,-7.89120919926,3.56979895768,4.25117971603,0.647249190939,0.681380758346,-7.54782305003,-12.8353291903
2026-09-05T23:00:00Z,2026-09-06T01:00:00+02:00,2026-09-06T23:00:00Z,79783.99,79912.83,79706.04,79831.75,584.91964,46684615.4203,45150,243.02835,19394456.097,27290159.3233,0.415435704513,0.0598616338942,0.259440815276,2480.98,2483.66,2477.6,2480.34,3798.9191,9424191.58213,39574,2017.6625,5005385.15854,4418806.4236,0.531120904633,-0.0257962579303,0.2445915402,0.0311,0.0311,0.03107,0.03107,-0.096463022508,0.0965561635018,0.0310695932383,0.130919551351,2697886.52,26978.8652,0.365499053578,OKX_CONTRACT_OI_HISTORY,5776792.38,577679.238,0.358933239212,OKX_CONTRACT_OI_HISTORY,1.08,0.519230769231,0.480769230769,OKX_GLOBAL_ACCOUNT_RATIO,1.43,0.588477366255,0.411522633745,OKX_GLOBAL_ACCOUNT_RATIO,,,,,PRICE_UP_OI_UP,PRICE_DOWN_OI_UP,PASS,PASS,0.0974872733656,0.11180309739,0.032195750161,0.0143158240242,0.0940307590096,-0.917867637183,0.279452345254,1.08694323197,0.811161583387,0.807490886721,-0.666186054389,-4.1099574202,0.214635133454,0.997210741698,0.77846253649,0.782575608244,-2.02941849857,-4.02506655645,-1.77016543668,-1.08354503073,0.680492546986,0.68662040595,-8.19067388522,-7.34787434511,3.22179942826,3.69661192682,0.452634982218,0.474812498555,-7.38944062781,-12.8762775723
2026-09-06T00:00:00Z,2026-09-06T02:00:00+02:00,2026-09-06T23:00:00Z,79831.75,79940.68,79829.98,79868,147.80921,11809529.593,39506,73.45342,5868394.11214,5941135.48086,0.496920225816,0.0454079986973,0.138669707797,2480.33,2492.6,2479.27,2490.2,6312.725,15695102.3884,53435,3738.138,9291782.05947,6403320.32897,0.59201793206,0.397526145609,0.537658262311,0.03108,0.03119,0.03104,0.03119,0.386224654007,0.48324742268,0.0311789452597,3.54557866838,2698257.36,26982.5736,0.0137455744432,OKX_CONTRACT_OI_HISTORY,5809615.9,580961.59,0.568196290274,OKX_CONTRACT_OI_HISTORY,1.1,0.52380952381,0.47619047619,OKX_GLOBAL_ACCOUNT_RATIO,1.42,0.586776859504,0.413223140496,OKX_GLOBAL_ACCOUNT_RATIO,3.8666626551e-06,OKX_FUNDING_HISTORY,1.72141241818e-05,OKX_FUNDING_HISTORY,PRICE_UP_OI_UP,PRICE_UP_OI_UP,PASS,PASS,0.163247482406,0.512613521695,0.386224654007,0.349366039289,-0.0573978067966,-0.100745687359,0.205585305857,1.27127949442,1.10210696921,1.06569418856,-0.29886647298,-3.21213997929,0.370274674841,1.55211366398,1.23336579033,1.18183898914,-1.68585391388,-3.74719928494,-1.36358045214,-0.450933047636,0.971188086759,0.9126474045,-8.90519764711,-7.76329732685,3.63314168875,4.63728654027,0.971188086759,1.00414485152,-6.99304920701,-12.7871635894
2026-09-06T01:00:00Z,2026-09-06T03:00:00+02:00,2026-09-06T23:00:00Z,79868.01,80067.45,79868.01,79951.39,305.00919,24390800.446,66627,172.30719,13778563.0507,10612237.3953,0.564908194843,0.104409776131,0.249711993575,2490.21,2508.05,2489.3,2505.57,18052.1331,45122486.5466,85023,10639.8651,26593331.6722,18529154.8744,0.589358736797,0.617219500442,0.753223797855,0.03118,0.03135,0.03116,0.03133,0.448861814684,0.609756097561,0.0313386671576,-2.76564334662,2704925.82,27049.2582,0.247139509331,OKX_CONTRACT_OI_HISTORY,5865362.58,586536.258,0.95955878942,OKX_CONTRACT_OI_HISTORY,1.1,0.52380952381,0.47619047619,OKX_GLOBAL_ACCOUNT_RATIO,1.41,0.585062240664,0.414937759336,OKX_GLOBAL_ACCOUNT_RATIO,,,,,PRICE_UP_OI_UP,PRICE_UP_OI_UP,PASS,PASS,0.0567792013668,0.660876132931,0.545571245186,0.604096931564,0.734383852323,1.76944470169,0.424198507618,2.09522645315,1.65476963011,1.67102794553,0.0619942670784,-1.48083212319,0.525628623166,2.1868308897,1.65476963011,1.66120226653,-1.13829780955,-2.93186833341,-1.25558229726,-0.0486678182057,1.22778675283,1.20691447905,-8.49441712004,-7.55269539438,3.35418910062,4.97567883493,1.52300712897,1.62148973431,-7.19179935916,-11.9577308432
2026-09-06T02:00:00Z,2026-09-06T04:00:00+02:00,2026-09-07T04:00:00Z,79951.38,80019.11,79876,79907.28,258.24501,20646581.349,46157,102.16378,8166553.44307,12480027.9059,0.395540225524,-0.0551585225921,0.179165206069,2505.58,2511.2,2499.93,2503.38,13731.4794,34394478.6218,76106,6173.4971,15463267.3224,18931211.2993,0.449585745796,-0.0878040214242,0.450812622753,0.03134,0.03138,0.03129,0.03134,0,0.287631831256,0.0313285598008,3.6516837236,2717958.97,27179.5897,0.481830218915,OKX_CONTRACT_OI_HISTORY,5953172.53,595317.253,1.49709329649,OKX_CONTRACT_OI_HISTORY,1.1,0.52380952381,0.47619047619,OKX_GLOBAL_ACCOUNT_RATIO,1.36,0.576271186441,0.423728813559,OKX_GLOBAL_ACCOUNT_RATIO,,,,,UNAVAILABLE,UNAVAILABLE,PASS,PASS,0.15452974964,0.902869027562,0.771704180064,0.748339277921,1.11222485044,3.42314647974,0.235223989636,1.87688726468,1.65423289004,1.64166327504,0.5827742153,0.0524045626252,0.425026854021,2.04673952478,1.65423289004,1.62171267076,-0.690687331042,-1.68087324488,-1.14399014549,-0.173861724102,1.06417284747,0.970128421384,-8.06891297547,-6.43797920542,2.68745467674,4.0439220641,1.35834411384,1.35646738736,-6.25825378702,-10.8212943098
2026-09-06T03:00:00Z,2026-09-06T05:00:00+02:00,2026-09-07T04:00:00Z,79907.28,80107.99,79893.86,80028.01,248.71269,19891871.6367,76700,147.69923,11814032.5028,8077839.13389,0.59391256482,0.151087610541,0.268018093005,2503.38,2514.55,2500.35,2509.68,6283.7399,15757885.3915,73813,3433.5741,8611830.8006,7146054.59089,0.546509292754,0.25165975601,0.567920491131,0.03133,0.03142,0.0313,0.03137,0.0957243139758,0.38338658147,0.031360020073,3.18237265309,2725311.37,27253.1137,0.270511809823,OKX_CONTRACT_OI_HISTORY,5958597.66,595859.766,0.0911300650646,OKX_CONTRACT_OI_HISTORY,1.11,0.526066350711,0.473933649289,OKX_GLOBAL_ACCOUNT_RATIO,1.35,0.574468085106,0.425531914894,OKX_GLOBAL_ACCOUNT_RATIO,,,,,PRICE_UP_OI_UP,PRICE_UP_OI_UP,PASS,PASS,0.245842036533,1.18290234403,0.965561635018,0.9370603075,1.01653089545,3.14716659421,0.278174538484,2.01951219512,1.78455548345,1.74133765664,0.936613645147,0.0842702966633,0.560440803197,2.33191572647,1.78455548345,1.77147492327,-0.336180499029,-1.82896065942,-1.01668521954,0.181227396473,1.22620200065,1.19791261602,-7.79108176576,-6.45517462661,2.98554846348,4.42641368119,1.42256708697,1.44086521771,-5.78231597074,-10.5759894537
2026-09-06T04:00:00Z,2026-09-06T06:00:00+02:00,2026-09-07T04:00:00Z,80028.01,80028.01,79854,79866.01,362.36734,28961193.3688,42045,178.17594,14239693.375,14721499.9937,0.491681858331,-0.202429124503,0.21791018609,2509.68,2510.52,2498.49,2504.44,6052.301,15157279.0236,52329,2322.9169,5818066.12899,9339212.89463,0.383846343392,-0.208791559083,0.481490820456,0.03137,0.03138,0.03128,0.03136,-0.0318775900542,0.319693094629,0.031358020765,0.631173435977,2722344.5,27223.445,-0.108863524097,OKX_CONTRACT_OI_HISTORY,5965969.09,596596.909,0.123710819569,OKX_CONTRACT_OI_HISTORY,1.11,0.526066350711,0.473933649289,OKX_GLOBAL_ACCOUNT_RATIO,1.34,0.57264957265,0.42735042735,OKX_GLOBAL_ACCOUNT_RATIO,,,,,PRICE_DOWN_OI_DOWN,PRICE_DOWN_OI_UP,PASS,PASS,-0.00249161115842,0.571841619147,0.545046489259,0.574333230305,0.892692459847,2.6912827404,-0.219872067165,1.3471460656,1.5873015873,1.56701813276,1.37282432975,0.718619594162,0.460377300581,2.26586904592,1.78513469653,1.80549174534,-0.792826659123,-1.94879392382,-1.48578016133,-0.197656810393,1.32471728595,1.28812335093,-7.92388143711,-5.78647066622,2.68721713639,3.99159576633,1.29198966408,1.30437862993,-5.73067708195,-10.3036167491
2026-09-06T05:00:00Z,2026-09-06T07:00:00+02:00,2026-09-07T04:00:00Z,79866.01,80107.99,79794.04,79989.13,642.22052,51301305.6661,84097,215.64753,17229963.5712,34071342.0949,0.335858188159,0.154158195708,0.393450438153,2504.45,2523.97,2501.19,2513.5,12354.9383,31059840.3006,102545,7479.4608,18808206.3896,12251633.9109,0.605547427406,0.361757518647,0.910766475158,0.03136,0.0315,0.03134,0.03143,0.223214285714,0.510529674537,0.0314230196028,2.2214278894,2720782.54,27207.8254,-0.0573755452332,OKX_CONTRACT_OI_HISTORY,5994169.7,599416.97,0.472691185197,OKX_CONTRACT_OI_HISTORY,1.12,0.528301886792,0.471698113208,OKX_GLOBAL_ACCOUNT_RATIO,1.33,0.570815450644,0.429184549356,OKX_GLOBAL_ACCOUNT_RATIO,,,,,PRICE_UP_OI_DOWN,PRICE_UP_OI_UP,PASS,PASS,0.0472036821374,0.316494849475,0.319182891797,0.269291167338,0.586216445669,2.19606406668,-0.0867739380903,1.30954732145,1.41981284285,1.39632125954,1.01439140939,1.87523804314,0.517231434552,2.5529084878,2.07859694706,2.03567705325,-0.906561094522,-1.77117647206,-1.24329366272,0.169373318721,1.41981284285,1.41266698144,-7.90613630821,-5.6672885761,2.80069723767,4.51969178438,1.71521035599,1.71899454672,-5.17657958986,-8.75215187701
2026-09-06T06:00:00Z,2026-09-06T08:00:00+02:00,2026-09-07T04:00:00Z,79989.12,79989.13,79676.66,79784.65,290.41612,23184242.4819,51291,134.27462,10718021.7002,12466220.7817,0.462297688119,-0.25563473437,0.392172563458,2513.52,2513.53,2503.3,2505.81,6546.9227,16417743.4812,40327,2711.0589,6798278.88823,9619464.59297,0.414081197944,-0.30594788144,0.40866056805,0.03143,0.03144,0.03138,0.03142,-0.0318167356029,0.19120458891,0.0314071691735,4.08531772161,2714487.97,27144.8797,-0.231351455232,OKX_CONTRACT_OI_HISTORY,6022382.16,602238.216,0.470665019711,OKX_CONTRACT_OI_HISTORY,1.12,0.528301886792,0.471698113208,OKX_GLOBAL_ACCOUNT_RATIO,1.32,0.568965517241,0.431034482759,OKX_GLOBAL_ACCOUNT_RATIO,,,,,PRICE_DOWN_OI_DOWN,PRICE_DOWN_OI_UP,PASS,PASS,-0.15346536636,0.0970687630324,0.255264837269,0.250534129392,-0.127706122069,1.16256717996,-0.269162567291,1.02035879863,1.32215414382,1.28952136592,0.529797156524,2.71974212465,0.176585784669,2.13621912448,2.01298701299,1.95963333981,-1.17393255251,-0.938491972478,-1.25343157743,-0.094889143167,1.22422680412,1.15854243426,-7.9520075612,-4.80044573707,2.50459978321,4.03595449639,1.51857835218,1.53135471318,-5.49042780215,-9.15606423027
2026-09-06T07:00:00Z,2026-09-06T09:00:00+02:00,2026-09-07T04:00:00Z,79784.65,79865.89,79577,79805,339.23106,27063249.983,57385,150.5631,12012267.4974,15050982.4855,0.44385901564,0.0255061593928,0.363032031868,2505.82,2507.98,2482.6,2496.79,13202.2096,32934412.6007,95562,5851.7432,14599350.8731,18335061.7275,0.443285600693,-0.359963444954,1.02231531459,0.03141,0.03143,0.0312,0.03129,-0.413749204328,0.737179487179,0.031286134954,1.23538623593,2718790.34,27187.9034,0.158496558008,OKX_CONTRACT_OI_HISTORY,5961611.19,596161.119,-1.00908524875,OKX_CONTRACT_OI_HISTORY,1.12,0.528301886792,0.471698113208,OKX_GLOBAL_ACCOUNT_RATIO,1.31,0.5670995671,0.4329004329,OKX_GLOBAL_ACCOUNT_RATIO,,,,,PRICE_UP_OI_UP,PRICE_DOWN_OI_DOWN,PASS,PASS,-0.278664932441,-0.513611297058,-0.255020720434,-0.234946364617,-0.239276512467,0.0505744836613,0.0639466359054,0.775760119795,0.740502253703,0.711813483889,0.869581393386,2.2520994641,0.119232276619,1.5975389924,1.45914396887,1.47830671578,-0.495911503089,-1.38839408716,-1.05616545745,-0.303467111752,0.740502253703,0.752698345698,-7.53283095267,-5.74224930948,2.7578716547,4.09016625811,1.29491744901,1.3322946034,-4.74494118356,-8.34921918519
2026-09-06T08:00:00Z,2026-09-06T10:00:00+02:00,2026-09-07T04:00:00Z,79804.68,79889.99,79752.7,79837.17,578.27369,46156988.4406,57346,200.20678,15983859.7283,30173128.7123,0.346293384128,0.0403107574713,0.172144642125,2496.8,2499.99,2491.95,2495.67,3982.366,9938632.63863,38699,2032.7302,5072445.52497,4866187.11366,0.510376599015,-0.0448575971547,0.322638897249,0.03129,0.0313,0.03124,0.03126,-0.0958772770853,0.192061459667,0.0312594998044,0.16001394415,2717316.48,27173.1648,-0.0542101381749,OKX_CONTRACT_OI_HISTORY,6015463.12,601546.312,0.903311676721,OKX_CONTRACT_OI_HISTORY,1.1,0.52380952381,0.47619047619,OKX_GLOBAL_ACCOUNT_RATIO,1.3,0.565217391304,0.434782608696,OKX_GLOBAL_ACCOUNT_RATIO,6.15200367402e-05,OKX_FUNDING_HISTORY,9.17749340908e-05,OKX_FUNDING_HISTORY,PRICE_UP_OI_DOWN,PRICE_DOWN_OI_UP,PASS,PASS,-0.0361104805411,-0.350178083723,-0.31887755102,-0.314067603182,-0.184694479336,0.829605873804,0.124583274965,0.733400605449,0.611522368845,0.608817330484,0.64854599106,3.43890032957,0.234990583804,1.5804855017,1.32901134522,1.3454949179,-0.409100134845,-0.114860063731,-1.61433869035,-1.24567200206,0.385356454721,0.368666688292,-6.63903641433,-3.66134874532,2.56133665385,3.82661657701,1.23056994819,1.26527992316,-4.74372295948,-6.99870677241
2026-09-06T09:00:00Z,2026-09-06T11:00:00+02:00,2026-09-07T04:00:00Z,79837.17,79990,79806.01,79885.77,684.16607,54666757.9777,76210,201.23602,16077200.862,38589557.1157,0.294094646487,0.0608739012167,0.230546546557,2495.66,2503.68,2493.88,2499.13,6705.0948,16755054.6887,57961,3657.6725,9140775.2874,7614279.40129,0.545553294647,0.138640124696,0.392961970905,0.03126,0.0313,0.03125,0.03129,0.0959692898272,0.16,0.0312837943479,1.9836635149,2722466.37,27224.6637,0.189521170534,OKX_CONTRACT_OI_HISTORY,6013737.59,601373.759,-0.0286849069735,OKX_CONTRACT_OI_HISTORY,1.11,0.526066350711,0.473933649289,OKX_GLOBAL_ACCOUNT_RATIO,1.31,0.5670995671,0.4329004329,OKX_GLOBAL_ACCOUNT_RATIO,,,,,PRICE_UP_OI_UP,PRICE_UP_OI_DOWN,PASS,PASS,-0.129217557436,-0.571712751144,-0.445434298441,-0.442495193708,0.0618877097028,0.326448715658,-0.0253422708327,0.402150157485,0.417201540436,0.427492428318,1.38761304021,4.34388782764,0.319585469429,1.65056639076,1.32772020725,1.33098092133,0.102586103296,-0.553923766537,-1.44449627378,-0.880487679122,0.546272493573,0.564008594656,-6.52274039857,-4.73672294969,2.92536620385,4.409712648,1.45914396887,1.48434644415,-4.79588047578,-7.23092093955
2026-09-06T10:00:00Z,2026-09-06T12:00:00+02:00,2026-09-07T04:00:00Z,79885.78,80020,79885.77,80003.93,223.38098,17863003.1867,43891,126.61939,10125572.6734,7737430.51327,0.566846043053,0.147911198703,0.168027422155,2499.12,2502.6,2497.73,2501.7,4781.604,11954163.963,30143,2300.122,5750074.87093,6204089.09208,0.481010206044,0.102835786854,0.194977039152,0.03129,0.0313,0.03124,0.03127,-0.0639181847236,0.192061459667,0.0312697138753,0.0915021785186,2713204.22,27132.0422,-0.340211732349,OKX_CONTRACT_OI_HISTORY,6020034.68,602003.468,0.104711752147,OKX_CONTRACT_OI_HISTORY,1.11,0.526066350711,0.473933649289,OKX_GLOBAL_ACCOUNT_RATIO,1.32,0.568965517241,0.431034482759,OKX_GLOBAL_ACCOUNT_RATIO,,,,,PRICE_UP_OI_DOWN,PRICE_UP_OI_UP,PASS,PASS,0.274839834479,-0.164018820262,-0.477402928071,-0.438858654741,-0.0472925286164,-0.0389792599944,0.275669341681,0.835153850495,0.546623794212,0.559484508813,0.935340888458,4.58472778761,0.484714450914,1.93753438054,1.4271813169,1.45281992963,-0.0949560396029,-0.191117655515,-1.44826971988,-0.98237892437,0.449726951494,0.465890795509,-6.68203308386,-4.45487437807,2.91763597453,4.37536245791,1.4271813169,1.45772648338,-5.32088769521,-7.45124490487
2026-09-06T11:00:00Z,2026-09-06T13:00:00+02:00,2026-09-07T04:00:00Z,80003.92,80003.93,79890,79919.17,224.08052,17914296.5827,56191,97.50315,7794236.9734,10120059.6093,0.435084734552,-0.105944795462,0.142608586807,2501.7,2504.25,2499.54,2501.93,4726.6657,11825592.8207,40750,2529.0929,6327033.16365,5498559.65705,0.535028836151,0.00919374825119,0.18843467198,0.03127,0.03131,0.03127,0.0313,0.0959385992965,0.127918132395,0.0313057555528,-1.83849668056,2713454.03,27134.5403,0.00920719487896,OKX_CONTRACT_OI_HISTORY,6021445.94,602144.594,0.0234427220941,OKX_CONTRACT_OI_HISTORY,1.11,0.526066350711,0.473933649289,OKX_GLOBAL_ACCOUNT_RATIO,1.31,0.5670995671,0.4329004329,OKX_GLOBAL_ACCOUNT_RATIO,,,,,PRICE_DOWN_OI_UP,PRICE_UP_OI_UP,PASS,PASS,0.143061211704,0.205864329799,0.0319590923618,0.0628031180959,-0.196275156693,1.00366743307,0.109505303341,0.870445180903,0.74026392018,0.760939877562,0.577026123397,4.23511083499,0.389263663734,1.96684965786,1.5574302401,1.57758599413,-0.0930039985567,-0.0489078372342,-1.6075004623,-0.835903005129,0.772698003863,0.771597457168,-6.66410008945,-4.5930648218,2.52831392669,3.93527750083,1.32729038524,1.40696357414,-5.67311912628,-7.08567802141
2026-09-06T12:00:00Z,2026-09-06T14:00:00+02:00,2026-09-07T04:00:00Z,79919.17,80010,79858.1,79922.04,269.79443,21572353.4792,62529,147.63136,11804248.8825,9768104.59668,0.547193373867,0.00359112838633,0.190212389225,2501.94,2504.99,2497.52,2500.47,4819.1622,12056029.6506,48939,2257.5909,5647794.07909,6408235.57148,0.46846219218,-0.0583549499786,0.29909670393,0.0313,0.03132,0.03126,0.03128,-0.0638977635783,0.191938579654,0.0312863635613,-2.03397281311,2707419.81,27074.1981,-0.222381508339,OKX_CONTRACT_OI_HISTORY,6028402.96,602840.296,0.115537365432,OKX_CONTRACT_OI_HISTORY,1.11,0.526066350711,0.473933649289,OKX_GLOBAL_ACCOUNT_RATIO,1.31,0.5670995671,0.4329004329,OKX_GLOBAL_ACCOUNT_RATIO,,,,,PRICE_UP_OI_DOWN,PRICE_DOWN_OI_UP,PASS,PASS,0.106303868236,0.192333120965,0.0639795265515,0.0860292527297,-0.364207484584,0.215109622349,0.0676616417088,0.41241667336,0.288554023726,0.344755031651,0.339569165485,3.76594707406,0.273386049959,1.68893913638,1.39384116694,1.41555308642,0.0396878341175,0.4328396032,0.589121045697,2.00837127331,1.39384116694,1.41925022762,-2.71116703088,2.28635894048,1.61426774371,3.18577789516,1.55844155844,1.57151015145,-5.76548699336,-7.05160807061
2026-09-06T13:00:00Z,2026-09-06T15:00:00+02:00,2026-09-07T04:00:00Z,79922.04,79968,79760.39,79829.98,380.28916,30363911.4176,64711,132.08906,10545211.2555,19818700.1621,0.347294230655,-0.115187249975,0.260292107398,2500.48,2500.94,2486.76,2494.85,7424.1827,18516465.7906,60291,3160.2168,7880162.26053,10636303.5301,0.425575936015,-0.224757745544,0.570219884508,0.03129,0.03129,0.03118,0.03126,-0.0639386189258,0.35279025016,0.0312520434052,2.54594384432,2703079.42,27030.7942,-0.160314628118,OKX_CONTRACT_OI_HISTORY,6029649.52,602964.952,0.0206781133954,OKX_CONTRACT_OI_HISTORY,1.12,0.528301886792,0.471698113208,OKX_GLOBAL_ACCOUNT_RATIO,1.3,0.565217391304,0.434782608696,OKX_GLOBAL_ACCOUNT_RATIO,,,,,PRICE_DOWN_OI_DOWN,PRICE_DOWN_OI_UP,PASS,PASS,-0.0698372188188,-0.17125959834,-0.0958772770853,-0.101422379521,-0.712109806521,0.264593021592,-0.151854770755,-0.427846757424,-0.223428024258,-0.275991986669,-0.0682606519686,2.8009681884,0.271699571192,1.65841533729,1.42764438676,1.38671576609,-0.00630870258109,1.27865842852,0.568553239806,1.73635040187,1.19779864034,1.16779716207,-3.08530952703,0.797811233024,1.25501455343,2.66154219664,1.39474537788,1.40652764321,-6.86124727243,-7.09628224889
2026-09-06T14:00:00Z,2026-09-06T16:00:00+02:00,2026-09-07T04:00:00Z,79829.99,79840.25,79233,79543.06,699.69504,55690696.4922,153997,316.34896,25180601.5623,30510094.9298,0.45215095426,-0.359413844273,0.766410460288,2494.84,2495.02,2460.92,2478.4,23430.2712,58121146.5788,161096,8580.1166,21277399.6912,36843746.8876,0.366087060281,-0.659358278053,1.38566064724,0.03125,0.03125,0.03108,0.03116,-0.319897632758,0.546975546976,0.0311579665152,0.652637185281,2660026.13,26600.2613,-1.59274972394,OKX_CONTRACT_OI_HISTORY,5972395.24,597239.524,-0.949545737444,OKX_CONTRACT_OI_HISTORY,1.06,0.514563106796,0.485436893204,OKX_GLOBAL_ACCOUNT_RATIO,1.26,0.557522123894,0.442477876106,OKX_GLOBAL_ACCOUNT_RATIO,,,,,PRICE_DOWN_OI_DOWN,PRICE_DOWN_OI_DOWN,PASS,PASS,-0.576059201092,-0.931366670664,-0.351774864087,-0.355307469572,-1.95997373172,-0.791348265123,-0.455803275997,-0.997850905576,-0.574345883854,-0.542047629579,-2.1314832431,0.322898587318,-0.221651445012,0.860307822534,1.07038598767,1.08195926755,-1.56113076255,0.375472363536,0.794962118443,1.56627789753,0.743614613644,0.77131577909,-3.75862719905,0.0263191489237,-1.25004391684,-0.444273055201,0.84142394822,0.805770861637,-7.60470036115,-5.6032441
2026-09-06T15:00:00Z,2026-09-06T17:00:00+02:00,2026-09-07T04:00:00Z,79543.07,79734.59,79383.32,79716.5,342.10102,27228734.46,83009,189.22071,15061023.4238,12167711.0362,0.553129762455,0.218045420933,0.442498499685,2478.4,2482.74,2470.12,2479.79,8155.8788,20209506.0775,86558,3822.5623,9473076.41067,10736429.6668,0.468743589,0.0560845706908,0.510906352728,0.03115,0.03116,0.03111,0.03112,-0.12836970475,0.160720025715,0.0311076126022,3.98211138847,2652419.66,26524.1966,-0.285954709776,OKX_CONTRACT_OI_HISTORY,5955834.22,595583.422,-0.277292766712,OKX_CONTRACT_OI_HISTORY,1.07,0.51690821256,0.48309178744,OKX_GLOBAL_ACCOUNT_RATIO,1.28,0.561403508772,0.438596491228,OKX_GLOBAL_ACCOUNT_RATIO,,,,,PRICE_UP_OI_DOWN,PRICE_UP_OI_DOWN,PASS,PASS,-0.25359372476,-0.884916844196,-0.575079872204,-0.631323119437,-2.24932389955,-1.08963396257,-0.389251213419,-1.19098849256,-0.796939751355,-0.801737279138,-2.6746195243,-0.0463773551712,-0.112159472701,0.804471544715,0.973393900065,0.916631017417,-1.76305673057,0.0378538591573,0.361541511177,1.13418543381,0.809847748623,0.772643922635,-4.81062655224,-1.17148355069,-2.00558096081,-1.46190464837,0.61429033301,0.543676312438,-8.80823728771,-5.19844925177
2026-09-06T16:00:00Z,2026-09-06T18:00:00+02:00,2026-09-07T04:00:00Z,79716.51,79786,79606.04,79682,222.29132,17716085.0135,66497,103.19794,8224445.64924,9491639.36423,0.464236068126,-0.0432783677156,0.226063248467,2479.78,2487.54,2475.26,2484.57,5831.7135,14471707.6728,51990,2547.024,6321040.5577,8150667.11508,0.436786086385,0.192758257756,0.496109499608,0.03111,0.03118,0.0311,0.03117,0.160668380463,0.257234726688,0.0311810697523,-3.55015153528,2652182.74,26521.8274,-0.00893222153235,OKX_CONTRACT_OI_HISTORY,5953934.32,595393.432,-0.0318998133565,OKX_CONTRACT_OI_HISTORY,1.05,0.512195121951,0.487804878049,OKX_GLOBAL_ACCOUNT_RATIO,1.29,0.563318777293,0.436681222707,OKX_GLOBAL_ACCOUNT_RATIO,1.65550422837e-05,OKX_FUNDING_HISTORY,2.47752870499e-05,OKX_FUNDING_HISTORY,PRICE_DOWN_OI_DOWN,PRICE_UP_OI_DOWN,PASS,PASS,-0.300342683945,-0.635880454475,-0.351662404092,-0.335537770529,-2.04021074958,-1.23529632133,-0.230398388501,-0.793390937695,-0.605867346939,-0.562992549194,-2.57725500942,-0.201723639839,-0.449763873966,0.5430669931,0.971817298348,0.992830867067,-1.23981186348,0.515446328721,-0.0799165046204,0.989338395191,1.07003891051,1.06925489981,-4.59171322447,-2.21816676235,-1.58994691449,-0.381702344342,1.16845180136,1.20824457015,-9.47449321437,-7.21162118538
2026-09-06T17:00:00Z,2026-09-06T19:00:00+02:00,2026-09-07T04:00:00Z,79682,79773.88,79584.73,79745.34,205.07571,16346218.6695,55849,102.59011,8177147.62184,8169071.04763,0.500247047173,0.0794909766321,0.237671221602,2484.57,2494.68,2480.45,2491.25,6966.9309,17343101.8303,65923,3170.5027,7892592.93218,9450508.89815,0.455085428743,0.268859400218,0.57368622629,0.03118,0.03127,0.03117,0.03126,0.288739172281,0.320821302534,0.0312400699527,6.37964234822,2645550.26,26455.5026,-0.250076282451,OKX_CONTRACT_OI_HISTORY,5988421.47,598842.147,0.57923296003,OKX_CONTRACT_OI_HISTORY,1.05,0.512195121951,0.487804878049,OKX_GLOBAL_ACCOUNT_RATIO,1.31,0.5670995671,0.4329004329,OKX_GLOBAL_ACCOUNT_RATIO,,,,,PRICE_UP_OI_DOWN,PRICE_UP_OI_UP,PASS,PASS,-0.106025330333,-0.14429725234,0,-0.0382719220065,-2.12828226852,-0.683755330442,-0.304778911835,-0.88521981301,-0.54088450525,-0.580440901175,-2.76509713268,-0.0958970180641,-0.391288381261,0.412735136094,0.871248789932,0.804023517355,-1.77875463106,1.77754272771,0.343667258823,1.87661530409,1.55945419103,1.53294804526,-4.67200423637,-1.20159263306,-1.59998519286,-0.369527572596,1.29617627997,1.23045762027,-10.4910416548,-6.31736532286
2026-09-06T18:00:00Z,2026-09-06T20:00:00+02:00,2026-09-07T04:00:00Z,79745.34,79970,79745.34,79955.34,218.34399,17444740.6021,47227,105.88569,8459156.97365,8985583.62846,0.484911594078,0.263338271553,0.281721790891,2491.25,2500,2491.25,2494.15,7061.5264,17622825.6766,65587,2414.6236,6025595.64187,11597230.0347,0.341919948166,0.116407425991,0.351229302559,0.03125,0.03126,0.0312,0.03121,-0.159948816379,0.192307692308,0.031194289212,5.03643084818,2632611.86,26326.1186,-0.489062717712,OKX_CONTRACT_OI_HISTORY,5958577.34,595857.734,-0.498363886869,OKX_CONTRACT_OI_HISTORY,1.06,0.514563106796,0.485436893204,OKX_GLOBAL_ACCOUNT_RATIO,1.31,0.5670995671,0.4329004329,OKX_GLOBAL_ACCOUNT_RATIO,,,,,PRICE_UP_OI_DOWN,PRICE_UP_OI_DOWN,PASS,PASS,0.518310459769,0.635490639122,0.160462130937,0.117180179353,-1.03060153022,-0.231362785695,0.213938395418,-0.465318599575,-0.6683640993,-0.679256994993,-3.01626350549,-1.05946149389,-0.05580001395,0.550292279782,0.64495324089,0.606092293732,-2.50244642725,1.63146601022,0.42350896121,1.77130172927,1.39701104613,1.34779276806,-5.07109368147,-1.42756509269,-1.59865961588,-0.742199936326,0.937904269082,0.856459679557,-10.6865237071,-6.94767810579
2026-09-06T19:00:00Z,2026-09-06T21:00:00+02:00,2026-09-07T04:00:00Z,79955.34,79955.34,79799.52,79829.99,213.50154,17046264.4581,28891,59.84805,4777829.9875,12268434.4706,0.28028604151,-0.156775019655,0.195264332417,2494.15,2494.42,2488.88,2490.42,7349.0752,18308098.3689,39311,1861.2876,4636918.25723,13671180.1116,0.253271430151,-0.149549946876,0.222590080679,0.0312,0.03121,0.03119,0.0312,-0.032041012496,0.0641231163835,0.031196546561,1.10699400101,2629104.24,26291.0424,-0.133237263468,OKX_CONTRACT_OI_HISTORY,5949077.95,594907.795,-0.159423792928,OKX_CONTRACT_OI_HISTORY,1.06,0.514563106796,0.485436893204,OKX_GLOBAL_ACCOUNT_RATIO,1.3,0.565217391304,0.434782608696,OKX_GLOBAL_ACCOUNT_RATIO,,,,,PRICE_DOWN_OI_DOWN,PRICE_DOWN_OI_DOWN,PASS,PASS,0.142367013103,0.428665330532,0.25706940874,0.286298317429,-0.879024550738,-0.113439524178,0.0313138274544,-0.255127583818,-0.287631831256,-0.286441411272,-3.29875013459,-0.210232428794,0.0952804874991,0.518653357927,0.450740502254,0.423372870428,-2.45785405859,2.03713239191,0.0459311516475,1.40807218711,1.36452241715,1.36214103547,-4.76546870941,-1.32979750003,-2.35509796844,-1.10238346742,1.33160116921,1.25271450102,-10.6181754443,-6.3821786081
2026-09-06T20:00:00Z,2026-09-06T22:00:00+02:00,2026-09-07T04:00:00Z,79830,79973.56,79776.59,79912,235.83849,18845196.4736,39222,145.83788,11654181.4685,7191015.00509,0.618416554311,0.102730815825,0.246902004711,2490.42,2500,2488.55,2499.44,8435.5074,21044738.0799,48316,2844.1036,7095891.36281,13948846.7171,0.337181262882,0.362187904048,0.460107291395,0.0312,0.03128,0.03119,0.03128,0.25641025641,0.288554023726,0.0312774051457,0.829625836187,2620239.29,26202.3929,-0.337185185172,OKX_CONTRACT_OI_HISTORY,5909504.51,590950.451,-0.665202916025,OKX_CONTRACT_OI_HISTORY,1.08,0.519230769231,0.480769230769,OKX_GLOBAL_ACCOUNT_RATIO,1.3,0.565217391304,0.434782608696,OKX_GLOBAL_ACCOUNT_RATIO,,,,,PRICE_UP_OI_DOWN,PRICE_UP_OI_DOWN,PASS,PASS,0.288647373309,0.598493904378,0.352903432788,0.309846531069,-1.20442115538,-0.746226068547,0.093728272182,0.151061638758,0.0639795265515,0.0573333665763,-3.57253896315,-1.76143728066,0.218428316898,0.885570131181,0.675893144512,0.667141814283,-2.94716253031,1.61688897646,0.269721435075,1.96884765705,1.69050715215,1.69912622197,-5.09358310798,-1.59589751637,-1.91597216256,-0.227133921194,1.69050715215,1.68883824136,-11.3605370336,-6.98582202628
2026-09-06T21:00:00Z,2026-09-06T23:00:00+02:00,2026-09-07T04:00:00Z,79912,80034,79875.24,79944.38,381.14031,30474007.8906,77819,228.06685,18234050.0102,12239957.8804,0.598347617276,0.0405195715287,0.198759966167,2499.43,2515.69,2499.36,2508.09,10414.4886,26121027.0369,95966,5353.8812,13427789.0627,12693237.9741,0.514060532298,0.346077521365,0.653367262019,0.03128,0.03143,0.03128,0.03137,0.287723785166,0.479539641944,0.0313729370345,-0.936168159835,2614211.42,26142.1142,-0.230050363072,OKX_CONTRACT_OI_HISTORY,5864367.7,586436.77,-0.763800246258,OKX_CONTRACT_OI_HISTORY,1.08,0.519230769231,0.480769230769,OKX_GLOBAL_ACCOUNT_RATIO,1.31,0.5670995671,0.4329004329,OKX_GLOBAL_ACCOUNT_RATIO,,,,,PRICE_UP_OI_DOWN,PRICE_UP_OI_DOWN,PASS,PASS,0.249594521761,0.675965880582,0.351887396033,0.426371358821,-1.18458683147,-2.07156043745,0.0733672592753,0.358524766619,0.255672738894,0.285157507343,-3.9763558218,-2.4838112366,0.0480063955131,0.762116732018,0.673940949936,0.714110336505,-2.6439192135,1.75218261707,0.402366120768,2.29586426299,1.85064935065,1.89349814222,-5.19451634306,-2.32949127073,-2.01693835029,-0.123447449217,1.91682910981,1.89349090107,-11.0643479563,-6.81657050564
2026-09-06T22:00:00Z,2026-09-07T00:00:00+02:00,2026-09-07T04:00:00Z,79944.39,80093.79,79647.04,80055.17,486.73578,38880061.9138,110060,311.01629,24844744.8128,14035317.1011,0.639009908673,0.138583850422,0.560912244824,2508.08,2510.89,2488.8,2508.32,12177.0217,30467283.1438,84299,5852.1054,14642299.5394,15824983.6044,0.480590916829,0.00917032482886,0.887576342012,0.03137,0.03137,0.03126,0.03133,-0.127510360217,0.351887396033,0.0313323923989,-0.763554490658,2615859.4,26158.594,0.0630392778255,OKX_CONTRACT_OI_HISTORY,5854619.95,585461.995,-0.16621996605,OKX_CONTRACT_OI_HISTORY,1.06,0.514563106796,0.485436893204,OKX_GLOBAL_ACCOUNT_RATIO,1.3,0.565217391304,0.434782608696,OKX_GLOBAL_ACCOUNT_RATIO,,,,,PRICE_UP_OI_UP,PRICE_UP_OI_DOWN,PASS,PASS,0.124857201533,0.568129422849,0.384492149952,0.443272221317,-0.636343710766,-1.74466796465,0.0640468536983,0.26462005836,0.191877198593,0.200573204662,-3.58781765421,-2.74773716088,0.339892752919,1.10198389346,0.739549839228,0.762091140542,-2.68603509128,1.71101435759,0.526243817345,2.3256952405,1.78687459389,1.79945142316,-4.99280354444,-2.40295797946,-1.33698545723,0.471853044614,1.78687459389,1.80883850185,-10.8837912427,-6.31521456405
2026-09-06T23:00:00Z,2026-09-07T01:00:00+02:00,2026-09-07T04:00:00Z,80055.18,80559.99,80010,80341.83,896.09908,71964132.8826,170988,570.60772,45829181.5119,26134951.3707,0.636833651378,0.358078060418,0.687401574803,2508.33,2526.2,2506.79,2514.48,12892.1462,32447614.1333,118618,7448.9195,18750945.6571,13696668.4763,0.577883649011,0.245582700772,0.774297009323,0.03134,0.0314,0.03128,0.0313,-0.0957548675391,0.383631713555,0.0312972706746,0.872064999524,2586369.78,25863.6978,-1.12733964218,OKX_CONTRACT_OI_HISTORY,5804247.47,580424.747,-0.860388555196,OKX_CONTRACT_OI_HISTORY,1.07,0.51690821256,0.48309178744,OKX_GLOBAL_ACCOUNT_RATIO,1.26,0.557522123894,0.442477876106,OKX_GLOBAL_ACCOUNT_RATIO,,,,,PRICE_UP_OI_DOWN,PRICE_UP_OI_DOWN,PASS,PASS,0.641162550565,0.96610210326,0.320512820513,0.324939552694,-1.62543802371,-2.43450298042,0.528859346262,0.501612754953,0,-0.0272465913088,-4.68348638285,-3.60708162399,0.638943778634,1.37642419991,0.74026392018,0.737480421274,-4.13348519937,0.475265306315,0.85495030992,2.38736079158,1.52448913396,1.53241048166,-6.07901798467,-3.56893099503,-1.14253201997,0.277964993161,1.42579390797,1.42049701313,-11.9855987918,-6.90753093631
