timestamp_utc,timestamp_copenhagen,source_window_end_utc,btc_open,btc_high,btc_low,btc_close,btc_volume,btc_quote_volume,btc_trade_count,btc_taker_buy_base_volume,btc_taker_buy_quote_volume,btc_taker_sell_quote_volume,btc_taker_buy_quote_share,btc_return_1h_pct,btc_range_1h_pct,eth_open,eth_high,eth_low,eth_close,eth_volume,eth_quote_volume,eth_trade_count,eth_taker_buy_base_volume,eth_taker_buy_quote_volume,eth_taker_sell_quote_volume,eth_taker_buy_quote_share,eth_return_1h_pct,eth_range_1h_pct,ethbtc_open,ethbtc_high,ethbtc_low,ethbtc_close,ethbtc_return_1h_pct,ethbtc_range_1h_pct,derived_ethbtc_close,ethbtc_direct_minus_derived_bps,btc_open_interest,btc_open_interest_value,btc_oi_change_1h_pct,btc_open_interest_source,eth_open_interest,eth_open_interest_value,eth_oi_change_1h_pct,eth_open_interest_source,btc_long_short_ratio,btc_long_account,btc_short_account,btc_long_short_source,eth_long_short_ratio,eth_long_account,eth_short_account,eth_long_short_source,btc_funding_event_rate,btc_funding_source,eth_funding_event_rate,eth_funding_source,btc_price_oi_state,eth_price_oi_state,spot_status,derivatives_status,btc_return_4h_pct,eth_return_4h_pct,ethbtc_return_4h_pct,eth_minus_btc_return_4h_pct,btc_oi_change_4h_pct,eth_oi_change_4h_pct,btc_return_12h_pct,eth_return_12h_pct,ethbtc_return_12h_pct,eth_minus_btc_return_12h_pct,btc_oi_change_12h_pct,eth_oi_change_12h_pct,btc_return_24h_pct,eth_return_24h_pct,ethbtc_return_24h_pct,eth_minus_btc_return_24h_pct,btc_oi_change_24h_pct,eth_oi_change_24h_pct,btc_return_48h_pct,eth_return_48h_pct,ethbtc_return_48h_pct,eth_minus_btc_return_48h_pct,btc_oi_change_48h_pct,eth_oi_change_48h_pct,btc_return_72h_pct,eth_return_72h_pct,ethbtc_return_72h_pct,eth_minus_btc_return_72h_pct,btc_oi_change_72h_pct,eth_oi_change_72h_pct
2026-09-07T00:00:00Z,2026-09-07T02:00:00+02:00,2026-09-07T23:00:00Z,80341.83,80443.99,80059.11,80160.01,473.2372,37966264.1838,121749,229.77083,18433581.7422,19532682.4416,0.485525298274,-0.226308014144,0.480744789694,2514.48,2522.52,2509.38,2513.17,8399.6048,21120705.1899,113803,4048.0939,10178379.6238,10942325.5661,0.481914762422,-0.0520982469536,0.523635320278,0.03129,0.03141,0.03127,0.03135,0.159744408946,0.447713463383,0.0313519172465,-0.611524488993,2605682.96,26056.8296,0.74672926313,OKX_CONTRACT_OI_HISTORY,5889254.32,588925.432,1.46456281265,OKX_CONTRACT_OI_HISTORY,1.06,0.514563106796,0.485436893204,OKX_GLOBAL_ACCOUNT_RATIO,1.22,0.54954954955,0.45045045045,OKX_GLOBAL_ACCOUNT_RATIO,-1.5852940202e-06,OKX_FUNDING_HISTORY,6.64078500437e-05,OKX_FUNDING_HISTORY,PRICE_DOWN_OI_UP,PRICE_DOWN_OI_UP,PASS,PASS,,,,,,,,,,,,,,,,,,,,,,,,,,,,,,
2026-09-07T01:00:00Z,2026-09-07T03:00:00+02:00,2026-09-07T23:00:00Z,80160.01,80243.81,79826.28,79926.14,429.2219,34325488.7979,104614,189.05697,15118871.0587,19206617.7392,0.44045610385,-0.29175395562,0.523048299382,2513.17,2516.34,2499.36,2503.87,11036.6179,27655964.0976,101268,5194.4657,13016675.3475,14639288.7501,0.470664313186,-0.370050573578,0.679373919723,0.03135,0.03136,0.03131,0.03133,-0.0637958532696,0.159693388694,0.0313272979278,0.862529604171,2621687.58,26216.8758,0.614219774458,OKX_CONTRACT_OI_HISTORY,5952850.75,595285.075,1.07987236659,OKX_CONTRACT_OI_HISTORY,1.05,0.512195121951,0.487804878049,OKX_GLOBAL_ACCOUNT_RATIO,1.21,0.547511312217,0.452488687783,OKX_GLOBAL_ACCOUNT_RATIO,,,,,PRICE_DOWN_OI_UP,PRICE_DOWN_OI_UP,PASS,PASS,,,,,,,,,,,,,,,,,,,,,,,,,,,,,,
2026-09-07T02:00:00Z,2026-09-07T04:00:00+02:00,2026-09-08T04:00:00Z,79926.14,80426,79800,79874.24,411.23362,32931377.8874,116777,205.03549,16420446.1903,16510931.6971,0.49862615061,-0.0649349511937,0.784461152882,2503.87,2536.64,2498.56,2511.77,17172.5062,43291792.6656,142826,10075.209,25410403.9652,17881388.7004,0.586956612342,0.315511588062,1.52407786885,0.03133,0.03153,0.03131,0.03145,0.383019470156,0.702650910252,0.0314465589907,1.09424031659,2619303.34,26193.0334,-0.0909429490452,OKX_CONTRACT_OI_HISTORY,5955234.63,595523.463,0.0400460233275,OKX_CONTRACT_OI_HISTORY,1.06,0.514563106796,0.485436893204,OKX_GLOBAL_ACCOUNT_RATIO,1.18,0.54128440367,0.45871559633,OKX_GLOBAL_ACCOUNT_RATIO,,,,,UNAVAILABLE,UNAVAILABLE,PASS,PASS,,,,,,,,,,,,,,,,,,,,,,,,,,,,,,
2026-09-07T03:00:00Z,2026-09-07T05:00:00+02:00,2026-09-08T04:00:00Z,79874.25,79986.02,79568.6,79596.39,424.23144,33824701.8161,109936,188.50547,15030791.1969,18793910.6192,0.444373206263,-0.347859334874,0.524603926675,2511.76,2516.23,2496.72,2497.43,12570.1104,31479200.9109,105566,6543.6197,16391282.2598,15087918.6511,0.52070198053,-0.570912145618,0.781425229902,0.03144,0.03146,0.03136,0.03138,-0.222575516693,0.31887755102,0.0313761717083,1.22012709065,2647910.05,26479.1005,1.09214956371,OKX_CONTRACT_OI_HISTORY,6043469.36,604346.936,1.48163314264,OKX_CONTRACT_OI_HISTORY,1.07,0.51690821256,0.48309178744,OKX_GLOBAL_ACCOUNT_RATIO,1.25,0.555555555556,0.444444444444,OKX_GLOBAL_ACCOUNT_RATIO,,,,,PRICE_DOWN_OI_UP,PRICE_DOWN_OI_UP,PASS,PASS,,,,,,,,,,,,,,,,,,,,,,,,,,,,,,
2026-09-07T04:00:00Z,2026-09-07T06:00:00+02:00,2026-09-08T04:00:00Z,79596.38,79732.15,79540.38,79724,680.36024,54186052.2769,99575,377.76662,30085510.7753,24100541.5015,0.555226105449,0.160321341207,0.241097666368,2497.43,2499.89,2492.39,2498.33,10256.4757,25610679.6515,66399,5348.6525,13355448.0661,12255231.5854,0.521479642394,0.0360370460834,0.300915988268,0.03138,0.03139,0.03132,0.03134,-0.12746972594,0.22349936143,0.0313372384727,0.881228660745,2651297.26,26512.9726,0.127920130822,OKX_CONTRACT_OI_HISTORY,6045871.57,604587.157,0.0397488571035,OKX_CONTRACT_OI_HISTORY,1.11,0.526066350711,0.473933649289,OKX_GLOBAL_ACCOUNT_RATIO,1.29,0.563318777293,0.436681222707,OKX_GLOBAL_ACCOUNT_RATIO,,,,,PRICE_UP_OI_UP,PRICE_UP_OI_UP,PASS,PASS,-0.543924582844,-0.590489302355,-0.0318979266348,-0.0465647195115,1.75056983909,2.6593731819,,,,,,,,,,,,,,,,,,,,,,,,
2026-09-07T05:00:00Z,2026-09-07T07:00:00+02:00,2026-09-08T04:00:00Z,79724.01,79926.04,79666.79,79759.47,625.29002,49885698.6367,102592,394.34943,31460345.2516,18425353.3851,0.630648584893,0.044490993929,0.325417906257,2498.33,2514.03,2497.25,2504.8,11248.4805,28204949.2587,76032,6586.1583,16516200.9775,11688748.2812,0.585578113472,0.25897299396,0.671939133046,0.03133,0.03147,0.03133,0.03141,0.22335673261,0.446856048516,0.0314044213182,1.77640011179,2649939.89,26499.3989,-0.051196447131,OKX_CONTRACT_OI_HISTORY,6024255.72,602425.572,-0.357530750525,OKX_CONTRACT_OI_HISTORY,1.11,0.526066350711,0.473933649289,OKX_GLOBAL_ACCOUNT_RATIO,1.27,0.559471365639,0.440528634361,OKX_GLOBAL_ACCOUNT_RATIO,,,,,PRICE_UP_OI_DOWN,PRICE_UP_OI_DOWN,PASS,PASS,-0.208530025346,0.0371425034047,0.255346313438,0.245672528751,1.07763832028,1.19950882357,,,,,,,,,,,,,,,,,,,,,,,,
2026-09-07T06:00:00Z,2026-09-07T08:00:00+02:00,2026-09-08T04:00:00Z,79759.47,79825.7,79644.55,79659.27,564.03546,44964859.6135,68685,272.02991,21688592.3642,23276267.2492,0.482345381497,-0.12562771543,0.227448080252,2504.81,2510,2497.69,2497.74,7795.5507,19507617.9445,57094,2370.8175,5935907.18486,13571710.7597,0.304286622884,-0.281858831044,0.492855398388,0.03141,0.03145,0.03135,0.03135,-0.191021967526,0.318979266348,0.0313552961256,-1.6890689183,2654583.35,26545.8335,0.17522888038,OKX_CONTRACT_OI_HISTORY,6058531.34,605853.134,0.568960243275,OKX_CONTRACT_OI_HISTORY,1.11,0.526066350711,0.473933649289,OKX_GLOBAL_ACCOUNT_RATIO,1.27,0.559471365639,0.440528634361,OKX_GLOBAL_ACCOUNT_RATIO,,,,,PRICE_DOWN_OI_UP,PRICE_DOWN_OI_UP,PASS,PASS,-0.269135581134,-0.558570251257,-0.317965023847,-0.289434670124,1.34692341514,1.73455315227,,,,,,,,,,,,,,,,,,,,,,,,
2026-09-07T07:00:00Z,2026-09-07T09:00:00+02:00,2026-09-08T09:00:00Z,79659.28,79691.06,79001.1,79397.83,867.88528,68877500.2332,165782,395.22066,31362734.9641,37514765.269,0.455340784116,-0.328210347872,0.873354927969,2497.75,2502,2475.12,2489.35,22000.8597,54766495.8645,156302,8874.5589,22091451.2148,32675044.6498,0.403375291153,-0.336302672405,1.08600795113,0.03136,0.03141,0.03131,0.03134,-0.0637755102041,0.319386777387,0.0313528719866,-4.10552071826,2679775.44,26797.7544,0.949003541366,OKX_CONTRACT_OI_HISTORY,6015573.46,601557.346,-0.709047747535,OKX_CONTRACT_OI_HISTORY,1.1,0.52380952381,0.47619047619,OKX_GLOBAL_ACCOUNT_RATIO,1.32,0.568965517241,0.431034482759,OKX_GLOBAL_ACCOUNT_RATIO,,,,,UNAVAILABLE,UNAVAILABLE,PASS,PASS,-0.249458549565,-0.323532591504,-0.12746972594,-0.0740740419392,1.20341663419,-0.461587514361,,,,,,,,,,,,,,,,,,,,,,,,
2026-09-07T08:00:00Z,2026-09-07T10:00:00+02:00,2026-09-08T09:00:00Z,79397.83,79530.47,79397.83,79437.38,367.39664,29196044.6255,83201,187.12879,14870100.2016,14325944.4239,0.509318998252,0.0498124444963,0.167057462402,2489.34,2494,2488.85,2491.56,8887.7926,22141960.0369,82124,4178.3946,10409749.4148,11732210.6221,0.470136762846,0.0887781951112,0.206922876027,0.03134,0.03137,0.03132,0.03136,0.0638162093172,0.159642401022,0.031365082786,-1.62052368797,2676881.83,26768.8183,-0.107979570109,OKX_CONTRACT_OI_HISTORY,6033840.77,603384.077,0.30366697575,OKX_CONTRACT_OI_HISTORY,1.1,0.52380952381,0.47619047619,OKX_GLOBAL_ACCOUNT_RATIO,1.34,0.57264957265,0.42735042735,OKX_GLOBAL_ACCOUNT_RATIO,3.22907364949e-05,OKX_FUNDING_HISTORY,4.57620286772e-05,OKX_FUNDING_HISTORY,PRICE_UP_OI_DOWN,PRICE_UP_OI_UP,PASS,PASS,-0.359515327881,-0.270981015318,0.0638162093172,0.088534312563,0.964983081527,-0.198991987519,,,,,,,,,,,,,,,,,,,,,,,,
2026-09-07T09:00:00Z,2026-09-07T11:00:00+02:00,2026-09-08T09:00:00Z,79437.39,79550,79291.15,79313.85,384.36999,30540975.3976,91965,157.76286,12533925.4963,18007049.9013,0.410397026719,-0.155506135776,0.326455096187,2491.56,2497.46,2484.42,2484.76,9354.9067,23308216.5416,80740,4564.9273,11377123.826,11931092.7156,0.48811644622,-0.272921382588,0.524870996047,0.03136,0.0314,0.03133,0.03133,-0.0956632653061,0.223428024258,0.0313281980386,0.575188348169,2672011.15,26720.1115,-0.181953493255,OKX_CONTRACT_OI_HISTORY,6066430.68,606643.068,0.540118827166,OKX_CONTRACT_OI_HISTORY,1.1,0.52380952381,0.47619047619,OKX_GLOBAL_ACCOUNT_RATIO,1.33,0.570815450644,0.429184549356,OKX_GLOBAL_ACCOUNT_RATIO,,,,,PRICE_DOWN_OI_DOWN,PRICE_DOWN_OI_UP,PASS,PASS,-0.558704815867,-0.800063877355,-0.254695956702,-0.241359061488,0.832896628459,0.700085819066,,,,,,,,,,,,,,,,,,,,,,,,
2026-09-07T10:00:00Z,2026-09-07T12:00:00+02:00,2026-09-08T09:00:00Z,79313.85,79459.5,79313.85,79360,340.14563,27008453.3915,71836,159.33397,12651153.7069,14357299.6846,0.468414593147,0.0581865588419,0.183637536193,2484.76,2492.64,2484.76,2489.01,9291.1203,23126057.3858,59031,4234.661,10539955.9871,12586101.3986,0.455761040947,0.171042676154,0.317133244257,0.03134,0.03138,0.03133,0.03136,0.0957548675391,0.159591445898,0.0313635332661,-1.12655232402,2678038.87,26780.3887,0.225587381999,OKX_CONTRACT_OI_HISTORY,6070385.74,607038.574,0.0651958327496,OKX_CONTRACT_OI_HISTORY,1.1,0.52380952381,0.47619047619,OKX_GLOBAL_ACCOUNT_RATIO,1.34,0.57264957265,0.42735042735,OKX_GLOBAL_ACCOUNT_RATIO,,,,,PRICE_UP_OI_UP,PRICE_UP_OI_UP,PASS,PASS,-0.375687600451,-0.34951596243,0.0318979266348,0.0261716380213,0.883585742373,0.195664581641,,,,,,,,,,,,,,,,,,,,,,,,
2026-09-07T11:00:00Z,2026-09-07T13:00:00+02:00,2026-09-08T09:00:00Z,79360,79487.01,79282,79420.16,322.16899,25579068.0187,76833,177.37066,14081830.9127,11497237.106,0.5505216571,0.0758064516129,0.258583284983,2489.01,2493.62,2486.42,2489.15,8585.6358,21381871.7524,51905,3717.354,9258112.74029,12123759.0121,0.432988881774,0.00562472629679,0.28957296032,0.03137,0.03138,0.03134,0.03135,-0.031887755102,0.127632418634,0.0313415384708,2.69978104976,2682016.88,26820.1688,0.148541906713,OKX_CONTRACT_OI_HISTORY,6082881.78,608288.178,0.205852486732,OKX_CONTRACT_OI_HISTORY,1.11,0.526066350711,0.473933649289,OKX_GLOBAL_ACCOUNT_RATIO,1.35,0.574468085106,0.425531914894,OKX_GLOBAL_ACCOUNT_RATIO,,,,,PRICE_UP_OI_UP,PRICE_UP_OI_UP,PASS,PASS,0.0281241943262,-0.00803422580191,0.0319081046586,-0.0361584201281,0.0836428294156,1.11890113964,,,,,,,,,,,,,,,,,,,,,,,,
2026-09-07T12:00:00Z,2026-09-07T14:00:00+02:00,2026-09-08T14:00:00Z,79420.16,79627.43,79400.48,79606.84,278.61012,22152377.8677,67308,147.62974,11738270.5028,10414107.3649,0.529887607232,0.235053668993,0.28582950632,2489.16,2507.6,2488.5,2505.48,11240.7024,28058394.7682,76557,5789.513,14464018.9452,13594375.8231,0.515497022002,0.655642867473,0.767530640948,0.03134,0.03148,0.03134,0.03148,0.44671346522,0.44671346522,0.0314731749181,2.16853936172,2687361.98,26873.6198,0.199294047694,OKX_CONTRACT_OI_HISTORY,6086632.09,608663.209,0.06165350792,OKX_CONTRACT_OI_HISTORY,1.13,0.530516431925,0.469483568075,OKX_GLOBAL_ACCOUNT_RATIO,1.38,0.579831932773,0.420168067227,OKX_GLOBAL_ACCOUNT_RATIO,,,,,UNAVAILABLE,UNAVAILABLE,PASS,PASS,0.213325263245,0.558686124356,0.382653061224,0.345360861111,0.391505888775,0.874920668482,-0.690082249241,-0.305988054927,0.414673046252,0.384094194315,3.13464919769,3.35149000663,,,,,,,,,,,,,,,,,,
2026-09-07T13:00:00Z,2026-09-07T15:00:00+02:00,2026-09-08T14:00:00Z,79606.84,79643.5,79318.92,79352.01,537.87474,42746963.6153,137687,260.04563,20665502.0305,22081461.5849,0.48343789319,-0.320110683956,0.409208799111,2505.48,2511.4,2495.7,2498.86,9727.2203,24353844.4636,102202,5445.3437,13634014.7103,10719829.7533,0.559830080656,-0.264220827945,0.629082021076,0.03148,0.03152,0.03147,0.03148,0,0.15888147442,0.0314908217196,-3.43646782933,2696960.73,26969.6073,0.357181134192,OKX_CONTRACT_OI_HISTORY,6088468.36,608846.836,0.0301689008445,OKX_CONTRACT_OI_HISTORY,1.13,0.530516431925,0.469483568075,OKX_GLOBAL_ACCOUNT_RATIO,1.31,0.5670995671,0.4329004329,OKX_GLOBAL_ACCOUNT_RATIO,,,,,PRICE_DOWN_OI_UP,PRICE_DOWN_OI_UP,PASS,PASS,0.0481126562385,0.567459231475,0.478774337696,0.519346575237,0.933737870068,0.363272592443,-0.718325694197,-0.200090260277,0.478774337696,0.51823543392,2.87117162908,2.2781960391,,,,,,,,,,,,,,,,,,
2026-09-07T14:00:00Z,2026-09-07T16:00:00+02:00,2026-09-08T14:00:00Z,79352,79396.36,78956.94,79191.95,729.96261,57753310.9315,176271,332.72571,26326785.315,31426525.6165,0.455848935592,-0.201708816198,0.556531192825,2498.87,2499.75,2476.4,2490.29,16693.8001,41493584.5519,159651,7217.4787,17938767.8627,23554816.6892,0.43232629951,-0.342956388113,0.942900985301,0.03148,0.03148,0.03136,0.03144,-0.12706480305,0.382653061224,0.0314462517971,-1.98808974055,2732348.46,27323.4846,1.31213367723,OKX_CONTRACT_OI_HISTORY,6119151.13,611915.113,0.503948911053,OKX_CONTRACT_OI_HISTORY,1.15,0.53488372093,0.46511627907,OKX_GLOBAL_ACCOUNT_RATIO,1.35,0.574468085106,0.425531914894,OKX_GLOBAL_ACCOUNT_RATIO,,,,,PRICE_DOWN_OI_UP,PRICE_DOWN_OI_UP,PASS,PASS,-0.211756552419,0.0514260689993,0.255102040816,0.263182621419,2.0279612297,0.803332639616,-0.854205310749,-0.855173841554,-0.0317965023847,-0.000968530805467,4.31584682361,2.75247761313,,,,,,,,,,,,,,,,,,
2026-09-07T15:00:00Z,2026-09-07T17:00:00+02:00,2026-09-08T14:00:00Z,79191.96,79191.96,78680,78821.99,790.15811,62344440.3684,198241,313.66666,24744877.1084,37599563.26,0.396905914339,-0.467168695808,0.650686324352,2490.29,2490.29,2466,2470.43,19585.8585,48475113.9442,188285,7336.5695,18161425.4281,30313688.5161,0.374654620699,-0.797497480213,0.98499594485,0.03144,0.03145,0.03134,0.03134,-0.318066157761,0.350989151244,0.0313418882218,-0.602459490857,2768876.08,27688.7608,1.3368580375,OKX_CONTRACT_OI_HISTORY,6196972.03,619697.203,1.27175973181,OKX_CONTRACT_OI_HISTORY,1.16,0.537037037037,0.462962962963,OKX_GLOBAL_ACCOUNT_RATIO,1.38,0.579831932773,0.420168067227,OKX_GLOBAL_ACCOUNT_RATIO,,,,,PRICE_DOWN_OI_UP,PRICE_DOWN_OI_UP,PASS,PASS,-0.753171486937,-0.752063957576,-0.0318979266348,0.00110752936143,3.23857767815,1.87559538598,-0.972908444717,-1.0811113825,-0.12746972594,-0.108202937784,4.56835873258,2.5399759783,,,,,,,,,,,,,,,,,,
2026-09-07T16:00:00Z,2026-09-07T18:00:00+02:00,2026-09-08T18:00:00Z,78822,79035.23,78807.69,79028.87,428.99902,33857734.9198,116982,225.81885,17820957.0172,16036777.9026,0.526348175961,0.26245210728,0.288728168533,2470.44,2483.03,2470.3,2482.8,9548.433,23643731.015,93607,5348.1314,13243814.638,10399916.3771,0.560140640644,0.50031573323,0.515322025665,0.03135,0.03141,0.03134,0.03141,0.191387559809,0.22335673261,0.0314163672086,-2.02671701305,2778298.52,27782.9852,0.340298363948,OKX_CONTRACT_OI_HISTORY,6209849.25,620984.925,0.207798581915,OKX_CONTRACT_OI_HISTORY,1.16,0.537037037037,0.462962962963,OKX_GLOBAL_ACCOUNT_RATIO,1.41,0.585062240664,0.414937759336,OKX_GLOBAL_ACCOUNT_RATIO,3.05689714203e-05,OKX_FUNDING_HISTORY,4.10905953666e-05,OKX_FUNDING_HISTORY,UNAVAILABLE,UNAVAILABLE,PASS,PASS,-0.726030577272,-0.905215767039,-0.222363405337,-0.179185189767,3.38385899171,2.02438981325,-0.87192062616,-0.62161523898,0.22335673261,0.250305387181,4.79015544262,2.71222565848,,,,,,,,,,,,,,,,,,
2026-09-07T17:00:00Z,2026-09-07T19:00:00+02:00,2026-09-08T18:00:00Z,79028.88,79223.53,79018,79185.73,251.37537,19889759.9996,82613,138.20501,10935310.2027,8954449.79681,0.549795985622,0.198484427273,0.260105292465,2482.81,2499.4,2482.23,2495.42,10696.2133,26638666.6911,84252,7114.6,17719224.1408,8919442.55031,0.66516933247,0.508297083937,0.691716722463,0.03142,0.03155,0.03142,0.03151,0.318369945877,0.413749204328,0.0315135062845,-1.11262913658,2763271.27,27632.7127,-0.540879602815,OKX_CONTRACT_OI_HISTORY,6121795.19,612179.519,-1.41797419639,OKX_CONTRACT_OI_HISTORY,1.19,0.543378995434,0.456621004566,OKX_GLOBAL_ACCOUNT_RATIO,1.38,0.579831932773,0.420168067227,OKX_GLOBAL_ACCOUNT_RATIO,,,,,PRICE_UP_OI_DOWN,PRICE_UP_OI_DOWN,PASS,PASS,-0.209547306993,-0.137662774225,0.0952986022872,0.0718845327682,2.45871359054,0.547376253426,-0.71933777895,-0.374480996487,0.318369945877,0.344856782463,4.27675285872,1.61911237725,,,,,,,,,,,,,,,,,,
2026-09-07T18:00:00Z,2026-09-07T20:00:00+02:00,2026-09-08T18:00:00Z,79185.74,79244,79096,79196.16,308.24543,24401395.831,75402,173.26171,13715638.7786,10685757.0524,0.56208418869,0.0131715651292,0.187114392637,2495.42,2497.31,2487.31,2491.79,5656.6396,14099385.1025,56619,3037.2573,7571072.1768,6528312.92569,0.536978891049,-0.145466494618,0.402040758892,0.03151,0.03152,0.03143,0.03147,-0.126943827356,0.286350620426,0.0314635204535,2.05938381645,2756668.63,27566.6863,-0.238942881637,OKX_CONTRACT_OI_HISTORY,6109745.67,610974.567,-0.196829845266,OKX_CONTRACT_OI_HISTORY,1.16,0.537037037037,0.462962962963,OKX_GLOBAL_ACCOUNT_RATIO,1.35,0.574468085106,0.425531914894,OKX_GLOBAL_ACCOUNT_RATIO,,,,,PRICE_UP_OI_DOWN,PRICE_DOWN_OI_DOWN,PASS,PASS,0.00531619691144,0.0602339486566,0.0954198473282,0.0549177517451,0.890083031357,-0.153705306507,-0.581363600244,-0.238215346673,0.382775119617,0.343148253571,3.84562345726,0.84532582446,,,,,,,,,,,,,,,,,,
2026-09-07T19:00:00Z,2026-09-07T21:00:00+02:00,2026-09-08T21:00:00Z,79196.15,79419.17,79150,79365.82,230.49171,18278183.4774,54302,121.62189,9644294.90341,8633888.57394,0.527639681228,0.214240212435,0.340075805433,2491.79,2497.74,2489.2,2495.98,7987.0792,19921556.7932,54076,3226.7514,8048488.83657,11873067.9566,0.404009030023,0.168152211864,0.343082114736,0.03146,0.03147,0.03144,0.03144,-0.0635727908455,0.0954198473282,0.0314490545174,-2.87910640309,2744177.47,27441.7747,-0.453125191184,OKX_CONTRACT_OI_HISTORY,6108804.49,610880.449,-0.0154045692053,OKX_CONTRACT_OI_HISTORY,1.16,0.537037037037,0.462962962963,OKX_GLOBAL_ACCOUNT_RATIO,1.34,0.57264957265,0.42735042735,OKX_GLOBAL_ACCOUNT_RATIO,,,,,UNAVAILABLE,UNAVAILABLE,PASS,PASS,0.689947056653,1.03423290682,0.319081046586,0.344285850169,-0.892008500431,-1.42275194358,-0.0403159632952,0.266334585334,0.319081046586,0.306650548629,2.40326219275,1.54982780312,,,,,,,,,,,,,,,,,,
2026-09-07T20:00:00Z,2026-09-07T22:00:00+02:00,2026-09-08T21:00:00Z,79365.81,79394.92,79168.01,79238,212.62445,16848872.1492,55043,94.80666,7512030.60344,9336841.54574,0.445847682677,-0.161051697066,0.286618294435,2495.98,2497.3,2487.1,2494.76,10885.0718,27124577.2201,55411,4091.9575,10197196.8054,16927380.4147,0.375939382304,-0.0488785967836,0.41011619959,0.03145,0.03149,0.03141,0.03149,0.15903307888,0.254695956702,0.0314843888034,1.78221552374,2736328.63,27363.2863,-0.28601794475,OKX_CONTRACT_OI_HISTORY,6117246.54,611724.654,0.138194797588,OKX_CONTRACT_OI_HISTORY,1.15,0.53488372093,0.46511627907,OKX_GLOBAL_ACCOUNT_RATIO,1.34,0.57264957265,0.42735042735,OKX_GLOBAL_ACCOUNT_RATIO,,,,,PRICE_DOWN_OI_DOWN,PRICE_DOWN_OI_UP,PASS,PASS,0.264624813692,0.481714193652,0.254695956702,0.217089379961,-1.51063284589,-1.4912231565,-0.250990150984,0.128433591806,0.414540816327,0.37942374279,2.22074801113,1.3822998183,,,,,,,,,,,,,,,,,,
2026-09-07T21:00:00Z,2026-09-07T23:00:00+02:00,2026-09-08T21:00:00Z,79238,79278,79164,79164,163.69203,12967374.9926,47873,77.55435,6143738.83408,6823636.15857,0.473784311595,-0.093389535324,0.14400485069,2494.76,2496.69,2490.3,2491.09,5497.8201,13708315.7842,35962,2106.2765,5251761.18823,8456554.59601,0.383107689587,-0.147108339079,0.256595590893,0.03149,0.03151,0.03144,0.03146,-0.0952683391553,0.222646310433,0.0314674599565,-2.37068913608,2736249.49,27362.4949,-0.00289219646835,OKX_CONTRACT_OI_HISTORY,6111133.34,611113.334,-0.0999338503038,OKX_CONTRACT_OI_HISTORY,1.15,0.53488372093,0.46511627907,OKX_GLOBAL_ACCOUNT_RATIO,1.33,0.570815450644,0.429184549356,OKX_GLOBAL_ACCOUNT_RATIO,,,,,PRICE_DOWN_OI_DOWN,PRICE_DOWN_OI_DOWN,PASS,PASS,-0.027441813064,-0.173517884765,-0.158679784196,-0.146076071701,-0.977890961824,-0.174162148015,-0.188932954333,0.25475297413,0.414937759336,0.443685928463,2.40411945886,0.736885697011,,,,,,,,,,,,,,,,,,
2026-09-07T22:00:00Z,2026-09-08T00:00:00+02:00,2026-09-09T00:00:00Z,79164.01,79218.18,78781.07,78952.19,458.00504,36197420.9851,136205,202.82944,16032610.4122,20164810.5729,0.442921345662,-0.267571084385,0.554841410506,2491.1,2492.13,2475.31,2483.06,7447.757,18506687.8419,75599,2824.9839,7020030.00345,11486657.8385,0.379323953773,-0.322748986392,0.679510849146,0.03146,0.03147,0.03139,0.03145,-0.0317863954228,0.254858235107,0.0314501725665,-0.0548697977487,2714500.06,27145.0006,-0.794862825173,OKX_CONTRACT_OI_HISTORY,6063016.98,606301.698,-0.787355754211,OKX_CONTRACT_OI_HISTORY,1.17,0.539170506912,0.460829493088,OKX_GLOBAL_ACCOUNT_RATIO,1.34,0.57264957265,0.42735042735,OKX_GLOBAL_ACCOUNT_RATIO,,,,,UNAVAILABLE,UNAVAILABLE,PASS,PASS,-0.308057865432,-0.35035055121,-0.063552589768,-0.0422926857783,-1.52969310642,-0.764822179579,-0.513873487903,-0.239050867614,0.286989795918,0.274822620289,1.36148845368,-0.121388661538,,,,,,,,,,,,,,,,,,
2026-09-07T23:00:00Z,2026-09-08T01:00:00+02:00,2026-09-09T00:00:00Z,78952.18,79210,78938.38,79112.01,292.83991,23158354.5261,103131,158.65937,12545707.9365,10612646.5896,0.541735723166,0.202426303818,0.344091175927,2483.06,2493.91,2482.25,2490.16,4881.9264,12144918.4803,51165,2273.9329,5656775.64057,6488142.83972,0.465773043249,0.285937512585,0.469735119347,0.03145,0.03149,0.03143,0.03148,0.0953895071542,0.190900413618,0.031476383927,1.1488209593,2717097.42,27170.9742,0.0956846543595,OKX_CONTRACT_OI_HISTORY,6090812.41,609081.241,0.458442225903,OKX_CONTRACT_OI_HISTORY,1.18,0.54128440367,0.45871559633,OKX_GLOBAL_ACCOUNT_RATIO,1.34,0.57264957265,0.42735042735,OKX_GLOBAL_ACCOUNT_RATIO,,,,,PRICE_UP_OI_UP,PRICE_UP_OI_UP,PASS,PASS,-0.319797615649,-0.233174945312,0.127226463104,0.0866226703366,-0.986818465498,-0.294527022913,-0.387999721985,0.0405761002752,0.414673046252,0.42857582226,1.30799102204,0.130376198105,,,,,,,,,,,,,,,,,,
2026-09-08T00:00:00Z,2026-09-08T02:00:00+02:00,2026-09-09T00:00:00Z,79112,79313.09,78972.51,79313.08,445.07914,35211429.1671,150957,202.99995,16059762.2326,19151666.9344,0.456095154685,0.254158629012,0.431263993002,2490.16,2495.72,2483.45,2495.71,6506.1821,16199250.3876,73119,3517.1966,8757433.2948,7441817.09279,0.54060731733,0.222877244836,0.494070748354,0.03147,0.03148,0.03144,0.03146,-0.0635324015248,0.127226463104,0.0314665626401,-2.08559167531,2715250.67,27152.5067,-0.0679677506742,OKX_CONTRACT_OI_HISTORY,6098889.68,609888.968,0.132614000502,OKX_CONTRACT_OI_HISTORY,1.17,0.539170506912,0.460829493088,OKX_GLOBAL_ACCOUNT_RATIO,1.34,0.57264957265,0.42735042735,OKX_GLOBAL_ACCOUNT_RATIO,2.95277728935e-05,OKX_FUNDING_HISTORY,5.0312368003e-05,OKX_FUNDING_HISTORY,PRICE_UP_OI_DOWN,PRICE_UP_OI_UP,PASS,PASS,0.0947525177314,0.0380798152928,-0.0952683391553,-0.0566727024385,-0.770300751485,-0.300083703999,-0.369013516929,-0.389945240034,-0.0635324015248,-0.0209317231049,1.03777199378,0.2013854266,-1.05654926939,-0.694740109105,0.350877192982,0.361809160287,4.20495170295,3.55962484568,,,,,,,,,,,,
2026-09-08T01:00:00Z,2026-09-08T03:00:00+02:00,2026-09-09T00:00:00Z,79313.09,79463.06,79266.48,79441.99,454.81703,36091673.9258,169048,220.19477,17473412.6941,18618261.2317,0.484139714053,0.162533090381,0.247998901932,2495.71,2505.46,2493.48,2504.31,8067.833,20167267.9881,94967,4355.4282,10888214.8113,9279053.1768,0.539895379867,0.344591318703,0.48045302148,0.03146,0.03155,0.03146,0.03152,0.190718372537,0.286077558805,0.0315237571466,-1.1918460574,2705317.44,27053.1744,-0.365831048667,OKX_CONTRACT_OI_HISTORY,6086558.12,608655.812,-0.202193524511,OKX_CONTRACT_OI_HISTORY,1.19,0.543378995434,0.456621004566,OKX_GLOBAL_ACCOUNT_RATIO,1.3,0.565217391304,0.434782608696,OKX_GLOBAL_ACCOUNT_RATIO,,,,,PRICE_UP_OI_DOWN,PRICE_UP_OI_DOWN,PASS,PASS,0.351157091607,0.530691384093,0.190718372537,0.179534292486,-1.13045429933,-0.402138500876,0.113393472957,0.218099453351,0.12706480305,0.104705980394,0.309856569547,-0.0313747216385,-0.605746755692,0.0175727973098,0.606447494414,0.623319553002,3.18992471254,2.2461065398,,,,,,,,,,,,
2026-09-08T02:00:00Z,2026-09-08T04:00:00+02:00,2026-09-09T04:00:00Z,79441.98,79485,78930,78930.01,601.51271,47664046.6202,195253,293.76578,23281399.5493,24382647.0709,0.488447817593,-0.644457753948,0.703154694033,2504.32,2507.99,2484.71,2484.72,7696.8175,19207137.0467,72149,2981.4681,7442795.83442,11764341.2122,0.387501573834,-0.782647584973,0.936930265504,0.03153,0.03155,0.03147,0.03147,-0.190294957184,0.254210359072,0.0314800416217,-3.18983748672,2715615.25,27156.1525,0.380650708406,OKX_CONTRACT_OI_HISTORY,6089720.64,608972.064,0.0519590865256,OKX_CONTRACT_OI_HISTORY,1.19,0.543378995434,0.456621004566,OKX_GLOBAL_ACCOUNT_RATIO,1.3,0.565217391304,0.434782608696,OKX_GLOBAL_ACCOUNT_RATIO,,,,,UNAVAILABLE,UNAVAILABLE,PASS,PASS,-0.0280929509365,0.0668529959002,0.0635930047695,0.0949459468367,0.041082703089,0.440435184135,-0.33076594275,-0.223668729345,0.0954198473282,0.107097213406,-0.612411273487,-0.480957070266,-1.18214583325,-1.07692981443,0.0635930047695,0.105216018816,3.67700481762,2.25828230717,,,,,,,,,,,,
2026-09-08T03:00:00Z,2026-09-08T05:00:00+02:00,2026-09-09T04:00:00Z,78930.01,79002,78725.1,78906.28,813.2236,64166200.7413,297197,355.13368,28018261.3029,36147939.4383,0.4366513987,-0.0300646104061,0.351730261378,2484.72,2488.34,2478,2486.04,8947.1542,22227650.238,78105,4231.7173,10512983.4368,11714666.8012,0.472968726978,0.0531246981551,0.417271993543,0.03148,0.03151,0.03146,0.03151,0.127105179536,0.158931977114,0.0315062375263,1.19419961063,2760173.64,27601.7364,1.64082117303,OKX_CONTRACT_OI_HISTORY,6165007.94,616500.794,1.2363013749,OKX_CONTRACT_OI_HISTORY,1.22,0.54954954955,0.45045045045,OKX_GLOBAL_ACCOUNT_RATIO,1.39,0.581589958159,0.418410041841,OKX_GLOBAL_ACCOUNT_RATIO,,,,,PRICE_DOWN_OI_UP,PRICE_UP_OI_UP,PASS,PASS,-0.260049011522,-0.165451215986,0.0952986022872,0.0945977955356,1.58537635356,1.21815490292,0.106937163094,0.631873803346,0.542437779196,0.524936640252,-0.314295033384,-0.515801747132,-0.867011682314,-0.456068838766,0.414276609305,0.410942843547,4.23970557459,2.0110729907,,,,,,,,,,,,
2026-09-08T04:00:00Z,2026-09-08T06:00:00+02:00,2026-09-09T04:00:00Z,78906.27,78929.24,78678.7,78678.71,558.10183,43986513.6571,220153,291.63262,22985675.5349,21000838.1221,0.522561885994,-0.288405434903,0.318434341188,2486.05,2486.33,2478.91,2478.99,5979.1886,14845627.1828,66784,2761.549,6855940.14644,7989687.03632,0.461815460003,-0.283583530434,0.299325106599,0.03151,0.03152,0.03149,0.03151,0,0.0952683391553,0.0315077611211,0.710580115293,2768571.99,27685.7199,0.304268900996,OKX_CONTRACT_OI_HISTORY,6216660.2,621666.02,0.837829577881,OKX_CONTRACT_OI_HISTORY,1.23,0.551569506726,0.448430493274,OKX_GLOBAL_ACCOUNT_RATIO,1.4,0.583333333333,0.416666666667,OKX_GLOBAL_ACCOUNT_RATIO,,,,,PRICE_DOWN_OI_UP,PRICE_DOWN_OI_UP,PASS,PASS,-0.799830242376,-0.669949633571,0.158931977114,0.129880608805,1.96377154379,1.93101574515,-0.443078586344,-0.153455775737,0.318369945877,0.289622810607,-0.350089449711,0.109679796172,-1.31113591892,-0.77411711023,0.542437779196,0.537018808691,4.42329616408,2.82488021822,,,,,,,,,,,,
2026-09-08T05:00:00Z,2026-09-08T07:00:00+02:00,2026-09-09T04:00:00Z,78678.7,78882,78555,78578,847.29044,66685293.8819,228336,408.89361,32184136.3978,34501157.4841,0.482627195957,-0.128001590265,0.416268856215,2478.99,2484.58,2472.5,2473.38,11039.273,27362071.3853,98598,5136.6884,12731898.0153,14630173.3701,0.4653119216,-0.226301840669,0.488574317492,0.03151,0.03153,0.03146,0.03147,-0.126943827356,0.222504767959,0.0314767492173,-2.14419134949,2787660.17,27876.6017,0.689459406111,OKX_CONTRACT_OI_HISTORY,6290237.57,629023.757,1.18355141881,OKX_CONTRACT_OI_HISTORY,1.23,0.551569506726,0.448430493274,OKX_GLOBAL_ACCOUNT_RATIO,1.43,0.588477366255,0.411522633745,OKX_GLOBAL_ACCOUNT_RATIO,,,,,PRICE_DOWN_OI_UP,PRICE_DOWN_OI_UP,PASS,PASS,-1.08757346084,-1.23507073805,-0.158629441624,-0.147497277212,3.04373633876,3.34638141926,-0.767474139596,-0.883218055478,-0.126943827356,-0.115743915882,0.882609690362,2.75151936274,-1.48129118712,-1.25439156819,0.191021967526,0.226899618926,5.19710958425,4.41518193056,,,,,,,,,,,,
2026-09-08T06:00:00Z,2026-09-08T08:00:00+02:00,2026-09-09T04:00:00Z,78577.99,78632,78261.61,78323.59,1913.91469,150130808.723,486635,784.06817,61498622.7011,88632186.0223,0.409633593691,-0.323767466721,0.473271633436,2473.39,2477.22,2463,2468.53,15556.6809,38403020.7305,158109,7353.208,18153806.0427,20249214.6878,0.472718179387,-0.196087944432,0.577344701583,0.03148,0.03152,0.03143,0.03152,0.15888147442,0.286350620426,0.0315170691231,0.92993319911,2787779.88,27877.7988,0.00429428239812,OKX_CONTRACT_OI_HISTORY,6335226.43,633522.643,0.715217183761,OKX_CONTRACT_OI_HISTORY,1.22,0.54954954955,0.45045045045,OKX_GLOBAL_ACCOUNT_RATIO,1.48,0.596774193548,0.403225806452,OKX_GLOBAL_ACCOUNT_RATIO,,,,,PRICE_DOWN_OI_UP,PRICE_DOWN_OI_UP,PASS,PASS,-0.768300928886,-0.651582472069,0.15888147442,0.116718456817,2.65739522563,4.03147869194,-1.10178321777,-0.933465500704,0.15888147442,0.168317717068,1.12858142112,3.6905097557,-1.67674145143,-1.1694571893,0.542264752791,0.507284262135,5.01760587024,4.56703241218,,,,,,,,,,,,
2026-09-08T07:00:00Z,2026-09-08T09:00:00+02:00,2026-09-09T09:00:00Z,78323.59,78609.99,78179.98,78482,3433.75725,269260831.264,650369,1599.76488,125452657.038,143808174.225,0.465914988265,0.202250688458,0.550025722698,2468.52,2485,2467.99,2479.63,11789.0989,29197421.9043,110937,6527.0248,16165885.3931,13031536.5112,0.553675096591,0.450067246771,0.689224834785,0.03152,0.03163,0.03151,0.0316,0.253807106599,0.380831482069,0.0315948879998,1.61798332816,2808816.07,28088.1607,0.754585760193,OKX_CONTRACT_OI_HISTORY,6301624.04,630162.404,-0.530405509121,OKX_CONTRACT_OI_HISTORY,1.23,0.551569506726,0.448430493274,OKX_GLOBAL_ACCOUNT_RATIO,1.48,0.596774193548,0.403225806452,OKX_GLOBAL_ACCOUNT_RATIO,,,,,UNAVAILABLE,UNAVAILABLE,PASS,PASS,-0.537701181706,-0.257839777317,0.285623611552,0.279861404389,1.76229601265,2.21599227981,-1.11360280786,-0.655053325748,0.508905852417,0.458549482111,2.35548176846,3.15642038169,-1.15346981145,-0.390463373973,0.829610721123,0.763006437481,4.815352364,4.75516726547,,,,,,,,,,,,
2026-09-08T08:00:00Z,2026-09-08T10:00:00+02:00,2026-09-09T09:00:00Z,78482,78581.8,78281.3,78418,855.4031,67083597.7333,111563,323.48986,25373390.1655,41710207.5677,0.378235381269,-0.0815473611784,0.383872010301,2479.63,2483.53,2469.08,2477.58,7648.0375,18932407.6733,109479,3418.963,8462835.50404,10469572.1692,0.447002602632,-0.082673624694,0.585238226384,0.0316,0.03161,0.03154,0.03159,-0.0316455696203,0.221940393152,0.0315945318677,-1.43438355169,2826886.93,28268.8693,0.643362169314,OKX_CONTRACT_OI_HISTORY,6313110.95,631311.095,0.182284914604,OKX_CONTRACT_OI_HISTORY,1.25,0.555555555556,0.444444444444,OKX_GLOBAL_ACCOUNT_RATIO,1.47,0.595141700405,0.404858299595,OKX_GLOBAL_ACCOUNT_RATIO,5.70129775745e-05,OKX_FUNDING_HISTORY,6.79861795016e-05,OKX_FUNDING_HISTORY,PRICE_DOWN_OI_UP,PRICE_DOWN_OI_UP,PASS,PASS,-0.331360287936,-0.056878002735,0.253887654713,0.274482285201,2.10631835512,1.55148820905,-1.03485701305,-0.688643396559,0.317561130518,0.34621361649,3.30948187316,3.20183940142,-1.28324977485,-0.561094254202,0.733418367347,0.722155520652,5.60372513717,4.62839823995,,,,,,,,,,,,
2026-09-08T09:00:00Z,2026-09-08T11:00:00+02:00,2026-09-09T09:00:00Z,78418,78800,78317.03,78761.99,641.52148,50372372.8485,110939,291.79592,22920391.4171,27451981.4314,0.455019093224,0.438662041878,0.61668579618,2477.58,2495.56,2475.86,2492.01,10072.557,25065148.7161,110021,5240.2057,13040344.3699,12024804.3462,0.520258009144,0.582423170998,0.79568311617,0.0316,0.03171,0.03158,0.03164,0.158277936056,0.411652944902,0.0316397541504,0.0777027379506,2826805.14,28268.0514,-0.00289328869624,OKX_CONTRACT_OI_HISTORY,6276811.26,627681.126,-0.574988944238,OKX_CONTRACT_OI_HISTORY,1.28,0.561403508772,0.438596491228,OKX_GLOBAL_ACCOUNT_RATIO,1.38,0.579831932773,0.420168067227,OKX_GLOBAL_ACCOUNT_RATIO,,,,,PRICE_UP_OI_DOWN,PRICE_UP_OI_DOWN,PASS,PASS,0.234149507496,0.753220289644,0.540197013028,0.519070782148,1.40422316971,-0.213446787193,-0.507819210752,0.036931624309,0.57215511761,0.544750835061,3.30948074475,2.71108337492,-0.695792727248,0.291778682851,0.989466964571,0.987571410098,5.79316407418,3.46794665756,,,,,,,,,,,,
2026-09-08T10:00:00Z,2026-09-08T12:00:00+02:00,2026-09-09T09:00:00Z,78762,78994.5,78568,78568,435.62963,34307999.2143,73513,219.67751,17303157.1525,17004842.0618,0.504347602565,-0.246299007935,0.542841869463,2492,2500,2481.24,2481.24,10805.3144,26906244.3359,78101,4565.0123,11365476.7498,15540767.5861,0.42241037463,-0.432181251279,0.756073576115,0.03164,0.03165,0.03157,0.03159,-0.158027812895,0.253405131454,0.0315807962529,2.91434927698,2831836.96,28318.3696,0.178003779914,OKX_CONTRACT_OI_HISTORY,6215045.15,621504.515,-0.98403643891,OKX_CONTRACT_OI_HISTORY,1.26,0.557522123894,0.442477876106,OKX_GLOBAL_ACCOUNT_RATIO,1.36,0.576271186441,0.423728813559,OKX_GLOBAL_ACCOUNT_RATIO,,,,,PRICE_DOWN_OI_UP,PRICE_DOWN_OI_DOWN,PASS,PASS,0.312051579862,0.514881326133,0.222081218274,0.202829746271,1.58036437224,-1.89703211602,-0.486610947714,-0.0732966581557,0.445151033386,0.413314289558,4.32259706784,2.50746733023,-0.997983870968,-0.312172309472,0.733418367347,0.685811561495,5.74293718149,2.38303488766,,,,,,,,,,,,
2026-09-08T11:00:00Z,2026-09-08T13:00:00+02:00,2026-09-09T09:00:00Z,78568.01,78576,78271.63,78430.01,682.36626,53509858.1995,117351,264.60217,20747531.0249,32762327.1747,0.387732872465,-0.175631300275,0.388863755616,2481.25,2482.56,2471.63,2474.76,9686.7639,23977950.2115,80693,5484.0604,13574683.0964,10403267.1152,0.566131924397,-0.261159742709,0.442218293191,0.03158,0.03161,0.03153,0.03155,-0.126622348845,0.253726609578,0.0315537381673,-1.18469871826,2834771.27,28347.7127,0.103618606631,OKX_CONTRACT_OI_HISTORY,6300944.9,630094.49,1.38212592068,OKX_CONTRACT_OI_HISTORY,1.27,0.559471365639,0.440528634361,OKX_GLOBAL_ACCOUNT_RATIO,1.43,0.588477366255,0.411522633745,OKX_GLOBAL_ACCOUNT_RATIO,,,,,PRICE_DOWN_OI_UP,PRICE_DOWN_OI_UP,PASS,PASS,-0.0662444891822,-0.196400269395,-0.158227848101,-0.130155780213,0.924061930477,-0.0107772218033,-0.862068856549,-0.618434156841,0.222363405337,0.243634699708,4.33086606074,3.44999116464,-1.24672375377,-0.57810899303,0.637958532695,0.668614760738,5.69550442203,3.58486533006,,,,,,,,,,,,
2026-09-08T12:00:00Z,2026-09-08T14:00:00+02:00,2026-09-09T14:00:00Z,78430,78483.42,78215.36,78449.99,839.62079,65773082.073,134551,299.56374,23464853.846,42308228.227,0.356754664772,0.0254876960347,0.342720406836,2474.75,2476.24,2468.26,2472.79,8155.6911,20165831.7809,86630,3389.686,8381192.21963,11784639.5613,0.415613514518,-0.0791999191838,0.323304676169,0.03155,0.03161,0.03152,0.03152,-0.095087163233,0.285532994924,0.0315205903787,-0.187299366302,2850546.18,28505.4618,0.556479112334,OKX_CONTRACT_OI_HISTORY,6367344.79,636734.479,1.0538084534,OKX_CONTRACT_OI_HISTORY,1.27,0.559471365639,0.440528634361,OKX_GLOBAL_ACCOUNT_RATIO,1.48,0.596774193548,0.403225806452,OKX_GLOBAL_ACCOUNT_RATIO,,,,,UNAVAILABLE,UNAVAILABLE,PASS,PASS,0.040794205412,-0.193333817677,-0.221589110478,-0.234128023089,0.836936551969,0.859066796537,-1.08820638412,-0.918375933101,0.190718372537,0.169830451016,4.98279998583,4.40170463946,-1.4532042724,-1.3047400099,0.12706480305,0.148464262498,6.07228208237,4.61195445772,,,,,,,,,,,,
2026-09-08T13:00:00Z,2026-09-08T15:00:00+02:00,2026-09-09T14:00:00Z,78450,78545.46,77620.01,77961.66,2274.11248,177363641.129,331701,724.85478,56572831.8498,120790809.279,0.318965214571,-0.62247299203,1.19228276317,2472.8,2475.73,2441.68,2459.27,27139.2177,66630781.5412,257367,11935.3905,29295834.6443,37334946.8969,0.439674186115,-0.5467508361,1.39453163396,0.03152,0.03155,0.0314,0.03154,0.0634517766497,0.477707006369,0.0315446079522,-1.46077331891,2848039.26,28480.3926,-0.08794525125,OKX_CONTRACT_OI_HISTORY,6484644.85,648464.485,1.84221310246,OKX_CONTRACT_OI_HISTORY,1.31,0.5670995671,0.4329004329,OKX_GLOBAL_ACCOUNT_RATIO,1.54,0.606299212598,0.393700787402,OKX_GLOBAL_ACCOUNT_RATIO,,,,,PRICE_DOWN_OI_DOWN,PRICE_DOWN_OI_UP,PASS,PASS,-1.01613735255,-1.31379890129,-0.31605562579,-0.297661548741,0.751170276986,3.31113333492,-1.8634100178,-1.79849938706,0.0634517766497,0.0649106307437,5.27560344268,6.54042436056,-1.75212953018,-1.58432245104,0.190597204574,0.167807079141,5.60180681607,6.50699759898,,,,,,,,,,,,
2026-09-08T14:00:00Z,2026-09-08T16:00:00+02:00,2026-09-09T14:00:00Z,77961.66,78630.81,77854,78567.52,885.70593,69317639.4191,216220,466.47492,36518784.8628,32798854.5563,0.526832494136,0.777125576854,0.997777891952,2459.26,2486.66,2456.84,2485.76,17471.536,43268090.8158,192080,9343.0186,23143517.088,20124573.7278,0.534886486823,1.07714891004,1.21375425343,0.03155,0.0317,0.03154,0.03164,0.317057704502,0.507292327204,0.0316385193271,0.4679969104,2828625.24,28286.2524,-0.681662653766,OKX_CONTRACT_OI_HISTORY,6344724.94,634472.494,-2.15771122762,OKX_CONTRACT_OI_HISTORY,1.29,0.563318777293,0.436681222707,OKX_GLOBAL_ACCOUNT_RATIO,1.36,0.576271186441,0.423728813559,OKX_GLOBAL_ACCOUNT_RATIO,,,,,PRICE_UP_OI_DOWN,PRICE_UP_OI_DOWN,PASS,PASS,-0.000610935749923,0.182166981026,0.158277936056,0.182777916776,-0.113414721446,2.08654622565,-0.459254977923,0.0418558227889,0.540197013028,0.501110800712,4.16148753031,4.18745481238,-0.788501861616,-0.181906524943,0.636132315522,0.606595336673,3.52359083804,3.68635788213,,,,,,,,,,,,
2026-09-08T15:00:00Z,2026-09-08T17:00:00+02:00,2026-09-09T14:00:00Z,78567.52,78910.88,78451.39,78904,668.56307,52585779.7098,161488,393.77861,30977199.801,21608579.9088,0.589079404583,0.428268577142,0.585700266114,2485.76,2501.74,2479.94,2498.62,15436.7925,38464951.5656,155239,8549.0997,21307392.4613,17157559.1043,0.553943046697,0.517346807415,0.879053525489,0.03165,0.03172,0.03161,0.03167,0.094816687737,0.347991142044,0.0316665821758,1.07931578231,2833216.01,28332.1601,0.16229686192,OKX_CONTRACT_OI_HISTORY,6227437.17,622743.717,-1.84858715089,OKX_CONTRACT_OI_HISTORY,1.27,0.559471365639,0.440528634361,OKX_GLOBAL_ACCOUNT_RATIO,1.26,0.557522123894,0.442477876106,OKX_GLOBAL_ACCOUNT_RATIO,,,,,PRICE_UP_OI_UP,PRICE_UP_OI_DOWN,PASS,PASS,0.604347749031,0.964133895812,0.380348652932,0.359786146781,-0.054863685704,-1.16661439144,-0.00288950385191,0.506025647214,0.507775309426,0.508915151066,2.64629619461,1.01263827407,0.104044569288,1.14109689406,1.05296745373,1.03705232477,2.32368398372,0.49161332103,,,,,,,,,,,,
2026-09-08T16:00:00Z,2026-09-08T18:00:00+02:00,2026-09-09T18:00:00Z,78904,78978.39,78581.33,78735.89,339.80818,26763199.5051,101762,178.59325,14065002.6007,12698196.9044,0.525535169965,-0.213056372301,0.50528541576,2498.62,2505,2486.98,2496.54,11041.6377,27563493.3719,117962,5782.4709,14437858.8854,13125634.4866,0.52380366634,-0.0832459517654,0.7245735792,0.03167,0.03173,0.03165,0.0317,0.0947268708557,0.252764612954,0.0317077764664,-2.45254231857,2825880.33,28258.8033,-0.25891707424,OKX_CONTRACT_OI_HISTORY,6210376.63,621037.663,-0.273957641551,OKX_CONTRACT_OI_HISTORY,1.25,0.555555555556,0.444444444444,OKX_GLOBAL_ACCOUNT_RATIO,1.22,0.54954954955,0.45045045045,OKX_GLOBAL_ACCOUNT_RATIO,6.40083735919e-05,OKX_FUNDING_HISTORY,5.60015806449e-05,OKX_FUNDING_HISTORY,UNAVAILABLE,UNAVAILABLE,PASS,PASS,0.364435992917,0.960453576729,0.571065989848,0.596017583812,-0.865302592642,-2.46520590885,0.07267531458,0.70794960851,0.602983179943,0.63527429393,2.06996026135,-0.101076298171,-0.370725280521,0.553407443209,0.923272843044,0.92413272373,1.71262409916,0.00849263772384,,,,,,,,,,,,
2026-09-08T17:00:00Z,2026-09-08T19:00:00+02:00,2026-09-09T18:00:00Z,78735.88,78892,78500,78504.38,376.83451,29637651.652,88681,222.17175,17472552.7242,12165098.9277,0.589539040725,-0.294033635741,0.499363057325,2496.54,2502.54,2487.89,2488.07,8882.7558,22155924.8499,68069,4149.4352,10351003.6829,11804921.167,0.467188968774,-0.339269549056,0.588852401031,0.03171,0.03173,0.03169,0.0317,0,0.126222783212,0.0316933908656,2.08533521967,2811109.15,28111.0915,-0.52271074055,OKX_CONTRACT_OI_HISTORY,6168964.75,616896.475,-0.666817529229,OKX_CONTRACT_OI_HISTORY,1.26,0.557522123894,0.442477876106,OKX_GLOBAL_ACCOUNT_RATIO,1.19,0.543378995434,0.456621004566,OKX_GLOBAL_ACCOUNT_RATIO,,,,,PRICE_DOWN_OI_DOWN,PRICE_DOWN_OI_DOWN,PASS,PASS,0.696137049929,1.1710792227,0.507292327204,0.474942172767,-1.29668542561,-4.86811702571,-0.0936903458983,0.593924103858,0.730854782332,0.687614449756,0.84117067971,-1.9279529374,-0.860445436318,-0.294539596541,0.602983179943,0.565905839777,1.731204624,0.770518426965,,,,,,,,,,,,
2026-09-08T18:00:00Z,2026-09-08T20:00:00+02:00,2026-09-09T18:00:00Z,78504.38,78822.47,78271.49,78436,310.67894,24406848.7091,99086,157.51767,12374135.406,12032713.3031,0.506994391348,-0.0871034202168,0.703934472181,2488.07,2507.54,2476.77,2486.94,15575.9569,38825464.2951,124225,7910.5207,19726874.1929,19098590.1022,0.508091134286,-0.045416728629,1.24234385914,0.0317,0.0318,0.03165,0.0317,0,0.473933649289,0.0317066143098,-2.08609777477,2782162.34,27821.6234,-1.02972913734,OKX_CONTRACT_OI_HISTORY,6094079.8,609407.98,-1.21389816663,OKX_CONTRACT_OI_HISTORY,1.25,0.555555555556,0.444444444444,OKX_GLOBAL_ACCOUNT_RATIO,1.19,0.543378995434,0.456621004566,OKX_GLOBAL_ACCOUNT_RATIO,,,,,PRICE_DOWN_OI_DOWN,PRICE_DOWN_OI_DOWN,PASS,PASS,-0.16739741817,0.0474703913491,0.189633375474,0.214867809519,-1.64259652862,-3.95044926881,0.143519979102,0.745787979081,0.571065989848,0.602267999979,-0.201505866381,-3.80644058527,-0.959844517714,-0.194639195117,0.730854782332,0.765205322597,0.924801396967,-0.256407890707,,,,,,,,,,,,
2026-09-08T19:00:00Z,2026-09-08T21:00:00+02:00,2026-09-09T21:00:00Z,78436.01,78528,78325.39,78446,457.27833,35861448.2443,109419,214.93149,16853630.7366,19007817.5076,0.469965145351,0.0127364969228,0.258677294808,2486.94,2491.91,2476.57,2482.32,10333.5229,25667944.4481,113708,4916.8323,12211089.4426,13456855.0056,0.47573304778,-0.185770464909,0.619405064262,0.0317,0.03173,0.03162,0.03164,-0.18927444795,0.347881087919,0.031643678454,-1.16246092365,2766724.46,27667.2446,-0.554887821535,OKX_CONTRACT_OI_HISTORY,6080075.05,608007.505,-0.229809100957,OKX_CONTRACT_OI_HISTORY,1.27,0.559471365639,0.440528634361,OKX_GLOBAL_ACCOUNT_RATIO,1.21,0.547511312217,0.452488687783,OKX_GLOBAL_ACCOUNT_RATIO,,,,,UNAVAILABLE,UNAVAILABLE,PASS,PASS,-0.580452195072,-0.652360102777,-0.0947268708557,-0.0719079077042,-2.34685776747,-2.36633651978,-0.0458703906628,0.108483927038,0.126582278481,0.1543543177,-1.49855344569,-3.51574433184,-1.15896238456,-0.547280026282,0.636132315522,0.611682358281,0.821630169568,-0.470295620805,,,,,,,,,,,,
2026-09-08T20:00:00Z,2026-09-08T22:00:00+02:00,2026-09-09T21:00:00Z,78445.99,78621.77,78410.05,78487.99,286.8898,22526073.8096,93054,135.15923,10612098.2638,11913975.5457,0.471102880757,0.0535272671647,0.270016407336,2482.31,2491.67,2480.56,2483.09,5152.5378,12806197.0011,65688,2571.6835,6391083.88283,6415113.11829,0.499061812205,0.0310193689774,0.447882736156,0.03165,0.03169,0.03162,0.03164,0,0.22137887413,0.0316365599374,1.08736936639,2754642.17,27546.4217,-0.43670015481,OKX_CONTRACT_OI_HISTORY,6051374.3,605137.43,-0.472045982393,OKX_CONTRACT_OI_HISTORY,1.26,0.557522123894,0.442477876106,OKX_GLOBAL_ACCOUNT_RATIO,1.22,0.54954954955,0.45045045045,OKX_GLOBAL_ACCOUNT_RATIO,,,,,PRICE_UP_OI_DOWN,PRICE_UP_OI_DOWN,PASS,PASS,-0.314850063929,-0.538745623944,-0.18927444795,-0.223895560015,-2.52091920679,-2.56026871594,0.0892524675457,0.222394433278,0.158277936056,0.133141965732,-2.55562963037,-4.14592190875,-0.946528180923,-0.467780467861,0.476341695776,0.478747713063,0.669274143435,-1.07682826856,,,,,,,,,,,,
2026-09-08T21:00:00Z,2026-09-08T23:00:00+02:00,2026-09-09T21:00:00Z,78487.99,78623.21,78406,78492.18,346.3218,27193582.5621,77418,156.05475,12253420.4239,14940162.1382,0.450599710279,0.00533839635846,0.277032369972,2483.09,2487.48,2478.79,2482.93,3479.2084,8639212.42564,43531,1729.8519,4295143.5358,4344068.88984,0.49716841353,-0.00644358440492,0.350574272125,0.03164,0.03166,0.0316,0.03163,-0.031605562579,0.189873417722,0.031632832723,-0.895500880009,2753651.24,27536.5124,-0.0359730933764,OKX_CONTRACT_OI_HISTORY,6040619.52,604061.952,-0.177724587289,OKX_CONTRACT_OI_HISTORY,1.26,0.557522123894,0.442477876106,OKX_GLOBAL_ACCOUNT_RATIO,1.22,0.54954954955,0.45045045045,OKX_GLOBAL_ACCOUNT_RATIO,,,,,PRICE_UP_OI_DOWN,PRICE_DOWN_OI_DOWN,PASS,PASS,-0.0155405341715,-0.206585827569,-0.220820189274,-0.191045293398,-2.04395869865,-2.08049867686,-0.342563716331,-0.364364508971,-0.031605562579,-0.02180079264,-2.58786497042,-3.76292563559,-0.848643322722,-0.327567450393,0.540368722187,0.521075872329,0.635970881442,-1.15385831198,,,,,,,,,,,,
2026-09-08T22:00:00Z,2026-09-09T00:00:00+02:00,2026-09-10T00:00:00Z,78492.19,78662.75,78458,78562.44,344.45436,27045933.3148,70955,207.77486,16312195.5875,10733737.7273,0.603129328082,0.0894993501901,0.260967651482,2482.92,2490,2481.74,2489.01,4129.6801,10262935.8796,47667,2279.3791,5664413.88995,4598521.98968,0.551929190281,0.245275723745,0.332830997607,0.03163,0.03169,0.03162,0.03169,0.189693329118,0.22137887413,0.0316819335041,2.54608699845,2758911.78,27589.1178,0.191038717016,OKX_CONTRACT_OI_HISTORY,6030203.11,603020.311,-0.172439432173,OKX_CONTRACT_OI_HISTORY,1.26,0.557522123894,0.442477876106,OKX_GLOBAL_ACCOUNT_RATIO,1.23,0.551569506726,0.448430493274,OKX_GLOBAL_ACCOUNT_RATIO,,,,,UNAVAILABLE,UNAVAILABLE,PASS,PASS,0.161201489112,0.0832348186929,-0.0315457413249,-0.0779666704193,-0.835701054023,-1.04817613317,-0.00707667243661,0.313149876675,0.316555872111,0.320226549111,-2.57518992195,-2.97410614949,-0.493653184288,0.239623690124,0.763116057234,0.733276874412,1.63609206183,-0.541213559326,,,,,,,,,,,,
2026-09-08T23:00:00Z,2026-09-09T01:00:00+02:00,2026-09-10T00:00:00Z,78562.43,78575.31,78408.64,78455.8,422.1807,33131729.6308,43997,128.22172,10063637.853,23068091.7778,0.303746226507,-0.135739164924,0.212565860089,2489,2490.52,2482.65,2485.06,3828.6893,9517572.43486,31137,2210.4153,5494372.93726,4023199.4976,0.577287220545,-0.158697634803,0.31699997986,0.03168,0.03169,0.03165,0.03167,-0.0631113916062,0.126382306477,0.0316746499303,-1.46802894095,2768933.21,27689.3321,0.363238508482,OKX_CONTRACT_OI_HISTORY,6047646.28,604764.628,0.289263390997,OKX_CONTRACT_OI_HISTORY,1.27,0.559471365639,0.440528634361,OKX_GLOBAL_ACCOUNT_RATIO,1.24,0.553571428571,0.446428571429,OKX_GLOBAL_ACCOUNT_RATIO,,,,,PRICE_DOWN_OI_UP,PRICE_DOWN_OI_UP,PASS,PASS,0.012492670117,0.110380611686,0.094816687737,0.0978879415688,0.0798326697123,-0.533361343952,0.0328828212568,0.416201975141,0.380348652932,0.383319153884,-2.32251754125,-4.02001007817,-0.829469507853,-0.204806116876,0.603557814485,0.624663390977,1.90776339554,-0.708708906042,,,,,,,,,,,,
2026-09-09T00:00:00Z,2026-09-09T02:00:00+02:00,2026-09-10T00:00:00Z,78455.8,78796.97,78455.79,78774.65,263.81065,20750875.2408,82550,143.75821,11306193.1544,9444682.08634,0.544853796442,0.406407174486,0.43486911546,2485.07,2497.34,2485.07,2496.28,4765.2229,11875680.7071,66400,2454.3447,6115160.13027,5760520.57683,0.514931335819,0.451498152962,0.49374866704,0.03168,0.03171,0.03166,0.03169,0.0631512472371,0.157927984839,0.0316888745301,0.355162481771,2760821.09,27608.2109,-0.292969146771,OKX_CONTRACT_OI_HISTORY,6070432.71,607043.271,0.376781791544,OKX_CONTRACT_OI_HISTORY,1.27,0.559471365639,0.440528634361,OKX_GLOBAL_ACCOUNT_RATIO,1.23,0.551569506726,0.448430493274,OKX_GLOBAL_ACCOUNT_RATIO,4.80256460149e-05,OKX_FUNDING_HISTORY,7.96599875772e-05,OKX_FUNDING_HISTORY,PRICE_UP_OI_DOWN,PRICE_UP_OI_UP,PASS,PASS,0.365227852057,0.53119298938,0.158027812895,0.165965137323,0.224309351948,0.314943499694,0.41384326499,0.949939137573,0.539340101523,0.536095872584,-3.14764555051,-4.66304385568,-0.678866587958,0.0228391920536,0.731087094723,0.701705780011,1.67831355327,-0.466592633956,-1.72824329737,-0.672059590079,1.08452950558,1.0561837073,5.95383753056,3.0764232644,,,,,,
2026-09-09T01:00:00Z,2026-09-09T03:00:00+02:00,2026-09-10T00:00:00Z,78774.66,78891.5,78633.53,78891.5,737.84364,58137680.9844,92751,341.97159,26937243.5786,31200437.4058,0.463335363958,0.148334521321,0.32806615702,2496.27,2499.7,2489.43,2497.8,5054.3741,12613957.9543,60669,2775.68,6927549.47238,5686408.48192,0.5491971273,0.0608906052206,0.412544237034,0.03169,0.03169,0.03164,0.03166,-0.0946670874093,0.158027812895,0.0316612055798,-0.380775082073,2762420.42,27624.2042,0.0579295053125,OKX_CONTRACT_OI_HISTORY,6110767.66,611076.766,0.664449338736,OKX_CONTRACT_OI_HISTORY,1.28,0.561403508772,0.438596491228,OKX_GLOBAL_ACCOUNT_RATIO,1.22,0.54954954955,0.45045045045,OKX_GLOBAL_ACCOUNT_RATIO,,,,,PRICE_UP_OI_UP,PRICE_UP_OI_UP,PASS,PASS,0.508738577525,0.598889215564,0.094846664559,0.0901506380393,0.318456450571,1.16127393503,1.19268881653,1.56672508509,0.380469245403,0.374036268558,-3.00623805305,-5.76557696911,-0.69294588416,-0.259951843023,0.444162436548,0.432994041138,2.1107681914,0.397754190837,-1.29449514264,-0.242424726523,1.05330354293,1.05207041612,5.3680248201,2.65279471352,,,,,,
2026-09-09T02:00:00Z,2026-09-09T04:00:00+02:00,2026-09-10T00:00:00Z,78891.49,78928.65,78686.46,78726.01,338.69714,26687169.1925,79288,132.13985,10411683.1556,16275486.0369,0.390138162669,-0.209769113276,0.307791200672,2497.79,2500,2490,2493.74,5394.5322,13461856.4084,60248,2402.9104,5995450.67372,7466405.73466,0.445365816708,-0.162543037873,0.401606425703,0.03166,0.0317,0.03164,0.03168,0.0631711939356,0.189633375474,0.031676189356,1.20299951077,2774839.37,27748.3937,0.449567701936,OKX_CONTRACT_OI_HISTORY,6143544.32,614354.432,0.536375490342,OKX_CONTRACT_OI_HISTORY,1.27,0.559471365639,0.440528634361,OKX_GLOBAL_ACCOUNT_RATIO,1.2,0.545454545455,0.454545454545,OKX_GLOBAL_ACCOUNT_RATIO,,,,,PRICE_DOWN_OI_UP,PRICE_DOWN_OI_UP,PASS,PASS,0.208203818517,0.190035395599,-0.0315556958031,-0.0181684229178,0.577314219159,1.87955874674,0.201724580335,0.321028578785,0.126422250316,0.119303998449,-1.90148448226,-3.1708328084,-0.258456827764,0.363018770727,0.667302192564,0.621475598491,2.18087300843,0.883844812954,-1.43754732439,-0.717820501081,0.731319554849,0.719726823313,5.93806863164,3.16208683116,,,,,,
2026-09-09T03:00:00Z,2026-09-09T05:00:00+02:00,2026-09-10T05:00:00Z,78726.01,78726.01,78548.46,78638.01,269.38216,21178257.2864,63265,133.95906,10531165.8806,10647091.4058,0.49726310046,-0.111780083863,0.22603880458,2493.73,2493.74,2486.88,2488.9,5934.8177,14774429.5613,66654,2177.6959,5420872.56936,9353556.99197,0.366909094314,-0.193685763896,0.275847648459,0.03168,0.03168,0.03165,0.03165,-0.094696969697,0.0947867298578,0.0316500888057,-0.0280585800971,2773904.61,27739.0461,-0.0336869950062,OKX_CONTRACT_OI_HISTORY,6153605.55,615360.555,0.16376914491,OKX_CONTRACT_OI_HISTORY,1.27,0.559471365639,0.440528634361,OKX_GLOBAL_ACCOUNT_RATIO,1.21,0.547511312217,0.452488687783,OKX_GLOBAL_ACCOUNT_RATIO,,,,,UNAVAILABLE,UNAVAILABLE,PASS,PASS,0.232245417165,0.15452343203,-0.0631512472371,-0.077721985135,0.179542069922,1.75207452775,-0.337105850147,-0.389014736134,-0.0631512472371,-0.0519088859873,-2.09343021466,-1.18558594787,-0.339985613312,0.115042396743,0.444303395747,0.455028010056,0.497467615842,-0.184953370879,-1.20404958064,-0.341551114546,0.860420650096,0.862498466095,4.75826435267,1.82240007253,,,,,,
2026-09-09T04:00:00Z,2026-09-09T06:00:00+02:00,2026-09-10T05:00:00Z,78638.01,79215.83,78638,79171.5,659.48495,52088293.8015,126442,351.00698,27726550.5392,24361743.2623,0.532299073663,0.678412386071,0.734797426181,2488.91,2513.87,2488.91,2509.65,18657.3122,46711229.6956,153075,10759.6946,26939882.9216,19771346.774,0.57673247091,0.833701635261,1.00284863655,0.03166,0.03173,0.03164,0.0317,0.157977883096,0.284450063211,0.0316989068036,0.344868806408,2732232.42,27322.3242,-1.50229354859,OKX_CONTRACT_OI_HISTORY,6195181.03,619518.103,0.675627965787,OKX_CONTRACT_OI_HISTORY,1.26,0.557522123894,0.442477876106,OKX_GLOBAL_ACCOUNT_RATIO,1.17,0.539170506912,0.460829493088,OKX_GLOBAL_ACCOUNT_RATIO,,,,,PRICE_UP_OI_DOWN,PRICE_UP_OI_UP,PASS,PASS,0.50377881717,0.535596968289,0.0315556958031,0.0318181511185,-1.03551331535,2.05501528408,0.553254684744,0.525126775457,0,-0.0281279092869,-3.31393757215,-0.244680812539,0.626332078907,1.23679401692,0.602983179943,0.610461938011,-1.31257450163,-0.345509796402,-0.693015904872,0.453102672585,1.14869176771,1.14611857746,3.05266260487,2.46961018393,,,,,,
2026-09-09T05:00:00Z,2026-09-09T07:00:00+02:00,2026-09-10T05:00:00Z,79171.5,79370.01,78840.59,78923.43,571.99145,45251652.821,120080,272.7752,21588847.6488,23662805.1722,0.477084179316,-0.313332449177,0.671506897653,2509.65,2511.35,2491.35,2496.56,10153.9212,25401489.5297,115874,4614.1304,11541896.8684,13859592.6613,0.454378742431,-0.521586675433,0.802777610532,0.03169,0.03169,0.0316,0.03163,-0.220820189274,0.284810126582,0.0316326849961,-0.848804354794,2729537.78,27295.3778,-0.0986241133907,OKX_CONTRACT_OI_HISTORY,6166214.26,616621.426,-0.467569387557,OKX_CONTRACT_OI_HISTORY,1.26,0.557522123894,0.442477876106,OKX_GLOBAL_ACCOUNT_RATIO,1.19,0.543378995434,0.456621004566,OKX_GLOBAL_ACCOUNT_RATIO,,,,,PRICE_DOWN_OI_DOWN,PRICE_DOWN_OI_DOWN,PASS,PASS,0.0404733082778,-0.0496436864441,-0.0947567909033,-0.0901169947219,-1.19035610083,0.907358994565,0.533791872504,0.341228341646,-0.220820189274,-0.192563530858,-2.90175036426,-0.0445859250533,0.439601415154,0.937179082874,0.508420718144,0.49757766772,-2.08498835782,-1.9716792668,-1.04820154898,-0.328968380709,0.70041388093,0.719233168273,3.00376209666,2.35644943704,,,,,,
2026-09-09T06:00:00Z,2026-09-09T08:00:00+02:00,2026-09-10T05:00:00Z,78923.43,79290.63,78865.71,79159.03,306.40396,24237580.0819,87421,154.72869,12241427.7896,11996152.2923,0.505059818194,0.298517183047,0.538789291316,2496.56,2505.59,2492.52,2501.25,6149.0664,15371219.0964,82951,3073.3972,7682907.70205,7688311.39436,0.499824226944,0.187858493287,0.524368911784,0.03162,0.03163,0.03157,0.0316,-0.0948466645589,0.19005384859,0.0315977848642,0.701041479261,2750179.87,27501.7987,0.756248554288,OKX_CONTRACT_OI_HISTORY,6152622.86,615262.286,-0.220417251606,OKX_CONTRACT_OI_HISTORY,1.26,0.557522123894,0.442477876106,OKX_GLOBAL_ACCOUNT_RATIO,1.2,0.545454545455,0.454545454545,OKX_GLOBAL_ACCOUNT_RATIO,,,,,PRICE_UP_OI_UP,PRICE_UP_OI_DOWN,PASS,PASS,0.5500342263,0.301154089841,-0.252525252525,-0.248880136459,-0.888682071712,0.147773655192,0.921808863277,0.575405920529,-0.315457413249,-0.346402942748,-1.14955441457,0.960654634027,1.06665182227,1.3254852078,0.253807106599,0.258833385529,-1.34874386137,-2.88235269911,-0.627974622414,0.140527036441,0.797448165869,0.768501658855,3.60118735771,1.55304173107,,,,,,
2026-09-09T07:00:00Z,2026-09-09T09:00:00+02:00,2026-09-10T05:00:00Z,79159.03,79400,79151.34,79277.43,435.40632,34511705.6262,98299,190.55797,15103688.7936,19408016.8326,0.437639592698,0.149572322955,0.314157663029,2501.25,2517,2500.1,2510.53,17419.7439,43763360.2305,130284,10546.4079,26496341.4874,17267018.743,0.60544577354,0.371014492754,0.675972961082,0.03159,0.03174,0.03159,0.03167,0.221518987342,0.474833808167,0.0316676511839,0.741708324534,2735210.56,27352.1056,-0.544302944083,OKX_CONTRACT_OI_HISTORY,6170726.63,617072.663,0.294244754017,OKX_CONTRACT_OI_HISTORY,1.26,0.557522123894,0.442477876106,OKX_GLOBAL_ACCOUNT_RATIO,1.13,0.530516431925,0.469483568075,OKX_GLOBAL_ACCOUNT_RATIO,,,,,PRICE_UP_OI_DOWN,PRICE_UP_OI_UP,PASS,PASS,0.813118236334,0.869058620274,0.0631911532385,0.0559403839402,-1.39493080838,0.27822842821,1.0598755832,1.13643688163,0.094816687737,0.0765612984231,-1.13903283307,1.49096153015,1.01351902347,1.24615366002,0.221518987342,0.232634636552,-2.62051726299,-2.07720119717,-0.151641423953,0.850824512423,1.05296745373,1.00246593638,2.06864796104,2.57919167693,,,,,,
2026-09-09T08:00:00Z,2026-09-09T10:00:00+02:00,2026-09-10T05:00:00Z,79277.44,79760,79264,79698.02,838.18454,66683857.9365,153883,406.82189,32360862.9977,34322994.9388,0.485287804261,0.530529307017,0.625756964069,2510.53,2523.3,2509.95,2519.73,16536.2801,41634457.1669,132984,9768.1982,24592788.0438,17041669.123,0.590683527955,0.366456485284,0.531883105241,0.03167,0.03169,0.0316,0.03162,-0.157878118093,0.284810126582,0.0316159673728,1.27550332774,2714866.53,27148.6653,-0.743782957609,OKX_CONTRACT_OI_HISTORY,6269226.43,626922.643,1.59624313158,OKX_CONTRACT_OI_HISTORY,1.24,0.553571428571,0.446428571429,OKX_GLOBAL_ACCOUNT_RATIO,1.1,0.52380952381,0.47619047619,OKX_GLOBAL_ACCOUNT_RATIO,6.77665088416e-05,OKX_FUNDING_HISTORY,4.49698337612e-05,OKX_FUNDING_HISTORY,PRICE_UP_OI_DOWN,PRICE_UP_OI_UP,PASS,PASS,0.66503729246,0.401649632419,-0.252365930599,-0.263387660041,-0.635593439009,1.1952096257,1.54167535696,1.47558082873,-0.063211125158,-0.0660945282304,-1.44394943319,3.60004387764,1.6323038078,1.70125687162,0.0949667616334,0.0689530638255,-3.96267706399,-0.695133038966,0.328107498007,1.13061696287,0.829081632653,0.80250946486,1.41899054244,3.90109167564,,,,,,
2026-09-09T09:00:00Z,2026-09-09T11:00:00+02:00,2026-09-10T11:00:00Z,79698.02,79716,78900,78952.01,524.33216,41583100.8567,128350,224.84248,17829138.6354,23753962.2213,0.428759237962,-0.936045839031,1.03422053232,2519.72,2520.44,2490.43,2490.62,12570.3623,31466291.6276,108993,4407.3216,11028415.451,20437876.1766,0.350483481865,-1.1548902259,1.20501278896,0.03162,0.03163,0.03152,0.03155,-0.22137887413,0.348984771574,0.0315459986389,1.26842111603,2710113.71,27101.1371,-0.175066433192,OKX_CONTRACT_OI_HISTORY,6096850.45,609685.045,-2.7495574123,OKX_CONTRACT_OI_HISTORY,1.22,0.54954954955,0.45045045045,OKX_GLOBAL_ACCOUNT_RATIO,1.18,0.54128440367,0.45871559633,OKX_GLOBAL_ACCOUNT_RATIO,,,,,UNAVAILABLE,UNAVAILABLE,PASS,PASS,0.0362123136311,-0.237927388086,-0.252924438824,-0.274139701717,-0.711624881778,-1.12490106693,0.585829059659,0.309714732191,-0.252924438824,-0.276114327468,-1.58108366694,0.930880182303,0.24125850553,-0.0557782673424,-0.284450063211,-0.297036772873,-4.12803232698,-2.8670737823,-0.456212880852,0.235837666414,0.702202361953,0.692050547267,1.42598806146,0.501444285851,,,,,,
2026-09-09T10:00:00Z,2026-09-09T12:00:00+02:00,2026-09-10T11:00:00Z,78952.01,79183.91,78878.11,78920.01,419.34722,33146679.7728,127067,225.28389,17806754.5327,15339925.2401,0.537210805268,-0.0405309503837,0.387686773935,2490.61,2494.39,2482.56,2487.4,15825.7948,39401732.7187,87565,6723.0541,16740214.9735,22661517.7452,0.424859868296,-0.129285077611,0.47652423305,0.03154,0.03156,0.03145,0.03152,-0.095087163233,0.349761526232,0.0315179889105,0.638076706601,2761048.91,27610.4891,1.87944881471,OKX_CONTRACT_OI_HISTORY,6166771.25,616677.125,1.1468347563,OKX_CONTRACT_OI_HISTORY,1.26,0.557522123894,0.442477876106,OKX_GLOBAL_ACCOUNT_RATIO,1.28,0.561403508772,0.438596491228,OKX_GLOBAL_ACCOUNT_RATIO,,,,,PRICE_DOWN_OI_UP,PRICE_DOWN_OI_UP,PASS,PASS,-0.301949126966,-0.553723138431,-0.253164556962,-0.251774011464,0.395211968445,0.22995704957,0.455141159058,-0.0646843524132,-0.536446828653,-0.519825511471,0.0774627886072,2.26473532498,0.448032277772,0.248262965292,-0.221589110478,-0.199769312481,-2.49972194727,-0.776726457088,-0.554422883065,-0.0646843524132,0.510204081633,0.489738530651,3.09965777308,1.58779876812,,,,,,
2026-09-09T11:00:00Z,2026-09-09T13:00:00+02:00,2026-09-10T11:00:00Z,78920.01,79379.28,78725.29,79324.75,742.09582,58665266.4171,140334,315.28773,24929778.244,33735488.1731,0.424949544536,0.512848389147,0.830724154843,2487.4,2505.88,2482.5,2501,11346.6383,28296460.4492,78717,6703.0708,16718193.5702,11578266.8789,0.590822785072,0.546755648468,0.941792547835,0.03152,0.03158,0.03151,0.03153,0.0317258883249,0.222151697874,0.0315286212689,0.437295081968,2744177.14,27441.7714,-0.6110637859,OKX_CONTRACT_OI_HISTORY,6121287.61,612128.761,-0.737560031921,OKX_CONTRACT_OI_HISTORY,1.26,0.557522123894,0.442477876106,OKX_GLOBAL_ACCOUNT_RATIO,1.33,0.570815450644,0.429184549356,OKX_GLOBAL_ACCOUNT_RATIO,,,,,PRICE_UP_OI_DOWN,PRICE_UP_OI_DOWN,PASS,PASS,0.0596891195893,-0.379601120082,-0.44205873066,-0.439290239672,0.327820465858,-0.801186358826,1.10756629848,0.641433204832,-0.44205873066,-0.466133093644,-0.894065263495,1.21768580024,1.14081331878,1.06030483764,-0.0633914421553,-0.0805084811386,-3.19581798217,-2.85127536983,-0.120133225619,0.476066126991,0.574162679426,0.59619935261,2.31766848537,0.631375578041,,,,,,
2026-09-09T12:00:00Z,2026-09-09T14:00:00+02:00,2026-09-10T11:00:00Z,79324.75,79662.56,79281.51,79606.14,1136.20636,90274405.9876,144608,545.93771,43377710.561,46896695.4266,0.480509509716,0.354731656891,0.480629089935,2501.01,2512.91,2498.7,2511.61,15653.9518,39233815.0664,95397,9439.2087,23660196.2131,15573618.8533,0.603056220076,0.424230307877,0.568695721775,0.03153,0.03155,0.0315,0.03154,0.0317158261973,0.15873015873,0.0315504557814,-3.31398744232,2704065.12,27040.6512,-1.46171394752,OKX_CONTRACT_OI_HISTORY,6110909.49,611090.949,-0.169541453714,OKX_CONTRACT_OI_HISTORY,1.24,0.553571428571,0.446428571429,OKX_GLOBAL_ACCOUNT_RATIO,1.26,0.557522123894,0.442477876106,OKX_GLOBAL_ACCOUNT_RATIO,,,,,PRICE_UP_OI_DOWN,PRICE_UP_OI_DOWN,PASS,PASS,-0.115285172706,-0.322256749731,-0.253004427577,-0.206971577025,-0.397861547912,-2.52530263132,1.05552991984,0.614113801336,-0.473335437046,-0.441416118505,-2.05576414225,0.666785745493,1.47374142431,1.56988664626,0.0634517766497,0.0961452219441,-5.13870152421,-4.02735062192,-0.00087932142514,0.244663697176,0.190597204574,0.245543018601,0.621544106239,0.398864259266,,,,,,
2026-09-09T13:00:00Z,2026-09-09T15:00:00+02:00,2026-09-10T11:00:00Z,79606.15,79678.84,79103.19,79140.69,700.9372,55664950.0057,239136,316.39921,25134008.7259,30530941.2798,0.451523062957,-0.584691080361,0.727720335931,2511.61,2521.48,2499.75,2502.52,18763.9299,47119703.8484,185364,8681.6979,21804208.3578,25315495.4906,0.462740776724,-0.361919247017,0.869286928693,0.03155,0.03167,0.03155,0.03161,0.221940393152,0.380348652932,0.0316211546804,-3.52760057862,2705581.86,27055.8186,0.0560911047883,OKX_CONTRACT_OI_HISTORY,6117481.76,611748.176,0.107549784705,OKX_CONTRACT_OI_HISTORY,1.19,0.543378995434,0.456621004566,OKX_GLOBAL_ACCOUNT_RATIO,1.15,0.53488372093,0.46511627907,OKX_GLOBAL_ACCOUNT_RATIO,,,,,PRICE_DOWN_OI_UP,PRICE_DOWN_OI_UP,PASS,PASS,0.2389806162,0.477792678128,0.190174326466,0.238812061929,-0.16721992082,0.338392915641,0.315864193227,0.188966290335,-0.157927984839,-0.126897902892,-2.05756370712,0.109873265907,1.51232028666,1.75865195769,0.221940393152,0.246331671031,-5.00194649704,-5.66203853092,-0.266307053848,0.146466788856,0.412960609911,0.412773842703,0.319660939223,0.476530356807,,,,,,
2026-09-09T14:00:00Z,2026-09-09T16:00:00+02:00,2026-09-10T16:00:00Z,79140.69,79413.74,78877.36,78958.01,1034.69116,81786587.1182,314211,421.48795,33326562.8275,48460024.2907,0.407482008992,-0.230829425419,0.680017688219,2502.52,2514.32,2495.16,2499.39,15872.5159,39744745.7636,250030,8049.4256,20159634.2175,19585111.546,0.507227655637,-0.125073925483,0.767886628513,0.03162,0.0317,0.03161,0.03166,0.126502213789,0.284720025308,0.0316546731611,1.68279700247,2739022.88,27390.2288,1.23600104267,OKX_CONTRACT_OI_HISTORY,6097495.79,609749.579,-0.326702567888,OKX_CONTRACT_OI_HISTORY,1.21,0.547511312217,0.452488687783,OKX_GLOBAL_ACCOUNT_RATIO,1.18,0.54128440367,0.45871559633,OKX_GLOBAL_ACCOUNT_RATIO,,,,,UNAVAILABLE,UNAVAILABLE,PASS,PASS,0.048150019241,0.482029428319,0.444162436548,0.433879409078,-0.797741391695,-1.12336678614,0.294692948366,0.226567324581,-0.0631313131313,-0.0681256237854,-1.2907590395,-0.749543384103,0.497011996815,0.548323249228,0.063211125158,0.0513112524126,-3.16769993893,-3.89660942496,-0.295408813648,0.365419288517,0.699745547074,0.660828102165,0.244274114291,-0.353894511509,,,,,,
2026-09-09T15:00:00Z,2026-09-09T17:00:00+02:00,2026-09-10T16:00:00Z,78958.01,79394.99,78060.03,78596.7,1730.66758,136024258.022,420352,730.2757,57399379.1435,78624878.8787,0.42197899094,-0.45759765222,1.71017100557,2499.4,2512.7,2470.57,2490.26,32608.2525,81095220.0932,338875,13539.9233,33682143.8319,47413076.2612,0.415340679675,-0.365289130548,1.70527449131,0.03166,0.03172,0.03163,0.03169,0.0947567909034,0.284539993677,0.0316840274464,1.88503610065,2736107.82,27361.0782,-0.106427004363,OKX_CONTRACT_OI_HISTORY,6103264.2,610326.42,0.094602935347,OKX_CONTRACT_OI_HISTORY,1.28,0.561403508772,0.438596491228,OKX_GLOBAL_ACCOUNT_RATIO,1.28,0.561403508772,0.438596491228,OKX_GLOBAL_ACCOUNT_RATIO,,,,,PRICE_DOWN_OI_DOWN,PRICE_DOWN_OI_UP,PASS,PASS,-0.917809384839,-0.429428228709,0.507453219156,0.48838115613,-0.2940524459,-0.294438215426,-0.0525318481482,0.0546426132026,0.126382306477,0.107174461351,-1.3625843464,-0.818078922852,-0.389460610362,-0.334584690749,0.0631512472371,0.0548759196127,-3.42748980866,-1.99396584197,-0.285821253688,0.8026942678,1.11678366305,1.08851552149,-1.18344985667,-1.51215512264,,,,,,
2026-09-09T16:00:00Z,2026-09-09T18:00:00+02:00,2026-09-10T16:00:00Z,78596.7,78938.55,78460.34,78804.9,548.53711,43170909.2776,170195,304.11065,23935557.5448,19235351.7328,0.554437188035,0.264896617797,0.609492643035,2490.26,2499.4,2484.81,2495.88,8353.4579,20825034.9365,96268,4398.97,10967711.0288,9857323.90766,0.526659910165,0.225679246344,0.587167630523,0.03169,0.03171,0.03166,0.03167,-0.0631113916062,0.157927984839,0.0316716346319,-0.516118563395,2714951.45,27149.5145,-0.773228666113,OKX_CONTRACT_OI_HISTORY,6104698.3,610469.83,0.0234972623338,OKX_CONTRACT_OI_HISTORY,1.27,0.559471365639,0.440528634361,OKX_GLOBAL_ACCOUNT_RATIO,1.25,0.555555555556,0.444444444444,OKX_GLOBAL_ACCOUNT_RATIO,6.95402575674e-05,OKX_FUNDING_HISTORY,4.30724967348e-05,OKX_FUNDING_HISTORY,PRICE_UP_OI_DOWN,PRICE_UP_OI_UP,PASS,PASS,-1.00650527711,-0.626291502263,0.412175015853,0.380213774842,0.402591265997,-0.101641007941,-0.463045414069,-0.548682087144,-0.0946372239748,-0.0856366730742,-0.632485357889,-1.46053407579,0.0876474502288,-0.0264365882381,-0.0946372239748,-0.114084038467,-3.92546276013,-1.70164124168,-0.283402761548,0.526824552924,0.82776185928,0.810227314472,-2.28006708221,-1.69329311819,,,,,,
2026-09-09T17:00:00Z,2026-09-09T19:00:00+02:00,2026-09-10T19:00:00Z,78804.9,78934.4,78674,78776.01,424.82404,33475271.4801,108807,264.36018,20831363.2018,12643908.2783,0.62229109073,-0.0366601569192,0.330986094517,2495.88,2499.74,2488.5,2493.62,6693.054,16701303.6809,80971,3309.8911,8259717.57674,8441586.10414,0.494555259551,-0.090549225123,0.4516777175,0.03167,0.03169,0.03163,0.03166,-0.0315756236186,0.189693329118,0.0316545608238,1.71829147986,2717175.4,27171.754,0.0819149086442,OKX_CONTRACT_OI_HISTORY,6132964.06,613296.406,0.463016493379,OKX_CONTRACT_OI_HISTORY,1.24,0.553571428571,0.446428571429,OKX_GLOBAL_ACCOUNT_RATIO,1.24,0.553571428571,0.446428571429,OKX_GLOBAL_ACCOUNT_RATIO,,,,,UNAVAILABLE,UNAVAILABLE,PASS,PASS,-0.460799621535,-0.355641513355,0.158177791838,0.10515810818,0.428504499213,0.253082895992,-0.186788638051,-0.117762040568,0.094846664559,0.069026597483,-0.452911115229,-0.53923199224,0.346006171885,0.22306446362,-0.1261829653,-0.122941708265,-3.34151912956,-0.583577495722,-0.517416458748,-0.0721321460917,0.476039352586,0.445284312657,-1.66816303924,0.182444359103,,,,,,
2026-09-09T18:00:00Z,2026-09-09T20:00:00+02:00,2026-09-10T19:00:00Z,78776,78792.25,78403.36,78414.42,291.49177,22902359.222,78719,137.66619,10818931.7898,12083427.4321,0.472393768911,-0.459010300217,0.496011905612,2493.61,2495.81,2481.42,2481.43,5562.1976,13841894.1415,58178,2714.1126,6755691.3836,7086202.75793,0.48806119412,-0.488847538919,0.579909890305,0.03167,0.03169,0.03165,0.03166,0,0.126382306477,0.0316450724242,4.71718807301,2704235.2,27042.352,-0.476237198379,OKX_CONTRACT_OI_HISTORY,6088369.63,608836.963,-0.727126876396,OKX_CONTRACT_OI_HISTORY,1.27,0.559471365639,0.440528634361,OKX_GLOBAL_ACCOUNT_RATIO,1.25,0.555555555556,0.444444444444,OKX_GLOBAL_ACCOUNT_RATIO,,,,,PRICE_DOWN_OI_DOWN,PRICE_DOWN_OI_DOWN,PASS,PASS,-0.688454534252,-0.718575332381,0,-0.0301207981293,-1.27007628355,-0.149670624045,-0.940650738141,-0.792403798101,0.189873417722,0.14824694004,-1.67060600294,-1.04432258343,-0.0275128767403,-0.221557415941,-0.1261829653,-0.194044539201,-2.80095589246,-0.0937002826907,-0.987093313615,-0.415765373487,0.603749602796,0.571327940129,-1.90205777471,-0.349867918479,,,,,,
2026-09-09T19:00:00Z,2026-09-09T21:00:00+02:00,2026-09-10T19:00:00Z,78414.42,78575.32,78150,78234.94,474.58363,37204988.0453,113699,231.04632,18111974.5185,19093013.5268,0.486815759661,-0.228886472667,0.544235444658,2481.43,2484.96,2462.52,2465.49,16619.2294,41115932.1331,107857,5828.1281,14423084.7819,26692847.3513,0.350790655437,-0.642371535768,0.911261634423,0.03164,0.03164,0.0315,0.0315,-0.505369551485,0.444444444444,0.0315139245969,-4.41855371549,2714434.23,27144.3423,0.377150256753,OKX_CONTRACT_OI_HISTORY,6010401.63,601040.163,-1.28060556008,OKX_CONTRACT_OI_HISTORY,1.28,0.561403508772,0.438596491228,OKX_GLOBAL_ACCOUNT_RATIO,1.34,0.57264957265,0.42735042735,OKX_GLOBAL_ACCOUNT_RATIO,,,,,PRICE_DOWN_OI_UP,PRICE_DOWN_OI_DOWN,PASS,PASS,-0.460273777398,-0.994675254793,-0.599558220259,-0.534401477395,-0.792132160932,-1.5215230237,-1.3149896509,-1.79404348883,-0.536785601516,-0.479053837924,-0.759587956548,-2.59815431169,-0.269051321928,-0.677994779078,-0.442477876106,-0.408943457149,-1.8899688334,-1.14593026282,-1.42489550288,-1.22156427535,0.190839694656,0.20333122752,-1.08386721796,-1.61083662378,,,,,,
2026-09-09T20:00:00Z,2026-09-09T22:00:00+02:00,2026-09-10T22:00:00Z,78234.94,78340.01,77917.09,78324.07,550.88264,43065958.2117,117354,249.07838,19475898.9397,23590059.272,0.452234194906,0.113926079575,0.542782077719,2465.49,2472.72,2453.97,2471.82,15648.7826,38579901.0407,138550,6956.5053,17152249.7972,21427651.2435,0.444590300507,0.256744095494,0.764068020391,0.03151,0.03155,0.0315,0.03155,0.126943827356,0.15873015873,0.0315588809417,-2.81408638169,2686703.67,26867.0367,-1.02159631254,OKX_CONTRACT_OI_HISTORY,5968532.37,596853.237,-0.696613347617,OKX_CONTRACT_OI_HISTORY,1.3,0.565217391304,0.434782608696,OKX_GLOBAL_ACCOUNT_RATIO,1.4,0.583333333333,0.416666666667,OKX_GLOBAL_ACCOUNT_RATIO,,,,,UNAVAILABLE,UNAVAILABLE,PASS,PASS,-0.61015241438,-0.963988653301,-0.378907483423,-0.35383623892,-1.04045249133,-2.2305103923,-1.72394496124,-1.901394197,-0.22137887413,-0.177449235755,-1.03735707405,-4.79635028911,-0.208847238922,-0.453869976521,-0.284450063211,-0.2450227376,-2.46632759565,-1.3689771264,-1.15339862187,-0.919527329282,0.190536678311,0.233871292591,-1.8135599451,-2.43106386227,,,,,,
2026-09-09T21:00:00Z,2026-09-09T23:00:00+02:00,2026-09-10T22:00:00Z,78324.07,78339.56,77994.15,78145.02,316.14499,24722682.3122,94522,109.50073,8561678.46984,16161003.8424,0.346308639237,-0.228601501429,0.442866548324,2471.82,2472.38,2456.57,2461.89,7937.2148,19566179.7658,68116,2481.3011,6116629.80053,13449549.9653,0.312612368573,-0.401728281186,0.643580276564,0.03155,0.03157,0.03147,0.03149,-0.190174326466,0.31776294884,0.0315041188805,-4.48159828424,2678002.83,26780.0283,-0.323848145114,OKX_CONTRACT_OI_HISTORY,5983080.39,598308.039,0.243745348071,OKX_CONTRACT_OI_HISTORY,1.32,0.568965517241,0.431034482759,OKX_GLOBAL_ACCOUNT_RATIO,1.44,0.590163934426,0.409836065574,OKX_GLOBAL_ACCOUNT_RATIO,,,,,PRICE_DOWN_OI_DOWN,PRICE_DOWN_OI_UP,PASS,PASS,-0.800992586449,-1.27244728547,-0.536955148452,-0.471454699024,-1.44166512033,-2.44390263066,-1.02212723907,-1.1535280372,-0.190174326466,-0.13140079813,-1.18485360528,-1.8660464273,-0.4422860978,-0.847385951275,-0.442617767942,-0.405099853476,-2.74720374538,-0.952536901381,-1.28717598909,-1.17217764111,0.0953591862683,0.114998347973,-2.12870427981,-2.09540428715,,,,,,
2026-09-09T22:00:00Z,2026-09-10T00:00:00+02:00,2026-09-11T00:00:00Z,78145.02,78196,77770,77924.06,513.88945,40055124.666,158764,209.69537,16347216.8866,23707907.7795,0.408117987969,-0.282756341991,0.547769062621,2461.89,2463.46,2442.44,2450.37,23215.5956,56912939.7426,152502,7689.7338,18853590.5416,38059349.201,0.331270720276,-0.467933173294,0.860614795041,0.0315,0.03151,0.03141,0.03145,-0.15873015873,0.318369945877,0.0314456151284,1.3944302289,2656894.69,26568.9469,-0.788204544205,OKX_CONTRACT_OI_HISTORY,5935186.6,593518.66,-0.800487155079,OKX_CONTRACT_OI_HISTORY,1.33,0.570815450644,0.429184549356,OKX_GLOBAL_ACCOUNT_RATIO,1.53,0.604743083004,0.395256916996,OKX_GLOBAL_ACCOUNT_RATIO,,,,,UNAVAILABLE,UNAVAILABLE,PASS,PASS,-0.625344165015,-1.25169760985,-0.663297536323,-0.626353444831,-1.75060623425,-2.51599425313,-1.26197399113,-1.48870306344,-0.222081218274,-0.226729072306,-3.77227001024,-3.75536306783,-0.812576595126,-1.55242445792,-0.757336699274,-0.739847862791,-3.69772932718,-1.57567677683,-1.30221846918,-1.31652074457,0,-0.0143022753878,-2.12213552134,-2.10836255979,,,,,,
2026-09-09T23:00:00Z,2026-09-10T01:00:00+02:00,2026-09-11T00:00:00Z,77924,78321.09,77920.56,78306.43,300.08433,23461051.7857,78272,207.39026,16213609.8899,7247441.89582,0.691086232535,0.490695685004,0.514023513178,2450.36,2469,2450.12,2468.13,5009.622,12333748.4466,76051,2794.4233,6880920.79865,5452827.64792,0.557893719696,0.724788501328,0.770574502473,0.03146,0.03154,0.03145,0.03152,0.222575516693,0.286168521463,0.0315188676077,0.359274430439,2656903.37,26569.0337,0.000326697179021,OKX_CONTRACT_OI_HISTORY,5964553.69,596455.369,0.494796406233,OKX_CONTRACT_OI_HISTORY,1.32,0.568965517241,0.431034482759,OKX_GLOBAL_ACCOUNT_RATIO,1.58,0.612403100775,0.387596899225,OKX_GLOBAL_ACCOUNT_RATIO,,,,,PRICE_UP_OI_UP,PRICE_UP_OI_UP,PASS,PASS,0.0913786090972,0.107078106178,0.0634920634921,0.0156994970805,-2.11944203194,-0.762809922238,-1.28373553021,-1.31427429028,-0.0317158261973,-0.0305387600742,-3.1803256695,-2.56047305707,-0.190387453828,-0.681271277152,-0.473634354278,-0.490883823325,-4.04595674592,-1.37396577367,-1.0182777558,-0.88468210878,0.12706480305,0.133595647025,-2.21538063217,-2.07293726191,,,,,,
2026-09-10T00:00:00Z,2026-09-10T02:00:00+02:00,2026-09-11T00:00:00Z,78306.43,78382.35,78073.8,78180.7,826.01999,64616943.9221,106859,340.73873,26649246.1876,37967697.7344,0.412418857502,-0.160561527323,0.395203000238,2468.14,2471.43,2462.88,2465.01,6514.3394,16073507.0118,85419,3242.6019,8000404.92997,8073102.08181,0.497738603287,-0.126411493722,0.34715455077,0.03153,0.03156,0.03151,0.03152,0,0.158679784195,0.0315296486217,-3.06017419808,2665411.29,26654.1129,0.320219398871,OKX_CONTRACT_OI_HISTORY,5958969.65,595896.965,-0.0936204163836,OKX_CONTRACT_OI_HISTORY,1.32,0.568965517241,0.431034482759,OKX_GLOBAL_ACCOUNT_RATIO,1.56,0.609375,0.390625,OKX_GLOBAL_ACCOUNT_RATIO,4.94967424739e-05,OKX_FUNDING_HISTORY,1.77947507675e-05,OKX_FUNDING_HISTORY,PRICE_DOWN_OI_UP,PRICE_DOWN_OI_DOWN,PASS,PASS,-0.183047178217,-0.275505497973,-0.095087163233,-0.0924583197558,-0.792509432199,-0.160218951782,-1.79061564849,-1.85538359857,-0.0634115409004,-0.0647679500768,-1.42947112161,-2.48637032259,-0.75398621257,-1.25266396398,-0.536446828653,-0.498677751409,-3.45584870912,-1.83616333999,-1.42773424005,-1.23011087025,0.190718372537,0.197623369799,-1.83553513312,-2.29418857106,-2.46919879376,-1.91630490576,0.542264752791,0.552893888006,2.292233204,1.18377176824
2026-09-10T01:00:00Z,2026-09-10T03:00:00+02:00,2026-09-11T00:00:00Z,78180.7,78508.49,77952,78094,429.21115,33562115.6124,147168,191.86448,15002751.1502,18559364.4622,0.447014464865,-0.110896934921,0.713888033662,2465,2479.29,2455.17,2463.73,13251.1072,32664101.1831,153231,6569.2543,16193369.0272,16470732.1559,0.495754312552,-0.0519267670314,0.982416696196,0.03152,0.03159,0.0315,0.03155,0.0951776649746,0.285714285714,0.0315482623505,0.550790874001,2702871.52,27028.7152,1.40542024942,OKX_CONTRACT_OI_HISTORY,6005091.88,600509.188,0.773996726095,OKX_CONTRACT_OI_HISTORY,1.34,0.57264957265,0.42735042735,OKX_GLOBAL_ACCOUNT_RATIO,1.57,0.610894941634,0.389105058366,OKX_GLOBAL_ACCOUNT_RATIO,,,,,PRICE_DOWN_OI_UP,PRICE_DOWN_OI_UP,PASS,PASS,-0.0652888693355,0.07473932629,0.190536678311,0.140028195625,0.92862821956,0.367895608369,-1.32256870644,-1.55003756214,-0.189813350206,-0.227468855698,-0.100175863834,-1.83719191016,-1.01088203419,-1.36400032028,-0.347441566646,-0.353118286096,-2.15567838874,-1.729337227,-1.6968230529,-1.62040641933,0.0951776649746,0.0764166335638,-0.0904115710724,-1.33846154746,-2.292291358,-1.60311837276,0.702202361953,0.689172985237,3.09662908042,0.877581719985
2026-09-10T02:00:00Z,2026-09-10T04:00:00+02:00,2026-09-11T00:00:00Z,78094.01,78373.1,77980,78357.86,250.2874,19552621.4802,83298,108.37543,8468398.25945,11084223.2208,0.433108075458,0.337874868748,0.504103616312,2463.73,2476.11,2459.74,2474.86,3595.8078,8871367.20379,61352,1842.6457,4547313.65212,4324053.55167,0.512583184492,0.451754047724,0.665517493719,0.03155,0.0316,0.03154,0.03159,0.126782884311,0.190234622701,0.0315840682734,1.8780755275,2703811.62,27038.1162,0.0347815274623,OKX_CONTRACT_OI_HISTORY,5940485.15,594048.515,-1.07586580341,OKX_CONTRACT_OI_HISTORY,1.37,0.57805907173,0.42194092827,OKX_GLOBAL_ACCOUNT_RATIO,1.57,0.610894941634,0.389105058366,OKX_GLOBAL_ACCOUNT_RATIO,,,,,PRICE_UP_OI_UP,PRICE_UP_OI_DOWN,PASS,PASS,0.556695839513,0.999440900762,0.445151033386,0.442745061248,1.76585583827,0.0892735200609,-0.760087545266,-0.981439471231,-0.221099178774,-0.221351925965,-1.28554092254,-2.5750020239,-0.467634521297,-0.757095767803,-0.284090909091,-0.289461246505,-2.55970672638,-3.3052446507,-0.724882715712,-0.396825396825,0.381315538608,0.328057318887,-0.434657671038,-2.45061307114,-1.89845937814,-1.46948168025,0.445151033386,0.428977697893,3.22636476308,-0.247672525373
2026-09-10T03:00:00Z,2026-09-10T05:00:00+02:00,2026-09-11T05:00:00Z,78357.87,78550,78278,78328.08,370.87043,29070090.4567,71255,207.23848,16242568.8225,12827521.6342,0.558738158956,-0.0380178787402,0.347479496155,2474.86,2479.14,2471.77,2475.41,6711.8811,16616489.0146,75856,3615.7111,8950910.16453,7665578.85006,0.538676380833,0.0222234793079,0.298166900642,0.03159,0.03161,0.03156,0.0316,0.0316555872111,0.158428390368,0.0316030981482,-0.980330531102,2709289.16,27092.8916,0.202585859144,OKX_CONTRACT_OI_HISTORY,5907763.94,590776.394,-0.550817133176,OKX_CONTRACT_OI_HISTORY,1.37,0.57805907173,0.42194092827,OKX_GLOBAL_ACCOUNT_RATIO,1.5,0.6,0.4,OKX_GLOBAL_ACCOUNT_RATIO,,,,,UNAVAILABLE,UNAVAILABLE,PASS,PASS,0.0276477934188,0.294960152018,0.253807106599,0.267312358599,1.97168593301,-0.952120694214,-0.341770074316,-0.596323275481,-0.284001262228,-0.254553201165,-0.980175554631,-3.20320821111,-0.394122384328,-0.5420065089,-0.157977883096,-0.147884124572,-2.32940418236,-3.99508236273,-0.732768038235,-0.427587649434,0.285623611552,0.3051803888,-1.84352459797,-4.17264669411,-1.59342653605,-0.881706394173,0.701083492671,0.711720141879,2.31802096147,-2.24548867408
2026-09-10T04:00:00Z,2026-09-10T06:00:00+02:00,2026-09-11T05:00:00Z,78328.08,78437.99,78300,78400,221.79379,17381845.2797,46418,108.46813,8500268.98781,8881576.29189,0.489031449252,0.0918189236861,0.176232439336,2475.4,2481,2474.4,2478.68,4959.8063,12288696.4163,56926,2266.547,5615598.89341,6673097.52288,0.456972709161,0.132099329,0.266731328807,0.03161,0.03164,0.03159,0.03161,0.0316455696202,0.158277936056,0.0316158163265,-1.83968886665,2721282.7,27212.827,0.442682168337,OKX_CONTRACT_OI_HISTORY,5909644.81,590964.481,0.0318372571942,OKX_CONTRACT_OI_HISTORY,1.37,0.57805907173,0.42194092827,OKX_GLOBAL_ACCOUNT_RATIO,1.48,0.596774193548,0.403225806452,OKX_GLOBAL_ACCOUNT_RATIO,,,,,UNAVAILABLE,UNAVAILABLE,PASS,PASS,0.28050401186,0.55456164478,0.285532994924,0.274057632921,2.09616467859,-0.8277410844,-0.513800537784,-0.689135695626,-0.189453741711,-0.175335157843,0.23319938189,-3.1951372601,-0.974466822026,-1.23403661865,-0.283911671924,-0.259569796626,-0.400760927945,-4.60900526744,-0.354238141424,-0.0125050927999,0.317359568391,0.341733048624,-1.70807514382,-4.93859049912,-1.66072951683,-0.786525398967,0.861518825782,0.874204117867,2.63966779794,-2.25321954697
2026-09-10T05:00:00Z,2026-09-10T07:00:00+02:00,2026-09-11T05:00:00Z,78400.01,78564.39,78270.75,78536.71,554.7012,43506335.6178,74334,312.82238,24534733.9562,18971601.6617,0.563934737498,0.174375,0.375159302805,2478.68,2483.83,2473.95,2482.13,4667.2936,11572470.5461,48378,2666.7446,6612401.6741,4960068.872,0.571390667858,0.139186986622,0.399361345217,0.03162,0.03164,0.0316,0.0316,-0.0316355583676,0.126582278481,0.0316047107143,-1.49051016667,2724745.74,27247.4574,0.127257634791,OKX_CONTRACT_OI_HISTORY,5936394.22,593639.422,0.452639893936,OKX_CONTRACT_OI_HISTORY,1.37,0.57805907173,0.42194092827,OKX_GLOBAL_ACCOUNT_RATIO,1.45,0.591836734694,0.408163265306,OKX_GLOBAL_ACCOUNT_RATIO,,,,,PRICE_UP_OI_UP,PRICE_UP_OI_UP,PASS,PASS,0.566893743437,0.74683508339,0.158478605388,0.179941339952,0.809295589455,-1.14399015657,-0.303772684095,-0.460775900097,-0.189513581807,-0.157003216002,0.278610648396,-3.20513601705,-0.489993909286,-0.577995321562,-0.0948466645589,-0.088001412276,-0.175562325428,-3.72708489049,-0.0525465142915,0.353766910058,0.413091833492,0.40631342435,-2.2568902292,-5.62527799725,-1.53305933452,-0.905062280422,0.604902897167,0.6279970541,2.82292629664,-1.45846232437
2026-09-10T06:00:00Z,2026-09-10T08:00:00+02:00,2026-09-11T05:00:00Z,78536.71,78542.05,78147.98,78416.01,573.34123,44893212.1218,99460,222.15075,17400964.9988,27492247.123,0.387607929492,-0.153686091511,0.504261274572,2482.12,2484.76,2472,2480.3,5077.4954,12582835.867,59660,2811.4757,6970055.83464,5612780.03238,0.55393362103,-0.0737270006003,0.516181229773,0.0316,0.03166,0.0316,0.03163,0.0949367088607,0.189873417722,0.0316300204512,-0.00646575011309,2720559.54,27205.5954,-0.153636353607,OKX_CONTRACT_OI_HISTORY,5947163.11,594716.311,0.181404563122,OKX_CONTRACT_OI_HISTORY,1.37,0.57805907173,0.42194092827,OKX_GLOBAL_ACCOUNT_RATIO,1.43,0.588477366255,0.411522633745,OKX_GLOBAL_ACCOUNT_RATIO,,,,,PRICE_DOWN_OI_DOWN,PRICE_DOWN_OI_UP,PASS,PASS,0.0742108066759,0.219810413518,0.126622348845,0.145599606842,0.6194188928,0.112414387569,0.00202768827469,-0.0455382581818,-0.0947567909033,-0.0475659464565,0.603658291261,-2.31928297034,-0.938642123331,-0.837581209395,0.0949367088607,0.101060913935,-1.07703246333,-3.33938475793,0.117997655623,0.476801983367,0.348984771574,0.358804327743,-2.41124991547,-6.12548461034,-1.56072231141,-0.698231201006,0.893141945774,0.862491110409,2.48536893746,-1.83820506572
2026-09-10T07:00:00Z,2026-09-10T09:00:00+02:00,2026-09-11T05:00:00Z,78416.01,78422.01,77906.48,78112,526.86865,41148587.8342,103411,290.93248,22718528.2433,18430059.5908,0.552109548325,-0.387688687552,0.661729293892,2480.31,2480.31,2464.11,2472.97,9348.9038,23094453.6481,71850,4118.1847,10171117.6093,12923336.0388,0.440413865782,-0.295528766681,0.657438182549,0.03162,0.03167,0.03161,0.03166,0.094846664559,0.189813350206,0.0316592841049,0.226124862008,2823047.25,28230.4725,3.76715556095,OKX_CONTRACT_OI_HISTORY,5964418.46,596441.846,0.290144219703,OKX_CONTRACT_OI_HISTORY,1.4,0.583333333333,0.416666666667,OKX_GLOBAL_ACCOUNT_RATIO,1.46,0.593495934959,0.406504065041,OKX_GLOBAL_ACCOUNT_RATIO,,,,,PRICE_DOWN_OI_UP,PRICE_DOWN_OI_UP,PASS,PASS,-0.275865309095,-0.0985695298961,0.189873417722,0.177295779199,4.19881685866,0.958984153317,-0.157142064658,0.303387967503,0.507936507937,0.460530032161,4.00131337866,-0.765059855077,-1.47006531367,-1.4960984334,-0.0315756236186,-0.0260331197273,3.21133192759,-3.34333673116,-0.471445681812,-0.268588458762,0.189873417722,0.20285722305,0.506661157062,-5.35109009772,-1.61947750965,-0.658003093177,1.02105934907,0.961474416473,5.34641104107,-0.850376116926
2026-09-10T08:00:00Z,2026-09-10T10:00:00+02:00,2026-09-11T05:00:00Z,78112,78170.74,78038,78110,301.41841,23545828.1073,82125,147.15716,11494570.2576,12051257.8497,0.488178636371,-0.0025604260549,0.170096619596,2472.96,2474.98,2468.86,2471.24,5750.8195,14214919.9043,65937,2298.4779,5680765.19703,8534154.70726,0.399633992684,-0.0699563682536,0.247887689055,0.03166,0.03166,0.03163,0.03164,-0.0631711939356,0.094846664559,0.0316379464857,0.649066865217,2828542.24,28285.4224,0.194647468263,OKX_CONTRACT_OI_HISTORY,6001918.2,600191.82,0.628724162322,OKX_CONTRACT_OI_HISTORY,1.41,0.585062240664,0.414937759336,OKX_GLOBAL_ACCOUNT_RATIO,1.46,0.593495934959,0.406504065041,OKX_GLOBAL_ACCOUNT_RATIO,7.58112245008e-05,OKX_FUNDING_HISTORY,3.5623416911e-05,OKX_FUNDING_HISTORY,PRICE_DOWN_OI_UP,PRICE_DOWN_OI_UP,PASS,PASS,-0.369897959184,-0.300159762454,0.0949066751028,0.0697381967295,3.94150670197,1.56140331554,-0.2733131718,-0.023464491751,0.285261489699,0.249848680049,5.27927852944,0.559364143986,-1.99254636439,-1.92441253626,0.0632511068944,0.0681338281252,4.18715648611,-4.26381520886,-0.392766966768,-0.255894865151,0.158277936056,0.136872101617,0.0585559324087,-4.92930905958,-1.67097656041,-0.815553307968,0.892857142857,0.855423252437,5.66556238308,-0.529058873392
2026-09-10T09:00:00Z,2026-09-10T11:00:00+02:00,2026-09-11T11:00:00Z,78110,78229.22,77910.86,77992.01,605.51933,47268188.8883,81498,154.66855,12073851.9544,35194336.9339,0.255432929383,-0.151056202791,0.408620826416,2471.25,2478,2464.86,2468.7,7574.5915,18719180.2791,67599,2859.5739,7066982.0138,11652198.2653,0.377526254272,-0.103186646434,0.533093157421,0.03164,0.03168,0.03163,0.03165,0.031605562579,0.158077774265,0.0316532424283,-1.02435897436,2840112.51,28401.1251,0.409054170603,OKX_CONTRACT_OI_HISTORY,6007671.21,600767.121,0.095852855842,OKX_CONTRACT_OI_HISTORY,1.42,0.586776859504,0.413223140496,OKX_GLOBAL_ACCOUNT_RATIO,1.46,0.593495934959,0.406504065041,OKX_GLOBAL_ACCOUNT_RATIO,,,,,UNAVAILABLE,UNAVAILABLE,PASS,PASS,-0.69356101115,-0.541067550854,0.158227848101,0.152493460297,4.23403799872,1.20067817868,-0.195802624403,0.276616745671,0.508097808828,0.472419370074,6.05337971207,0.411006010233,-1.21592851151,-0.880102143241,0.316957210777,0.335826368268,4.79680241904,-1.46270998004,-0.977603536935,-0.935389504858,0.031605562579,0.042214032077,0.470756537538,-4.28784678799,-1.66659416987,-0.646340089184,1.02138525375,1.02025408069,6.29119231033,-0.968600369798
2026-09-10T10:00:00Z,2026-09-10T12:00:00+02:00,2026-09-11T11:00:00Z,77992,78044.57,77821.21,77863.21,618.27147,48198158.5693,96487,158.12292,12328724.8135,35869433.7558,0.255792444762,-0.165145121917,0.287016868538,2468.7,2472,2463,2464.21,8572.6373,21159569.6292,67170,3579.3766,8835454.58462,12324115.0446,0.417563057257,-0.181877101308,0.365408038977,0.03165,0.03168,0.03164,0.03165,0,0.126422250316,0.0316479374534,0.651715965765,2851335.87,28513.3587,0.39517307714,OKX_CONTRACT_OI_HISTORY,6028161.56,602816.156,0.341069763703,OKX_CONTRACT_OI_HISTORY,1.42,0.586776859504,0.413223140496,OKX_GLOBAL_ACCOUNT_RATIO,1.47,0.595141700405,0.404858299595,OKX_GLOBAL_ACCOUNT_RATIO,,,,,UNAVAILABLE,UNAVAILABLE,PASS,PASS,-0.704958081902,-0.648711849373,0.063231109706,0.0562462325288,4.80696445261,1.36196785765,-0.0780888470133,0.564812660945,0.635930047695,0.642901507958,7.3183623247,1.56650441285,-1.33907737721,-0.932298785881,0.412436548223,0.406778591327,3.27002392725,-2.24768658315,-0.89704459831,-0.6863503732,0.189933523267,0.210694225109,0.688560474188,-3.00695466388,-1.88607610887,-0.996380086862,0.924744897959,0.889696022009,6.47104125117,-0.695576554909
2026-09-10T11:00:00Z,2026-09-10T13:00:00+02:00,2026-09-11T11:00:00Z,77863.2,78054.84,77688,77840.8,659.08952,51341852.7318,124457,244.60401,19058824.3441,32283028.3877,0.371214191348,-0.0287812434139,0.472196478221,2464.2,2470.08,2458.23,2462.21,9028.2895,22246379.0133,77214,4170.4371,10277717.3516,11968661.6617,0.461995066498,-0.0811619139603,0.482054160921,0.03165,0.03165,0.0316,0.03163,-0.0631911532385,0.158227848101,0.031631355279,-0.42846061059,2834049.71,28340.4971,-0.606247765543,OKX_CONTRACT_OI_HISTORY,6038546.26,603854.626,0.172269769094,OKX_CONTRACT_OI_HISTORY,1.42,0.586776859504,0.413223140496,OKX_GLOBAL_ACCOUNT_RATIO,1.5,0.6,0.4,OKX_GLOBAL_ACCOUNT_RATIO,,,,,PRICE_DOWN_OI_DOWN,PRICE_DOWN_OI_UP,PASS,PASS,-0.347193773044,-0.435104348213,-0.0947567909033,-0.087910575169,0.389737012018,1.24283365591,-0.594625498826,-0.239857706037,0.348984771574,0.354767792789,6.66739867171,1.24053825057,-1.87072761024,-1.55097960816,0.317158261973,0.319748002078,3.27502801076,-1.35169845418,-0.751255801191,-0.507119882332,0.253565768621,0.244135918859,-0.0254539054927,-4.1644331789,-1.98861347043,-1.08229716972,0.893141945774,0.906316300717,5.66860078822,-0.728857170063
2026-09-10T12:00:00Z,2026-09-10T14:00:00+02:00,2026-09-11T11:00:00Z,77840.64,77959.2,76676.07,76896.01,2886.07306,223270413.818,392091,861.31592,66596785.393,156673628.425,0.298278595243,-1.21374651854,1.67344257472,2462.21,2466.75,2408.01,2414.84,51011.6897,124160810.719,375563,20927.7225,50931968.2979,73228842.4211,0.410209695015,-1.92388139111,2.43935864054,0.03163,0.03164,0.03139,0.0314,-0.727157761619,0.796431984709,0.031403970115,-1.26420798065,2863084.13,28630.8413,1.02448520566,OKX_CONTRACT_OI_HISTORY,6104742.77,610474.277,1.09623255581,OKX_CONTRACT_OI_HISTORY,1.46,0.593495934959,0.406504065041,OKX_GLOBAL_ACCOUNT_RATIO,1.67,0.625468164794,0.374531835206,OKX_GLOBAL_ACCOUNT_RATIO,,,,,PRICE_DOWN_OI_UP,PRICE_DOWN_OI_UP,PASS,PASS,-1.55420560748,-2.28225506224,-0.758533501896,-0.728049454759,1.22119053099,1.71319512485,-1.64323164157,-2.03528586091,-0.380710659898,-0.39205421934,7.4162228074,2.44628062504,-3.40442332715,-3.85290709943,-0.443880786303,-0.448483772285,5.88073892244,-0.100913293023,-1.98085429966,-2.34350672722,-0.380710659898,-0.362652427556,0.439843777588,-4.12419978281,-3.40527271275,-3.61767006721,-0.254129606099,-0.212397354466,6.53883441486,0.297548459184
2026-09-10T13:00:00Z,2026-09-10T15:00:00+02:00,2026-09-11T11:00:00Z,76896.01,77234,76745,77174.44,1372.33792,105622953.78,333794,736.15108,56665413.8181,48957539.9615,0.536487683694,0.362086407344,0.637175060265,2414.84,2436.9,2405.85,2435.43,62531.2622,151567160.81,378261,38331.1394,92957007.8897,58610152.9207,0.61330572792,0.852644481622,1.29060415238,0.0314,0.03156,0.03133,0.03156,0.509554140127,0.734120651133,0.0315574690273,0.802020177135,2931597.63,29315.9763,2.39299639442,OKX_CONTRACT_OI_HISTORY,6290777.3,629077.73,3.0473770478,OKX_CONTRACT_OI_HISTORY,1.56,0.609375,0.390625,OKX_GLOBAL_ACCOUNT_RATIO,1.75,0.636363636364,0.363636363636,OKX_GLOBAL_ACCOUNT_RATIO,,,,,PRICE_UP_OI_UP,PRICE_UP_OI_UP,PASS,PASS,-1.04827404756,-1.34767286426,-0.284360189573,-0.299398816701,3.22117943137,4.7124098524,-1.1775040336,-1.14866482934,0.0316957210776,0.0288392042564,8.46233749209,4.75738632662,-2.48449944017,-2.68089765516,-0.158177791838,-0.196398214989,8.35368440857,2.83279209973,-1.00975274257,-0.969393356565,0.0634115409004,0.0403593860009,2.93389108688,-2.98964021137,-2.74419009676,-2.53835749102,0.254129606099,0.205832605744,8.70004881384,3.32282157084
2026-09-10T14:00:00Z,2026-09-10T16:00:00+02:00,2026-09-11T16:00:00Z,77174.43,77424.98,76943.45,77412.01,1105.27456,85349062.5573,211849,524.71824,40526676.1099,44822386.4474,0.474834460926,0.307848078697,0.625823250712,2435.42,2444.84,2427.15,2444.1,35327.7552,86077084.1655,234001,19744.7441,48112690.1389,37964394.0266,0.558948884077,0.356406697818,0.728838349505,0.03155,0.03161,0.03154,0.03157,0.0633914421553,0.221940393152,0.0315726203208,-0.829934536231,2918454.22,29184.5422,-0.448336083557,OKX_CONTRACT_OI_HISTORY,6192552.74,619255.274,-1.56140577413,OKX_CONTRACT_OI_HISTORY,1.56,0.609375,0.390625,OKX_GLOBAL_ACCOUNT_RATIO,1.62,0.618320610687,0.381679389313,OKX_GLOBAL_ACCOUNT_RATIO,,,,,UNAVAILABLE,UNAVAILABLE,PASS,PASS,-0.579477779044,-0.81608304487,-0.252764612954,-0.236605265827,2.35392647728,2.72705332071,-1.20709013748,-1.2428985882,-0.0633111744223,-0.0358084507235,7.9385190304,4.24321555622,-1.95800274095,-2.2121397621,-0.28427037271,-0.254137021151,6.55092519709,1.55895064587,-1.47072225266,-1.6759461895,-0.221238938053,-0.205223936839,3.17571160469,-2.39840499689,-2.24762744193,-1.85480405897,0.413486005089,0.392823382966,6.81120152588,1.19953909359
2026-09-10T15:00:00Z,2026-09-10T17:00:00+02:00,2026-09-11T16:00:00Z,77412.01,77412.89,77092.16,77250,695.08679,53675305.0627,151889,369.77896,28546989.0711,25128315.9917,0.531845865388,-0.209282771498,0.416034522836,2444.11,2445,2432.88,2441.54,19099.7046,46583206.8428,143448,10121.7841,24686286.1638,21896920.6791,0.529939603494,-0.104742031832,0.498175002466,0.03157,0.03161,0.03156,0.03161,0.126702565727,0.158428390368,0.0316056957929,1.36184539266,2914990.65,29149.9065,-0.118678236454,OKX_CONTRACT_OI_HISTORY,6158348.55,615834.855,-0.55234394338,OKX_CONTRACT_OI_HISTORY,1.54,0.606299212598,0.393700787402,OKX_GLOBAL_ACCOUNT_RATIO,1.55,0.607843137255,0.392156862745,OKX_GLOBAL_ACCOUNT_RATIO,,,,,UNAVAILABLE,UNAVAILABLE,PASS,PASS,-0.758985005293,-0.839489726709,-0.063231109706,-0.0805047214161,2.85601694686,1.98395913257,-1.37636464471,-1.36825818753,0.0316455696202,0.00810645717723,7.59245240549,4.24161514483,-1.71343071656,-1.95642222097,-0.252445566425,-0.242991504416,6.53785748838,0.902539169122,-2.09621818919,-2.28446102248,-0.189453741711,-0.188242833292,2.8862832806,-1.10942299559,-1.99435462109,-1.1694320422,0.861518825782,0.824922578895,5.27703536664,-0.623263745794
2026-09-10T16:00:00Z,2026-09-10T18:00:00+02:00,2026-09-11T16:00:00Z,77250,77312.01,76804.99,77200.01,562.44798,43320479.3756,155630,275.82484,21243960.0228,22076519.3528,0.490390695787,-0.06471197411,0.660139399797,2441.54,2450.81,2432.91,2448.78,20101.5211,49044048.7994,149697,10361.8829,25285902.2344,23758146.565,0.515575342033,0.296534154673,0.735744437731,0.03161,0.03175,0.03161,0.03172,0.347991142044,0.442897817146,0.0317199440777,0.0176300035104,2919565.55,29195.6555,0.156943899631,OKX_CONTRACT_OI_HISTORY,6151017.61,615101.761,-0.119040680151,OKX_CONTRACT_OI_HISTORY,1.53,0.604743083004,0.395256916996,OKX_GLOBAL_ACCOUNT_RATIO,1.52,0.603174603175,0.396825396825,OKX_GLOBAL_ACCOUNT_RATIO,9.65826457979e-05,OKX_FUNDING_HISTORY,-6.04700439561e-05,OKX_FUNDING_HISTORY,PRICE_DOWN_OI_UP,PRICE_UP_OI_DOWN,PASS,PASS,0.395339107972,1.40547613921,1.01910828025,1.01013703123,1.97274747913,0.758014575608,-1.5305994898,-1.20628721739,0.347991142044,0.324312272406,7.28637454683,4.08438760298,-2.03653579917,-1.88710995721,0.157878118093,0.14942584196,7.53656570912,0.758748552734,-1.95067332064,-1.91304765796,0.0630914826498,0.0376256626834,3.31525786869,-0.955803867245,-2.31416696202,-1.37022716288,0.986946832219,0.943939799142,5.08465987305,-0.947392402481
2026-09-10T17:00:00Z,2026-09-10T19:00:00+02:00,2026-09-11T19:00:00Z,77200,77544,77126.26,77328.72,584.5114,45208806.3394,117338,307.35727,23772732.8453,21436073.4941,0.525842966674,0.166735751295,0.541631345796,2448.79,2475.03,2447.1,2466.08,18850.9906,46425903.7606,160087,9359.3715,23051692.6621,23374211.0985,0.496526524954,0.706062994377,1.14135098688,0.03172,0.03193,0.03172,0.0319,0.567465321564,0.662042875158,0.0318908679725,2.86352429767,2917155.43,29171.5543,-0.0825506383989,OKX_CONTRACT_OI_HISTORY,6003598.54,600359.854,-2.39666148509,OKX_CONTRACT_OI_HISTORY,1.56,0.609375,0.390625,OKX_GLOBAL_ACCOUNT_RATIO,1.45,0.591836734694,0.408163265306,OKX_GLOBAL_ACCOUNT_RATIO,,,,,UNAVAILABLE,UNAVAILABLE,PASS,PASS,0.199910747652,1.25850465831,1.0773130545,1.05859391066,-0.492639230303,-4.56507592472,-1.53812147211,-0.646622054445,0.949367088608,0.891499417666,7.0615649444,1.13207306505,-1.83722176333,-1.10441847595,0.758054327227,0.732803287376,7.35984986468,-2.10934743355,-1.49757249213,-0.88381757748,0.630914826498,0.613754914654,3.77239994399,-2.68061525234,-2.34513213429,-1.17575398129,1.23770231672,1.16937815299,5.56891253026,-1.93075145985
2026-09-10T18:00:00Z,2026-09-10T20:00:00+02:00,2026-09-11T19:00:00Z,77328.72,77340,76982.6,77252,321.25824,24783967.6121,107529,125.72542,9698452.35824,15085515.2538,0.391319602658,-0.0992128151093,0.464260755028,2466.09,2469.17,2455,2468.49,14175.0667,34895733.4238,111542,5414.2198,13326701.2661,21569032.1578,0.381900592379,0.0977259456303,0.577189409369,0.0319,0.03195,0.03188,0.03194,0.12539184953,0.219573400251,0.0319537358256,-4.2986603146,2924492.88,29244.9288,0.251527564303,OKX_CONTRACT_OI_HISTORY,5968956.63,596895.663,-0.577019095617,OKX_CONTRACT_OI_HISTORY,1.57,0.610894941634,0.389105058366,OKX_GLOBAL_ACCOUNT_RATIO,1.44,0.590163934426,0.409836065574,OKX_GLOBAL_ACCOUNT_RATIO,,,,,UNAVAILABLE,UNAVAILABLE,PASS,PASS,-0.206699193058,0.997913342335,1.17199873297,1.20461253539,0.20691295956,-3.61072597018,-1.48440350383,-0.476152078378,0.980082200443,1.00825142545,7.49600723681,0.366452367236,-1.48240591463,-0.521473505197,0.884396715098,0.96093240943,8.14491579726,-1.96132967045,-1.50951093885,-0.741875557915,0.757097791798,0.76763538094,5.11582440585,-2.0531921817,-2.45486649858,-0.935070772417,1.49348585955,1.51979572616,6.08793701839,-2.30433552564
2026-09-10T19:00:00Z,2026-09-10T21:00:00+02:00,2026-09-11T19:00:00Z,77252,77298.48,77083.17,77160.83,394.60119,30449303.9574,99247,149.18084,11512118.8775,18937185.0799,0.378074943638,-0.118016362036,0.279321672941,2468.49,2472,2460.36,2462.54,16308.3357,40206055.6526,111039,6537.5338,16118445.5851,24087610.0675,0.400895967622,-0.2410380435,0.473101497342,0.03195,0.03198,0.03191,0.03191,-0.093926111459,0.219366969602,0.0319143793554,-1.37222014668,2925135.31,29251.3531,0.0219672273574,OKX_CONTRACT_OI_HISTORY,5986348.18,598634.818,0.291366667209,OKX_CONTRACT_OI_HISTORY,1.57,0.610894941634,0.389105058366,OKX_GLOBAL_ACCOUNT_RATIO,1.41,0.585062240664,0.414937759336,OKX_GLOBAL_ACCOUNT_RATIO,,,,,PRICE_DOWN_OI_UP,PRICE_DOWN_OI_UP,PASS,PASS,-0.115430420712,0.860112879576,0.949066751028,0.975543300288,0.348016896727,-2.79296257111,-1.21770022532,-0.421760069875,0.789639924195,0.795940155442,3.61623632052,0.367675744871,-1.3729287707,-0.119651671676,1.30158730159,1.25327709902,7.76224664688,-0.400197049727,-1.63828620962,-0.796835218666,0.853350189633,0.841450990955,5.72557377109,-1.54154133344,-2.77826147326,-1.33975432495,1.49491094148,1.43850714831,6.59424698214,-2.00458715286
2026-09-10T20:00:00Z,2026-09-10T22:00:00+02:00,2026-09-11T22:00:00Z,77160.83,77347.45,77116,77268.08,142.17379,10985513.684,60940,66.81705,5162270.83913,5823242.84488,0.469916199426,0.138995394425,0.300132268271,2462.55,2469.12,2460.98,2461.79,6932.756,17088377.7007,47837,2458.6671,6060546.47749,11027831.2232,0.354658972528,-0.0308623175164,0.330762541752,0.03192,0.03193,0.03186,0.03186,-0.187969924812,0.21971123666,0.031860374944,-0.11768347422,2921078.94,29210.7894,-0.138672901255,OKX_CONTRACT_OI_HISTORY,5975163.14,597516.314,-0.186842456598,OKX_CONTRACT_OI_HISTORY,1.57,0.610894941634,0.389105058366,OKX_GLOBAL_ACCOUNT_RATIO,1.4,0.583333333333,0.416666666667,OKX_GLOBAL_ACCOUNT_RATIO,,,,,UNAVAILABLE,UNAVAILABLE,PASS,PASS,0.0881735637081,0.531284966391,0.441361916772,0.443111402683,0.0518361370581,-2.85894922027,-1.07786454999,-0.38239911947,0.695322376738,0.695465430523,3.27153325453,-0.44577515235,-1.348231776,-0.405773883212,0.982567353407,0.942457892793,8.72352513666,0.111095485271,-1.55426327009,-0.857802173904,0.695322376738,0.696461096183,6.04204683326,-1.25940251291,-2.48607991115,-1.32157001074,1.17497618292,1.16450990041,6.75175883388,-2.3226691792
2026-09-10T21:00:00Z,2026-09-10T23:00:00+02:00,2026-09-11T22:00:00Z,77268.08,77303.02,77100.02,77144,268.25509,20708731.8019,71527,117.89405,9101229.76992,11607502.032,0.439487548392,-0.160583775344,0.263294354528,2461.79,2463.13,2457.88,2460.27,3179.6245,7824157.32851,31474,1082.3153,2663160.00007,5160997.32843,0.340376591147,-0.0617436905666,0.213598711084,0.03186,0.03189,0.03185,0.03188,0.0627746390458,0.125588697017,0.0318919164161,-3.7365004654,2922772.23,29227.7223,0.0579679643988,OKX_CONTRACT_OI_HISTORY,5969805.6,596980.56,-0.0896634932716,OKX_CONTRACT_OI_HISTORY,1.57,0.610894941634,0.389105058366,OKX_GLOBAL_ACCOUNT_RATIO,1.38,0.579831932773,0.420168067227,OKX_GLOBAL_ACCOUNT_RATIO,,,,,UNAVAILABLE,UNAVAILABLE,PASS,PASS,-0.238876319174,-0.23559657432,-0.0626959247649,0.00327974485315,0.192543734291,-0.562878076788,-1.08730368662,-0.341475270385,0.726698262243,0.745828416236,2.91043822063,-0.630287655173,-1.28097734187,-0.0658031024944,1.23848840902,1.21517423938,9.13999780949,-0.221872165084,-1.71759785497,-0.912631447524,0.790388871325,0.804966407447,6.14169970196,-1.17229565222,-2.55166489819,-1.23720941435,1.33502860776,1.31445548383,6.81673000513,-2.31262733338
2026-09-10T22:00:00Z,2026-09-11T00:00:00+02:00,2026-09-11T22:00:00Z,77144.01,77218.01,76817.6,76836.45,253.46564,19519221.0485,82989,112.11602,8635141.09696,10884079.9515,0.442391685381,-0.398670019703,0.521247734894,2460.27,2462.24,2443.81,2445.08,6453.4298,15824772.2438,53731,2934.3862,7197354.43018,8627417.81365,0.454815672496,-0.617411910075,0.754150281732,0.03189,0.03189,0.03181,0.03182,-0.188205771644,0.251493241119,0.0318218762059,-0.58959625043,2934758.65,29347.5865,0.410104484947,OKX_CONTRACT_OI_HISTORY,5909147.54,590914.754,-1.01608099265,OKX_CONTRACT_OI_HISTORY,1.57,0.610894941634,0.389105058366,OKX_GLOBAL_ACCOUNT_RATIO,1.38,0.579831932773,0.420168067227,OKX_GLOBAL_ACCOUNT_RATIO,,,,,PRICE_DOWN_OI_UP,PRICE_DOWN_OI_DOWN,PASS,PASS,-0.53791487599,-0.948353041738,-0.375704445836,-0.410438165748,0.351027354869,-1.00200242199,-1.31867155233,-0.77631370703,0.537124802528,0.542357845299,2.92574371465,-1.97430043663,-1.39573066393,-0.215885764191,1.17647058824,1.17984489974,10.4582225651,-0.438723527243,-2.19696587835,-1.7649587587,0.41022404544,0.432007119648,6.37377647501,-2.00748743934,-2.67977367062,-1.52956432789,1.17647058824,1.15020934274,8.11414938779,-2.53783620444
2026-09-10T23:00:00Z,2026-09-11T01:00:00+02:00,2026-09-12T01:00:00Z,76836.45,76876.31,76464,76568.72,797.49081,61138404.1136,179114,292.95033,22462809.8632,38675594.2504,0.367409162683,-0.34844139728,0.539221071354,2445.08,2448.41,2435,2438.27,8409.1038,20533081.6252,107082,4247.8806,10374598.2476,10158483.3776,0.505262601929,-0.278518494282,0.550718685832,0.03183,0.03186,0.0318,0.03184,0.0314169022934,0.188679245283,0.0318442047875,-1.32042472737,2917355.01,29173.5501,-0.59301775974,OKX_CONTRACT_OI_HISTORY,5921919.18,592191.918,0.216133374798,OKX_CONTRACT_OI_HISTORY,1.53,0.604743083004,0.395256916996,OKX_GLOBAL_ACCOUNT_RATIO,1.45,0.591836734694,0.408163265306,OKX_GLOBAL_ACCOUNT_RATIO,,,,,UNAVAILABLE,UNAVAILABLE,PASS,PASS,-0.767371216717,-0.985567747123,-0.219366969602,-0.218196530406,-0.265980858164,-1.07626549714,-1.63420725378,-0.972297245158,0.663926651913,0.661910008622,2.9394438533,-1.93137677478,-2.21911533957,-1.20982282133,1.0152284264,1.00929251824,9.80282696544,-0.714797991868,-2.40527787621,-1.88285192309,0.536785601516,0.522425953113,5.36025208062,-2.07894268578,-3.2147963375,-2.08380184406,1.14358322745,1.13099449344,7.37027640327,-2.77291793986
2026-09-11T00:00:00Z,2026-09-11T02:00:00+02:00,2026-09-12T01:00:00Z,76568.73,76939.8,76563.01,76908.59,538.94881,41382306.8793,129071,214.71268,16485210.3166,24897096.5627,0.398363734643,0.443875775904,0.492130599359,2438.27,2458.62,2437.73,2456.81,8760.1084,21456328.085,87868,4564.9374,11180257.7955,10276070.2894,0.521070415742,0.760375184044,0.856944780595,0.03184,0.03197,0.03183,0.03195,0.345477386935,0.439836632108,0.0319445461164,1.70729726759,2922282.48,29222.8248,0.168901967128,OKX_CONTRACT_OI_HISTORY,5868931.39,586893.139,-0.894773947253,OKX_CONTRACT_OI_HISTORY,1.57,0.610894941634,0.389105058366,OKX_GLOBAL_ACCOUNT_RATIO,1.46,0.593495934959,0.406504065041,OKX_GLOBAL_ACCOUNT_RATIO,8.76022471315e-05,OKX_FUNDING_HISTORY,3.0527365272e-05,OKX_FUNDING_HISTORY,UNAVAILABLE,UNAVAILABLE,PASS,PASS,-0.465250333644,-0.202291828304,0.282485875706,0.26295850534,0.0412018991859,-1.77788869544,0.0163597565075,1.73800334598,1.75159235669,1.72164358947,2.06764269969,-3.86275702162,-1.62714071376,-0.332655851295,1.36421319797,1.29448486246,9.63720649656,-1.51097027319,-2.36885850969,-1.5811527553,0.82044809088,0.787705754386,5.84831051113,-3.31938973095,-3.0316437087,-1.55867468576,1.55753337572,1.47296902294,7.62477705235,-3.77049433693
2026-09-11T01:00:00Z,2026-09-11T03:00:00+02:00,2026-09-12T01:00:00Z,76908.59,77000,76670.57,76971.43,386.97683,29745129.7061,114813,216.06115,16605971.0075,13139158.6986,0.558275293186,0.0817073879524,0.42966942857,2456.81,2460.29,2446.52,2454.41,9025.3634,22150242.776,90657,4245.3706,10418188.3291,11732054.4468,0.470341947694,-0.0976876518738,0.562840279254,0.03195,0.03195,0.03188,0.03188,-0.219092331768,0.219573400251,0.0318872859709,-2.28491409341,2943599.62,29435.9962,0.729468836291,OKX_CONTRACT_OI_HISTORY,5902684.87,590268.487,0.575121393607,OKX_CONTRACT_OI_HISTORY,1.61,0.616858237548,0.383141762452,OKX_GLOBAL_ACCOUNT_RATIO,1.43,0.588477366255,0.411522633745,OKX_GLOBAL_ACCOUNT_RATIO,,,,,PRICE_UP_OI_UP,PRICE_DOWN_OI_UP,PASS,PASS,-0.223698537799,-0.238185239831,0,-0.014486702032,0.712590252029,-1.12433694658,-0.263053415094,0.779328496405,1.01394169835,1.0423819115,0.40940099955,-6.16922856258,-1.43745998412,-0.378288205282,1.04595879556,1.05917177884,8.90638338592,-1.70533627206,-2.43381099358,-1.73712867323,0.694883133291,0.696682320347,6.55871201531,-3.40518248406,-3.10989188463,-1.99256481825,1.1421319797,1.11732706638,8.8079194137,-3.02097254926
2026-09-11T02:00:00Z,2026-09-11T04:00:00+02:00,2026-09-12T01:00:00Z,76971.44,77013.62,76769.69,76838.68,297.49023,22880146.9828,86217,182.89349,14067771.9287,8812375.05404,0.614846221894,-0.172466589227,0.317742588253,2454.41,2455.25,2444.61,2446.91,8589.8355,21038794.8444,86567,2176.9205,5332240.11454,15706554.7298,0.253447982833,-0.305572418626,0.435243249434,0.03189,0.0319,0.03183,0.03185,-0.0941028858218,0.219918316054,0.0318447688065,1.64271673253,2957743.9,29577.439,0.480509642137,OKX_CONTRACT_OI_HISTORY,5948093.25,594809.325,0.769283487092,OKX_CONTRACT_OI_HISTORY,1.6,0.615384615385,0.384615384615,OKX_GLOBAL_ACCOUNT_RATIO,1.43,0.588477366255,0.411522633745,OKX_GLOBAL_ACCOUNT_RATIO,,,,,PRICE_DOWN_OI_UP,PRICE_DOWN_OI_UP,PASS,PASS,0.00290226838955,0.0748441768776,0.0942803268385,0.0719419084881,0.783207504985,0.659074929783,-0.74062151338,0.114970745878,0.886917960089,0.855592259258,1.34624965952,-3.9476367867,-1.93877168162,-1.1293568121,0.82304526749,0.809414869513,9.39164097534,0.128072031289,-2.39733983724,-1.87790226728,0.536616161616,0.519437569963,6.5915357832,-3.18140571337,-2.64960057651,-1.52170063428,1.20749920559,1.12789994223,8.91616181637,-2.32567958979
2026-09-11T03:00:00Z,2026-09-11T05:00:00+02:00,2026-09-12T05:00:00Z,76838.68,76897.54,76702.7,76891.8,967.58108,74328881.8607,91666,400.6565,30774882.7744,43553999.0863,0.414036670591,0.0691318486991,0.254019741156,2446.91,2448.57,2440.19,2447.27,11754.9563,28733550.3107,79034,3250.1395,7943625.48897,20789924.8217,0.276458196188,0.0147124332321,0.34341588155,0.03185,0.03185,0.03181,0.03182,-0.094191522763,0.12574662056,0.0318274510416,-2.34107393136,2975021.17,29750.2117,0.58413678074,OKX_CONTRACT_OI_HISTORY,5900079.55,590007.955,-0.807211621976,OKX_CONTRACT_OI_HISTORY,1.6,0.615384615385,0.384615384615,OKX_GLOBAL_ACCOUNT_RATIO,1.44,0.590163934426,0.409836065574,OKX_GLOBAL_ACCOUNT_RATIO,,,,,UNAVAILABLE,UNAVAILABLE,PASS,PASS,0.421947761436,0.369114167012,-0.0628140703518,-0.0528335944239,1.97665898742,-0.368793111425,-0.463689320388,0.234687942856,0.66434672572,0.698377263244,2.05937264327,-4.19380289867,-1.83367190923,-1.13678138167,0.696202531646,0.696890527561,9.80818193655,-0.13007273273,-2.22056738211,-1.67262646149,0.537124802528,0.54794092062,7.25030555395,-4.11995858266,-2.55300338579,-1.55950829432,0.983814662012,0.993495091473,7.78384109197,-4.29729195126
2026-09-11T04:00:00Z,2026-09-11T06:00:00+02:00,2026-09-12T05:00:00Z,76891.81,77196.01,76889.23,77114.01,370.66197,28546726.0336,74318,274.19498,21114389.1613,7432336.87224,0.739643107812,0.288990503539,0.398989559396,2447.27,2464.23,2446.24,2459.05,16609.0815,40798264.5723,109002,6995.2009,17184958.3325,23613306.2397,0.42121787563,0.481352690958,0.735414350186,0.03183,0.03192,0.03182,0.03189,0.21998742929,0.314267756128,0.031888498601,0.470827758687,2964251.7,29642.517,-0.361996415642,OKX_CONTRACT_OI_HISTORY,5940861.25,594086.125,0.691205934673,OKX_CONTRACT_OI_HISTORY,1.58,0.612403100775,0.387596899225,OKX_GLOBAL_ACCOUNT_RATIO,1.39,0.581589958159,0.418410041841,OKX_GLOBAL_ACCOUNT_RATIO,,,,,UNAVAILABLE,UNAVAILABLE,PASS,PASS,0.267096302247,0.0911751417489,-0.18779342723,-0.175921160498,1.43617943465,1.22560403624,-0.111398949301,0.419392513823,0.535939470366,0.530791463124,1.53057532824,-3.41661125565,-1.64029336735,-0.791953781852,0.885795634293,0.848339585495,8.9284733262,0.52822870077,-2.59877607472,-2.01621740083,0.599369085174,0.582558673891,8.4919305657,-4.10512265531,-1.98872096403,-0.804359840096,1.20596635989,1.18436112394,7.06789314877,-4.43644885078
2026-09-11T05:00:00Z,2026-09-11T07:00:00+02:00,2026-09-12T05:00:00Z,77114.01,77252.88,77069.06,77252.86,284.44316,21944334.4811,50813,154.9608,11953977.7382,9990356.74284,0.544740955737,0.180058072457,0.238513354127,2459.06,2468.85,2457.54,2468.84,9331.5939,22971527.4306,66985,4224.6952,10402217.0778,12569310.3528,0.452830884199,0.398121225677,0.460216313875,0.03189,0.03196,0.03188,0.03196,0.21950454688,0.250941028858,0.0319579106845,0.653771001766,2960525.71,29605.2571,-0.125697490534,OKX_CONTRACT_OI_HISTORY,5979348.53,597934.853,0.647840075376,OKX_CONTRACT_OI_HISTORY,1.61,0.616858237548,0.383141762452,OKX_GLOBAL_ACCOUNT_RATIO,1.36,0.576271186441,0.423728813559,OKX_GLOBAL_ACCOUNT_RATIO,,,,,PRICE_UP_OI_DOWN,PRICE_UP_OI_UP,PASS,PASS,0.365629169161,0.587921333437,0.250941028858,0.222292164276,0.575013323313,1.29879303552,-0.0981006797992,0.111918510348,0.188087774295,0.210019190148,1.48673188799,-0.403924576876,-1.63471324429,-0.535427233868,1.13924050633,1.09928601042,8.65328337021,0.72357576684,-2.11669715825,-1.11032781107,1.04331331015,1.00636934718,8.46252913927,-3.03047740673,-1.68640077375,-0.18355448819,1.55703844932,1.50284628556,6.20109803413,-4.94240537882
2026-09-11T06:00:00Z,2026-09-11T08:00:00+02:00,2026-09-12T05:00:00Z,77252.87,77431.48,77182,77298.01,405.18201,31322366.9187,53395,243.33166,18812432.3758,12509934.5428,0.600606985567,0.0584444381735,0.323235987666,2468.84,2471.26,2463.55,2467.03,7313.8246,18047819.2877,57878,3548.3993,8758052.8596,9289766.4281,0.485269312596,-0.0733137829912,0.312963000548,0.03196,0.03196,0.03191,0.03192,-0.125156445557,0.156690692573,0.0319158281048,1.30715556762,2927466.14,29274.6614,-1.11667903739,OKX_CONTRACT_OI_HISTORY,6028066.86,602806.686,0.814776555599,OKX_CONTRACT_OI_HISTORY,1.59,0.6138996139,0.3861003861,OKX_GLOBAL_ACCOUNT_RATIO,1.29,0.563318777293,0.436681222707,OKX_GLOBAL_ACCOUNT_RATIO,,,,,PRICE_UP_OI_DOWN,PRICE_DOWN_OI_UP,PASS,PASS,0.597784865643,0.822261546195,0.21978021978,0.224476680552,-1.02367754017,1.34452515518,0.059558328587,-0.0591454694975,-0.0626174076393,-0.118703798084,0.101667541075,0.990294178097,-1.42572926115,-0.535015925493,0.916851090737,0.890713335662,7.60529578412,1.36037550179,-2.35098888908,-1.36811594203,1.01265822785,0.982872947047,6.44635181625,-2.0244374283,-1.30941393264,-0.0607649086703,1.26903553299,1.24864902396,5.01066318048,-4.84843870056
2026-09-11T07:00:00Z,2026-09-11T09:00:00+02:00,2026-09-12T05:00:00Z,77298.01,77403.19,77203.73,77230.7,435.02243,33621837.567,55484,202.04514,15615470.0192,18006367.5478,0.464444276375,-0.0870785677406,0.258355392932,2467.04,2473.52,2466.28,2467.52,11184.2736,27613796.0879,64167,3730.1405,9209365.36835,18404430.7195,0.33350595257,0.0198619392549,0.293559530953,0.03192,0.03197,0.03191,0.03195,0.093984962406,0.188028831087,0.0319499887998,0.00350554402617,2923654.5,29236.545,-0.130202701508,OKX_CONTRACT_OI_HISTORY,6051935.54,605193.554,0.39595911184,OKX_CONTRACT_OI_HISTORY,1.57,0.610894941634,0.389105058366,OKX_GLOBAL_ACCOUNT_RATIO,1.25,0.555555555556,0.444444444444,OKX_GLOBAL_ACCOUNT_RATIO,,,,,PRICE_DOWN_OI_DOWN,PRICE_UP_OI_UP,PASS,PASS,0.440749208628,0.827452630891,0.408548082967,0.386703422263,-1.72659846989,2.57379563637,0.0905511254869,0.20223021758,0.125352554058,0.111679092093,-0.050623641065,1.09561552432,-1.12825174109,-0.220382778602,0.915982312066,0.907868962487,3.56378200896,1.46731958173,-2.58173101726,-1.7131840687,0.88411746132,0.868546948562,6.88955880603,-1.92507458396,-1.59437832879,-0.488379314656,1.10759493671,1.10599901413,4.08849946519,-3.96228810883
2026-09-11T08:00:00Z,2026-09-11T10:00:00+02:00,2026-09-12T10:00:00Z,77230.7,77500,77144.59,77364.93,294.00696,22738303.9396,67312,155.43299,12020173.762,10718130.1776,0.528631062101,0.173803940661,0.460706317838,2467.53,2484.62,2463.58,2476.72,12967.8561,32107153.5109,92496,7491.0341,18552250.8364,13554902.6745,0.577822971136,0.372437214542,0.854041679182,0.03195,0.03205,0.03194,0.03202,0.219092331768,0.344395742016,0.0320134717371,2.03922365064,2920026.32,29200.2632,-0.124097426697,OKX_CONTRACT_OI_HISTORY,6081306.84,608130.684,0.485320767313,OKX_CONTRACT_OI_HISTORY,1.55,0.607843137255,0.392156862745,OKX_GLOBAL_ACCOUNT_RATIO,1.23,0.551569506726,0.448430493274,OKX_GLOBAL_ACCOUNT_RATIO,4.02928520367e-05,OKX_FUNDING_HISTORY,2.20357972928e-05,OKX_FUNDING_HISTORY,UNAVAILABLE,UNAVAILABLE,PASS,PASS,0.32538834383,0.718570179541,0.407651301348,0.393181835711,-1.49195764989,2.36406110309,0.125342832383,0.606469276421,0.502197112367,0.481126444038,-0.0360353150881,1.7764150955,-0.953872743567,0.221751023778,1.201011378,1.17562376734,3.23431903212,1.32272112606,-2.92741275128,-1.70692891699,1.26502213789,1.2204838343,7.55690151736,-2.99749246734,-1.34289321329,-0.0347112908564,1.36119025008,1.30818192244,3.2947688502,-3.67178894583
2026-09-11T09:00:00Z,2026-09-11T11:00:00+02:00,2026-09-12T10:00:00Z,77364.94,77370.01,76865.58,77042,552.5515,42604532.3244,65960,209.94838,16187965.2901,26416567.0343,0.379958760416,-0.417411351629,0.656249520266,2476.71,2477.68,2462.08,2469.52,7406.5065,18304659.7595,51842,3894.5602,9627339.01647,8677320.74307,0.52595017569,-0.290707064182,0.633610605667,0.03202,0.03207,0.03199,0.03206,0.124921923798,0.250078149422,0.0320542042003,1.8081246558,2906106.96,29061.0696,-0.476686114254,OKX_CONTRACT_OI_HISTORY,6055190.6,605519.06,-0.429451114491,OKX_CONTRACT_OI_HISTORY,1.53,0.604743083004,0.395256916996,OKX_GLOBAL_ACCOUNT_RATIO,1.2,0.545454545455,0.454545454545,OKX_GLOBAL_ACCOUNT_RATIO,,,,,UNAVAILABLE,UNAVAILABLE,PASS,PASS,-0.27294782355,0.0275432996873,0.312891113892,0.300491123237,-1.83814482057,1.26840022152,-0.132220263404,0.375974994614,0.564617314931,0.508195258018,-0.570187092547,1.43028107984,-1.21808631423,0.0332158625997,1.29541864139,1.25130217683,2.32365618502,0.790978539586,-2.41920376695,-0.84717861416,1.61648177496,1.57202515279,7.23191980015,-0.683301162488,-2.18378179627,-0.90248433995,1.32743362832,1.28129745632,2.80535148595,-3.53078419631
2026-09-11T10:00:00Z,2026-09-11T12:00:00+02:00,2026-09-12T10:00:00Z,77042,77163.25,76966,76993.25,406.1795,31299718.4837,73933,188.33855,14514107.7541,16785610.7296,0.463713683611,-0.0632771734898,0.256281994647,2469.52,2475.27,2462.14,2462.14,6789.8397,16752113.0096,59873,2975.0498,7340540.84699,9411572.16256,0.438185967514,-0.298843499951,0.533275930694,0.03206,0.03207,0.03198,0.03198,-0.249532127261,0.281425891182,0.0319786474788,0.422945080298,2913151,29131.51,0.242387499736,OKX_CONTRACT_OI_HISTORY,6053102.39,605310.239,-0.0344862802502,OKX_CONTRACT_OI_HISTORY,1.53,0.604743083004,0.395256916996,OKX_GLOBAL_ACCOUNT_RATIO,1.2,0.545454545455,0.454545454545,OKX_GLOBAL_ACCOUNT_RATIO,,,,,PRICE_DOWN_OI_UP,PRICE_DOWN_OI_DOWN,PASS,PASS,-0.394266294824,-0.19821404685,0.187969924812,0.196052247975,-0.488994212586,0.415316063697,0.20406981322,0.697727681712,0.502828409805,0.493657868492,-0.73626667733,2.43613565283,-1.11729274968,-0.0840025809489,1.04265402844,1.03329016873,2.16793576128,0.413738579362,-2.44140871244,-1.01551821179,1.45939086294,1.42589050065,5.50885170665,-1.84324755033,-2.00431473373,-0.769776402122,1.23456790123,1.23453833161,2.87142378423,-2.60565701602
2026-09-11T11:00:00Z,2026-09-11T13:00:00+02:00,2026-09-12T10:00:00Z,76993.25,77049.25,76746.95,77036.12,420.86915,32356856.1839,93360,198.74123,15279817.5124,17077038.6714,0.472228124562,0.0556802057323,0.393891874531,2462.14,2462.19,2452.56,2458.27,9046.6584,22223025.6851,89107,3981.5257,9780337.82326,12442687.8619,0.440099289891,-0.157180339055,0.392650944319,0.03197,0.03198,0.03192,0.03192,-0.187617260788,0.187969924812,0.031910615436,2.94089095177,2901203.83,29012.0383,-0.410111593941,OKX_CONTRACT_OI_HISTORY,5992274.84,599227.484,-1.00489874581,OKX_CONTRACT_OI_HISTORY,1.54,0.606299212598,0.393700787402,OKX_GLOBAL_ACCOUNT_RATIO,1.26,0.557522123894,0.442477876106,OKX_GLOBAL_ACCOUNT_RATIO,,,,,PRICE_UP_OI_DOWN,PRICE_DOWN_OI_DOWN,PASS,PASS,-0.251946440988,-0.374870315134,-0.093896713615,-0.122923874146,-0.767897506357,-0.985811887877,0.610432040656,0.820253704471,0.251256281407,0.209821663815,-0.553624085675,1.18805505211,-1.03375093781,-0.160018844859,0.916851090737,0.873732092953,2.36954629847,-0.766267542016,-2.88513988383,-1.70851659336,1.23691722169,1.17662329047,5.72217761423,-2.10760836967,-1.77724062511,-0.666327239813,1.17274167987,1.1109133853,2.3434892509,-4.89879002116
2026-09-11T12:00:00Z,2026-09-11T14:00:00+02:00,2026-09-12T14:00:00Z,77036.12,78148.74,76046.58,78032.99,3531.14376,272411705.495,460979,1818.27594,140385425.933,132026279.562,0.515342854589,1.29402934623,2.76430577154,2458.27,2515.25,2433.77,2511.22,76396.9639,189705808.317,549692,43464.1676,108021396.831,81684411.4857,0.569415337303,2.15395379678,3.34789236452,0.03191,0.03223,0.03186,0.03218,0.846129739893,1.16133082235,0.0321815170737,-0.471411505163,2863213.24,28632.1324,-1.30947676296,OKX_CONTRACT_OI_HISTORY,6265020.28,626502.028,4.55161766245,OKX_CONTRACT_OI_HISTORY,1.53,0.604743083004,0.395256916996,OKX_GLOBAL_ACCOUNT_RATIO,1.13,0.530516431925,0.469483568075,OKX_GLOBAL_ACCOUNT_RATIO,,,,,UNAVAILABLE,UNAVAILABLE,PASS,PASS,0.863517875606,1.3929713492,0.499687695191,0.529453473598,-1.94563588728,3.02095330549,1.46199533758,2.21466047435,0.719874804382,0.752665136773,-2.02133915541,6.74890987267,1.47859427297,3.99115469348,2.48407643312,2.51256042051,0.00450947279709,2.62545886106,-1.97616666252,-0.0155278884859,2.02916930881,1.96063877404,5.88551358556,2.52189613105,-0.531548824927,1.55411498752,2.09390862944,2.08566381245,0.44437308502,-1.60702009039
2026-09-11T13:00:00Z,2026-09-11T15:00:00+02:00,2026-09-12T14:00:00Z,78032.98,79333,77253.8,79242.56,2451.66172,191423615.304,443663,1400.1382,109367590.218,82056025.0856,0.57133802454,1.55007516693,2.69138864367,2511.22,2647.91,2490.49,2629.62,137923.4637,352656570.472,688515,78435.448,200285178.678,152371391.795,0.567932644526,4.71483979898,6.32084449245,0.03218,0.0334,0.03215,0.03318,3.10752019888,3.88802488336,0.0331844402806,-1.33806101262,2809333.22,28093.3322,-1.8818025583,OKX_CONTRACT_OI_HISTORY,6282640.17,628264.017,0.281242345795,OKX_CONTRACT_OI_HISTORY,1.56,0.609375,0.390625,OKX_GLOBAL_ACCOUNT_RATIO,1.08,0.519230769231,0.480769230769,OKX_GLOBAL_ACCOUNT_RATIO,,,,,UNAVAILABLE,UNAVAILABLE,PASS,PASS,2.85631214143,6.48304123878,3.49344978166,3.62672909735,-3.33001301507,3.75627432768,2.95061427337,7.138579129,4.07779171895,4.18796485562,-4.56129967838,6.43699110435,2.67979916667,7.97354060679,5.13307984791,5.29374144013,-4.17057268531,-0.129350152007,0.128720131199,5.07888048847,4.96678266371,4.95016035727,3.8347152431,2.69977772684,1.64298707852,6.9268522773,5.19974635384,5.28386519878,-1.35904165872,-3.11512325922
2026-09-11T14:00:00Z,2026-09-11T16:00:00+02:00,2026-09-12T14:00:00Z,79242.56,79890,78509.09,78798.51,1987.04632,157205136.383,441852,903.1406,71489599.8492,85715536.5336,0.454753588172,-0.560368064838,1.7589173432,2629.63,2665.99,2592.92,2607.93,102444.116,268515052.036,691880,50800.4129,133165681.41,135349370.626,0.495933767588,-0.824834006434,2.8180584052,0.03319,0.03342,0.03298,0.0331,-0.241109101869,1.33414190418,0.0330961841791,1.1529488905,2755299.1,27552.991,-1.92337881513,OKX_CONTRACT_OI_HISTORY,6557547.52,655754.752,4.37566600285,OKX_CONTRACT_OI_HISTORY,1.44,0.590163934426,0.409836065574,OKX_GLOBAL_ACCOUNT_RATIO,1,0.5,0.5,OKX_GLOBAL_ACCOUNT_RATIO,,,,,PRICE_DOWN_OI_DOWN,PRICE_DOWN_OI_UP,PASS,PASS,2.34469904829,5.92127173922,3.50218886804,3.57657269093,-5.41859656434,8.33366259975,2.55057739149,6.58054444177,3.92464678179,4.02996705027,-6.84456825353,10.2462124312,1.79106575323,6.70308088867,4.84637313906,4.91201513544,-5.59046357081,5.89409239331,-0.202006104257,4.34265960894,4.54832596336,4.5446657132,0.594234539582,7.54492903061,0.294001897985,4.91479467044,4.61441213654,4.62079277246,-2.59228896649,3.35432318993
2026-09-11T15:00:00Z,2026-09-11T17:00:00+02:00,2026-09-12T17:00:00Z,78798.4,78849.98,77303,77732.25,1364.45838,106762849.104,312432,564.04157,44145076.9714,62617772.1327,0.413487250873,-1.35300970578,2.00119012199,2607.94,2617.03,2544.03,2559.42,63621.5085,164873241.117,351936,31476.8115,81673506.4656,83199734.6515,0.495371510332,-1.86047225013,2.86946301734,0.0331,0.03325,0.03291,0.03293,-0.513595166163,1.03312063203,0.0329261021005,1.18383266521,2735715.75,27357.1575,-0.710752237389,OKX_CONTRACT_OI_HISTORY,6316980.19,631698.019,-3.66855641177,OKX_CONTRACT_OI_HISTORY,1.48,0.596774193548,0.403225806452,OKX_GLOBAL_ACCOUNT_RATIO,1.06,0.514563106796,0.485436893204,OKX_GLOBAL_ACCOUNT_RATIO,,,,,UNAVAILABLE,UNAVAILABLE,PASS,PASS,0.903641045266,4.11468227656,3.164160401,3.21104123129,-5.70411765932,5.41873259605,1.09302942576,4.58265741009,3.48837209302,3.48962798433,-8.0438224243,7.0660172709,0.62427184466,4.82810029735,4.17589370452,4.20382845269,-6.1501020595,2.57587953511,-1.09985533744,2.77722004931,3.91290627958,3.87707538675,-0.014329479165,3.50166702598,-1.48503244449,2.43334320545,3.97852857594,3.91837564994,-3.44132814638,1.43787913961
2026-09-11T16:00:00Z,2026-09-11T18:00:00+02:00,2026-09-12T17:00:00Z,77732.25,78068.01,77381.88,77916,1081.48116,84066181.7536,254852,556.38194,43247130.5248,40819051.2288,0.514441474832,0.236388371622,0.886680447671,2559.43,2583.86,2544,2577.78,39391.7369,101101706.079,321127,20736.6819,53246626.5679,47855079.5116,0.52666397663,0.717350024615,1.56682389937,0.03293,0.03315,0.03287,0.03307,0.425144245369,0.851840584119,0.0330840905591,-4.25901356982,2757186.53,27571.8653,0.784832269215,OKX_CONTRACT_OI_HISTORY,6409135.73,640913.573,1.4588543454,OKX_CONTRACT_OI_HISTORY,1.49,0.598393574297,0.401606425703,OKX_GLOBAL_ACCOUNT_RATIO,1.1,0.52380952381,0.47619047619,OKX_GLOBAL_ACCOUNT_RATIO,5.99316422609e-05,OKX_FUNDING_HISTORY,0.0001,OKX_FUNDING_HISTORY,UNAVAILABLE,UNAVAILABLE,PASS,PASS,-0.149923769421,2.65050453564,2.765692977,2.80042830507,-3.70306718755,2.3003189704,1.04000557097,4.82828734674,3.70021950455,3.78828177577,-6.98541119163,7.882265892,0.927448066393,5.26792933624,4.25598991173,4.34048126985,-5.56175284367,4.19634825269,-1.12797554467,3.28140775999,4.4205873066,4.40938330466,1.55564770781,4.98693653706,-1.04131673624,3.25410367949,4.32176656151,4.29542041574,-2.43088142377,3.20043552656
2026-09-11T17:00:00Z,2026-09-11T19:00:00+02:00,2026-09-12T19:00:00Z,77916,77960.01,77490.34,77534,492.68772,38303121.7315,134122,233.13259,18132246.8952,20170874.8363,0.473388227265,-0.490271574516,0.606101354053,2577.78,2582.01,2563.08,2566.72,14653.9796,37709208.9357,137199,7515.4054,19341090.3512,18368118.5846,0.512900983527,-0.429051354266,0.738564539538,0.03308,0.03315,0.03306,0.03311,0.0906892382104,0.2722323049,0.0331044445018,1.67817292108,2774113.62,27741.1362,0.613926182209,OKX_CONTRACT_OI_HISTORY,6415873.74,641587.374,0.105131335703,OKX_CONTRACT_OI_HISTORY,1.52,0.603174603175,0.396825396825,OKX_GLOBAL_ACCOUNT_RATIO,1.09,0.521531100478,0.478468899522,OKX_GLOBAL_ACCOUNT_RATIO,,,,,UNAVAILABLE,UNAVAILABLE,PASS,PASS,-2.15611408819,-2.39198059035,-0.210970464135,-0.235866502165,-1.25366402779,2.12066211648,0.36392180173,3.96461496087,3.59824780976,3.60069315914,-6.29658743953,7.30054800803,0.265464112169,4.08097060923,3.79310344828,3.81550649706,-4.90346892486,6.8671347235,-1.5766348156,2.93148113987,4.57991156033,4.50811595547,2.09549298879,4.61293555991,-1.23608389748,3.16108469617,4.44794952681,4.39716859365,-1.31604743985,4.00243801036
2026-09-11T18:00:00Z,2026-09-11T20:00:00+02:00,2026-09-12T19:00:00Z,77534,77538.01,76883,77054,842.12412,64946510.9947,197430,361.19887,27852558.7142,37093952.2805,0.42885381043,-0.619083240901,0.851956869529,2566.72,2568.37,2529,2537.3,28173.9165,71649869.5214,280369,11963.9009,30427067.2977,41222802.2237,0.424663261789,-1.14620994888,1.55674179518,0.0331,0.03312,0.0329,0.03292,-0.573844759891,0.668693009119,0.0329288550886,-2.68915776613,2755685.63,27556.8563,-0.66428389476,OKX_CONTRACT_OI_HISTORY,6252420.93,625242.093,-2.54763133789,OKX_CONTRACT_OI_HISTORY,1.56,0.609375,0.390625,OKX_GLOBAL_ACCOUNT_RATIO,1.14,0.532710280374,0.467289719626,OKX_GLOBAL_ACCOUNT_RATIO,,,,,UNAVAILABLE,UNAVAILABLE,PASS,PASS,-2.21388703923,-2.70827821299,-0.543806646526,-0.494391173754,0.0140286040089,-4.65305953284,-0.315674362121,2.84836422743,3.1328320802,3.16403858955,-5.86789058472,3.72182451208,-0.256304043908,2.78753407954,3.06825297433,3.04383812345,-5.77218878372,4.74897570164,-1.73491049223,2.25152432267,3.97978521794,3.9864348149,1.90258709745,2.69450296171,-1.76194604518,2.02497848762,3.84858044164,3.7869245328,-0.95165942042,2.59827792212
2026-09-11T19:00:00Z,2026-09-11T21:00:00+02:00,2026-09-12T19:00:00Z,77054,77372.01,77006,77286.01,421.44962,32546569.7851,114196,210.30203,16241070.9823,16305498.8028,0.499010221033,0.301100526903,0.475300625925,2537.31,2548.34,2532.94,2539.49,10961.4259,27870761.6222,118301,5464.8617,13895148.8039,13975612.8183,0.498556479806,0.0863122216529,0.607989135155,0.03292,0.03298,0.03282,0.03285,-0.212636695018,0.487507617307,0.0328583400799,-2.53819270798,2745818.51,27458.1851,-0.35806406553,OKX_CONTRACT_OI_HISTORY,6233109.25,623310.925,-0.308867240645,OKX_CONTRACT_OI_HISTORY,1.57,0.610894941634,0.389105058366,OKX_GLOBAL_ACCOUNT_RATIO,1.15,0.53488372093,0.46511627907,OKX_GLOBAL_ACCOUNT_RATIO,,,,,PRICE_UP_OI_DOWN,PRICE_UP_OI_DOWN,PASS,PASS,-0.574073180694,-0.778692047417,-0.242939568782,-0.204618866723,0.369291290588,-1.32770623743,0.0716165980627,2.91669368435,2.81690140845,2.84507708628,-6.08266093001,2.99364903678,0.162232573185,3.12482233791,2.94578502037,2.96258976473,-6.13020530664,4.1220634447,-1.21292353519,3.00143176407,4.28571428571,4.21435529926,1.15619968438,3.70537001868,-1.47871147031,2.30308743434,3.82427307206,3.78179890465,-0.755620962703,2.51697879946
2026-09-11T20:00:00Z,2026-09-11T22:00:00+02:00,2026-09-12T22:00:00Z,77286,77504.01,77192,77339.33,322.32564,24938488.3001,80560,163.42661,12642343.762,12296144.5381,0.506941062742,0.0690034417618,0.40419991709,2539.49,2547.95,2523.15,2530.85,14127.9277,35803980.0227,103988,6913.8312,17519978.1746,18284001.8481,0.489330464477,-0.340225793368,0.982898361176,0.03285,0.03288,0.03267,0.03273,-0.365296803653,0.642791551882,0.0327239711024,1.84234901318,2737958.36,27379.5836,-0.286258905,OKX_CONTRACT_OI_HISTORY,6160689.76,616068.976,-1.16185176764,OKX_CONTRACT_OI_HISTORY,1.57,0.610894941634,0.389105058366,OKX_GLOBAL_ACCOUNT_RATIO,1.16,0.537037037037,0.462962962963,OKX_GLOBAL_ACCOUNT_RATIO,,,,,UNAVAILABLE,UNAVAILABLE,PASS,PASS,-0.740117562503,-1.82055877538,-1.0281221651,-1.08044121288,-0.697383720354,-3.87643483406,-0.0330899284728,2.18555185891,2.21736414741,2.21864178738,-6.23514790784,1.30535955657,0.0922114280567,2.80527583588,2.73069679849,2.71306440782,-6.26893636774,3.10496325628,-1.25726357172,2.38811887597,3.74009508716,3.64538244769,1.90771652908,3.21950821555,-1.46348505039,1.92340994487,3.44500632111,3.38689499526,-0.605661605769,1.8064567581
2026-09-11T21:00:00Z,2026-09-11T23:00:00+02:00,2026-09-12T22:00:00Z,77339.33,77424.01,77078.01,77108.01,222.90327,17232814.4968,62585,104.40615,8074010.37079,9158804.12606,0.468525345774,-0.299097496707,0.448895865371,2530.85,2540.63,2513.46,2516.69,9114.3931,23041958.421,89618,3685.23,9320268.73304,13721689.6879,0.404491170532,-0.559495821562,1.08098000366,0.03272,0.03283,0.0326,0.03263,-0.305530094714,0.705521472393,0.0326385027963,-2.60514286623,2733226.29,27332.2629,-0.172832066007,OKX_CONTRACT_OI_HISTORY,6144899.35,614489.935,-0.256309124711,OKX_CONTRACT_OI_HISTORY,1.58,0.612403100775,0.387596899225,OKX_GLOBAL_ACCOUNT_RATIO,1.18,0.54128440367,0.45871559633,OKX_GLOBAL_ACCOUNT_RATIO,,,,,UNAVAILABLE,UNAVAILABLE,PASS,PASS,-0.549423478732,-1.94918027677,-1.44971307762,-1.39975679804,-1.47388808105,-4.22349941693,0.0856805378884,1.91008779034,1.77791640674,1.82440725245,-5.94887498566,1.48151818706,-0.046653012548,2.29324423742,2.35257214555,2.33989724997,-6.48514236089,2.93298914122,-1.3270327399,2.22593210907,3.6201968879,3.55296484897,2.06211357887,2.70460948963,-1.76344955638,1.35968392182,3.1615554853,3.12313347819,-0.741740627982,1.72631018482
2026-09-11T22:00:00Z,2026-09-12T00:00:00+02:00,2026-09-13T00:00:00Z,77108.01,77231.31,76967.13,77150,1100.36124,84861505.5025,106098,579.35978,44678666.3592,40182839.1433,0.52648920255,0.0544560805032,0.343237431355,2516.68,2523.74,2506.3,2511.79,15879.1512,39940174.8684,122758,7164.713,18019858.2062,21920316.6622,0.451171239624,-0.194303606339,0.695846466903,0.03262,0.03268,0.03256,0.03256,-0.183936235438,0.36855036855,0.0325572261828,0.851982052639,2721807.92,27218.0792,-0.417761604364,OKX_CONTRACT_OI_HISTORY,6189608.51,618960.851,0.727581648673,OKX_CONTRACT_OI_HISTORY,1.6,0.615384615385,0.384615384615,OKX_GLOBAL_ACCOUNT_RATIO,1.24,0.553571428571,0.446428571429,OKX_GLOBAL_ACCOUNT_RATIO,,,,,UNAVAILABLE,UNAVAILABLE,PASS,PASS,0.124587951307,-1.00539944035,-1.09356014581,-1.12998739166,-1.22937499224,-1.00460958568,0.203589275683,2.01653845841,1.81363352095,1.81294918273,-6.56825135395,2.2551430854,0.408074553158,2.72833608716,2.32558139535,2.320261534,-7.25615818527,4.74621708295,-0.993351732443,2.50656023376,3.52941176471,3.4999119662,2.44319920712,4.28667078471,-1.79785658388,0.915223321722,2.74534553487,2.71307990561,-1.34487301366,2.64344993182
2026-09-11T23:00:00Z,2026-09-12T01:00:00+02:00,2026-09-13T00:00:00Z,77150,77225.71,77119.68,77225.7,535.72071,41339851.8889,49152,317.03162,24465279.5976,16874572.2914,0.591808593396,0.098120544394,0.137487603683,2511.79,2516.59,2509.24,2516.43,8133.4519,20438850.117,70302,3439.7207,8643961.57541,11794888.5416,0.422918193829,0.18472881889,0.292917377373,0.03255,0.03259,0.03254,0.03258,0.0614250614251,0.153657037492,0.0325853957944,-1.65589346813,2711757.92,27117.5792,-0.369239869065,OKX_CONTRACT_OI_HISTORY,6223759.3,622375.93,0.551743942203,OKX_CONTRACT_OI_HISTORY,1.62,0.618320610687,0.381679389313,OKX_GLOBAL_ACCOUNT_RATIO,1.3,0.565217391304,0.434782608696,OKX_GLOBAL_ACCOUNT_RATIO,,,,,UNAVAILABLE,UNAVAILABLE,PASS,PASS,-0.0780348215673,-0.908056342021,-0.821917808219,-0.830021520454,-1.24045306986,-0.150004590406,0.246092352522,2.36589146025,2.06766917293,2.11979910773,-6.52990693177,3.86304811079,0.858026619748,3.20555147707,2.32412060302,2.34752485732,-7.0473798799,5.09699830115,-1.38012932016,1.95694716243,3.36294416244,3.33707648259,2.06460463031,4.34576706778,-1.56788918091,1.26234376635,2.87338174929,2.83023294726,-2.06488512592,2.91209194199
2026-09-12T00:00:00Z,2026-09-12T02:00:00+02:00,2026-09-13T00:00:00Z,77225.71,77320,77207.65,77287.43,314.34391,24294539.3312,35694,146.72012,11338946.4053,12955592.926,0.466728191494,0.0799345295672,0.145516668361,2516.44,2517.74,2510.76,2510.77,6819.4654,17147899.839,58882,2145.0074,5394061.865,11753837.974,0.314561078361,-0.224921813839,0.278003473052,0.03259,0.0326,0.03249,0.0325,-0.24554941682,0.338565712527,0.0324861364908,4.26751554304,2719222.99,27192.2299,0.275285265877,OKX_CONTRACT_OI_HISTORY,6241388.95,624138.895,0.283263685985,OKX_CONTRACT_OI_HISTORY,1.63,0.619771863118,0.380228136882,OKX_GLOBAL_ACCOUNT_RATIO,1.34,0.57264957265,0.42735042735,OKX_GLOBAL_ACCOUNT_RATIO,3.24728593233e-05,OKX_FUNDING_HISTORY,2.74278165033e-05,OKX_FUNDING_HISTORY,PRICE_UP_OI_UP,PRICE_DOWN_OI_UP,PASS,PASS,-0.0671068652909,-0.793409328882,-0.702719217843,-0.726302463591,-0.684282503113,1.30990511037,-0.955442050856,-0.0179195769387,0.994406463642,0.937522473917,-5.02897402081,-0.377194788586,0.492584768489,2.19634403963,1.72143974961,1.70375927114,-6.94866055522,6.34625854776,-1.14257099259,1.85638192137,3.10913705584,2.99895291396,2.01888917489,4.73939819445,-1.8879423774,0.58046373003,2.55601136005,2.46840610743,-1.50672928973,2.81621176227
2026-09-12T01:00:00Z,2026-09-12T03:00:00+02:00,2026-09-13T00:00:00Z,77287.43,77378.37,77262.29,77272.37,186.8188,14443036.1043,35360,94.87946,7334819.05464,7108217.04963,0.507844680418,-0.0194857042083,0.150241469674,2510.76,2517.07,2509.4,2513.71,5139.3367,12921942.3189,43044,2212.6042,5563269.65316,7358672.66577,0.430528903152,0.11709555236,0.305650753168,0.03249,0.03255,0.03248,0.03254,0.123076923077,0.215517241379,0.0325305151117,2.91568955846,2723130.98,27231.3098,0.143717157967,OKX_CONTRACT_OI_HISTORY,6267623.72,626762.372,0.420335444725,OKX_CONTRACT_OI_HISTORY,1.63,0.619771863118,0.380228136882,OKX_GLOBAL_ACCOUNT_RATIO,1.37,0.57805907173,0.42194092827,OKX_GLOBAL_ACCOUNT_RATIO,,,,,PRICE_DOWN_OI_UP,PRICE_UP_OI_UP,PASS,PASS,0.213155546356,-0.11840949819,-0.275819797732,-0.331565044546,-0.369355074512,1.99717461605,-2.48627757609,-4.40786121189,-1.92887281495,-1.9215836358,-3.06842347452,-0.239014961762,0.390976236248,2.4160592566,2.07026348808,2.02508302036,-7.48976316283,6.18259077077,-1.05210387482,2.02863138412,3.13787638669,3.08073525894,0.749553201108,4.37182053574,-2.05235037995,0.636960525262,2.77953253316,2.68931090521,-1.422283144,2.56687978872
2026-09-12T02:00:00Z,2026-09-12T04:00:00+02:00,2026-09-13T00:00:00Z,77272.36,77322.27,77220,77288,307.45259,23752575.2291,28068,174.04455,13445371.1621,10307204.0669,0.56605951281,0.0202271523444,0.13243978244,2513.71,2515.9,2512.13,2514.54,4107.2748,10325261.1249,28712,2286.0154,5746583.02819,4578678.09669,0.556555709215,0.0330189242196,0.150071851377,0.03254,0.03255,0.03251,0.03254,0,0.123039064903,0.0325346754994,1.63656175682,2720290.01,27202.9001,-0.104327335735,OKX_CONTRACT_OI_HISTORY,6285202.11,628520.211,0.280463390677,OKX_CONTRACT_OI_HISTORY,1.64,0.621212121212,0.378787878788,OKX_GLOBAL_ACCOUNT_RATIO,1.4,0.583333333333,0.416666666667,OKX_GLOBAL_ACCOUNT_RATIO,,,,,PRICE_UP_OI_DOWN,PRICE_UP_OI_UP,PASS,PASS,0.178872326636,0.109483674989,-0.0614250614251,-0.0693886516477,-0.0557684467315,1.54442077953,-1.91692710941,-3.5810010238,-1.6918429003,-1.66407391439,-1.27060942313,-4.15315953364,0.584757572618,2.76389405413,2.16640502355,2.17913648152,-8.02820994745,5.66751134912,-1.36535122322,1.60332301625,3.00728078506,2.96867423947,0.609450372878,5.80284187732,-1.82660089086,0.834088557749,2.71464646465,2.66068944861,-1.96585649569,2.30579910588
2026-09-12T03:00:00Z,2026-09-12T05:00:00+02:00,2026-09-13T05:00:00Z,77288.01,77347.82,77229.99,77268.09,242.20968,18716912.0741,26054,142.52186,11012397.5737,7704514.50037,0.588366154103,-0.0257737260928,0.152570264479,2514.53,2516.29,2509.57,2513.29,3694.8275,9286476.27191,28407,1800.6858,4525841.95559,4760634.31632,0.487358371795,-0.049313390574,0.267774957463,0.03254,0.03254,0.0325,0.03254,0,0.123076923077,0.0325268814073,4.03315415253,2716342.81,27163.4281,-0.145102176073,OKX_CONTRACT_OI_HISTORY,6273658.97,627365.897,-0.183655828372,OKX_CONTRACT_OI_HISTORY,1.64,0.621212121212,0.378787878788,OKX_GLOBAL_ACCOUNT_RATIO,1.42,0.586776859504,0.413223140496,OKX_GLOBAL_ACCOUNT_RATIO,,,,,UNAVAILABLE,UNAVAILABLE,PASS,PASS,0.054891053108,-0.124779946194,-0.12277470841,-0.179670999302,0.169074457797,0.801760922856,-0.597126675222,-1.80236147252,-1.18433039781,-1.2052347973,-0.708148863785,-0.685790024616,0.489375980274,2.697699886,2.26272784412,2.20832390572,-8.69500905098,6.33176920471,-1.35326947884,1.53025155429,2.9746835443,2.88352103313,0.260350578452,6.19346056674,-1.74205832523,0.979950982362,2.81200631912,2.72200930759,-2.07511822117,1.95094435327
2026-09-12T04:00:00Z,2026-09-12T06:00:00+02:00,2026-09-13T05:00:00Z,77268.09,77314.01,77215.86,77222.75,392.84938,30346845.7836,27385,167.49995,12937735.4287,17409110.3549,0.426328835654,-0.0586788155369,0.127111191924,2513.29,2515.13,2510,2512.65,3756.7569,9440788.53375,29414,1290.0214,3241818.56598,6198969.96777,0.34338430041,-0.0254646300268,0.20438247012,0.03253,0.03254,0.0325,0.03254,0,0.123076923077,0.0325376912892,0.709549678626,2735521.64,27355.2164,0.706053371813,OKX_CONTRACT_OI_HISTORY,6301874.22,630187.422,0.449741532572,OKX_CONTRACT_OI_HISTORY,1.64,0.621212121212,0.378787878788,OKX_GLOBAL_ACCOUNT_RATIO,1.43,0.588477366255,0.411522633745,OKX_GLOBAL_ACCOUNT_RATIO,,,,,UNAVAILABLE,UNAVAILABLE,PASS,PASS,-0.0836876061217,0.07487742804,0.123076923077,0.158565034162,0.599386297481,0.9690995143,-0.889740233072,-2.52659264949,-1.60266102207,-1.63685241642,-0.785760766066,-1.67357214012,0.14101198991,2.17970354405,2.03825650674,2.03869155414,-7.71628333721,6.0767783459,-1.50159438776,1.37048751755,2.94210692819,2.8720819053,0.523243689456,6.63710633398,-2.46142867067,0.119538581077,2.64984227129,2.58096725175,0.120385805246,1.722196486
2026-09-12T05:00:00Z,2026-09-12T07:00:00+02:00,2026-09-13T05:00:00Z,77222.75,77260.8,77164.06,77218,966.7285,74657995.0299,36960,591.99901,45715668.7592,28942326.2707,0.612334536186,-0.00615103709722,0.125369245734,2512.65,2513.04,2508.64,2511.7,6928.8695,17401768.1547,34732,2750.4737,6907347.72344,10494420.4312,0.396933671455,-0.0378086880385,0.175393838893,0.03254,0.03255,0.0325,0.03253,-0.0307314074985,0.153846153846,0.0325273899868,0.802404745792,2732158.15,27321.5815,-0.122956073563,OKX_CONTRACT_OI_HISTORY,6314717.81,631471.781,0.203805876659,OKX_CONTRACT_OI_HISTORY,1.64,0.621212121212,0.378787878788,OKX_GLOBAL_ACCOUNT_RATIO,1.46,0.593495934959,0.406504065041,OKX_GLOBAL_ACCOUNT_RATIO,,,,,PRICE_DOWN_OI_DOWN,PRICE_DOWN_OI_UP,PASS,PASS,-0.0703615017891,-0.0799614911824,-0.0307314074985,-0.00959998939332,0.331499662201,0.751386683437,-0.407563133593,-2.14359182147,-1.75173663546,-1.73602868788,-1.51239191133,-1.57665088341,-0.0451245429619,1.73603797735,1.78347934919,1.78116252031,-7.71375027174,5.60879296996,-1.67910013037,1.19131552336,2.94303797468,2.87041565373,0.272040428991,6.37295260354,-2.16086655129,0.606434453808,2.84539993677,2.7673010051,0.0960005030595,2.40834235948
2026-09-12T06:00:00Z,2026-09-12T08:00:00+02:00,2026-09-13T05:00:00Z,77218,77359.2,77199.99,77289.73,148.46089,11470720.3341,18739,87.94569,6794904.229,4675816.10508,0.592369444211,0.0928928488176,0.206230596662,2511.7,2522.68,2510.4,2519.63,9290.9188,23377853.8812,37860,5232.825,13170412.1584,10207441.7228,0.563371309672,0.315722419079,0.489165073295,0.03253,0.03262,0.03252,0.0326,0.21518598217,0.307503075031,0.0325998033633,0.0603183800774,2744871.52,27448.7152,0.46532335619,OKX_CONTRACT_OI_HISTORY,6313547.04,631354.704,-0.0185403375927,OKX_CONTRACT_OI_HISTORY,1.64,0.621212121212,0.378787878788,OKX_GLOBAL_ACCOUNT_RATIO,1.48,0.596774193548,0.403225806452,OKX_GLOBAL_ACCOUNT_RATIO,,,,,PRICE_UP_OI_UP,PRICE_UP_OI_DOWN,PASS,PASS,0.00223838111997,0.202422709521,0.184388444991,0.200184328401,0.903635638466,0.450978815063,0.305928310016,-0.696409569227,-0.97205346294,-1.00233787924,-0.392429015932,0.977639072678,-0.0107117893462,2.13211837716,2.13032581454,2.1428301665,-6.23729229538,4.7358495954,-1.43628832939,1.5856952788,3.06670882074,3.02198360818,0.893638960756,6.16065043489,-2.36144884544,0.734832583708,3.16455696203,3.09628142915,-0.193018284291,2.61553785535
2026-09-12T07:00:00Z,2026-09-12T09:00:00+02:00,2026-09-13T05:00:00Z,77289.73,77347.99,77266,77269.55,360.14789,27839151.3057,33060,229.72722,17757866.1178,10081285.1879,0.637873831812,-0.0261095490953,0.106113944037,2519.63,2525.39,2519.62,2524.19,8481.662,21402604.7308,39987,4358.3272,10997759.9876,10404844.7432,0.513851473964,0.180978953259,0.229002786134,0.0326,0.03266,0.0326,0.03265,0.153374233129,0.184049079755,0.0326673314391,-5.30543461467,2744003.26,27440.0326,-0.0316320816357,OKX_CONTRACT_OI_HISTORY,6341410.02,634141.002,0.441320541741,OKX_CONTRACT_OI_HISTORY,1.65,0.622641509434,0.377358490566,OKX_GLOBAL_ACCOUNT_RATIO,1.49,0.598393574297,0.401606425703,OKX_GLOBAL_ACCOUNT_RATIO,,,,,PRICE_DOWN_OI_DOWN,PRICE_UP_OI_UP,PASS,PASS,0.00188952515845,0.433694480144,0.338045482483,0.431804954985,1.01829746592,1.07992879951,-0.0212975155529,-0.602483175756,-0.608828006088,-0.581185660203,-0.0661096133408,1.73750797004,0.0503038299536,2.29663791985,2.19092331768,2.2463340899,-6.14474931973,4.78317189743,-1.07851546497,2.07119374679,3.12697409981,3.14970921176,-2.79995278152,6.32067589704,-2.53272589689,0.544108216193,3.09441111462,3.07683411308,0.321463368436,2.76601768696
2026-09-12T08:00:00Z,2026-09-12T10:00:00+02:00,2026-09-13T05:00:00Z,77269.54,77374.01,77269.54,77360.01,285.63962,22085091.8044,32811,181.83805,14058830.9395,8026260.8649,0.636575616892,0.117070696024,0.135202047275,2524.19,2536.63,2523.24,2533.27,8596.0151,21756887.884,54718,4168.7606,10546537.422,11210350.4619,0.484744761212,0.359719355516,0.530666920309,0.03266,0.03278,0.03265,0.03275,0.306278713629,0.398162327718,0.0327465055912,1.06710891457,2742295.84,27422.9584,-0.0622236870083,OKX_CONTRACT_OI_HISTORY,6343003.51,634300.351,0.025128323117,OKX_CONTRACT_OI_HISTORY,1.66,0.624060150376,0.375939849624,OKX_GLOBAL_ACCOUNT_RATIO,1.52,0.603174603175,0.396825396825,OKX_GLOBAL_ACCOUNT_RATIO,8.5537509116e-05,OKX_FUNDING_HISTORY,4.63075865203e-05,OKX_FUNDING_HISTORY,PRICE_UP_OI_DOWN,PRICE_UP_OI_UP,PASS,PASS,0.177745547782,0.820647523531,0.645359557468,0.642901975749,0.247638326122,0.652651712239,0.0267393058616,0.0956200486003,0.0611060189429,0.0688807427387,0.158420232512,2.95930743313,-0.00635947062836,2.28326173326,2.27982510931,2.28962120389,-6.08660541115,4.30329659209,-0.960171552938,2.51007591331,3.50821744627,3.47024746624,-3.04914661624,5.68293833128,-2.93358605396,0.537359161497,3.57368753953,3.47094521545,1.01033732955,1.17681313355
2026-09-12T09:00:00Z,2026-09-12T11:00:00+02:00,2026-09-13T11:00:00Z,77360,77386.76,77335.14,77349.44,294.25428,22764192.2362,33237,148.36886,11477823.8564,11286368.3797,0.504205189332,-0.0136504653568,0.0667484406183,2533.28,2537.02,2529.21,2530.91,8202.1806,20782880.7581,36881,3630.0383,9197295.42891,11585585.3292,0.442541894744,-0.0935546011495,0.308792073414,0.03275,0.03279,0.03272,0.03272,-0.0916030534351,0.213936430318,0.0327204695987,-0.143518339253,2745419.94,27454.1994,0.113922792517,OKX_CONTRACT_OI_HISTORY,6332872.92,633287.292,-0.159712823492,OKX_CONTRACT_OI_HISTORY,1.67,0.625468164794,0.374531835206,OKX_GLOBAL_ACCOUNT_RATIO,1.46,0.593495934959,0.406504065041,OKX_GLOBAL_ACCOUNT_RATIO,,,,,UNAVAILABLE,UNAVAILABLE,PASS,PASS,0.170219378901,0.764820639408,0.584076237319,0.594601260506,0.485396132724,0.287504692153,0.313106251867,0.565027873914,0.275819797732,0.251921622047,0.446126617639,3.05901788286,0.399055060876,2.48590819269,2.05864004991,2.08685313181,-5.52928788278,4.58585597619,-0.823892088433,2.51994977113,3.38072669826,3.34384185957,-3.33411333764,5.41310765241,-2.02980266114,1.61766949595,3.70839936609,3.64747215708,1.30275825216,3.87121960651
2026-09-12T10:00:00Z,2026-09-12T12:00:00+02:00,2026-09-13T11:00:00Z,77349.44,77400.75,77310.55,77332.94,182.37452,14108778.8259,22083,81.17442,6279631.19671,7829147.62919,0.445086798383,-0.021331764005,0.116672304103,2530.91,2536.12,2530.91,2533.42,4214.6889,10675480.3116,20270,1515.1851,3837886.62653,6837593.68508,0.359504819877,0.0991738149519,0.205854811115,0.03272,0.03276,0.03272,0.03275,0.0916870415648,0.122249388753,0.032759908003,-3.02442942742,2738998.58,27389.9858,-0.233893544169,OKX_CONTRACT_OI_HISTORY,6326596.52,632659.652,-0.0991082574889,OKX_CONTRACT_OI_HISTORY,1.67,0.625468164794,0.374531835206,OKX_GLOBAL_ACCOUNT_RATIO,1.44,0.590163934426,0.409836065574,OKX_GLOBAL_ACCOUNT_RATIO,,,,,UNAVAILABLE,UNAVAILABLE,PASS,PASS,0.0559065221214,0.547302580141,0.460122699387,0.491396058019,-0.213960469815,0.206690152419,0.237122488658,0.861138869093,0.583538083538,0.624016380435,0.631589755974,2.213193448,0.441194520299,2.89504252398,2.40775484678,2.45384800368,-5.97814600067,4.5182472124,-0.681027663771,2.80860803259,3.47551342812,3.48963569637,-3.9398126044,4.95067952359,-2.0109855536,1.85012462813,3.90228426396,3.86111018173,-0.798621492004,2.59171718101
2026-09-12T11:00:00Z,2026-09-12T13:00:00+02:00,2026-09-13T11:00:00Z,77332.94,77356.05,77292,77356.04,149.54317,11563015.9749,20940,72.45173,5602134.28703,5960881.6879,0.484487291134,0.0298708415844,0.082867567148,2533.42,2537.67,2531.03,2536.17,3180.8675,8063167.92916,16836,1404.495,3560605.44949,4502562.47967,0.441588899149,0.108548918063,0.262343788892,0.03275,0.0328,0.03274,0.03279,0.12213740458,0.183262064753,0.0327856751716,1.31912135227,2745211.46,27452.1146,0.226830347608,OKX_CONTRACT_OI_HISTORY,6336822.46,633682.246,0.161634141954,OKX_CONTRACT_OI_HISTORY,1.67,0.625468164794,0.374531835206,OKX_GLOBAL_ACCOUNT_RATIO,1.44,0.590163934426,0.409836065574,OKX_GLOBAL_ACCOUNT_RATIO,,,,,PRICE_UP_OI_UP,PRICE_UP_OI_UP,PASS,PASS,0.111932837709,0.474607695934,0.428790199081,0.362674858225,0.0440305599345,-0.0723429014294,0.168778010429,0.784444629892,0.644567219153,0.615666619463,1.23364772915,1.81663773533,0.415285712728,3.16889519866,2.72556390977,2.75360948593,-5.37681525121,5.74986343584,-0.622758245033,3.00380552431,3.66740436295,3.62656376934,-3.1346750795,4.9395365566,-2.48183574483,1.406237505,3.99619410086,3.88807324983,0.037691444365,3.52107046315
2026-09-12T12:00:00Z,2026-09-12T14:00:00+02:00,2026-09-13T11:00:00Z,77356.05,77360.77,77290,77340,340.29238,26313823.6978,26118,165.29286,12781233.2315,13532590.4663,0.485723146066,-0.0207352909999,0.091564238582,2536.17,2537.08,2532.01,2535.54,4655.1421,11800152.4939,25881,2569.8274,6514274.11617,5285878.37769,0.552049994232,-0.0248406061108,0.200236176002,0.03279,0.0328,0.03276,0.03278,-0.0304971027753,0.1221001221,0.0327843289372,-1.3204287844,2748618.09,27486.1809,0.124093537042,OKX_CONTRACT_OI_HISTORY,6342701.53,634270.153,0.0927763092166,OKX_CONTRACT_OI_HISTORY,1.67,0.625468164794,0.374531835206,OKX_GLOBAL_ACCOUNT_RATIO,1.42,0.586776859504,0.413223140496,OKX_GLOBAL_ACCOUNT_RATIO,,,,,PRICE_DOWN_OI_UP,PRICE_DOWN_OI_UP,PASS,PASS,-0.0258660773182,0.0896075033455,0.0916030534351,0.115473580664,0.230545877209,-0.00476083608536,0.0680188227245,0.986549942846,0.861538461538,0.918531120122,1.08101101337,1.62323772499,-0.888073108566,0.968453580331,1.86451211933,1.8565266889,-4.00232677046,1.2399201683,0.577390166278,4.99826075434,4.3949044586,4.42087058806,-3.9979977815,3.89793262329,-2.84668996638,0.952775311454,3.93151553583,3.79946527783,1.64762932928,3.7930857981
2026-09-12T13:00:00Z,2026-09-12T15:00:00+02:00,2026-09-13T11:00:00Z,77340.01,77397.27,77255.19,77366.52,1023.69199,79141503.2744,47193,631.49661,48819882.7318,30321620.5426,0.616868276592,0.0342901474011,0.183909974204,2535.53,2546.01,2533.56,2544.58,12674.0917,32199052.2322,61141,6757.6635,17167221.7835,15031830.4487,0.533159226542,0.35653154752,0.491403400748,0.03278,0.0329,0.03277,0.03289,0.335570469799,0.396704302716,0.0328899374044,0.0190318245075,2735760.06,27357.6006,-0.467799802627,OKX_CONTRACT_OI_HISTORY,6391145.95,639114.595,0.763782116672,OKX_CONTRACT_OI_HISTORY,1.69,0.628252788104,0.371747211896,OKX_GLOBAL_ACCOUNT_RATIO,1.42,0.586776859504,0.413223140496,OKX_GLOBAL_ACCOUNT_RATIO,,,,,PRICE_UP_OI_DOWN,PRICE_UP_OI_UP,PASS,PASS,0.0220816078306,0.540121932427,0.5195599022,0.518040324597,-0.351854368771,0.920167366946,0.121841739809,1.22806528995,1.07559926245,1.10622355014,0.463770567511,1.97079843204,-2.36746516014,-3.23392733551,-0.874020494274,-0.866462175372,-2.61888335197,1.72707296716,0.248890694898,4.48175476199,4.21419518378,4.23286406709,-6.68023360355,1.59548884364,-2.2417924332,1.6807058485,4.04935147105,3.9224982817,1.11540517203,4.47347782529
2026-09-12T14:00:00Z,2026-09-12T16:00:00+02:00,2026-09-13T16:00:00Z,77366.52,77505.67,77366,77461.24,239.68201,18558836.8855,39199,134.82574,10440618.5827,8118218.30279,0.56256858375,0.12243021917,0.180531499625,2544.57,2545.55,2539.03,2539.85,10405.7112,26450189.2992,49292,5196.069,13208245.4612,13241943.838,0.499362984203,-0.185493030257,0.256790979232,0.03289,0.0329,0.03278,0.03279,-0.304043782305,0.366076876144,0.0327886566236,0.409707659901,2743850.96,27438.5096,0.295745965383,OKX_CONTRACT_OI_HISTORY,6417817.36,641781.736,0.417318118044,OKX_CONTRACT_OI_HISTORY,1.68,0.626865671642,0.373134328358,OKX_GLOBAL_ACCOUNT_RATIO,1.39,0.581589958159,0.418410041841,OKX_GLOBAL_ACCOUNT_RATIO,,,,,UNAVAILABLE,UNAVAILABLE,PASS,PASS,0.165906016246,0.253807106599,0.12213740458,0.0879010903528,0.177158908932,1.44186277269,0.224148638857,1.00654592888,0.768285187462,0.78239729002,0.866119050299,2.109959993,-1.69707523657,-2.61049951494,-0.936555891239,-0.913424278366,-0.415495363099,-2.13082954525,0.0635947832901,3.91759747964,3.86442825467,3.85400269635,-5.982730817,3.63766978592,-1.89565314526,1.61879498598,3.56917245736,3.51444813124,0.176270159525,5.25332990841
2026-09-12T15:00:00Z,2026-09-12T17:00:00+02:00,2026-09-13T16:00:00Z,77461.25,77479.99,77376,77380.37,265.08543,20524404.0528,34885,114.30384,8850054.78921,11674349.2636,0.431196675258,-0.104400600868,0.134395678246,2539.85,2542.39,2532,2535.08,9293.9619,23579927.007,50726,4907.1531,12451942.4631,11127984.5439,0.52807383413,-0.187806366518,0.410347551343,0.03279,0.03281,0.03273,0.03276,-0.0914913083257,0.244424075771,0.0327612804126,-0.390831058588,2745601.95,27456.0195,0.0638150550276,OKX_CONTRACT_OI_HISTORY,6373610.02,637361.002,-0.688822032792,OKX_CONTRACT_OI_HISTORY,1.67,0.625468164794,0.374531835206,OKX_GLOBAL_ACCOUNT_RATIO,1.37,0.57805907173,0.42194092827,OKX_GLOBAL_ACCOUNT_RATIO,,,,,UNAVAILABLE,UNAVAILABLE,PASS,PASS,0.0314519719468,-0.042978191525,-0.0914913083257,-0.0744301634719,0.0142244051393,0.580536384477,0.145312249856,0.866991075443,0.676090964966,0.721678825587,1.07715196669,1.59318589802,-0.452682123572,-0.950996710192,-0.516246583662,-0.498314586621,0.361375263494,0.896469963443,0.168763754045,3.83118851217,3.63808921227,3.66242475812,-5.81095174353,3.49544148488,-1.54755861251,1.79981206782,3.37645945093,3.34737068033,0.346994001136,4.42952838253
2026-09-12T16:00:00Z,2026-09-12T18:00:00+02:00,2026-09-13T16:00:00Z,77380.38,77414.01,77336,77358.01,159.17816,12315551.0108,31470,57.79464,4471213.98556,7844337.02526,0.363054319018,-0.0288962174774,0.100871521672,2535.09,2536.45,2530.05,2531.78,8858.0345,22437390.4607,40629,4175.8188,10576899.2413,11860491.2194,0.471396139397,-0.130173406756,0.252959427679,0.03276,0.03277,0.03271,0.03272,-0.1221001221,0.183430143687,0.0327280911182,-2.47222428489,2741911.48,27419.1148,-0.134413875981,OKX_CONTRACT_OI_HISTORY,6386233.7,638623.37,0.198061694399,OKX_CONTRACT_OI_HISTORY,1.67,0.625468164794,0.374531835206,OKX_GLOBAL_ACCOUNT_RATIO,1.36,0.576271186441,0.423728813559,OKX_GLOBAL_ACCOUNT_RATIO,3.6786576316e-05,OKX_FUNDING_HISTORY,4.65474146334e-05,OKX_FUNDING_HISTORY,PRICE_DOWN_OI_DOWN,PRICE_DOWN_OI_UP,PASS,PASS,0.0232867856219,-0.148291882597,-0.183038438072,-0.171578668219,-0.243999340047,0.686334833731,0.175155637425,0.761347581239,0.553165334972,0.586191943813,0.233587623895,1.33864112572,-0.716143025823,-1.78448122027,-1.05836105231,-1.06833819445,-0.554008582074,-0.357334139341,0.204663185924,3.38944290626,3.1525851198,3.18477972034,-6.08494883768,3.82401912844,-1.83604065229,1.43837043448,3.31544047995,3.27441108677,0.993020703925,4.61178237097
2026-09-12T17:00:00Z,2026-09-12T19:00:00+02:00,2026-09-13T19:00:00Z,77358,77404.37,77170.57,77210.58,249.24835,19265265.6666,28274,95.23468,7363116.70957,11902148.957,0.38219647925,-0.190568525557,0.302965236618,2531.78,2534.58,2524.77,2525.91,8079.3253,20432995.8805,42847,4451.3007,11257109.6386,9175886.24197,0.550928004115,-0.231852688622,0.388550244181,0.03272,0.03275,0.03269,0.03272,0,0.183542367697,0.0327145580308,1.6634701949,2737824.85,27378.2485,-0.149043104776,OKX_CONTRACT_OI_HISTORY,6358626.57,635862.657,-0.432291257991,OKX_CONTRACT_OI_HISTORY,1.69,0.628252788104,0.371747211896,OKX_GLOBAL_ACCOUNT_RATIO,1.34,0.57264957265,0.42735042735,OKX_GLOBAL_ACCOUNT_RATIO,,,,,UNAVAILABLE,UNAVAILABLE,PASS,PASS,-0.201560054659,-0.733716369696,-0.516874429918,-0.532156315036,0.0754740896393,-0.508819236087,-0.00960915848636,0.565752279333,0.584076237319,0.575361437819,0.207407466511,0.695340018686,-0.417133128692,-1.58996696173,-1.17789187557,-1.17283383303,-1.30812125857,-0.892273949269,-0.152776355279,2.4261175631,2.57053291536,2.57889391838,-6.14744686402,5.91358712003,-1.98719127816,1.29490459653,3.34807327858,3.28209587469,0.759960140961,3.67950158834
2026-09-12T18:00:00Z,2026-09-12T20:00:00+02:00,2026-09-13T19:00:00Z,77210.58,77216.01,77125.03,77131,275.13313,21232169.2846,37442,94.47469,7290168.1626,13942001.122,0.343354843533,-0.103068776326,0.117964297712,2525.9,2528.01,2520.66,2522.38,9674.0957,24426166.7672,43076,5191.5808,13106309.0396,11319857.7276,0.536568392597,-0.13975161427,0.291590297779,0.03272,0.03274,0.03268,0.0327,-0.0611246943765,0.183598531212,0.0327025450208,-0.778233255895,2746682.21,27466.8221,0.323518138861,OKX_CONTRACT_OI_HISTORY,6387854.25,638785.425,0.45965397839,OKX_CONTRACT_OI_HISTORY,1.68,0.626865671642,0.373134328358,OKX_GLOBAL_ACCOUNT_RATIO,1.34,0.57264957265,0.42735042735,OKX_GLOBAL_ACCOUNT_RATIO,,,,,UNAVAILABLE,UNAVAILABLE,PASS,PASS,-0.426329348717,-0.687835895821,-0.274473924977,-0.261506547104,0.103185269217,-0.466873834503,-0.205370105446,0.109143009093,0.306748466258,0.314513114539,0.0659662933878,1.17694870299,0.0999299192774,-0.588026642494,-0.668286755772,-0.687956561771,-0.326721593421,2.16609408606,-0.156630249055,2.18311599399,2.37946149029,2.33974624304,-6.08005138997,7.01793706951,-1.63671426761,1.6502581173,3.28490208465,3.2869723849,1.56964934115,4.91896251706
2026-09-12T19:00:00Z,2026-09-12T21:00:00+02:00,2026-09-13T19:00:00Z,77131,77186.01,77059.75,77114.99,731.31555,56412278.3016,38482,327.5182,25262090.9659,31150187.3357,0.447811925462,-0.0207568941152,0.163846885047,2522.38,2523.07,2515.16,2519.63,7990.3178,20132279.429,41172,4281.7609,10788211.1037,9344068.32522,0.535866350445,-0.109024017,0.314492914964,0.0327,0.0327,0.03264,0.03267,-0.0917431192661,0.183823529412,0.0326736734324,-1.12427896159,2757923.91,27579.2391,0.409282878051,OKX_CONTRACT_OI_HISTORY,6367078.47,636707.847,-0.32523879204,OKX_CONTRACT_OI_HISTORY,1.68,0.626865671642,0.373134328358,OKX_GLOBAL_ACCOUNT_RATIO,1.34,0.57264957265,0.42735042735,OKX_GLOBAL_ACCOUNT_RATIO,,,,,PRICE_DOWN_OI_UP,PRICE_DOWN_OI_DOWN,PASS,PASS,-0.342955196518,-0.609448222541,-0.274725274725,-0.266493026023,0.448789016922,-0.102478030182,-0.200027048171,-0.18065201114,0.0612557427259,0.0193750370308,0.507311715074,0.404775119714,-0.221281962932,-0.782046788922,-0.547945205479,-0.56076482599,0.44086671992,2.14931608972,-0.0594083811696,2.31833797624,2.38169852711,2.37774635741,-5.71636462178,6.35997570726,-1.43152151711,2.19591237442,3.71428571429,3.62743389153,1.60216370393,5.93432622239
2026-09-12T20:00:00Z,2026-09-12T22:00:00+02:00,2026-09-13T22:00:00Z,77115,77227.71,77114.99,77170,363.19212,28030597.1339,26952,231.27442,17848713.9949,10181883.139,0.636758250624,0.0713220514815,0.146171321555,2519.62,2524.23,2519.62,2520.82,6233.9022,15723125.0864,32862,3765.9437,9498310.37783,6224814.70861,0.604098124617,0.0476262293521,0.182964097761,0.03267,0.03269,0.03266,0.03267,0,0.0918554807103,0.0326658027731,1.28489935814,2751489.86,27514.8986,-0.233293238319,OKX_CONTRACT_OI_HISTORY,6406448.8,640644.88,0.618342151514,OKX_CONTRACT_OI_HISTORY,1.7,0.62962962963,0.37037037037,OKX_GLOBAL_ACCOUNT_RATIO,1.37,0.57805907173,0.42194092827,OKX_GLOBAL_ACCOUNT_RATIO,,,,,UNAVAILABLE,UNAVAILABLE,PASS,PASS,-0.243038826878,-0.432897013169,-0.152811735941,-0.189858186291,0.349332211119,0.316541813996,-0.245617858633,-0.491459654912,-0.24427480916,-0.24584179628,0.335267255483,1.00024049963,-0.218944229282,-0.396309540273,-0.183318056829,-0.177365310991,0.494218619161,3.98914812422,-0.126934692825,2.39784871983,2.54237288136,2.52478341266,-5.80569999933,7.217972964,-1.47345509497,1.98234499276,3.5499207607,3.45580008772,2.41136343853,7.33708729136
2026-09-12T21:00:00Z,2026-09-12T23:00:00+02:00,2026-09-13T22:00:00Z,77170,77283.05,77148.5,77264.01,348.07684,26879644.8469,43482,227.59782,17574912.1027,9304732.74424,0.653837214099,0.121821951536,0.174403909344,2520.83,2529.2,2520.03,2524,3731.3585,9421815.64917,31898,1940.6558,4899290.32293,4522525.32624,0.519994288294,0.126149427567,0.36388455693,0.03267,0.03273,0.03267,0.03268,0.0306091215182,0.183654729109,0.0326672146579,3.91381458003,2743460.25,27434.6025,-0.291827715476,OKX_CONTRACT_OI_HISTORY,6390498.25,639049.825,-0.248976468836,OKX_CONTRACT_OI_HISTORY,1.7,0.62962962963,0.37037037037,OKX_GLOBAL_ACCOUNT_RATIO,1.39,0.581589958159,0.418410041841,OKX_GLOBAL_ACCOUNT_RATIO,,,,,UNAVAILABLE,UNAVAILABLE,PASS,PASS,0.0692003608832,-0.0756163125369,-0.122249388753,-0.14481667342,0.205834934985,0.501235284839,-0.110446824179,-0.273024327218,-0.122249388753,-0.16257750304,-0.0713803368092,0.909939781328,0.202313611777,0.290460883144,0.153233220962,0.0881472713676,0.374427834148,3.99679288482,0.155566213834,2.59036609803,2.50941028858,2.4347998842,-6.13499670482,7.04700752735,-1.12740389599,2.52285845428,3.77897745316,3.65026235026,2.44426254023,6.80950001409
2026-09-12T22:00:00Z,2026-09-13T00:00:00+02:00,2026-09-13T22:00:00Z,77264,77300,77193.06,77232.17,167.38368,12929102.3909,28819,88.53513,6838525.66626,6090576.72467,0.528925014242,-0.0412093547824,0.138535769925,2524,2526.19,2520.6,2523,3764.1967,9497711.98314,29472,1982.2866,5001324.68148,4496387.30166,0.526582053694,-0.0396196513471,0.221772593827,0.03268,0.03269,0.03265,0.03267,-0.030599755202,0.122511485452,0.0326677341838,0.693594530319,2747075.1,27470.751,0.131762433955,OKX_CONTRACT_OI_HISTORY,6386459.88,638645.988,-0.0631933511601,OKX_CONTRACT_OI_HISTORY,1.7,0.62962962963,0.37037037037,OKX_GLOBAL_ACCOUNT_RATIO,1.4,0.583333333333,0.416666666667,OKX_GLOBAL_ACCOUNT_RATIO,,,,,PRICE_DOWN_OI_UP,PRICE_DOWN_OI_DOWN,PASS,PASS,0.131166457067,0.0245799601963,-0.0917431192661,-0.10658649687,0.0143041666258,-0.0218284567153,-0.13030669725,-0.411301718625,-0.24427480916,-0.280995021376,0.294871273719,0.946217445838,0.106506804925,0.4462952715,0.337837837838,0.339788466574,0.928323406451,3.18035251635,0.515015985252,3.18680779361,2.67127592709,2.67179180836,-6.39519539367,8.07751603373,-0.88790291471,2.96404216506,3.87917329094,3.85194507977,3.39420340367,7.60335454323
2026-09-12T23:00:00Z,2026-09-13T01:00:00+02:00,2026-09-13T22:00:00Z,77232.17,77292.83,77232.16,77278.73,67.34168,5203129.00855,15867,25.25163,1951016.81637,3252112.19217,0.374969910062,0.0602857591597,0.078555358286,2522.99,2527.33,2522.5,2525.93,2145.3245,5417228.84077,18951,1311.0988,3310874.24117,2106354.5996,0.611174890057,0.116131589378,0.191476709613,0.03267,0.0327,0.03267,0.03269,0.0612182430364,0.0918273645546,0.0326859667595,1.23393641154,2748552.91,27485.5291,0.0537957626277,OKX_CONTRACT_OI_HISTORY,6395390,639539,0.139828953251,OKX_CONTRACT_OI_HISTORY,1.7,0.62962962963,0.37037037037,OKX_GLOBAL_ACCOUNT_RATIO,1.42,0.586776859504,0.413223140496,OKX_GLOBAL_ACCOUNT_RATIO,,,,,PRICE_UP_OI_UP,PRICE_UP_OI_UP,PASS,PASS,0.212332258618,0.250036711739,0.0612182430364,0.0377044531215,-0.33978457368,0.444654956483,-0.0999404829927,-0.403758423134,-0.304971027752,-0.303817940141,0.121719220857,0.924241453342,0.0686688498777,0.37751894549,0.337630448128,0.308850095613,1.35686853641,2.75766930768,0.927284666637,3.5951719867,2.66959798995,2.66788732006,-5.78613502372,7.99522596659,-1.31240818921,2.34185395421,3.71192893401,3.65426214342,3.44948713735,7.22327826007
2026-09-13T00:00:00Z,2026-09-13T02:00:00+02:00,2026-09-13T22:00:00Z,77278.73,77299.99,77162.36,77276.02,102.17841,7891917.99725,19986,49.00636,3785295.19727,4106622.79998,0.479641982924,-0.0035067864081,0.178364166156,2525.92,2527.24,2523.35,2525.23,1882.2226,4753282.84584,20918,1023.1352,2583748.01365,2169534.83219,0.543571274306,-0.027712565273,0.154160144253,0.03269,0.03271,0.03268,0.03269,0,0.0917992656059,0.0326780545893,3.65548405492,2746654.79,27466.5479,-0.0690588852446,OKX_CONTRACT_OI_HISTORY,6402824.2,640282.42,0.116243106363,OKX_CONTRACT_OI_HISTORY,1.67,0.625468164794,0.374531835206,OKX_GLOBAL_ACCOUNT_RATIO,1.43,0.588477366255,0.411522633745,OKX_GLOBAL_ACCOUNT_RATIO,4.970346915e-05,OKX_FUNDING_HISTORY,0.0001,OKX_FUNDING_HISTORY,PRICE_DOWN_OI_DOWN,PRICE_DOWN_OI_UP,PASS,PASS,0.137384994169,0.174943074079,0.0612182430364,0.0375580799103,-0.175725524934,-0.0565773662313,-0.0827256271011,-0.406619497227,-0.274557657108,-0.323893870126,-0.0714286210639,0.947903187871,-0.0147630733743,0.575918941201,0.584615384615,0.590682014576,1.00881024105,2.58652763501,0.477748974464,2.78491214217,2.31611893584,2.3071631677,-6.00994911348,9.09693391389,-1.15716538737,2.44299211768,3.71192893401,3.60015750504,3.04806617668,7.44851167349
2026-09-13T01:00:00Z,2026-09-13T03:00:00+02:00,2026-09-13T22:00:00Z,77276.02,77341.37,77241.51,77319.97,342.83505,26494046.2196,27487,148.16606,11449585.3492,15044460.8704,0.432156917608,0.0568740470847,0.129282816972,2525.22,2527.56,2522.49,2525.95,3880.0797,9798097.43165,30109,2246.1601,5671819.97396,4126277.45769,0.578869521713,0.0285122543293,0.200991877074,0.03269,0.03269,0.03266,0.03267,-0.0611807892322,0.0918554807103,0.0326687917753,0.369840654011,2748578.6,27485.786,0.0700419290769,OKX_CONTRACT_OI_HISTORY,6415679.1,641567.91,0.200769216809,OKX_CONTRACT_OI_HISTORY,1.68,0.626865671642,0.373134328358,OKX_GLOBAL_ACCOUNT_RATIO,1.44,0.590163934426,0.409836065574,OKX_GLOBAL_ACCOUNT_RATIO,,,,,PRICE_UP_OI_UP,PRICE_UP_OI_UP,PASS,PASS,0.0724269941464,0.0772583201268,-0.030599755202,0.00483132598033,0.186565487872,0.394035785864,-0.0601681450839,-0.732144401041,-0.66889632107,-0.671976255957,0.468554979928,0.383861520171,0.0616002848107,0.486929677648,0.39950829748,0.425329392837,0.934498567528,2.36222508903,0.452817363533,2.9147534438,2.47804265997,2.46193608027,-6.62525632477,8.69086257014,-0.99115168899,2.52543907003,3.5499207607,3.51659075902,1.69105633256,6.83731786632
2026-09-13T02:00:00Z,2026-09-13T04:00:00+02:00,2026-09-13T22:00:00Z,77319.97,77319.97,77244.78,77289.96,238.88569,18460862.9365,19715,147.25639,11378975.7074,7081887.2291,0.616383738211,-0.0388127413914,0.0973399108652,2525.95,2525.95,2521,2521.71,4506.743,11369834.6623,22101,1636.4196,4128388.07648,7241446.58586,0.363100097678,-0.16785763772,0.196350654502,0.03267,0.03267,0.03263,0.03264,-0.0918273645546,0.12258657677,0.032626617998,4.10155965595,2748117.11,27481.1711,-0.0167901329072,OKX_CONTRACT_OI_HISTORY,6413953.04,641395.304,-0.0269037770296,OKX_CONTRACT_OI_HISTORY,1.68,0.626865671642,0.373134328358,OKX_GLOBAL_ACCOUNT_RATIO,1.45,0.591836734694,0.408163265306,OKX_GLOBAL_ACCOUNT_RATIO,,,,,PRICE_DOWN_OI_DOWN,PRICE_DOWN_OI_DOWN,PASS,PASS,0.0748263320842,-0.05112960761,-0.0918273645546,-0.125955939694,0.0379316167949,0.430491391422,-0.221117038663,-0.714215406422,-0.457456541629,-0.493098367758,0.155480383672,-0.0602123710171,0.00253596936135,0.285141616359,0.307314074985,0.282605646998,1.02294607919,2.04847716504,0.587308371253,3.05691668267,2.48037676609,2.46960831142,-7.08738812715,7.83208618997,-1.36284987875,1.89303637377,3.32383665717,3.25588625252,1.63863080077,7.97018893314
2026-09-13T03:00:00Z,2026-09-13T05:00:00+02:00,2026-09-13T22:00:00Z,77289.97,77310.78,77184.01,77192.01,225.77764,17441507.1846,27159,126.53296,9775117.80698,7666389.37758,0.560451439405,-0.126730561123,0.164243863463,2521.72,2522.78,2519.08,2520.82,3449.699,8696493.83247,24807,1396.6569,3520896.47745,5175597.35502,0.404863907832,-0.0352935111492,0.146879019325,0.03262,0.03267,0.03261,0.03266,0.0612745098039,0.183992640294,0.0326564886703,1.07523186899,2752466.85,27524.6685,0.158280736442,OKX_CONTRACT_OI_HISTORY,6425749.87,642574.987,0.183924483488,OKX_CONTRACT_OI_HISTORY,1.67,0.625468164794,0.374531835206,OKX_GLOBAL_ACCOUNT_RATIO,1.46,0.593495934959,0.406504065041,OKX_GLOBAL_ACCOUNT_RATIO,,,,,PRICE_DOWN_OI_UP,PRICE_DOWN_OI_UP,PASS,PASS,-0.11221716506,-0.202301726493,-0.0917711838483,-0.0900845614333,0.142400023873,0.474714911835,-0.243420908946,-0.562506903135,-0.30525030525,-0.319085994189,0.25003260214,0.818058366238,-0.0984623794894,0.299607287659,0.368776889982,0.398069667148,1.32987779992,2.42427745479,0.390431749549,3.00538967911,2.63984915148,2.61495792956,-7.48076424612,8.90954631281,-1.450399397,1.83444358712,3.35443037975,3.28484298412,1.59369072292,8.76788468972
2026-09-13T04:00:00Z,2026-09-13T06:00:00+02:00,2026-09-13T22:00:00Z,77192,77254.03,77189.84,77210.01,190.98338,14747734.5155,21053,94.23746,7276773.0953,7470961.42016,0.49341633372,0.023318475578,0.0831586125843,2520.81,2523.3,2519.2,2520.03,2874.7856,7248352.95019,19056,1302.6432,3284215.0945,3964137.85569,0.453098119955,-0.0313390087353,0.16275007939,0.03266,0.03267,0.03263,0.03265,-0.0306184935701,0.12258657677,0.0326386436163,3.47942881632,2763259.46,27632.5946,0.392106811386,OKX_CONTRACT_OI_HISTORY,6438393.58,643839.358,0.196766295853,OKX_CONTRACT_OI_HISTORY,1.68,0.626865671642,0.373134328358,OKX_GLOBAL_ACCOUNT_RATIO,1.47,0.595141700405,0.404858299595,OKX_GLOBAL_ACCOUNT_RATIO,,,,,PRICE_UP_OI_UP,PRICE_DOWN_OI_UP,PASS,PASS,-0.08542106594,-0.205921836823,-0.122361578464,-0.120500770883,0.604541570366,0.555526419107,-0.191318261677,-0.464100356271,-0.213936430318,-0.272782094594,0.778580204201,0.81675495214,-0.0164977289724,0.293713808131,0.338045482483,0.310211537103,1.01398649509,2.16632949554,0.124490997161,2.47981944247,2.38319222327,2.35532844531,-6.78053891308,8.37475088313,-1.51784438776,1.66822663676,3.29009807023,3.18607102451,1.5425358049,8.94721742168
2026-09-13T05:00:00Z,2026-09-13T07:00:00+02:00,2026-09-13T22:00:00Z,77210,77324.46,77210,77322.01,202.84475,15674958.169,21070,161.54775,12483632.9691,3191325.19996,0.796406142489,0.145058911403,0.148245045979,2520.04,2524.05,2520.03,2522.52,4588.632,11576517.9413,19138,1593.7857,4020719.68384,7555798.25742,0.347316844688,0.0988083475197,0.159521910453,0.03264,0.03265,0.03263,0.03263,-0.0612557427259,0.0612932883849,0.0326235699253,1.97099051742,2763838.6,27638.386,0.0209585820073,OKX_CONTRACT_OI_HISTORY,6454233.59,645423.359,0.246024257498,OKX_CONTRACT_OI_HISTORY,1.67,0.625468164794,0.374531835206,OKX_GLOBAL_ACCOUNT_RATIO,1.49,0.598393574297,0.401606425703,OKX_GLOBAL_ACCOUNT_RATIO,,,,,PRICE_UP_OI_UP,PRICE_UP_OI_UP,PASS,PASS,0.00263838695229,-0.135790494665,-0.122436486073,-0.138428881618,0.555196056609,0.600941683633,0.144319599723,-0.13420905733,-0.275061124694,-0.278528657053,0.950161220138,1.50357972665,0.134696573338,0.430783931202,0.307408545958,0.296087357864,1.15953939196,2.20937473689,0.0895112491628,2.1743004812,2.09637046308,2.08478923203,-6.64365485277,7.94208696177,-1.54666524737,1.62723145041,3.25949367089,3.17389669778,1.43473423689,8.72312974525
2026-09-13T06:00:00Z,2026-09-13T08:00:00+02:00,2026-09-13T22:00:00Z,77322.01,77325.82,77058.42,77122.35,503.99784,38933227.0014,37391,266.57437,20597788.1101,18335438.8913,0.529054221716,-0.258218843509,0.347009450752,2522.52,2522.84,2509.63,2513.19,5568.658,14019550.285,27692,3053.2688,7690434.16024,6329116.12476,0.54855070269,-0.369868227011,0.526372413463,0.03263,0.03264,0.03255,0.03259,-0.12258657677,0.276497695853,0.0325870516134,0.904772420709,2758545.25,27585.4525,-0.191521675687,OKX_CONTRACT_OI_HISTORY,6431596.58,643159.658,-0.35073118573,OKX_CONTRACT_OI_HISTORY,1.67,0.625468164794,0.374531835206,OKX_GLOBAL_ACCOUNT_RATIO,1.48,0.596774193548,0.403225806452,OKX_GLOBAL_ACCOUNT_RATIO,,,,,PRICE_DOWN_OI_DOWN,PRICE_DOWN_OI_DOWN,PASS,PASS,-0.216858696783,-0.3378659719,-0.15318627451,-0.121007275117,0.3794649057,0.275080592109,-0.0112146867018,-0.364338442265,-0.336391437309,-0.353123755563,0.431904351978,0.684773451116,-0.216561760534,-0.255593083111,-0.0306748466258,-0.0390313225774,0.498155556658,1.86978158636,-0.227250352241,1.87107574695,2.09899749373,2.09832609919,-5.77020815687,6.69418122546,-1.64973963863,1.32604926823,3.03509326589,2.97578890686,1.39624622955,8.14562272868
2026-09-13T07:00:00Z,2026-09-13T09:00:00+02:00,2026-09-13T22:00:00Z,77122.35,77180,77091.88,77127.99,239.99798,18514832.5555,31419,140.3867,10830621.8579,7684210.69752,0.584970013933,0.00731305516495,0.114305164176,2513.19,2520.44,2511.92,2517.94,4831.4845,12156761.568,27737,2863.4041,7203813.70202,4952947.86598,0.592576704061,0.189002821116,0.339182776522,0.03259,0.03266,0.03257,0.03266,0.214789812826,0.276327909119,0.0326462546217,4.21039977124,2777657.43,27776.5743,0.692835471885,OKX_CONTRACT_OI_HISTORY,6440462.35,644046.235,0.137847109807,OKX_CONTRACT_OI_HISTORY,1.68,0.626865671642,0.373134328358,OKX_GLOBAL_ACCOUNT_RATIO,1.51,0.601593625498,0.398406374502,OKX_GLOBAL_ACCOUNT_RATIO,,,,,PRICE_UP_OI_UP,PRICE_UP_OI_UP,PASS,PASS,-0.0829360448057,-0.114248538174,0,-0.0313124933684,0.915200123119,0.228961293198,0.0168579416272,-0.0670733401333,-0.0306091215182,-0.0839312817605,0.715520828129,1.15255183905,-0.183202826987,-0.247604181936,0.0306278713629,-0.0644013549488,1.22646246419,1.56199220185,-0.132991155072,2.04334716639,2.22222222222,2.17633832146,-4.99364989947,6.41987687133,-1.25974242114,1.81846120252,3.15855969678,3.07820362366,-1.60783068721,7.98139656351
2026-09-13T08:00:00Z,2026-09-13T10:00:00+02:00,2026-09-13T22:00:00Z,77127.99,77182,76756,76813.71,401.89187,30909841.7238,80322,134.60811,10352189.2669,20557652.4569,0.334915634943,-0.407478530168,0.555005471885,2517.94,2519.68,2487.82,2494.29,22752.4822,56864176.5734,104740,7571.1766,18915737.0199,37948439.5535,0.332647690687,-0.939259871165,1.28063927455,0.03264,0.03266,0.03242,0.03248,-0.551132884262,0.740283775447,0.0324719376268,2.48287408441,2784129.51,27841.2951,0.233004974987,OKX_CONTRACT_OI_HISTORY,6307269.23,630726.923,-2.0680676753,OKX_CONTRACT_OI_HISTORY,1.66,0.624060150376,0.375939849624,OKX_GLOBAL_ACCOUNT_RATIO,1.5,0.6,0.4,OKX_GLOBAL_ACCOUNT_RATIO,7.17936320479e-05,OKX_FUNDING_HISTORY,0.0001,OKX_FUNDING_HISTORY,PRICE_DOWN_OI_UP,PRICE_DOWN_OI_DOWN,PASS,PASS,-0.513275415973,-1.02141641171,-0.52067381317,-0.508140995737,0.755269286222,-2.03660040926,-0.461694959181,-1.05243531867,-0.581573308846,-0.590740359485,1.18625369021,-1.54812085597,-0.706178812542,-1.53872267859,-0.824427480916,-0.832543866052,1.52549806588,-0.563365288127,-0.712493373936,0.709405988566,1.43660212367,1.4218993625,-4.65395839309,3.71568802471,-1.65956983741,0.932730127385,2.65486725664,2.59229996479,-1.57016322302,5.08755734125
2026-09-13T09:00:00Z,2026-09-13T11:00:00+02:00,2026-09-13T22:00:00Z,76813.71,76893.91,76570,76808.01,537.62115,41255495.9498,96905,215.42227,16533029.5823,24722466.3675,0.400747323519,-0.00742055031584,0.423024683296,2494.3,2497.34,2470.78,2485.18,15251.5567,37850518.7278,131883,6386.1203,15847276.1765,22003242.5513,0.418680554696,-0.365234194901,1.07496418135,0.03247,0.03249,0.03227,0.03236,-0.369458128079,0.681747753331,0.0323557399808,1.31661931932,2786860.06,27868.6006,0.0980755381598,OKX_CONTRACT_OI_HISTORY,6359323.91,635932.391,0.825312478377,OKX_CONTRACT_OI_HISTORY,1.67,0.625468164794,0.374531835206,OKX_GLOBAL_ACCOUNT_RATIO,1.53,0.604743083004,0.395256916996,OKX_GLOBAL_ACCOUNT_RATIO,,,,,PRICE_DOWN_OI_UP,PRICE_DOWN_OI_UP,PASS,PASS,-0.66475250708,-1.48026576598,-0.827459393196,-0.8155132589,0.832952401779,-1.47050271231,-0.590184226783,-1.53803486529,-0.979192166463,-0.94785063851,1.58193689885,-0.487823308613,-0.699979211226,-1.80685998317,-1.10024449878,-1.10688077194,1.50942737015,0.417677574367,-0.303717452818,0.634131329165,0.93574547723,0.937848781983,-4.10332109731,5.02268764257,-1.51810422632,0.667557823956,2.24328593997,2.18566205027,-1.87501198676,5.85339456352
2026-09-13T10:00:00Z,2026-09-13T12:00:00+02:00,2026-09-13T22:00:00Z,76808,76813.26,76628.45,76677.29,190.81512,14644019.4979,38800,86.48261,6636503.45141,8007516.04654,0.453188651677,-0.170190582987,0.241176743103,2485.18,2486.1,2468.04,2472.18,12403.6504,30702977.1075,64355,4886.7993,12098216.0567,18604761.0507,0.394040487161,-0.523100942386,0.731754752759,0.03235,0.03237,0.03223,0.03225,-0.339925834363,0.434377908781,0.0322413585561,2.68023566245,2785928.09,27859.2809,-0.033441578692,OKX_CONTRACT_OI_HISTORY,6387670.3,638767.03,0.445745340246,OKX_CONTRACT_OI_HISTORY,1.67,0.625468164794,0.374531835206,OKX_GLOBAL_ACCOUNT_RATIO,1.56,0.609375,0.390625,OKX_GLOBAL_ACCOUNT_RATIO,,,,,PRICE_DOWN_OI_DOWN,PRICE_DOWN_OI_UP,PASS,PASS,-0.577083037537,-1.63179067241,-1.04326480515,-1.05470763488,0.992655096015,-0.682976294511,-0.718457088542,-2.01426872771,-1.28558310376,-1.29581163916,1.41434029233,0.0189529101058,-0.847827588089,-2.41728572444,-1.52671755725,-1.56945813635,1.71338204929,0.965349691685,-0.41037363665,0.407775349899,0.844277673546,0.818148986549,-4.36719243184,5.52721378962,-1.52308131144,0.323430227132,1.89573459716,1.84651153858,-2.29393459705,5.9638205848
2026-09-13T11:00:00Z,2026-09-13T13:00:00+02:00,2026-09-13T22:00:00Z,76677.3,76800,76500,76792.32,265.89974,20378815.1752,62371,139.70464,10709311.2625,9669503.9127,0.525511967719,0.15001834311,0.392156862745,2472.19,2482.14,2467.5,2481.05,12836.0067,31769519.5815,82745,6916.4603,17113771.7786,14655747.8028,0.538685255682,0.358792644549,0.593313069909,0.03225,0.03233,0.03225,0.03231,0.186046511628,0.248062015504,0.0323085693986,0.442793172246,2800794.54,28007.9454,0.533626479928,OKX_CONTRACT_OI_HISTORY,6457489.96,645748.996,1.09303794217,OKX_CONTRACT_OI_HISTORY,1.68,0.626865671642,0.373134328358,OKX_GLOBAL_ACCOUNT_RATIO,1.63,0.619771863118,0.380228136882,OKX_GLOBAL_ACCOUNT_RATIO,,,,,PRICE_UP_OI_UP,PRICE_UP_OI_UP,PASS,PASS,-0.435211652735,-1.465086539,-1.07164727495,-1.02987488626,0.832972048681,0.264384900876,-0.629422869656,-1.77677132779,-1.16243499541,-1.14734845813,1.90069581015,0.971011306582,-0.728734304393,-2.17335588703,-1.46386093321,-1.44462158263,2.02472854313,1.90422724894,-0.316474921115,0.926667941276,1.22180451128,1.24314286239,-3.46095262117,7.76358115109,-1.34695429646,0.765166253082,2.14985773,2.11212054954,-1.17341519743,6.93782380662
2026-09-13T12:00:00Z,2026-09-13T14:00:00+02:00,2026-09-13T22:00:00Z,76792.31,76866.01,76690,76763.33,292.33252,22442112.9294,44862,155.47456,11935245.2187,10506867.7108,0.531823596834,-0.0377511709504,0.229508410484,2481.06,2483.31,2475,2477.56,7226.9555,17917925.9298,48664,2748.4925,6815424.22979,11102501.7,0.380369036935,-0.140666250176,0.335757575758,0.03232,0.03232,0.03226,0.03229,-0.0619003404519,0.18598884067,0.0322753064517,4.55256663815,2808507.32,28085.0732,0.275378286049,OKX_CONTRACT_OI_HISTORY,6455722.8,645572.28,-0.0273660510655,OKX_CONTRACT_OI_HISTORY,1.69,0.628252788104,0.371747211896,OKX_GLOBAL_ACCOUNT_RATIO,1.62,0.618320610687,0.381679389313,OKX_GLOBAL_ACCOUNT_RATIO,,,,,PRICE_DOWN_OI_UP,PRICE_DOWN_OI_DOWN,PASS,PASS,-0.0655872499844,-0.670731951778,-0.584975369458,-0.605144701793,0.875598994675,2.35369007706,-0.663452905571,-1.88774883872,-1.22361578464,-1.22429593315,2.25192223738,0.826176049,-0.745629687096,-2.28669238111,-1.49481391092,-1.54106269401,2.17888509931,1.78191058598,-1.62708105892,-1.34038435501,0.341827221877,0.286696703907,-1.91064777278,3.04392502302,-0.172544713308,2.59727352537,2.83439490446,2.76981823868,-1.90622446012,5.74930088332
2026-09-13T13:00:00Z,2026-09-13T15:00:00+02:00,2026-09-13T22:00:00Z,76763.33,76922.01,76560,76853.02,435.53074,33413973.3612,65630,282.32395,21661294.48,11752678.8812,0.648270537774,0.116839642053,0.472844827586,2477.56,2483.48,2462.02,2479.08,12731.4861,31475913.5309,98199,4694.413,11607808.4333,19868105.0976,0.368783845523,0.0613506837372,0.871641985037,0.03227,0.03228,0.03216,0.03225,-0.123877361412,0.373134328358,0.032257418121,-2.29966358488,2816263.6,28162.636,0.276170902058,OKX_CONTRACT_OI_HISTORY,6472582.27,647258.227,0.261155420118,OKX_CONTRACT_OI_HISTORY,1.72,0.632352941176,0.367647058824,OKX_GLOBAL_ACCOUNT_RATIO,1.63,0.619771863118,0.380228136882,OKX_GLOBAL_ACCOUNT_RATIO,,,,,PRICE_UP_OI_UP,PRICE_UP_OI_UP,PASS,PASS,0.0586006589677,-0.245455057581,-0.339925834363,-0.304055716549,1.05507773505,1.78098114836,-0.603919013419,-1.85553949999,-1.28558310376,-1.25162048657,2.46254554991,0.886939155046,-0.663723791635,-2.57409867247,-1.94588020675,-1.91037488084,2.94263890964,1.27420529334,-3.01547552224,-5.72478152737,-2.80289330922,-2.70930600512,0.246691277157,3.02328471567,-0.416485043494,1.79229129969,2.18631178707,2.20877634318,-3.93416984718,2.89002394028
2026-09-13T14:00:00Z,2026-09-13T16:00:00+02:00,2026-09-13T22:00:00Z,76853.01,77254.45,76850.56,77216.01,524.64043,40449901.4118,88386,326.41493,25164032.2298,15285869.182,0.622103672729,0.472317158129,0.525552448805,2479.08,2495.68,2478.78,2492.76,11186.4199,27849527.0067,76495,5230.9542,13022128.7494,14827398.2573,0.467588865918,0.551817609758,0.681787008125,0.03226,0.03233,0.03226,0.03229,0.124031007752,0.216986980781,0.0322829423587,2.18618278534,2830118.56,28301.1856,0.491962471127,OKX_CONTRACT_OI_HISTORY,6497036,649703.6,0.377804854074,OKX_CONTRACT_OI_HISTORY,1.72,0.632352941176,0.367647058824,OKX_GLOBAL_ACCOUNT_RATIO,1.66,0.624060150376,0.375939849624,OKX_GLOBAL_ACCOUNT_RATIO,,,,,PRICE_UP_OI_UP,PRICE_UP_OI_UP,PASS,PASS,0.702580907593,0.832463655559,0.124031007752,0.129882747966,1.58620282263,1.71213752219,-0.0956786625326,-1.14803050311,-1.07230392157,-1.05235184058,2.983913957,1.29534718265,-0.316584139371,-1.85404649881,-1.52485513876,-1.53746235944,3.14403374154,1.23435485238,-2.00828670491,-4.41614613889,-2.44712990937,-2.40785943398,2.71547506403,-0.922776690759,-0.253190687078,1.99091690193,2.28064618309,2.24410758901,-3.02679615101,4.91692639181
2026-09-13T15:00:00Z,2026-09-13T17:00:00+02:00,2026-09-13T22:00:00Z,77216.01,77216.01,77011.33,77134.83,235.97054,18195507.248,55544,122.62764,9455498.82262,8740008.42538,0.519661183046,-0.105133637441,0.265779074326,2492.76,2492.85,2482.86,2491.1,12711.2703,31636038.7328,71381,7220.8143,17971595.3042,13664443.4285,0.568073501745,-0.066592852902,0.402358570358,0.03228,0.0323,0.03224,0.03229,0,0.186104218362,0.0322953975526,-1.67130705311,2826604.15,28266.0415,-0.12417889659,OKX_CONTRACT_OI_HISTORY,6452529.86,645252.986,-0.685022216284,OKX_CONTRACT_OI_HISTORY,1.69,0.628252788104,0.371747211896,OKX_GLOBAL_ACCOUNT_RATIO,1.61,0.616858237548,0.383141762452,OKX_GLOBAL_ACCOUNT_RATIO,,,,,PRICE_DOWN_OI_DOWN,PRICE_DOWN_OI_DOWN,PASS,PASS,0.446021164616,0.405070433889,-0.0619003404519,-0.0409507307276,0.921510294004,-0.0768115789684,-0.074075024086,-1.17898144255,-1.13288426209,-1.10490641846,2.6934856636,0.416760542221,-0.317315618935,-1.73485649368,-1.43467643468,-1.41754087475,2.95025285803,1.23822825294,-0.768561311425,-2.66935477569,-1.94351655026,-1.90079346427,3.32228960556,2.14579856075,-0.149087378641,2.0298663958,2.151217969,2.17895377444,-3.0321366554,4.77695128185
2026-09-13T16:00:00Z,2026-09-13T18:00:00+02:00,2026-09-13T22:00:00Z,77134.82,77359,77125.66,77276.14,296.31166,22893038.2625,68693,168.85075,13047931.7613,9845106.50122,0.569951948347,0.183198692471,0.302545222952,2491.1,2505.97,2490.8,2504.59,17908.0152,44792250.2776,101962,7848.2764,19627082.8042,25165167.4734,0.438180325448,0.541527839107,0.609041271881,0.0323,0.03243,0.0323,0.03241,0.371632084237,0.402476780186,0.0324109097582,-0.280695043899,2802326.71,28023.2671,-0.85889069398,OKX_CONTRACT_OI_HISTORY,6417937.75,641793.775,-0.536101509804,OKX_CONTRACT_OI_HISTORY,1.71,0.630996309963,0.369003690037,OKX_GLOBAL_ACCOUNT_RATIO,1.61,0.616858237548,0.383141762452,OKX_GLOBAL_ACCOUNT_RATIO,6.77157829221e-05,OKX_FUNDING_HISTORY,-2.2404421942e-06,OKX_FUNDING_HISTORY,PRICE_UP_OI_DOWN,PRICE_UP_OI_DOWN,PASS,PASS,0.668040326025,1.09099275093,0.371632084237,0.422952424907,-0.220067434255,-0.585295421916,0.0856495161702,-0.612691118757,-0.735068912711,-0.698340634927,1.41381041359,-0.317716364274,-0.105832608672,-1.07394797336,-0.947432762836,-0.96811536469,2.2033982658,0.496443623728,-0.821217721649,-2.83926479374,-1.99576655579,-2.01804707209,1.63718266823,0.137335521836,0.0986139768635,2.2790940795,2.17528373266,2.18048010264,-4.01562622905,4.3394468513
2026-09-13T17:00:00Z,2026-09-13T19:00:00+02:00,2026-09-13T22:00:00Z,77276.14,77413.52,77249.35,77328.94,135.4972,10478802.689,45449,55.98085,4328977.66009,6149825.02891,0.413117584954,0.0683263941496,0.212519587543,2504.6,2513.06,2503.01,2504.89,12252.8696,30714311.7028,54752,5084.8286,12745199.7791,17969111.9237,0.414959641695,0.0119780083766,0.401516574045,0.03241,0.03245,0.03238,0.03239,-0.0617093489664,0.216182828907,0.0323926592037,-0.820927865094,2806091.78,28060.9178,0.134355140911,OKX_CONTRACT_OI_HISTORY,6493178.31,649317.831,1.17234792438,OKX_CONTRACT_OI_HISTORY,1.7,0.62962962963,0.37037037037,OKX_GLOBAL_ACCOUNT_RATIO,1.57,0.610894941634,0.389105058366,OKX_GLOBAL_ACCOUNT_RATIO,,,,,PRICE_UP_OI_UP,PRICE_UP_OI_UP,PASS,PASS,0.619259984839,1.04111202543,0.434108527132,0.42185204059,-0.361181389413,0.318204375639,0.00896251921025,-0.698904270333,-0.735519460619,-0.707866789543,1.52878608758,0.603398055818,0.153295053605,-0.83217533483,-1.00855745721,-0.985470388435,2.49347324026,2.11605035331,-0.26447751954,-2.40891098367,-2.17456961643,-2.14443346413,1.15273432816,1.20489543798,0.000284499730507,1.57375267631,1.53605015674,1.57346817658,-3.80725856627,8.15477195449
2026-09-13T18:00:00Z,2026-09-13T20:00:00+02:00,2026-09-13T22:00:00Z,77328.94,77383.4,77312.12,77338.87,110.16764,8521590.67917,27578,54.48177,4213962.27491,4307628.40426,0.494504187488,0.012841246757,0.0921977045772,2504.89,2509.64,2504.37,2509.49,7656.8326,19197985.5932,27151,3445.742,8638925.07899,10559060.5142,0.449991226269,0.183640798598,0.210432164576,0.0324,0.03245,0.03239,0.03244,0.154368632294,0.185242358753,0.0324479786167,-2.45889483521,2805865.48,28058.6548,-0.00806459723138,OKX_CONTRACT_OI_HISTORY,6500061.9,650006.19,0.106012643907,OKX_CONTRACT_OI_HISTORY,1.7,0.62962962963,0.37037037037,OKX_GLOBAL_ACCOUNT_RATIO,1.57,0.610894941634,0.389105058366,OKX_GLOBAL_ACCOUNT_RATIO,,,,,PRICE_UP_OI_DOWN,PRICE_UP_OI_UP,PASS,PASS,0.159112080513,0.671143631958,0.464540105296,0.512031551445,-0.856963391668,0.0465735452289,0.280748706439,-0.147223250132,-0.460263884627,-0.427971956571,1.71540524847,1.0645151503,0.269502534649,-0.511025301501,-0.795107033639,-0.78052783615,2.15471851037,1.75657811854,0.369701767592,-1.09604697907,-1.45808019441,-1.46574874666,1.8209569863,3.96072133934,0.112450163103,1.6609344174,1.56543519098,1.54848425429,-4.05634087234,8.89779073499
2026-09-13T19:00:00Z,2026-09-13T21:00:00+02:00,2026-09-13T22:00:00Z,77338.87,77409.04,77223.16,77284,148.98479,11514716.4292,30916,58.66558,4534268.86355,6980447.56563,0.39378033245,-0.0709475067324,0.240704990575,2509.48,2515.36,2503.19,2506.02,10191.9282,25571984.2972,39917,4413.7473,11074277.2724,14497707.0248,0.433062884121,-0.138275107691,0.486179634786,0.03245,0.03249,0.03241,0.03243,-0.0308261405672,0.246837395865,0.0324261166606,1.19759618838,2803879.49,28038.7949,-0.070779943449,OKX_CONTRACT_OI_HISTORY,6441264.99,644126.499,-0.904559231967,OKX_CONTRACT_OI_HISTORY,1.68,0.626865671642,0.373134328358,OKX_GLOBAL_ACCOUNT_RATIO,1.54,0.606299212598,0.393700787402,OKX_GLOBAL_ACCOUNT_RATIO,,,,,PRICE_DOWN_OI_DOWN,PRICE_DOWN_OI_DOWN,PASS,PASS,0.193388641681,0.598932198627,0.433570764943,0.405543556946,-0.803956224291,-0.174580672146,0.202274167912,-0.473402861069,-0.704225352113,-0.675677028981,0.944035060508,0.012462459314,0.219166208801,-0.540158674091,-0.734618916437,-0.759324882892,1.66631065612,1.16515793467,-0.00260072942049,-1.31798116945,-1.27853881279,-1.31538044003,2.11452358517,3.33951695135,0.159627624534,1.76565659847,1.62958320276,1.60602897394,-4.14530635849,7.59923740353
2026-09-13T20:00:00Z,2026-09-13T22:00:00+02:00,2026-09-13T22:00:00Z,77284.01,77368,77262,77348.01,103.43597,7997943.78244,25107,53.21401,4114540.75784,3883403.0246,0.514449822325,0.0828243879716,0.137195516554,2506.03,2515.2,2506.03,2512.85,2791.5752,7008200.06626,18342,1461.7728,3670056.23318,3338143.83309,0.523680288587,0.272543714735,0.365917407214,0.03243,0.03251,0.03243,0.03249,0.185013876041,0.246685168054,0.0324875843606,0.743557713352,2794718.84,27947.1884,-0.326713399512,OKX_CONTRACT_OI_HISTORY,6456397.58,645639.758,0.234931958606,OKX_CONTRACT_OI_HISTORY,1.68,0.626865671642,0.373134328358,OKX_GLOBAL_ACCOUNT_RATIO,1.53,0.604743083004,0.395256916996,OKX_GLOBAL_ACCOUNT_RATIO,,,,,PRICE_UP_OI_DOWN,PRICE_UP_OI_UP,PASS,PASS,0.0930041277942,0.329794497303,0.246837395865,0.236790369509,-0.271484048339,0.599255267005,0.695578953288,0.744099523311,0.0307881773399,0.0485205700228,0.380346171468,2.36438852635,0.230672541143,-0.316166961544,-0.550964187328,-0.546839502687,1.57111173217,0.779664078483,0.011223267644,-0.711223501986,-0.733272227314,-0.72244676963,2.07309507804,4.79991415766,0.103445044836,2.07410055285,1.97740112994,1.97065550801,-4.32580230098,8.05391298488
2026-09-13T21:00:00Z,2026-09-13T23:00:00+02:00,2026-09-13T22:00:00Z,77348.01,77450,77314,77316,161.40092,12488701.7514,35646,77.90324,6027843.05113,6460858.7003,0.482663704451,-0.0413843872648,0.175906045477,2512.86,2516.58,2508.63,2508.96,3116.5087,7831648.57812,22080,1612.9203,4053342.5245,3778306.05363,0.517559295985,-0.154804305868,0.316906040349,0.03249,0.03251,0.03244,0.03245,-0.123114804555,0.21578298397,0.0324507217135,-0.222402907978,2782597.27,27825.9727,-0.433731287259,OKX_CONTRACT_OI_HISTORY,6473266.45,647326.645,0.261273717905,OKX_CONTRACT_OI_HISTORY,1.69,0.628252788104,0.371747211896,OKX_GLOBAL_ACCOUNT_RATIO,1.51,0.601593625498,0.398406374502,OKX_GLOBAL_ACCOUNT_RATIO,,,,,PRICE_DOWN_OI_DOWN,PRICE_DOWN_OI_UP,PASS,PASS,-0.0167337092685,0.162482184846,0.185242358753,0.179215894115,-0.83726805258,-0.306658142582,0.661376333015,0.956872339227,0.278121137206,0.295496006212,-0.152960317641,1.79173983921,0.0672887674352,-0.59587955626,-0.703794369645,-0.663168323695,1.4265568455,1.29517600603,0.269738513547,-0.307149470137,-0.551639595464,-0.576887983685,1.80632610555,5.34373439331,0.222959659857,1.97905107976,1.78795483061,1.7560914199,-4.79595907479,8.43345468402
